run_state,reporter_slug,method_id,reference_state,reference_method_id,reference_tier,tier,transition,exact_tier_changed,proxy_status_changed,reliability_pass,changed_gate_flags,n_changed_gate_flags,delta_recoverability_r,delta_magnitude_spearman,delta_variance_ratio,delta_top5pct_recall,delta_reliability
checkpoint_average,stress_granule_g3bp1,ridge,checkpoint_average,coherent_median_ensemble,quantitative_proxy,quantitative_proxy,unchanged,False,False,True,,0,-0.009857415885347165,-0.012617508617508544,-9.524422825979428e-07,0.0,0.0
checkpoint_average,lysosome_lysotracker_live-cell_dye,ridge,checkpoint_average,coherent_median_ensemble,quantitative_proxy,quantitative_proxy,unchanged,False,False,True,,0,-0.005343784060466983,-0.001522057522057585,0.03190252228467716,0.0,0.0
checkpoint_average,er_golgi_cop-ii_sec23a,ridge,checkpoint_average,coherent_median_ensemble,quantitative_proxy,quantitative_proxy,unchanged,False,False,True,,0,-0.007334876822747249,0.001430305430305645,0.19517765208818194,0.0,0.0
checkpoint_average,early_endosome_eea1,ridge,checkpoint_average,coherent_median_ensemble,quantitative_proxy,quantitative_proxy,unchanged,False,False,True,,0,-0.008191105127761,-0.0010752010752008712,0.032101666791097605,0.020000000000000018,0.0
checkpoint_average,lipid_droplet_bodipy_live_cell_dye,ridge,checkpoint_average,coherent_median_ensemble,quantitative_proxy,quantitative_proxy,unchanged,False,False,True,,0,-0.010934208789665556,-0.007094023094023072,0.005890338144679874,-0.020000000000000018,0.0
checkpoint_average,late_endosome_rab7a,ridge,checkpoint_average,coherent_median_ensemble,quantitative_proxy,quantitative_proxy,unchanged,False,False,True,,0,-0.01494606460410719,-0.008650220650220808,0.03984591811896987,-0.039999999999999925,0.0
checkpoint_average,actin_filament_fastact_spy555_live_cell_dye,ridge,checkpoint_average,coherent_median_ensemble,quantitative_proxy,quantitative_proxy,unchanged,False,False,True,,0,-0.01480646258467,-0.009391833391833582,0.05112487023693768,-0.039999999999999925,0.0
checkpoint_average,plasma_membrane_slc3a2,ridge,checkpoint_average,coherent_median_ensemble,quantitative_proxy,quantitative_proxy,unchanged,False,False,True,,0,-0.0059664622431035985,-0.0048981648981651915,0.020449520093819507,-0.020000000000000018,0.0
checkpoint_average,clathrin_vesicles_clta,ridge,checkpoint_average,coherent_median_ensemble,quantitative_proxy,quantitative_proxy,unchanged,False,False,True,,0,-0.012108536956406457,-0.009031461031460797,0.061000746922501126,-0.020000000000000018,0.0
checkpoint_average,autophagosome_map1lc3b,ridge,checkpoint_average,coherent_median_ensemble,quantitative_proxy,quantitative_proxy,unchanged,False,False,True,,0,-0.028681145606196168,-0.004405468405468405,0.20737079173359774,0.020000000000000018,0.0
checkpoint_average,fe2+_ferhonox_live-cell_dye,ridge,checkpoint_average,coherent_median_ensemble,quantitative_proxy,quantitative_proxy,unchanged,False,False,True,,0,-0.016339550788830648,-0.009965097965098035,0.06654004631374899,0.0,0.0
checkpoint_average,recycling_endosome_tfrc,ridge,checkpoint_average,coherent_median_ensemble,quantitative_proxy,quantitative_proxy,unchanged,False,False,True,,0,-0.02073510981927673,-0.012011976011976011,0.01711716366943583,-0.040000000000000036,0.0
checkpoint_average,er_golgi_cope,ridge,checkpoint_average,coherent_median_ensemble,quantitative_proxy,quantitative_proxy,unchanged,False,False,True,,0,-0.018093616450594707,-0.003941943941943804,0.06169903333669846,0.039999999999999925,0.0
checkpoint_average,chaperones_hspa1b,ridge,checkpoint_average,coherent_median_ensemble,quantitative_proxy,quantitative_proxy,unchanged,False,False,True,,0,-0.014548680447411422,-0.010212718212718186,0.07439545372468048,-0.020000000000000018,0.0
checkpoint_average,nucleolus-gc_npm3,ridge,checkpoint_average,coherent_median_ensemble,quantitative_proxy,quantitative_proxy,unchanged,False,False,True,,0,-0.007096548004424386,-0.015203091203091157,0.04171749249269552,0.020000000000000018,0.0
checkpoint_average,nuclei_nucleolive_live_cell_dye,ridge,checkpoint_average,coherent_median_ensemble,quantitative_proxy,ranking_proxy,Q_to_R,True,False,True,recovery;measurement_recovery,2,-0.2733630939390811,-0.06938512538512542,-0.1692810526806039,-0.07999999999999996,0.0
checkpoint_average,endosome_vps35,ridge,checkpoint_average,coherent_median_ensemble,quantitative_proxy,quantitative_proxy,unchanged,False,False,True,,0,-0.03432001204703661,-0.03793630993631003,0.09139171584733086,0.0,0.0
checkpoint_average,er_sec61b,ridge,checkpoint_average,coherent_median_ensemble,quantitative_proxy,quantitative_proxy,unchanged,False,False,True,,0,-0.012212145254775542,-0.0009121449121449743,0.15619403409187915,0.020000000000000018,0.0
checkpoint_average,er_golgi_bridge_vapa,ridge,checkpoint_average,coherent_median_ensemble,quantitative_proxy,quantitative_proxy,unchanged,False,False,True,,0,-0.010760590132595005,-0.00029762429762436593,0.06040479993481407,0.020000000000000018,0.0
checkpoint_average,mitochondria_chromalive_561_excitation,ridge,checkpoint_average,coherent_median_ensemble,quantitative_proxy,quantitative_proxy,unchanged,False,False,True,,0,-0.027200151518844473,-0.0067591867591864085,0.03162379458347486,-0.020000000000000018,0.0
checkpoint_average,peroxisome_peroxi_spy650_live_cell_dye,ridge,checkpoint_average,coherent_median_ensemble,quantitative_proxy,quantitative_proxy,unchanged,False,False,True,,0,-0.03837317837837195,-0.022212322212322277,0.07869740293346694,0.020000000000000018,0.0
checkpoint_average,chromalive_488_excitation,ridge,checkpoint_average,coherent_median_ensemble,quantitative_proxy,quantitative_proxy,unchanged,False,False,True,,0,-0.06569291413259815,-0.03873795873795871,-0.004074533844035555,-0.020000000000000018,0.0
checkpoint_average,chromatin_h2bc21,ridge,checkpoint_average,coherent_median_ensemble,quantitative_proxy,quantitative_proxy,unchanged,False,False,True,,0,-0.04265202209317487,-0.012698556698556573,0.01487456059332315,-0.040000000000000036,0.0
checkpoint_average,plasma_membrane_atp1b3,ridge,checkpoint_average,coherent_median_ensemble,quantitative_proxy,quantitative_proxy,unchanged,False,False,True,,0,-0.004048297690737668,0.0037037677037677907,0.05698975657893479,0.039999999999999925,0.0
checkpoint_average,endocytic_vesicle_ph_phrodo-dextran_live_cell_dye,ridge,checkpoint_average,coherent_median_ensemble,quantitative_proxy,quantitative_proxy,unchanged,False,False,True,,0,-0.035911817201404794,-0.017555741555741466,0.09421541142170053,-0.020000000000000018,0.0
checkpoint_average,5xupre,ridge,checkpoint_average,coherent_median_ensemble,quantitative_proxy,quantitative_proxy,unchanged,False,False,True,,0,-0.011790940069641542,0.000701844701844645,0.11497048217489625,-0.020000000000000018,0.0
checkpoint_average,f-actin_phalloidin,ridge,checkpoint_average,coherent_median_ensemble,quantitative_proxy,quantitative_proxy,unchanged,False,False,True,,0,-0.016881402997676154,-0.02594055794055794,-0.00248233699380207,0.0,0.0
checkpoint_average,mitochondria_tomm70a,ridge,checkpoint_average,coherent_median_ensemble,quantitative_proxy,quantitative_proxy,unchanged,False,False,True,,0,-0.02107083789324904,-0.012082956082956064,0.05064080022584383,0.0,0.0
checkpoint_average,lysosome_lamp1,ridge,checkpoint_average,coherent_median_ensemble,quantitative_proxy,quantitative_proxy,unchanged,False,False,True,,0,-0.009653449662827218,-0.012458100458100474,0.18349045327053204,0.0,0.0
checkpoint_average,autophagosome_atg101,ridge,checkpoint_average,coherent_median_ensemble,quantitative_proxy,quantitative_proxy,unchanged,False,False,True,,0,-0.003749632832337313,0.005960189960189877,0.17686547946819198,0.039999999999999925,0.0
checkpoint_average,nuclear_speckles_srrm2,ridge,checkpoint_average,coherent_median_ensemble,ranking_proxy,quantitative_proxy,R_to_Q,True,False,True,variance_lower,1,-0.03785978615186225,-0.03678720078720088,0.0066192926695929355,-0.07999999999999996,0.0
checkpoint_average,proteasome_psmb7,ridge,checkpoint_average,coherent_median_ensemble,ranking_proxy,ranking_proxy,unchanged,False,False,True,measurement_recovery,1,-0.032521059459028834,-0.043297003297003256,0.04792477504495807,0.0,0.0
checkpoint_average,oxidative_stress_cellrox_live-cell_dye,ridge,checkpoint_average,coherent_median_ensemble,ranking_proxy,ranking_proxy,unchanged,False,False,True,,0,-0.044462665107916854,-0.018412830412830483,0.08838670147783834,-0.019999999999999907,0.0
checkpoint_average,er_ncln,ridge,checkpoint_average,coherent_median_ensemble,ranking_proxy,ranking_proxy,unchanged,False,False,True,,0,-0.009001194179434124,-0.0031284031284031233,0.07713413932270341,-0.019999999999999907,0.0
checkpoint_average,trans-golgi_vamp3,ridge,checkpoint_average,coherent_median_ensemble,ranking_proxy,ranking_proxy,unchanged,False,False,True,,0,-0.02685246287125953,-0.015508875508875475,0.17828683859364503,0.020000000000000018,0.0
checkpoint_average,p21,ridge,checkpoint_average,coherent_median_ensemble,ranking_proxy,ranking_proxy,unchanged,False,False,True,measurement_recovery,1,-0.023244701181467597,-0.010829242829242691,0.003333653698248479,0.0,0.0
checkpoint_average,mitochondria_tomm20,ridge,checkpoint_average,coherent_median_ensemble,ranking_proxy,ranking_proxy,unchanged,False,False,True,,0,-0.01546138281020637,-0.003398643398643375,0.0193213190536195,0.040000000000000036,0.0
checkpoint_average,p53,ridge,checkpoint_average,coherent_median_ensemble,measurement_required,measurement_required,unchanged,False,False,True,,0,-0.01853929969587742,-0.008872544872544852,0.031515456158769495,0.06,0.0
checkpoint_average,caspase_activity_cellevent-caspase_live-cell_dye,ridge,checkpoint_average,coherent_median_ensemble,measurement_required,measurement_required,unchanged,False,False,True,variance_lower,1,-0.020733599051076412,-0.00108747708747714,0.1462389887398095,-0.019999999999999962,0.0
checkpoint_average,ps6,ridge,checkpoint_average,coherent_median_ensemble,measurement_required,measurement_required,unchanged,False,False,True,,0,-0.08275287793151298,-0.055792879792879835,0.004259648227735294,0.0,0.0
checkpoint_average,prb,ridge,checkpoint_average,coherent_median_ensemble,not_identifiable,not_identifiable,unchanged,False,False,False,rank;quantitative_hit;ranking_hit,3,-0.10328481476199608,-0.42614681414681416,0.1754829842356327,-0.45999999999999996,0.0
checkpoint_average,nuclei_hoechst,ridge,checkpoint_average,coherent_median_ensemble,not_identifiable,not_identifiable,unchanged,False,False,False,,0,-0.028831707770209825,-0.02371084771084775,-0.0018529484725157142,-0.020000000000000018,0.0
checkpoint_average,nucleoli_npm1,ridge,checkpoint_average,coherent_median_ensemble,not_identifiable,not_identifiable,unchanged,False,False,False,,0,-0.03527100611165934,-0.07569372369372368,-0.0920648459475884,-0.12,0.0
checkpoint_average,b-catenin,ridge,checkpoint_average,coherent_median_ensemble,not_identifiable,not_identifiable,unchanged,False,False,False,variance_lower,1,-0.08436273571688696,-0.046654894654894696,0.03604915479775417,0.0,0.0
checkpoint_average,c-myc,ridge,checkpoint_average,coherent_median_ensemble,not_identifiable,not_identifiable,unchanged,False,False,False,,0,-0.03770090854655117,-0.0028948108948109175,0.06943228341933438,0.020000000000000018,0.0
checkpoint_average,er_cona,ridge,checkpoint_average,coherent_median_ensemble,not_identifiable,not_identifiable,unchanged,False,False,False,recovery,1,-0.01919531673851471,-0.016782088782088755,0.02961992928894519,0.019999999999999907,0.0
checkpoint_average,microtubules_tubulin,ridge,checkpoint_average,coherent_median_ensemble,not_identifiable,not_identifiable,unchanged,False,False,False,,0,-0.02273201661441815,-0.021660201660201772,0.017711738126695686,0.0,0.0
checkpoint_average,nucleolus-dfc_fbl,ridge,checkpoint_average,coherent_median_ensemble,not_identifiable,not_identifiable,unchanged,False,False,False,,0,-0.06468524658071662,-0.04393222393222407,0.06034579380964422,0.019999999999999907,0.0
checkpoint_average,plasma_membrane_wga,ridge,checkpoint_average,coherent_median_ensemble,not_identifiable,not_identifiable,unchanged,False,False,False,quantitative_hit,1,-0.01647460965078551,-0.01808449808449808,0.0100245443746384,-0.020000000000000018,0.0
checkpoint_average,microtubules_map4,ridge,checkpoint_average,coherent_median_ensemble,unresolved,unresolved,unchanged,False,False,True,,0,-0.005798738318090857,0.009446757446757381,0.06336398981605051,0.020000000000000018,0.0
checkpoint_average,lipid_droplet_plin2,ridge,checkpoint_average,coherent_median_ensemble,unresolved,unresolved,unchanged,False,False,True,recovery;variance_lower,2,-0.06944773038872087,-0.020966936966936967,0.06341768321890145,0.0,0.0
checkpoint_average,cell_proliferation_marker_mki67,ridge,checkpoint_average,coherent_median_ensemble,unresolved,unresolved,unchanged,False,False,True,recovery,1,-0.05240840711201156,-0.021654549654549604,0.06472177796719125,-0.020000000000000018,0.0
checkpoint_average,stress_granule_g3bp1,gbdt,checkpoint_average,coherent_median_ensemble,quantitative_proxy,quantitative_proxy,unchanged,False,False,True,,0,0.0012931882774105397,0.00016573216573223526,0.006976228815286367,0.0,0.0
checkpoint_average,lysosome_lysotracker_live-cell_dye,gbdt,checkpoint_average,coherent_median_ensemble,quantitative_proxy,quantitative_proxy,unchanged,False,False,True,,0,0.0023873188775476173,0.0004667524667524292,0.022884455920952007,0.0,0.0
checkpoint_average,er_golgi_cop-ii_sec23a,gbdt,checkpoint_average,coherent_median_ensemble,quantitative_proxy,quantitative_proxy,unchanged,False,False,True,,0,0.003250280983673748,-0.0032229872229871948,0.07939786251051517,0.0,0.0
checkpoint_average,early_endosome_eea1,gbdt,checkpoint_average,coherent_median_ensemble,quantitative_proxy,quantitative_proxy,unchanged,False,False,True,,0,0.0028001033244989815,2.5800025800215565e-06,0.041168894240046994,-0.039999999999999925,0.0
checkpoint_average,lipid_droplet_bodipy_live_cell_dye,gbdt,checkpoint_average,coherent_median_ensemble,quantitative_proxy,quantitative_proxy,unchanged,False,False,True,,0,0.0016699325334064152,0.0005063645063645428,0.03485940447034164,-0.020000000000000018,0.0
checkpoint_average,late_endosome_rab7a,gbdt,checkpoint_average,coherent_median_ensemble,quantitative_proxy,quantitative_proxy,unchanged,False,False,True,,0,0.0018575448046185272,0.0011052131052129432,0.06390932629290291,0.0,0.0
checkpoint_average,actin_filament_fastact_spy555_live_cell_dye,gbdt,checkpoint_average,coherent_median_ensemble,quantitative_proxy,quantitative_proxy,unchanged,False,False,True,,0,0.003830359214200163,0.00039795639795625615,0.04550444299622425,0.0,0.0
checkpoint_average,plasma_membrane_slc3a2,gbdt,checkpoint_average,coherent_median_ensemble,quantitative_proxy,quantitative_proxy,unchanged,False,False,True,,0,-0.00019104459480923097,0.00021346821346801548,0.024825224690398495,0.0,0.0
checkpoint_average,clathrin_vesicles_clta,gbdt,checkpoint_average,coherent_median_ensemble,quantitative_proxy,quantitative_proxy,unchanged,False,False,True,,0,0.00268738756098319,0.000939336939337343,0.05494731262844721,-0.020000000000000018,0.0
checkpoint_average,autophagosome_map1lc3b,gbdt,checkpoint_average,coherent_median_ensemble,quantitative_proxy,quantitative_proxy,unchanged,False,False,True,,0,0.005287041548507454,0.0011045291045291838,0.05162588010962721,0.020000000000000018,0.0
checkpoint_average,fe2+_ferhonox_live-cell_dye,gbdt,checkpoint_average,coherent_median_ensemble,quantitative_proxy,quantitative_proxy,unchanged,False,False,True,,0,0.015473867957445764,0.015325863325863387,0.08963679631933474,0.040000000000000036,0.0
checkpoint_average,recycling_endosome_tfrc,gbdt,checkpoint_average,coherent_median_ensemble,quantitative_proxy,quantitative_proxy,unchanged,False,False,True,,0,0.007973455167451071,-0.0002689082689085742,0.03189931300675064,0.0,0.0
checkpoint_average,er_golgi_cope,gbdt,checkpoint_average,coherent_median_ensemble,quantitative_proxy,quantitative_proxy,unchanged,False,False,True,,0,-0.0013633712769802742,0.0024019944019945116,0.044935781568069766,0.020000000000000018,0.0
checkpoint_average,chaperones_hspa1b,gbdt,checkpoint_average,coherent_median_ensemble,quantitative_proxy,quantitative_proxy,unchanged,False,False,True,,0,-0.0002683291065348481,0.002965550965550956,0.05113848811829902,0.0,0.0
checkpoint_average,nucleolus-gc_npm3,gbdt,checkpoint_average,coherent_median_ensemble,quantitative_proxy,quantitative_proxy,unchanged,False,False,True,,0,0.0032227680983181184,-0.0003522123522124998,0.10962729634705237,0.020000000000000018,0.0
checkpoint_average,nuclei_nucleolive_live_cell_dye,gbdt,checkpoint_average,coherent_median_ensemble,quantitative_proxy,quantitative_proxy,unchanged,False,False,True,,0,-0.010124196004188235,-0.016732492732492776,0.042067398145057,0.020000000000000018,0.0
checkpoint_average,endosome_vps35,gbdt,checkpoint_average,coherent_median_ensemble,quantitative_proxy,quantitative_proxy,unchanged,False,False,True,,0,0.005012874226016373,0.00866637266637249,0.07109906353962347,0.0,0.0
checkpoint_average,er_sec61b,gbdt,checkpoint_average,coherent_median_ensemble,quantitative_proxy,quantitative_proxy,unchanged,False,False,True,,0,-0.0012146746579638767,0.0034956394956392467,0.04312710607714276,0.0,0.0
checkpoint_average,er_golgi_bridge_vapa,gbdt,checkpoint_average,coherent_median_ensemble,quantitative_proxy,quantitative_proxy,unchanged,False,False,True,,0,0.0019868809572329837,0.006905694905694815,0.12733090913861855,0.020000000000000018,0.0
checkpoint_average,mitochondria_chromalive_561_excitation,gbdt,checkpoint_average,coherent_median_ensemble,quantitative_proxy,quantitative_proxy,unchanged,False,False,True,,0,0.007653150465666614,0.003472083472083609,0.060566716752860295,0.0,0.0
checkpoint_average,peroxisome_peroxi_spy650_live_cell_dye,gbdt,checkpoint_average,coherent_median_ensemble,quantitative_proxy,quantitative_proxy,unchanged,False,False,True,,0,0.011244798349264506,0.012850404850404784,0.05265864172186974,-0.020000000000000018,0.0
checkpoint_average,chromalive_488_excitation,gbdt,checkpoint_average,coherent_median_ensemble,quantitative_proxy,quantitative_proxy,unchanged,False,False,True,,0,-0.005900904776523053,-0.0006463086463085466,0.08214658914066741,0.020000000000000018,0.0
checkpoint_average,chromatin_h2bc21,gbdt,checkpoint_average,coherent_median_ensemble,quantitative_proxy,quantitative_proxy,unchanged,False,False,True,,0,0.008807836225657395,0.008789372789372751,0.07051451131797637,0.0,0.0
checkpoint_average,plasma_membrane_atp1b3,gbdt,checkpoint_average,coherent_median_ensemble,quantitative_proxy,quantitative_proxy,unchanged,False,False,True,,0,-0.0005432058986167831,0.004094620094620249,0.08755077970246361,0.039999999999999925,0.0
checkpoint_average,endocytic_vesicle_ph_phrodo-dextran_live_cell_dye,gbdt,checkpoint_average,coherent_median_ensemble,quantitative_proxy,quantitative_proxy,unchanged,False,False,True,,0,0.004343233897724064,0.006648474648474734,0.057500962499385744,0.0,0.0
checkpoint_average,5xupre,gbdt,checkpoint_average,coherent_median_ensemble,quantitative_proxy,quantitative_proxy,unchanged,False,False,True,,0,-0.004011278499833959,0.0006722886722885235,0.060403140599928795,-0.040000000000000036,0.0
checkpoint_average,f-actin_phalloidin,gbdt,checkpoint_average,coherent_median_ensemble,quantitative_proxy,quantitative_proxy,unchanged,False,False,True,,0,-0.005067586001447744,0.006747666747666803,0.00279579797374252,-0.020000000000000018,0.0
checkpoint_average,mitochondria_tomm70a,gbdt,checkpoint_average,coherent_median_ensemble,quantitative_proxy,quantitative_proxy,unchanged,False,False,True,,0,0.0018916545836688003,-3.9480039479955487e-05,0.08905685625852389,0.039999999999999925,0.0
checkpoint_average,lysosome_lamp1,gbdt,checkpoint_average,coherent_median_ensemble,quantitative_proxy,quantitative_proxy,unchanged,False,False,True,,0,-0.004171807628694291,0.0006513966513966851,0.09050886754764054,0.06000000000000005,0.0
checkpoint_average,autophagosome_atg101,gbdt,checkpoint_average,coherent_median_ensemble,quantitative_proxy,quantitative_proxy,unchanged,False,False,True,,0,-0.0019941170511412754,-0.0048485448485448,0.09554558388422707,0.0,0.0
checkpoint_average,nuclear_speckles_srrm2,gbdt,checkpoint_average,coherent_median_ensemble,ranking_proxy,quantitative_proxy,R_to_Q,True,False,True,variance_lower,1,0.004014776112072127,0.003643395643395664,0.05754052638153595,0.0,0.0
checkpoint_average,proteasome_psmb7,gbdt,checkpoint_average,coherent_median_ensemble,ranking_proxy,ranking_proxy,unchanged,False,False,True,,0,-0.0011980234235932086,0.008504660504660477,0.09658301341983133,0.0,0.0
checkpoint_average,oxidative_stress_cellrox_live-cell_dye,gbdt,checkpoint_average,coherent_median_ensemble,ranking_proxy,ranking_proxy,unchanged,False,False,True,,0,-0.009108817666252822,0.004186684186684109,0.03437238547147636,0.0,0.0
checkpoint_average,er_ncln,gbdt,checkpoint_average,coherent_median_ensemble,ranking_proxy,ranking_proxy,unchanged,False,False,True,quantitative_hit,1,-0.0026215150598618564,-0.004204156204156151,0.03564179566642578,0.020000000000000018,0.0
checkpoint_average,trans-golgi_vamp3,gbdt,checkpoint_average,coherent_median_ensemble,ranking_proxy,ranking_proxy,unchanged,False,False,True,,0,0.0020482909131787075,0.0012196332196332538,0.10868533387251877,0.0,0.0
checkpoint_average,p21,gbdt,checkpoint_average,coherent_median_ensemble,ranking_proxy,ranking_proxy,unchanged,False,False,True,,0,-0.01713011050328317,-0.007094563094563022,-0.01630205141649982,0.020000000000000018,0.0
checkpoint_average,mitochondria_tomm20,gbdt,checkpoint_average,coherent_median_ensemble,ranking_proxy,ranking_proxy,unchanged,False,False,True,,0,-0.007353732294256399,0.003081675081675117,0.0141033107449548,0.040000000000000036,0.0
checkpoint_average,p53,gbdt,checkpoint_average,coherent_median_ensemble,measurement_required,measurement_required,unchanged,False,False,True,,0,-0.044773117998437195,-0.024384012384012443,0.008963096780301716,-0.040000000000000036,0.0
checkpoint_average,caspase_activity_cellevent-caspase_live-cell_dye,gbdt,checkpoint_average,coherent_median_ensemble,measurement_required,measurement_required,unchanged,False,False,True,,0,-0.007300330612566519,0.012463212463212359,0.01804892952476317,-0.06,0.0
checkpoint_average,ps6,gbdt,checkpoint_average,coherent_median_ensemble,measurement_required,measurement_required,unchanged,False,False,True,,0,-0.022492634183867377,0.0011347091347091443,0.004279533829367396,0.0,0.0
checkpoint_average,prb,gbdt,checkpoint_average,coherent_median_ensemble,not_identifiable,not_identifiable,unchanged,False,False,False,rank;quantitative_hit;ranking_hit,3,-0.13983970974446747,-0.08439859239859238,0.0271253509955626,-0.25999999999999995,0.0
checkpoint_average,nuclei_hoechst,gbdt,checkpoint_average,coherent_median_ensemble,not_identifiable,not_identifiable,unchanged,False,False,False,,0,-0.006724991717019457,-0.0043775803775805144,0.020389140958323893,0.040000000000000036,0.0
checkpoint_average,nucleoli_npm1,gbdt,checkpoint_average,coherent_median_ensemble,not_identifiable,not_identifiable,unchanged,False,False,False,,0,-0.005024614610869449,0.008779520779520822,0.011484287993359044,0.020000000000000018,0.0
checkpoint_average,b-catenin,gbdt,checkpoint_average,coherent_median_ensemble,not_identifiable,not_identifiable,unchanged,False,False,False,variance_lower,1,-0.021747756354828285,-0.002476094476094537,0.05149177145707262,0.06000000000000005,0.0
checkpoint_average,c-myc,gbdt,checkpoint_average,coherent_median_ensemble,not_identifiable,not_identifiable,unchanged,False,False,False,,0,-0.025722687832863578,-0.0038598878598877784,0.040282067219664486,0.020000000000000018,0.0
checkpoint_average,er_cona,gbdt,checkpoint_average,coherent_median_ensemble,not_identifiable,not_identifiable,unchanged,False,False,False,,0,-0.006519503840398233,0.001734961734961793,0.004475957380032036,0.0,0.0
checkpoint_average,microtubules_tubulin,gbdt,checkpoint_average,coherent_median_ensemble,not_identifiable,not_identifiable,unchanged,False,False,False,,0,-0.0036386150936078554,0.0046825126825125185,0.0068155005711150185,0.0,0.0
checkpoint_average,nucleolus-dfc_fbl,gbdt,checkpoint_average,coherent_median_ensemble,not_identifiable,not_identifiable,unchanged,False,False,False,,0,0.0036707032605732826,0.0054295494295494295,0.07686199646000647,0.019999999999999907,0.0
checkpoint_average,plasma_membrane_wga,gbdt,checkpoint_average,coherent_median_ensemble,not_identifiable,not_identifiable,unchanged,False,False,False,quantitative_hit,1,-0.004523177070609008,0.006382914382914273,0.0076264592563567435,-0.020000000000000018,0.0
checkpoint_average,microtubules_map4,gbdt,checkpoint_average,coherent_median_ensemble,unresolved,unresolved,unchanged,False,False,True,,0,-0.001746069419771401,-0.0005448845448845496,-0.0037651254270032464,0.0,0.0
checkpoint_average,lipid_droplet_plin2,gbdt,checkpoint_average,coherent_median_ensemble,unresolved,unresolved,unchanged,False,False,True,,0,-0.008651076660267876,-0.00557800157800159,0.020014303333360295,-0.020000000000000018,0.0
checkpoint_average,cell_proliferation_marker_mki67,gbdt,checkpoint_average,coherent_median_ensemble,unresolved,unresolved,unchanged,False,False,True,,0,0.003200037855830451,0.00826517626517631,0.05613495024797821,0.040000000000000036,0.0
checkpoint_average,stress_granule_g3bp1,catboost_multirmse,checkpoint_average,coherent_median_ensemble,quantitative_proxy,quantitative_proxy,unchanged,False,False,True,,0,-0.005917246676069632,-0.010148350148350138,0.04722333984640925,-0.020000000000000018,0.0
checkpoint_average,lysosome_lysotracker_live-cell_dye,catboost_multirmse,checkpoint_average,coherent_median_ensemble,quantitative_proxy,quantitative_proxy,unchanged,False,False,True,,0,-0.007894436208974787,-0.0018431178431179696,0.012398065525821567,0.0,0.0
checkpoint_average,er_golgi_cop-ii_sec23a,catboost_multirmse,checkpoint_average,coherent_median_ensemble,quantitative_proxy,quantitative_proxy,unchanged,False,False,True,,0,-0.006995213709706016,-0.012630912630912428,0.05976059547235835,0.0,0.0
checkpoint_average,early_endosome_eea1,catboost_multirmse,checkpoint_average,coherent_median_ensemble,quantitative_proxy,quantitative_proxy,unchanged,False,False,True,,0,-0.001871918524677385,-0.0039863199863198195,0.07688553580628943,-0.020000000000000018,0.0
checkpoint_average,lipid_droplet_bodipy_live_cell_dye,catboost_multirmse,checkpoint_average,coherent_median_ensemble,quantitative_proxy,quantitative_proxy,unchanged,False,False,True,,0,-0.010199567559560418,-0.010339642339642463,-0.012047905136865822,-0.020000000000000018,0.0
checkpoint_average,late_endosome_rab7a,catboost_multirmse,checkpoint_average,coherent_median_ensemble,quantitative_proxy,quantitative_proxy,unchanged,False,False,True,,0,-0.00839233752913826,-0.011319551319551424,-0.019987084974922187,-0.05999999999999994,0.0
checkpoint_average,actin_filament_fastact_spy555_live_cell_dye,catboost_multirmse,checkpoint_average,coherent_median_ensemble,quantitative_proxy,quantitative_proxy,unchanged,False,False,True,,0,-0.009703723871021253,-0.007534915534915809,0.03916588425720002,0.0,0.0
checkpoint_average,plasma_membrane_slc3a2,catboost_multirmse,checkpoint_average,coherent_median_ensemble,quantitative_proxy,quantitative_proxy,unchanged,False,False,True,,0,-0.005516413252529606,-0.006470286470286801,0.026242411224524087,-0.020000000000000018,0.0
checkpoint_average,clathrin_vesicles_clta,catboost_multirmse,checkpoint_average,coherent_median_ensemble,quantitative_proxy,quantitative_proxy,unchanged,False,False,True,,0,-0.009505325811212884,-0.009665913665913406,0.04226549875054908,-0.040000000000000036,0.0
checkpoint_average,autophagosome_map1lc3b,catboost_multirmse,checkpoint_average,coherent_median_ensemble,quantitative_proxy,quantitative_proxy,unchanged,False,False,True,,0,-0.00502771620929765,-0.007737043737043758,0.00464069998839356,0.0,0.0
checkpoint_average,fe2+_ferhonox_live-cell_dye,catboost_multirmse,checkpoint_average,coherent_median_ensemble,quantitative_proxy,quantitative_proxy,unchanged,False,False,True,,0,-0.005798563776750476,-0.006327174327174445,-0.0013266997967189553,-0.040000000000000036,0.0
checkpoint_average,recycling_endosome_tfrc,catboost_multirmse,checkpoint_average,coherent_median_ensemble,quantitative_proxy,quantitative_proxy,unchanged,False,False,True,,0,-0.011357628899686056,-0.006610614610614962,0.052423866879850234,-0.06000000000000005,0.0
checkpoint_average,er_golgi_cope,catboost_multirmse,checkpoint_average,coherent_median_ensemble,quantitative_proxy,quantitative_proxy,unchanged,False,False,True,,0,-0.008981104880857904,-0.011909567909567875,0.020689349278745328,0.0,0.0
checkpoint_average,chaperones_hspa1b,catboost_multirmse,checkpoint_average,coherent_median_ensemble,quantitative_proxy,quantitative_proxy,unchanged,False,False,True,,0,-0.011231552055647076,-0.011906663906663839,0.027893008485116555,0.0,0.0
checkpoint_average,nucleolus-gc_npm3,catboost_multirmse,checkpoint_average,coherent_median_ensemble,quantitative_proxy,quantitative_proxy,unchanged,False,False,True,,0,-0.012645620845006866,-0.009628557628557632,0.054927193405411634,-0.020000000000000018,0.0
checkpoint_average,nuclei_nucleolive_live_cell_dye,catboost_multirmse,checkpoint_average,coherent_median_ensemble,quantitative_proxy,quantitative_proxy,unchanged,False,False,True,,0,-0.05998439191126004,-0.04017029217029211,-0.0225657826114819,-0.039999999999999925,0.0
checkpoint_average,endosome_vps35,catboost_multirmse,checkpoint_average,coherent_median_ensemble,quantitative_proxy,quantitative_proxy,unchanged,False,False,True,,0,-0.011953566746614186,-0.01856863856863855,0.05547954150332346,-0.039999999999999925,0.0
checkpoint_average,er_sec61b,catboost_multirmse,checkpoint_average,coherent_median_ensemble,quantitative_proxy,quantitative_proxy,unchanged,False,False,True,,0,-0.010576602206314956,-0.002355950355950487,-0.0708728090848475,0.020000000000000018,0.0
checkpoint_average,er_golgi_bridge_vapa,catboost_multirmse,checkpoint_average,coherent_median_ensemble,quantitative_proxy,quantitative_proxy,unchanged,False,False,True,,0,-0.008165615001538784,-0.0062008022008024355,0.11160712414869567,0.040000000000000036,0.0
checkpoint_average,mitochondria_chromalive_561_excitation,catboost_multirmse,checkpoint_average,coherent_median_ensemble,quantitative_proxy,quantitative_proxy,unchanged,False,False,True,,0,-0.012020413190349077,-0.008167172167171999,0.03393044975190229,-0.020000000000000018,0.0
checkpoint_average,peroxisome_peroxi_spy650_live_cell_dye,catboost_multirmse,checkpoint_average,coherent_median_ensemble,quantitative_proxy,quantitative_proxy,unchanged,False,False,True,,0,-0.0040761384277576695,-0.007302319302319393,0.05405751149757332,0.0,0.0
checkpoint_average,chromalive_488_excitation,catboost_multirmse,checkpoint_average,coherent_median_ensemble,quantitative_proxy,quantitative_proxy,unchanged,False,False,True,,0,-0.03944913264790939,-0.03320256920256914,0.013761683295725136,-0.020000000000000018,0.0
checkpoint_average,chromatin_h2bc21,catboost_multirmse,checkpoint_average,coherent_median_ensemble,quantitative_proxy,quantitative_proxy,unchanged,False,False,True,,0,-0.012176705520141162,-0.007635235635235715,0.0226855388159124,0.0,0.0
checkpoint_average,plasma_membrane_atp1b3,catboost_multirmse,checkpoint_average,coherent_median_ensemble,quantitative_proxy,quantitative_proxy,unchanged,False,False,True,,0,-0.009352352326888913,-0.002877554877554811,0.08286997359268844,0.019999999999999907,0.0
checkpoint_average,endocytic_vesicle_ph_phrodo-dextran_live_cell_dye,catboost_multirmse,checkpoint_average,coherent_median_ensemble,quantitative_proxy,quantitative_proxy,unchanged,False,False,True,,0,-0.011652536576796213,-0.010841614841614722,0.043253305861866376,0.0,0.0
checkpoint_average,5xupre,catboost_multirmse,checkpoint_average,coherent_median_ensemble,quantitative_proxy,quantitative_proxy,unchanged,False,False,True,,0,-0.00835762735273582,-0.004851616851616836,0.021297677257187453,-0.020000000000000018,0.0
checkpoint_average,f-actin_phalloidin,catboost_multirmse,checkpoint_average,coherent_median_ensemble,quantitative_proxy,quantitative_proxy,unchanged,False,False,True,,0,-0.012969144231978258,-0.013904557904557913,-0.014208037381636451,0.0,0.0
checkpoint_average,mitochondria_tomm70a,catboost_multirmse,checkpoint_average,coherent_median_ensemble,quantitative_proxy,quantitative_proxy,unchanged,False,False,True,,0,-0.011118219404624763,-0.014671766671766617,0.04070711276715211,0.019999999999999907,0.0
checkpoint_average,lysosome_lamp1,catboost_multirmse,checkpoint_average,coherent_median_ensemble,quantitative_proxy,quantitative_proxy,unchanged,False,False,True,,0,-0.016868544907573724,-0.010786834786834731,0.08966061084036736,0.020000000000000018,0.0
checkpoint_average,autophagosome_atg101,catboost_multirmse,checkpoint_average,coherent_median_ensemble,quantitative_proxy,quantitative_proxy,unchanged,False,False,True,,0,-0.009450287219284759,-0.009761049761049745,0.17891342926346843,0.019999999999999907,0.0
checkpoint_average,nuclear_speckles_srrm2,catboost_multirmse,checkpoint_average,coherent_median_ensemble,ranking_proxy,quantitative_proxy,R_to_Q,True,False,True,variance_lower,1,-0.022979566908976734,-0.026756822756822674,0.007082356813892909,-0.07999999999999996,0.0
checkpoint_average,proteasome_psmb7,catboost_multirmse,checkpoint_average,coherent_median_ensemble,ranking_proxy,ranking_proxy,unchanged,False,False,True,measurement_recovery,1,-0.017339508557315808,-0.013365121365121357,0.06791017765403351,-0.040000000000000036,0.0
checkpoint_average,oxidative_stress_cellrox_live-cell_dye,catboost_multirmse,checkpoint_average,coherent_median_ensemble,ranking_proxy,ranking_proxy,unchanged,False,False,True,,0,-0.022294267381496535,-0.015364011364011332,0.001780826368988464,-0.019999999999999907,0.0
checkpoint_average,er_ncln,catboost_multirmse,checkpoint_average,coherent_median_ensemble,ranking_proxy,ranking_proxy,unchanged,False,False,True,,0,-0.006018849247156122,-0.013484641484641346,0.05109161992424838,-0.019999999999999907,0.0
checkpoint_average,trans-golgi_vamp3,catboost_multirmse,checkpoint_average,coherent_median_ensemble,ranking_proxy,ranking_proxy,unchanged,False,False,True,,0,-0.01785968151001971,-0.010459762459762434,0.15199758599779767,0.0,0.0
checkpoint_average,p21,catboost_multirmse,checkpoint_average,coherent_median_ensemble,ranking_proxy,ranking_proxy,unchanged,False,False,True,,0,-0.007278330422283208,-0.010599310599310519,-0.01275862668851252,0.020000000000000018,0.0
checkpoint_average,mitochondria_tomm20,catboost_multirmse,checkpoint_average,coherent_median_ensemble,ranking_proxy,ranking_proxy,unchanged,False,False,True,,0,-0.012861259446634188,-0.01747852147852147,-0.02702754094750287,0.0,0.0
checkpoint_average,p53,catboost_multirmse,checkpoint_average,coherent_median_ensemble,measurement_required,measurement_required,unchanged,False,False,True,,0,-0.02131520486286964,-0.03450937050937053,-0.0043244142713491085,-0.020000000000000018,0.0
checkpoint_average,caspase_activity_cellevent-caspase_live-cell_dye,catboost_multirmse,checkpoint_average,coherent_median_ensemble,measurement_required,measurement_required,unchanged,False,False,True,variance_lower,1,-0.00487293365907282,-0.008141288141288117,0.04931026522595089,0.0,0.0
checkpoint_average,ps6,catboost_multirmse,checkpoint_average,coherent_median_ensemble,measurement_required,measurement_required,unchanged,False,False,True,,0,-0.009812294158987878,-0.01689422889422887,0.003147732021446692,0.0,0.0
checkpoint_average,prb,catboost_multirmse,checkpoint_average,coherent_median_ensemble,not_identifiable,not_identifiable,unchanged,False,False,False,rank;quantitative_hit;ranking_hit,3,-0.13324801361534727,-0.1389470109470109,0.1826821350623582,-0.21999999999999997,0.0
checkpoint_average,nuclei_hoechst,catboost_multirmse,checkpoint_average,coherent_median_ensemble,not_identifiable,not_identifiable,unchanged,False,False,False,ranking_hit,1,-0.024775153271172634,-0.02861561261561263,0.02210145419028553,-0.040000000000000036,0.0
checkpoint_average,nucleoli_npm1,catboost_multirmse,checkpoint_average,coherent_median_ensemble,not_identifiable,not_identifiable,unchanged,False,False,False,,0,-0.011715495639528006,-0.008066672066671998,-0.013250154916721268,-0.019999999999999962,0.0
checkpoint_average,b-catenin,catboost_multirmse,checkpoint_average,coherent_median_ensemble,not_identifiable,not_identifiable,unchanged,False,False,False,,0,-0.009673423144655247,-0.01287784887784893,0.00017030428467090797,0.020000000000000018,0.0
checkpoint_average,c-myc,catboost_multirmse,checkpoint_average,coherent_median_ensemble,not_identifiable,not_identifiable,unchanged,False,False,False,,0,-0.00789920444807568,-0.0157230157230156,0.006783729003479511,0.040000000000000036,0.0
checkpoint_average,er_cona,catboost_multirmse,checkpoint_average,coherent_median_ensemble,not_identifiable,not_identifiable,unchanged,False,False,False,,0,-0.010762075424896045,-0.011527331527331541,-0.005213131638841628,0.0,0.0
checkpoint_average,microtubules_tubulin,catboost_multirmse,checkpoint_average,coherent_median_ensemble,not_identifiable,not_identifiable,unchanged,False,False,False,,0,-0.009517211646840384,-0.009901185901185938,-0.014449983008111622,0.0,0.0
checkpoint_average,nucleolus-dfc_fbl,catboost_multirmse,checkpoint_average,coherent_median_ensemble,not_identifiable,not_identifiable,unchanged,False,False,False,,0,-0.021064362930979907,-0.01801584601584616,0.05066268182060063,0.0,0.0
checkpoint_average,plasma_membrane_wga,catboost_multirmse,checkpoint_average,coherent_median_ensemble,not_identifiable,not_identifiable,unchanged,False,False,False,,0,-0.011960938071054805,-0.010503622503622578,-0.003525646875236599,0.0,0.0
checkpoint_average,microtubules_map4,catboost_multirmse,checkpoint_average,coherent_median_ensemble,unresolved,unresolved,unchanged,False,False,True,,0,-0.006668888835187459,-0.006233022233022245,0.0372519766012388,0.0,0.0
checkpoint_average,lipid_droplet_plin2,catboost_multirmse,checkpoint_average,coherent_median_ensemble,unresolved,unresolved,unchanged,False,False,True,,0,-0.01469968755116191,-0.014501366501366464,0.02470148250332177,-0.020000000000000018,0.0
checkpoint_average,cell_proliferation_marker_mki67,catboost_multirmse,checkpoint_average,coherent_median_ensemble,unresolved,unresolved,unchanged,False,False,True,recovery,1,-0.012812718552156377,-0.014172734172734125,0.05046057485154176,0.0,0.0
checkpoint_average,stress_granule_g3bp1,mlp,checkpoint_average,coherent_median_ensemble,quantitative_proxy,quantitative_proxy,unchanged,False,False,True,,0,0.0013121923404939562,0.002369786369786464,-0.0231486578111626,-0.020000000000000018,0.0
checkpoint_average,lysosome_lysotracker_live-cell_dye,mlp,checkpoint_average,coherent_median_ensemble,quantitative_proxy,quantitative_proxy,unchanged,False,False,True,,0,0.003919528836369146,0.0007705927705926596,0.020194543636470552,0.019999999999999907,0.0
checkpoint_average,er_golgi_cop-ii_sec23a,mlp,checkpoint_average,coherent_median_ensemble,quantitative_proxy,quantitative_proxy,unchanged,False,False,True,,0,0.005891323625063172,0.002787146787147199,0.0848004807277204,0.0,0.0
checkpoint_average,early_endosome_eea1,mlp,checkpoint_average,coherent_median_ensemble,quantitative_proxy,quantitative_proxy,unchanged,False,False,True,,0,0.00459022151032662,0.0012341172341171491,0.019194710390506797,-0.039999999999999925,0.0
checkpoint_average,lipid_droplet_bodipy_live_cell_dye,mlp,checkpoint_average,coherent_median_ensemble,quantitative_proxy,quantitative_proxy,unchanged,False,False,True,,0,0.005274959248565025,0.004395940395940601,0.04985983998195331,-0.039999999999999925,0.0
checkpoint_average,late_endosome_rab7a,mlp,checkpoint_average,coherent_median_ensemble,quantitative_proxy,quantitative_proxy,unchanged,False,False,True,,0,0.003540992626989148,0.00096960096960097,0.08548812322838806,0.0,0.0
checkpoint_average,actin_filament_fastact_spy555_live_cell_dye,mlp,checkpoint_average,coherent_median_ensemble,quantitative_proxy,quantitative_proxy,unchanged,False,False,True,,0,0.0056957099681708145,0.000864408864408861,0.048819973623153046,-0.039999999999999925,0.0
checkpoint_average,plasma_membrane_slc3a2,mlp,checkpoint_average,coherent_median_ensemble,quantitative_proxy,quantitative_proxy,unchanged,False,False,True,,0,-0.0006877051523261901,-0.0020793380793383553,0.020852146803686078,0.0,0.0
checkpoint_average,clathrin_vesicles_clta,mlp,checkpoint_average,coherent_median_ensemble,quantitative_proxy,quantitative_proxy,unchanged,False,False,True,,0,0.0054452977930568025,0.0014486774486776044,0.034387613391091865,0.0,0.0
checkpoint_average,autophagosome_map1lc3b,mlp,checkpoint_average,coherent_median_ensemble,quantitative_proxy,quantitative_proxy,unchanged,False,False,True,,0,0.0056214458959920055,0.005653073653073659,0.04710197197418575,0.020000000000000018,0.0
checkpoint_average,fe2+_ferhonox_live-cell_dye,mlp,checkpoint_average,coherent_median_ensemble,quantitative_proxy,quantitative_proxy,unchanged,False,False,True,,0,0.000954889337332343,0.011118779118779232,0.08879092071440375,0.020000000000000018,0.0
checkpoint_average,recycling_endosome_tfrc,mlp,checkpoint_average,coherent_median_ensemble,quantitative_proxy,quantitative_proxy,unchanged,False,False,True,,0,0.0177964600265198,0.0031547911547910035,0.019325189738861992,0.019999999999999907,0.0
checkpoint_average,er_golgi_cope,mlp,checkpoint_average,coherent_median_ensemble,quantitative_proxy,quantitative_proxy,unchanged,False,False,True,,0,-0.004488050545811473,-0.001071673071672996,0.0528770825626006,0.039999999999999925,0.0
checkpoint_average,chaperones_hspa1b,mlp,checkpoint_average,coherent_median_ensemble,quantitative_proxy,quantitative_proxy,unchanged,False,False,True,,0,-0.005595542450692825,-0.009393393393393512,0.032138656300737534,0.020000000000000018,0.0
checkpoint_average,nucleolus-gc_npm3,mlp,checkpoint_average,coherent_median_ensemble,quantitative_proxy,quantitative_proxy,unchanged,False,False,True,,0,0.00464585827785291,-0.0006529566529567266,0.15027626867998656,0.020000000000000018,0.0
checkpoint_average,nuclei_nucleolive_live_cell_dye,mlp,checkpoint_average,coherent_median_ensemble,quantitative_proxy,quantitative_proxy,unchanged,False,False,True,,0,0.022216546053746677,0.017296793296793345,0.14045630674186682,0.0,0.0
checkpoint_average,endosome_vps35,mlp,checkpoint_average,coherent_median_ensemble,quantitative_proxy,quantitative_proxy,unchanged,False,False,True,,0,0.009415289671029892,0.008077580077579971,0.09290624532725045,0.040000000000000036,0.0
checkpoint_average,er_sec61b,mlp,checkpoint_average,coherent_median_ensemble,quantitative_proxy,quantitative_proxy,unchanged,False,False,True,,0,-0.0017088070120845344,-0.0022521262521262297,0.2992786256911567,0.020000000000000018,0.0
checkpoint_average,er_golgi_bridge_vapa,mlp,checkpoint_average,coherent_median_ensemble,quantitative_proxy,quantitative_proxy,unchanged,False,False,True,,0,0.009640292810703999,0.009429429429429259,0.09342629403329039,0.020000000000000018,0.0
checkpoint_average,mitochondria_chromalive_561_excitation,mlp,checkpoint_average,coherent_median_ensemble,quantitative_proxy,quantitative_proxy,unchanged,False,False,True,,0,0.014762816195687312,0.010205386205386358,0.048947251954098325,0.040000000000000036,0.0
checkpoint_average,peroxisome_peroxi_spy650_live_cell_dye,mlp,checkpoint_average,coherent_median_ensemble,quantitative_proxy,quantitative_proxy,unchanged,False,False,True,,0,0.0005439132102738053,-0.0030398070398069965,0.05049881065045858,0.0,0.0
checkpoint_average,chromalive_488_excitation,mlp,checkpoint_average,coherent_median_ensemble,quantitative_proxy,quantitative_proxy,unchanged,False,False,True,,0,-0.0022492471821879967,-0.009092025092025113,0.051621945524665036,0.0,0.0
checkpoint_average,chromatin_h2bc21,mlp,checkpoint_average,coherent_median_ensemble,quantitative_proxy,quantitative_proxy,unchanged,False,False,True,,0,0.010724294953658786,-0.0014176454176453301,0.1139891404550668,-0.05999999999999994,0.0
checkpoint_average,plasma_membrane_atp1b3,mlp,checkpoint_average,coherent_median_ensemble,quantitative_proxy,quantitative_proxy,unchanged,False,False,True,,0,0.007944090075319044,-0.0015237855237854037,0.10342336418869202,0.039999999999999925,0.0
checkpoint_average,endocytic_vesicle_ph_phrodo-dextran_live_cell_dye,mlp,checkpoint_average,coherent_median_ensemble,quantitative_proxy,quantitative_proxy,unchanged,False,False,True,,0,-0.0038242251833505714,-0.015050415050415045,0.04639395785232214,-0.040000000000000036,0.0
checkpoint_average,5xupre,mlp,checkpoint_average,coherent_median_ensemble,quantitative_proxy,quantitative_proxy,unchanged,False,False,True,,0,-0.0005935939162077242,-0.0038503718503719586,0.11730467442402004,-0.020000000000000018,0.0
checkpoint_average,f-actin_phalloidin,mlp,checkpoint_average,coherent_median_ensemble,quantitative_proxy,quantitative_proxy,unchanged,False,False,True,,0,-0.005242092757002603,-0.00931095331095333,0.07513160389079987,0.0,0.0
checkpoint_average,mitochondria_tomm70a,mlp,checkpoint_average,coherent_median_ensemble,quantitative_proxy,quantitative_proxy,unchanged,False,False,True,,0,-0.003418104572670999,-0.003033723033722957,0.06474941274815427,0.0,0.0
checkpoint_average,lysosome_lamp1,mlp,checkpoint_average,coherent_median_ensemble,quantitative_proxy,quantitative_proxy,unchanged,False,False,True,,0,-5.5710461439817394e-05,0.0024272064272063965,0.0987837529904727,0.040000000000000036,0.0
checkpoint_average,autophagosome_atg101,mlp,checkpoint_average,coherent_median_ensemble,quantitative_proxy,quantitative_proxy,unchanged,False,False,True,,0,0.0016834649254388045,0.0037785277785277183,0.18432031181395436,0.0,0.0
checkpoint_average,nuclear_speckles_srrm2,mlp,checkpoint_average,coherent_median_ensemble,ranking_proxy,quantitative_proxy,R_to_Q,True,False,True,variance_lower,1,0.012139258951937792,0.011000687000687126,0.0904363053063778,0.020000000000000018,0.0
checkpoint_average,proteasome_psmb7,mlp,checkpoint_average,coherent_median_ensemble,ranking_proxy,ranking_proxy,unchanged,False,False,True,,0,0.005560601630817064,0.013738165738165886,0.06014695673437631,0.05999999999999994,0.0
checkpoint_average,oxidative_stress_cellrox_live-cell_dye,mlp,checkpoint_average,coherent_median_ensemble,ranking_proxy,ranking_proxy,unchanged,False,False,True,,0,-0.013493733037148736,-0.0020945420945420734,-0.0007202299383596289,0.0,0.0
checkpoint_average,er_ncln,mlp,checkpoint_average,coherent_median_ensemble,ranking_proxy,ranking_proxy,unchanged,False,False,True,,0,-0.00804190191583709,-0.008978228978228864,-0.007403589442251501,-0.019999999999999907,0.0
checkpoint_average,trans-golgi_vamp3,mlp,checkpoint_average,coherent_median_ensemble,ranking_proxy,ranking_proxy,unchanged,False,False,True,,0,0.005702902562413015,0.008943812943812968,0.17601730293794104,-0.040000000000000036,0.0
checkpoint_average,p21,mlp,checkpoint_average,coherent_median_ensemble,ranking_proxy,ranking_proxy,unchanged,False,False,True,,0,-0.01446112549136025,0.003190863190863369,0.052173433845879164,-0.040000000000000036,0.0
checkpoint_average,mitochondria_tomm20,mlp,checkpoint_average,coherent_median_ensemble,ranking_proxy,ranking_proxy,unchanged,False,False,True,,0,-0.00339220399025697,0.010193170193170231,0.06443536745677542,0.0,0.0
checkpoint_average,p53,mlp,checkpoint_average,coherent_median_ensemble,measurement_required,measurement_required,unchanged,False,False,True,,0,-0.012823500273297372,-0.0020149460149460063,0.03375901591677691,0.019999999999999962,0.0
checkpoint_average,caspase_activity_cellevent-caspase_live-cell_dye,mlp,checkpoint_average,coherent_median_ensemble,measurement_required,measurement_required,unchanged,False,False,True,variance_lower,1,-0.010715468130790606,-0.0073844473844474345,0.10493613346475478,-0.09999999999999998,0.0
checkpoint_average,ps6,mlp,checkpoint_average,coherent_median_ensemble,measurement_required,measurement_required,unchanged,False,False,True,,0,-0.0018632182181099743,-0.007278835278835327,0.00494095512279899,0.0,0.0
checkpoint_average,prb,mlp,checkpoint_average,coherent_median_ensemble,not_identifiable,not_identifiable,unchanged,False,False,False,rank;quantitative_hit,2,-0.05566478935497576,-0.028321696321696344,0.005520639605977502,-0.07999999999999996,0.0
checkpoint_average,nuclei_hoechst,mlp,checkpoint_average,coherent_median_ensemble,not_identifiable,not_identifiable,unchanged,False,False,False,,0,0.0020392960058812637,0.0036078276078275184,0.0630894375222244,0.020000000000000018,0.0
checkpoint_average,nucleoli_npm1,mlp,checkpoint_average,coherent_median_ensemble,not_identifiable,not_identifiable,unchanged,False,False,False,variance_lower,1,-0.005845071586508044,-0.005542241542241477,0.04362818874512442,0.020000000000000018,0.0
checkpoint_average,b-catenin,mlp,checkpoint_average,coherent_median_ensemble,not_identifiable,not_identifiable,unchanged,False,False,False,variance_lower,1,-0.01027378754675623,-0.014142242142242245,0.0700758327583817,0.020000000000000018,0.0
checkpoint_average,c-myc,mlp,checkpoint_average,coherent_median_ensemble,not_identifiable,not_identifiable,unchanged,False,False,False,ranking_hit,1,-0.012867119495898138,-0.017166413166413097,0.041451373757196486,-0.020000000000000018,0.0
checkpoint_average,er_cona,mlp,checkpoint_average,coherent_median_ensemble,not_identifiable,not_identifiable,unchanged,False,False,False,quantitative_hit,1,-0.004984898852074204,0.003374259374259392,0.028288042299420835,0.039999999999999925,0.0
checkpoint_average,microtubules_tubulin,mlp,checkpoint_average,coherent_median_ensemble,not_identifiable,not_identifiable,unchanged,False,False,False,quantitative_hit,1,-0.0060174753272839165,-0.005614277614277685,0.054257116078519685,-0.039999999999999925,0.0
checkpoint_average,nucleolus-dfc_fbl,mlp,checkpoint_average,coherent_median_ensemble,not_identifiable,not_identifiable,unchanged,False,False,False,,0,0.0008201443431206101,-0.007502923502923586,0.10199987239793273,-0.020000000000000018,0.0
checkpoint_average,plasma_membrane_wga,mlp,checkpoint_average,coherent_median_ensemble,not_identifiable,not_identifiable,unchanged,False,False,False,quantitative_hit,1,-0.004904945001564132,-0.004224880224880323,0.020849172551846706,-0.05999999999999994,0.0
checkpoint_average,microtubules_map4,mlp,checkpoint_average,coherent_median_ensemble,unresolved,unresolved,unchanged,False,False,True,,0,0.00021545820546331473,-0.012701424701424768,0.049248428669328104,0.0,0.0
checkpoint_average,lipid_droplet_plin2,mlp,checkpoint_average,coherent_median_ensemble,unresolved,unresolved,unchanged,False,False,True,recovery,1,-0.022142139312644638,-0.014203754203754082,-0.006595735762301047,-0.06,0.0
checkpoint_average,cell_proliferation_marker_mki67,mlp,checkpoint_average,coherent_median_ensemble,unresolved,unresolved,unchanged,False,False,True,recovery,1,-0.012835666471239238,-0.011514203514203514,0.10477832016421551,0.0,0.0
checkpoint_average,stress_granule_g3bp1,tabm_specialists,checkpoint_average,coherent_median_ensemble,quantitative_proxy,quantitative_proxy,unchanged,False,False,True,,0,-0.0014556509284233687,-0.0036478716478713924,-0.006121085086095768,0.0,0.0
checkpoint_average,lysosome_lysotracker_live-cell_dye,tabm_specialists,checkpoint_average,coherent_median_ensemble,quantitative_proxy,quantitative_proxy,unchanged,False,False,True,,0,-0.06405964025530564,-0.0031865791865793858,0.10134348789015146,-0.020000000000000018,0.0
checkpoint_average,er_golgi_cop-ii_sec23a,tabm_specialists,checkpoint_average,coherent_median_ensemble,quantitative_proxy,quantitative_proxy,unchanged,False,False,True,,0,-0.014071832302399612,-0.008894384894384766,0.005214257936560163,-0.020000000000000018,0.0
checkpoint_average,early_endosome_eea1,tabm_specialists,checkpoint_average,coherent_median_ensemble,quantitative_proxy,quantitative_proxy,unchanged,False,False,True,,0,-0.012139050444472388,-0.01377985377985358,-0.012365051578271946,0.0,0.0
checkpoint_average,lipid_droplet_bodipy_live_cell_dye,tabm_specialists,checkpoint_average,coherent_median_ensemble,quantitative_proxy,quantitative_proxy,unchanged,False,False,True,,0,-0.005889317441764352,-0.0030435630435630134,0.013359122193205564,-0.020000000000000018,0.0
checkpoint_average,late_endosome_rab7a,tabm_specialists,checkpoint_average,coherent_median_ensemble,quantitative_proxy,ranking_proxy,Q_to_R,True,False,True,variance_upper,1,-0.08328294831977268,-0.012429048429048684,1.0836668159219438,0.0,0.0
checkpoint_average,actin_filament_fastact_spy555_live_cell_dye,tabm_specialists,checkpoint_average,coherent_median_ensemble,quantitative_proxy,quantitative_proxy,unchanged,False,False,True,,0,-0.008129910635879645,-0.0012371772371772005,0.04022174610695106,-0.019999999999999907,0.0
checkpoint_average,plasma_membrane_slc3a2,tabm_specialists,checkpoint_average,coherent_median_ensemble,quantitative_proxy,quantitative_proxy,unchanged,False,False,True,,0,-0.003237616923433606,-0.0002344562344566148,-0.0009603470486518884,0.0,0.0
checkpoint_average,clathrin_vesicles_clta,tabm_specialists,checkpoint_average,coherent_median_ensemble,quantitative_proxy,quantitative_proxy,unchanged,False,False,True,,0,-0.015390244842477974,-0.012559452559452011,0.024319649293053747,-0.040000000000000036,0.0
checkpoint_average,autophagosome_map1lc3b,tabm_specialists,checkpoint_average,coherent_median_ensemble,quantitative_proxy,quantitative_proxy,unchanged,False,False,True,,0,-0.046446955557046254,-0.0132802332802332,0.2843258106140517,-0.05999999999999994,0.0
checkpoint_average,fe2+_ferhonox_live-cell_dye,tabm_specialists,checkpoint_average,coherent_median_ensemble,quantitative_proxy,ranking_proxy,Q_to_R,True,False,True,recovery;variance_upper,2,-0.21004537878407525,-0.019198087198087244,1004.6806425733356,-0.05999999999999994,0.0
checkpoint_average,recycling_endosome_tfrc,tabm_specialists,checkpoint_average,coherent_median_ensemble,quantitative_proxy,quantitative_proxy,unchanged,False,False,True,,0,-0.03214807172227452,-0.0037878397878399195,0.053876230746816356,-0.040000000000000036,0.0
checkpoint_average,er_golgi_cope,tabm_specialists,checkpoint_average,coherent_median_ensemble,quantitative_proxy,quantitative_proxy,unchanged,False,False,True,,0,-0.006227669068420316,-0.004972204972204963,0.007723417406200306,0.020000000000000018,0.0
checkpoint_average,chaperones_hspa1b,tabm_specialists,checkpoint_average,coherent_median_ensemble,quantitative_proxy,quantitative_proxy,unchanged,False,False,True,,0,-0.022387374389233883,-0.007056367056367141,0.07073885743705555,-0.039999999999999925,0.0
checkpoint_average,nucleolus-gc_npm3,tabm_specialists,checkpoint_average,coherent_median_ensemble,quantitative_proxy,ranking_proxy,Q_to_R,True,False,True,recovery;variance_upper,2,-0.14333303823468257,-0.015309759309759197,2.833649860897965,-0.05999999999999994,0.0
checkpoint_average,nuclei_nucleolive_live_cell_dye,tabm_specialists,checkpoint_average,coherent_median_ensemble,quantitative_proxy,quantitative_proxy,unchanged,False,False,True,,0,-0.00783160489852186,-0.010425010425010428,0.01481701096179533,0.0,0.0
checkpoint_average,endosome_vps35,tabm_specialists,checkpoint_average,coherent_median_ensemble,quantitative_proxy,quantitative_proxy,unchanged,False,False,True,,0,-0.03494563052265076,-0.052549612549612656,0.009859546977787015,-0.05999999999999994,0.0
checkpoint_average,er_sec61b,tabm_specialists,checkpoint_average,coherent_median_ensemble,quantitative_proxy,quantitative_proxy,unchanged,False,False,True,,0,-0.009842216367759171,-0.008543768543768482,0.226164445481294,0.0,0.0
checkpoint_average,er_golgi_bridge_vapa,tabm_specialists,checkpoint_average,coherent_median_ensemble,quantitative_proxy,quantitative_proxy,unchanged,False,False,True,,0,-0.03717733633129039,-0.04225044625044638,-0.021800603571279775,-0.09999999999999998,0.0
checkpoint_average,mitochondria_chromalive_561_excitation,tabm_specialists,checkpoint_average,coherent_median_ensemble,quantitative_proxy,quantitative_proxy,unchanged,False,False,True,,0,-0.024002622544997076,-0.009299277299277264,0.0024001938799670386,0.0,0.0
checkpoint_average,peroxisome_peroxi_spy650_live_cell_dye,tabm_specialists,checkpoint_average,coherent_median_ensemble,quantitative_proxy,quantitative_proxy,unchanged,False,False,True,,0,-0.07810021921088184,-0.101921633921634,-0.029924203200546673,-0.040000000000000036,0.0
checkpoint_average,chromalive_488_excitation,tabm_specialists,checkpoint_average,coherent_median_ensemble,quantitative_proxy,quantitative_proxy,unchanged,False,False,True,,0,-0.008749328437302806,-0.009636597636597521,0.08869051169085196,0.0,0.0
checkpoint_average,chromatin_h2bc21,tabm_specialists,checkpoint_average,coherent_median_ensemble,quantitative_proxy,quantitative_proxy,unchanged,False,False,True,,0,-0.012580346767487649,-0.014397566397566397,0.014520511005600256,-0.040000000000000036,0.0
checkpoint_average,plasma_membrane_atp1b3,tabm_specialists,checkpoint_average,coherent_median_ensemble,quantitative_proxy,quantitative_proxy,unchanged,False,False,True,,0,-0.02695044413447034,-0.04150661350661344,-0.007830725447715792,-0.06000000000000005,0.0
checkpoint_average,endocytic_vesicle_ph_phrodo-dextran_live_cell_dye,tabm_specialists,checkpoint_average,coherent_median_ensemble,quantitative_proxy,quantitative_proxy,unchanged,False,False,True,,0,-0.007850175802614712,-0.008272556272556297,0.02644276431413739,0.0,0.0
checkpoint_average,5xupre,tabm_specialists,checkpoint_average,coherent_median_ensemble,quantitative_proxy,quantitative_proxy,unchanged,False,False,True,,0,-0.009018983835250238,-0.001643845643845676,0.10054809799535036,0.020000000000000018,0.0
checkpoint_average,f-actin_phalloidin,tabm_specialists,checkpoint_average,coherent_median_ensemble,quantitative_proxy,ranking_proxy,Q_to_R,True,False,True,quantitative_hit,1,-0.002828636009527874,-0.004815520815520835,0.008902542624737886,-0.040000000000000036,0.0
checkpoint_average,mitochondria_tomm70a,tabm_specialists,checkpoint_average,coherent_median_ensemble,quantitative_proxy,quantitative_proxy,unchanged,False,False,True,,0,-0.012016706488201412,-0.012226968226968227,0.07198893491736547,0.0,0.0
checkpoint_average,lysosome_lamp1,tabm_specialists,checkpoint_average,coherent_median_ensemble,quantitative_proxy,quantitative_proxy,unchanged,False,False,True,,0,-0.03296514189871591,-0.06533185733185731,0.16459376403169945,0.0,0.0
checkpoint_average,autophagosome_atg101,tabm_specialists,checkpoint_average,coherent_median_ensemble,quantitative_proxy,unresolved,Q_to_U,True,True,True,recovery;rank,2,-0.04838676734163294,-0.07162804762804764,-0.13200481558285448,-0.14,0.0
checkpoint_average,nuclear_speckles_srrm2,tabm_specialists,checkpoint_average,coherent_median_ensemble,ranking_proxy,quantitative_proxy,R_to_Q,True,False,True,variance_lower,1,-0.011181666555555747,-0.010037686037686067,0.03262566082288043,-0.020000000000000018,0.0
checkpoint_average,proteasome_psmb7,tabm_specialists,checkpoint_average,coherent_median_ensemble,ranking_proxy,ranking_proxy,unchanged,False,False,True,measurement_recovery,1,-0.01793209838400689,-0.024001968001967966,0.05908688465861811,-0.040000000000000036,0.0
checkpoint_average,oxidative_stress_cellrox_live-cell_dye,tabm_specialists,checkpoint_average,coherent_median_ensemble,ranking_proxy,ranking_proxy,unchanged,False,False,True,,0,-0.011977599669425243,0.002013290013289981,0.016499071580540092,0.0,0.0
checkpoint_average,er_ncln,tabm_specialists,checkpoint_average,coherent_median_ensemble,ranking_proxy,ranking_proxy,unchanged,False,False,True,quantitative_hit,1,-0.04289396265016521,-0.026957582957582882,0.052797878815281085,0.020000000000000018,0.0
checkpoint_average,trans-golgi_vamp3,tabm_specialists,checkpoint_average,coherent_median_ensemble,ranking_proxy,unresolved,R_to_U,True,True,True,rank,1,-0.0725809489145206,-0.10094128094128096,0.051521123580501316,-0.040000000000000036,0.0
checkpoint_average,p21,tabm_specialists,checkpoint_average,coherent_median_ensemble,ranking_proxy,ranking_proxy,unchanged,False,False,True,,0,-0.00702082064907561,-0.005771165771165654,0.015613879034087702,-0.040000000000000036,0.0
checkpoint_average,mitochondria_tomm20,tabm_specialists,checkpoint_average,coherent_median_ensemble,ranking_proxy,ranking_proxy,unchanged,False,False,True,,0,-0.004141829866513791,-0.00982877782877778,0.017835565101918804,0.0,0.0
checkpoint_average,p53,tabm_specialists,checkpoint_average,coherent_median_ensemble,measurement_required,measurement_required,unchanged,False,False,True,,0,-0.04915830006819222,-0.002455754455754522,0.0450328737515569,0.06,0.0
checkpoint_average,caspase_activity_cellevent-caspase_live-cell_dye,tabm_specialists,checkpoint_average,coherent_median_ensemble,measurement_required,measurement_required,unchanged,False,False,True,variance_lower,1,-0.06279014840138442,-0.04109813309813315,0.25240484570524274,0.0,0.0
checkpoint_average,ps6,tabm_specialists,checkpoint_average,coherent_median_ensemble,measurement_required,measurement_required,unchanged,False,False,True,,0,-0.01113010253256097,-0.01117675117675121,0.001381945121391892,0.0,0.0
checkpoint_average,prb,tabm_specialists,checkpoint_average,coherent_median_ensemble,not_identifiable,not_identifiable,unchanged,False,False,False,rank;quantitative_hit,2,-0.04269197502158645,-0.00936398136398131,0.24701315500336637,-0.039999999999999925,0.0
checkpoint_average,nuclei_hoechst,tabm_specialists,checkpoint_average,coherent_median_ensemble,not_identifiable,not_identifiable,unchanged,False,False,False,,0,-0.0010055269000333045,0.010205086205086089,-8.978863112896196e-05,0.020000000000000018,0.0
checkpoint_average,nucleoli_npm1,tabm_specialists,checkpoint_average,coherent_median_ensemble,not_identifiable,not_identifiable,unchanged,False,False,False,variance_lower,1,-0.0026715931490748357,0.0020598980598981464,0.03753508298601993,0.020000000000000018,0.0
checkpoint_average,b-catenin,tabm_specialists,checkpoint_average,coherent_median_ensemble,not_identifiable,not_identifiable,unchanged,False,False,False,,0,-0.02785748047469616,-0.013115185115185168,0.016366635221258197,0.0,0.0
checkpoint_average,c-myc,tabm_specialists,checkpoint_average,coherent_median_ensemble,not_identifiable,not_identifiable,unchanged,False,False,False,,0,-0.01653611435258817,-0.024188868188868118,0.019679031555200788,0.0,0.0
checkpoint_average,er_cona,tabm_specialists,checkpoint_average,coherent_median_ensemble,not_identifiable,not_identifiable,unchanged,False,False,False,quantitative_hit,1,-0.005811230637345566,-0.010762990762990698,0.013876600570971287,0.05999999999999994,0.0
checkpoint_average,microtubules_tubulin,tabm_specialists,checkpoint_average,coherent_median_ensemble,not_identifiable,not_identifiable,unchanged,False,False,False,,0,-0.005649099408575942,-0.00957671757671763,0.03445383997312568,0.040000000000000036,0.0
checkpoint_average,nucleolus-dfc_fbl,tabm_specialists,checkpoint_average,coherent_median_ensemble,not_identifiable,not_identifiable,unchanged,False,False,False,,0,-0.007938869254125125,-0.012087984087984283,0.058034720793143535,0.0,0.0
checkpoint_average,plasma_membrane_wga,tabm_specialists,checkpoint_average,coherent_median_ensemble,not_identifiable,not_identifiable,unchanged,False,False,False,,0,-0.0042191805971021346,-0.011130611130611201,0.0027394195894606677,0.0,0.0
checkpoint_average,microtubules_map4,tabm_specialists,checkpoint_average,coherent_median_ensemble,unresolved,unresolved,unchanged,False,False,True,,0,-0.030767183270142384,-0.02196508596508595,0.3820822969587464,-0.040000000000000036,0.0
checkpoint_average,lipid_droplet_plin2,tabm_specialists,checkpoint_average,coherent_median_ensemble,unresolved,unresolved,unchanged,False,False,True,,0,-0.014155053757579306,0.0008244608244608598,0.033429577784571896,0.0,0.0
checkpoint_average,cell_proliferation_marker_mki67,tabm_specialists,checkpoint_average,coherent_median_ensemble,unresolved,unresolved,unchanged,False,False,True,recovery;quantitative_hit,2,-0.06095100951747645,-0.10998354198354199,0.3221295355126186,-0.05999999999999994,0.0
checkpoint_average,stress_granule_g3bp1,scbutterfly_ops_b,checkpoint_average,coherent_median_ensemble,quantitative_proxy,quantitative_proxy,unchanged,False,False,True,,0,-0.019198534515132204,-0.056609960609960486,-0.022497790043892296,-0.09999999999999998,0.0
checkpoint_average,lysosome_lysotracker_live-cell_dye,scbutterfly_ops_b,checkpoint_average,coherent_median_ensemble,quantitative_proxy,quantitative_proxy,unchanged,False,False,True,,0,-0.0716965434890694,-0.01301350901350895,-0.2377729213313612,-0.040000000000000036,0.0
checkpoint_average,er_golgi_cop-ii_sec23a,scbutterfly_ops_b,checkpoint_average,coherent_median_ensemble,quantitative_proxy,quantitative_proxy,unchanged,False,False,True,,0,-0.11007698562968771,-0.11150063150063128,-0.28974701304070993,-0.20000000000000007,0.0
checkpoint_average,early_endosome_eea1,scbutterfly_ops_b,checkpoint_average,coherent_median_ensemble,quantitative_proxy,ranking_proxy,Q_to_R,True,False,True,variance_lower,1,-0.11465642398336373,-0.13793292593292594,-0.5728133146604926,-0.14,0.0
checkpoint_average,lipid_droplet_bodipy_live_cell_dye,scbutterfly_ops_b,checkpoint_average,coherent_median_ensemble,quantitative_proxy,ranking_proxy,Q_to_R,True,False,True,variance_lower,1,-0.09268076726034324,-0.09447968247968241,-0.624687478418135,-0.07999999999999996,0.0
checkpoint_average,late_endosome_rab7a,scbutterfly_ops_b,checkpoint_average,coherent_median_ensemble,quantitative_proxy,quantitative_proxy,unchanged,False,False,True,,0,-0.0746306286387749,-0.07899241899241904,-0.2665205136809575,-0.14,0.0
checkpoint_average,actin_filament_fastact_spy555_live_cell_dye,scbutterfly_ops_b,checkpoint_average,coherent_median_ensemble,quantitative_proxy,quantitative_proxy,unchanged,False,False,True,,0,-0.028678141962329096,-0.03556804756804777,-0.2121180862273827,-0.09999999999999998,0.0
checkpoint_average,plasma_membrane_slc3a2,scbutterfly_ops_b,checkpoint_average,coherent_median_ensemble,quantitative_proxy,quantitative_proxy,unchanged,False,False,True,,0,-0.014041435074960251,-0.017391341391341575,-0.07717655529414102,-0.06000000000000005,0.0
checkpoint_average,clathrin_vesicles_clta,scbutterfly_ops_b,checkpoint_average,coherent_median_ensemble,quantitative_proxy,quantitative_proxy,unchanged,False,False,True,,0,-0.09517372629100518,-0.07154849954849929,-0.27326421052841476,-0.10000000000000009,0.0
checkpoint_average,autophagosome_map1lc3b,scbutterfly_ops_b,checkpoint_average,coherent_median_ensemble,quantitative_proxy,quantitative_proxy,unchanged,False,False,True,,0,-0.09986084605507384,-0.11857183057183052,-0.2428322855686048,-0.16000000000000003,0.0
checkpoint_average,fe2+_ferhonox_live-cell_dye,scbutterfly_ops_b,checkpoint_average,coherent_median_ensemble,quantitative_proxy,ranking_proxy,Q_to_R,True,False,True,recovery;variance_upper;measurement_recovery,3,-0.369384055878351,-0.13728839328839326,268.5292624988502,-0.24,0.0
checkpoint_average,recycling_endosome_tfrc,scbutterfly_ops_b,checkpoint_average,coherent_median_ensemble,quantitative_proxy,ranking_proxy,Q_to_R,True,False,True,recovery;variance_lower,2,-0.1934622732166148,-0.20428176028176037,-0.5564504905055225,-0.30000000000000004,0.0
checkpoint_average,er_golgi_cope,scbutterfly_ops_b,checkpoint_average,coherent_median_ensemble,quantitative_proxy,quantitative_proxy,unchanged,False,False,True,,0,-0.023360797051124926,-0.02943260943260939,-0.25358021898695826,-0.06000000000000005,0.0
checkpoint_average,chaperones_hspa1b,scbutterfly_ops_b,checkpoint_average,coherent_median_ensemble,quantitative_proxy,quantitative_proxy,unchanged,False,False,True,,0,-0.024980565412868527,-0.04921590121590125,-0.09926730863996625,-0.07999999999999996,0.0
checkpoint_average,nucleolus-gc_npm3,scbutterfly_ops_b,checkpoint_average,coherent_median_ensemble,quantitative_proxy,measurement_required,Q_to_M,True,True,True,recovery;rank;quantitative_hit;ranking_hit;measurement_recovery,5,-0.34650803700528265,-0.3712621672621673,-0.10530712936394337,-0.5,0.0
checkpoint_average,nuclei_nucleolive_live_cell_dye,scbutterfly_ops_b,checkpoint_average,coherent_median_ensemble,quantitative_proxy,ranking_proxy,Q_to_R,True,False,True,recovery;variance_lower,2,-0.12868710357570956,-0.06681203481203479,-0.41089317023540234,-0.12,0.0
checkpoint_average,endosome_vps35,scbutterfly_ops_b,checkpoint_average,coherent_median_ensemble,quantitative_proxy,unresolved,Q_to_U,True,True,True,recovery;rank;quantitative_hit,3,-0.1864413352207459,-0.2386160746160747,-0.09184443585525692,-0.17999999999999994,0.0
checkpoint_average,er_sec61b,scbutterfly_ops_b,checkpoint_average,coherent_median_ensemble,quantitative_proxy,quantitative_proxy,unchanged,False,False,True,,0,-0.04146620496278952,-0.04383643983643981,-0.0069787088915964635,-0.040000000000000036,0.0
checkpoint_average,er_golgi_bridge_vapa,scbutterfly_ops_b,checkpoint_average,coherent_median_ensemble,quantitative_proxy,ranking_proxy,Q_to_R,True,False,True,recovery;variance_lower,2,-0.15682193996048477,-0.08217004617004642,-0.4468194814326315,-0.16000000000000003,0.0
checkpoint_average,mitochondria_chromalive_561_excitation,scbutterfly_ops_b,checkpoint_average,coherent_median_ensemble,quantitative_proxy,quantitative_proxy,unchanged,False,False,True,,0,-0.10145675423540412,-0.03596131196131158,-0.2648923755383146,-0.09999999999999998,0.0
checkpoint_average,peroxisome_peroxi_spy650_live_cell_dye,scbutterfly_ops_b,checkpoint_average,coherent_median_ensemble,quantitative_proxy,unresolved,Q_to_U,True,True,True,recovery;rank;quantitative_hit,3,-0.15582235167212344,-0.35573484773484776,-0.37219372950975116,-0.21999999999999997,0.0
checkpoint_average,chromalive_488_excitation,scbutterfly_ops_b,checkpoint_average,coherent_median_ensemble,quantitative_proxy,quantitative_proxy,unchanged,False,False,True,,0,-0.048165356204287635,-0.03888335088335082,-0.15400177099947898,0.0,0.0
checkpoint_average,chromatin_h2bc21,scbutterfly_ops_b,checkpoint_average,coherent_median_ensemble,quantitative_proxy,ranking_proxy,Q_to_R,True,False,True,variance_lower,1,-0.05147815656802757,-0.04585887385887388,-0.1518765769973957,-0.12,0.0
checkpoint_average,plasma_membrane_atp1b3,scbutterfly_ops_b,checkpoint_average,coherent_median_ensemble,quantitative_proxy,measurement_required,Q_to_M,True,True,True,recovery;rank;quantitative_hit;ranking_hit;measurement_recovery,5,-0.22534975237043042,-0.20328914328914327,-0.23648205527031196,-0.32000000000000006,0.0
checkpoint_average,endocytic_vesicle_ph_phrodo-dextran_live_cell_dye,scbutterfly_ops_b,checkpoint_average,coherent_median_ensemble,quantitative_proxy,quantitative_proxy,unchanged,False,False,True,,0,-0.04254286740556168,-0.04172534972534958,-0.3597534735004363,-0.05999999999999994,0.0
checkpoint_average,5xupre,scbutterfly_ops_b,checkpoint_average,coherent_median_ensemble,quantitative_proxy,ranking_proxy,Q_to_R,True,False,True,recovery,1,-0.08025839612957186,-0.05811746211746227,-0.14608723282155156,-0.16000000000000003,0.0
checkpoint_average,f-actin_phalloidin,scbutterfly_ops_b,checkpoint_average,coherent_median_ensemble,quantitative_proxy,ranking_proxy,Q_to_R,True,False,True,variance_lower,1,-0.04763552980104013,-0.047967203967204,-0.2014200851755673,0.0,0.0
checkpoint_average,mitochondria_tomm70a,scbutterfly_ops_b,checkpoint_average,coherent_median_ensemble,quantitative_proxy,ranking_proxy,Q_to_R,True,False,True,recovery;variance_lower,2,-0.05432856816850429,-0.06165222165222173,-0.309870186911919,-0.06000000000000005,0.0
checkpoint_average,lysosome_lamp1,scbutterfly_ops_b,checkpoint_average,coherent_median_ensemble,quantitative_proxy,measurement_required,Q_to_M,True,True,True,recovery;rank;measurement_recovery,3,-0.22249900447479165,-0.15253421653421662,-0.1928698329280205,-0.020000000000000018,0.0
checkpoint_average,autophagosome_atg101,scbutterfly_ops_b,checkpoint_average,coherent_median_ensemble,quantitative_proxy,measurement_required,Q_to_M,True,True,True,recovery;rank;variance_lower;quantitative_hit;ranking_hit;measurement_recovery,6,-0.2720583716412721,-0.38122176922176926,-0.573882374654447,-0.36000000000000004,0.0
checkpoint_average,nuclear_speckles_srrm2,scbutterfly_ops_b,checkpoint_average,coherent_median_ensemble,ranking_proxy,ranking_proxy,unchanged,False,False,True,quantitative_hit,1,-0.05830970482673348,-0.1056565416565417,-0.20742866429089823,-0.18000000000000005,0.0
checkpoint_average,proteasome_psmb7,scbutterfly_ops_b,checkpoint_average,coherent_median_ensemble,ranking_proxy,measurement_required,R_to_M,True,True,True,rank;variance_lower;quantitative_hit;measurement_recovery,4,-0.09720565357296451,-0.17217748017748014,-0.35430991483170454,-0.24,0.0
checkpoint_average,oxidative_stress_cellrox_live-cell_dye,scbutterfly_ops_b,checkpoint_average,coherent_median_ensemble,ranking_proxy,ranking_proxy,unchanged,False,False,True,,0,-0.02525759471126665,-0.01241480441480447,-0.16277777393236148,0.020000000000000018,0.0
checkpoint_average,er_ncln,scbutterfly_ops_b,checkpoint_average,coherent_median_ensemble,ranking_proxy,measurement_required,R_to_M,True,True,True,rank;variance_lower;measurement_recovery,3,-0.18204611022094924,-0.09841483441483434,-0.35679430912303944,-0.019999999999999907,0.0
checkpoint_average,trans-golgi_vamp3,scbutterfly_ops_b,checkpoint_average,coherent_median_ensemble,ranking_proxy,measurement_required,R_to_M,True,True,True,rank;variance_lower;measurement_recovery,3,-0.2582303259868574,-0.23718329718329711,-0.45027731311430297,-0.26,0.0
checkpoint_average,p21,scbutterfly_ops_b,checkpoint_average,coherent_median_ensemble,ranking_proxy,measurement_required,R_to_M,True,True,True,rank;measurement_recovery,2,-0.051966271855921065,-0.03917792717792712,-0.09842599837198851,0.0,0.0
checkpoint_average,mitochondria_tomm20,scbutterfly_ops_b,checkpoint_average,coherent_median_ensemble,ranking_proxy,ranking_proxy,unchanged,False,False,True,,0,-0.04503551398843053,-0.013849561849561876,-0.14562916283409327,0.020000000000000018,0.0
checkpoint_average,p53,scbutterfly_ops_b,checkpoint_average,coherent_median_ensemble,measurement_required,measurement_required,unchanged,False,False,True,,0,-0.09884820446591491,-0.09954927954927961,-0.0594652001823853,-0.040000000000000036,0.0
checkpoint_average,caspase_activity_cellevent-caspase_live-cell_dye,scbutterfly_ops_b,checkpoint_average,coherent_median_ensemble,measurement_required,measurement_required,unchanged,False,False,True,,0,-0.10635933058172004,-0.07970143970143978,0.011649508426499477,-0.03999999999999998,0.0
checkpoint_average,ps6,scbutterfly_ops_b,checkpoint_average,coherent_median_ensemble,measurement_required,measurement_required,unchanged,False,False,True,,0,-0.21541781333505133,-0.13678568878568886,-0.029518354000528706,0.0,0.0
checkpoint_average,prb,scbutterfly_ops_b,checkpoint_average,coherent_median_ensemble,not_identifiable,not_identifiable,unchanged,False,False,False,rank;quantitative_hit;ranking_hit,3,-0.20362849255859616,-0.17716164916164923,0.018346492961957502,-0.18,0.0
checkpoint_average,nuclei_hoechst,scbutterfly_ops_b,checkpoint_average,coherent_median_ensemble,not_identifiable,not_identifiable,unchanged,False,False,False,recovery;ranking_hit,2,-0.0599217319386931,-0.07689356889356902,-0.15780157451278054,-0.06,0.0
checkpoint_average,nucleoli_npm1,scbutterfly_ops_b,checkpoint_average,coherent_median_ensemble,not_identifiable,not_identifiable,unchanged,False,False,False,,0,-0.07413117622965348,-0.09552455952455946,-0.004342420464950203,-0.09999999999999998,0.0
checkpoint_average,b-catenin,scbutterfly_ops_b,checkpoint_average,coherent_median_ensemble,not_identifiable,not_identifiable,unchanged,False,False,False,,0,-0.20130123135552924,-0.11275840075840082,-0.1506558500937057,0.040000000000000036,0.0
checkpoint_average,c-myc,scbutterfly_ops_b,checkpoint_average,coherent_median_ensemble,not_identifiable,not_identifiable,unchanged,False,False,False,ranking_hit,1,-0.13082692973370902,-0.016159768159768162,-0.13624079374616632,-0.020000000000000018,0.0
checkpoint_average,er_cona,scbutterfly_ops_b,checkpoint_average,coherent_median_ensemble,not_identifiable,not_identifiable,unchanged,False,False,False,recovery;rank;variance_lower;quantitative_hit,4,-0.0432242794220854,-0.04761255561255562,-0.2450449579969618,0.039999999999999925,0.0
checkpoint_average,microtubules_tubulin,scbutterfly_ops_b,checkpoint_average,coherent_median_ensemble,not_identifiable,not_identifiable,unchanged,False,False,False,recovery;rank;variance_lower;quantitative_hit,4,-0.06129806279252925,-0.05886065886065894,-0.2741249048659567,-0.05999999999999994,0.0
checkpoint_average,nucleolus-dfc_fbl,scbutterfly_ops_b,checkpoint_average,coherent_median_ensemble,not_identifiable,not_identifiable,unchanged,False,False,False,variance_lower,1,-0.05250273880453682,-0.0915599235599237,-0.402492376937672,-0.14,0.0
checkpoint_average,plasma_membrane_wga,scbutterfly_ops_b,checkpoint_average,coherent_median_ensemble,not_identifiable,not_identifiable,unchanged,False,False,False,variance_lower;quantitative_hit,2,-0.044392744564086706,-0.05222453222453238,-0.2880232247116136,-0.039999999999999925,0.0
checkpoint_average,microtubules_map4,scbutterfly_ops_b,checkpoint_average,coherent_median_ensemble,unresolved,unresolved,unchanged,False,False,True,,0,-0.06385015540002614,-0.09108791508791514,-0.22844798203998817,0.020000000000000018,0.0
checkpoint_average,lipid_droplet_plin2,scbutterfly_ops_b,checkpoint_average,coherent_median_ensemble,unresolved,unresolved,unchanged,False,False,True,recovery,1,-0.024339431605706285,-0.018965358965359003,-0.0363926222035208,0.020000000000000018,0.0
checkpoint_average,cell_proliferation_marker_mki67,scbutterfly_ops_b,checkpoint_average,coherent_median_ensemble,unresolved,measurement_required,U_to_M,True,False,True,recovery;variance_lower;measurement_recovery,3,-0.11174718626255953,-0.109955305955306,-0.04791434905723713,-0.020000000000000018,0.0
checkpoint_average,stress_granule_g3bp1,resmlp_52head,checkpoint_average,coherent_median_ensemble,quantitative_proxy,quantitative_proxy,unchanged,False,False,True,,0,0.00046813103797438416,-0.00011244011243993768,0.055504649614176005,0.0,0.0
checkpoint_average,lysosome_lysotracker_live-cell_dye,resmlp_52head,checkpoint_average,coherent_median_ensemble,quantitative_proxy,quantitative_proxy,unchanged,False,False,True,,0,-0.011129052271550033,-0.0009464889464889659,0.009793407600130921,-0.020000000000000018,0.0
checkpoint_average,er_golgi_cop-ii_sec23a,resmlp_52head,checkpoint_average,coherent_median_ensemble,quantitative_proxy,quantitative_proxy,unchanged,False,False,True,,0,-0.0003614189743992302,-0.004541368541368329,-0.03542996569814738,-0.020000000000000018,0.0
checkpoint_average,early_endosome_eea1,resmlp_52head,checkpoint_average,coherent_median_ensemble,quantitative_proxy,quantitative_proxy,unchanged,False,False,True,,0,-0.004314192396417615,-0.006432954432954441,0.0031351896807247925,0.0,0.0
checkpoint_average,lipid_droplet_bodipy_live_cell_dye,resmlp_52head,checkpoint_average,coherent_median_ensemble,quantitative_proxy,quantitative_proxy,unchanged,False,False,True,,0,-0.003968734215994418,-0.0008502488502489802,0.027039425905519,-0.020000000000000018,0.0
checkpoint_average,late_endosome_rab7a,resmlp_52head,checkpoint_average,coherent_median_ensemble,quantitative_proxy,quantitative_proxy,unchanged,False,False,True,,0,-0.0009660104940926173,-0.002595962595962842,0.03703468433115931,-0.039999999999999925,0.0
checkpoint_average,actin_filament_fastact_spy555_live_cell_dye,resmlp_52head,checkpoint_average,coherent_median_ensemble,quantitative_proxy,quantitative_proxy,unchanged,False,False,True,,0,-0.0020366203613015887,-0.002969558969559194,0.029802107573636105,0.0,0.0
checkpoint_average,plasma_membrane_slc3a2,resmlp_52head,checkpoint_average,coherent_median_ensemble,quantitative_proxy,quantitative_proxy,unchanged,False,False,True,,0,0.0001497808252179933,-0.0011216891216894176,0.03511896757085453,0.020000000000000018,0.0
checkpoint_average,clathrin_vesicles_clta,resmlp_52head,checkpoint_average,coherent_median_ensemble,quantitative_proxy,quantitative_proxy,unchanged,False,False,True,,0,-0.0024713641967814004,-0.00326631926631904,0.013867118891110364,-0.040000000000000036,0.0
checkpoint_average,autophagosome_map1lc3b,resmlp_52head,checkpoint_average,coherent_median_ensemble,quantitative_proxy,quantitative_proxy,unchanged,False,False,True,,0,0.00015838580673099845,-0.0026752226752227992,-0.033490753140141605,0.0,0.0
checkpoint_average,fe2+_ferhonox_live-cell_dye,resmlp_52head,checkpoint_average,coherent_median_ensemble,quantitative_proxy,quantitative_proxy,unchanged,False,False,True,,0,-0.0066535647125069985,0.001991161991162005,0.05393865265648001,0.06000000000000005,0.0
checkpoint_average,recycling_endosome_tfrc,resmlp_52head,checkpoint_average,coherent_median_ensemble,quantitative_proxy,quantitative_proxy,unchanged,False,False,True,,0,-0.01299869493684902,-0.014191574191574352,0.0494177083437497,-0.06000000000000005,0.0
checkpoint_average,er_golgi_cope,resmlp_52head,checkpoint_average,coherent_median_ensemble,quantitative_proxy,quantitative_proxy,unchanged,False,False,True,,0,-2.1974309177719142e-05,0.005847377847377877,0.07763828458861066,0.020000000000000018,0.0
checkpoint_average,chaperones_hspa1b,resmlp_52head,checkpoint_average,coherent_median_ensemble,quantitative_proxy,quantitative_proxy,unchanged,False,False,True,,0,0.0004998267402518408,-0.0029089829089828934,0.025387167058260607,-0.039999999999999925,0.0
checkpoint_average,nucleolus-gc_npm3,resmlp_52head,checkpoint_average,coherent_median_ensemble,quantitative_proxy,quantitative_proxy,unchanged,False,False,True,,0,-0.009303741867754511,-0.009490617490617526,0.0023822654100819074,0.0,0.0
checkpoint_average,nuclei_nucleolive_live_cell_dye,resmlp_52head,checkpoint_average,coherent_median_ensemble,quantitative_proxy,quantitative_proxy,unchanged,False,False,True,,0,0.014914503539321111,0.013462009462009594,0.06334721885942074,0.020000000000000018,0.0
checkpoint_average,endosome_vps35,resmlp_52head,checkpoint_average,coherent_median_ensemble,quantitative_proxy,quantitative_proxy,unchanged,False,False,True,,0,-0.007846095135233488,-0.016003180003180018,0.04406486551762534,-0.05999999999999994,0.0
checkpoint_average,er_sec61b,resmlp_52head,checkpoint_average,coherent_median_ensemble,quantitative_proxy,ranking_proxy,Q_to_R,True,False,True,variance_lower,1,-0.006596196915096386,-0.002963942963942978,-0.1373555042380773,0.040000000000000036,0.0
checkpoint_average,er_golgi_bridge_vapa,resmlp_52head,checkpoint_average,coherent_median_ensemble,quantitative_proxy,quantitative_proxy,unchanged,False,False,True,,0,-0.016594846653744888,-0.024765672765672875,-0.018289430695160647,-0.06000000000000005,0.0
checkpoint_average,mitochondria_chromalive_561_excitation,resmlp_52head,checkpoint_average,coherent_median_ensemble,quantitative_proxy,quantitative_proxy,unchanged,False,False,True,,0,-0.004384139108295382,0.0017973857973859753,0.05238369086969019,0.020000000000000018,0.0
checkpoint_average,peroxisome_peroxi_spy650_live_cell_dye,resmlp_52head,checkpoint_average,coherent_median_ensemble,quantitative_proxy,quantitative_proxy,unchanged,False,False,True,,0,-0.0164699193251171,-0.011494679494679527,0.03190575883986335,-0.06000000000000005,0.0
checkpoint_average,chromalive_488_excitation,resmlp_52head,checkpoint_average,coherent_median_ensemble,quantitative_proxy,quantitative_proxy,unchanged,False,False,True,,0,0.0033386212271377946,-0.004031656031656117,0.023197787672155745,0.0,0.0
checkpoint_average,chromatin_h2bc21,resmlp_52head,checkpoint_average,coherent_median_ensemble,quantitative_proxy,quantitative_proxy,unchanged,False,False,True,,0,0.0040036166085137825,-0.0016438936438936125,0.03885604368854234,0.0,0.0
checkpoint_average,plasma_membrane_atp1b3,resmlp_52head,checkpoint_average,coherent_median_ensemble,quantitative_proxy,quantitative_proxy,unchanged,False,False,True,,0,-0.007214137620443095,-0.007775431775431718,0.012843140468798753,-0.040000000000000036,0.0
checkpoint_average,endocytic_vesicle_ph_phrodo-dextran_live_cell_dye,resmlp_52head,checkpoint_average,coherent_median_ensemble,quantitative_proxy,quantitative_proxy,unchanged,False,False,True,,0,0.00020994319837841502,-0.0013915933915933376,0.071921415643171,0.040000000000000036,0.0
checkpoint_average,5xupre,resmlp_52head,checkpoint_average,coherent_median_ensemble,quantitative_proxy,quantitative_proxy,unchanged,False,False,True,,0,-0.0005969373416645496,-0.005714441714441687,-0.09393733676236804,-0.040000000000000036,0.0
checkpoint_average,f-actin_phalloidin,resmlp_52head,checkpoint_average,coherent_median_ensemble,quantitative_proxy,quantitative_proxy,unchanged,False,False,True,,0,-0.03643544171448887,-0.0519156039156039,0.048804386254210685,-0.020000000000000018,0.0
checkpoint_average,mitochondria_tomm70a,resmlp_52head,checkpoint_average,coherent_median_ensemble,quantitative_proxy,quantitative_proxy,unchanged,False,False,True,,0,0.0006615932593622142,0.0038260118260118325,0.018549527252377795,0.019999999999999907,0.0
checkpoint_average,lysosome_lamp1,resmlp_52head,checkpoint_average,coherent_median_ensemble,quantitative_proxy,quantitative_proxy,unchanged,False,False,True,,0,-0.011476860784275789,-0.013222225222225159,0.0399613862403031,0.020000000000000018,0.0
checkpoint_average,autophagosome_atg101,resmlp_52head,checkpoint_average,coherent_median_ensemble,quantitative_proxy,ranking_proxy,Q_to_R,True,False,True,recovery,1,-0.020076457581193807,-0.037155601155601126,-0.06513788057917935,0.0,0.0
checkpoint_average,nuclear_speckles_srrm2,resmlp_52head,checkpoint_average,coherent_median_ensemble,ranking_proxy,quantitative_proxy,R_to_Q,True,False,True,variance_lower,1,0.0029956585893707866,0.00761851961851967,0.04718249105866534,0.0,0.0
checkpoint_average,proteasome_psmb7,resmlp_52head,checkpoint_average,coherent_median_ensemble,ranking_proxy,ranking_proxy,unchanged,False,False,True,,0,0.0032292210431505985,0.005829173829173806,0.04619303401023567,0.020000000000000018,0.0
checkpoint_average,oxidative_stress_cellrox_live-cell_dye,resmlp_52head,checkpoint_average,coherent_median_ensemble,ranking_proxy,ranking_proxy,unchanged,False,False,True,,0,0.009594376377290437,-0.008888816888817042,0.06105113935288875,0.020000000000000018,0.0
checkpoint_average,er_ncln,resmlp_52head,checkpoint_average,coherent_median_ensemble,ranking_proxy,ranking_proxy,unchanged,False,False,True,quantitative_hit,1,-0.007107800317139201,-0.005328593328593367,-0.0010861033437753465,0.020000000000000018,0.0
checkpoint_average,trans-golgi_vamp3,resmlp_52head,checkpoint_average,coherent_median_ensemble,ranking_proxy,ranking_proxy,unchanged,False,False,True,,0,-0.017606121621518644,-0.02178574578574577,-0.05400141163984373,0.0,0.0
checkpoint_average,p21,resmlp_52head,checkpoint_average,coherent_median_ensemble,ranking_proxy,ranking_proxy,unchanged,False,False,True,,0,-0.004247095608133411,-0.0074793554793552985,0.012521287958871002,-0.040000000000000036,0.0
checkpoint_average,mitochondria_tomm20,resmlp_52head,checkpoint_average,coherent_median_ensemble,ranking_proxy,unresolved,R_to_U,True,True,True,rank,1,-0.038450337232110665,-0.05299409299409297,0.06673342914778424,0.0,0.0
checkpoint_average,p53,resmlp_52head,checkpoint_average,coherent_median_ensemble,measurement_required,measurement_required,unchanged,False,False,True,,0,0.003411116668728842,0.003472179472179482,0.02648822069692261,0.019999999999999962,0.0
checkpoint_average,caspase_activity_cellevent-caspase_live-cell_dye,resmlp_52head,checkpoint_average,coherent_median_ensemble,measurement_required,measurement_required,unchanged,False,False,True,variance_lower,1,-0.020473445307687355,-0.01761972561972569,0.0511404322156343,0.0,0.0
checkpoint_average,ps6,resmlp_52head,checkpoint_average,coherent_median_ensemble,measurement_required,measurement_required,unchanged,False,False,True,,0,-0.01338529678215028,-0.018133770133770155,0.002809568630318393,0.0,0.0
checkpoint_average,prb,resmlp_52head,checkpoint_average,coherent_median_ensemble,not_identifiable,not_identifiable,unchanged,False,False,False,rank;quantitative_hit,2,-0.010696743343718174,-0.04051792051792047,0.0038295191729927,-0.05999999999999994,0.0
checkpoint_average,nuclei_hoechst,resmlp_52head,checkpoint_average,coherent_median_ensemble,not_identifiable,not_identifiable,unchanged,False,False,False,,0,-0.03435646216935995,-0.042695382695382644,0.11452686658127087,0.020000000000000018,0.0
checkpoint_average,nucleoli_npm1,resmlp_52head,checkpoint_average,coherent_median_ensemble,not_identifiable,not_identifiable,unchanged,False,False,False,variance_lower,1,-0.05704054779249129,-0.0535641655641656,0.12705514022025877,-0.03999999999999998,0.0
checkpoint_average,b-catenin,resmlp_52head,checkpoint_average,coherent_median_ensemble,not_identifiable,not_identifiable,unchanged,False,False,False,,0,-0.0038209486781006774,-0.003730407730407781,0.019524448718452825,0.020000000000000018,0.0
checkpoint_average,c-myc,resmlp_52head,checkpoint_average,coherent_median_ensemble,not_identifiable,not_identifiable,unchanged,False,False,False,,0,0.0034244418222404427,0.0063457983457984035,0.007611427266831894,0.0,0.0
checkpoint_average,er_cona,resmlp_52head,checkpoint_average,coherent_median_ensemble,not_identifiable,not_identifiable,unchanged,False,False,False,recovery;rank,2,-0.04432631360012307,-0.05054208254208248,0.039227480060982645,-0.020000000000000018,0.0
checkpoint_average,microtubules_tubulin,resmlp_52head,checkpoint_average,coherent_median_ensemble,not_identifiable,not_identifiable,unchanged,False,False,False,recovery;rank;quantitative_hit,3,-0.041159620709635525,-0.06043696843696855,0.04136889801106236,-0.039999999999999925,0.0
checkpoint_average,nucleolus-dfc_fbl,resmlp_52head,checkpoint_average,coherent_median_ensemble,not_identifiable,not_identifiable,unchanged,False,False,False,,0,-0.0033915376042774614,-0.003562815562815569,0.02501186838484737,0.019999999999999907,0.0
checkpoint_average,plasma_membrane_wga,resmlp_52head,checkpoint_average,coherent_median_ensemble,not_identifiable,not_identifiable,unchanged,False,False,False,quantitative_hit,1,-0.03409151779511366,-0.059088347088347204,0.04305259736696343,-0.09999999999999998,0.0
checkpoint_average,microtubules_map4,resmlp_52head,checkpoint_average,coherent_median_ensemble,unresolved,unresolved,unchanged,False,False,True,,0,-0.0002752170469000337,-0.004659856659856687,-0.003502833318484333,0.0,0.0
checkpoint_average,lipid_droplet_plin2,resmlp_52head,checkpoint_average,coherent_median_ensemble,unresolved,unresolved,unchanged,False,False,True,recovery;variance_lower,2,-0.02219308793040009,-0.03616254016254017,0.06738801925488697,-0.03999999999999998,0.0
checkpoint_average,cell_proliferation_marker_mki67,resmlp_52head,checkpoint_average,coherent_median_ensemble,unresolved,unresolved,unchanged,False,False,True,recovery,1,-0.02612722156813263,-0.05173271173271177,0.052960568931127217,-0.020000000000000018,0.0
checkpoint_average,stress_granule_g3bp1,multitab_pilot,checkpoint_average,coherent_median_ensemble,quantitative_proxy,quantitative_proxy,unchanged,False,False,True,,0,-0.005578410632708031,-0.002599010599010576,0.0544419772130007,-0.020000000000000018,0.0
checkpoint_average,lysosome_lysotracker_live-cell_dye,multitab_pilot,checkpoint_average,coherent_median_ensemble,quantitative_proxy,quantitative_proxy,unchanged,False,False,True,,0,-0.015239462744094046,-0.0008604968604969399,0.08990694766899654,-0.040000000000000036,0.0
checkpoint_average,er_golgi_cop-ii_sec23a,multitab_pilot,checkpoint_average,coherent_median_ensemble,quantitative_proxy,quantitative_proxy,unchanged,False,False,True,,0,-0.005083287903259626,-0.004277752277752178,0.03564408901082394,0.0,0.0
checkpoint_average,early_endosome_eea1,multitab_pilot,checkpoint_average,coherent_median_ensemble,quantitative_proxy,quantitative_proxy,unchanged,False,False,True,,0,-0.0031648674540071253,-0.0011906051906052095,0.05278674618775003,-0.020000000000000018,0.0
checkpoint_average,lipid_droplet_bodipy_live_cell_dye,multitab_pilot,checkpoint_average,coherent_median_ensemble,quantitative_proxy,quantitative_proxy,unchanged,False,False,True,,0,-0.01376472046045274,-0.008615480615480675,0.0602584622600022,-0.020000000000000018,0.0
checkpoint_average,late_endosome_rab7a,multitab_pilot,checkpoint_average,coherent_median_ensemble,quantitative_proxy,quantitative_proxy,unchanged,False,False,True,,0,-0.007710527150961877,-0.0028982308982310467,0.008294279585471798,-0.05999999999999994,0.0
checkpoint_average,actin_filament_fastact_spy555_live_cell_dye,multitab_pilot,checkpoint_average,coherent_median_ensemble,quantitative_proxy,quantitative_proxy,unchanged,False,False,True,,0,-0.011912253997789168,-0.00764659964659975,0.03316288070048523,-0.039999999999999925,0.0
checkpoint_average,plasma_membrane_slc3a2,multitab_pilot,checkpoint_average,coherent_median_ensemble,quantitative_proxy,quantitative_proxy,unchanged,False,False,True,,0,-0.004911170064957449,-0.005374421374421567,0.0036407629738749447,0.0,0.0
checkpoint_average,clathrin_vesicles_clta,multitab_pilot,checkpoint_average,coherent_median_ensemble,quantitative_proxy,quantitative_proxy,unchanged,False,False,True,,0,-0.0063152700128213946,-0.002003354003353608,0.029682070395002258,-0.020000000000000018,0.0
checkpoint_average,autophagosome_map1lc3b,multitab_pilot,checkpoint_average,coherent_median_ensemble,quantitative_proxy,quantitative_proxy,unchanged,False,False,True,,0,-0.008724999102128095,-0.0020839100839101787,-0.0033178670649104403,0.0,0.0
checkpoint_average,fe2+_ferhonox_live-cell_dye,multitab_pilot,checkpoint_average,coherent_median_ensemble,quantitative_proxy,quantitative_proxy,unchanged,False,False,True,,0,-0.061318968502687365,-0.02735636735636726,0.021579981383252345,-0.040000000000000036,0.0
checkpoint_average,recycling_endosome_tfrc,multitab_pilot,checkpoint_average,coherent_median_ensemble,quantitative_proxy,quantitative_proxy,unchanged,False,False,True,,0,-0.007805804963284424,-0.007299559299559388,0.024739305076268092,-0.040000000000000036,0.0
checkpoint_average,er_golgi_cope,multitab_pilot,checkpoint_average,coherent_median_ensemble,quantitative_proxy,quantitative_proxy,unchanged,False,False,True,,0,-0.009816230962990558,-0.0038884958884959353,-0.00018024369575653232,0.0,0.0
checkpoint_average,chaperones_hspa1b,multitab_pilot,checkpoint_average,coherent_median_ensemble,quantitative_proxy,quantitative_proxy,unchanged,False,False,True,,0,-0.00855871440264655,-0.011306975306975331,0.034439993194714136,-0.039999999999999925,0.0
checkpoint_average,nucleolus-gc_npm3,multitab_pilot,checkpoint_average,coherent_median_ensemble,quantitative_proxy,quantitative_proxy,unchanged,False,False,True,,0,-0.013320613651615076,-0.008614280614280712,0.06790354997042791,0.0,0.0
checkpoint_average,nuclei_nucleolive_live_cell_dye,multitab_pilot,checkpoint_average,coherent_median_ensemble,quantitative_proxy,quantitative_proxy,unchanged,False,False,True,,0,-0.0050336527832155475,-0.007108435108435063,0.09257786679756563,0.0,0.0
checkpoint_average,endosome_vps35,multitab_pilot,checkpoint_average,coherent_median_ensemble,quantitative_proxy,quantitative_proxy,unchanged,False,False,True,,0,-0.012952078585056204,-0.01149683949683944,0.05283739945114008,-0.019999999999999907,0.0
checkpoint_average,er_sec61b,multitab_pilot,checkpoint_average,coherent_median_ensemble,quantitative_proxy,quantitative_proxy,unchanged,False,False,True,,0,-0.012093438960529168,-0.0005631725631727313,-0.09786514726753914,0.020000000000000018,0.0
checkpoint_average,er_golgi_bridge_vapa,multitab_pilot,checkpoint_average,coherent_median_ensemble,quantitative_proxy,quantitative_proxy,unchanged,False,False,True,,0,-0.015911736354786266,-0.006533766533766805,0.08127956689239169,0.0,0.0
checkpoint_average,mitochondria_chromalive_561_excitation,multitab_pilot,checkpoint_average,coherent_median_ensemble,quantitative_proxy,quantitative_proxy,unchanged,False,False,True,,0,-0.021598647052364917,-0.005615525615525585,0.010980763055464027,-0.020000000000000018,0.0
checkpoint_average,peroxisome_peroxi_spy650_live_cell_dye,multitab_pilot,checkpoint_average,coherent_median_ensemble,quantitative_proxy,quantitative_proxy,unchanged,False,False,True,,0,-0.02449793317021043,-0.007027327027327002,-0.02110601278375135,-0.040000000000000036,0.0
checkpoint_average,chromalive_488_excitation,multitab_pilot,checkpoint_average,coherent_median_ensemble,quantitative_proxy,quantitative_proxy,unchanged,False,False,True,,0,-0.006592395069722312,-0.004391752391752379,0.03997793049181564,0.0,0.0
checkpoint_average,chromatin_h2bc21,multitab_pilot,checkpoint_average,coherent_median_ensemble,quantitative_proxy,quantitative_proxy,unchanged,False,False,True,,0,-0.020733002632587816,-0.012837972837972833,-0.0017153362229119784,-0.05999999999999994,0.0
checkpoint_average,plasma_membrane_atp1b3,multitab_pilot,checkpoint_average,coherent_median_ensemble,quantitative_proxy,quantitative_proxy,unchanged,False,False,True,,0,-0.004827911113838068,-0.0014291294291293166,0.04942436728224242,0.019999999999999907,0.0
checkpoint_average,endocytic_vesicle_ph_phrodo-dextran_live_cell_dye,multitab_pilot,checkpoint_average,coherent_median_ensemble,quantitative_proxy,quantitative_proxy,unchanged,False,False,True,,0,-0.020421915766417276,-0.019336831336831284,0.0006342121137793422,-0.020000000000000018,0.0
checkpoint_average,5xupre,multitab_pilot,checkpoint_average,coherent_median_ensemble,quantitative_proxy,quantitative_proxy,unchanged,False,False,True,,0,-0.007152457501087173,-0.005465549465549557,-0.012937744258870287,0.0,0.0
checkpoint_average,f-actin_phalloidin,multitab_pilot,checkpoint_average,coherent_median_ensemble,quantitative_proxy,quantitative_proxy,unchanged,False,False,True,,0,-0.006071849441118382,-0.009170049170049155,0.02863753245770051,0.0,0.0
checkpoint_average,mitochondria_tomm70a,multitab_pilot,checkpoint_average,coherent_median_ensemble,quantitative_proxy,quantitative_proxy,unchanged,False,False,True,,0,-0.010735198478122432,-0.003607503607503615,0.012113070891311861,-0.040000000000000036,0.0
checkpoint_average,lysosome_lamp1,multitab_pilot,checkpoint_average,coherent_median_ensemble,quantitative_proxy,quantitative_proxy,unchanged,False,False,True,,0,-0.011803194780501625,-0.0005893085893087235,0.027249923289673905,0.020000000000000018,0.0
checkpoint_average,autophagosome_atg101,multitab_pilot,checkpoint_average,coherent_median_ensemble,quantitative_proxy,quantitative_proxy,unchanged,False,False,True,,0,-0.01223926347910631,0.0011142491142490663,0.11992651532039356,0.019999999999999907,0.0
checkpoint_average,nuclear_speckles_srrm2,multitab_pilot,checkpoint_average,coherent_median_ensemble,ranking_proxy,ranking_proxy,unchanged,False,False,True,,0,-0.02345233130789237,-0.024910812910812985,-0.014033307102142789,-0.040000000000000036,0.0
checkpoint_average,proteasome_psmb7,multitab_pilot,checkpoint_average,coherent_median_ensemble,ranking_proxy,ranking_proxy,unchanged,False,False,True,,0,-0.0027290135462778586,0.0050592290592291755,0.06320219819235373,0.0,0.0
checkpoint_average,oxidative_stress_cellrox_live-cell_dye,multitab_pilot,checkpoint_average,coherent_median_ensemble,ranking_proxy,ranking_proxy,unchanged,False,False,True,,0,-0.02232635133853411,-0.00901956901956913,-0.026682083860761097,0.020000000000000018,0.0
checkpoint_average,er_ncln,multitab_pilot,checkpoint_average,coherent_median_ensemble,ranking_proxy,ranking_proxy,unchanged,False,False,True,quantitative_hit,1,-0.002115758713204352,0.002213138213138288,0.03437148063522588,0.020000000000000018,0.0
checkpoint_average,trans-golgi_vamp3,multitab_pilot,checkpoint_average,coherent_median_ensemble,ranking_proxy,ranking_proxy,unchanged,False,False,True,,0,-0.015892101490648902,-0.01457009057009051,0.18734567987853668,0.0,0.0
checkpoint_average,p21,multitab_pilot,checkpoint_average,coherent_median_ensemble,ranking_proxy,ranking_proxy,unchanged,False,False,True,,0,-0.006276828178014671,-0.0012128652128651218,0.014858020055247695,-0.020000000000000018,0.0
checkpoint_average,mitochondria_tomm20,multitab_pilot,checkpoint_average,coherent_median_ensemble,ranking_proxy,ranking_proxy,unchanged,False,False,True,,0,-0.004646763024472422,-0.01831439431439441,0.011099813838194694,0.040000000000000036,0.0
checkpoint_average,p53,multitab_pilot,checkpoint_average,coherent_median_ensemble,measurement_required,measurement_required,unchanged,False,False,True,,0,-0.015593664281078001,-0.013624501624501573,0.018300973411863403,0.03999999999999998,0.0
checkpoint_average,caspase_activity_cellevent-caspase_live-cell_dye,multitab_pilot,checkpoint_average,coherent_median_ensemble,measurement_required,measurement_required,unchanged,False,False,True,,0,-0.012814028661580323,0.00603006603006595,0.015769203243812868,-0.03999999999999998,0.0
checkpoint_average,ps6,multitab_pilot,checkpoint_average,coherent_median_ensemble,measurement_required,measurement_required,unchanged,False,False,True,,0,-0.0014772168081566006,-0.007451335451335361,0.006118189230969698,0.0,0.0
checkpoint_average,prb,multitab_pilot,checkpoint_average,coherent_median_ensemble,not_identifiable,not_identifiable,unchanged,False,False,False,rank;quantitative_hit,2,-0.020792656882895777,-0.013480645480645426,-0.0055361680804762985,-0.039999999999999925,0.0
checkpoint_average,nuclei_hoechst,multitab_pilot,checkpoint_average,coherent_median_ensemble,not_identifiable,not_identifiable,unchanged,False,False,False,ranking_hit,1,-0.022976312315191372,-0.02255596655596659,0.04431609850167095,-0.040000000000000036,0.0
checkpoint_average,nucleoli_npm1,multitab_pilot,checkpoint_average,coherent_median_ensemble,not_identifiable,not_identifiable,unchanged,False,False,False,,0,-0.015817762951293224,-0.0215344055344055,0.02555935422880873,-0.019999999999999962,0.0
checkpoint_average,b-catenin,multitab_pilot,checkpoint_average,coherent_median_ensemble,not_identifiable,not_identifiable,unchanged,False,False,False,variance_lower,1,-0.01694029782643003,-0.006249486249486291,0.05003342992802018,0.040000000000000036,0.0
checkpoint_average,c-myc,multitab_pilot,checkpoint_average,coherent_median_ensemble,not_identifiable,not_identifiable,unchanged,False,False,False,,0,-0.004472569135374416,-0.0017880497880496948,0.022132103353740384,0.020000000000000018,0.0
checkpoint_average,er_cona,multitab_pilot,checkpoint_average,coherent_median_ensemble,not_identifiable,not_identifiable,unchanged,False,False,False,,0,-0.005749407195370981,-0.010455202455202373,0.02802969796185628,-0.020000000000000018,0.0
checkpoint_average,microtubules_tubulin,multitab_pilot,checkpoint_average,coherent_median_ensemble,not_identifiable,not_identifiable,unchanged,False,False,False,quantitative_hit,1,-0.005078979327405975,-0.010141666141666228,0.022126429042558238,-0.020000000000000018,0.0
checkpoint_average,nucleolus-dfc_fbl,multitab_pilot,checkpoint_average,coherent_median_ensemble,not_identifiable,not_identifiable,unchanged,False,False,False,,0,-0.023249363529195155,-0.020308616308616356,-0.011528094800765443,0.0,0.0
checkpoint_average,plasma_membrane_wga,multitab_pilot,checkpoint_average,coherent_median_ensemble,not_identifiable,not_identifiable,unchanged,False,False,False,quantitative_hit,1,-0.00529969721907142,-0.010129294129294197,0.04136046477357713,-0.020000000000000018,0.0
checkpoint_average,microtubules_map4,multitab_pilot,checkpoint_average,coherent_median_ensemble,unresolved,unresolved,unchanged,False,False,True,,0,-0.005743490307642096,0.000388644388644388,0.027989646856508732,0.0,0.0
checkpoint_average,lipid_droplet_plin2,multitab_pilot,checkpoint_average,coherent_median_ensemble,unresolved,unresolved,unchanged,False,False,True,,0,-0.015142368137664786,-0.01778131778131775,0.01928473028038097,-0.03999999999999998,0.0
checkpoint_average,cell_proliferation_marker_mki67,multitab_pilot,checkpoint_average,coherent_median_ensemble,unresolved,unresolved,unchanged,False,False,True,recovery,1,-0.02363805603402891,-0.015135975135975088,0.07043087625663791,-0.020000000000000018,0.0
checkpoint_average,stress_granule_g3bp1,midas_ops,checkpoint_average,coherent_median_ensemble,quantitative_proxy,quantitative_proxy,unchanged,False,False,True,,0,-0.06489134939751606,-0.08329256329256318,-0.3937041196213342,-0.12,0.0
checkpoint_average,lysosome_lysotracker_live-cell_dye,midas_ops,checkpoint_average,coherent_median_ensemble,quantitative_proxy,quantitative_proxy,unchanged,False,False,True,,0,-0.08722145842870788,-0.01282508482508482,-0.27120952033464896,0.0,0.0
checkpoint_average,er_golgi_cop-ii_sec23a,midas_ops,checkpoint_average,coherent_median_ensemble,quantitative_proxy,ranking_proxy,Q_to_R,True,False,True,variance_lower,1,-0.1055360866982713,-0.07404122604122576,-0.609838201668008,-0.06000000000000005,0.0
checkpoint_average,early_endosome_eea1,midas_ops,checkpoint_average,coherent_median_ensemble,quantitative_proxy,quantitative_proxy,unchanged,False,False,True,,0,-0.06285596301795227,-0.023532215532215406,-0.41771470541802114,0.0,0.0
checkpoint_average,lipid_droplet_bodipy_live_cell_dye,midas_ops,checkpoint_average,coherent_median_ensemble,quantitative_proxy,ranking_proxy,Q_to_R,True,False,True,variance_lower,1,-0.12380649665862031,-0.08336318336318338,-0.5193102547995017,-0.05999999999999994,0.0
checkpoint_average,late_endosome_rab7a,midas_ops,checkpoint_average,coherent_median_ensemble,quantitative_proxy,ranking_proxy,Q_to_R,True,False,True,variance_lower,1,-0.12418620055092988,-0.08636707436707458,-0.404626327127518,-0.14,0.0
checkpoint_average,actin_filament_fastact_spy555_live_cell_dye,midas_ops,checkpoint_average,coherent_median_ensemble,quantitative_proxy,ranking_proxy,Q_to_R,True,False,True,variance_lower,1,-0.11100100117522582,-0.08953506553506574,-0.44564008589712256,-0.05999999999999994,0.0
checkpoint_average,plasma_membrane_slc3a2,midas_ops,checkpoint_average,coherent_median_ensemble,quantitative_proxy,ranking_proxy,Q_to_R,True,False,True,variance_lower,1,-0.042678796468233915,-0.039321627321627584,-0.4056218717170585,-0.14,0.0
checkpoint_average,clathrin_vesicles_clta,midas_ops,checkpoint_average,coherent_median_ensemble,quantitative_proxy,ranking_proxy,Q_to_R,True,False,True,variance_lower,1,-0.14782115875437518,-0.16384459984459954,-0.6757040937662826,-0.22000000000000008,0.0
checkpoint_average,autophagosome_map1lc3b,midas_ops,checkpoint_average,coherent_median_ensemble,quantitative_proxy,quantitative_proxy,unchanged,False,False,True,,0,-0.1573854820398336,-0.10874654474654477,-0.4185203779326542,-0.14,0.0
checkpoint_average,fe2+_ferhonox_live-cell_dye,midas_ops,checkpoint_average,coherent_median_ensemble,quantitative_proxy,unresolved,Q_to_U,True,True,True,recovery;rank;variance_lower;quantitative_hit;ranking_hit,5,-0.28935858536043146,-0.3087737967737967,-0.5522157922709388,-0.44,0.0
checkpoint_average,recycling_endosome_tfrc,midas_ops,checkpoint_average,coherent_median_ensemble,quantitative_proxy,quantitative_proxy,unchanged,False,False,True,,0,-0.12514204121185635,-0.024269076269076595,-0.2002510053171982,-0.040000000000000036,0.0
checkpoint_average,er_golgi_cope,midas_ops,checkpoint_average,coherent_median_ensemble,quantitative_proxy,ranking_proxy,Q_to_R,True,False,True,variance_lower,1,-0.09493524006539089,-0.11255399255399245,-0.5221244297764067,-0.09999999999999998,0.0
checkpoint_average,chaperones_hspa1b,midas_ops,checkpoint_average,coherent_median_ensemble,quantitative_proxy,quantitative_proxy,unchanged,False,False,True,,0,-0.10174733724252993,-0.09220788820788828,-0.35705749762601935,-0.09999999999999998,0.0
checkpoint_average,nucleolus-gc_npm3,midas_ops,checkpoint_average,coherent_median_ensemble,quantitative_proxy,quantitative_proxy,unchanged,False,False,True,,0,-0.12244524561978642,-0.11458624258624261,-0.24950009440660714,-0.24,0.0
checkpoint_average,nuclei_nucleolive_live_cell_dye,midas_ops,checkpoint_average,coherent_median_ensemble,quantitative_proxy,measurement_required,Q_to_M,True,True,True,recovery;rank;variance_lower;measurement_recovery,4,-0.6898282724483513,-0.15928466728466728,-0.5347077406307954,-0.17999999999999994,0.0
checkpoint_average,endosome_vps35,midas_ops,checkpoint_average,coherent_median_ensemble,quantitative_proxy,unresolved,Q_to_U,True,True,True,rank;quantitative_hit,2,-0.11849281093251007,-0.1575827055827057,-0.30342843938983344,-0.12,0.0
checkpoint_average,er_sec61b,midas_ops,checkpoint_average,coherent_median_ensemble,quantitative_proxy,ranking_proxy,Q_to_R,True,False,True,variance_lower,1,-0.07909575624554033,-0.08006230406230408,-0.3419959935175633,-0.05999999999999994,0.0
checkpoint_average,er_golgi_bridge_vapa,midas_ops,checkpoint_average,coherent_median_ensemble,quantitative_proxy,ranking_proxy,Q_to_R,True,False,True,recovery;variance_lower;measurement_recovery,3,-0.22084110783613775,-0.12440971640971654,-0.5019319605266426,-0.14,0.0
checkpoint_average,mitochondria_chromalive_561_excitation,midas_ops,checkpoint_average,coherent_median_ensemble,quantitative_proxy,ranking_proxy,Q_to_R,True,False,True,recovery;variance_lower,2,-0.1905442758508069,-0.08571904971904964,-0.4088895064878828,-0.12,0.0
checkpoint_average,peroxisome_peroxi_spy650_live_cell_dye,midas_ops,checkpoint_average,coherent_median_ensemble,quantitative_proxy,ranking_proxy,Q_to_R,True,False,True,recovery;variance_lower;measurement_recovery,3,-0.2355861074293225,-0.16984894984894983,-0.39258601429779205,-0.08000000000000007,0.0
checkpoint_average,chromalive_488_excitation,midas_ops,checkpoint_average,coherent_median_ensemble,quantitative_proxy,unresolved,Q_to_U,True,True,True,recovery;rank;variance_lower;quantitative_hit,4,-0.1574855799309719,-0.12926403326403335,-0.5896136929931208,-0.15999999999999992,0.0
checkpoint_average,chromatin_h2bc21,midas_ops,checkpoint_average,coherent_median_ensemble,quantitative_proxy,measurement_required,Q_to_M,True,True,True,recovery;rank;variance_lower;quantitative_hit;measurement_recovery,5,-0.18840873915227196,-0.15321570921570926,-0.43047963902862496,-0.17999999999999994,0.0
checkpoint_average,plasma_membrane_atp1b3,midas_ops,checkpoint_average,coherent_median_ensemble,quantitative_proxy,ranking_proxy,Q_to_R,True,False,True,recovery,1,-0.0852148234569704,-0.07518626718626709,-0.2654733285194335,-0.16000000000000003,0.0
checkpoint_average,endocytic_vesicle_ph_phrodo-dextran_live_cell_dye,midas_ops,checkpoint_average,coherent_median_ensemble,quantitative_proxy,ranking_proxy,Q_to_R,True,False,True,recovery;variance_lower,2,-0.1470849780341804,-0.07517424317424315,-0.5632609393202177,-0.12,0.0
checkpoint_average,5xupre,midas_ops,checkpoint_average,coherent_median_ensemble,quantitative_proxy,ranking_proxy,Q_to_R,True,False,True,recovery,1,-0.06550962349053191,-0.050407610407610326,-0.23793752340636953,-0.12,0.0
checkpoint_average,f-actin_phalloidin,midas_ops,checkpoint_average,coherent_median_ensemble,quantitative_proxy,unresolved,Q_to_U,True,True,True,recovery;rank;variance_lower;quantitative_hit,4,-0.12707887444445343,-0.08156436956436963,-0.253645334548099,-0.07999999999999996,0.0
checkpoint_average,mitochondria_tomm70a,midas_ops,checkpoint_average,coherent_median_ensemble,quantitative_proxy,measurement_required,Q_to_M,True,True,True,recovery;rank;variance_lower;quantitative_hit;measurement_recovery,5,-0.18638761957120542,-0.1442222162222162,-0.3801299680245462,-0.24,0.0
checkpoint_average,lysosome_lamp1,midas_ops,checkpoint_average,coherent_median_ensemble,quantitative_proxy,ranking_proxy,Q_to_R,True,False,True,recovery;variance_lower,2,-0.13370029577943376,-0.11875309075309082,-0.4454849060070018,0.0,0.0
checkpoint_average,autophagosome_atg101,midas_ops,checkpoint_average,coherent_median_ensemble,quantitative_proxy,measurement_required,Q_to_M,True,True,True,recovery;rank;variance_lower;measurement_recovery,4,-0.1204939880646323,-0.22760638760638763,-0.4363234780364166,-0.18000000000000005,0.0
checkpoint_average,nuclear_speckles_srrm2,midas_ops,checkpoint_average,coherent_median_ensemble,ranking_proxy,ranking_proxy,unchanged,False,False,True,recovery;quantitative_hit,2,-0.24230758604801972,-0.14904360504360503,-0.23740019576236582,-0.18000000000000005,0.0
checkpoint_average,proteasome_psmb7,midas_ops,checkpoint_average,coherent_median_ensemble,ranking_proxy,ranking_proxy,unchanged,False,False,True,variance_lower;measurement_recovery,2,-0.16097413687098355,-0.08728473928473923,-0.42396590321345357,-0.040000000000000036,0.0
checkpoint_average,oxidative_stress_cellrox_live-cell_dye,midas_ops,checkpoint_average,coherent_median_ensemble,ranking_proxy,ranking_proxy,unchanged,False,False,True,variance_lower;measurement_recovery,2,-0.1246099985581558,-0.07081096681096688,-0.3036123922245826,-0.05999999999999994,0.0
checkpoint_average,er_ncln,midas_ops,checkpoint_average,coherent_median_ensemble,ranking_proxy,measurement_required,R_to_M,True,True,True,rank;variance_lower;measurement_recovery,3,-0.09336229771288052,-0.0772859692859692,-0.35443133449107944,-0.019999999999999907,0.0
checkpoint_average,trans-golgi_vamp3,midas_ops,checkpoint_average,coherent_median_ensemble,ranking_proxy,measurement_required,R_to_M,True,True,True,rank;variance_lower;measurement_recovery,3,-0.14130879287034903,-0.16198802998802997,-0.3753105539369332,-0.21999999999999997,0.0
checkpoint_average,p21,midas_ops,checkpoint_average,coherent_median_ensemble,ranking_proxy,measurement_required,R_to_M,True,True,True,rank;quantitative_hit;measurement_recovery,3,-0.1332199075034476,-0.12022690822690807,-0.19443130863647182,-0.06000000000000005,0.0
checkpoint_average,mitochondria_tomm20,midas_ops,checkpoint_average,coherent_median_ensemble,ranking_proxy,measurement_required,R_to_M,True,True,True,rank;ranking_hit;measurement_recovery,3,-0.1545874377195725,-0.1444183084183085,-0.2125588262674498,-0.10000000000000003,0.0
checkpoint_average,p53,midas_ops,checkpoint_average,coherent_median_ensemble,measurement_required,measurement_required,unchanged,False,False,True,,0,-0.1488916116372716,-0.16985716985716987,-0.09373865577538579,-0.06,0.0
checkpoint_average,caspase_activity_cellevent-caspase_live-cell_dye,midas_ops,checkpoint_average,coherent_median_ensemble,measurement_required,measurement_required,unchanged,False,False,True,,0,-0.21511823607161273,-0.23804961404961417,-0.05941709038903431,-0.07999999999999996,0.0
checkpoint_average,ps6,midas_ops,checkpoint_average,coherent_median_ensemble,measurement_required,measurement_required,unchanged,False,False,True,,0,-0.18678445075597827,-0.16601323001323004,-0.03903427840939971,-0.020000000000000018,0.0
checkpoint_average,prb,midas_ops,checkpoint_average,coherent_median_ensemble,not_identifiable,not_identifiable,unchanged,False,False,False,rank;quantitative_hit;ranking_hit,3,-0.17257369145535595,-0.23295916095916103,-0.013888826882592797,-0.19999999999999996,0.0
checkpoint_average,nuclei_hoechst,midas_ops,checkpoint_average,coherent_median_ensemble,not_identifiable,not_identifiable,unchanged,False,False,False,recovery;variance_lower;ranking_hit;measurement_recovery,4,-0.22794709122963808,-0.22541596541596554,-0.36173976066558133,-0.22000000000000003,0.0
checkpoint_average,nucleoli_npm1,midas_ops,checkpoint_average,coherent_median_ensemble,not_identifiable,not_identifiable,unchanged,False,False,False,,0,-0.16373483499523372,-0.13995279195279187,-0.1038368149400587,-0.12,0.0
checkpoint_average,b-catenin,midas_ops,checkpoint_average,coherent_median_ensemble,not_identifiable,not_identifiable,unchanged,False,False,False,ranking_hit,1,-0.21344207812740357,-0.17946677946677958,-0.2766557418079021,-0.06,0.0
checkpoint_average,c-myc,midas_ops,checkpoint_average,coherent_median_ensemble,not_identifiable,not_identifiable,unchanged,False,False,False,ranking_hit,1,-0.1693437609543575,-0.0573801093801094,-0.2307257759023398,-0.03999999999999998,0.0
checkpoint_average,er_cona,midas_ops,checkpoint_average,coherent_median_ensemble,not_identifiable,not_identifiable,unchanged,False,False,False,recovery;rank;variance_lower,3,-0.10875720277325973,-0.07163119163119158,-0.2405322726753923,-0.020000000000000018,0.0
checkpoint_average,microtubules_tubulin,midas_ops,checkpoint_average,coherent_median_ensemble,not_identifiable,not_identifiable,unchanged,False,False,False,recovery;rank;variance_lower;quantitative_hit;ranking_hit,5,-0.12606374852508928,-0.08741557541557554,-0.2616102640680578,-0.12,0.0
checkpoint_average,nucleolus-dfc_fbl,midas_ops,checkpoint_average,coherent_median_ensemble,not_identifiable,not_identifiable,unchanged,False,False,False,recovery;rank;variance_lower,3,-0.19248688968808958,-0.17251934851934858,-0.3965900928817709,-0.18000000000000005,0.0
checkpoint_average,plasma_membrane_wga,midas_ops,checkpoint_average,coherent_median_ensemble,not_identifiable,not_identifiable,unchanged,False,False,False,recovery;rank;variance_lower;quantitative_hit,4,-0.11187285410174108,-0.07105324705324711,-0.2719393520262015,-0.07999999999999996,0.0
checkpoint_average,microtubules_map4,midas_ops,checkpoint_average,coherent_median_ensemble,unresolved,unresolved,unchanged,False,False,True,variance_lower;quantitative_hit,2,-0.09024218843720988,-0.0783046263046262,-0.3535971759124839,-0.08000000000000007,0.0
checkpoint_average,lipid_droplet_plin2,midas_ops,checkpoint_average,coherent_median_ensemble,unresolved,measurement_required,U_to_M,True,False,True,recovery;measurement_recovery,2,-0.15507390821394673,-0.1134878574878575,-0.28309413079620815,-0.08000000000000002,0.0
checkpoint_average,cell_proliferation_marker_mki67,midas_ops,checkpoint_average,coherent_median_ensemble,unresolved,measurement_required,U_to_M,True,False,True,recovery;variance_lower;quantitative_hit;ranking_hit;measurement_recovery,5,-0.2719687751868141,-0.1489368409368409,-0.14135636386305672,-0.14,0.0
checkpoint_average,stress_granule_g3bp1,scpair_ops,checkpoint_average,coherent_median_ensemble,quantitative_proxy,quantitative_proxy,unchanged,False,False,True,,0,-0.0037208900450108606,-0.00048637248637217745,-0.011476315128101655,0.0,0.0
checkpoint_average,lysosome_lysotracker_live-cell_dye,scpair_ops,checkpoint_average,coherent_median_ensemble,quantitative_proxy,quantitative_proxy,unchanged,False,False,True,,0,-0.007267121984336433,-0.0002948402948401707,-0.004550693291437979,0.0,0.0
checkpoint_average,er_golgi_cop-ii_sec23a,scpair_ops,checkpoint_average,coherent_median_ensemble,quantitative_proxy,quantitative_proxy,unchanged,False,False,True,,0,-0.012137690724670636,-0.009209853209852792,-0.018514787787559328,0.0,0.0
checkpoint_average,early_endosome_eea1,scpair_ops,checkpoint_average,coherent_median_ensemble,quantitative_proxy,quantitative_proxy,unchanged,False,False,True,,0,-0.00905464792433841,-0.007918855918855994,-0.04176991342664993,0.0,0.0
checkpoint_average,lipid_droplet_bodipy_live_cell_dye,scpair_ops,checkpoint_average,coherent_median_ensemble,quantitative_proxy,quantitative_proxy,unchanged,False,False,True,,0,-0.007360565341197001,-0.0008945888945890434,0.015078216184358118,-0.020000000000000018,0.0
checkpoint_average,late_endosome_rab7a,scpair_ops,checkpoint_average,coherent_median_ensemble,quantitative_proxy,quantitative_proxy,unchanged,False,False,True,,0,-0.01063949912454687,-0.005733761733761833,-0.012396596305559004,-0.039999999999999925,0.0
checkpoint_average,actin_filament_fastact_spy555_live_cell_dye,scpair_ops,checkpoint_average,coherent_median_ensemble,quantitative_proxy,quantitative_proxy,unchanged,False,False,True,,0,-0.008580793396778419,-0.002851574851575167,-0.012808953521069921,0.0,0.0
checkpoint_average,plasma_membrane_slc3a2,scpair_ops,checkpoint_average,coherent_median_ensemble,quantitative_proxy,quantitative_proxy,unchanged,False,False,True,,0,-0.005860942633284405,-0.0045365085365087765,0.00805183494703976,0.0,0.0
checkpoint_average,clathrin_vesicles_clta,scpair_ops,checkpoint_average,coherent_median_ensemble,quantitative_proxy,quantitative_proxy,unchanged,False,False,True,,0,-0.010982922278660823,-0.004679920679920402,-0.00557835064604606,-0.040000000000000036,0.0
checkpoint_average,autophagosome_map1lc3b,scpair_ops,checkpoint_average,coherent_median_ensemble,quantitative_proxy,quantitative_proxy,unchanged,False,False,True,,0,-0.012136781268686336,-0.00962724962724959,0.02228764894292601,-0.040000000000000036,0.0
checkpoint_average,fe2+_ferhonox_live-cell_dye,scpair_ops,checkpoint_average,coherent_median_ensemble,quantitative_proxy,quantitative_proxy,unchanged,False,False,True,,0,-0.09033812343146042,-0.020312492312492214,-0.004373031510664149,-0.020000000000000018,0.0
checkpoint_average,recycling_endosome_tfrc,scpair_ops,checkpoint_average,coherent_median_ensemble,quantitative_proxy,quantitative_proxy,unchanged,False,False,True,,0,-0.026134191418153985,-0.003928155928156207,0.010981836610695073,-0.040000000000000036,0.0
checkpoint_average,er_golgi_cope,scpair_ops,checkpoint_average,coherent_median_ensemble,quantitative_proxy,quantitative_proxy,unchanged,False,False,True,,0,-0.012582624376236473,-0.011939471939471757,0.0037324674553562698,0.0,0.0
checkpoint_average,chaperones_hspa1b,scpair_ops,checkpoint_average,coherent_median_ensemble,quantitative_proxy,quantitative_proxy,unchanged,False,False,True,,0,-0.01122160216742496,-0.011621123621123441,-0.0025487657871517966,-0.020000000000000018,0.0
checkpoint_average,nucleolus-gc_npm3,scpair_ops,checkpoint_average,coherent_median_ensemble,quantitative_proxy,quantitative_proxy,unchanged,False,False,True,,0,-0.017781064283633463,-0.010133614133614022,-0.0651413071704342,-0.05999999999999994,0.0
checkpoint_average,nuclei_nucleolive_live_cell_dye,scpair_ops,checkpoint_average,coherent_median_ensemble,quantitative_proxy,quantitative_proxy,unchanged,False,False,True,,0,0.007534561158978215,0.0025424305424305293,0.05476212605518793,0.0,0.0
checkpoint_average,endosome_vps35,scpair_ops,checkpoint_average,coherent_median_ensemble,quantitative_proxy,quantitative_proxy,unchanged,False,False,True,,0,-0.018196674107850086,-0.021532737532737656,-0.023622101686669117,0.040000000000000036,0.0
checkpoint_average,er_sec61b,scpair_ops,checkpoint_average,coherent_median_ensemble,quantitative_proxy,quantitative_proxy,unchanged,False,False,True,,0,-0.011279993754075512,-0.004957684957684894,0.08057643756227262,0.0,0.0
checkpoint_average,er_golgi_bridge_vapa,scpair_ops,checkpoint_average,coherent_median_ensemble,quantitative_proxy,quantitative_proxy,unchanged,False,False,True,,0,-0.03403922987038688,-0.023001191001191135,-0.17527971198142278,-0.06000000000000005,0.0
checkpoint_average,mitochondria_chromalive_561_excitation,scpair_ops,checkpoint_average,coherent_median_ensemble,quantitative_proxy,quantitative_proxy,unchanged,False,False,True,,0,-0.01577368145715341,0.0010221730221732228,-0.02852094596764443,0.0,0.0
checkpoint_average,peroxisome_peroxi_spy650_live_cell_dye,scpair_ops,checkpoint_average,coherent_median_ensemble,quantitative_proxy,quantitative_proxy,unchanged,False,False,True,,0,-0.027753152124634584,-0.011165159165159144,0.01749666818873219,-0.020000000000000018,0.0
checkpoint_average,chromalive_488_excitation,scpair_ops,checkpoint_average,coherent_median_ensemble,quantitative_proxy,quantitative_proxy,unchanged,False,False,True,,0,-0.010624592316170856,-0.0028959508959508495,0.02611074617114817,0.0,0.0
checkpoint_average,chromatin_h2bc21,scpair_ops,checkpoint_average,coherent_median_ensemble,quantitative_proxy,quantitative_proxy,unchanged,False,False,True,,0,-0.00495825550445439,-0.0007644367644368266,-0.00922684512053773,0.0,0.0
checkpoint_average,plasma_membrane_atp1b3,scpair_ops,checkpoint_average,coherent_median_ensemble,quantitative_proxy,quantitative_proxy,unchanged,False,False,True,,0,-0.026761618067947968,-0.007978279978279934,-0.09413797936212454,-0.040000000000000036,0.0
checkpoint_average,endocytic_vesicle_ph_phrodo-dextran_live_cell_dye,scpair_ops,checkpoint_average,coherent_median_ensemble,quantitative_proxy,quantitative_proxy,unchanged,False,False,True,,0,-0.015314451577273847,-0.009456249456249455,0.02163028037100978,0.0,0.0
checkpoint_average,5xupre,scpair_ops,checkpoint_average,coherent_median_ensemble,quantitative_proxy,quantitative_proxy,unchanged,False,False,True,,0,-0.008263166923669907,-0.004220332220332357,0.02632818531277481,-0.040000000000000036,0.0
checkpoint_average,f-actin_phalloidin,scpair_ops,checkpoint_average,coherent_median_ensemble,quantitative_proxy,quantitative_proxy,unchanged,False,False,True,,0,-0.009059656431905094,-0.004675048675048643,0.03272081318501763,-0.020000000000000018,0.0
checkpoint_average,mitochondria_tomm70a,scpair_ops,checkpoint_average,coherent_median_ensemble,quantitative_proxy,quantitative_proxy,unchanged,False,False,True,,0,-0.016772634417181465,-0.006551394551394529,0.020834224732488305,0.0,0.0
checkpoint_average,lysosome_lamp1,scpair_ops,checkpoint_average,coherent_median_ensemble,quantitative_proxy,quantitative_proxy,unchanged,False,False,True,,0,-0.02717413794816137,-0.034883458883458784,-0.0668119234997766,-0.020000000000000018,0.0
checkpoint_average,autophagosome_atg101,scpair_ops,checkpoint_average,coherent_median_ensemble,quantitative_proxy,ranking_proxy,Q_to_R,True,False,True,recovery,1,-0.04223864815053746,-0.05343584943584945,-0.11439691621827008,-0.020000000000000018,0.0
checkpoint_average,nuclear_speckles_srrm2,scpair_ops,checkpoint_average,coherent_median_ensemble,ranking_proxy,ranking_proxy,unchanged,False,False,True,,0,-0.009793030526539126,-0.0007235047235046865,-0.0020378893236182027,-0.020000000000000018,0.0
checkpoint_average,proteasome_psmb7,scpair_ops,checkpoint_average,coherent_median_ensemble,ranking_proxy,ranking_proxy,unchanged,False,False,True,measurement_recovery,1,-0.012041721044120934,-0.013733773733773713,-0.06291887800064322,0.0,0.0
checkpoint_average,oxidative_stress_cellrox_live-cell_dye,scpair_ops,checkpoint_average,coherent_median_ensemble,ranking_proxy,ranking_proxy,unchanged,False,False,True,,0,-0.011413127303782633,0.0015882375882375621,-0.012621024546794035,-0.019999999999999907,0.0
checkpoint_average,er_ncln,scpair_ops,checkpoint_average,coherent_median_ensemble,ranking_proxy,ranking_proxy,unchanged,False,False,True,,0,-0.030613063916085537,-0.01723699723699712,-0.00023512066846997914,0.0,0.0
checkpoint_average,trans-golgi_vamp3,scpair_ops,checkpoint_average,coherent_median_ensemble,ranking_proxy,unresolved,R_to_U,True,True,True,rank,1,-0.04897996359760304,-0.047373563373563354,-0.10731178686029919,-0.05999999999999994,0.0
checkpoint_average,p21,scpair_ops,checkpoint_average,coherent_median_ensemble,ranking_proxy,ranking_proxy,unchanged,False,False,True,,0,-0.007824308312009864,-0.011455079455079398,-0.006738633817753303,-0.040000000000000036,0.0
checkpoint_average,mitochondria_tomm20,scpair_ops,checkpoint_average,coherent_median_ensemble,ranking_proxy,ranking_proxy,unchanged,False,False,True,,0,-0.01396776662296706,-0.0054365814365814336,0.04277136485409949,0.040000000000000036,0.0
checkpoint_average,p53,scpair_ops,checkpoint_average,coherent_median_ensemble,measurement_required,measurement_required,unchanged,False,False,True,,0,-0.019287895235927666,-0.0066262386262386785,0.010015014922383297,0.03999999999999998,0.0
checkpoint_average,caspase_activity_cellevent-caspase_live-cell_dye,scpair_ops,checkpoint_average,coherent_median_ensemble,measurement_required,measurement_required,unchanged,False,False,True,variance_lower,1,-0.0670689745017029,-0.028454692454692454,0.08731018076813596,-0.03999999999999998,0.0
checkpoint_average,ps6,scpair_ops,checkpoint_average,coherent_median_ensemble,measurement_required,measurement_required,unchanged,False,False,True,,0,-0.008495798961647871,-0.01478186678186677,-0.0022751014057053043,0.0,0.0
checkpoint_average,prb,scpair_ops,checkpoint_average,coherent_median_ensemble,not_identifiable,not_identifiable,unchanged,False,False,False,rank;quantitative_hit;ranking_hit,3,-0.005056633286264489,-0.17667911667911662,0.057709059430916906,-0.52,0.0
checkpoint_average,nuclei_hoechst,scpair_ops,checkpoint_average,coherent_median_ensemble,not_identifiable,not_identifiable,unchanged,False,False,False,,0,-0.005446236935339854,-6.59280659280892e-05,0.05946355172342166,0.040000000000000036,0.0
checkpoint_average,nucleoli_npm1,scpair_ops,checkpoint_average,coherent_median_ensemble,not_identifiable,not_identifiable,unchanged,False,False,False,variance_lower,1,-0.017089759876521282,-0.024973068973069,0.10984605286607152,0.0,0.0
checkpoint_average,b-catenin,scpair_ops,checkpoint_average,coherent_median_ensemble,not_identifiable,not_identifiable,unchanged,False,False,False,,0,-0.00957886617079573,-0.012858132858132865,-0.01654550157083351,0.020000000000000018,0.0
checkpoint_average,c-myc,scpair_ops,checkpoint_average,coherent_median_ensemble,not_identifiable,not_identifiable,unchanged,False,False,False,ranking_hit,1,-0.02003401778003,-0.016084360084359983,-0.014228655144482516,-0.020000000000000018,0.0
checkpoint_average,er_cona,scpair_ops,checkpoint_average,coherent_median_ensemble,not_identifiable,not_identifiable,unchanged,False,False,False,quantitative_hit,1,-0.009595095102929552,-0.011171183171183152,0.03447026506842987,0.039999999999999925,0.0
checkpoint_average,microtubules_tubulin,scpair_ops,checkpoint_average,coherent_median_ensemble,not_identifiable,not_identifiable,unchanged,False,False,False,,0,-0.010270460570168005,-0.007502887502887523,0.022775361302554753,0.020000000000000018,0.0
checkpoint_average,nucleolus-dfc_fbl,scpair_ops,checkpoint_average,coherent_median_ensemble,not_identifiable,not_identifiable,unchanged,False,False,False,,0,-0.01192490868799867,-0.006598410598410709,-0.005007326068849127,0.019999999999999907,0.0
checkpoint_average,plasma_membrane_wga,scpair_ops,checkpoint_average,coherent_median_ensemble,not_identifiable,not_identifiable,unchanged,False,False,False,,0,-0.011112347435090264,-0.004893328893329052,0.047001072573220504,0.0,0.0
checkpoint_average,microtubules_map4,scpair_ops,checkpoint_average,coherent_median_ensemble,unresolved,unresolved,unchanged,False,False,True,,0,-0.010157001997186277,-0.005526053526053509,0.013640492328210074,-0.020000000000000018,0.0
checkpoint_average,lipid_droplet_plin2,scpair_ops,checkpoint_average,coherent_median_ensemble,unresolved,unresolved,unchanged,False,False,True,recovery;variance_lower,2,-0.03564328487632418,-0.042489042489042395,0.1260786843848311,0.020000000000000018,0.0
checkpoint_average,cell_proliferation_marker_mki67,scpair_ops,checkpoint_average,coherent_median_ensemble,unresolved,unresolved,unchanged,False,False,True,recovery;quantitative_hit,2,-0.039504757012135294,-0.03805753405753409,0.013576280152429732,-0.040000000000000036,0.0
checkpoint_average,stress_granule_g3bp1,coherent_median_ensemble,checkpoint_average,coherent_median_ensemble,quantitative_proxy,quantitative_proxy,unchanged,False,False,True,,0,0.0,0.0,0.0,0.0,0.0
checkpoint_average,lysosome_lysotracker_live-cell_dye,coherent_median_ensemble,checkpoint_average,coherent_median_ensemble,quantitative_proxy,quantitative_proxy,unchanged,False,False,True,,0,0.0,0.0,0.0,0.0,0.0
checkpoint_average,er_golgi_cop-ii_sec23a,coherent_median_ensemble,checkpoint_average,coherent_median_ensemble,quantitative_proxy,quantitative_proxy,unchanged,False,False,True,,0,0.0,0.0,0.0,0.0,0.0
checkpoint_average,early_endosome_eea1,coherent_median_ensemble,checkpoint_average,coherent_median_ensemble,quantitative_proxy,quantitative_proxy,unchanged,False,False,True,,0,0.0,0.0,0.0,0.0,0.0
checkpoint_average,lipid_droplet_bodipy_live_cell_dye,coherent_median_ensemble,checkpoint_average,coherent_median_ensemble,quantitative_proxy,quantitative_proxy,unchanged,False,False,True,,0,0.0,0.0,0.0,0.0,0.0
checkpoint_average,late_endosome_rab7a,coherent_median_ensemble,checkpoint_average,coherent_median_ensemble,quantitative_proxy,quantitative_proxy,unchanged,False,False,True,,0,0.0,0.0,0.0,0.0,0.0
checkpoint_average,actin_filament_fastact_spy555_live_cell_dye,coherent_median_ensemble,checkpoint_average,coherent_median_ensemble,quantitative_proxy,quantitative_proxy,unchanged,False,False,True,,0,0.0,0.0,0.0,0.0,0.0
checkpoint_average,plasma_membrane_slc3a2,coherent_median_ensemble,checkpoint_average,coherent_median_ensemble,quantitative_proxy,quantitative_proxy,unchanged,False,False,True,,0,0.0,0.0,0.0,0.0,0.0
checkpoint_average,clathrin_vesicles_clta,coherent_median_ensemble,checkpoint_average,coherent_median_ensemble,quantitative_proxy,quantitative_proxy,unchanged,False,False,True,,0,0.0,0.0,0.0,0.0,0.0
checkpoint_average,autophagosome_map1lc3b,coherent_median_ensemble,checkpoint_average,coherent_median_ensemble,quantitative_proxy,quantitative_proxy,unchanged,False,False,True,,0,0.0,0.0,0.0,0.0,0.0
checkpoint_average,fe2+_ferhonox_live-cell_dye,coherent_median_ensemble,checkpoint_average,coherent_median_ensemble,quantitative_proxy,quantitative_proxy,unchanged,False,False,True,,0,0.0,0.0,0.0,0.0,0.0
checkpoint_average,recycling_endosome_tfrc,coherent_median_ensemble,checkpoint_average,coherent_median_ensemble,quantitative_proxy,quantitative_proxy,unchanged,False,False,True,,0,0.0,0.0,0.0,0.0,0.0
checkpoint_average,er_golgi_cope,coherent_median_ensemble,checkpoint_average,coherent_median_ensemble,quantitative_proxy,quantitative_proxy,unchanged,False,False,True,,0,0.0,0.0,0.0,0.0,0.0
checkpoint_average,chaperones_hspa1b,coherent_median_ensemble,checkpoint_average,coherent_median_ensemble,quantitative_proxy,quantitative_proxy,unchanged,False,False,True,,0,0.0,0.0,0.0,0.0,0.0
checkpoint_average,nucleolus-gc_npm3,coherent_median_ensemble,checkpoint_average,coherent_median_ensemble,quantitative_proxy,quantitative_proxy,unchanged,False,False,True,,0,0.0,0.0,0.0,0.0,0.0
checkpoint_average,nuclei_nucleolive_live_cell_dye,coherent_median_ensemble,checkpoint_average,coherent_median_ensemble,quantitative_proxy,quantitative_proxy,unchanged,False,False,True,,0,0.0,0.0,0.0,0.0,0.0
checkpoint_average,endosome_vps35,coherent_median_ensemble,checkpoint_average,coherent_median_ensemble,quantitative_proxy,quantitative_proxy,unchanged,False,False,True,,0,0.0,0.0,0.0,0.0,0.0
checkpoint_average,er_sec61b,coherent_median_ensemble,checkpoint_average,coherent_median_ensemble,quantitative_proxy,quantitative_proxy,unchanged,False,False,True,,0,0.0,0.0,0.0,0.0,0.0
checkpoint_average,er_golgi_bridge_vapa,coherent_median_ensemble,checkpoint_average,coherent_median_ensemble,quantitative_proxy,quantitative_proxy,unchanged,False,False,True,,0,0.0,0.0,0.0,0.0,0.0
checkpoint_average,mitochondria_chromalive_561_excitation,coherent_median_ensemble,checkpoint_average,coherent_median_ensemble,quantitative_proxy,quantitative_proxy,unchanged,False,False,True,,0,0.0,0.0,0.0,0.0,0.0
checkpoint_average,peroxisome_peroxi_spy650_live_cell_dye,coherent_median_ensemble,checkpoint_average,coherent_median_ensemble,quantitative_proxy,quantitative_proxy,unchanged,False,False,True,,0,0.0,0.0,0.0,0.0,0.0
checkpoint_average,chromalive_488_excitation,coherent_median_ensemble,checkpoint_average,coherent_median_ensemble,quantitative_proxy,quantitative_proxy,unchanged,False,False,True,,0,0.0,0.0,0.0,0.0,0.0
checkpoint_average,chromatin_h2bc21,coherent_median_ensemble,checkpoint_average,coherent_median_ensemble,quantitative_proxy,quantitative_proxy,unchanged,False,False,True,,0,0.0,0.0,0.0,0.0,0.0
checkpoint_average,plasma_membrane_atp1b3,coherent_median_ensemble,checkpoint_average,coherent_median_ensemble,quantitative_proxy,quantitative_proxy,unchanged,False,False,True,,0,0.0,0.0,0.0,0.0,0.0
checkpoint_average,endocytic_vesicle_ph_phrodo-dextran_live_cell_dye,coherent_median_ensemble,checkpoint_average,coherent_median_ensemble,quantitative_proxy,quantitative_proxy,unchanged,False,False,True,,0,0.0,0.0,0.0,0.0,0.0
checkpoint_average,5xupre,coherent_median_ensemble,checkpoint_average,coherent_median_ensemble,quantitative_proxy,quantitative_proxy,unchanged,False,False,True,,0,0.0,0.0,0.0,0.0,0.0
checkpoint_average,f-actin_phalloidin,coherent_median_ensemble,checkpoint_average,coherent_median_ensemble,quantitative_proxy,quantitative_proxy,unchanged,False,False,True,,0,0.0,0.0,0.0,0.0,0.0
checkpoint_average,mitochondria_tomm70a,coherent_median_ensemble,checkpoint_average,coherent_median_ensemble,quantitative_proxy,quantitative_proxy,unchanged,False,False,True,,0,0.0,0.0,0.0,0.0,0.0
checkpoint_average,lysosome_lamp1,coherent_median_ensemble,checkpoint_average,coherent_median_ensemble,quantitative_proxy,quantitative_proxy,unchanged,False,False,True,,0,0.0,0.0,0.0,0.0,0.0
checkpoint_average,autophagosome_atg101,coherent_median_ensemble,checkpoint_average,coherent_median_ensemble,quantitative_proxy,quantitative_proxy,unchanged,False,False,True,,0,0.0,0.0,0.0,0.0,0.0
checkpoint_average,nuclear_speckles_srrm2,coherent_median_ensemble,checkpoint_average,coherent_median_ensemble,ranking_proxy,ranking_proxy,unchanged,False,False,True,,0,0.0,0.0,0.0,0.0,0.0
checkpoint_average,proteasome_psmb7,coherent_median_ensemble,checkpoint_average,coherent_median_ensemble,ranking_proxy,ranking_proxy,unchanged,False,False,True,,0,0.0,0.0,0.0,0.0,0.0
checkpoint_average,oxidative_stress_cellrox_live-cell_dye,coherent_median_ensemble,checkpoint_average,coherent_median_ensemble,ranking_proxy,ranking_proxy,unchanged,False,False,True,,0,0.0,0.0,0.0,0.0,0.0
checkpoint_average,er_ncln,coherent_median_ensemble,checkpoint_average,coherent_median_ensemble,ranking_proxy,ranking_proxy,unchanged,False,False,True,,0,0.0,0.0,0.0,0.0,0.0
checkpoint_average,trans-golgi_vamp3,coherent_median_ensemble,checkpoint_average,coherent_median_ensemble,ranking_proxy,ranking_proxy,unchanged,False,False,True,,0,0.0,0.0,0.0,0.0,0.0
checkpoint_average,p21,coherent_median_ensemble,checkpoint_average,coherent_median_ensemble,ranking_proxy,ranking_proxy,unchanged,False,False,True,,0,0.0,0.0,0.0,0.0,0.0
checkpoint_average,mitochondria_tomm20,coherent_median_ensemble,checkpoint_average,coherent_median_ensemble,ranking_proxy,ranking_proxy,unchanged,False,False,True,,0,0.0,0.0,0.0,0.0,0.0
checkpoint_average,p53,coherent_median_ensemble,checkpoint_average,coherent_median_ensemble,measurement_required,measurement_required,unchanged,False,False,True,,0,0.0,0.0,0.0,0.0,0.0
checkpoint_average,caspase_activity_cellevent-caspase_live-cell_dye,coherent_median_ensemble,checkpoint_average,coherent_median_ensemble,measurement_required,measurement_required,unchanged,False,False,True,,0,0.0,0.0,0.0,0.0,0.0
checkpoint_average,ps6,coherent_median_ensemble,checkpoint_average,coherent_median_ensemble,measurement_required,measurement_required,unchanged,False,False,True,,0,0.0,0.0,0.0,0.0,0.0
checkpoint_average,prb,coherent_median_ensemble,checkpoint_average,coherent_median_ensemble,not_identifiable,not_identifiable,unchanged,False,False,False,,0,0.0,0.0,0.0,0.0,0.0
checkpoint_average,nuclei_hoechst,coherent_median_ensemble,checkpoint_average,coherent_median_ensemble,not_identifiable,not_identifiable,unchanged,False,False,False,,0,0.0,0.0,0.0,0.0,0.0
checkpoint_average,nucleoli_npm1,coherent_median_ensemble,checkpoint_average,coherent_median_ensemble,not_identifiable,not_identifiable,unchanged,False,False,False,,0,0.0,0.0,0.0,0.0,0.0
checkpoint_average,b-catenin,coherent_median_ensemble,checkpoint_average,coherent_median_ensemble,not_identifiable,not_identifiable,unchanged,False,False,False,,0,0.0,0.0,0.0,0.0,0.0
checkpoint_average,c-myc,coherent_median_ensemble,checkpoint_average,coherent_median_ensemble,not_identifiable,not_identifiable,unchanged,False,False,False,,0,0.0,0.0,0.0,0.0,0.0
checkpoint_average,er_cona,coherent_median_ensemble,checkpoint_average,coherent_median_ensemble,not_identifiable,not_identifiable,unchanged,False,False,False,,0,0.0,0.0,0.0,0.0,0.0
checkpoint_average,microtubules_tubulin,coherent_median_ensemble,checkpoint_average,coherent_median_ensemble,not_identifiable,not_identifiable,unchanged,False,False,False,,0,0.0,0.0,0.0,0.0,0.0
checkpoint_average,nucleolus-dfc_fbl,coherent_median_ensemble,checkpoint_average,coherent_median_ensemble,not_identifiable,not_identifiable,unchanged,False,False,False,,0,0.0,0.0,0.0,0.0,0.0
checkpoint_average,plasma_membrane_wga,coherent_median_ensemble,checkpoint_average,coherent_median_ensemble,not_identifiable,not_identifiable,unchanged,False,False,False,,0,0.0,0.0,0.0,0.0,0.0
checkpoint_average,microtubules_map4,coherent_median_ensemble,checkpoint_average,coherent_median_ensemble,unresolved,unresolved,unchanged,False,False,True,,0,0.0,0.0,0.0,0.0,0.0
checkpoint_average,lipid_droplet_plin2,coherent_median_ensemble,checkpoint_average,coherent_median_ensemble,unresolved,unresolved,unchanged,False,False,True,,0,0.0,0.0,0.0,0.0,0.0
checkpoint_average,cell_proliferation_marker_mki67,coherent_median_ensemble,checkpoint_average,coherent_median_ensemble,unresolved,unresolved,unchanged,False,False,True,,0,0.0,0.0,0.0,0.0,0.0
single,stress_granule_g3bp1,ridge,checkpoint_average,coherent_median_ensemble,quantitative_proxy,quantitative_proxy,unchanged,False,False,True,,0,-0.009857415885347165,-0.012617508617508544,-9.524422825979428e-07,0.0,0.0
single,lysosome_lysotracker_live-cell_dye,ridge,checkpoint_average,coherent_median_ensemble,quantitative_proxy,quantitative_proxy,unchanged,False,False,True,,0,-0.005343784060466983,-0.001522057522057585,0.03190252228467716,0.0,0.0
single,er_golgi_cop-ii_sec23a,ridge,checkpoint_average,coherent_median_ensemble,quantitative_proxy,quantitative_proxy,unchanged,False,False,True,,0,-0.007334876822747249,0.001430305430305645,0.19517765208818194,0.0,0.0
single,early_endosome_eea1,ridge,checkpoint_average,coherent_median_ensemble,quantitative_proxy,quantitative_proxy,unchanged,False,False,True,,0,-0.008191105127761,-0.0010752010752008712,0.032101666791097605,0.020000000000000018,0.0
single,lipid_droplet_bodipy_live_cell_dye,ridge,checkpoint_average,coherent_median_ensemble,quantitative_proxy,quantitative_proxy,unchanged,False,False,True,,0,-0.010934208789665556,-0.007094023094023072,0.005890338144679874,-0.020000000000000018,0.0
single,late_endosome_rab7a,ridge,checkpoint_average,coherent_median_ensemble,quantitative_proxy,quantitative_proxy,unchanged,False,False,True,,0,-0.01494606460410719,-0.008650220650220808,0.03984591811896987,-0.039999999999999925,0.0
single,actin_filament_fastact_spy555_live_cell_dye,ridge,checkpoint_average,coherent_median_ensemble,quantitative_proxy,quantitative_proxy,unchanged,False,False,True,,0,-0.01480646258467,-0.009391833391833582,0.05112487023693768,-0.039999999999999925,0.0
single,plasma_membrane_slc3a2,ridge,checkpoint_average,coherent_median_ensemble,quantitative_proxy,quantitative_proxy,unchanged,False,False,True,,0,-0.0059664622431035985,-0.0048981648981651915,0.020449520093819507,-0.020000000000000018,0.0
single,clathrin_vesicles_clta,ridge,checkpoint_average,coherent_median_ensemble,quantitative_proxy,quantitative_proxy,unchanged,False,False,True,,0,-0.012108536956406457,-0.009031461031460797,0.061000746922501126,-0.020000000000000018,0.0
single,autophagosome_map1lc3b,ridge,checkpoint_average,coherent_median_ensemble,quantitative_proxy,quantitative_proxy,unchanged,False,False,True,,0,-0.028681145606196168,-0.004405468405468405,0.20737079173359774,0.020000000000000018,0.0
single,fe2+_ferhonox_live-cell_dye,ridge,checkpoint_average,coherent_median_ensemble,quantitative_proxy,quantitative_proxy,unchanged,False,False,True,,0,-0.016339550788830648,-0.009965097965098035,0.06654004631374899,0.0,0.0
single,recycling_endosome_tfrc,ridge,checkpoint_average,coherent_median_ensemble,quantitative_proxy,quantitative_proxy,unchanged,False,False,True,,0,-0.02073510981927673,-0.012011976011976011,0.01711716366943583,-0.040000000000000036,0.0
single,er_golgi_cope,ridge,checkpoint_average,coherent_median_ensemble,quantitative_proxy,quantitative_proxy,unchanged,False,False,True,,0,-0.018093616450594707,-0.003941943941943804,0.06169903333669846,0.039999999999999925,0.0
single,chaperones_hspa1b,ridge,checkpoint_average,coherent_median_ensemble,quantitative_proxy,quantitative_proxy,unchanged,False,False,True,,0,-0.014548680447411422,-0.010212718212718186,0.07439545372468048,-0.020000000000000018,0.0
single,nucleolus-gc_npm3,ridge,checkpoint_average,coherent_median_ensemble,quantitative_proxy,quantitative_proxy,unchanged,False,False,True,,0,-0.007096548004424386,-0.015203091203091157,0.04171749249269552,0.020000000000000018,0.0
single,nuclei_nucleolive_live_cell_dye,ridge,checkpoint_average,coherent_median_ensemble,quantitative_proxy,ranking_proxy,Q_to_R,True,False,True,recovery;measurement_recovery,2,-0.2733630939390811,-0.06938512538512542,-0.1692810526806039,-0.07999999999999996,0.0
single,endosome_vps35,ridge,checkpoint_average,coherent_median_ensemble,quantitative_proxy,quantitative_proxy,unchanged,False,False,True,,0,-0.03432001204703661,-0.03793630993631003,0.09139171584733086,0.0,0.0
single,er_sec61b,ridge,checkpoint_average,coherent_median_ensemble,quantitative_proxy,quantitative_proxy,unchanged,False,False,True,,0,-0.012212145254775542,-0.0009121449121449743,0.15619403409187915,0.020000000000000018,0.0
single,er_golgi_bridge_vapa,ridge,checkpoint_average,coherent_median_ensemble,quantitative_proxy,quantitative_proxy,unchanged,False,False,True,,0,-0.010760590132595005,-0.00029762429762436593,0.06040479993481407,0.020000000000000018,0.0
single,mitochondria_chromalive_561_excitation,ridge,checkpoint_average,coherent_median_ensemble,quantitative_proxy,quantitative_proxy,unchanged,False,False,True,,0,-0.027200151518844473,-0.0067591867591864085,0.03162379458347486,-0.020000000000000018,0.0
single,peroxisome_peroxi_spy650_live_cell_dye,ridge,checkpoint_average,coherent_median_ensemble,quantitative_proxy,quantitative_proxy,unchanged,False,False,True,,0,-0.03837317837837195,-0.022212322212322277,0.07869740293346694,0.020000000000000018,0.0
single,chromalive_488_excitation,ridge,checkpoint_average,coherent_median_ensemble,quantitative_proxy,quantitative_proxy,unchanged,False,False,True,,0,-0.06569291413259815,-0.03873795873795871,-0.004074533844035555,-0.020000000000000018,0.0
single,chromatin_h2bc21,ridge,checkpoint_average,coherent_median_ensemble,quantitative_proxy,quantitative_proxy,unchanged,False,False,True,,0,-0.04265202209317487,-0.012698556698556573,0.01487456059332315,-0.040000000000000036,0.0
single,plasma_membrane_atp1b3,ridge,checkpoint_average,coherent_median_ensemble,quantitative_proxy,quantitative_proxy,unchanged,False,False,True,,0,-0.004048297690737668,0.0037037677037677907,0.05698975657893479,0.039999999999999925,0.0
single,endocytic_vesicle_ph_phrodo-dextran_live_cell_dye,ridge,checkpoint_average,coherent_median_ensemble,quantitative_proxy,quantitative_proxy,unchanged,False,False,True,,0,-0.035911817201404794,-0.017555741555741466,0.09421541142170053,-0.020000000000000018,0.0
single,5xupre,ridge,checkpoint_average,coherent_median_ensemble,quantitative_proxy,quantitative_proxy,unchanged,False,False,True,,0,-0.011790940069641542,0.000701844701844645,0.11497048217489625,-0.020000000000000018,0.0
single,f-actin_phalloidin,ridge,checkpoint_average,coherent_median_ensemble,quantitative_proxy,quantitative_proxy,unchanged,False,False,True,,0,-0.016881402997676154,-0.02594055794055794,-0.00248233699380207,0.0,0.0
single,mitochondria_tomm70a,ridge,checkpoint_average,coherent_median_ensemble,quantitative_proxy,quantitative_proxy,unchanged,False,False,True,,0,-0.02107083789324904,-0.012082956082956064,0.05064080022584383,0.0,0.0
single,lysosome_lamp1,ridge,checkpoint_average,coherent_median_ensemble,quantitative_proxy,quantitative_proxy,unchanged,False,False,True,,0,-0.009653449662827218,-0.012458100458100474,0.18349045327053204,0.0,0.0
single,autophagosome_atg101,ridge,checkpoint_average,coherent_median_ensemble,quantitative_proxy,quantitative_proxy,unchanged,False,False,True,,0,-0.003749632832337313,0.005960189960189877,0.17686547946819198,0.039999999999999925,0.0
single,nuclear_speckles_srrm2,ridge,checkpoint_average,coherent_median_ensemble,ranking_proxy,quantitative_proxy,R_to_Q,True,False,True,variance_lower,1,-0.03785978615186225,-0.03678720078720088,0.0066192926695929355,-0.07999999999999996,0.0
single,proteasome_psmb7,ridge,checkpoint_average,coherent_median_ensemble,ranking_proxy,ranking_proxy,unchanged,False,False,True,measurement_recovery,1,-0.032521059459028834,-0.043297003297003256,0.04792477504495807,0.0,0.0
single,oxidative_stress_cellrox_live-cell_dye,ridge,checkpoint_average,coherent_median_ensemble,ranking_proxy,ranking_proxy,unchanged,False,False,True,,0,-0.044462665107916854,-0.018412830412830483,0.08838670147783834,-0.019999999999999907,0.0
single,er_ncln,ridge,checkpoint_average,coherent_median_ensemble,ranking_proxy,ranking_proxy,unchanged,False,False,True,,0,-0.009001194179434124,-0.0031284031284031233,0.07713413932270341,-0.019999999999999907,0.0
single,trans-golgi_vamp3,ridge,checkpoint_average,coherent_median_ensemble,ranking_proxy,ranking_proxy,unchanged,False,False,True,,0,-0.02685246287125953,-0.015508875508875475,0.17828683859364503,0.020000000000000018,0.0
single,p21,ridge,checkpoint_average,coherent_median_ensemble,ranking_proxy,ranking_proxy,unchanged,False,False,True,measurement_recovery,1,-0.023244701181467597,-0.010829242829242691,0.003333653698248479,0.0,0.0
single,mitochondria_tomm20,ridge,checkpoint_average,coherent_median_ensemble,ranking_proxy,ranking_proxy,unchanged,False,False,True,,0,-0.01546138281020637,-0.003398643398643375,0.0193213190536195,0.040000000000000036,0.0
single,p53,ridge,checkpoint_average,coherent_median_ensemble,measurement_required,measurement_required,unchanged,False,False,True,,0,-0.01853929969587742,-0.008872544872544852,0.031515456158769495,0.06,0.0
single,caspase_activity_cellevent-caspase_live-cell_dye,ridge,checkpoint_average,coherent_median_ensemble,measurement_required,measurement_required,unchanged,False,False,True,variance_lower,1,-0.020733599051076412,-0.00108747708747714,0.1462389887398095,-0.019999999999999962,0.0
single,ps6,ridge,checkpoint_average,coherent_median_ensemble,measurement_required,measurement_required,unchanged,False,False,True,,0,-0.08275287793151298,-0.055792879792879835,0.004259648227735294,0.0,0.0
single,prb,ridge,checkpoint_average,coherent_median_ensemble,not_identifiable,not_identifiable,unchanged,False,False,False,rank;quantitative_hit;ranking_hit,3,-0.10328481476199608,-0.42614681414681416,0.1754829842356327,-0.45999999999999996,0.0
single,nuclei_hoechst,ridge,checkpoint_average,coherent_median_ensemble,not_identifiable,not_identifiable,unchanged,False,False,False,,0,-0.028831707770209825,-0.02371084771084775,-0.0018529484725157142,-0.020000000000000018,0.0
single,nucleoli_npm1,ridge,checkpoint_average,coherent_median_ensemble,not_identifiable,not_identifiable,unchanged,False,False,False,,0,-0.03527100611165934,-0.07569372369372368,-0.0920648459475884,-0.12,0.0
single,b-catenin,ridge,checkpoint_average,coherent_median_ensemble,not_identifiable,not_identifiable,unchanged,False,False,False,variance_lower,1,-0.08436273571688696,-0.046654894654894696,0.03604915479775417,0.0,0.0
single,c-myc,ridge,checkpoint_average,coherent_median_ensemble,not_identifiable,not_identifiable,unchanged,False,False,False,,0,-0.03770090854655117,-0.0028948108948109175,0.06943228341933438,0.020000000000000018,0.0
single,er_cona,ridge,checkpoint_average,coherent_median_ensemble,not_identifiable,not_identifiable,unchanged,False,False,False,recovery,1,-0.01919531673851471,-0.016782088782088755,0.02961992928894519,0.019999999999999907,0.0
single,microtubules_tubulin,ridge,checkpoint_average,coherent_median_ensemble,not_identifiable,not_identifiable,unchanged,False,False,False,,0,-0.02273201661441815,-0.021660201660201772,0.017711738126695686,0.0,0.0
single,nucleolus-dfc_fbl,ridge,checkpoint_average,coherent_median_ensemble,not_identifiable,not_identifiable,unchanged,False,False,False,,0,-0.06468524658071662,-0.04393222393222407,0.06034579380964422,0.019999999999999907,0.0
single,plasma_membrane_wga,ridge,checkpoint_average,coherent_median_ensemble,not_identifiable,not_identifiable,unchanged,False,False,False,quantitative_hit,1,-0.01647460965078551,-0.01808449808449808,0.0100245443746384,-0.020000000000000018,0.0
single,microtubules_map4,ridge,checkpoint_average,coherent_median_ensemble,unresolved,unresolved,unchanged,False,False,True,,0,-0.005798738318090857,0.009446757446757381,0.06336398981605051,0.020000000000000018,0.0
single,lipid_droplet_plin2,ridge,checkpoint_average,coherent_median_ensemble,unresolved,unresolved,unchanged,False,False,True,recovery;variance_lower,2,-0.06944773038872087,-0.020966936966936967,0.06341768321890145,0.0,0.0
single,cell_proliferation_marker_mki67,ridge,checkpoint_average,coherent_median_ensemble,unresolved,unresolved,unchanged,False,False,True,recovery,1,-0.05240840711201156,-0.021654549654549604,0.06472177796719125,-0.020000000000000018,0.0
single,stress_granule_g3bp1,gbdt,checkpoint_average,coherent_median_ensemble,quantitative_proxy,quantitative_proxy,unchanged,False,False,True,,0,0.0012931882774105397,0.00016573216573223526,0.006976228815286367,0.0,0.0
single,lysosome_lysotracker_live-cell_dye,gbdt,checkpoint_average,coherent_median_ensemble,quantitative_proxy,quantitative_proxy,unchanged,False,False,True,,0,0.0023873188775476173,0.0004667524667524292,0.022884455920952007,0.0,0.0
single,er_golgi_cop-ii_sec23a,gbdt,checkpoint_average,coherent_median_ensemble,quantitative_proxy,quantitative_proxy,unchanged,False,False,True,,0,0.003250280983673748,-0.0032229872229871948,0.07939786251051517,0.0,0.0
single,early_endosome_eea1,gbdt,checkpoint_average,coherent_median_ensemble,quantitative_proxy,quantitative_proxy,unchanged,False,False,True,,0,0.0028001033244989815,2.5800025800215565e-06,0.041168894240046994,-0.039999999999999925,0.0
single,lipid_droplet_bodipy_live_cell_dye,gbdt,checkpoint_average,coherent_median_ensemble,quantitative_proxy,quantitative_proxy,unchanged,False,False,True,,0,0.0016699325334064152,0.0005063645063645428,0.03485940447034164,-0.020000000000000018,0.0
single,late_endosome_rab7a,gbdt,checkpoint_average,coherent_median_ensemble,quantitative_proxy,quantitative_proxy,unchanged,False,False,True,,0,0.0018575448046185272,0.0011052131052129432,0.06390932629290291,0.0,0.0
single,actin_filament_fastact_spy555_live_cell_dye,gbdt,checkpoint_average,coherent_median_ensemble,quantitative_proxy,quantitative_proxy,unchanged,False,False,True,,0,0.003830359214200163,0.00039795639795625615,0.04550444299622425,0.0,0.0
single,plasma_membrane_slc3a2,gbdt,checkpoint_average,coherent_median_ensemble,quantitative_proxy,quantitative_proxy,unchanged,False,False,True,,0,-0.00019104459480923097,0.00021346821346801548,0.024825224690398495,0.0,0.0
single,clathrin_vesicles_clta,gbdt,checkpoint_average,coherent_median_ensemble,quantitative_proxy,quantitative_proxy,unchanged,False,False,True,,0,0.00268738756098319,0.000939336939337343,0.05494731262844721,-0.020000000000000018,0.0
single,autophagosome_map1lc3b,gbdt,checkpoint_average,coherent_median_ensemble,quantitative_proxy,quantitative_proxy,unchanged,False,False,True,,0,0.005287041548507454,0.0011045291045291838,0.05162588010962721,0.020000000000000018,0.0
single,fe2+_ferhonox_live-cell_dye,gbdt,checkpoint_average,coherent_median_ensemble,quantitative_proxy,quantitative_proxy,unchanged,False,False,True,,0,0.015473867957445764,0.015325863325863387,0.08963679631933474,0.040000000000000036,0.0
single,recycling_endosome_tfrc,gbdt,checkpoint_average,coherent_median_ensemble,quantitative_proxy,quantitative_proxy,unchanged,False,False,True,,0,0.007973455167451071,-0.0002689082689085742,0.03189931300675064,0.0,0.0
single,er_golgi_cope,gbdt,checkpoint_average,coherent_median_ensemble,quantitative_proxy,quantitative_proxy,unchanged,False,False,True,,0,-0.0013633712769802742,0.0024019944019945116,0.044935781568069766,0.020000000000000018,0.0
single,chaperones_hspa1b,gbdt,checkpoint_average,coherent_median_ensemble,quantitative_proxy,quantitative_proxy,unchanged,False,False,True,,0,-0.0002683291065348481,0.002965550965550956,0.05113848811829902,0.0,0.0
single,nucleolus-gc_npm3,gbdt,checkpoint_average,coherent_median_ensemble,quantitative_proxy,quantitative_proxy,unchanged,False,False,True,,0,0.0032227680983181184,-0.0003522123522124998,0.10962729634705237,0.020000000000000018,0.0
single,nuclei_nucleolive_live_cell_dye,gbdt,checkpoint_average,coherent_median_ensemble,quantitative_proxy,quantitative_proxy,unchanged,False,False,True,,0,-0.010124196004188235,-0.016732492732492776,0.042067398145057,0.020000000000000018,0.0
single,endosome_vps35,gbdt,checkpoint_average,coherent_median_ensemble,quantitative_proxy,quantitative_proxy,unchanged,False,False,True,,0,0.005012874226016373,0.00866637266637249,0.07109906353962347,0.0,0.0
single,er_sec61b,gbdt,checkpoint_average,coherent_median_ensemble,quantitative_proxy,quantitative_proxy,unchanged,False,False,True,,0,-0.0012146746579638767,0.0034956394956392467,0.04312710607714276,0.0,0.0
single,er_golgi_bridge_vapa,gbdt,checkpoint_average,coherent_median_ensemble,quantitative_proxy,quantitative_proxy,unchanged,False,False,True,,0,0.0019868809572329837,0.006905694905694815,0.12733090913861855,0.020000000000000018,0.0
single,mitochondria_chromalive_561_excitation,gbdt,checkpoint_average,coherent_median_ensemble,quantitative_proxy,quantitative_proxy,unchanged,False,False,True,,0,0.007653150465666614,0.003472083472083609,0.060566716752860295,0.0,0.0
single,peroxisome_peroxi_spy650_live_cell_dye,gbdt,checkpoint_average,coherent_median_ensemble,quantitative_proxy,quantitative_proxy,unchanged,False,False,True,,0,0.011244798349264506,0.012850404850404784,0.05265864172186974,-0.020000000000000018,0.0
single,chromalive_488_excitation,gbdt,checkpoint_average,coherent_median_ensemble,quantitative_proxy,quantitative_proxy,unchanged,False,False,True,,0,-0.005900904776523053,-0.0006463086463085466,0.08214658914066741,0.020000000000000018,0.0
single,chromatin_h2bc21,gbdt,checkpoint_average,coherent_median_ensemble,quantitative_proxy,quantitative_proxy,unchanged,False,False,True,,0,0.008807836225657395,0.008789372789372751,0.07051451131797637,0.0,0.0
single,plasma_membrane_atp1b3,gbdt,checkpoint_average,coherent_median_ensemble,quantitative_proxy,quantitative_proxy,unchanged,False,False,True,,0,-0.0005432058986167831,0.004094620094620249,0.08755077970246361,0.039999999999999925,0.0
single,endocytic_vesicle_ph_phrodo-dextran_live_cell_dye,gbdt,checkpoint_average,coherent_median_ensemble,quantitative_proxy,quantitative_proxy,unchanged,False,False,True,,0,0.004343233897724064,0.006648474648474734,0.057500962499385744,0.0,0.0
single,5xupre,gbdt,checkpoint_average,coherent_median_ensemble,quantitative_proxy,quantitative_proxy,unchanged,False,False,True,,0,-0.004011278499833959,0.0006722886722885235,0.060403140599928795,-0.040000000000000036,0.0
single,f-actin_phalloidin,gbdt,checkpoint_average,coherent_median_ensemble,quantitative_proxy,quantitative_proxy,unchanged,False,False,True,,0,-0.005067586001447744,0.006747666747666803,0.00279579797374252,-0.020000000000000018,0.0
single,mitochondria_tomm70a,gbdt,checkpoint_average,coherent_median_ensemble,quantitative_proxy,quantitative_proxy,unchanged,False,False,True,,0,0.0018916545836688003,-3.9480039479955487e-05,0.08905685625852389,0.039999999999999925,0.0
single,lysosome_lamp1,gbdt,checkpoint_average,coherent_median_ensemble,quantitative_proxy,quantitative_proxy,unchanged,False,False,True,,0,-0.004171807628694291,0.0006513966513966851,0.09050886754764054,0.06000000000000005,0.0
single,autophagosome_atg101,gbdt,checkpoint_average,coherent_median_ensemble,quantitative_proxy,quantitative_proxy,unchanged,False,False,True,,0,-0.0019941170511412754,-0.0048485448485448,0.09554558388422707,0.0,0.0
single,nuclear_speckles_srrm2,gbdt,checkpoint_average,coherent_median_ensemble,ranking_proxy,quantitative_proxy,R_to_Q,True,False,True,variance_lower,1,0.004014776112072127,0.003643395643395664,0.05754052638153595,0.0,0.0
single,proteasome_psmb7,gbdt,checkpoint_average,coherent_median_ensemble,ranking_proxy,ranking_proxy,unchanged,False,False,True,,0,-0.0011980234235932086,0.008504660504660477,0.09658301341983133,0.0,0.0
single,oxidative_stress_cellrox_live-cell_dye,gbdt,checkpoint_average,coherent_median_ensemble,ranking_proxy,ranking_proxy,unchanged,False,False,True,,0,-0.009108817666252822,0.004186684186684109,0.03437238547147636,0.0,0.0
single,er_ncln,gbdt,checkpoint_average,coherent_median_ensemble,ranking_proxy,ranking_proxy,unchanged,False,False,True,quantitative_hit,1,-0.0026215150598618564,-0.004204156204156151,0.03564179566642578,0.020000000000000018,0.0
single,trans-golgi_vamp3,gbdt,checkpoint_average,coherent_median_ensemble,ranking_proxy,ranking_proxy,unchanged,False,False,True,,0,0.0020482909131787075,0.0012196332196332538,0.10868533387251877,0.0,0.0
single,p21,gbdt,checkpoint_average,coherent_median_ensemble,ranking_proxy,ranking_proxy,unchanged,False,False,True,,0,-0.01713011050328317,-0.007094563094563022,-0.01630205141649982,0.020000000000000018,0.0
single,mitochondria_tomm20,gbdt,checkpoint_average,coherent_median_ensemble,ranking_proxy,ranking_proxy,unchanged,False,False,True,,0,-0.007353732294256399,0.003081675081675117,0.0141033107449548,0.040000000000000036,0.0
single,p53,gbdt,checkpoint_average,coherent_median_ensemble,measurement_required,measurement_required,unchanged,False,False,True,,0,-0.044773117998437195,-0.024384012384012443,0.008963096780301716,-0.040000000000000036,0.0
single,caspase_activity_cellevent-caspase_live-cell_dye,gbdt,checkpoint_average,coherent_median_ensemble,measurement_required,measurement_required,unchanged,False,False,True,,0,-0.007300330612566519,0.012463212463212359,0.01804892952476317,-0.06,0.0
single,ps6,gbdt,checkpoint_average,coherent_median_ensemble,measurement_required,measurement_required,unchanged,False,False,True,,0,-0.022492634183867377,0.0011347091347091443,0.004279533829367396,0.0,0.0
single,prb,gbdt,checkpoint_average,coherent_median_ensemble,not_identifiable,not_identifiable,unchanged,False,False,False,rank;quantitative_hit;ranking_hit,3,-0.13983970974446747,-0.08439859239859238,0.0271253509955626,-0.25999999999999995,0.0
single,nuclei_hoechst,gbdt,checkpoint_average,coherent_median_ensemble,not_identifiable,not_identifiable,unchanged,False,False,False,,0,-0.006724991717019457,-0.0043775803775805144,0.020389140958323893,0.040000000000000036,0.0
single,nucleoli_npm1,gbdt,checkpoint_average,coherent_median_ensemble,not_identifiable,not_identifiable,unchanged,False,False,False,,0,-0.005024614610869449,0.008779520779520822,0.011484287993359044,0.020000000000000018,0.0
single,b-catenin,gbdt,checkpoint_average,coherent_median_ensemble,not_identifiable,not_identifiable,unchanged,False,False,False,variance_lower,1,-0.021747756354828285,-0.002476094476094537,0.05149177145707262,0.06000000000000005,0.0
single,c-myc,gbdt,checkpoint_average,coherent_median_ensemble,not_identifiable,not_identifiable,unchanged,False,False,False,,0,-0.025722687832863578,-0.0038598878598877784,0.040282067219664486,0.020000000000000018,0.0
single,er_cona,gbdt,checkpoint_average,coherent_median_ensemble,not_identifiable,not_identifiable,unchanged,False,False,False,,0,-0.006519503840398233,0.001734961734961793,0.004475957380032036,0.0,0.0
single,microtubules_tubulin,gbdt,checkpoint_average,coherent_median_ensemble,not_identifiable,not_identifiable,unchanged,False,False,False,,0,-0.0036386150936078554,0.0046825126825125185,0.0068155005711150185,0.0,0.0
single,nucleolus-dfc_fbl,gbdt,checkpoint_average,coherent_median_ensemble,not_identifiable,not_identifiable,unchanged,False,False,False,,0,0.0036707032605732826,0.0054295494295494295,0.07686199646000647,0.019999999999999907,0.0
single,plasma_membrane_wga,gbdt,checkpoint_average,coherent_median_ensemble,not_identifiable,not_identifiable,unchanged,False,False,False,quantitative_hit,1,-0.004523177070609008,0.006382914382914273,0.0076264592563567435,-0.020000000000000018,0.0
single,microtubules_map4,gbdt,checkpoint_average,coherent_median_ensemble,unresolved,unresolved,unchanged,False,False,True,,0,-0.001746069419771401,-0.0005448845448845496,-0.0037651254270032464,0.0,0.0
single,lipid_droplet_plin2,gbdt,checkpoint_average,coherent_median_ensemble,unresolved,unresolved,unchanged,False,False,True,,0,-0.008651076660267876,-0.00557800157800159,0.020014303333360295,-0.020000000000000018,0.0
single,cell_proliferation_marker_mki67,gbdt,checkpoint_average,coherent_median_ensemble,unresolved,unresolved,unchanged,False,False,True,,0,0.003200037855830451,0.00826517626517631,0.05613495024797821,0.040000000000000036,0.0
single,stress_granule_g3bp1,catboost_multirmse,checkpoint_average,coherent_median_ensemble,quantitative_proxy,quantitative_proxy,unchanged,False,False,True,,0,-0.005917246676069632,-0.010148350148350138,0.04722333984640925,-0.020000000000000018,0.0
single,lysosome_lysotracker_live-cell_dye,catboost_multirmse,checkpoint_average,coherent_median_ensemble,quantitative_proxy,quantitative_proxy,unchanged,False,False,True,,0,-0.007894436208974787,-0.0018431178431179696,0.012398065525821567,0.0,0.0
single,er_golgi_cop-ii_sec23a,catboost_multirmse,checkpoint_average,coherent_median_ensemble,quantitative_proxy,quantitative_proxy,unchanged,False,False,True,,0,-0.006995213709706016,-0.012630912630912428,0.05976059547235835,0.0,0.0
single,early_endosome_eea1,catboost_multirmse,checkpoint_average,coherent_median_ensemble,quantitative_proxy,quantitative_proxy,unchanged,False,False,True,,0,-0.001871918524677385,-0.0039863199863198195,0.07688553580628943,-0.020000000000000018,0.0
single,lipid_droplet_bodipy_live_cell_dye,catboost_multirmse,checkpoint_average,coherent_median_ensemble,quantitative_proxy,quantitative_proxy,unchanged,False,False,True,,0,-0.010199567559560418,-0.010339642339642463,-0.012047905136865822,-0.020000000000000018,0.0
single,late_endosome_rab7a,catboost_multirmse,checkpoint_average,coherent_median_ensemble,quantitative_proxy,quantitative_proxy,unchanged,False,False,True,,0,-0.00839233752913826,-0.011319551319551424,-0.019987084974922187,-0.05999999999999994,0.0
single,actin_filament_fastact_spy555_live_cell_dye,catboost_multirmse,checkpoint_average,coherent_median_ensemble,quantitative_proxy,quantitative_proxy,unchanged,False,False,True,,0,-0.009703723871021253,-0.007534915534915809,0.03916588425720002,0.0,0.0
single,plasma_membrane_slc3a2,catboost_multirmse,checkpoint_average,coherent_median_ensemble,quantitative_proxy,quantitative_proxy,unchanged,False,False,True,,0,-0.005516413252529606,-0.006470286470286801,0.026242411224524087,-0.020000000000000018,0.0
single,clathrin_vesicles_clta,catboost_multirmse,checkpoint_average,coherent_median_ensemble,quantitative_proxy,quantitative_proxy,unchanged,False,False,True,,0,-0.009505325811212884,-0.009665913665913406,0.04226549875054908,-0.040000000000000036,0.0
single,autophagosome_map1lc3b,catboost_multirmse,checkpoint_average,coherent_median_ensemble,quantitative_proxy,quantitative_proxy,unchanged,False,False,True,,0,-0.00502771620929765,-0.007737043737043758,0.00464069998839356,0.0,0.0
single,fe2+_ferhonox_live-cell_dye,catboost_multirmse,checkpoint_average,coherent_median_ensemble,quantitative_proxy,quantitative_proxy,unchanged,False,False,True,,0,-0.005798563776750476,-0.006327174327174445,-0.0013266997967189553,-0.040000000000000036,0.0
single,recycling_endosome_tfrc,catboost_multirmse,checkpoint_average,coherent_median_ensemble,quantitative_proxy,quantitative_proxy,unchanged,False,False,True,,0,-0.011357628899686056,-0.006610614610614962,0.052423866879850234,-0.06000000000000005,0.0
single,er_golgi_cope,catboost_multirmse,checkpoint_average,coherent_median_ensemble,quantitative_proxy,quantitative_proxy,unchanged,False,False,True,,0,-0.008981104880857904,-0.011909567909567875,0.020689349278745328,0.0,0.0
single,chaperones_hspa1b,catboost_multirmse,checkpoint_average,coherent_median_ensemble,quantitative_proxy,quantitative_proxy,unchanged,False,False,True,,0,-0.011231552055647076,-0.011906663906663839,0.027893008485116555,0.0,0.0
single,nucleolus-gc_npm3,catboost_multirmse,checkpoint_average,coherent_median_ensemble,quantitative_proxy,quantitative_proxy,unchanged,False,False,True,,0,-0.012645620845006866,-0.009628557628557632,0.054927193405411634,-0.020000000000000018,0.0
single,nuclei_nucleolive_live_cell_dye,catboost_multirmse,checkpoint_average,coherent_median_ensemble,quantitative_proxy,quantitative_proxy,unchanged,False,False,True,,0,-0.05998439191126004,-0.04017029217029211,-0.0225657826114819,-0.039999999999999925,0.0
single,endosome_vps35,catboost_multirmse,checkpoint_average,coherent_median_ensemble,quantitative_proxy,quantitative_proxy,unchanged,False,False,True,,0,-0.011953566746614186,-0.01856863856863855,0.05547954150332346,-0.039999999999999925,0.0
single,er_sec61b,catboost_multirmse,checkpoint_average,coherent_median_ensemble,quantitative_proxy,quantitative_proxy,unchanged,False,False,True,,0,-0.010576602206314956,-0.002355950355950487,-0.0708728090848475,0.020000000000000018,0.0
single,er_golgi_bridge_vapa,catboost_multirmse,checkpoint_average,coherent_median_ensemble,quantitative_proxy,quantitative_proxy,unchanged,False,False,True,,0,-0.008165615001538784,-0.0062008022008024355,0.11160712414869567,0.040000000000000036,0.0
single,mitochondria_chromalive_561_excitation,catboost_multirmse,checkpoint_average,coherent_median_ensemble,quantitative_proxy,quantitative_proxy,unchanged,False,False,True,,0,-0.012020413190349077,-0.008167172167171999,0.03393044975190229,-0.020000000000000018,0.0
single,peroxisome_peroxi_spy650_live_cell_dye,catboost_multirmse,checkpoint_average,coherent_median_ensemble,quantitative_proxy,quantitative_proxy,unchanged,False,False,True,,0,-0.0040761384277576695,-0.007302319302319393,0.05405751149757332,0.0,0.0
single,chromalive_488_excitation,catboost_multirmse,checkpoint_average,coherent_median_ensemble,quantitative_proxy,quantitative_proxy,unchanged,False,False,True,,0,-0.03944913264790939,-0.03320256920256914,0.013761683295725136,-0.020000000000000018,0.0
single,chromatin_h2bc21,catboost_multirmse,checkpoint_average,coherent_median_ensemble,quantitative_proxy,quantitative_proxy,unchanged,False,False,True,,0,-0.012176705520141162,-0.007635235635235715,0.0226855388159124,0.0,0.0
single,plasma_membrane_atp1b3,catboost_multirmse,checkpoint_average,coherent_median_ensemble,quantitative_proxy,quantitative_proxy,unchanged,False,False,True,,0,-0.009352352326888913,-0.002877554877554811,0.08286997359268844,0.019999999999999907,0.0
single,endocytic_vesicle_ph_phrodo-dextran_live_cell_dye,catboost_multirmse,checkpoint_average,coherent_median_ensemble,quantitative_proxy,quantitative_proxy,unchanged,False,False,True,,0,-0.011652536576796213,-0.010841614841614722,0.043253305861866376,0.0,0.0
single,5xupre,catboost_multirmse,checkpoint_average,coherent_median_ensemble,quantitative_proxy,quantitative_proxy,unchanged,False,False,True,,0,-0.00835762735273582,-0.004851616851616836,0.021297677257187453,-0.020000000000000018,0.0
single,f-actin_phalloidin,catboost_multirmse,checkpoint_average,coherent_median_ensemble,quantitative_proxy,quantitative_proxy,unchanged,False,False,True,,0,-0.012969144231978258,-0.013904557904557913,-0.014208037381636451,0.0,0.0
single,mitochondria_tomm70a,catboost_multirmse,checkpoint_average,coherent_median_ensemble,quantitative_proxy,quantitative_proxy,unchanged,False,False,True,,0,-0.011118219404624763,-0.014671766671766617,0.04070711276715211,0.019999999999999907,0.0
single,lysosome_lamp1,catboost_multirmse,checkpoint_average,coherent_median_ensemble,quantitative_proxy,quantitative_proxy,unchanged,False,False,True,,0,-0.016868544907573724,-0.010786834786834731,0.08966061084036736,0.020000000000000018,0.0
single,autophagosome_atg101,catboost_multirmse,checkpoint_average,coherent_median_ensemble,quantitative_proxy,quantitative_proxy,unchanged,False,False,True,,0,-0.009450287219284759,-0.009761049761049745,0.17891342926346843,0.019999999999999907,0.0
single,nuclear_speckles_srrm2,catboost_multirmse,checkpoint_average,coherent_median_ensemble,ranking_proxy,quantitative_proxy,R_to_Q,True,False,True,variance_lower,1,-0.022979566908976734,-0.026756822756822674,0.007082356813892909,-0.07999999999999996,0.0
single,proteasome_psmb7,catboost_multirmse,checkpoint_average,coherent_median_ensemble,ranking_proxy,ranking_proxy,unchanged,False,False,True,measurement_recovery,1,-0.017339508557315808,-0.013365121365121357,0.06791017765403351,-0.040000000000000036,0.0
single,oxidative_stress_cellrox_live-cell_dye,catboost_multirmse,checkpoint_average,coherent_median_ensemble,ranking_proxy,ranking_proxy,unchanged,False,False,True,,0,-0.022294267381496535,-0.015364011364011332,0.001780826368988464,-0.019999999999999907,0.0
single,er_ncln,catboost_multirmse,checkpoint_average,coherent_median_ensemble,ranking_proxy,ranking_proxy,unchanged,False,False,True,,0,-0.006018849247156122,-0.013484641484641346,0.05109161992424838,-0.019999999999999907,0.0
single,trans-golgi_vamp3,catboost_multirmse,checkpoint_average,coherent_median_ensemble,ranking_proxy,ranking_proxy,unchanged,False,False,True,,0,-0.01785968151001971,-0.010459762459762434,0.15199758599779767,0.0,0.0
single,p21,catboost_multirmse,checkpoint_average,coherent_median_ensemble,ranking_proxy,ranking_proxy,unchanged,False,False,True,,0,-0.007278330422283208,-0.010599310599310519,-0.01275862668851252,0.020000000000000018,0.0
single,mitochondria_tomm20,catboost_multirmse,checkpoint_average,coherent_median_ensemble,ranking_proxy,ranking_proxy,unchanged,False,False,True,,0,-0.012861259446634188,-0.01747852147852147,-0.02702754094750287,0.0,0.0
single,p53,catboost_multirmse,checkpoint_average,coherent_median_ensemble,measurement_required,measurement_required,unchanged,False,False,True,,0,-0.02131520486286964,-0.03450937050937053,-0.0043244142713491085,-0.020000000000000018,0.0
single,caspase_activity_cellevent-caspase_live-cell_dye,catboost_multirmse,checkpoint_average,coherent_median_ensemble,measurement_required,measurement_required,unchanged,False,False,True,variance_lower,1,-0.00487293365907282,-0.008141288141288117,0.04931026522595089,0.0,0.0
single,ps6,catboost_multirmse,checkpoint_average,coherent_median_ensemble,measurement_required,measurement_required,unchanged,False,False,True,,0,-0.009812294158987878,-0.01689422889422887,0.003147732021446692,0.0,0.0
single,prb,catboost_multirmse,checkpoint_average,coherent_median_ensemble,not_identifiable,not_identifiable,unchanged,False,False,False,rank;quantitative_hit;ranking_hit,3,-0.13324801361534727,-0.1389470109470109,0.1826821350623582,-0.21999999999999997,0.0
single,nuclei_hoechst,catboost_multirmse,checkpoint_average,coherent_median_ensemble,not_identifiable,not_identifiable,unchanged,False,False,False,ranking_hit,1,-0.024775153271172634,-0.02861561261561263,0.02210145419028553,-0.040000000000000036,0.0
single,nucleoli_npm1,catboost_multirmse,checkpoint_average,coherent_median_ensemble,not_identifiable,not_identifiable,unchanged,False,False,False,,0,-0.011715495639528006,-0.008066672066671998,-0.013250154916721268,-0.019999999999999962,0.0
single,b-catenin,catboost_multirmse,checkpoint_average,coherent_median_ensemble,not_identifiable,not_identifiable,unchanged,False,False,False,,0,-0.009673423144655247,-0.01287784887784893,0.00017030428467090797,0.020000000000000018,0.0
single,c-myc,catboost_multirmse,checkpoint_average,coherent_median_ensemble,not_identifiable,not_identifiable,unchanged,False,False,False,,0,-0.00789920444807568,-0.0157230157230156,0.006783729003479511,0.040000000000000036,0.0
single,er_cona,catboost_multirmse,checkpoint_average,coherent_median_ensemble,not_identifiable,not_identifiable,unchanged,False,False,False,,0,-0.010762075424896045,-0.011527331527331541,-0.005213131638841628,0.0,0.0
single,microtubules_tubulin,catboost_multirmse,checkpoint_average,coherent_median_ensemble,not_identifiable,not_identifiable,unchanged,False,False,False,,0,-0.009517211646840384,-0.009901185901185938,-0.014449983008111622,0.0,0.0
single,nucleolus-dfc_fbl,catboost_multirmse,checkpoint_average,coherent_median_ensemble,not_identifiable,not_identifiable,unchanged,False,False,False,,0,-0.021064362930979907,-0.01801584601584616,0.05066268182060063,0.0,0.0
single,plasma_membrane_wga,catboost_multirmse,checkpoint_average,coherent_median_ensemble,not_identifiable,not_identifiable,unchanged,False,False,False,,0,-0.011960938071054805,-0.010503622503622578,-0.003525646875236599,0.0,0.0
single,microtubules_map4,catboost_multirmse,checkpoint_average,coherent_median_ensemble,unresolved,unresolved,unchanged,False,False,True,,0,-0.006668888835187459,-0.006233022233022245,0.0372519766012388,0.0,0.0
single,lipid_droplet_plin2,catboost_multirmse,checkpoint_average,coherent_median_ensemble,unresolved,unresolved,unchanged,False,False,True,,0,-0.01469968755116191,-0.014501366501366464,0.02470148250332177,-0.020000000000000018,0.0
single,cell_proliferation_marker_mki67,catboost_multirmse,checkpoint_average,coherent_median_ensemble,unresolved,unresolved,unchanged,False,False,True,recovery,1,-0.012812718552156377,-0.014172734172734125,0.05046057485154176,0.0,0.0
single,stress_granule_g3bp1,mlp,checkpoint_average,coherent_median_ensemble,quantitative_proxy,quantitative_proxy,unchanged,False,False,True,,0,0.0013121923404939562,0.002369786369786464,-0.0231486578111626,-0.020000000000000018,0.0
single,lysosome_lysotracker_live-cell_dye,mlp,checkpoint_average,coherent_median_ensemble,quantitative_proxy,quantitative_proxy,unchanged,False,False,True,,0,0.003919528836369146,0.0007705927705926596,0.020194543636470552,0.019999999999999907,0.0
single,er_golgi_cop-ii_sec23a,mlp,checkpoint_average,coherent_median_ensemble,quantitative_proxy,quantitative_proxy,unchanged,False,False,True,,0,0.005891323625063172,0.002787146787147199,0.0848004807277204,0.0,0.0
single,early_endosome_eea1,mlp,checkpoint_average,coherent_median_ensemble,quantitative_proxy,quantitative_proxy,unchanged,False,False,True,,0,0.00459022151032662,0.0012341172341171491,0.019194710390506797,-0.039999999999999925,0.0
single,lipid_droplet_bodipy_live_cell_dye,mlp,checkpoint_average,coherent_median_ensemble,quantitative_proxy,quantitative_proxy,unchanged,False,False,True,,0,0.005274959248565025,0.004395940395940601,0.04985983998195331,-0.039999999999999925,0.0
single,late_endosome_rab7a,mlp,checkpoint_average,coherent_median_ensemble,quantitative_proxy,quantitative_proxy,unchanged,False,False,True,,0,0.003540992626989148,0.00096960096960097,0.08548812322838806,0.0,0.0
single,actin_filament_fastact_spy555_live_cell_dye,mlp,checkpoint_average,coherent_median_ensemble,quantitative_proxy,quantitative_proxy,unchanged,False,False,True,,0,0.0056957099681708145,0.000864408864408861,0.048819973623153046,-0.039999999999999925,0.0
single,plasma_membrane_slc3a2,mlp,checkpoint_average,coherent_median_ensemble,quantitative_proxy,quantitative_proxy,unchanged,False,False,True,,0,-0.0006877051523261901,-0.0020793380793383553,0.020852146803686078,0.0,0.0
single,clathrin_vesicles_clta,mlp,checkpoint_average,coherent_median_ensemble,quantitative_proxy,quantitative_proxy,unchanged,False,False,True,,0,0.0054452977930568025,0.0014486774486776044,0.034387613391091865,0.0,0.0
single,autophagosome_map1lc3b,mlp,checkpoint_average,coherent_median_ensemble,quantitative_proxy,quantitative_proxy,unchanged,False,False,True,,0,0.0056214458959920055,0.005653073653073659,0.04710197197418575,0.020000000000000018,0.0
single,fe2+_ferhonox_live-cell_dye,mlp,checkpoint_average,coherent_median_ensemble,quantitative_proxy,quantitative_proxy,unchanged,False,False,True,,0,0.000954889337332343,0.011118779118779232,0.08879092071440375,0.020000000000000018,0.0
single,recycling_endosome_tfrc,mlp,checkpoint_average,coherent_median_ensemble,quantitative_proxy,quantitative_proxy,unchanged,False,False,True,,0,0.0177964600265198,0.0031547911547910035,0.019325189738861992,0.019999999999999907,0.0
single,er_golgi_cope,mlp,checkpoint_average,coherent_median_ensemble,quantitative_proxy,quantitative_proxy,unchanged,False,False,True,,0,-0.004488050545811473,-0.001071673071672996,0.0528770825626006,0.039999999999999925,0.0
single,chaperones_hspa1b,mlp,checkpoint_average,coherent_median_ensemble,quantitative_proxy,quantitative_proxy,unchanged,False,False,True,,0,-0.005595542450692825,-0.009393393393393512,0.032138656300737534,0.020000000000000018,0.0
single,nucleolus-gc_npm3,mlp,checkpoint_average,coherent_median_ensemble,quantitative_proxy,quantitative_proxy,unchanged,False,False,True,,0,0.00464585827785291,-0.0006529566529567266,0.15027626867998656,0.020000000000000018,0.0
single,nuclei_nucleolive_live_cell_dye,mlp,checkpoint_average,coherent_median_ensemble,quantitative_proxy,quantitative_proxy,unchanged,False,False,True,,0,0.022216546053746677,0.017296793296793345,0.14045630674186682,0.0,0.0
single,endosome_vps35,mlp,checkpoint_average,coherent_median_ensemble,quantitative_proxy,quantitative_proxy,unchanged,False,False,True,,0,0.009415289671029892,0.008077580077579971,0.09290624532725045,0.040000000000000036,0.0
single,er_sec61b,mlp,checkpoint_average,coherent_median_ensemble,quantitative_proxy,quantitative_proxy,unchanged,False,False,True,,0,-0.0017088070120845344,-0.0022521262521262297,0.2992786256911567,0.020000000000000018,0.0
single,er_golgi_bridge_vapa,mlp,checkpoint_average,coherent_median_ensemble,quantitative_proxy,quantitative_proxy,unchanged,False,False,True,,0,0.009640292810703999,0.009429429429429259,0.09342629403329039,0.020000000000000018,0.0
single,mitochondria_chromalive_561_excitation,mlp,checkpoint_average,coherent_median_ensemble,quantitative_proxy,quantitative_proxy,unchanged,False,False,True,,0,0.014762816195687312,0.010205386205386358,0.048947251954098325,0.040000000000000036,0.0
single,peroxisome_peroxi_spy650_live_cell_dye,mlp,checkpoint_average,coherent_median_ensemble,quantitative_proxy,quantitative_proxy,unchanged,False,False,True,,0,0.0005439132102738053,-0.0030398070398069965,0.05049881065045858,0.0,0.0
single,chromalive_488_excitation,mlp,checkpoint_average,coherent_median_ensemble,quantitative_proxy,quantitative_proxy,unchanged,False,False,True,,0,-0.0022492471821879967,-0.009092025092025113,0.051621945524665036,0.0,0.0
single,chromatin_h2bc21,mlp,checkpoint_average,coherent_median_ensemble,quantitative_proxy,quantitative_proxy,unchanged,False,False,True,,0,0.010724294953658786,-0.0014176454176453301,0.1139891404550668,-0.05999999999999994,0.0
single,plasma_membrane_atp1b3,mlp,checkpoint_average,coherent_median_ensemble,quantitative_proxy,quantitative_proxy,unchanged,False,False,True,,0,0.007944090075319044,-0.0015237855237854037,0.10342336418869202,0.039999999999999925,0.0
single,endocytic_vesicle_ph_phrodo-dextran_live_cell_dye,mlp,checkpoint_average,coherent_median_ensemble,quantitative_proxy,quantitative_proxy,unchanged,False,False,True,,0,-0.0038242251833505714,-0.015050415050415045,0.04639395785232214,-0.040000000000000036,0.0
single,5xupre,mlp,checkpoint_average,coherent_median_ensemble,quantitative_proxy,quantitative_proxy,unchanged,False,False,True,,0,-0.0005935939162077242,-0.0038503718503719586,0.11730467442402004,-0.020000000000000018,0.0
single,f-actin_phalloidin,mlp,checkpoint_average,coherent_median_ensemble,quantitative_proxy,quantitative_proxy,unchanged,False,False,True,,0,-0.005242092757002603,-0.00931095331095333,0.07513160389079987,0.0,0.0
single,mitochondria_tomm70a,mlp,checkpoint_average,coherent_median_ensemble,quantitative_proxy,quantitative_proxy,unchanged,False,False,True,,0,-0.003418104572670999,-0.003033723033722957,0.06474941274815427,0.0,0.0
single,lysosome_lamp1,mlp,checkpoint_average,coherent_median_ensemble,quantitative_proxy,quantitative_proxy,unchanged,False,False,True,,0,-5.5710461439817394e-05,0.0024272064272063965,0.0987837529904727,0.040000000000000036,0.0
single,autophagosome_atg101,mlp,checkpoint_average,coherent_median_ensemble,quantitative_proxy,quantitative_proxy,unchanged,False,False,True,,0,0.0016834649254388045,0.0037785277785277183,0.18432031181395436,0.0,0.0
single,nuclear_speckles_srrm2,mlp,checkpoint_average,coherent_median_ensemble,ranking_proxy,quantitative_proxy,R_to_Q,True,False,True,variance_lower,1,0.012139258951937792,0.011000687000687126,0.0904363053063778,0.020000000000000018,0.0
single,proteasome_psmb7,mlp,checkpoint_average,coherent_median_ensemble,ranking_proxy,ranking_proxy,unchanged,False,False,True,,0,0.005560601630817064,0.013738165738165886,0.06014695673437631,0.05999999999999994,0.0
single,oxidative_stress_cellrox_live-cell_dye,mlp,checkpoint_average,coherent_median_ensemble,ranking_proxy,ranking_proxy,unchanged,False,False,True,,0,-0.013493733037148736,-0.0020945420945420734,-0.0007202299383596289,0.0,0.0
single,er_ncln,mlp,checkpoint_average,coherent_median_ensemble,ranking_proxy,ranking_proxy,unchanged,False,False,True,,0,-0.00804190191583709,-0.008978228978228864,-0.007403589442251501,-0.019999999999999907,0.0
single,trans-golgi_vamp3,mlp,checkpoint_average,coherent_median_ensemble,ranking_proxy,ranking_proxy,unchanged,False,False,True,,0,0.005702902562413015,0.008943812943812968,0.17601730293794104,-0.040000000000000036,0.0
single,p21,mlp,checkpoint_average,coherent_median_ensemble,ranking_proxy,ranking_proxy,unchanged,False,False,True,,0,-0.01446112549136025,0.003190863190863369,0.052173433845879164,-0.040000000000000036,0.0
single,mitochondria_tomm20,mlp,checkpoint_average,coherent_median_ensemble,ranking_proxy,ranking_proxy,unchanged,False,False,True,,0,-0.00339220399025697,0.010193170193170231,0.06443536745677542,0.0,0.0
single,p53,mlp,checkpoint_average,coherent_median_ensemble,measurement_required,measurement_required,unchanged,False,False,True,,0,-0.012823500273297372,-0.0020149460149460063,0.03375901591677691,0.019999999999999962,0.0
single,caspase_activity_cellevent-caspase_live-cell_dye,mlp,checkpoint_average,coherent_median_ensemble,measurement_required,measurement_required,unchanged,False,False,True,variance_lower,1,-0.010715468130790606,-0.0073844473844474345,0.10493613346475478,-0.09999999999999998,0.0
single,ps6,mlp,checkpoint_average,coherent_median_ensemble,measurement_required,measurement_required,unchanged,False,False,True,,0,-0.0018632182181099743,-0.007278835278835327,0.00494095512279899,0.0,0.0
single,prb,mlp,checkpoint_average,coherent_median_ensemble,not_identifiable,not_identifiable,unchanged,False,False,False,rank;quantitative_hit,2,-0.05566478935497576,-0.028321696321696344,0.005520639605977502,-0.07999999999999996,0.0
single,nuclei_hoechst,mlp,checkpoint_average,coherent_median_ensemble,not_identifiable,not_identifiable,unchanged,False,False,False,,0,0.0020392960058812637,0.0036078276078275184,0.0630894375222244,0.020000000000000018,0.0
single,nucleoli_npm1,mlp,checkpoint_average,coherent_median_ensemble,not_identifiable,not_identifiable,unchanged,False,False,False,variance_lower,1,-0.005845071586508044,-0.005542241542241477,0.04362818874512442,0.020000000000000018,0.0
single,b-catenin,mlp,checkpoint_average,coherent_median_ensemble,not_identifiable,not_identifiable,unchanged,False,False,False,variance_lower,1,-0.01027378754675623,-0.014142242142242245,0.0700758327583817,0.020000000000000018,0.0
single,c-myc,mlp,checkpoint_average,coherent_median_ensemble,not_identifiable,not_identifiable,unchanged,False,False,False,ranking_hit,1,-0.012867119495898138,-0.017166413166413097,0.041451373757196486,-0.020000000000000018,0.0
single,er_cona,mlp,checkpoint_average,coherent_median_ensemble,not_identifiable,not_identifiable,unchanged,False,False,False,quantitative_hit,1,-0.004984898852074204,0.003374259374259392,0.028288042299420835,0.039999999999999925,0.0
single,microtubules_tubulin,mlp,checkpoint_average,coherent_median_ensemble,not_identifiable,not_identifiable,unchanged,False,False,False,quantitative_hit,1,-0.0060174753272839165,-0.005614277614277685,0.054257116078519685,-0.039999999999999925,0.0
single,nucleolus-dfc_fbl,mlp,checkpoint_average,coherent_median_ensemble,not_identifiable,not_identifiable,unchanged,False,False,False,,0,0.0008201443431206101,-0.007502923502923586,0.10199987239793273,-0.020000000000000018,0.0
single,plasma_membrane_wga,mlp,checkpoint_average,coherent_median_ensemble,not_identifiable,not_identifiable,unchanged,False,False,False,quantitative_hit,1,-0.004904945001564132,-0.004224880224880323,0.020849172551846706,-0.05999999999999994,0.0
single,microtubules_map4,mlp,checkpoint_average,coherent_median_ensemble,unresolved,unresolved,unchanged,False,False,True,,0,0.00021545820546331473,-0.012701424701424768,0.049248428669328104,0.0,0.0
single,lipid_droplet_plin2,mlp,checkpoint_average,coherent_median_ensemble,unresolved,unresolved,unchanged,False,False,True,recovery,1,-0.022142139312644638,-0.014203754203754082,-0.006595735762301047,-0.06,0.0
single,cell_proliferation_marker_mki67,mlp,checkpoint_average,coherent_median_ensemble,unresolved,unresolved,unchanged,False,False,True,recovery,1,-0.012835666471239238,-0.011514203514203514,0.10477832016421551,0.0,0.0
single,stress_granule_g3bp1,tabm_specialists,checkpoint_average,coherent_median_ensemble,quantitative_proxy,quantitative_proxy,unchanged,False,False,True,,0,0.0028480080586723577,0.0026845826845826037,0.02172077387148641,0.0,0.0
single,lysosome_lysotracker_live-cell_dye,tabm_specialists,checkpoint_average,coherent_median_ensemble,quantitative_proxy,quantitative_proxy,unchanged,False,False,True,,0,-0.05635443342782043,-0.0018915618915618104,0.12245942037489821,-0.020000000000000018,0.0
single,er_golgi_cop-ii_sec23a,tabm_specialists,checkpoint_average,coherent_median_ensemble,quantitative_proxy,quantitative_proxy,unchanged,False,False,True,,0,0.0028520076479499057,0.006618258618258821,0.061379877237044966,0.019999999999999907,0.0
single,early_endosome_eea1,tabm_specialists,checkpoint_average,coherent_median_ensemble,quantitative_proxy,quantitative_proxy,unchanged,False,False,True,,0,0.0009029988644684295,0.002915450915450979,0.017745472879682422,-0.020000000000000018,0.0
single,lipid_droplet_bodipy_live_cell_dye,tabm_specialists,checkpoint_average,coherent_median_ensemble,quantitative_proxy,quantitative_proxy,unchanged,False,False,True,,0,0.0032319630533912402,0.0031712311712311925,0.033766075120686856,-0.020000000000000018,0.0
single,late_endosome_rab7a,tabm_specialists,checkpoint_average,coherent_median_ensemble,quantitative_proxy,ranking_proxy,Q_to_R,True,False,True,variance_upper,1,-0.10158910316886549,-0.0072334272334274585,7.320515821803824,-0.020000000000000018,0.0
single,actin_filament_fastact_spy555_live_cell_dye,tabm_specialists,checkpoint_average,coherent_median_ensemble,quantitative_proxy,quantitative_proxy,unchanged,False,False,True,,0,-0.0006567688986760523,0.002316194316194009,0.0337235831443643,0.0,0.0
single,plasma_membrane_slc3a2,tabm_specialists,checkpoint_average,coherent_median_ensemble,quantitative_proxy,quantitative_proxy,unchanged,False,False,True,,0,0.002297057541883585,0.000900816900816781,0.02090359380696849,0.0,0.0
single,clathrin_vesicles_clta,tabm_specialists,checkpoint_average,coherent_median_ensemble,quantitative_proxy,quantitative_proxy,unchanged,False,False,True,,0,0.002524005683182007,0.0011757971757974106,0.041272317135770065,-0.040000000000000036,0.0
single,autophagosome_map1lc3b,tabm_specialists,checkpoint_average,coherent_median_ensemble,quantitative_proxy,ranking_proxy,Q_to_R,True,False,True,variance_upper,1,-0.13035762379276306,-0.006480426480426349,9.902017689675313,-0.040000000000000036,0.0
single,fe2+_ferhonox_live-cell_dye,tabm_specialists,checkpoint_average,coherent_median_ensemble,quantitative_proxy,ranking_proxy,Q_to_R,True,False,True,variance_upper,1,-0.173304609806176,0.00568175368175361,1246.8822772112665,0.020000000000000018,0.0
single,recycling_endosome_tfrc,tabm_specialists,checkpoint_average,coherent_median_ensemble,quantitative_proxy,quantitative_proxy,unchanged,False,False,True,,0,0.008041110952053288,0.0019068739068738294,-0.0215193902684776,0.0,0.0
single,er_golgi_cope,tabm_specialists,checkpoint_average,coherent_median_ensemble,quantitative_proxy,quantitative_proxy,unchanged,False,False,True,,0,0.003877706554860305,0.00484834084834096,0.028771107378448457,0.020000000000000018,0.0
single,chaperones_hspa1b,tabm_specialists,checkpoint_average,coherent_median_ensemble,quantitative_proxy,quantitative_proxy,unchanged,False,False,True,,0,-0.015334225571148274,-0.0009736329736329541,0.06568428203331855,-0.039999999999999925,0.0
single,nucleolus-gc_npm3,tabm_specialists,checkpoint_average,coherent_median_ensemble,quantitative_proxy,ranking_proxy,Q_to_R,True,False,True,recovery;variance_upper,2,-0.20617755798527837,-0.04191583791583797,34.578317760937544,-0.07999999999999996,0.0
single,nuclei_nucleolive_live_cell_dye,tabm_specialists,checkpoint_average,coherent_median_ensemble,quantitative_proxy,quantitative_proxy,unchanged,False,False,True,,0,0.019284141897825346,0.021075417075417158,0.0876239609582723,0.020000000000000018,0.0
single,endosome_vps35,tabm_specialists,checkpoint_average,coherent_median_ensemble,quantitative_proxy,quantitative_proxy,unchanged,False,False,True,,0,0.004029199522669891,0.007280059280059148,0.0846408619877621,0.020000000000000018,0.0
single,er_sec61b,tabm_specialists,checkpoint_average,coherent_median_ensemble,quantitative_proxy,quantitative_proxy,unchanged,False,False,True,,0,0.0019729271413891913,0.003324699324699254,0.22063315019619922,0.0,0.0
single,er_golgi_bridge_vapa,tabm_specialists,checkpoint_average,coherent_median_ensemble,quantitative_proxy,quantitative_proxy,unchanged,False,False,True,,0,0.0026878830150799393,0.00430134430134399,0.13359506560305812,0.020000000000000018,0.0
single,mitochondria_chromalive_561_excitation,tabm_specialists,checkpoint_average,coherent_median_ensemble,quantitative_proxy,quantitative_proxy,unchanged,False,False,True,,0,0.0030037392633710525,0.001722541722541604,0.02772148321615764,0.0,0.0
single,peroxisome_peroxi_spy650_live_cell_dye,tabm_specialists,checkpoint_average,coherent_median_ensemble,quantitative_proxy,quantitative_proxy,unchanged,False,False,True,,0,-0.04849306621021188,-0.08380225180225176,-0.020057491461246024,-0.040000000000000036,0.0
single,chromalive_488_excitation,tabm_specialists,checkpoint_average,coherent_median_ensemble,quantitative_proxy,quantitative_proxy,unchanged,False,False,True,,0,0.00994892808297887,0.0034972474972475576,0.09279068441166383,0.020000000000000018,0.0
single,chromatin_h2bc21,tabm_specialists,checkpoint_average,coherent_median_ensemble,quantitative_proxy,quantitative_proxy,unchanged,False,False,True,,0,0.006775378575809898,0.0023512823512823466,0.049404052713718616,0.020000000000000018,0.0
single,plasma_membrane_atp1b3,tabm_specialists,checkpoint_average,coherent_median_ensemble,quantitative_proxy,quantitative_proxy,unchanged,False,False,True,,0,0.0017310080191992316,0.013638001638001773,0.0388974561726082,0.07999999999999996,0.0
single,endocytic_vesicle_ph_phrodo-dextran_live_cell_dye,tabm_specialists,checkpoint_average,coherent_median_ensemble,quantitative_proxy,quantitative_proxy,unchanged,False,False,True,,0,0.00022541022434607871,-0.003845799845799913,0.08105997282389898,0.0,0.0
single,5xupre,tabm_specialists,checkpoint_average,coherent_median_ensemble,quantitative_proxy,quantitative_proxy,unchanged,False,False,True,,0,0.001213339002060776,0.0003794283794283926,0.10317794022524795,0.0,0.0
single,f-actin_phalloidin,tabm_specialists,checkpoint_average,coherent_median_ensemble,quantitative_proxy,quantitative_proxy,unchanged,False,False,True,,0,0.004181480918987623,0.0009263409263409184,0.03543989802604619,0.0,0.0
single,mitochondria_tomm70a,tabm_specialists,checkpoint_average,coherent_median_ensemble,quantitative_proxy,quantitative_proxy,unchanged,False,False,True,,0,0.002779676292796629,-0.0005719085719085859,0.09758698424730305,0.019999999999999907,0.0
single,lysosome_lamp1,tabm_specialists,checkpoint_average,coherent_median_ensemble,quantitative_proxy,quantitative_proxy,unchanged,False,False,True,,0,0.012121388115478138,-0.0022500982500982536,0.1814883777465346,0.040000000000000036,0.0
single,autophagosome_atg101,tabm_specialists,checkpoint_average,coherent_median_ensemble,quantitative_proxy,quantitative_proxy,unchanged,False,False,True,,0,-0.0009644211158101879,0.005001845001844973,0.0690332137405385,0.0,0.0
single,nuclear_speckles_srrm2,tabm_specialists,checkpoint_average,coherent_median_ensemble,ranking_proxy,quantitative_proxy,R_to_Q,True,False,True,variance_lower,1,0.005369827244291359,0.010774162774162876,0.05760757974196451,0.0,0.0
single,proteasome_psmb7,tabm_specialists,checkpoint_average,coherent_median_ensemble,ranking_proxy,ranking_proxy,unchanged,False,False,True,,0,0.0027269565949458174,0.009832497832497844,0.1055090636980458,0.020000000000000018,0.0
single,oxidative_stress_cellrox_live-cell_dye,tabm_specialists,checkpoint_average,coherent_median_ensemble,ranking_proxy,ranking_proxy,unchanged,False,False,True,,0,-0.000465505804129962,0.0036537516537514803,0.05901338929090183,0.020000000000000018,0.0
single,er_ncln,tabm_specialists,checkpoint_average,coherent_median_ensemble,ranking_proxy,ranking_proxy,unchanged,False,False,True,quantitative_hit,1,-0.013636872823298618,0.005644313644313725,0.08947968530499806,0.020000000000000018,0.0
single,trans-golgi_vamp3,tabm_specialists,checkpoint_average,coherent_median_ensemble,ranking_proxy,ranking_proxy,unchanged,False,False,True,,0,-0.012035314360538174,-0.006082326082325951,0.12178488794672793,0.020000000000000018,0.0
single,p21,tabm_specialists,checkpoint_average,coherent_median_ensemble,ranking_proxy,ranking_proxy,unchanged,False,False,True,,0,-0.009193207174263085,0.0001659121659122187,0.01478390990781589,-0.020000000000000018,0.0
single,mitochondria_tomm20,tabm_specialists,checkpoint_average,coherent_median_ensemble,ranking_proxy,ranking_proxy,unchanged,False,False,True,,0,0.002461464298133431,0.006283206283206222,0.03641130248064772,0.0,0.0
single,p53,tabm_specialists,checkpoint_average,coherent_median_ensemble,measurement_required,measurement_required,unchanged,False,False,True,,0,-0.04589837236317984,-0.013350205350205369,0.030365508429962107,0.03999999999999998,0.0
single,caspase_activity_cellevent-caspase_live-cell_dye,tabm_specialists,checkpoint_average,coherent_median_ensemble,measurement_required,measurement_required,unchanged,False,False,True,variance_lower,1,-0.11953332063833383,-0.05654656454656459,0.6038346986739753,0.020000000000000018,0.0
single,ps6,tabm_specialists,checkpoint_average,coherent_median_ensemble,measurement_required,measurement_required,unchanged,False,False,True,,0,-0.0025204578923978538,-0.009344169344169262,0.002817958336195095,0.0,0.0
single,prb,tabm_specialists,checkpoint_average,coherent_median_ensemble,not_identifiable,not_identifiable,unchanged,False,False,False,quantitative_hit,1,-0.07339095119793138,0.006363834363834475,0.23146928312377518,-0.039999999999999925,0.0
single,nuclei_hoechst,tabm_specialists,checkpoint_average,coherent_median_ensemble,not_identifiable,not_identifiable,unchanged,False,False,False,,0,0.01143048531307822,0.020056724056723985,0.04655409085511342,0.020000000000000018,0.0
single,nucleoli_npm1,tabm_specialists,checkpoint_average,coherent_median_ensemble,not_identifiable,not_identifiable,unchanged,False,False,False,variance_lower,1,0.0016686493942607017,-0.012863868863868866,0.0494738899091568,0.040000000000000036,0.0
single,b-catenin,tabm_specialists,checkpoint_average,coherent_median_ensemble,not_identifiable,not_identifiable,unchanged,False,False,False,,0,-0.01366425460731191,-0.0046473526473527205,0.02015920489080869,0.0,0.0
single,c-myc,tabm_specialists,checkpoint_average,coherent_median_ensemble,not_identifiable,not_identifiable,unchanged,False,False,False,,0,-0.013377224751366601,-0.016166860166860086,0.02471531696421031,0.020000000000000018,0.0
single,er_cona,tabm_specialists,checkpoint_average,coherent_median_ensemble,not_identifiable,not_identifiable,unchanged,False,False,False,quantitative_hit,1,0.0017436399043377904,-0.003029715029715052,0.009267420703668261,0.05999999999999994,0.0
single,microtubules_tubulin,tabm_specialists,checkpoint_average,coherent_median_ensemble,not_identifiable,not_identifiable,unchanged,False,False,False,,0,0.0030059637712009923,0.003823587823587715,0.057534925779515245,0.08000000000000007,0.0
single,nucleolus-dfc_fbl,tabm_specialists,checkpoint_average,coherent_median_ensemble,not_identifiable,not_identifiable,unchanged,False,False,False,,0,0.005242296282031655,0.0009619089619088417,0.0789821614847872,0.0,0.0
single,plasma_membrane_wga,tabm_specialists,checkpoint_average,coherent_median_ensemble,not_identifiable,not_identifiable,unchanged,False,False,False,quantitative_hit,1,0.002300550041737459,-0.00021841221841234493,0.021317669447342036,-0.039999999999999925,0.0
single,microtubules_map4,tabm_specialists,checkpoint_average,coherent_median_ensemble,unresolved,unresolved,unchanged,False,False,True,quantitative_hit,1,-0.05927586576078592,-0.04366449166449171,0.44621908579563196,-0.08000000000000007,0.0
single,lipid_droplet_plin2,tabm_specialists,checkpoint_average,coherent_median_ensemble,unresolved,unresolved,unchanged,False,False,True,,0,-0.00460769521264659,-0.002960282960282945,0.024505558486075774,0.020000000000000018,0.0
single,cell_proliferation_marker_mki67,tabm_specialists,checkpoint_average,coherent_median_ensemble,unresolved,unresolved,unchanged,False,False,True,recovery;quantitative_hit,2,-0.041191464181126736,-0.11581590781590789,0.41204954853146225,-0.05999999999999994,0.0
single,stress_granule_g3bp1,scbutterfly_ops_b,checkpoint_average,coherent_median_ensemble,quantitative_proxy,quantitative_proxy,unchanged,False,False,True,,0,-0.017421823984385854,-0.04261417861417849,-0.10806815071643494,-0.07999999999999996,0.0
single,lysosome_lysotracker_live-cell_dye,scbutterfly_ops_b,checkpoint_average,coherent_median_ensemble,quantitative_proxy,quantitative_proxy,unchanged,False,False,True,,0,-0.07537773641195888,-0.013680421680421828,-0.19051514478898712,-0.040000000000000036,0.0
single,er_golgi_cop-ii_sec23a,scbutterfly_ops_b,checkpoint_average,coherent_median_ensemble,quantitative_proxy,quantitative_proxy,unchanged,False,False,True,,0,-0.11184556299267423,-0.11484498684498667,-0.2630290961437747,-0.18000000000000005,0.0
single,early_endosome_eea1,scbutterfly_ops_b,checkpoint_average,coherent_median_ensemble,quantitative_proxy,ranking_proxy,Q_to_R,True,False,True,variance_lower,1,-0.11385249923887553,-0.13526780726780718,-0.5633954596562275,-0.14,0.0
single,lipid_droplet_bodipy_live_cell_dye,scbutterfly_ops_b,checkpoint_average,coherent_median_ensemble,quantitative_proxy,ranking_proxy,Q_to_R,True,False,True,variance_lower,1,-0.09129979970566016,-0.09378924978924985,-0.6353738258857539,-0.07999999999999996,0.0
single,late_endosome_rab7a,scbutterfly_ops_b,checkpoint_average,coherent_median_ensemble,quantitative_proxy,quantitative_proxy,unchanged,False,False,True,,0,-0.07452481305792213,-0.08278469878469896,-0.22986940503019349,-0.15999999999999992,0.0
single,actin_filament_fastact_spy555_live_cell_dye,scbutterfly_ops_b,checkpoint_average,coherent_median_ensemble,quantitative_proxy,quantitative_proxy,unchanged,False,False,True,,0,-0.027338864126364437,-0.03899192699192722,-0.1305432896672255,-0.12,0.0
single,plasma_membrane_slc3a2,scbutterfly_ops_b,checkpoint_average,coherent_median_ensemble,quantitative_proxy,quantitative_proxy,unchanged,False,False,True,,0,-0.012936776171255882,-0.020129552129552364,-0.083218844194767,-0.09999999999999998,0.0
single,clathrin_vesicles_clta,scbutterfly_ops_b,checkpoint_average,coherent_median_ensemble,quantitative_proxy,quantitative_proxy,unchanged,False,False,True,,0,-0.09675616030338141,-0.07160457560457545,-0.28259743134245485,-0.06000000000000005,0.0
single,autophagosome_map1lc3b,scbutterfly_ops_b,checkpoint_average,coherent_median_ensemble,quantitative_proxy,quantitative_proxy,unchanged,False,False,True,,0,-0.1045114685171381,-0.12703474303474294,-0.21002637770512833,-0.17999999999999994,0.0
single,fe2+_ferhonox_live-cell_dye,scbutterfly_ops_b,checkpoint_average,coherent_median_ensemble,quantitative_proxy,ranking_proxy,Q_to_R,True,False,True,recovery;variance_upper;quantitative_hit;measurement_recovery,4,-0.36436684737214253,-0.17322325722325715,317.6770759905186,-0.36,0.0
single,recycling_endosome_tfrc,scbutterfly_ops_b,checkpoint_average,coherent_median_ensemble,quantitative_proxy,ranking_proxy,Q_to_R,True,False,True,recovery;quantitative_hit,2,-0.1897889720676349,-0.1865677865677866,-0.5033882949443304,-0.3400000000000001,0.0
single,er_golgi_cope,scbutterfly_ops_b,checkpoint_average,coherent_median_ensemble,quantitative_proxy,quantitative_proxy,unchanged,False,False,True,,0,-0.019232376846149868,-0.02220913020913018,-0.21711822259901248,0.020000000000000018,0.0
single,chaperones_hspa1b,scbutterfly_ops_b,checkpoint_average,coherent_median_ensemble,quantitative_proxy,quantitative_proxy,unchanged,False,False,True,,0,-0.020518672044313013,-0.044454092454092486,-0.09053772956661432,-0.07999999999999996,0.0
single,nucleolus-gc_npm3,scbutterfly_ops_b,checkpoint_average,coherent_median_ensemble,quantitative_proxy,measurement_required,Q_to_M,True,True,True,recovery;rank;variance_upper;quantitative_hit;ranking_hit;measurement_recovery,6,-0.3587854774364618,-0.35483326283326294,2.0157981315513314,-0.5,0.0
single,nuclei_nucleolive_live_cell_dye,scbutterfly_ops_b,checkpoint_average,coherent_median_ensemble,quantitative_proxy,ranking_proxy,Q_to_R,True,False,True,variance_lower,1,-0.12223989168045313,-0.06481603681603687,-0.39362750406534736,-0.12,0.0
single,endosome_vps35,scbutterfly_ops_b,checkpoint_average,coherent_median_ensemble,quantitative_proxy,unresolved,Q_to_U,True,True,True,recovery;rank;quantitative_hit,3,-0.18830906235129619,-0.22872254472254483,-0.11414737402188568,-0.1399999999999999,0.0
single,er_sec61b,scbutterfly_ops_b,checkpoint_average,coherent_median_ensemble,quantitative_proxy,quantitative_proxy,unchanged,False,False,True,,0,-0.04208953661184478,-0.041973605973606,-0.00022676902789997566,-0.07999999999999996,0.0
single,er_golgi_bridge_vapa,scbutterfly_ops_b,checkpoint_average,coherent_median_ensemble,quantitative_proxy,ranking_proxy,Q_to_R,True,False,True,recovery;variance_lower,2,-0.15339029841306695,-0.08174106974106987,-0.4441017841257259,-0.14,0.0
single,mitochondria_chromalive_561_excitation,scbutterfly_ops_b,checkpoint_average,coherent_median_ensemble,quantitative_proxy,quantitative_proxy,unchanged,False,False,True,,0,-0.09899228495177104,-0.03635048435048427,-0.24680146228177913,-0.09999999999999998,0.0
single,peroxisome_peroxi_spy650_live_cell_dye,scbutterfly_ops_b,checkpoint_average,coherent_median_ensemble,quantitative_proxy,unresolved,Q_to_U,True,True,True,recovery;rank;quantitative_hit,3,-0.14886996410730235,-0.3687770847770848,-0.3506573322648223,-0.24,0.0
single,chromalive_488_excitation,scbutterfly_ops_b,checkpoint_average,coherent_median_ensemble,quantitative_proxy,quantitative_proxy,unchanged,False,False,True,,0,-0.04176614267966927,-0.030474066474066475,-0.1670974529920406,0.0,0.0
single,chromatin_h2bc21,scbutterfly_ops_b,checkpoint_average,coherent_median_ensemble,quantitative_proxy,ranking_proxy,Q_to_R,True,False,True,variance_lower,1,-0.049005161102521066,-0.042198822198822206,-0.16667577911561798,-0.12,0.0
single,plasma_membrane_atp1b3,scbutterfly_ops_b,checkpoint_average,coherent_median_ensemble,quantitative_proxy,measurement_required,Q_to_M,True,True,True,recovery;rank;quantitative_hit;measurement_recovery,4,-0.22825431624092418,-0.21024522624522624,-0.29229554276259995,-0.30000000000000004,0.0
single,endocytic_vesicle_ph_phrodo-dextran_live_cell_dye,scbutterfly_ops_b,checkpoint_average,coherent_median_ensemble,quantitative_proxy,quantitative_proxy,unchanged,False,False,True,,0,-0.03515354935301607,-0.03804609804609804,-0.3739186550142588,-0.05999999999999994,0.0
single,5xupre,scbutterfly_ops_b,checkpoint_average,coherent_median_ensemble,quantitative_proxy,ranking_proxy,Q_to_R,True,False,True,recovery,1,-0.08272810813268716,-0.061322389322389426,-0.15058339610800286,-0.14,0.0
single,f-actin_phalloidin,scbutterfly_ops_b,checkpoint_average,coherent_median_ensemble,quantitative_proxy,ranking_proxy,Q_to_R,True,False,True,variance_lower,1,-0.04549676805658409,-0.044407832407832415,-0.2568580806385382,0.0,0.0
single,mitochondria_tomm70a,scbutterfly_ops_b,checkpoint_average,coherent_median_ensemble,quantitative_proxy,ranking_proxy,Q_to_R,True,False,True,recovery;variance_lower,2,-0.05160913448420501,-0.05592804792804795,-0.31964249369440917,-0.040000000000000036,0.0
single,lysosome_lamp1,scbutterfly_ops_b,checkpoint_average,coherent_median_ensemble,quantitative_proxy,measurement_required,Q_to_M,True,True,True,recovery;rank;variance_lower;measurement_recovery,4,-0.21318607126061007,-0.1696900096900098,-0.3039457588386076,-0.020000000000000018,0.0
single,autophagosome_atg101,scbutterfly_ops_b,checkpoint_average,coherent_median_ensemble,quantitative_proxy,measurement_required,Q_to_M,True,True,True,recovery;rank;variance_lower;quantitative_hit;ranking_hit;measurement_recovery,6,-0.26646592401534513,-0.3683594243594244,-0.5646543816466344,-0.34,0.0
single,nuclear_speckles_srrm2,scbutterfly_ops_b,checkpoint_average,coherent_median_ensemble,ranking_proxy,ranking_proxy,unchanged,False,False,True,quantitative_hit,1,-0.06268646585585969,-0.1174330774330773,-0.19465038543989832,-0.24,0.0
single,proteasome_psmb7,scbutterfly_ops_b,checkpoint_average,coherent_median_ensemble,ranking_proxy,measurement_required,R_to_M,True,True,True,rank;variance_lower;quantitative_hit;measurement_recovery,4,-0.10011537096201706,-0.15513218313218302,-0.40274918380998515,-0.21999999999999997,0.0
single,oxidative_stress_cellrox_live-cell_dye,scbutterfly_ops_b,checkpoint_average,coherent_median_ensemble,ranking_proxy,ranking_proxy,unchanged,False,False,True,,0,-0.028763914555127945,-0.015422895422895433,-0.18260443167297025,-0.019999999999999907,0.0
single,er_ncln,scbutterfly_ops_b,checkpoint_average,coherent_median_ensemble,ranking_proxy,measurement_required,R_to_M,True,True,True,rank;variance_lower;measurement_recovery,3,-0.18098277228393705,-0.09552907152907142,-0.37266229243927357,-0.039999999999999925,0.0
single,trans-golgi_vamp3,scbutterfly_ops_b,checkpoint_average,coherent_median_ensemble,ranking_proxy,measurement_required,R_to_M,True,True,True,rank;variance_lower;measurement_recovery,3,-0.2136904910031317,-0.2045556845556845,-0.37373040966776555,-0.21999999999999997,0.0
single,p21,scbutterfly_ops_b,checkpoint_average,coherent_median_ensemble,ranking_proxy,ranking_proxy,unchanged,False,False,True,measurement_recovery,1,-0.041090371996708175,-0.03319194919194912,-0.09499773736520212,0.020000000000000018,0.0
single,mitochondria_tomm20,scbutterfly_ops_b,checkpoint_average,coherent_median_ensemble,ranking_proxy,unresolved,R_to_U,True,True,True,rank,1,-0.051858400235357704,-0.033305385305385404,-0.05754629293383018,0.020000000000000018,0.0
single,p53,scbutterfly_ops_b,checkpoint_average,coherent_median_ensemble,measurement_required,measurement_required,unchanged,False,False,True,,0,-0.1350582262341184,-0.09088159888159886,-0.013419781848138496,-0.040000000000000036,0.0
single,caspase_activity_cellevent-caspase_live-cell_dye,scbutterfly_ops_b,checkpoint_average,coherent_median_ensemble,measurement_required,measurement_required,unchanged,False,False,True,,0,-0.09683442787647922,-0.04210087810087815,-0.07619642016159611,-0.019999999999999962,0.0
single,ps6,scbutterfly_ops_b,checkpoint_average,coherent_median_ensemble,measurement_required,measurement_required,unchanged,False,False,True,,0,-0.19600324919639667,-0.14658893058893063,-0.017716956525953904,-0.020000000000000018,0.0
single,prb,scbutterfly_ops_b,checkpoint_average,coherent_median_ensemble,not_identifiable,not_identifiable,unchanged,False,False,False,rank;quantitative_hit;ranking_hit,3,-0.061302589365479776,-0.14593516993516997,0.041634235352130705,-0.24,0.0
single,nuclei_hoechst,scbutterfly_ops_b,checkpoint_average,coherent_median_ensemble,not_identifiable,not_identifiable,unchanged,False,False,False,recovery;ranking_hit,2,-0.05749548465148924,-0.08413159213159216,-0.12867233781338938,-0.08000000000000002,0.0
single,nucleoli_npm1,scbutterfly_ops_b,checkpoint_average,coherent_median_ensemble,not_identifiable,not_identifiable,unchanged,False,False,False,,0,-0.06144596614936071,-0.07289076089076085,-0.14459602500425967,-0.03999999999999998,0.0
single,b-catenin,scbutterfly_ops_b,checkpoint_average,coherent_median_ensemble,not_identifiable,not_identifiable,unchanged,False,False,False,,0,-0.19189735769087835,-0.11346142146142146,-0.1335536317905351,0.040000000000000036,0.0
single,c-myc,scbutterfly_ops_b,checkpoint_average,coherent_median_ensemble,not_identifiable,not_identifiable,unchanged,False,False,False,ranking_hit,1,-0.13653255229208583,-0.01808014208014197,-0.11476199524721309,-0.03999999999999998,0.0
single,er_cona,scbutterfly_ops_b,checkpoint_average,coherent_median_ensemble,not_identifiable,not_identifiable,unchanged,False,False,False,recovery;rank;variance_lower,3,-0.03788966576138053,-0.03612406812406799,-0.28227470340091054,0.019999999999999907,0.0
single,microtubules_tubulin,scbutterfly_ops_b,checkpoint_average,coherent_median_ensemble,not_identifiable,not_identifiable,unchanged,False,False,False,recovery;rank;variance_lower;quantitative_hit;ranking_hit,5,-0.05937381081744808,-0.08678267078267099,-0.26607750959849163,-0.15999999999999998,0.0
single,nucleolus-dfc_fbl,scbutterfly_ops_b,checkpoint_average,coherent_median_ensemble,not_identifiable,not_identifiable,unchanged,False,False,False,variance_lower,1,-0.0528187252440141,-0.10118834918834929,-0.3854008404309829,-0.14,0.0
single,plasma_membrane_wga,scbutterfly_ops_b,checkpoint_average,coherent_median_ensemble,not_identifiable,not_identifiable,unchanged,False,False,False,rank;variance_lower;quantitative_hit,3,-0.050759683786478216,-0.07482126282126289,-0.2569848454652349,-0.07999999999999996,0.0
single,microtubules_map4,scbutterfly_ops_b,checkpoint_average,coherent_median_ensemble,unresolved,unresolved,unchanged,False,False,True,,0,-0.05573572356612966,-0.06926320526320529,-0.25691276402147756,0.05999999999999994,0.0
single,lipid_droplet_plin2,scbutterfly_ops_b,checkpoint_average,coherent_median_ensemble,unresolved,unresolved,unchanged,False,False,True,recovery,1,-0.01853479133409497,-0.0162024522024522,-0.029340797988006206,0.020000000000000018,0.0
single,cell_proliferation_marker_mki67,scbutterfly_ops_b,checkpoint_average,coherent_median_ensemble,unresolved,measurement_required,U_to_M,True,False,True,recovery;quantitative_hit;measurement_recovery,3,-0.14003992463899761,-0.09803339003338996,-0.008746669337208357,-0.07999999999999996,0.0
single,stress_granule_g3bp1,resmlp_52head,checkpoint_average,coherent_median_ensemble,quantitative_proxy,quantitative_proxy,unchanged,False,False,True,,0,-0.00011386170576366261,-0.0007588927588925154,0.07997166361712393,-0.020000000000000018,0.0
single,lysosome_lysotracker_live-cell_dye,resmlp_52head,checkpoint_average,coherent_median_ensemble,quantitative_proxy,quantitative_proxy,unchanged,False,False,True,,0,-0.01223806150443485,-0.0029636069636069795,0.01059983969376077,-0.020000000000000018,0.0
single,er_golgi_cop-ii_sec23a,resmlp_52head,checkpoint_average,coherent_median_ensemble,quantitative_proxy,quantitative_proxy,unchanged,False,False,True,,0,-0.0006722150779502334,-0.005297129297129222,-0.02505053333547902,0.0,0.0
single,early_endosome_eea1,resmlp_52head,checkpoint_average,coherent_median_ensemble,quantitative_proxy,quantitative_proxy,unchanged,False,False,True,,0,-0.004814332748489969,-0.006345858345858213,-0.018762846908367492,0.0,0.0
single,lipid_droplet_bodipy_live_cell_dye,resmlp_52head,checkpoint_average,coherent_median_ensemble,quantitative_proxy,quantitative_proxy,unchanged,False,False,True,,0,-0.004190939830529206,-0.0007616047616048061,0.04067902264552303,-0.020000000000000018,0.0
single,late_endosome_rab7a,resmlp_52head,checkpoint_average,coherent_median_ensemble,quantitative_proxy,quantitative_proxy,unchanged,False,False,True,,0,-0.002200074811218644,-0.004772224772224831,0.062168447882281375,-0.020000000000000018,0.0
single,actin_filament_fastact_spy555_live_cell_dye,resmlp_52head,checkpoint_average,coherent_median_ensemble,quantitative_proxy,quantitative_proxy,unchanged,False,False,True,,0,-0.0031539847351058636,-0.006537450537450584,0.0496993495474245,0.0,0.0
single,plasma_membrane_slc3a2,resmlp_52head,checkpoint_average,coherent_median_ensemble,quantitative_proxy,quantitative_proxy,unchanged,False,False,True,,0,-0.0005015521198196149,-0.0038029238029240187,0.01476851285934655,0.0,0.0
single,clathrin_vesicles_clta,resmlp_52head,checkpoint_average,coherent_median_ensemble,quantitative_proxy,quantitative_proxy,unchanged,False,False,True,,0,-0.004169934894915239,-0.005686901686901447,0.01812323590363163,-0.040000000000000036,0.0
single,autophagosome_map1lc3b,resmlp_52head,checkpoint_average,coherent_median_ensemble,quantitative_proxy,quantitative_proxy,unchanged,False,False,True,,0,-0.001995254131579083,-0.003452499452499591,-0.04672378869395277,0.040000000000000036,0.0
single,fe2+_ferhonox_live-cell_dye,resmlp_52head,checkpoint_average,coherent_median_ensemble,quantitative_proxy,quantitative_proxy,unchanged,False,False,True,,0,-0.0060820854193746055,0.0022169782169781937,0.044711633583964794,0.020000000000000018,0.0
single,recycling_endosome_tfrc,resmlp_52head,checkpoint_average,coherent_median_ensemble,quantitative_proxy,quantitative_proxy,unchanged,False,False,True,,0,-0.013357191545601,-0.010974226974227341,0.012098656293357823,-0.08000000000000007,0.0
single,er_golgi_cope,resmlp_52head,checkpoint_average,coherent_median_ensemble,quantitative_proxy,quantitative_proxy,unchanged,False,False,True,,0,-0.0012150691806939173,0.007881847881847981,0.12453820480842082,0.020000000000000018,0.0
single,chaperones_hspa1b,resmlp_52head,checkpoint_average,coherent_median_ensemble,quantitative_proxy,quantitative_proxy,unchanged,False,False,True,,0,-0.0010580574236748186,-0.0030546150546151285,0.019562548538043734,-0.020000000000000018,0.0
single,nucleolus-gc_npm3,resmlp_52head,checkpoint_average,coherent_median_ensemble,quantitative_proxy,quantitative_proxy,unchanged,False,False,True,,0,-0.010446530767269535,-0.02051194451194449,-0.0027501459841987597,-0.020000000000000018,0.0
single,nuclei_nucleolive_live_cell_dye,resmlp_52head,checkpoint_average,coherent_median_ensemble,quantitative_proxy,quantitative_proxy,unchanged,False,False,True,,0,0.011687816740882484,0.0077060597060597535,0.03208910392796116,0.020000000000000018,0.0
single,endosome_vps35,resmlp_52head,checkpoint_average,coherent_median_ensemble,quantitative_proxy,quantitative_proxy,unchanged,False,False,True,,0,-0.008391210810909655,-0.02068714468714472,0.019234595296826473,-0.039999999999999925,0.0
single,er_sec61b,resmlp_52head,checkpoint_average,coherent_median_ensemble,quantitative_proxy,ranking_proxy,Q_to_R,True,False,True,variance_lower,1,-0.009331464424196634,-0.004253884253884288,-0.11450417357559639,0.0,0.0
single,er_golgi_bridge_vapa,resmlp_52head,checkpoint_average,coherent_median_ensemble,quantitative_proxy,quantitative_proxy,unchanged,False,False,True,,0,-0.020416078927521175,-0.015215571215571488,0.014914282450642968,-0.07999999999999996,0.0
single,mitochondria_chromalive_561_excitation,resmlp_52head,checkpoint_average,coherent_median_ensemble,quantitative_proxy,quantitative_proxy,unchanged,False,False,True,,0,-0.006085817184623976,0.0015596295596299603,0.06794042463213346,0.0,0.0
single,peroxisome_peroxi_spy650_live_cell_dye,resmlp_52head,checkpoint_average,coherent_median_ensemble,quantitative_proxy,quantitative_proxy,unchanged,False,False,True,,0,-0.022410555472478833,-0.012622272622272668,-0.007902444000703945,-0.040000000000000036,0.0
single,chromalive_488_excitation,resmlp_52head,checkpoint_average,coherent_median_ensemble,quantitative_proxy,quantitative_proxy,unchanged,False,False,True,,0,0.004079311319567069,-0.002619194619194687,0.04476960819812681,0.0,0.0
single,chromatin_h2bc21,resmlp_52head,checkpoint_average,coherent_median_ensemble,quantitative_proxy,quantitative_proxy,unchanged,False,False,True,,0,0.0018301874610361368,-0.004783924783924753,0.03437792772439685,-0.020000000000000018,0.0
single,plasma_membrane_atp1b3,resmlp_52head,checkpoint_average,coherent_median_ensemble,quantitative_proxy,quantitative_proxy,unchanged,False,False,True,,0,-0.006810152579371009,-0.017012513012512942,-0.008632244842449732,-0.08000000000000007,0.0
single,endocytic_vesicle_ph_phrodo-dextran_live_cell_dye,resmlp_52head,checkpoint_average,coherent_median_ensemble,quantitative_proxy,quantitative_proxy,unchanged,False,False,True,,0,-0.0013717621962082704,-0.0036865116865115732,0.032022203784648595,0.06000000000000005,0.0
single,5xupre,resmlp_52head,checkpoint_average,coherent_median_ensemble,quantitative_proxy,quantitative_proxy,unchanged,False,False,True,,0,-0.002298776906639044,-0.008415476415476575,-0.03742228480990484,-0.06000000000000005,0.0
single,f-actin_phalloidin,resmlp_52head,checkpoint_average,coherent_median_ensemble,quantitative_proxy,quantitative_proxy,unchanged,False,False,True,,0,-0.03639928504899881,-0.04722747522747528,0.07314097680350373,-0.020000000000000018,0.0
single,mitochondria_tomm70a,resmlp_52head,checkpoint_average,coherent_median_ensemble,quantitative_proxy,quantitative_proxy,unchanged,False,False,True,,0,0.00011705538820983019,0.0034751554751555336,0.06023949942740414,0.019999999999999907,0.0
single,lysosome_lamp1,resmlp_52head,checkpoint_average,coherent_median_ensemble,quantitative_proxy,quantitative_proxy,unchanged,False,False,True,,0,-0.017779260918334483,-0.022075954075954085,0.05994818939275681,0.040000000000000036,0.0
single,autophagosome_atg101,resmlp_52head,checkpoint_average,coherent_median_ensemble,quantitative_proxy,ranking_proxy,Q_to_R,True,False,True,recovery,1,-0.02368592860180385,-0.045674361674361674,-0.03493800214094045,-0.040000000000000036,0.0
single,nuclear_speckles_srrm2,resmlp_52head,checkpoint_average,coherent_median_ensemble,ranking_proxy,quantitative_proxy,R_to_Q,True,False,True,variance_lower,1,0.0019714852138790206,0.010425766425766425,0.05282334805919808,0.0,0.0
single,proteasome_psmb7,resmlp_52head,checkpoint_average,coherent_median_ensemble,ranking_proxy,ranking_proxy,unchanged,False,False,True,,0,0.0034428818792689997,0.008080436080436182,0.10050867717606515,0.039999999999999925,0.0
single,oxidative_stress_cellrox_live-cell_dye,resmlp_52head,checkpoint_average,coherent_median_ensemble,ranking_proxy,ranking_proxy,unchanged,False,False,True,,0,0.00973530443959425,-0.005278205278205439,0.04916729260724806,0.0,0.0
single,er_ncln,resmlp_52head,checkpoint_average,coherent_median_ensemble,ranking_proxy,ranking_proxy,unchanged,False,False,True,quantitative_hit,1,-0.011060100233916792,-0.006250206250206225,-0.013439550267106415,0.040000000000000036,0.0
single,trans-golgi_vamp3,resmlp_52head,checkpoint_average,coherent_median_ensemble,ranking_proxy,ranking_proxy,unchanged,False,False,True,,0,-0.019841777222838863,-0.01920175920175915,-0.0684399145597786,0.0,0.0
single,p21,resmlp_52head,checkpoint_average,coherent_median_ensemble,ranking_proxy,ranking_proxy,unchanged,False,False,True,quantitative_hit,1,-0.002051355686231271,-0.0031524391524390127,0.024846642138553893,-0.06000000000000005,0.0
single,mitochondria_tomm20,resmlp_52head,checkpoint_average,coherent_median_ensemble,ranking_proxy,unresolved,R_to_U,True,True,True,rank,1,-0.037957980621378895,-0.05223667623667627,0.0831322548734092,0.0,0.0
single,p53,resmlp_52head,checkpoint_average,coherent_median_ensemble,measurement_required,measurement_required,unchanged,False,False,True,,0,4.307669412739745e-05,0.0022876342876342326,0.03379367299901931,0.03999999999999998,0.0
single,caspase_activity_cellevent-caspase_live-cell_dye,resmlp_52head,checkpoint_average,coherent_median_ensemble,measurement_required,measurement_required,unchanged,False,False,True,variance_lower,1,-0.024252261761642302,-0.013507897507897604,0.05186668031926617,-0.03999999999999998,0.0
single,ps6,resmlp_52head,checkpoint_average,coherent_median_ensemble,measurement_required,measurement_required,unchanged,False,False,True,,0,-0.013903412117525882,-0.01735172935172935,0.0063156111229929895,0.0,0.0
single,prb,resmlp_52head,checkpoint_average,coherent_median_ensemble,not_identifiable,not_identifiable,unchanged,False,False,False,rank;quantitative_hit,2,-0.02453324635305998,-0.04043662043662033,0.0039075391545468005,-0.07999999999999996,0.0
single,nuclei_hoechst,resmlp_52head,checkpoint_average,coherent_median_ensemble,not_identifiable,not_identifiable,unchanged,False,False,False,ranking_hit,1,-0.037902532482316786,-0.0481093441093442,0.09092020740292495,-0.040000000000000036,0.0
single,nucleoli_npm1,resmlp_52head,checkpoint_average,coherent_median_ensemble,not_identifiable,not_identifiable,unchanged,False,False,False,variance_lower,1,-0.05925214639272919,-0.059785835785835795,0.15538738190896095,-0.06,0.0
single,b-catenin,resmlp_52head,checkpoint_average,coherent_median_ensemble,not_identifiable,not_identifiable,unchanged,False,False,False,,0,-0.00445643789568273,0.0012183732183731477,0.03272882572616059,0.020000000000000018,0.0
single,c-myc,resmlp_52head,checkpoint_average,coherent_median_ensemble,not_identifiable,not_identifiable,unchanged,False,False,False,,0,0.003596614300828249,0.0008166728166728587,0.02043338473576417,0.0,0.0
single,er_cona,resmlp_52head,checkpoint_average,coherent_median_ensemble,not_identifiable,not_identifiable,unchanged,False,False,False,recovery;rank,2,-0.045178654862304324,-0.04281075081075081,0.05575175457316117,0.0,0.0
single,microtubules_tubulin,resmlp_52head,checkpoint_average,coherent_median_ensemble,not_identifiable,not_identifiable,unchanged,False,False,False,recovery;rank;quantitative_hit,3,-0.041265917717835165,-0.05553871953871958,0.05875781219774634,-0.07999999999999996,0.0
single,nucleolus-dfc_fbl,resmlp_52head,checkpoint_average,coherent_median_ensemble,not_identifiable,not_identifiable,unchanged,False,False,False,,0,-0.005069748868811397,-0.00806109206109229,0.04749562669228857,0.019999999999999907,0.0
single,plasma_membrane_wga,resmlp_52head,checkpoint_average,coherent_median_ensemble,not_identifiable,not_identifiable,unchanged,False,False,False,quantitative_hit,1,-0.034942164715119906,-0.05193591993592006,0.06988868627733158,-0.09999999999999998,0.0
single,microtubules_map4,resmlp_52head,checkpoint_average,coherent_median_ensemble,unresolved,unresolved,unchanged,False,False,True,,0,-0.0013331970149648154,-0.00474142074142081,-0.0010678076289543093,0.0,0.0
single,lipid_droplet_plin2,resmlp_52head,checkpoint_average,coherent_median_ensemble,unresolved,unresolved,unchanged,False,False,True,recovery;variance_lower,2,-0.03006904358787521,-0.04161179361179357,0.07837173960883931,-0.06,0.0
single,cell_proliferation_marker_mki67,resmlp_52head,checkpoint_average,coherent_median_ensemble,unresolved,unresolved,unchanged,False,False,True,recovery,1,-0.031216586094259813,-0.05011782211782212,0.07858916935068216,0.0,0.0
single,stress_granule_g3bp1,multitab_pilot,checkpoint_average,coherent_median_ensemble,quantitative_proxy,quantitative_proxy,unchanged,False,False,True,,0,-0.005599321532416379,-0.0031715911715909373,0.05241940756393193,-0.020000000000000018,0.0
single,lysosome_lysotracker_live-cell_dye,multitab_pilot,checkpoint_average,coherent_median_ensemble,quantitative_proxy,quantitative_proxy,unchanged,False,False,True,,0,-0.015461574240555609,-0.0007490047490046337,0.10130540634857488,-0.020000000000000018,0.0
single,er_golgi_cop-ii_sec23a,multitab_pilot,checkpoint_average,coherent_median_ensemble,quantitative_proxy,quantitative_proxy,unchanged,False,False,True,,0,-0.005124498756088447,-0.00486814086814058,0.03629130044994355,0.0,0.0
single,early_endosome_eea1,multitab_pilot,checkpoint_average,coherent_median_ensemble,quantitative_proxy,quantitative_proxy,unchanged,False,False,True,,0,-0.0031247594208395624,-0.001328749328749379,0.06070689561186393,-0.020000000000000018,0.0
single,lipid_droplet_bodipy_live_cell_dye,multitab_pilot,checkpoint_average,coherent_median_ensemble,quantitative_proxy,quantitative_proxy,unchanged,False,False,True,,0,-0.013844459242234763,-0.008888408888408805,0.06661669523386415,-0.020000000000000018,0.0
single,late_endosome_rab7a,multitab_pilot,checkpoint_average,coherent_median_ensemble,quantitative_proxy,quantitative_proxy,unchanged,False,False,True,,0,-0.007780908723747815,-0.0031380631380631963,0.008143073335611373,-0.05999999999999994,0.0
single,actin_filament_fastact_spy555_live_cell_dye,multitab_pilot,checkpoint_average,coherent_median_ensemble,quantitative_proxy,quantitative_proxy,unchanged,False,False,True,,0,-0.011895847361419243,-0.00796560796560819,0.03890318734278442,-0.019999999999999907,0.0
single,plasma_membrane_slc3a2,multitab_pilot,checkpoint_average,coherent_median_ensemble,quantitative_proxy,quantitative_proxy,unchanged,False,False,True,,0,-0.0049297775097297825,-0.004943068943069173,0.006153692485484918,0.0,0.0
single,clathrin_vesicles_clta,multitab_pilot,checkpoint_average,coherent_median_ensemble,quantitative_proxy,quantitative_proxy,unchanged,False,False,True,,0,-0.006245461687657272,-0.001860889860889614,0.03149680629490215,-0.020000000000000018,0.0
single,autophagosome_map1lc3b,multitab_pilot,checkpoint_average,coherent_median_ensemble,quantitative_proxy,quantitative_proxy,unchanged,False,False,True,,0,-0.008819143938267326,-0.002618966618966545,0.0006454931761405991,0.0,0.0
single,fe2+_ferhonox_live-cell_dye,multitab_pilot,checkpoint_average,coherent_median_ensemble,quantitative_proxy,quantitative_proxy,unchanged,False,False,True,,0,-0.060393726570380224,-0.027098535098534993,0.02598121457105884,-0.040000000000000036,0.0
single,recycling_endosome_tfrc,multitab_pilot,checkpoint_average,coherent_median_ensemble,quantitative_proxy,quantitative_proxy,unchanged,False,False,True,,0,-0.00864294226980078,-0.007297615297615412,0.018993433278514216,-0.040000000000000036,0.0
single,er_golgi_cope,multitab_pilot,checkpoint_average,coherent_median_ensemble,quantitative_proxy,quantitative_proxy,unchanged,False,False,True,,0,-0.009860148776854705,-0.004507108507108448,-0.0008540912307365423,0.0,0.0
single,chaperones_hspa1b,multitab_pilot,checkpoint_average,coherent_median_ensemble,quantitative_proxy,quantitative_proxy,unchanged,False,False,True,,0,-0.008620116241080056,-0.011894687894687839,0.03861957760653112,-0.05999999999999994,0.0
single,nucleolus-gc_npm3,multitab_pilot,checkpoint_average,coherent_median_ensemble,quantitative_proxy,quantitative_proxy,unchanged,False,False,True,,0,-0.013502763712650911,-0.008928092928093045,0.06633711260682329,0.0,0.0
single,nuclei_nucleolive_live_cell_dye,multitab_pilot,checkpoint_average,coherent_median_ensemble,quantitative_proxy,quantitative_proxy,unchanged,False,False,True,,0,-0.004495816997251878,-0.006149550149550098,0.10820529123644829,0.0,0.0
single,endosome_vps35,multitab_pilot,checkpoint_average,coherent_median_ensemble,quantitative_proxy,quantitative_proxy,unchanged,False,False,True,,0,-0.01287716363785496,-0.01031863031863034,0.05594605001302222,-0.039999999999999925,0.0
single,er_sec61b,multitab_pilot,checkpoint_average,coherent_median_ensemble,quantitative_proxy,ranking_proxy,Q_to_R,True,False,True,variance_lower,1,-0.012253963684049518,-0.00021238821238833694,-0.1033912334709382,0.040000000000000036,0.0
single,er_golgi_bridge_vapa,multitab_pilot,checkpoint_average,coherent_median_ensemble,quantitative_proxy,quantitative_proxy,unchanged,False,False,True,,0,-0.01616202824937263,-0.00420420420420442,0.07235647502932163,0.0,0.0
single,mitochondria_chromalive_561_excitation,multitab_pilot,checkpoint_average,coherent_median_ensemble,quantitative_proxy,quantitative_proxy,unchanged,False,False,True,,0,-0.02201139629163318,-0.005913761913761584,0.016577592479064762,-0.020000000000000018,0.0
single,peroxisome_peroxi_spy650_live_cell_dye,multitab_pilot,checkpoint_average,coherent_median_ensemble,quantitative_proxy,quantitative_proxy,unchanged,False,False,True,,0,-0.024220663727573366,-0.005569157569157546,0.010128958294591484,-0.040000000000000036,0.0
single,chromalive_488_excitation,multitab_pilot,checkpoint_average,coherent_median_ensemble,quantitative_proxy,quantitative_proxy,unchanged,False,False,True,,0,-0.006904034422963168,-0.0040647640647640815,0.05382328883308829,0.0,0.0
single,chromatin_h2bc21,multitab_pilot,checkpoint_average,coherent_median_ensemble,quantitative_proxy,quantitative_proxy,unchanged,False,False,True,,0,-0.02104072015560554,-0.013204357204357309,0.0012920253580629426,-0.05999999999999994,0.0
single,plasma_membrane_atp1b3,multitab_pilot,checkpoint_average,coherent_median_ensemble,quantitative_proxy,quantitative_proxy,unchanged,False,False,True,,0,-0.004644392898303762,-0.0009895929895927802,0.04523133960332315,0.019999999999999907,0.0
single,endocytic_vesicle_ph_phrodo-dextran_live_cell_dye,multitab_pilot,checkpoint_average,coherent_median_ensemble,quantitative_proxy,quantitative_proxy,unchanged,False,False,True,,0,-0.020694682311083956,-0.019363495363495353,-0.00042600545928239697,-0.020000000000000018,0.0
single,5xupre,multitab_pilot,checkpoint_average,coherent_median_ensemble,quantitative_proxy,quantitative_proxy,unchanged,False,False,True,,0,-0.007017499368344171,-0.005592785592785532,-0.008094847964750573,-0.020000000000000018,0.0
single,f-actin_phalloidin,multitab_pilot,checkpoint_average,coherent_median_ensemble,quantitative_proxy,quantitative_proxy,unchanged,False,False,True,,0,-0.0058727593966436675,-0.008781764781764845,0.02917322464558736,0.0,0.0
single,mitochondria_tomm70a,multitab_pilot,checkpoint_average,coherent_median_ensemble,quantitative_proxy,quantitative_proxy,unchanged,False,False,True,,0,-0.010892828304527202,-0.0026116346116346056,0.020921446474284844,-0.020000000000000018,0.0
single,lysosome_lamp1,multitab_pilot,checkpoint_average,coherent_median_ensemble,quantitative_proxy,quantitative_proxy,unchanged,False,False,True,,0,-0.012166927344754774,-0.0019060459060459278,0.033945943941787626,0.020000000000000018,0.0
single,autophagosome_atg101,multitab_pilot,checkpoint_average,coherent_median_ensemble,quantitative_proxy,quantitative_proxy,unchanged,False,False,True,,0,-0.012165213080408632,-0.00010452010452011162,0.12653205531016154,0.019999999999999907,0.0
single,nuclear_speckles_srrm2,multitab_pilot,checkpoint_average,coherent_median_ensemble,ranking_proxy,ranking_proxy,unchanged,False,False,True,,0,-0.02366796315156916,-0.024152076152076152,-0.007492251878069234,-0.040000000000000036,0.0
single,proteasome_psmb7,multitab_pilot,checkpoint_average,coherent_median_ensemble,ranking_proxy,ranking_proxy,unchanged,False,False,True,,0,-0.0029694929234331813,0.00627190227190233,0.05494911135873615,0.0,0.0
single,oxidative_stress_cellrox_live-cell_dye,multitab_pilot,checkpoint_average,coherent_median_ensemble,ranking_proxy,ranking_proxy,unchanged,False,False,True,,0,-0.02285530562945437,-0.009094089094089153,-0.0201527320474596,0.0,0.0
single,er_ncln,multitab_pilot,checkpoint_average,coherent_median_ensemble,ranking_proxy,ranking_proxy,unchanged,False,False,True,quantitative_hit,1,-0.002500954275393874,0.0036590556590556655,0.04287532291329699,0.020000000000000018,0.0
single,trans-golgi_vamp3,multitab_pilot,checkpoint_average,coherent_median_ensemble,ranking_proxy,ranking_proxy,unchanged,False,False,True,,0,-0.016915880344464895,-0.017885225885225786,0.19698746340194162,-0.020000000000000018,0.0
single,p21,multitab_pilot,checkpoint_average,coherent_median_ensemble,ranking_proxy,ranking_proxy,unchanged,False,False,True,,0,-0.006215524709580533,-0.00023733623733612763,0.014580786363704384,-0.020000000000000018,0.0
single,mitochondria_tomm20,multitab_pilot,checkpoint_average,coherent_median_ensemble,ranking_proxy,ranking_proxy,unchanged,False,False,True,,0,-0.004560512947330508,-0.018311490311490264,0.011108334757510718,0.05999999999999994,0.0
single,p53,multitab_pilot,checkpoint_average,coherent_median_ensemble,measurement_required,measurement_required,unchanged,False,False,True,,0,-0.016742903571179135,-0.014177642177642058,0.018448053451859292,0.03999999999999998,0.0
single,caspase_activity_cellevent-caspase_live-cell_dye,multitab_pilot,checkpoint_average,coherent_median_ensemble,measurement_required,measurement_required,unchanged,False,False,True,,0,-0.012771261522382837,0.004273108273108228,0.019973190034488997,-0.03999999999999998,0.0
single,ps6,multitab_pilot,checkpoint_average,coherent_median_ensemble,measurement_required,measurement_required,unchanged,False,False,True,,0,-0.0014601379188233787,-0.007930675930675868,0.006744407672045191,0.0,0.0
single,prb,multitab_pilot,checkpoint_average,coherent_median_ensemble,not_identifiable,not_identifiable,unchanged,False,False,False,rank;quantitative_hit,2,-0.018251497196739852,-0.014337998337998314,-0.005935120149195398,-0.039999999999999925,0.0
single,nuclei_hoechst,multitab_pilot,checkpoint_average,coherent_median_ensemble,not_identifiable,not_identifiable,unchanged,False,False,False,ranking_hit,1,-0.022956858420287274,-0.021265989265989327,0.05404855763702354,-0.040000000000000036,0.0
single,nucleoli_npm1,multitab_pilot,checkpoint_average,coherent_median_ensemble,not_identifiable,not_identifiable,unchanged,False,False,False,,0,-0.015883638990493165,-0.02417257217257207,0.018089044205391314,0.0,0.0
single,b-catenin,multitab_pilot,checkpoint_average,coherent_median_ensemble,not_identifiable,not_identifiable,unchanged,False,False,False,variance_lower,1,-0.0169296108399839,-0.005956865956865953,0.05191225939497268,0.040000000000000036,0.0
single,c-myc,multitab_pilot,checkpoint_average,coherent_median_ensemble,not_identifiable,not_identifiable,unchanged,False,False,False,,0,-0.00532937453849891,0.0004039324039324388,0.03014502115332679,0.020000000000000018,0.0
single,er_cona,multitab_pilot,checkpoint_average,coherent_median_ensemble,not_identifiable,not_identifiable,unchanged,False,False,False,,0,-0.0055798764253219835,-0.010862086862086784,0.02684416885965457,-0.040000000000000036,0.0
single,microtubules_tubulin,multitab_pilot,checkpoint_average,coherent_median_ensemble,not_identifiable,not_identifiable,unchanged,False,False,False,quantitative_hit,1,-0.004823157962043689,-0.009871713871713927,0.022039989208690436,-0.039999999999999925,0.0
single,nucleolus-dfc_fbl,multitab_pilot,checkpoint_average,coherent_median_ensemble,not_identifiable,not_identifiable,unchanged,False,False,False,,0,-0.02364649644980632,-0.021199761199761413,-0.003812275103530771,0.019999999999999907,0.0
single,plasma_membrane_wga,multitab_pilot,checkpoint_average,coherent_median_ensemble,not_identifiable,not_identifiable,unchanged,False,False,False,quantitative_hit,1,-0.005087366337715338,-0.009442497442497477,0.042578427425381205,-0.039999999999999925,0.0
single,microtubules_map4,multitab_pilot,checkpoint_average,coherent_median_ensemble,unresolved,unresolved,unchanged,False,False,True,,0,-0.0058540431239407775,-0.0012499932499931976,0.028157593614960064,0.0,0.0
single,lipid_droplet_plin2,multitab_pilot,checkpoint_average,coherent_median_ensemble,unresolved,unresolved,unchanged,False,False,True,,0,-0.015381783956405992,-0.018678366678366642,0.02537189814591656,-0.03999999999999998,0.0
single,cell_proliferation_marker_mki67,multitab_pilot,checkpoint_average,coherent_median_ensemble,unresolved,unresolved,unchanged,False,False,True,recovery,1,-0.023708157347933634,-0.018728850728850777,0.09112758278648281,-0.020000000000000018,0.0
single,stress_granule_g3bp1,midas_ops,checkpoint_average,coherent_median_ensemble,quantitative_proxy,quantitative_proxy,unchanged,False,False,True,,0,-0.06563753171539755,-0.09275278475278459,-0.3505254740383089,-0.14,0.0
single,lysosome_lysotracker_live-cell_dye,midas_ops,checkpoint_average,coherent_median_ensemble,quantitative_proxy,quantitative_proxy,unchanged,False,False,True,,0,-0.0862796432627001,-0.012057780057780132,-0.2518503348934791,-0.020000000000000018,0.0
single,er_golgi_cop-ii_sec23a,midas_ops,checkpoint_average,coherent_median_ensemble,quantitative_proxy,ranking_proxy,Q_to_R,True,False,True,variance_lower,1,-0.10816631294453527,-0.07572630372630351,-0.5943806673902008,-0.08000000000000007,0.0
single,early_endosome_eea1,midas_ops,checkpoint_average,coherent_median_ensemble,quantitative_proxy,quantitative_proxy,unchanged,False,False,True,,0,-0.06441584288025837,-0.021665757665757623,-0.41312325123579574,0.0,0.0
single,lipid_droplet_bodipy_live_cell_dye,midas_ops,checkpoint_average,coherent_median_ensemble,quantitative_proxy,ranking_proxy,Q_to_R,True,False,True,variance_lower,1,-0.12475080399834537,-0.08839092439092433,-0.504860452442411,-0.09999999999999998,0.0
single,late_endosome_rab7a,midas_ops,checkpoint_average,coherent_median_ensemble,quantitative_proxy,ranking_proxy,Q_to_R,True,False,True,variance_lower,1,-0.12404113499279934,-0.08847026847026862,-0.3767201533646013,-0.17999999999999994,0.0
single,actin_filament_fastact_spy555_live_cell_dye,midas_ops,checkpoint_average,coherent_median_ensemble,quantitative_proxy,quantitative_proxy,unchanged,False,False,True,,0,-0.11187391062837915,-0.08972382572382598,-0.42739810539526824,-0.039999999999999925,0.0
single,plasma_membrane_slc3a2,midas_ops,checkpoint_average,coherent_median_ensemble,quantitative_proxy,quantitative_proxy,unchanged,False,False,True,,0,-0.043607346240753686,-0.04077005277005297,-0.36031099864073357,-0.16000000000000003,0.0
single,clathrin_vesicles_clta,midas_ops,checkpoint_average,coherent_median_ensemble,quantitative_proxy,ranking_proxy,Q_to_R,True,False,True,variance_lower,1,-0.14807782612727838,-0.17539119139119108,-0.6484712685255616,-0.24,0.0
single,autophagosome_map1lc3b,midas_ops,checkpoint_average,coherent_median_ensemble,quantitative_proxy,quantitative_proxy,unchanged,False,False,True,,0,-0.15656719994381985,-0.1071828471828471,-0.3945359717097702,-0.16000000000000003,0.0
single,fe2+_ferhonox_live-cell_dye,midas_ops,checkpoint_average,coherent_median_ensemble,quantitative_proxy,unresolved,Q_to_U,True,True,True,recovery;rank;variance_lower;quantitative_hit;ranking_hit,5,-0.2945255438300961,-0.3176357336357336,-0.5425783475888948,-0.45999999999999996,0.0
single,recycling_endosome_tfrc,midas_ops,checkpoint_average,coherent_median_ensemble,quantitative_proxy,quantitative_proxy,unchanged,False,False,True,,0,-0.12462482949551434,-0.02552520152520177,-0.1637589715689135,-0.06000000000000005,0.0
single,er_golgi_cope,midas_ops,checkpoint_average,coherent_median_ensemble,quantitative_proxy,ranking_proxy,Q_to_R,True,False,True,variance_lower,1,-0.09350871317403375,-0.1061651981651981,-0.5050587277612715,-0.08000000000000007,0.0
single,chaperones_hspa1b,midas_ops,checkpoint_average,coherent_median_ensemble,quantitative_proxy,quantitative_proxy,unchanged,False,False,True,,0,-0.10284697326037273,-0.10127084927084928,-0.3241328103737058,-0.09999999999999998,0.0
single,nucleolus-gc_npm3,midas_ops,checkpoint_average,coherent_median_ensemble,quantitative_proxy,quantitative_proxy,unchanged,False,False,True,,0,-0.125472774232411,-0.12472540072540073,-0.22377308652782968,-0.24,0.0
single,nuclei_nucleolive_live_cell_dye,midas_ops,checkpoint_average,coherent_median_ensemble,quantitative_proxy,ranking_proxy,Q_to_R,True,False,True,recovery;variance_lower;measurement_recovery,3,-0.6925099394509355,-0.15203094803094797,-0.5140772205679791,-0.17999999999999994,0.0
single,endosome_vps35,midas_ops,checkpoint_average,coherent_median_ensemble,quantitative_proxy,unresolved,Q_to_U,True,True,True,rank;quantitative_hit,2,-0.11785808554423494,-0.15178498378498395,-0.2660048589512779,-0.1399999999999999,0.0
single,er_sec61b,midas_ops,checkpoint_average,coherent_median_ensemble,quantitative_proxy,ranking_proxy,Q_to_R,True,False,True,variance_lower,1,-0.07871860226667182,-0.08815272415272424,-0.3264900785191102,-0.05999999999999994,0.0
single,er_golgi_bridge_vapa,midas_ops,checkpoint_average,coherent_median_ensemble,quantitative_proxy,ranking_proxy,Q_to_R,True,False,True,recovery;variance_lower;measurement_recovery,3,-0.22447697550989143,-0.12541322941322952,-0.47831446447897397,-0.16000000000000003,0.0
single,mitochondria_chromalive_561_excitation,midas_ops,checkpoint_average,coherent_median_ensemble,quantitative_proxy,ranking_proxy,Q_to_R,True,False,True,recovery;variance_lower,2,-0.18604307856606594,-0.08084400884400866,-0.3964274809470836,-0.12,0.0
single,peroxisome_peroxi_spy650_live_cell_dye,midas_ops,checkpoint_average,coherent_median_ensemble,quantitative_proxy,ranking_proxy,Q_to_R,True,False,True,recovery;measurement_recovery,2,-0.2368306520410164,-0.17209615609615614,-0.3737677439005045,-0.12,0.0
single,chromalive_488_excitation,midas_ops,checkpoint_average,coherent_median_ensemble,quantitative_proxy,ranking_proxy,Q_to_R,True,False,True,recovery;variance_lower;quantitative_hit,3,-0.15941195682919274,-0.12494473694473696,-0.5706715692405698,-0.17999999999999994,0.0
single,chromatin_h2bc21,midas_ops,checkpoint_average,coherent_median_ensemble,quantitative_proxy,measurement_required,Q_to_M,True,True,True,recovery;rank;variance_lower;quantitative_hit;measurement_recovery,5,-0.18757977092698086,-0.14299661899661897,-0.4162083783018229,-0.21999999999999997,0.0
single,plasma_membrane_atp1b3,midas_ops,checkpoint_average,coherent_median_ensemble,quantitative_proxy,ranking_proxy,Q_to_R,True,False,True,recovery,1,-0.08964525525345002,-0.08400026400026395,-0.2105561739225602,-0.16000000000000003,0.0
single,endocytic_vesicle_ph_phrodo-dextran_live_cell_dye,midas_ops,checkpoint_average,coherent_median_ensemble,quantitative_proxy,ranking_proxy,Q_to_R,True,False,True,recovery;variance_lower,2,-0.14500932959281165,-0.06808184008183993,-0.5336334776322506,-0.09999999999999998,0.0
single,5xupre,midas_ops,checkpoint_average,coherent_median_ensemble,quantitative_proxy,ranking_proxy,Q_to_R,True,False,True,recovery,1,-0.06858164554016166,-0.052539592539592506,-0.2166005817292831,-0.06000000000000005,0.0
single,f-actin_phalloidin,midas_ops,checkpoint_average,coherent_median_ensemble,quantitative_proxy,unresolved,Q_to_U,True,True,True,recovery;rank;variance_lower;quantitative_hit,4,-0.12593823506073687,-0.07908033108033108,-0.23933264991844372,-0.05999999999999994,0.0
single,mitochondria_tomm70a,midas_ops,checkpoint_average,coherent_median_ensemble,quantitative_proxy,measurement_required,Q_to_M,True,True,True,recovery;rank;variance_lower;quantitative_hit;measurement_recovery,5,-0.1819607107304605,-0.14112380112380107,-0.35421502951838196,-0.24,0.0
single,lysosome_lamp1,midas_ops,checkpoint_average,coherent_median_ensemble,quantitative_proxy,ranking_proxy,Q_to_R,True,False,True,recovery;variance_lower,2,-0.13397696088213717,-0.12451164451164465,-0.4250518652011187,-0.05999999999999994,0.0
single,autophagosome_atg101,midas_ops,checkpoint_average,coherent_median_ensemble,quantitative_proxy,measurement_required,Q_to_M,True,True,True,recovery;rank;variance_lower;measurement_recovery,4,-0.12618221524437057,-0.23900065100065104,-0.4140507741872581,-0.18000000000000005,0.0
single,nuclear_speckles_srrm2,midas_ops,checkpoint_average,coherent_median_ensemble,ranking_proxy,ranking_proxy,unchanged,False,False,True,recovery;quantitative_hit,2,-0.24277432653579745,-0.149962961962962,-0.22821285166773203,-0.21999999999999997,0.0
single,proteasome_psmb7,midas_ops,checkpoint_average,coherent_median_ensemble,ranking_proxy,ranking_proxy,unchanged,False,False,True,variance_lower;measurement_recovery,2,-0.15473280456475624,-0.0995811035811035,-0.40671002166136366,-0.09999999999999998,0.0
single,oxidative_stress_cellrox_live-cell_dye,midas_ops,checkpoint_average,coherent_median_ensemble,ranking_proxy,ranking_proxy,unchanged,False,False,True,variance_lower;measurement_recovery,2,-0.12539173773550016,-0.07753000153000156,-0.28733690659252675,-0.07999999999999996,0.0
single,er_ncln,midas_ops,checkpoint_average,coherent_median_ensemble,ranking_proxy,measurement_required,R_to_M,True,True,True,rank;measurement_recovery,2,-0.10016340273794921,-0.08148731748731741,-0.3001965817041914,-0.019999999999999907,0.0
single,trans-golgi_vamp3,midas_ops,checkpoint_average,coherent_median_ensemble,ranking_proxy,measurement_required,R_to_M,True,True,True,rank;variance_lower;measurement_recovery,3,-0.1443559068106557,-0.1717507837507838,-0.3292101922075031,-0.21999999999999997,0.0
single,p21,midas_ops,checkpoint_average,coherent_median_ensemble,ranking_proxy,measurement_required,R_to_M,True,True,True,rank;quantitative_hit;measurement_recovery,3,-0.1379078165825674,-0.12672963072963062,-0.19661108149461942,-0.06000000000000005,0.0
single,mitochondria_tomm20,midas_ops,checkpoint_average,coherent_median_ensemble,ranking_proxy,measurement_required,R_to_M,True,True,True,rank;ranking_hit;measurement_recovery,3,-0.15343749394534956,-0.14411799611799614,-0.20453013771780068,-0.10000000000000003,0.0
single,p53,midas_ops,checkpoint_average,coherent_median_ensemble,measurement_required,measurement_required,unchanged,False,False,True,,0,-0.14991495172176422,-0.1750884310884312,-0.0939036599399359,-0.08000000000000002,0.0
single,caspase_activity_cellevent-caspase_live-cell_dye,midas_ops,checkpoint_average,coherent_median_ensemble,measurement_required,measurement_required,unchanged,False,False,True,,0,-0.21570443718976662,-0.24418610818610825,-0.018014424411149588,-0.12,0.0
single,ps6,midas_ops,checkpoint_average,coherent_median_ensemble,measurement_required,measurement_required,unchanged,False,False,True,,0,-0.18639714482614755,-0.1708914508914509,-0.03764894594101781,-0.020000000000000018,0.0
single,prb,midas_ops,checkpoint_average,coherent_median_ensemble,not_identifiable,not_identifiable,unchanged,False,False,False,rank;quantitative_hit;ranking_hit,3,-0.17450325477688255,-0.23301126501126507,-0.013826482096150198,-0.18,0.0
single,nuclei_hoechst,midas_ops,checkpoint_average,coherent_median_ensemble,not_identifiable,not_identifiable,unchanged,False,False,False,recovery;variance_lower;ranking_hit;measurement_recovery,4,-0.22380312324625073,-0.22030164430164445,-0.3496487108120747,-0.24,0.0
single,nucleoli_npm1,midas_ops,checkpoint_average,coherent_median_ensemble,not_identifiable,not_identifiable,unchanged,False,False,False,,0,-0.1659461713263743,-0.1358547278547278,-0.09114119929596998,-0.09999999999999998,0.0
single,b-catenin,midas_ops,checkpoint_average,coherent_median_ensemble,not_identifiable,not_identifiable,unchanged,False,False,False,ranking_hit,1,-0.21350132989394832,-0.18380540780540788,-0.26956110759447427,-0.06,0.0
single,c-myc,midas_ops,checkpoint_average,coherent_median_ensemble,not_identifiable,not_identifiable,unchanged,False,False,False,ranking_hit,1,-0.16951980921561333,-0.06187472587472587,-0.224659916948795,-0.06,0.0
single,er_cona,midas_ops,checkpoint_average,coherent_median_ensemble,not_identifiable,not_identifiable,unchanged,False,False,False,recovery;rank;variance_lower,3,-0.10806905333200334,-0.07120233520233521,-0.22711299842623311,0.019999999999999907,0.0
single,microtubules_tubulin,midas_ops,checkpoint_average,coherent_median_ensemble,not_identifiable,not_identifiable,unchanged,False,False,False,recovery;rank;variance_lower;quantitative_hit,4,-0.12477059584630368,-0.08464263664263671,-0.24969194844924414,-0.09999999999999998,0.0
single,nucleolus-dfc_fbl,midas_ops,checkpoint_average,coherent_median_ensemble,not_identifiable,not_identifiable,unchanged,False,False,False,recovery;rank;variance_lower,3,-0.19250907088813551,-0.17635487635487646,-0.39563238692019426,-0.16000000000000003,0.0
single,plasma_membrane_wga,midas_ops,checkpoint_average,coherent_median_ensemble,not_identifiable,not_identifiable,unchanged,False,False,False,recovery;rank;variance_lower;quantitative_hit,4,-0.11035307153284646,-0.07028037428037437,-0.2578513434364178,-0.05999999999999994,0.0
single,microtubules_map4,midas_ops,checkpoint_average,coherent_median_ensemble,unresolved,unresolved,unchanged,False,False,True,variance_lower,1,-0.09083964903653674,-0.07882207882207881,-0.31878286537026357,-0.06000000000000005,0.0
single,lipid_droplet_plin2,midas_ops,checkpoint_average,coherent_median_ensemble,unresolved,measurement_required,U_to_M,True,False,True,recovery;measurement_recovery,2,-0.15498702406160114,-0.11501326301326309,-0.2837279093106374,-0.06,0.0
single,cell_proliferation_marker_mki67,midas_ops,checkpoint_average,coherent_median_ensemble,unresolved,measurement_required,U_to_M,True,False,True,recovery;variance_lower;quantitative_hit;ranking_hit;measurement_recovery,5,-0.2738595754336661,-0.14959690159690153,-0.1360278620310003,-0.15999999999999998,0.0
single,stress_granule_g3bp1,scpair_ops,checkpoint_average,coherent_median_ensemble,quantitative_proxy,quantitative_proxy,unchanged,False,False,True,,0,-0.0035224489436311845,-0.000487188487188317,-0.022060678844282977,0.0,0.0
single,lysosome_lysotracker_live-cell_dye,scpair_ops,checkpoint_average,coherent_median_ensemble,quantitative_proxy,quantitative_proxy,unchanged,False,False,True,,0,-0.007147530789679779,-0.0006119886119886342,-0.001510002346506445,0.0,0.0
single,er_golgi_cop-ii_sec23a,scpair_ops,checkpoint_average,coherent_median_ensemble,quantitative_proxy,quantitative_proxy,unchanged,False,False,True,,0,-0.011933116609662453,-0.008940440940440553,-0.03243533567272039,0.0,0.0
single,early_endosome_eea1,scpair_ops,checkpoint_average,coherent_median_ensemble,quantitative_proxy,quantitative_proxy,unchanged,False,False,True,,0,-0.00879503438931939,-0.008034848034847997,-0.04170097760923108,0.0,0.0
single,lipid_droplet_bodipy_live_cell_dye,scpair_ops,checkpoint_average,coherent_median_ensemble,quantitative_proxy,quantitative_proxy,unchanged,False,False,True,,0,-0.007117937189538792,-0.0009222129222128395,0.013055869469071113,-0.020000000000000018,0.0
single,late_endosome_rab7a,scpair_ops,checkpoint_average,coherent_median_ensemble,quantitative_proxy,quantitative_proxy,unchanged,False,False,True,,0,-0.010345612727400644,-0.005406125406125395,-0.00924397737992988,-0.020000000000000018,0.0
single,actin_filament_fastact_spy555_live_cell_dye,scpair_ops,checkpoint_average,coherent_median_ensemble,quantitative_proxy,quantitative_proxy,unchanged,False,False,True,,0,-0.008333644419848407,-0.002751146751147182,-0.017186414914854176,0.020000000000000018,0.0
single,plasma_membrane_slc3a2,scpair_ops,checkpoint_average,coherent_median_ensemble,quantitative_proxy,quantitative_proxy,unchanged,False,False,True,,0,-0.0058150026611888395,-0.004634896634896801,0.010757974491765743,0.0,0.0
single,clathrin_vesicles_clta,scpair_ops,checkpoint_average,coherent_median_ensemble,quantitative_proxy,quantitative_proxy,unchanged,False,False,True,,0,-0.010691059169216865,-0.004812160812160404,-0.018052133302684847,-0.06000000000000005,0.0
single,autophagosome_map1lc3b,scpair_ops,checkpoint_average,coherent_median_ensemble,quantitative_proxy,quantitative_proxy,unchanged,False,False,True,,0,-0.012119821463369762,-0.009398085398085398,0.023152709053924303,-0.040000000000000036,0.0
single,fe2+_ferhonox_live-cell_dye,scpair_ops,checkpoint_average,coherent_median_ensemble,quantitative_proxy,quantitative_proxy,unchanged,False,False,True,,0,-0.0880803267005068,-0.019123639123639236,-0.0014574649914004256,-0.020000000000000018,0.0
single,recycling_endosome_tfrc,scpair_ops,checkpoint_average,coherent_median_ensemble,quantitative_proxy,quantitative_proxy,unchanged,False,False,True,,0,-0.02584728771721323,-0.004524184524184793,0.008032057292498118,-0.040000000000000036,0.0
single,er_golgi_cope,scpair_ops,checkpoint_average,coherent_median_ensemble,quantitative_proxy,quantitative_proxy,unchanged,False,False,True,,0,-0.012678244446269415,-0.013496221496221428,0.010795129889848765,0.0,0.0
single,chaperones_hspa1b,scpair_ops,checkpoint_average,coherent_median_ensemble,quantitative_proxy,quantitative_proxy,unchanged,False,False,True,,0,-0.011156598957793418,-0.010993498993498996,-0.006927111562737065,-0.020000000000000018,0.0
single,nucleolus-gc_npm3,scpair_ops,checkpoint_average,coherent_median_ensemble,quantitative_proxy,quantitative_proxy,unchanged,False,False,True,,0,-0.017249370653944496,-0.009889233889233906,-0.06119875176794487,-0.040000000000000036,0.0
single,nuclei_nucleolive_live_cell_dye,scpair_ops,checkpoint_average,coherent_median_ensemble,quantitative_proxy,quantitative_proxy,unchanged,False,False,True,,0,0.007831786055821244,0.0038446958446959334,0.0595784260236748,0.0,0.0
single,endosome_vps35,scpair_ops,checkpoint_average,coherent_median_ensemble,quantitative_proxy,quantitative_proxy,unchanged,False,False,True,,0,-0.017506300179409906,-0.02082297282297285,-0.021737582430904956,0.020000000000000018,0.0
single,er_sec61b,scpair_ops,checkpoint_average,coherent_median_ensemble,quantitative_proxy,quantitative_proxy,unchanged,False,False,True,,0,-0.010961031684135314,-0.004135096135096217,0.0663936785833652,0.020000000000000018,0.0
single,er_golgi_bridge_vapa,scpair_ops,checkpoint_average,coherent_median_ensemble,quantitative_proxy,quantitative_proxy,unchanged,False,False,True,,0,-0.033398336754774105,-0.021406473406473614,-0.1583396637793575,-0.040000000000000036,0.0
single,mitochondria_chromalive_561_excitation,scpair_ops,checkpoint_average,coherent_median_ensemble,quantitative_proxy,quantitative_proxy,unchanged,False,False,True,,0,-0.014964241365743702,0.0016979536979540022,-0.03044409807805426,0.020000000000000018,0.0
single,peroxisome_peroxi_spy650_live_cell_dye,scpair_ops,checkpoint_average,coherent_median_ensemble,quantitative_proxy,quantitative_proxy,unchanged,False,False,True,,0,-0.02680096869737192,-0.011180219180219053,0.02585261860321375,-0.020000000000000018,0.0
single,chromalive_488_excitation,scpair_ops,checkpoint_average,coherent_median_ensemble,quantitative_proxy,quantitative_proxy,unchanged,False,False,True,,0,-0.011246730498688962,-0.005312441312441352,0.019234200361613274,0.0,0.0
single,chromatin_h2bc21,scpair_ops,checkpoint_average,coherent_median_ensemble,quantitative_proxy,quantitative_proxy,unchanged,False,False,True,,0,-0.005351967327146712,-0.0002878082878082777,-0.011643184372544413,0.0,0.0
single,plasma_membrane_atp1b3,scpair_ops,checkpoint_average,coherent_median_ensemble,quantitative_proxy,quantitative_proxy,unchanged,False,False,True,,0,-0.026687274255654203,-0.007824607824607699,-0.0892219209209908,-0.040000000000000036,0.0
single,endocytic_vesicle_ph_phrodo-dextran_live_cell_dye,scpair_ops,checkpoint_average,coherent_median_ensemble,quantitative_proxy,quantitative_proxy,unchanged,False,False,True,,0,-0.014893854371879067,-0.009714381714381659,0.02519241092147939,0.020000000000000018,0.0
single,5xupre,scpair_ops,checkpoint_average,coherent_median_ensemble,quantitative_proxy,quantitative_proxy,unchanged,False,False,True,,0,-0.008278920460395689,-0.004716700716700717,0.04259945050728908,-0.040000000000000036,0.0
single,f-actin_phalloidin,scpair_ops,checkpoint_average,coherent_median_ensemble,quantitative_proxy,quantitative_proxy,unchanged,False,False,True,,0,-0.009095997043826132,-0.0008678528678528474,0.03302172695998784,0.0,0.0
single,mitochondria_tomm70a,scpair_ops,checkpoint_average,coherent_median_ensemble,quantitative_proxy,quantitative_proxy,unchanged,False,False,True,,0,-0.016552755923836204,-0.006601974601974536,0.029727643155801675,0.0,0.0
single,lysosome_lamp1,scpair_ops,checkpoint_average,coherent_median_ensemble,quantitative_proxy,quantitative_proxy,unchanged,False,False,True,,0,-0.02672599037484169,-0.03135107535107551,-0.07225073777240298,-0.020000000000000018,0.0
single,autophagosome_atg101,scpair_ops,checkpoint_average,coherent_median_ensemble,quantitative_proxy,ranking_proxy,Q_to_R,True,False,True,recovery,1,-0.04169516087722802,-0.049458901458901416,-0.11647969885390186,-0.040000000000000036,0.0
single,nuclear_speckles_srrm2,scpair_ops,checkpoint_average,coherent_median_ensemble,ranking_proxy,ranking_proxy,unchanged,False,False,True,,0,-0.009350533701576125,-4.9008049008092414e-05,0.004768553830779287,-0.020000000000000018,0.0
single,proteasome_psmb7,scpair_ops,checkpoint_average,coherent_median_ensemble,ranking_proxy,ranking_proxy,unchanged,False,False,True,measurement_recovery,1,-0.012102134518052199,-0.01196059196059196,-0.062430862907964624,0.0,0.0
single,oxidative_stress_cellrox_live-cell_dye,scpair_ops,checkpoint_average,coherent_median_ensemble,ranking_proxy,ranking_proxy,unchanged,False,False,True,,0,-0.0094210866069947,0.0019051339051339156,-0.006827249035155636,0.0,0.0
single,er_ncln,scpair_ops,checkpoint_average,coherent_median_ensemble,ranking_proxy,ranking_proxy,unchanged,False,False,True,,0,-0.02954606886403066,-0.014967722967722863,0.01504667541201643,0.0,0.0
single,trans-golgi_vamp3,scpair_ops,checkpoint_average,coherent_median_ensemble,ranking_proxy,unresolved,R_to_U,True,True,True,rank,1,-0.049503497121429985,-0.05006485406485406,-0.13696705071883086,-0.05999999999999994,0.0
single,p21,scpair_ops,checkpoint_average,coherent_median_ensemble,ranking_proxy,ranking_proxy,unchanged,False,False,True,,0,-0.00675727505994117,-0.012158220158220101,-0.00870219462077812,-0.040000000000000036,0.0
single,mitochondria_tomm20,scpair_ops,checkpoint_average,coherent_median_ensemble,ranking_proxy,ranking_proxy,unchanged,False,False,True,,0,-0.014095934611792704,-0.006710202710202728,0.04456312254636374,0.05999999999999994,0.0
single,p53,scpair_ops,checkpoint_average,coherent_median_ensemble,measurement_required,measurement_required,unchanged,False,False,True,,0,-0.017685373189438414,-0.0035197235197235166,0.009185407478932206,0.03999999999999998,0.0
single,caspase_activity_cellevent-caspase_live-cell_dye,scpair_ops,checkpoint_average,coherent_median_ensemble,measurement_required,measurement_required,unchanged,False,False,True,variance_lower,1,-0.06710025396363584,-0.027702387702387754,0.10008751304283453,-0.03999999999999998,0.0
single,ps6,scpair_ops,checkpoint_average,coherent_median_ensemble,measurement_required,measurement_required,unchanged,False,False,True,,0,-0.007661532290975104,-0.01345480945480948,-0.0021345266944798047,0.0,0.0
single,prb,scpair_ops,checkpoint_average,coherent_median_ensemble,not_identifiable,not_identifiable,unchanged,False,False,False,rank;quantitative_hit,2,-0.039439607877562344,-0.02583049383049385,0.29356637986092154,-0.020000000000000018,0.0
single,nuclei_hoechst,scpair_ops,checkpoint_average,coherent_median_ensemble,not_identifiable,not_identifiable,unchanged,False,False,False,,0,-0.005158381510557364,0.000169092169092111,0.062256893871624475,0.05999999999999994,0.0
single,nucleoli_npm1,scpair_ops,checkpoint_average,coherent_median_ensemble,not_identifiable,not_identifiable,unchanged,False,False,False,variance_lower,1,-0.01695305936744984,-0.024669420669420683,0.11501451720337319,0.0,0.0
single,b-catenin,scpair_ops,checkpoint_average,coherent_median_ensemble,not_identifiable,not_identifiable,unchanged,False,False,False,,0,-0.010297977353927679,-0.014980742980743034,-0.018215032449434287,0.020000000000000018,0.0
single,c-myc,scpair_ops,checkpoint_average,coherent_median_ensemble,not_identifiable,not_identifiable,unchanged,False,False,False,ranking_hit,1,-0.0216247639108762,-0.021049989049989004,-0.012284109771271201,-0.020000000000000018,0.0
single,er_cona,scpair_ops,checkpoint_average,coherent_median_ensemble,not_identifiable,not_identifiable,unchanged,False,False,False,quantitative_hit,1,-0.00944619564842597,-0.011868683868683894,0.03676978729996838,0.05999999999999994,0.0
single,microtubules_tubulin,scpair_ops,checkpoint_average,coherent_median_ensemble,not_identifiable,not_identifiable,unchanged,False,False,False,,0,-0.010183979235780516,-0.00914970914970925,0.024127576584537347,0.020000000000000018,0.0
single,nucleolus-dfc_fbl,scpair_ops,checkpoint_average,coherent_median_ensemble,not_identifiable,not_identifiable,unchanged,False,False,False,,0,-0.011832520793069623,-0.0069100509100510354,0.0009479947137588374,0.019999999999999907,0.0
single,plasma_membrane_wga,scpair_ops,checkpoint_average,coherent_median_ensemble,not_identifiable,not_identifiable,unchanged,False,False,False,quantitative_hit,1,-0.01126751011497995,-0.0025366825366825996,0.04444588178198916,-0.020000000000000018,0.0
single,microtubules_map4,scpair_ops,checkpoint_average,coherent_median_ensemble,unresolved,unresolved,unchanged,False,False,True,,0,-0.009908365276877995,-0.004836268836268753,0.01303041595048926,0.0,0.0
single,lipid_droplet_plin2,scpair_ops,checkpoint_average,coherent_median_ensemble,unresolved,unresolved,unchanged,False,False,True,recovery;variance_lower,2,-0.03557283190522531,-0.041782997782997766,0.11669813111874022,0.0,0.0
single,cell_proliferation_marker_mki67,scpair_ops,checkpoint_average,coherent_median_ensemble,unresolved,unresolved,unchanged,False,False,True,recovery;quantitative_hit,2,-0.04064495977304905,-0.041790269790269896,0.003729148617611977,-0.040000000000000036,0.0
single,stress_granule_g3bp1,coherent_median_ensemble,checkpoint_average,coherent_median_ensemble,quantitative_proxy,quantitative_proxy,unchanged,False,False,True,,0,0.0006665261813051382,0.0010026490026490142,-0.0035456678775276362,0.0,0.0
single,lysosome_lysotracker_live-cell_dye,coherent_median_ensemble,checkpoint_average,coherent_median_ensemble,quantitative_proxy,quantitative_proxy,unchanged,False,False,True,,0,0.0010443608352407319,9.590409590420901e-05,0.0025817224151889473,0.0,0.0
single,er_golgi_cop-ii_sec23a,coherent_median_ensemble,checkpoint_average,coherent_median_ensemble,quantitative_proxy,quantitative_proxy,unchanged,False,False,True,,0,0.000995986015099537,0.0007080367080368744,0.0062953880232129444,0.0,0.0
single,early_endosome_eea1,coherent_median_ensemble,checkpoint_average,coherent_median_ensemble,quantitative_proxy,quantitative_proxy,unchanged,False,False,True,,0,0.0008187566583778283,0.0014337494337494094,0.001106750386592248,0.0,0.0
single,lipid_droplet_bodipy_live_cell_dye,coherent_median_ensemble,checkpoint_average,coherent_median_ensemble,quantitative_proxy,quantitative_proxy,unchanged,False,False,True,,0,0.0009557792472973947,0.0010072090072089646,0.005030949438985188,0.0,0.0
single,late_endosome_rab7a,coherent_median_ensemble,checkpoint_average,coherent_median_ensemble,quantitative_proxy,quantitative_proxy,unchanged,False,False,True,,0,0.0004236662595253904,0.00028413628413614944,0.006325013303472682,0.0,0.0
single,actin_filament_fastact_spy555_live_cell_dye,coherent_median_ensemble,checkpoint_average,coherent_median_ensemble,quantitative_proxy,quantitative_proxy,unchanged,False,False,True,,0,0.0009699981842715699,0.0003166923166921798,0.0016353099641668312,0.0,0.0
single,plasma_membrane_slc3a2,coherent_median_ensemble,checkpoint_average,coherent_median_ensemble,quantitative_proxy,quantitative_proxy,unchanged,False,False,True,,0,0.0006226431872879967,-0.00025309225309255723,0.00042789684998589816,0.0,0.0
single,clathrin_vesicles_clta,coherent_median_ensemble,checkpoint_average,coherent_median_ensemble,quantitative_proxy,quantitative_proxy,unchanged,False,False,True,,0,0.0009087124269103741,0.0005543765543767343,0.003920195345839761,-0.020000000000000018,0.0
single,autophagosome_map1lc3b,coherent_median_ensemble,checkpoint_average,coherent_median_ensemble,quantitative_proxy,quantitative_proxy,unchanged,False,False,True,,0,0.0005078959943541905,0.0004684924684926761,0.005924003899964725,0.0,0.0
single,fe2+_ferhonox_live-cell_dye,coherent_median_ensemble,checkpoint_average,coherent_median_ensemble,quantitative_proxy,quantitative_proxy,unchanged,False,False,True,,0,0.003939124242124947,0.00440870840870855,0.0016810314875618237,0.0,0.0
single,recycling_endosome_tfrc,coherent_median_ensemble,checkpoint_average,coherent_median_ensemble,quantitative_proxy,quantitative_proxy,unchanged,False,False,True,,0,0.002745388514692859,0.0007185007185006587,-0.008902472460710076,-0.020000000000000018,0.0
single,er_golgi_cope,coherent_median_ensemble,checkpoint_average,coherent_median_ensemble,quantitative_proxy,quantitative_proxy,unchanged,False,False,True,,0,0.0015570122623025373,0.002020694020694047,0.0013961465984847488,0.0,0.0
single,chaperones_hspa1b,coherent_median_ensemble,checkpoint_average,coherent_median_ensemble,quantitative_proxy,quantitative_proxy,unchanged,False,False,True,,0,0.0008772405047769993,0.0009847329847328945,0.001396684531992154,-0.020000000000000018,0.0
single,nucleolus-gc_npm3,coherent_median_ensemble,checkpoint_average,coherent_median_ensemble,quantitative_proxy,quantitative_proxy,unchanged,False,False,True,,0,0.0009295955243567855,-0.000827124827124881,0.006855581634490404,0.0,0.0
single,nuclei_nucleolive_live_cell_dye,coherent_median_ensemble,checkpoint_average,coherent_median_ensemble,quantitative_proxy,quantitative_proxy,unchanged,False,False,True,,0,0.005287062977545776,0.0054606774606774655,0.017525430871072722,0.020000000000000018,0.0
single,endosome_vps35,coherent_median_ensemble,checkpoint_average,coherent_median_ensemble,quantitative_proxy,quantitative_proxy,unchanged,False,False,True,,0,0.002841969195783167,0.004752952752952733,0.010105110577729115,0.0,0.0
single,er_sec61b,coherent_median_ensemble,checkpoint_average,coherent_median_ensemble,quantitative_proxy,quantitative_proxy,unchanged,False,False,True,,0,0.0007270816316748974,0.0012717972717972703,-0.001328867390445132,0.020000000000000018,0.0
single,er_golgi_bridge_vapa,coherent_median_ensemble,checkpoint_average,coherent_median_ensemble,quantitative_proxy,quantitative_proxy,unchanged,False,False,True,,0,0.001514207502317455,0.004567840567840431,0.028148461262834767,0.020000000000000018,0.0
single,mitochondria_chromalive_561_excitation,coherent_median_ensemble,checkpoint_average,coherent_median_ensemble,quantitative_proxy,quantitative_proxy,unchanged,False,False,True,,0,0.0031100446010157157,0.0016563136563138015,0.0030682479792469852,0.0,0.0
single,peroxisome_peroxi_spy650_live_cell_dye,coherent_median_ensemble,checkpoint_average,coherent_median_ensemble,quantitative_proxy,quantitative_proxy,unchanged,False,False,True,,0,0.0030059673807656395,0.0013480213480213665,0.0005455499751870763,0.0,0.0
single,chromalive_488_excitation,coherent_median_ensemble,checkpoint_average,coherent_median_ensemble,quantitative_proxy,quantitative_proxy,unchanged,False,False,True,,0,0.002023046928594674,-6.775206775200271e-05,-0.0057266529772354025,0.0,0.0
single,chromatin_h2bc21,coherent_median_ensemble,checkpoint_average,coherent_median_ensemble,quantitative_proxy,quantitative_proxy,unchanged,False,False,True,,0,0.0020310077997625076,0.0023356943356943605,-0.0002528607316120146,0.0,0.0
single,plasma_membrane_atp1b3,coherent_median_ensemble,checkpoint_average,coherent_median_ensemble,quantitative_proxy,quantitative_proxy,unchanged,False,False,True,,0,0.0016865741733235184,0.0030759630759632506,0.007778339363213593,0.039999999999999925,0.0
single,endocytic_vesicle_ph_phrodo-dextran_live_cell_dye,coherent_median_ensemble,checkpoint_average,coherent_median_ensemble,quantitative_proxy,quantitative_proxy,unchanged,False,False,True,,0,0.0018469080647486313,0.0008732288732289373,0.0032275302339224154,0.0,0.0
single,5xupre,coherent_median_ensemble,checkpoint_average,coherent_median_ensemble,quantitative_proxy,quantitative_proxy,unchanged,False,False,True,,0,0.000352804797844386,4.609204609196116e-05,0.012948641807883465,-0.020000000000000018,0.0
single,f-actin_phalloidin,coherent_median_ensemble,checkpoint_average,coherent_median_ensemble,quantitative_proxy,quantitative_proxy,unchanged,False,False,True,,0,0.001041833184393215,0.0019987819987820066,0.004223394286165805,0.0,0.0
single,mitochondria_tomm70a,coherent_median_ensemble,checkpoint_average,coherent_median_ensemble,quantitative_proxy,quantitative_proxy,unchanged,False,False,True,,0,0.00115015610455671,0.0011169371169370557,0.012742796374704657,0.0,0.0
single,lysosome_lamp1,coherent_median_ensemble,checkpoint_average,coherent_median_ensemble,quantitative_proxy,quantitative_proxy,unchanged,False,False,True,,0,0.0005882790693592099,0.0006886446886446018,0.0174207750523645,0.020000000000000018,0.0
single,autophagosome_atg101,coherent_median_ensemble,checkpoint_average,coherent_median_ensemble,quantitative_proxy,quantitative_proxy,unchanged,False,False,True,,0,0.001096816771671838,0.0036479916479916774,0.033419248273935054,0.019999999999999907,0.0
single,nuclear_speckles_srrm2,coherent_median_ensemble,checkpoint_average,coherent_median_ensemble,ranking_proxy,quantitative_proxy,R_to_Q,True,False,True,variance_lower,1,0.0023030463919602173,0.002299622299622328,0.009107838695342041,0.0,0.0
single,proteasome_psmb7,coherent_median_ensemble,checkpoint_average,coherent_median_ensemble,ranking_proxy,ranking_proxy,unchanged,False,False,True,,0,0.001469674175497926,0.002515382515382636,0.013239622416845842,0.0,0.0
single,oxidative_stress_cellrox_live-cell_dye,coherent_median_ensemble,checkpoint_average,coherent_median_ensemble,ranking_proxy,ranking_proxy,unchanged,False,False,True,,0,0.0012926125074487205,0.0006543006543006102,0.00513086523916384,0.0,0.0
single,er_ncln,coherent_median_ensemble,checkpoint_average,coherent_median_ensemble,ranking_proxy,ranking_proxy,unchanged,False,False,True,,0,0.0012853021389497288,0.0022893982893983367,0.011058754640339563,0.0,0.0
single,trans-golgi_vamp3,coherent_median_ensemble,checkpoint_average,coherent_median_ensemble,ranking_proxy,ranking_proxy,unchanged,False,False,True,,0,0.000889210299465204,0.004134232134232141,0.00806056037788061,0.020000000000000018,0.0
single,p21,coherent_median_ensemble,checkpoint_average,coherent_median_ensemble,ranking_proxy,ranking_proxy,unchanged,False,False,True,,0,-0.0006037127197596748,0.0017643737643738833,-0.00116924985135472,0.0,0.0
single,mitochondria_tomm20,coherent_median_ensemble,checkpoint_average,coherent_median_ensemble,ranking_proxy,ranking_proxy,unchanged,False,False,True,,0,0.0009941634307593095,0.0024764424764425197,0.005141423970765613,0.040000000000000036,0.0
single,p53,coherent_median_ensemble,checkpoint_average,coherent_median_ensemble,measurement_required,measurement_required,unchanged,False,False,True,,0,-0.0043156656793290615,0.0006941046941046913,0.0033377072131018926,0.0,0.0
single,caspase_activity_cellevent-caspase_live-cell_dye,coherent_median_ensemble,checkpoint_average,coherent_median_ensemble,measurement_required,measurement_required,unchanged,False,False,True,,0,-0.0006227722339428032,0.0018692298692298825,-0.004140558135901196,0.0,0.0
single,ps6,coherent_median_ensemble,checkpoint_average,coherent_median_ensemble,measurement_required,measurement_required,unchanged,False,False,True,,0,0.00024880835947127533,-0.0013770613770613949,0.0010315024533702893,0.0,0.0
single,prb,coherent_median_ensemble,checkpoint_average,coherent_median_ensemble,not_identifiable,not_identifiable,unchanged,False,False,False,quantitative_hit,1,-0.009962068537851976,0.003556575556575625,0.008205103812501401,-0.039999999999999925,0.0
single,nuclei_hoechst,coherent_median_ensemble,checkpoint_average,coherent_median_ensemble,not_identifiable,not_identifiable,unchanged,False,False,False,,0,0.0023976177256249676,0.0014709374709374057,0.008566391213601143,0.020000000000000018,0.0
single,nucleoli_npm1,coherent_median_ensemble,checkpoint_average,coherent_median_ensemble,not_identifiable,not_identifiable,unchanged,False,False,False,,0,0.000593129594829489,-0.003275247275247195,-0.0038279671137897986,0.0,0.0
single,b-catenin,coherent_median_ensemble,checkpoint_average,coherent_median_ensemble,not_identifiable,not_identifiable,unchanged,False,False,False,,0,0.002191310399221047,0.0015150975150974855,0.004461958304631586,0.0,0.0
single,c-myc,coherent_median_ensemble,checkpoint_average,coherent_median_ensemble,not_identifiable,not_identifiable,unchanged,False,False,False,,0,0.0006479020677847558,9.09600909601016e-05,0.004196918211490985,0.0,0.0
single,er_cona,coherent_median_ensemble,checkpoint_average,coherent_median_ensemble,not_identifiable,not_identifiable,unchanged,False,False,False,,0,0.0010764972429069264,0.0019341499341498647,-0.0013041664571700196,0.0,0.0
single,microtubules_tubulin,coherent_median_ensemble,checkpoint_average,coherent_median_ensemble,not_identifiable,not_identifiable,unchanged,False,False,False,,0,0.0011088296580522572,0.0024592464592463337,0.0024292247083040897,0.0,0.0
single,nucleolus-dfc_fbl,coherent_median_ensemble,checkpoint_average,coherent_median_ensemble,not_identifiable,not_identifiable,unchanged,False,False,False,,0,0.0012213084374133043,0.0013882333882333509,0.010853997289835049,0.039999999999999925,0.0
single,plasma_membrane_wga,coherent_median_ensemble,checkpoint_average,coherent_median_ensemble,not_identifiable,not_identifiable,unchanged,False,False,False,quantitative_hit,1,0.0005796098784294212,0.0033120513120511452,0.001961957109631207,-0.020000000000000018,0.0
single,microtubules_map4,coherent_median_ensemble,checkpoint_average,coherent_median_ensemble,unresolved,unresolved,unchanged,False,False,True,,0,0.0003443273409416969,0.0010445170445170238,-0.0009912247175831723,0.0,0.0
single,lipid_droplet_plin2,coherent_median_ensemble,checkpoint_average,coherent_median_ensemble,unresolved,unresolved,unchanged,False,False,True,,0,0.0010705994471545965,0.0004292884292884658,-0.004489523170178145,0.0,0.0
single,cell_proliferation_marker_mki67,coherent_median_ensemble,checkpoint_average,coherent_median_ensemble,unresolved,unresolved,unchanged,False,False,True,,0,0.0016108446409169863,0.0005139125139125289,0.006626893622426411,0.020000000000000018,0.0
