reporter_slug,method_id,recoverability_r__checkpoint_average,recoverability_r__single,magnitude_spearman__checkpoint_average,magnitude_spearman__single,variance_ratio__checkpoint_average,variance_ratio__single,top5pct_recall__checkpoint_average,top5pct_recall__single,reliability__checkpoint_average,reliability__single,tier__checkpoint_average,tier__single,exact_tier_changed,proxy_status_changed
5xupre,catboost_multirmse,0.7433959538275605,0.7433959538275605,0.8642605322605323,0.8642605322605323,0.9231681277657394,0.9231681277657394,0.88,0.88,0.4085795923758126,0.4085795923758126,quantitative_proxy,quantitative_proxy,False,False
5xupre,gbdt,0.7477423026804624,0.7477423026804624,0.8697844377844377,0.8697844377844377,0.9622735911084808,0.9622735911084808,0.86,0.86,0.4085795923758126,0.4085795923758126,quantitative_proxy,quantitative_proxy,False,False
5xupre,midas_ops,0.6862439576897644,0.6831719356401347,0.8187045387045389,0.8165725565725567,0.6639329271021824,0.6852698687792689,0.78,0.84,0.4085795923758126,0.4085795923758126,ranking_proxy,ranking_proxy,False,False
5xupre,mlp,0.7511599872640886,0.7511599872640886,0.8652617772617772,0.8652617772617772,1.019175124932572,1.019175124932572,0.88,0.88,0.4085795923758126,0.4085795923758126,quantitative_proxy,quantitative_proxy,False,False
5xupre,multitab_pilot,0.7446011236792092,0.7447360818119522,0.8636465996465996,0.8635193635193636,0.8889327062496817,0.8937756025438014,0.9,0.88,0.4085795923758126,0.4085795923758126,quantitative_proxy,quantitative_proxy,False,False
5xupre,resmlp_52head,0.7511566438386318,0.7494548042736573,0.8633977073977075,0.8606966726966726,0.8079331137461839,0.8644481656986471,0.86,0.84,0.4085795923758126,0.4085795923758126,quantitative_proxy,quantitative_proxy,False,False
5xupre,ridge,0.7399626411106548,0.7399626411106548,0.8698139938139938,0.8698139938139938,1.0168409326834482,1.0168409326834482,0.88,0.88,0.4085795923758126,0.4085795923758126,quantitative_proxy,quantitative_proxy,False,False
5xupre,scbutterfly_ops_b,0.6714951850507245,0.6690254730476092,0.8109946869946869,0.8077897597897598,0.7557832176870004,0.7512870544005491,0.74,0.76,0.4085795923758126,0.4085795923758126,ranking_proxy,ranking_proxy,False,False
5xupre,scpair_ops,0.7434904142566264,0.7434746607199006,0.8648918168918168,0.8643954483954485,0.9281986358213268,0.944469901015841,0.86,0.86,0.4085795923758126,0.4085795923758126,quantitative_proxy,quantitative_proxy,False,False
5xupre,tabm_specialists,0.7427345973450461,0.7529669201823571,0.8674683034683035,0.8694915774915776,1.0024185485039023,1.0050483907338,0.92,0.9,0.4085795923758126,0.4085795923758126,quantitative_proxy,quantitative_proxy,False,False
actin_filament_fastact_spy555_live_cell_dye,catboost_multirmse,0.908951381758394,0.908951381758394,0.9637808917808918,0.9637808917808918,0.973174606006214,0.973174606006214,0.94,0.94,0.4815571491092879,0.4815571491092879,quantitative_proxy,quantitative_proxy,False,False
actin_filament_fastact_spy555_live_cell_dye,gbdt,0.9224854648436154,0.9224854648436154,0.9717137637137638,0.9717137637137638,0.9795131647452382,0.9795131647452382,0.94,0.94,0.4815571491092879,0.4815571491092879,quantitative_proxy,quantitative_proxy,False,False
actin_filament_fastact_spy555_live_cell_dye,midas_ops,0.8076541044541894,0.8067811950010361,0.8817807417807418,0.8815919815919816,0.4883686358518914,0.5066106163537457,0.88,0.9,0.4815571491092879,0.4815571491092879,ranking_proxy,quantitative_proxy,True,False
actin_filament_fastact_spy555_live_cell_dye,mlp,0.924350815597586,0.924350815597586,0.9721802161802164,0.9721802161802164,0.982828695372167,0.982828695372167,0.9,0.9,0.4815571491092879,0.4815571491092879,quantitative_proxy,quantitative_proxy,False,False
actin_filament_fastact_spy555_live_cell_dye,multitab_pilot,0.906742851631626,0.906759258267996,0.9636692076692078,0.9633501993501994,0.9671716024494992,0.9729119090917984,0.9,0.92,0.4815571491092879,0.4815571491092879,quantitative_proxy,quantitative_proxy,False,False
actin_filament_fastact_spy555_live_cell_dye,resmlp_52head,0.9166184852681136,0.9155011208943094,0.9683462483462484,0.964778356778357,0.96381082932265,0.9837080712964384,0.94,0.94,0.4815571491092879,0.4815571491092879,quantitative_proxy,quantitative_proxy,False,False
actin_filament_fastact_spy555_live_cell_dye,ridge,0.9038486430447452,0.9038486430447452,0.961923973923974,0.961923973923974,0.9851335919859516,0.9851335919859516,0.9,0.9,0.4815571491092879,0.4815571491092879,quantitative_proxy,quantitative_proxy,False,False
actin_filament_fastact_spy555_live_cell_dye,scbutterfly_ops_b,0.8899769636670861,0.8913162415030508,0.9357477597477598,0.9323238803238804,0.7218906355216312,0.8034654320817884,0.84,0.82,0.4815571491092879,0.4815571491092879,quantitative_proxy,quantitative_proxy,False,False
actin_filament_fastact_spy555_live_cell_dye,scpair_ops,0.9100743122326368,0.9103214612095668,0.9684642324642324,0.9685646605646604,0.921199768227944,0.9168223068341598,0.94,0.96,0.4815571491092879,0.4815571491092879,quantitative_proxy,quantitative_proxy,False,False
actin_filament_fastact_spy555_live_cell_dye,tabm_specialists,0.9105251949935356,0.9179983367307392,0.9700786300786304,0.9736320016320016,0.974230467855965,0.9677323048933782,0.92,0.94,0.4815571491092879,0.4815571491092879,quantitative_proxy,quantitative_proxy,False,False
autophagosome_atg101,catboost_multirmse,0.7041879586590583,0.7041879586590583,0.7464969864969866,0.7464969864969866,0.9143929017195128,0.9143929017195128,0.82,0.82,0.5696557950339326,0.5696557950339326,quantitative_proxy,quantitative_proxy,False,False
autophagosome_atg101,gbdt,0.7116441288272017,0.7116441288272017,0.7514094914094915,0.7514094914094915,0.8310250563402715,0.8310250563402715,0.8,0.8,0.5696557950339326,0.5696557950339326,quantitative_proxy,quantitative_proxy,False,False
autophagosome_atg101,midas_ops,0.5931442578137107,0.5874560306339724,0.5286516486516487,0.5172573852573853,0.2991559944196278,0.3214286982687863,0.62,0.62,0.5696557950339326,0.5696557950339326,measurement_required,measurement_required,False,False
autophagosome_atg101,mlp,0.7153217108037818,0.7153217108037818,0.760036564036564,0.760036564036564,0.9197997842699988,0.9197997842699988,0.8,0.8,0.5696557950339326,0.5696557950339326,quantitative_proxy,quantitative_proxy,False,False
autophagosome_atg101,multitab_pilot,0.7013989823992367,0.7014730327979344,0.7573722853722854,0.7561535161535162,0.855405987776438,0.8620115277662059,0.82,0.82,0.5696557950339326,0.5696557950339326,quantitative_proxy,quantitative_proxy,False,False
autophagosome_atg101,resmlp_52head,0.6935617882971492,0.6899523172765392,0.7191024351024352,0.7105836745836747,0.670341591876865,0.7005414703151039,0.8,0.76,0.5696557950339326,0.5696557950339326,ranking_proxy,ranking_proxy,False,False
autophagosome_atg101,ridge,0.7098886130460057,0.7098886130460057,0.7622182262182262,0.7622182262182262,0.9123449519242364,0.9123449519242364,0.84,0.84,0.5696557950339326,0.5696557950339326,quantitative_proxy,quantitative_proxy,False,False
autophagosome_atg101,scbutterfly_ops_b,0.4415798742370709,0.4471723218629979,0.3750362670362671,0.3878986118986119,0.1615970978015973,0.17082509080941,0.44,0.46,0.5696557950339326,0.5696557950339326,measurement_required,measurement_required,False,False
autophagosome_atg101,scpair_ops,0.6713995977278056,0.671943085001115,0.7028221868221869,0.7067991347991349,0.6210825562377743,0.6189997736021425,0.78,0.76,0.5696557950339326,0.5696557950339326,ranking_proxy,ranking_proxy,False,False
autophagosome_atg101,tabm_specialists,0.6652514785367101,0.7126738247625328,0.6846299886299887,0.7612598812598813,0.6034746568731899,0.8045126861965829,0.66,0.8,0.5696557950339326,0.5696557950339326,unresolved,quantitative_proxy,True,True
autophagosome_map1lc3b,catboost_multirmse,0.895133113715952,0.895133113715952,0.9227900627900628,0.9227900627900628,0.9393670774085292,0.9393670774085292,0.86,0.86,0.4661954595673966,0.4661954595673966,quantitative_proxy,quantitative_proxy,False,False
autophagosome_map1lc3b,gbdt,0.905447871473757,0.905447871473757,0.9316316356316358,0.9316316356316358,0.9863522575297629,0.9863522575297629,0.88,0.88,0.4661954595673966,0.4661954595673966,quantitative_proxy,quantitative_proxy,False,False
autophagosome_map1lc3b,midas_ops,0.742775347885416,0.7435936299814297,0.8217805617805618,0.8233442593442595,0.5162059994874815,0.5401904057103655,0.72,0.7,0.4661954595673966,0.4661954595673966,quantitative_proxy,quantitative_proxy,False,False
autophagosome_map1lc3b,mlp,0.9057822758212416,0.9057822758212416,0.9361801801801802,0.9361801801801802,0.9818283493943214,0.9818283493943214,0.88,0.88,0.4661954595673966,0.4661954595673966,quantitative_proxy,quantitative_proxy,False,False
autophagosome_map1lc3b,multitab_pilot,0.8914358308231215,0.8913416859869823,0.9284431964431964,0.92790813990814,0.9314085103552252,0.9353718705962762,0.86,0.86,0.4661954595673966,0.4661954595673966,quantitative_proxy,quantitative_proxy,False,False
autophagosome_map1lc3b,resmlp_52head,0.9003192157319806,0.8981655757936705,0.9278518838518838,0.927074607074607,0.901235624279994,0.8880025887261829,0.86,0.9,0.4661954595673966,0.4661954595673966,quantitative_proxy,quantitative_proxy,False,False
autophagosome_map1lc3b,ridge,0.8714796843190534,0.8714796843190534,0.9261216381216382,0.9261216381216382,1.1420971691537334,1.1420971691537334,0.88,0.88,0.4661954595673966,0.4661954595673966,quantitative_proxy,quantitative_proxy,False,False
autophagosome_map1lc3b,scbutterfly_ops_b,0.8002999838701758,0.7956493614081115,0.8119552759552761,0.8034923634923636,0.6918940918515308,0.7246999997150073,0.7,0.68,0.4661954595673966,0.4661954595673966,quantitative_proxy,quantitative_proxy,False,False
autophagosome_map1lc3b,scpair_ops,0.8880240486565633,0.8880410084618798,0.920899856899857,0.9211290211290212,0.9570140263630617,0.95787908647406,0.82,0.82,0.4661954595673966,0.4661954595673966,quantitative_proxy,quantitative_proxy,False,False
autophagosome_map1lc3b,tabm_specialists,0.8537138743682033,0.7698032061324865,0.9172468732468734,0.9240466800466802,1.2190521880341874,10.836744067095449,0.8,0.82,0.4661954595673966,0.4661954595673966,quantitative_proxy,ranking_proxy,True,False
b-catenin,catboost_multirmse,0.5613137404481311,0.5613137404481311,0.6517065037065037,0.6517065037065037,0.4644962864422495,0.4644962864422495,0.52,0.52,0.2160133604189748,0.2160133604189748,not_identifiable,not_identifiable,False,False
b-catenin,gbdt,0.549239407237958,0.549239407237958,0.6621082581082581,0.6621082581082581,0.5158177536146512,0.5158177536146512,0.56,0.56,0.2160133604189748,0.2160133604189748,not_identifiable,not_identifiable,False,False
b-catenin,midas_ops,0.3575450854653828,0.357485833698838,0.4851175731175731,0.4807789447789448,0.1876702403496765,0.1947648745631043,0.44,0.44,0.2160133604189748,0.2160133604189748,not_identifiable,not_identifiable,False,False
b-catenin,mlp,0.5607133760460301,0.5607133760460301,0.6504421104421104,0.6504421104421104,0.5344018149159603,0.5344018149159603,0.52,0.52,0.2160133604189748,0.2160133604189748,not_identifiable,not_identifiable,False,False
b-catenin,multitab_pilot,0.5540468657663563,0.5540575527528024,0.6583348663348664,0.6586274866274867,0.5143594120855988,0.5162382415525513,0.54,0.54,0.2160133604189748,0.2160133604189748,not_identifiable,not_identifiable,False,False
b-catenin,resmlp_52head,0.5671662149146857,0.5665307256971036,0.6608539448539449,0.6658027258027258,0.4838504308760314,0.4970548078837392,0.52,0.52,0.2160133604189748,0.2160133604189748,not_identifiable,not_identifiable,False,False
b-catenin,ridge,0.4866244278758994,0.4866244278758994,0.617929457929458,0.617929457929458,0.5003751369553328,0.5003751369553328,0.5,0.5,0.2160133604189748,0.2160133604189748,not_identifiable,not_identifiable,False,False
b-catenin,scbutterfly_ops_b,0.3696859322372571,0.379089805901908,0.5518259518259518,0.5511229311229312,0.3136701320638729,0.3307723503670435,0.54,0.54,0.2160133604189748,0.2160133604189748,not_identifiable,not_identifiable,False,False
b-catenin,scpair_ops,0.5614082974219906,0.5606891862388587,0.6517262197262198,0.6496036096036096,0.4477804805867451,0.4461109497081443,0.52,0.52,0.2160133604189748,0.2160133604189748,not_identifiable,not_identifiable,False,False
b-catenin,tabm_specialists,0.5431296831180902,0.5573229089854744,0.6514691674691675,0.659936999937,0.4806926173788368,0.4844851870483873,0.5,0.5,0.2160133604189748,0.2160133604189748,not_identifiable,not_identifiable,False,False
c-myc,catboost_multirmse,0.5588747541937584,0.5588747541937584,0.6114786234786236,0.6114786234786236,0.403041167931924,0.403041167931924,0.54,0.54,0.2166304258685255,0.2166304258685255,not_identifiable,not_identifiable,False,False
c-myc,gbdt,0.5410512708089705,0.5410512708089705,0.6233417513417514,0.6233417513417514,0.436539506148109,0.436539506148109,0.52,0.52,0.2166304258685255,0.2166304258685255,not_identifiable,not_identifiable,False,False
c-myc,midas_ops,0.3974301976874766,0.3972541494262208,0.5698215298215298,0.5653269133269133,0.1655316630261047,0.1715975219796495,0.46,0.44,0.2166304258685255,0.2166304258685255,not_identifiable,not_identifiable,False,False
c-myc,mlp,0.553906839145936,0.553906839145936,0.6100352260352261,0.6100352260352261,0.437708812685641,0.437708812685641,0.48,0.48,0.2166304258685255,0.2166304258685255,not_identifiable,not_identifiable,False,False
c-myc,multitab_pilot,0.5623013895064597,0.5614445841033352,0.6254135894135895,0.6276055716055716,0.4183895422821849,0.4264024600817713,0.52,0.52,0.2166304258685255,0.2166304258685255,not_identifiable,not_identifiable,False,False
c-myc,resmlp_52head,0.5701984004640746,0.5703705729426624,0.6335474375474376,0.628018312018312,0.4038688661952764,0.4166908236642087,0.5,0.5,0.2166304258685255,0.2166304258685255,not_identifiable,not_identifiable,False,False
c-myc,ridge,0.5290730500952829,0.5290730500952829,0.6243068283068283,0.6243068283068283,0.4656897223477789,0.4656897223477789,0.52,0.52,0.2166304258685255,0.2166304258685255,not_identifiable,not_identifiable,False,False
c-myc,scbutterfly_ops_b,0.4359470289081251,0.4302414063497483,0.611041871041871,0.6091214971214972,0.2600166451822782,0.2814954436812314,0.48,0.46,0.2166304258685255,0.2166304258685255,not_identifiable,not_identifiable,False,False
c-myc,scpair_ops,0.5467399408618041,0.5451491947309579,0.6111172791172792,0.6061516501516502,0.382028783783962,0.3839733291571733,0.48,0.48,0.2166304258685255,0.2166304258685255,not_identifiable,not_identifiable,False,False
c-myc,tabm_specialists,0.5502378442892459,0.5533967338904675,0.6030127710127711,0.6110347790347791,0.4159364704836453,0.4209727558926548,0.5,0.52,0.2166304258685255,0.2166304258685255,not_identifiable,not_identifiable,False,False
caspase_activity_cellevent-caspase_live-cell_dye,catboost_multirmse,0.593164247041018,0.593164247041018,0.570854958854959,0.570854958854959,0.5165259730810371,0.5165259730810371,0.42,0.42,0.3152966465946273,0.3152966465946273,measurement_required,measurement_required,False,False
caspase_activity_cellevent-caspase_live-cell_dye,gbdt,0.5907368500875243,0.5907368500875243,0.5914594594594594,0.5914594594594594,0.4852646373798494,0.4852646373798494,0.36,0.36,0.3152966465946273,0.3152966465946273,measurement_required,measurement_required,False,False
caspase_activity_cellevent-caspase_live-cell_dye,midas_ops,0.3829189446284781,0.3823327435103242,0.3409466329466329,0.3348101388101388,0.4077986174660519,0.4492012834439366,0.34,0.3,0.3152966465946273,0.3152966465946273,measurement_required,measurement_required,False,False
caspase_activity_cellevent-caspase_live-cell_dye,mlp,0.5873217125693002,0.5873217125693002,0.5716117996117996,0.5716117996117996,0.572151841319841,0.572151841319841,0.32,0.32,0.3152966465946273,0.3152966465946273,measurement_required,measurement_required,False,False
caspase_activity_cellevent-caspase_live-cell_dye,multitab_pilot,0.5852231520385105,0.585265919177708,0.585026313026313,0.5832693552693553,0.4829849110988991,0.4871888978895752,0.38,0.38,0.3152966465946273,0.3152966465946273,measurement_required,measurement_required,False,False
caspase_activity_cellevent-caspase_live-cell_dye,resmlp_52head,0.5775637353924035,0.5737849189384485,0.5613765213765214,0.5654883494883495,0.5183561400707205,0.5190823881743524,0.42,0.38,0.3152966465946273,0.3152966465946273,measurement_required,measurement_required,False,False
caspase_activity_cellevent-caspase_live-cell_dye,ridge,0.5773035816490144,0.5773035816490144,0.5779087699087699,0.5779087699087699,0.6134546965948957,0.6134546965948957,0.4,0.4,0.3152966465946273,0.3152966465946273,measurement_required,measurement_required,False,False
caspase_activity_cellevent-caspase_live-cell_dye,scbutterfly_ops_b,0.4916778501183708,0.5012027528236116,0.4992948072948073,0.5368953688953689,0.4788652162815857,0.3910192876934901,0.38,0.4,0.3152966465946273,0.3152966465946273,measurement_required,measurement_required,False,False
caspase_activity_cellevent-caspase_live-cell_dye,scpair_ops,0.5309682061983879,0.530936926736455,0.5505415545415546,0.5512938592938593,0.5545258886232222,0.5673032208979207,0.38,0.38,0.3152966465946273,0.3152966465946273,measurement_required,measurement_required,False,False
caspase_activity_cellevent-caspase_live-cell_dye,tabm_specialists,0.5352470322987064,0.478503860061757,0.5378981138981139,0.5224496824496825,0.719620553560329,1.0710504065290616,0.42,0.44,0.3152966465946273,0.3152966465946273,measurement_required,measurement_required,False,False
cell_proliferation_marker_mki67,catboost_multirmse,0.6914825408529774,0.6914825408529774,0.6492581052581053,0.6492581052581053,0.5871439054998391,0.5871439054998391,0.62,0.62,0.3279687777331082,0.3279687777331082,unresolved,unresolved,False,False
cell_proliferation_marker_mki67,gbdt,0.7074952972609643,0.7074952972609643,0.6716960156960158,0.6716960156960158,0.5928182808962755,0.5928182808962755,0.66,0.66,0.3279687777331082,0.3279687777331082,unresolved,unresolved,False,False
cell_proliferation_marker_mki67,midas_ops,0.4323264842183197,0.4304356839714677,0.5144939984939986,0.5138339378339379,0.3953269667852406,0.400655468617297,0.48,0.46,0.3279687777331082,0.3279687777331082,measurement_required,measurement_required,False,False
cell_proliferation_marker_mki67,mlp,0.6914595929338946,0.6914595929338946,0.651916635916636,0.651916635916636,0.6414616508125128,0.6414616508125128,0.62,0.62,0.3279687777331082,0.3279687777331082,unresolved,unresolved,False,False
cell_proliferation_marker_mki67,multitab_pilot,0.6806572033711049,0.6805871020572002,0.6482948642948644,0.6447019887019887,0.6071142069049352,0.6278109134347801,0.6,0.6,0.3279687777331082,0.3279687777331082,unresolved,unresolved,False,False
cell_proliferation_marker_mki67,resmlp_52head,0.6781680378370012,0.673078673310874,0.6116981276981277,0.6133130173130174,0.5896438995794245,0.6152724999989795,0.6,0.62,0.3279687777331082,0.3279687777331082,unresolved,unresolved,False,False
cell_proliferation_marker_mki67,ridge,0.6518868522931223,0.6518868522931223,0.6417762897762899,0.6417762897762899,0.6014051086154886,0.6014051086154886,0.6,0.6,0.3279687777331082,0.3279687777331082,unresolved,unresolved,False,False
cell_proliferation_marker_mki67,scbutterfly_ops_b,0.5925480731425743,0.5642553347661362,0.5534755334755335,0.5653974493974495,0.4887689815910602,0.527936661311089,0.6,0.54,0.3279687777331082,0.3279687777331082,measurement_required,measurement_required,False,False
cell_proliferation_marker_mki67,scpair_ops,0.6647905023929985,0.6636502996320848,0.6253733053733054,0.6216405696405696,0.550259610800727,0.5404124792659093,0.58,0.58,0.3279687777331082,0.3279687777331082,unresolved,unresolved,False,False
cell_proliferation_marker_mki67,tabm_specialists,0.6433442498876574,0.6631037952240071,0.5534472974472975,0.5476149316149316,0.8588128661609159,0.9487328791797596,0.56,0.56,0.3279687777331082,0.3279687777331082,unresolved,unresolved,False,False
chaperones_hspa1b,catboost_multirmse,0.8219408935048158,0.8219408935048158,0.7953653433653435,0.7953653433653435,0.9601144004821336,0.9601144004821336,0.84,0.84,0.3807492021518412,0.3807492021518412,quantitative_proxy,quantitative_proxy,False,False
chaperones_hspa1b,gbdt,0.832904116453928,0.832904116453928,0.8102375582375583,0.8102375582375583,0.983359880115316,0.983359880115316,0.84,0.84,0.3807492021518412,0.3807492021518412,quantitative_proxy,quantitative_proxy,False,False
chaperones_hspa1b,midas_ops,0.731425108317933,0.7303254723000902,0.715064119064119,0.706001158001158,0.5751638943709977,0.6080885816233113,0.74,0.74,0.3807492021518412,0.3807492021518412,quantitative_proxy,quantitative_proxy,False,False
chaperones_hspa1b,mlp,0.8275769031097701,0.8275769031097701,0.7978786138786138,0.7978786138786138,0.9643600482977546,0.9643600482977546,0.86,0.86,0.3807492021518412,0.3807492021518412,quantitative_proxy,quantitative_proxy,False,False
chaperones_hspa1b,multitab_pilot,0.8246137311578163,0.8245523293193828,0.795965031965032,0.7953773193773195,0.9666613851917312,0.9708409696035482,0.8,0.78,0.3807492021518412,0.3807492021518412,quantitative_proxy,quantitative_proxy,False,False
chaperones_hspa1b,resmlp_52head,0.8336722723007147,0.8321143881367881,0.8043630243630244,0.8042173922173922,0.9576085590552776,0.9517839405350608,0.8,0.82,0.3807492021518412,0.3807492021518412,quantitative_proxy,quantitative_proxy,False,False
chaperones_hspa1b,ridge,0.8186237651130515,0.8186237651130515,0.7970592890592891,0.7970592890592891,1.0066168457216975,1.0066168457216975,0.82,0.82,0.3807492021518412,0.3807492021518412,quantitative_proxy,quantitative_proxy,False,False
chaperones_hspa1b,scbutterfly_ops_b,0.8081918801475944,0.8126537735161499,0.7580561060561061,0.7628179148179148,0.8329540833570508,0.8416836624304027,0.76,0.76,0.3807492021518412,0.3807492021518412,quantitative_proxy,quantitative_proxy,False,False
chaperones_hspa1b,scpair_ops,0.8219508433930379,0.8220158466026695,0.7956508836508839,0.7962785082785083,0.9296726262098652,0.92529428043428,0.82,0.82,0.3807492021518412,0.3807492021518412,quantitative_proxy,quantitative_proxy,False,False
chaperones_hspa1b,tabm_specialists,0.810785071171229,0.8178382199893146,0.8002156402156402,0.8062983742983744,1.0029602494340726,0.9979056740303356,0.8,0.8,0.3807492021518412,0.3807492021518412,quantitative_proxy,quantitative_proxy,False,False
chromalive_488_excitation,catboost_multirmse,0.7352123292393893,0.7352123292393893,0.7950306870306871,0.7950306870306871,0.8299844262147363,0.8299844262147363,0.7,0.7,0.3255015696911665,0.3255015696911665,quantitative_proxy,quantitative_proxy,False,False
chromalive_488_excitation,gbdt,0.7687605571107756,0.7687605571107756,0.8275869475869477,0.8275869475869477,0.8983693320596786,0.8983693320596786,0.74,0.74,0.3255015696911665,0.3255015696911665,quantitative_proxy,quantitative_proxy,False,False
chromalive_488_excitation,midas_ops,0.6171758819563268,0.6152495050581059,0.6989692229692229,0.7032885192885193,0.2266090499258904,0.2455511736784414,0.56,0.54,0.3255015696911665,0.3255015696911665,unresolved,ranking_proxy,True,True
chromalive_488_excitation,mlp,0.7724122147051107,0.7724122147051107,0.8191412311412312,0.8191412311412312,0.8678446884436762,0.8678446884436762,0.72,0.72,0.3255015696911665,0.3255015696911665,quantitative_proxy,quantitative_proxy,False,False
chromalive_488_excitation,multitab_pilot,0.7680690668175764,0.7677574274643355,0.8238415038415039,0.8241684921684922,0.8562006734108268,0.8700460317520995,0.72,0.72,0.3255015696911665,0.3255015696911665,quantitative_proxy,quantitative_proxy,False,False
chromalive_488_excitation,resmlp_52head,0.7780000831144365,0.7787407732068657,0.8242016002016002,0.8256140616140616,0.839420530591167,0.860992351117138,0.72,0.72,0.3255015696911665,0.3255015696911665,quantitative_proxy,quantitative_proxy,False,False
chromalive_488_excitation,ridge,0.7089685477547005,0.7089685477547005,0.7894952974952976,0.7894952974952976,0.8121482090749756,0.8121482090749756,0.7,0.7,0.3255015696911665,0.3255015696911665,quantitative_proxy,quantitative_proxy,False,False
chromalive_488_excitation,scbutterfly_ops_b,0.726496105683011,0.7328953192076294,0.7893499053499055,0.7977591897591898,0.6622209719195322,0.6491252899269706,0.72,0.72,0.3255015696911665,0.3255015696911665,quantitative_proxy,quantitative_proxy,False,False
chromalive_488_excitation,scpair_ops,0.7640368695711278,0.7634147313886097,0.8253373053373054,0.8229208149208149,0.8423334890901594,0.8354569432806245,0.72,0.72,0.3255015696911665,0.3255015696911665,quantitative_proxy,quantitative_proxy,False,False
chromalive_488_excitation,tabm_specialists,0.7659121334499959,0.7846103899702775,0.8185966585966588,0.8317305037305038,0.9049132546098632,0.909013427330675,0.72,0.74,0.3255015696911665,0.3255015696911665,quantitative_proxy,quantitative_proxy,False,False
chromatin_h2bc21,catboost_multirmse,0.7545561277565587,0.7545561277565587,0.8184693264693265,0.8184693264693265,0.6406479263210624,0.6406479263210624,0.74,0.74,0.580774506626757,0.580774506626757,quantitative_proxy,quantitative_proxy,False,False
chromatin_h2bc21,gbdt,0.7755406695023572,0.7755406695023572,0.8348939348939349,0.8348939348939349,0.6884768988231263,0.6884768988231263,0.74,0.74,0.580774506626757,0.580774506626757,quantitative_proxy,quantitative_proxy,False,False
chromatin_h2bc21,midas_ops,0.5783240941244279,0.579153062349719,0.6728888528888529,0.6831079431079432,0.187482748476525,0.2017540092033271,0.56,0.52,0.580774506626757,0.580774506626757,measurement_required,measurement_required,False,False
chromatin_h2bc21,mlp,0.7774571282303586,0.7774571282303586,0.8246869166869168,0.8246869166869168,0.7319515279602168,0.7319515279602168,0.68,0.68,0.580774506626757,0.580774506626757,quantitative_proxy,quantitative_proxy,False,False
chromatin_h2bc21,multitab_pilot,0.745999830644112,0.7456921131210943,0.8132665892665893,0.8129002049002049,0.616247051282238,0.6192544128632129,0.68,0.68,0.580774506626757,0.580774506626757,quantitative_proxy,quantitative_proxy,False,False
chromatin_h2bc21,resmlp_52head,0.7707364498852136,0.768563020737736,0.8244606684606686,0.8213206373206374,0.6568184311936923,0.6523403152295468,0.74,0.72,0.580774506626757,0.580774506626757,quantitative_proxy,quantitative_proxy,False,False
chromatin_h2bc21,ridge,0.724080811183525,0.724080811183525,0.8134060054060056,0.8134060054060056,0.6328369480984731,0.6328369480984731,0.7,0.7,0.580774506626757,0.580774506626757,quantitative_proxy,quantitative_proxy,False,False
chromatin_h2bc21,scbutterfly_ops_b,0.7152546767086723,0.7177276721741788,0.7802456882456883,0.78390573990574,0.4660858105077543,0.451286608389532,0.62,0.62,0.580774506626757,0.580774506626757,ranking_proxy,ranking_proxy,False,False
chromatin_h2bc21,scpair_ops,0.7617745777722454,0.7613808659495531,0.8253401253401254,0.8258167538167539,0.6087355423846122,0.6063192031326056,0.74,0.74,0.580774506626757,0.580774506626757,quantitative_proxy,quantitative_proxy,False,False
chromatin_h2bc21,tabm_specialists,0.7541524865092122,0.7735082118525097,0.8117069957069958,0.8284558444558445,0.6324828985107502,0.6673664402188686,0.7,0.76,0.580774506626757,0.580774506626757,quantitative_proxy,quantitative_proxy,False,False
clathrin_vesicles_clta,catboost_multirmse,0.9050473174929428,0.9050473174929428,0.9458200778200778,0.9458200778200778,1.0278500172700151,1.0278500172700151,0.88,0.88,0.5686643877978657,0.5686643877978657,quantitative_proxy,quantitative_proxy,False,False
clathrin_vesicles_clta,gbdt,0.9172400308651388,0.9172400308651388,0.9564253284253286,0.9564253284253286,1.0405318311479133,1.0405318311479133,0.9,0.9,0.5686643877978657,0.5686643877978657,quantitative_proxy,quantitative_proxy,False,False
clathrin_vesicles_clta,midas_ops,0.7667314845497805,0.7664748171768773,0.7916413916413917,0.7800948000948001,0.3098804247531834,0.3371132499939044,0.7,0.68,0.5686643877978657,0.5686643877978657,ranking_proxy,ranking_proxy,False,False
clathrin_vesicles_clta,mlp,0.9199979410972124,0.9199979410972124,0.9569346689346688,0.9569346689346688,1.019972131910558,1.019972131910558,0.92,0.92,0.5686643877978657,0.5686643877978657,quantitative_proxy,quantitative_proxy,False,False
clathrin_vesicles_clta,multitab_pilot,0.9082373732913342,0.9083071816164984,0.9534826374826376,0.9536251016251016,1.0152665889144683,1.0170813248143682,0.9,0.9,0.5686643877978657,0.5686643877978657,quantitative_proxy,quantitative_proxy,False,False
clathrin_vesicles_clta,resmlp_52head,0.9120812791073742,0.9103827084092404,0.9522196722196722,0.9497990897990898,0.9994516374105764,1.0037077544230977,0.88,0.88,0.5686643877978657,0.5686643877978657,quantitative_proxy,quantitative_proxy,False,False
clathrin_vesicles_clta,ridge,0.9024441063477492,0.9024441063477492,0.9464545304545304,0.9464545304545304,1.0465852654419672,1.0465852654419672,0.9,0.9,0.5686643877978657,0.5686643877978657,quantitative_proxy,quantitative_proxy,False,False
clathrin_vesicles_clta,scbutterfly_ops_b,0.8193789170131505,0.8177964830007742,0.8839374919374919,0.8838814158814158,0.7123203079910513,0.7029870871770112,0.82,0.86,0.5686643877978657,0.5686643877978657,quantitative_proxy,quantitative_proxy,False,False
clathrin_vesicles_clta,scpair_ops,0.9035697210254948,0.9038615841349388,0.9508060708060708,0.9506738306738308,0.98000616787342,0.9675323852167812,0.88,0.86,0.5686643877978657,0.5686643877978657,quantitative_proxy,quantitative_proxy,False,False
clathrin_vesicles_clta,tabm_specialists,0.8991623984616777,0.9170766489873377,0.9429265389265392,0.9566617886617886,1.0099041678125198,1.026856835655236,0.88,0.88,0.5686643877978657,0.5686643877978657,quantitative_proxy,quantitative_proxy,False,False
early_endosome_eea1,catboost_multirmse,0.9213477762190946,0.9213477762190946,0.968856656856657,0.968856656856657,1.078757002991307,1.078757002991307,0.94,0.94,0.7784811755482057,0.7784811755482057,quantitative_proxy,quantitative_proxy,False,False
early_endosome_eea1,gbdt,0.926019798068271,0.926019798068271,0.9728455568455568,0.9728455568455568,1.0430403614250645,1.0430403614250645,0.92,0.92,0.7784811755482057,0.7784811755482057,quantitative_proxy,quantitative_proxy,False,False
early_endosome_eea1,midas_ops,0.8603637317258197,0.8588038518635136,0.9493107613107614,0.9511772191772192,0.5841567617669964,0.5887482159492218,0.96,0.96,0.7784811755482057,0.7784811755482057,quantitative_proxy,quantitative_proxy,False,False
early_endosome_eea1,mlp,0.9278099162540986,0.9278099162540986,0.974077094077094,0.974077094077094,1.0210661775755243,1.0210661775755243,0.92,0.92,0.7784811755482057,0.7784811755482057,quantitative_proxy,quantitative_proxy,False,False
early_endosome_eea1,multitab_pilot,0.9200548272897648,0.9200949353229324,0.9716523716523716,0.9715142275142274,1.0546582133727676,1.0625783627968814,0.94,0.94,0.7784811755482057,0.7784811755482057,quantitative_proxy,quantitative_proxy,False,False
early_endosome_eea1,resmlp_52head,0.9189055023473544,0.918405361995282,0.9664100224100224,0.9664971184971186,1.0050066568657423,0.98310862027665,0.96,0.96,0.7784811755482057,0.7784811755482057,quantitative_proxy,quantitative_proxy,False,False
early_endosome_eea1,ridge,0.915028589616011,0.915028589616011,0.971767775767776,0.971767775767776,1.0339731339761151,1.0339731339761151,0.98,0.98,0.7784811755482057,0.7784811755482057,quantitative_proxy,quantitative_proxy,False,False
early_endosome_eea1,scbutterfly_ops_b,0.8085632707604082,0.8093671955048964,0.8349100509100509,0.8375751695751696,0.429058152524525,0.43847600752879,0.82,0.82,0.7784811755482057,0.7784811755482057,ranking_proxy,ranking_proxy,False,False
early_endosome_eea1,scpair_ops,0.9141650468194336,0.9144246603544526,0.9649241209241208,0.9648081288081288,0.9601015537583676,0.9601704895757864,0.96,0.96,0.7784811755482057,0.7784811755482057,quantitative_proxy,quantitative_proxy,False,False
early_endosome_eea1,tabm_specialists,0.9110806442992996,0.9241226936082404,0.9590631230631232,0.9757584277584278,0.9895064156067456,1.0196169400647,0.96,0.94,0.7784811755482057,0.7784811755482057,quantitative_proxy,quantitative_proxy,False,False
endocytic_vesicle_ph_phrodo-dextran_live_cell_dye,catboost_multirmse,0.7465382237992284,0.7465382237992284,0.7887735567735569,0.7887735567735569,0.947246394718661,0.947246394718661,0.86,0.86,0.4110300664564122,0.4110300664564122,quantitative_proxy,quantitative_proxy,False,False
endocytic_vesicle_ph_phrodo-dextran_live_cell_dye,gbdt,0.7625339942737487,0.7625339942737487,0.8062636462636463,0.8062636462636463,0.9614940513561804,0.9614940513561804,0.86,0.86,0.4110300664564122,0.4110300664564122,quantitative_proxy,quantitative_proxy,False,False
endocytic_vesicle_ph_phrodo-dextran_live_cell_dye,midas_ops,0.6111057823418442,0.613181430783213,0.7244409284409284,0.7315333315333317,0.340732149536577,0.3703596112245441,0.74,0.76,0.4110300664564122,0.4110300664564122,ranking_proxy,ranking_proxy,False,False
endocytic_vesicle_ph_phrodo-dextran_live_cell_dye,mlp,0.754366535192674,0.754366535192674,0.7845647565647565,0.7845647565647565,0.9503870467091168,0.9503870467091168,0.82,0.82,0.4110300664564122,0.4110300664564122,quantitative_proxy,quantitative_proxy,False,False
endocytic_vesicle_ph_phrodo-dextran_live_cell_dye,multitab_pilot,0.7377688446096073,0.7374960780649407,0.7802783402783403,0.7802516762516762,0.904627300970574,0.9035670833975122,0.84,0.84,0.4110300664564122,0.4110300664564122,quantitative_proxy,quantitative_proxy,False,False
endocytic_vesicle_ph_phrodo-dextran_live_cell_dye,resmlp_52head,0.758400703574403,0.7568189981798163,0.7982235782235783,0.79592865992866,0.9759145044999656,0.9360152926414432,0.9,0.92,0.4110300664564122,0.4110300664564122,quantitative_proxy,quantitative_proxy,False,False
endocytic_vesicle_ph_phrodo-dextran_live_cell_dye,ridge,0.7222789431746198,0.7222789431746198,0.7820594300594301,0.7820594300594301,0.9982085002784952,0.9982085002784952,0.84,0.84,0.4110300664564122,0.4110300664564122,quantitative_proxy,quantitative_proxy,False,False
endocytic_vesicle_ph_phrodo-dextran_live_cell_dye,scbutterfly_ops_b,0.7156478929704629,0.7230372110230086,0.757889821889822,0.7615690735690736,0.5442396153563583,0.5300744338425358,0.8,0.8,0.4110300664564122,0.4110300664564122,quantitative_proxy,quantitative_proxy,False,False
endocytic_vesicle_ph_phrodo-dextran_live_cell_dye,scpair_ops,0.7428763087987508,0.7432969060041456,0.7901589221589221,0.7899007899007899,0.9256233692278044,0.929185499778274,0.86,0.88,0.4110300664564122,0.4110300664564122,quantitative_proxy,quantitative_proxy,False,False
endocytic_vesicle_ph_phrodo-dextran_live_cell_dye,tabm_specialists,0.7503405845734099,0.7584161706003707,0.7913426153426153,0.7957693717693717,0.930435853170932,0.9850530616806936,0.86,0.86,0.4110300664564122,0.4110300664564122,quantitative_proxy,quantitative_proxy,False,False
endosome_vps35,catboost_multirmse,0.8167662701568389,0.8167662701568389,0.8313044913044915,0.8313044913044915,0.8608123105310926,0.8608123105310926,0.66,0.66,0.3519252152106765,0.3519252152106765,quantitative_proxy,quantitative_proxy,False,False
endosome_vps35,gbdt,0.8337327111294695,0.8337327111294695,0.8585395025395025,0.8585395025395025,0.8764318325673927,0.8764318325673927,0.7,0.7,0.3519252152106765,0.3519252152106765,quantitative_proxy,quantitative_proxy,False,False
endosome_vps35,midas_ops,0.710227025970943,0.7108617513592181,0.6922904242904243,0.6980881460881461,0.5019043296379357,0.5393279100764913,0.58,0.56,0.3519252152106765,0.3519252152106765,unresolved,unresolved,False,False
endosome_vps35,mlp,0.838135126574483,0.838135126574483,0.85795070995071,0.85795070995071,0.8982390143550196,0.8982390143550196,0.74,0.74,0.3519252152106765,0.3519252152106765,quantitative_proxy,quantitative_proxy,False,False
endosome_vps35,multitab_pilot,0.8157677583183969,0.8158426732655981,0.8383762903762906,0.8395544995544997,0.8581701684789093,0.8612788190407914,0.68,0.66,0.3519252152106765,0.3519252152106765,quantitative_proxy,quantitative_proxy,False,False
endosome_vps35,resmlp_52head,0.8208737417682196,0.8203286260925434,0.83386994986995,0.8291859851859853,0.8493976345453945,0.8245673643245957,0.64,0.66,0.3519252152106765,0.3519252152106765,quantitative_proxy,quantitative_proxy,False,False
endosome_vps35,ridge,0.7943998248564165,0.7943998248564165,0.81193681993682,0.81193681993682,0.8967244848751,0.8967244848751,0.7,0.7,0.3519252152106765,0.3519252152106765,quantitative_proxy,quantitative_proxy,False,False
endosome_vps35,scbutterfly_ops_b,0.6422785016827072,0.6404107745521569,0.6112570552570553,0.6211505851505852,0.7134883331725123,0.6911853950058835,0.52,0.56,0.3519252152106765,0.3519252152106765,unresolved,unresolved,False,False
endosome_vps35,scpair_ops,0.810523162795603,0.8112135367240432,0.8283403923403924,0.8290501570501572,0.7817106673411001,0.7835951865968642,0.74,0.72,0.3519252152106765,0.3519252152106765,quantitative_proxy,quantitative_proxy,False,False
endosome_vps35,tabm_specialists,0.7937742063808023,0.832749036426123,0.7973235173235174,0.8571531891531892,0.8151923160055562,0.8899736310155313,0.64,0.72,0.3519252152106765,0.3519252152106765,quantitative_proxy,quantitative_proxy,False,False
er_cona,catboost_multirmse,0.7044975632107819,0.7044975632107819,0.7102007662007662,0.7102007662007662,0.5257234328055609,0.5257234328055609,0.56,0.56,0.2319836986715685,0.2319836986715685,not_identifiable,not_identifiable,False,False
er_cona,gbdt,0.7087401347952798,0.7087401347952798,0.7234630594630596,0.7234630594630596,0.5354125218244346,0.5354125218244346,0.56,0.56,0.2319836986715685,0.2319836986715685,not_identifiable,not_identifiable,False,False
er_cona,midas_ops,0.6065024358624183,0.6071905853036746,0.6500969060969062,0.6505257625257626,0.2904042917690102,0.3038235660181694,0.54,0.58,0.2319836986715685,0.2319836986715685,not_identifiable,not_identifiable,False,False
er_cona,mlp,0.7102747397836038,0.7102747397836038,0.7251023571023572,0.7251023571023572,0.5592246067438233,0.5592246067438233,0.6,0.6,0.2319836986715685,0.2319836986715685,not_identifiable,not_identifiable,False,False
er_cona,multitab_pilot,0.709510231440307,0.709679762210356,0.7112728952728954,0.710866010866011,0.5589662624062588,0.5577807333040571,0.54,0.52,0.2319836986715685,0.2319836986715685,not_identifiable,not_identifiable,False,False
er_cona,resmlp_52head,0.6709333250355549,0.6700809837733737,0.6711860151860153,0.678917346917347,0.5701640445053852,0.5866883190175637,0.54,0.56,0.2319836986715685,0.2319836986715685,not_identifiable,not_identifiable,False,False
er_cona,ridge,0.6960643218971633,0.6960643218971633,0.704946008946009,0.704946008946009,0.5605564937333477,0.5605564937333477,0.58,0.58,0.2319836986715685,0.2319836986715685,not_identifiable,not_identifiable,False,False
er_cona,scbutterfly_ops_b,0.6720353592135926,0.6773699728742975,0.6741155421155421,0.6856040296040298,0.2858916064474407,0.248661861043492,0.6,0.58,0.2319836986715685,0.2319836986715685,not_identifiable,not_identifiable,False,False
er_cona,scpair_ops,0.7056645435327484,0.705813442987252,0.7105569145569146,0.7098594138594139,0.5654068295128324,0.5677063517443709,0.6,0.62,0.2319836986715685,0.2319836986715685,not_identifiable,not_identifiable,False,False
er_cona,tabm_specialists,0.7094484079983324,0.7170032785400158,0.7109651069651071,0.7186983826983827,0.5448131650153738,0.5402039851480708,0.62,0.62,0.2319836986715685,0.2319836986715685,not_identifiable,not_identifiable,False,False
er_golgi_bridge_vapa,catboost_multirmse,0.8051802452810317,0.8051802452810317,0.90198334998335,0.90198334998335,0.8799923937833956,0.8799923937833956,0.92,0.92,0.6864386449976475,0.6864386449976475,quantitative_proxy,quantitative_proxy,False,False
er_golgi_bridge_vapa,gbdt,0.8153327412398035,0.8153327412398035,0.9150898470898472,0.9150898470898472,0.8957161787733184,0.8957161787733184,0.9,0.9,0.6864386449976475,0.6864386449976475,quantitative_proxy,quantitative_proxy,False,False
er_golgi_bridge_vapa,midas_ops,0.5925047524464327,0.5888688847726791,0.7837744357744358,0.7827709227709229,0.2664533091080573,0.2900708051557259,0.74,0.72,0.6864386449976475,0.6864386449976475,ranking_proxy,ranking_proxy,False,False
er_golgi_bridge_vapa,mlp,0.8229861530932745,0.8229861530932745,0.9176135816135816,0.9176135816135816,0.8618115636679903,0.8618115636679903,0.9,0.9,0.6864386449976475,0.6864386449976475,quantitative_proxy,quantitative_proxy,False,False
er_golgi_bridge_vapa,multitab_pilot,0.7974341239277842,0.7971838320331979,0.9016503856503856,0.903979947979948,0.8496648365270916,0.8407417446640215,0.88,0.88,0.6864386449976475,0.6864386449976475,quantitative_proxy,quantitative_proxy,False,False
er_golgi_bridge_vapa,resmlp_52head,0.7967510136288256,0.7929297813550493,0.8834184794184795,0.8929685809685809,0.7500958389395392,0.7832995520853429,0.82,0.8,0.6864386449976475,0.6864386449976475,quantitative_proxy,quantitative_proxy,False,False
er_golgi_bridge_vapa,ridge,0.8025852701499755,0.8025852701499755,0.907886527886528,0.907886527886528,0.828790069569514,0.828790069569514,0.9,0.9,0.6864386449976475,0.6864386449976475,quantitative_proxy,quantitative_proxy,False,False
er_golgi_bridge_vapa,scbutterfly_ops_b,0.6565239203220857,0.6599555618695035,0.826014106014106,0.8264430824430825,0.3215657882020684,0.324283485508974,0.72,0.74,0.6864386449976475,0.6864386449976475,ranking_proxy,ranking_proxy,False,False
er_golgi_bridge_vapa,scpair_ops,0.7793066304121836,0.7799475235277964,0.8851829611829612,0.8867776787776788,0.5931055576532771,0.6100456058553424,0.82,0.84,0.6864386449976475,0.6864386449976475,quantitative_proxy,quantitative_proxy,False,False
er_golgi_bridge_vapa,tabm_specialists,0.7761685239512801,0.8160337432976504,0.865933705933706,0.9124854964854964,0.7465846660634201,0.901980335237758,0.78,0.9,0.6864386449976475,0.6864386449976475,quantitative_proxy,quantitative_proxy,False,False
er_golgi_cop-ii_sec23a,catboost_multirmse,0.9238661058100612,0.9238661058100612,0.9303624543624543,0.9303624543624543,0.9342796811489203,0.9342796811489203,0.92,0.92,0.7963114253629393,0.7963114253629393,quantitative_proxy,quantitative_proxy,False,False
er_golgi_cop-ii_sec23a,gbdt,0.934111600503441,0.934111600503441,0.9397703797703796,0.9397703797703796,0.9539169481870772,0.9539169481870772,0.92,0.92,0.7963114253629393,0.7963114253629393,quantitative_proxy,quantitative_proxy,False,False
er_golgi_cop-ii_sec23a,midas_ops,0.825325232821496,0.822695006575232,0.868952140952141,0.8672670632670633,0.2646808840085541,0.2801384182863612,0.86,0.84,0.7963114253629393,0.7963114253629393,ranking_proxy,ranking_proxy,False,False
er_golgi_cop-ii_sec23a,mlp,0.9367526431448304,0.9367526431448304,0.945780513780514,0.945780513780514,0.9593195664042824,0.9593195664042824,0.92,0.92,0.7963114253629393,0.7963114253629393,quantitative_proxy,quantitative_proxy,False,False
er_golgi_cop-ii_sec23a,multitab_pilot,0.9257780316165076,0.9257368207636788,0.9387156147156146,0.9381252261252262,0.910163174687386,0.9108103861265056,0.92,0.92,0.7963114253629393,0.7963114253629393,quantitative_proxy,quantitative_proxy,False,False
er_golgi_cop-ii_sec23a,resmlp_52head,0.930499900545368,0.930189104441817,0.9384519984519984,0.9376962376962376,0.8390891199784146,0.849468552341083,0.9,0.92,0.7963114253629393,0.7963114253629393,quantitative_proxy,quantitative_proxy,False,False
er_golgi_cop-ii_sec23a,ridge,0.92352644269702,0.92352644269702,0.9444236724236724,0.9444236724236724,1.069696737764744,1.069696737764744,0.92,0.92,0.7963114253629393,0.7963114253629393,quantitative_proxy,quantitative_proxy,False,False
er_golgi_cop-ii_sec23a,scbutterfly_ops_b,0.8207843338900795,0.819015756527093,0.8314927354927355,0.8281483801483801,0.5847720726358521,0.6114899895327873,0.72,0.74,0.7963114253629393,0.7963114253629393,quantitative_proxy,quantitative_proxy,False,False
er_golgi_cop-ii_sec23a,scpair_ops,0.9187236287950966,0.9189282029101048,0.933783513783514,0.9340529260529262,0.8560042978890027,0.8420837500038416,0.92,0.92,0.7963114253629393,0.7963114253629393,quantitative_proxy,quantitative_proxy,False,False
er_golgi_cop-ii_sec23a,tabm_specialists,0.9167894872173676,0.9337133271677172,0.934098982098982,0.9496116256116256,0.8797333436131222,0.935898962913607,0.9,0.94,0.7963114253629393,0.7963114253629393,quantitative_proxy,quantitative_proxy,False,False
er_golgi_cope,catboost_multirmse,0.8248018820377739,0.8248018820377739,0.8421225861225862,0.8421225861225862,0.7862431069883851,0.7862431069883851,0.78,0.78,0.5671140969254439,0.5671140969254439,quantitative_proxy,quantitative_proxy,False,False
er_golgi_cope,gbdt,0.8324196156416516,0.8324196156416516,0.8564341484341486,0.8564341484341486,0.8104895392777095,0.8104895392777095,0.8,0.8,0.5671140969254439,0.5671140969254439,quantitative_proxy,quantitative_proxy,False,False
er_golgi_cope,midas_ops,0.738847746853241,0.7402742737445981,0.7414781614781616,0.747866955866956,0.243429327933233,0.2604950299483682,0.68,0.7,0.5671140969254439,0.5671140969254439,ranking_proxy,ranking_proxy,False,False
er_golgi_cope,mlp,0.8292949363728204,0.8292949363728204,0.852960480960481,0.852960480960481,0.8184308402722403,0.8184308402722403,0.82,0.82,0.5671140969254439,0.5671140969254439,quantitative_proxy,quantitative_proxy,False,False
er_golgi_cope,multitab_pilot,0.8239667559556413,0.8239228381417771,0.8501436581436581,0.8495250455250456,0.7653735140138832,0.7646996664789032,0.78,0.78,0.5671140969254439,0.5671140969254439,quantitative_proxy,quantitative_proxy,False,False
er_golgi_cope,resmlp_52head,0.8337610126094541,0.8325679177379379,0.8598795318795319,0.861914001914002,0.8431920422982504,0.8900919625180606,0.8,0.8,0.5671140969254439,0.5671140969254439,quantitative_proxy,quantitative_proxy,False,False
er_golgi_cope,ridge,0.8156893704680371,0.8156893704680371,0.8500902100902102,0.8500902100902102,0.8272527910463382,0.8272527910463382,0.82,0.82,0.5671140969254439,0.5671140969254439,quantitative_proxy,quantitative_proxy,False,False
er_golgi_cope,scbutterfly_ops_b,0.8104221898675069,0.814550610072482,0.8245995445995447,0.8318230238230239,0.5119735387226815,0.5484355351106273,0.72,0.8,0.5671140969254439,0.5671140969254439,quantitative_proxy,quantitative_proxy,False,False
er_golgi_cope,scpair_ops,0.8212003625423954,0.8211047424723624,0.8420926820926823,0.8405359325359326,0.769286225164996,0.7763488875994885,0.78,0.78,0.5671140969254439,0.5671140969254439,quantitative_proxy,quantitative_proxy,False,False
er_golgi_cope,tabm_specialists,0.8275553178502115,0.8376606934734921,0.8490599490599491,0.858880494880495,0.77327717511584,0.7943248650880882,0.8,0.8,0.5671140969254439,0.5671140969254439,quantitative_proxy,quantitative_proxy,False,False
er_ncln,catboost_multirmse,0.6571239356630166,0.6571239356630166,0.7401265161265163,0.7401265161265163,0.8575145502579665,0.8575145502579665,0.56,0.56,0.5109354049791082,0.5109354049791082,ranking_proxy,ranking_proxy,False,False
er_ncln,gbdt,0.6605212698503109,0.6605212698503109,0.7494070014070014,0.7494070014070014,0.8420647260001439,0.8420647260001439,0.6,0.6,0.5109354049791082,0.5109354049791082,ranking_proxy,ranking_proxy,False,False
er_ncln,midas_ops,0.5697804871972922,0.5629793821722235,0.6763251883251884,0.6721238401238402,0.4519915958426387,0.5062263486295268,0.56,0.56,0.5109354049791082,0.5109354049791082,measurement_required,measurement_required,False,False
er_ncln,mlp,0.6551008829943357,0.6551008829943357,0.7446329286329287,0.7446329286329287,0.7990193408914666,0.7990193408914666,0.56,0.56,0.5109354049791082,0.5109354049791082,ranking_proxy,ranking_proxy,False,False
er_ncln,multitab_pilot,0.6610270261969684,0.6606418306347789,0.7558242958242959,0.7572702132702133,0.840794410968944,0.8492982532470151,0.6,0.6,0.5109354049791082,0.5109354049791082,ranking_proxy,ranking_proxy,False,False
er_ncln,resmlp_52head,0.6560349845930336,0.652082684676256,0.7482825642825642,0.7473609513609514,0.8053368269899428,0.7929833800666117,0.6,0.62,0.5109354049791082,0.5109354049791082,ranking_proxy,ranking_proxy,False,False
er_ncln,ridge,0.6541415907307386,0.6541415907307386,0.7504827544827545,0.7504827544827545,0.8835570696564216,0.8835570696564216,0.56,0.56,0.5109354049791082,0.5109354049791082,ranking_proxy,ranking_proxy,False,False
er_ncln,scbutterfly_ops_b,0.4810966746892235,0.4821600126262357,0.6551963231963233,0.6580820860820862,0.4496286212106787,0.4337606378944446,0.56,0.54,0.5109354049791082,0.5109354049791082,measurement_required,measurement_required,False,False
er_ncln,scpair_ops,0.6325297209940872,0.6335967160461421,0.7363741603741605,0.7386434346434347,0.8061878096652482,0.8214696057457346,0.58,0.58,0.5109354049791082,0.5109354049791082,ranking_proxy,ranking_proxy,False,False
er_ncln,tabm_specialists,0.6202488222600075,0.6495059120868741,0.7266535746535747,0.7592554712554713,0.8592208091489992,0.8959026156387162,0.6,0.6,0.5109354049791082,0.5109354049791082,ranking_proxy,ranking_proxy,False,False
er_sec61b,catboost_multirmse,0.8013501279253468,0.8013501279253468,0.8991238431238431,0.8991238431238431,0.5280368297220751,0.5280368297220751,0.88,0.88,0.4571854056007768,0.4571854056007768,quantitative_proxy,quantitative_proxy,False,False
er_sec61b,gbdt,0.8107120554736978,0.8107120554736978,0.9049754329754328,0.9049754329754328,0.6420367448840654,0.6420367448840654,0.86,0.86,0.4571854056007768,0.4571854056007768,quantitative_proxy,quantitative_proxy,False,False
er_sec61b,midas_ops,0.7328309738861214,0.7332081278649899,0.8214174894174895,0.8133270693270693,0.2569136452893593,0.2724195602878124,0.8,0.8,0.4571854056007768,0.4571854056007768,ranking_proxy,ranking_proxy,False,False
er_sec61b,mlp,0.8102179231195772,0.8102179231195772,0.8992276672276673,0.8992276672276673,0.8981882644980793,0.8981882644980793,0.88,0.88,0.4571854056007768,0.4571854056007768,quantitative_proxy,quantitative_proxy,False,False
er_sec61b,multitab_pilot,0.7998332911711326,0.7996727664476122,0.9009166209166208,0.9012674052674052,0.5010444915393835,0.4955184053359844,0.88,0.9,0.4571854056007768,0.4571854056007768,quantitative_proxy,ranking_proxy,True,False
er_sec61b,resmlp_52head,0.8053305332165653,0.8025952657074651,0.8985158505158506,0.8972259092259093,0.4615541345688453,0.4844054652313262,0.9,0.86,0.4571854056007768,0.4571854056007768,ranking_proxy,ranking_proxy,False,False
er_sec61b,ridge,0.7997145848768862,0.7997145848768862,0.9005676485676486,0.9005676485676486,0.7551036728988018,0.7551036728988018,0.88,0.88,0.4571854056007768,0.4571854056007768,quantitative_proxy,quantitative_proxy,False,False
er_sec61b,scbutterfly_ops_b,0.7704605251688722,0.7698371935198169,0.8576433536433538,0.8595061875061876,0.5919309299153261,0.5986828697790226,0.82,0.78,0.4571854056007768,0.4571854056007768,quantitative_proxy,quantitative_proxy,False,False
er_sec61b,scpair_ops,0.8006467363775862,0.8009656984475264,0.8965221085221087,0.8973446973446974,0.6794860763691952,0.6653033173902878,0.86,0.88,0.4571854056007768,0.4571854056007768,quantitative_proxy,quantitative_proxy,False,False
er_sec61b,tabm_specialists,0.8020845137639026,0.8138996572730509,0.8929360249360251,0.9048044928044928,0.8250740842882166,0.8195427890031218,0.86,0.86,0.4571854056007768,0.4571854056007768,quantitative_proxy,quantitative_proxy,False,False
f-actin_phalloidin,catboost_multirmse,0.7380212153739985,0.7380212153739985,0.7508321828321829,0.7508321828321829,0.5413249432702129,0.5413249432702129,0.62,0.62,0.3996475172727066,0.3996475172727066,quantitative_proxy,quantitative_proxy,False,False
f-actin_phalloidin,gbdt,0.745922773604529,0.745922773604529,0.7714844074844076,0.7714844074844076,0.5583287786255918,0.5583287786255918,0.6,0.6,0.3996475172727066,0.3996475172727066,quantitative_proxy,quantitative_proxy,False,False
f-actin_phalloidin,midas_ops,0.6239114851615233,0.6250521245452398,0.6831723711723712,0.6856564096564097,0.3018876461037503,0.3162003307334056,0.54,0.56,0.3996475172727066,0.3996475172727066,unresolved,unresolved,False,False
f-actin_phalloidin,mlp,0.7457482668489741,0.7457482668489741,0.7554257874257875,0.7554257874257875,0.6306645845426492,0.6306645845426492,0.62,0.62,0.3996475172727066,0.3996475172727066,quantitative_proxy,quantitative_proxy,False,False
f-actin_phalloidin,multitab_pilot,0.7449185101648583,0.745117600209333,0.7555666915666917,0.755954975954976,0.5841705131095498,0.5847062052974367,0.62,0.62,0.3996475172727066,0.3996475172727066,quantitative_proxy,quantitative_proxy,False,False
f-actin_phalloidin,resmlp_52head,0.7145549178914878,0.7145910745569779,0.7128211368211369,0.7175092655092655,0.60433736690606,0.628673957455353,0.6,0.6,0.3996475172727066,0.3996475172727066,quantitative_proxy,quantitative_proxy,False,False
f-actin_phalloidin,ridge,0.7341089566083006,0.7341089566083006,0.7387961827961829,0.7387961827961829,0.5530506436580472,0.5530506436580472,0.62,0.62,0.3996475172727066,0.3996475172727066,quantitative_proxy,quantitative_proxy,False,False
f-actin_phalloidin,scbutterfly_ops_b,0.7033548298049366,0.7054935915493926,0.7167695367695368,0.7203289083289084,0.354112895476282,0.2986749000133111,0.62,0.62,0.3996475172727066,0.3996475172727066,ranking_proxy,ranking_proxy,False,False
f-actin_phalloidin,scpair_ops,0.7419307031740716,0.7418943625621506,0.7600616920616922,0.763868887868888,0.5882537938368669,0.5885547076118371,0.6,0.62,0.3996475172727066,0.3996475172727066,quantitative_proxy,quantitative_proxy,False,False
f-actin_phalloidin,tabm_specialists,0.7481617235964488,0.7551718405249643,0.75992121992122,0.7656630816630817,0.5644355232765872,0.5909728786778955,0.58,0.62,0.3996475172727066,0.3996475172727066,ranking_proxy,quantitative_proxy,True,False
fe2+_ferhonox_live-cell_dye,catboost_multirmse,0.9037910263742898,0.9037910263742898,0.9276858756858756,0.9276858756858756,0.7357536757852087,0.7357536757852087,0.82,0.82,0.6070291514177555,0.6070291514177555,quantitative_proxy,quantitative_proxy,False,False
fe2+_ferhonox_live-cell_dye,gbdt,0.925063458108486,0.925063458108486,0.9493389133389134,0.9493389133389134,0.8267171719012624,0.8267171719012624,0.9,0.9,0.6070291514177555,0.6070291514177555,quantitative_proxy,quantitative_proxy,False,False
fe2+_ferhonox_live-cell_dye,midas_ops,0.6202310047906088,0.6150640463209441,0.6252392532392533,0.6163773163773164,0.1848645833109889,0.1945020279930328,0.42,0.4,0.6070291514177555,0.6070291514177555,unresolved,unresolved,False,False
fe2+_ferhonox_live-cell_dye,mlp,0.9105444794883726,0.9105444794883726,0.9451318291318292,0.9451318291318292,0.8258712962963314,0.8258712962963314,0.88,0.88,0.6070291514177555,0.6070291514177555,quantitative_proxy,quantitative_proxy,False,False
fe2+_ferhonox_live-cell_dye,multitab_pilot,0.8482706216483529,0.84919586358066,0.9066566826566828,0.906914514914515,0.75866035696518,0.7630615901529865,0.82,0.82,0.6070291514177555,0.6070291514177555,quantitative_proxy,quantitative_proxy,False,False
fe2+_ferhonox_live-cell_dye,resmlp_52head,0.9029360254385332,0.9035075047316656,0.936004212004212,0.9362300282300282,0.7910190282384076,0.7817920091658924,0.92,0.88,0.6070291514177555,0.6070291514177555,quantitative_proxy,quantitative_proxy,False,False
fe2+_ferhonox_live-cell_dye,ridge,0.8932500393622096,0.8932500393622096,0.924047952047952,0.924047952047952,0.8036204218956766,0.8036204218956766,0.86,0.86,0.6070291514177555,0.6070291514177555,quantitative_proxy,quantitative_proxy,False,False
fe2+_ferhonox_live-cell_dye,scbutterfly_ops_b,0.5402055342726892,0.5452227427788977,0.7967246567246568,0.7607897927897929,269.2663428744321,318.4141563661005,0.62,0.5,0.6070291514177555,0.6070291514177555,ranking_proxy,ranking_proxy,False,False
fe2+_ferhonox_live-cell_dye,scpair_ops,0.8192514667195798,0.8215092634505334,0.9137005577005578,0.9148894108894108,0.7327073440712635,0.7356229105905272,0.84,0.84,0.6070291514177555,0.6070291514177555,quantitative_proxy,quantitative_proxy,False,False
fe2+_ferhonox_live-cell_dye,tabm_specialists,0.699544211366965,0.7362849803448642,0.9148149628149628,0.9396948036948036,1005.4177229489176,1247.6193575868483,0.8,0.88,0.6070291514177555,0.6070291514177555,ranking_proxy,ranking_proxy,False,False
late_endosome_rab7a,catboost_multirmse,0.911530542962968,0.911530542962968,0.9423497703497704,0.9423497703497704,0.8088123080855801,0.8088123080855801,0.9,0.9,0.5437250794222616,0.5437250794222616,quantitative_proxy,quantitative_proxy,False,False
late_endosome_rab7a,gbdt,0.9217804252967248,0.9217804252967248,0.9547745347745348,0.9547745347745348,0.8927087193534052,0.8927087193534052,0.96,0.96,0.5437250794222616,0.5437250794222616,quantitative_proxy,quantitative_proxy,False,False
late_endosome_rab7a,midas_ops,0.7957366799411764,0.7958817454993069,0.8673022473022473,0.8651990531990532,0.4241730659329843,0.452079239695901,0.82,0.78,0.5437250794222616,0.5437250794222616,ranking_proxy,ranking_proxy,False,False
late_endosome_rab7a,mlp,0.9234638731190954,0.9234638731190954,0.9546389226389228,0.9546389226389228,0.9142875162888904,0.9142875162888904,0.96,0.96,0.5437250794222616,0.5437250794222616,quantitative_proxy,quantitative_proxy,False,False
late_endosome_rab7a,multitab_pilot,0.9122123533411444,0.9121419717683584,0.9507710907710908,0.9505312585312586,0.8370936726459741,0.8369424663961137,0.9,0.9,0.5437250794222616,0.5437250794222616,quantitative_proxy,quantitative_proxy,False,False
late_endosome_rab7a,resmlp_52head,0.9189568699980136,0.9177228056808876,0.951073359073359,0.948897096897097,0.8658340773916616,0.8909678409427837,0.92,0.94,0.5437250794222616,0.5437250794222616,quantitative_proxy,quantitative_proxy,False,False
late_endosome_rab7a,ridge,0.904976815887999,0.904976815887999,0.945019101019101,0.945019101019101,0.8686453111794722,0.8686453111794722,0.92,0.92,0.5437250794222616,0.5437250794222616,quantitative_proxy,quantitative_proxy,False,False
late_endosome_rab7a,scbutterfly_ops_b,0.8452922518533313,0.8453980674341841,0.8746769026769028,0.8708846228846229,0.5622788793795448,0.5989299880303088,0.82,0.8,0.5437250794222616,0.5437250794222616,quantitative_proxy,quantitative_proxy,False,False
late_endosome_rab7a,scpair_ops,0.9092833813675594,0.9095772677647056,0.94793555993556,0.9482631962631964,0.8164027967549433,0.8195554156805724,0.92,0.94,0.5437250794222616,0.5437250794222616,quantitative_proxy,quantitative_proxy,False,False
late_endosome_rab7a,tabm_specialists,0.8366399321723336,0.8183337773232408,0.9412402732402732,0.9464358944358944,1.912466208982446,8.149315214864327,0.96,0.94,0.5437250794222616,0.5437250794222616,ranking_proxy,ranking_proxy,False,False
lipid_droplet_bodipy_live_cell_dye,catboost_multirmse,0.9133094921995591,0.9133094921995591,0.9506196746196746,0.9506196746196746,0.7827015613734332,0.7827015613734332,0.94,0.94,0.693173451270225,0.693173451270225,quantitative_proxy,quantitative_proxy,False,False
lipid_droplet_bodipy_live_cell_dye,gbdt,0.925178992292526,0.925178992292526,0.9614656814656816,0.9614656814656816,0.8296088709806406,0.8296088709806406,0.94,0.94,0.693173451270225,0.693173451270225,quantitative_proxy,quantitative_proxy,False,False
lipid_droplet_bodipy_live_cell_dye,midas_ops,0.7997025631004993,0.7987582557607742,0.8775961335961336,0.8725683925683927,0.2754392117107974,0.289889014067888,0.9,0.86,0.693173451270225,0.693173451270225,ranking_proxy,ranking_proxy,False,False
lipid_droplet_bodipy_live_cell_dye,mlp,0.9287840190076846,0.9287840190076846,0.9653552573552576,0.9653552573552576,0.8446093064922523,0.8446093064922523,0.92,0.92,0.693173451270225,0.693173451270225,quantitative_proxy,quantitative_proxy,False,False
lipid_droplet_bodipy_live_cell_dye,multitab_pilot,0.9097443392986668,0.9096646005168848,0.9523438363438363,0.9520709080709082,0.8550079287703012,0.8613661617441631,0.94,0.94,0.693173451270225,0.693173451270225,quantitative_proxy,quantitative_proxy,False,False
lipid_droplet_bodipy_live_cell_dye,resmlp_52head,0.9195403255431251,0.9193181199285904,0.960109068109068,0.9601977121977122,0.821788892415818,0.835428489155822,0.94,0.94,0.693173451270225,0.693173451270225,quantitative_proxy,quantitative_proxy,False,False
lipid_droplet_bodipy_live_cell_dye,ridge,0.912574850969454,0.912574850969454,0.953865293865294,0.953865293865294,0.8006398046549789,0.8006398046549789,0.94,0.94,0.693173451270225,0.693173451270225,quantitative_proxy,quantitative_proxy,False,False
lipid_droplet_bodipy_live_cell_dye,scbutterfly_ops_b,0.8308282924987763,0.8322092600534594,0.8664796344796346,0.8671700671700672,0.170061988092164,0.1593756406245451,0.88,0.88,0.693173451270225,0.693173451270225,ranking_proxy,ranking_proxy,False,False
lipid_droplet_bodipy_live_cell_dye,scpair_ops,0.9161484944179226,0.9163911225695808,0.960064728064728,0.9600371040371042,0.8098276826946571,0.8078053359793701,0.94,0.94,0.693173451270225,0.693173451270225,quantitative_proxy,quantitative_proxy,False,False
lipid_droplet_bodipy_live_cell_dye,tabm_specialists,0.9176197423173552,0.9267410228125108,0.957915753915754,0.9641305481305482,0.8081085887035045,0.8285155416309858,0.94,0.94,0.693173451270225,0.693173451270225,quantitative_proxy,quantitative_proxy,False,False
lipid_droplet_plin2,catboost_multirmse,0.7035802075447267,0.7035802075447267,0.5493682653682654,0.5493682653682654,0.4678625103711458,0.4678625103711458,0.42,0.42,0.3164645586840825,0.3164645586840825,unresolved,unresolved,False,False
lipid_droplet_plin2,gbdt,0.7096288184356208,0.7096288184356208,0.5582916302916303,0.5582916302916303,0.4631753312011843,0.4631753312011843,0.42,0.42,0.3164645586840825,0.3164645586840825,unresolved,unresolved,False,False
lipid_droplet_plin2,midas_ops,0.5632059868819419,0.5632928710342875,0.4503817743817744,0.4488563688563688,0.1600668970716159,0.1594331185571866,0.36,0.38,0.3164645586840825,0.3164645586840825,measurement_required,measurement_required,False,False
lipid_droplet_plin2,mlp,0.696137755783244,0.696137755783244,0.5496658776658778,0.5496658776658778,0.436565292105523,0.436565292105523,0.38,0.38,0.3164645586840825,0.3164645586840825,unresolved,unresolved,False,False
lipid_droplet_plin2,multitab_pilot,0.7031375269582238,0.7028981111394826,0.5460883140883142,0.5451912651912653,0.462445758148205,0.4685329260137406,0.4,0.4,0.3164645586840825,0.3164645586840825,unresolved,unresolved,False,False
lipid_droplet_plin2,resmlp_52head,0.6960868071654885,0.6882108515080134,0.5277070917070917,0.5222578382578383,0.510549047122711,0.5215327674766633,0.4,0.38,0.3164645586840825,0.3164645586840825,unresolved,unresolved,False,False
lipid_droplet_plin2,ridge,0.6488321647071678,0.6488321647071678,0.5429026949026949,0.5429026949026949,0.5065787110867255,0.5065787110867255,0.44,0.44,0.3164645586840825,0.3164645586840825,unresolved,unresolved,False,False
lipid_droplet_plin2,scbutterfly_ops_b,0.6939404634901823,0.6997451037617937,0.5449042729042729,0.5476671796671797,0.4067684056643032,0.4138202298798178,0.46,0.46,0.3164645586840825,0.3164645586840825,unresolved,unresolved,False,False
lipid_droplet_plin2,scpair_ops,0.6826366102195645,0.6827070631906633,0.5213805893805895,0.5220866340866341,0.5692397122526551,0.5598591589865642,0.46,0.44,0.3164645586840825,0.3164645586840825,unresolved,unresolved,False,False
lipid_droplet_plin2,tabm_specialists,0.7041248413383093,0.713672199883242,0.5646940926940928,0.560909348909349,0.4765906056523959,0.4676665863538998,0.44,0.46,0.3164645586840825,0.3164645586840825,unresolved,unresolved,False,False
lysosome_lamp1,catboost_multirmse,0.7343880965133164,0.7343880965133164,0.81389988989989,0.81389988989989,0.8779111031543257,0.8779111031543257,0.74,0.74,0.4475988330251703,0.4475988330251703,quantitative_proxy,quantitative_proxy,False,False
lysosome_lamp1,gbdt,0.7470848337921958,0.7470848337921958,0.8253381213381215,0.8253381213381215,0.8787593598615989,0.8787593598615989,0.78,0.78,0.4475988330251703,0.4475988330251703,quantitative_proxy,quantitative_proxy,False,False
lysosome_lamp1,midas_ops,0.6175563456414563,0.6172796805387529,0.705933633933634,0.7001750801750801,0.3427655863069566,0.3631986271128397,0.72,0.66,0.4475988330251703,0.4475988330251703,ranking_proxy,ranking_proxy,False,False
lysosome_lamp1,mlp,0.7512009309594503,0.7512009309594503,0.8271139311139312,0.8271139311139312,0.8870342453044311,0.8870342453044311,0.76,0.76,0.4475988330251703,0.4475988330251703,quantitative_proxy,quantitative_proxy,False,False
lysosome_lamp1,multitab_pilot,0.7394534466403885,0.7390897140761353,0.824097416097416,0.8227806787806788,0.8155004156036323,0.822196436255746,0.74,0.74,0.4475988330251703,0.4475988330251703,quantitative_proxy,quantitative_proxy,False,False
lysosome_lamp1,resmlp_52head,0.7397797806366143,0.7334773805025556,0.8114644994644996,0.8026107706107707,0.8282118785542615,0.8481986817067152,0.74,0.76,0.4475988330251703,0.4475988330251703,quantitative_proxy,quantitative_proxy,False,False
lysosome_lamp1,ridge,0.7416031917580629,0.7416031917580629,0.8122286242286243,0.8122286242286243,0.9717409455844904,0.9717409455844904,0.72,0.72,0.4475988330251703,0.4475988330251703,quantitative_proxy,quantitative_proxy,False,False
lysosome_lamp1,scbutterfly_ops_b,0.5287576369460985,0.53807057016028,0.6721525081525082,0.654996714996715,0.5953806593859379,0.4843047334753508,0.7,0.7,0.4475988330251703,0.4475988330251703,measurement_required,measurement_required,False,False
lysosome_lamp1,scpair_ops,0.7240825034727287,0.7245306510460484,0.789803265803266,0.7933356493356493,0.7214385688141818,0.7159997545415554,0.7,0.7,0.4475988330251703,0.4475988330251703,quantitative_proxy,quantitative_proxy,False,False
lysosome_lamp1,tabm_specialists,0.7182914995221742,0.7633780295363682,0.7593548673548675,0.8224366264366265,0.9528442563456578,0.969738870060493,0.72,0.76,0.4475988330251703,0.4475988330251703,quantitative_proxy,quantitative_proxy,False,False
lysosome_lysotracker_live-cell_dye,catboost_multirmse,0.9270110531060752,0.9270110531060752,0.9858757218757218,0.9858757218757218,0.9427297489308516,0.9427297489308516,0.92,0.92,0.8118267526031067,0.8118267526031067,quantitative_proxy,quantitative_proxy,False,False
lysosome_lysotracker_live-cell_dye,gbdt,0.9372928081925976,0.9372928081925976,0.9881855921855922,0.9881855921855922,0.953216139325982,0.953216139325982,0.92,0.92,0.8118267526031067,0.8118267526031067,quantitative_proxy,quantitative_proxy,False,False
lysosome_lysotracker_live-cell_dye,midas_ops,0.8476840308863421,0.8486258460523499,0.974893754893755,0.9756610596610596,0.6591221630703811,0.678481348511551,0.92,0.9,0.8118267526031067,0.8118267526031067,quantitative_proxy,quantitative_proxy,False,False
lysosome_lysotracker_live-cell_dye,mlp,0.9388250181514192,0.9388250181514192,0.9884894324894324,0.9884894324894324,0.9505262270415006,0.9505262270415006,0.94,0.94,0.8118267526031067,0.8118267526031067,quantitative_proxy,quantitative_proxy,False,False
lysosome_lysotracker_live-cell_dye,multitab_pilot,0.919666026570956,0.9194439150744944,0.9868583428583428,0.9869698349698351,1.0202386310740266,1.031637089753605,0.88,0.9,0.8118267526031067,0.8118267526031067,quantitative_proxy,quantitative_proxy,False,False
lysosome_lysotracker_live-cell_dye,resmlp_52head,0.9237764370435,0.9226674278106152,0.9867723507723508,0.9847552327552328,0.940125091005161,0.9409315230987908,0.9,0.9,0.8118267526031067,0.8118267526031067,quantitative_proxy,quantitative_proxy,False,False
lysosome_lysotracker_live-cell_dye,ridge,0.929561705254583,0.929561705254583,0.9861967821967822,0.9861967821967822,0.9622342056897072,0.9622342056897072,0.92,0.92,0.8118267526031067,0.8118267526031067,quantitative_proxy,quantitative_proxy,False,False
lysosome_lysotracker_live-cell_dye,scbutterfly_ops_b,0.8632089458259806,0.8595277529030911,0.9747053307053308,0.974038418038418,0.6925587620736688,0.7398165386160429,0.88,0.88,0.8118267526031067,0.8118267526031067,quantitative_proxy,quantitative_proxy,False,False
lysosome_lysotracker_live-cell_dye,scpair_ops,0.9276383673307136,0.9277579585253702,0.9874239994239996,0.9871068511068511,0.925780990113592,0.9288216810585236,0.92,0.92,0.8118267526031067,0.8118267526031067,quantitative_proxy,quantitative_proxy,False,False
lysosome_lysotracker_live-cell_dye,tabm_specialists,0.8708458490597444,0.8785510558872296,0.9845322605322604,0.985827277827278,1.0316751712951815,1.0527911037799282,0.9,0.9,0.8118267526031067,0.8118267526031067,quantitative_proxy,quantitative_proxy,False,False
microtubules_map4,catboost_multirmse,0.8164603636041529,0.8164603636041529,0.6718179838179839,0.6718179838179839,0.8515268486134089,0.8515268486134089,0.66,0.66,0.557891172634394,0.557891172634394,unresolved,unresolved,False,False
microtubules_map4,gbdt,0.8213831830195689,0.8213831830195689,0.6775061215061216,0.6775061215061216,0.8105097465851668,0.8105097465851668,0.66,0.66,0.557891172634394,0.557891172634394,unresolved,unresolved,False,False
microtubules_map4,midas_ops,0.7328870640021304,0.7322896034028036,0.5997463797463799,0.5992289272289273,0.4606776960996862,0.4954920066419065,0.58,0.6,0.557891172634394,0.557891172634394,unresolved,unresolved,False,False
microtubules_map4,mlp,0.8233447106448036,0.8233447106448036,0.6653495813495813,0.6653495813495813,0.8635233006814982,0.8635233006814982,0.66,0.66,0.557891172634394,0.557891172634394,unresolved,unresolved,False,False
microtubules_map4,multitab_pilot,0.8173857621316982,0.8172752093153995,0.6784396504396505,0.6768010128010129,0.8422645188686788,0.8424324656271301,0.66,0.66,0.557891172634394,0.557891172634394,unresolved,unresolved,False,False
microtubules_map4,resmlp_52head,0.8228540353924403,0.8217960554243755,0.6733911493911494,0.6733095853095853,0.8107720386936857,0.8132070643832158,0.66,0.66,0.557891172634394,0.557891172634394,unresolved,unresolved,False,False
microtubules_map4,ridge,0.8173305141212495,0.8173305141212495,0.6874977634977635,0.6874977634977635,0.8776388618282206,0.8776388618282206,0.68,0.68,0.557891172634394,0.557891172634394,unresolved,unresolved,False,False
microtubules_map4,scbutterfly_ops_b,0.7592790970393142,0.7673935288732107,0.586963090963091,0.6087878007878008,0.5858268899721819,0.5573621079906925,0.68,0.72,0.557891172634394,0.557891172634394,unresolved,unresolved,False,False
microtubules_map4,scpair_ops,0.812972250442154,0.8132208871624623,0.6725249525249526,0.6732147372147373,0.8279153643403802,0.8273052879626593,0.64,0.66,0.557891172634394,0.557891172634394,unresolved,unresolved,False,False
microtubules_map4,tabm_specialists,0.7923620691691979,0.7638533866785544,0.6560859200859201,0.6343865143865144,1.1963571689709165,1.260493957807802,0.62,0.58,0.557891172634394,0.557891172634394,unresolved,unresolved,False,False
microtubules_tubulin,catboost_multirmse,0.7189405304620481,0.7189405304620481,0.7300982740982742,0.7300982740982742,0.5713011675184061,0.5713011675184061,0.6,0.6,0.2737965813011502,0.2737965813011502,not_identifiable,not_identifiable,False,False
microtubules_tubulin,gbdt,0.7248191270152806,0.7248191270152806,0.7446819726819727,0.7446819726819727,0.5925666510976327,0.5925666510976327,0.6,0.6,0.2737965813011502,0.2737965813011502,not_identifiable,not_identifiable,False,False
microtubules_tubulin,midas_ops,0.6023939935837992,0.6036871462625848,0.6525838845838846,0.6553568233568234,0.3241408864584599,0.3360592020772736,0.48,0.5,0.2737965813011502,0.2737965813011502,not_identifiable,not_identifiable,False,False
microtubules_tubulin,mlp,0.7224402667816046,0.7224402667816046,0.7343851823851825,0.7343851823851825,0.6400082666050374,0.6400082666050374,0.56,0.56,0.2737965813011502,0.2737965813011502,not_identifiable,not_identifiable,False,False
microtubules_tubulin,multitab_pilot,0.7233787627814825,0.7236345841468448,0.7298577938577939,0.7301277461277462,0.607877579569076,0.6077911397352082,0.58,0.56,0.2737965813011502,0.2737965813011502,not_identifiable,not_identifiable,False,False
microtubules_tubulin,resmlp_52head,0.687298121399253,0.6871918243910533,0.6795624915624916,0.6844607404607406,0.6271200485375801,0.6445089627242641,0.56,0.52,0.2737965813011502,0.2737965813011502,not_identifiable,not_identifiable,False,False
microtubules_tubulin,ridge,0.7057257254944703,0.7057257254944703,0.7183392583392584,0.7183392583392584,0.6034628886532134,0.6034628886532134,0.6,0.6,0.2737965813011502,0.2737965813011502,not_identifiable,not_identifiable,False,False
microtubules_tubulin,scbutterfly_ops_b,0.6671596793163592,0.6690839312914404,0.6811388011388012,0.6532167892167892,0.311626245660561,0.3196736409280261,0.54,0.44,0.2737965813011502,0.2737965813011502,not_identifiable,not_identifiable,False,False
microtubules_tubulin,scpair_ops,0.7181872815387205,0.718273762873108,0.7324965724965726,0.7308497508497509,0.6085265118290725,0.6098787271110551,0.62,0.62,0.2737965813011502,0.2737965813011502,not_identifiable,not_identifiable,False,False
microtubules_tubulin,tabm_specialists,0.7228086427003125,0.7314637058800895,0.7304227424227425,0.7438230478230479,0.6202049904996434,0.643286076306033,0.64,0.68,0.2737965813011502,0.2737965813011502,not_identifiable,not_identifiable,False,False
mitochondria_chromalive_561_excitation,catboost_multirmse,0.79416828260093,0.79416828260093,0.9391206631206632,0.9391206631206632,0.8339076090125607,0.8339076090125607,0.86,0.86,0.7231375976605061,0.7231375976605061,quantitative_proxy,quantitative_proxy,False,False
mitochondria_chromalive_561_excitation,gbdt,0.8138418462569457,0.8138418462569457,0.9507599187599188,0.9507599187599188,0.8605438760135187,0.8605438760135187,0.88,0.88,0.7231375976605061,0.7231375976605061,quantitative_proxy,quantitative_proxy,False,False
mitochondria_chromalive_561_excitation,midas_ops,0.6156444199404721,0.6201456172252131,0.8615687855687856,0.8664438264438266,0.3910876527727756,0.4035496783135748,0.76,0.76,0.7231375976605061,0.7231375976605061,ranking_proxy,ranking_proxy,False,False
mitochondria_chromalive_561_excitation,mlp,0.8209515119869664,0.8209515119869664,0.9574932214932216,0.9574932214932216,0.8489244112147567,0.8489244112147567,0.92,0.92,0.7231375976605061,0.7231375976605061,quantitative_proxy,quantitative_proxy,False,False
mitochondria_chromalive_561_excitation,multitab_pilot,0.7845900487389141,0.7841772994996459,0.9416723096723096,0.9413740733740736,0.8109579223161224,0.8165547517397231,0.86,0.86,0.7231375976605061,0.7231375976605061,quantitative_proxy,quantitative_proxy,False,False
mitochondria_chromalive_561_excitation,resmlp_52head,0.8018045566829837,0.8001028786066551,0.9490852210852212,0.9488474648474652,0.8523608501303486,0.8679175838927918,0.9,0.88,0.7231375976605061,0.7231375976605061,quantitative_proxy,quantitative_proxy,False,False
mitochondria_chromalive_561_excitation,ridge,0.7789885442724346,0.7789885442724346,0.9405286485286488,0.9405286485286488,0.8316009538441332,0.8316009538441332,0.86,0.86,0.7231375976605061,0.7231375976605061,quantitative_proxy,quantitative_proxy,False,False
mitochondria_chromalive_561_excitation,scbutterfly_ops_b,0.7047319415558749,0.707196410839508,0.9113265233265236,0.910937350937351,0.5350847837223438,0.5531756969788792,0.78,0.78,0.7231375976605061,0.7231375976605061,quantitative_proxy,quantitative_proxy,False,False
mitochondria_chromalive_561_excitation,scpair_ops,0.7904150143341256,0.7912244544255354,0.9483100083100084,0.9489857889857892,0.771456213293014,0.7695330611826041,0.88,0.9,0.7231375976605061,0.7231375976605061,quantitative_proxy,quantitative_proxy,False,False
mitochondria_chromalive_561_excitation,tabm_specialists,0.782186073246282,0.8091924350546501,0.937988557988558,0.9490103770103768,0.8023773531406254,0.827698642476816,0.88,0.88,0.7231375976605061,0.7231375976605061,quantitative_proxy,quantitative_proxy,False,False
mitochondria_tomm20,catboost_multirmse,0.6810985262289497,0.6810985262289497,0.7026281226281227,0.7026281226281227,0.3732603326402955,0.3732603326402955,0.52,0.52,0.4495396744921411,0.4495396744921411,ranking_proxy,ranking_proxy,False,False
mitochondria_tomm20,gbdt,0.6866060533813275,0.6866060533813275,0.7231883191883193,0.7231883191883193,0.4143911843327532,0.4143911843327532,0.56,0.56,0.4495396744921411,0.4495396744921411,ranking_proxy,ranking_proxy,False,False
mitochondria_tomm20,midas_ops,0.5393723479560114,0.5405222917302344,0.5756883356883357,0.575988647988648,0.1877290473203486,0.1957577358699977,0.42,0.42,0.4495396744921411,0.4495396744921411,measurement_required,measurement_required,False,False
mitochondria_tomm20,mlp,0.690567581685327,0.690567581685327,0.7302998142998144,0.7302998142998144,0.4647232410445738,0.4647232410445738,0.52,0.52,0.4495396744921411,0.4495396744921411,ranking_proxy,ranking_proxy,False,False
mitochondria_tomm20,multitab_pilot,0.6893130226511115,0.6893992727282534,0.7017922497922497,0.7017951537951539,0.4113876874259931,0.4113962083453091,0.56,0.58,0.4495396744921411,0.4495396744921411,ranking_proxy,ranking_proxy,False,False
mitochondria_tomm20,resmlp_52head,0.6555094484434733,0.656001805054205,0.6671125511125512,0.6678699678699679,0.4670213027355826,0.4834201284612076,0.52,0.52,0.4495396744921411,0.4495396744921411,unresolved,unresolved,False,False
mitochondria_tomm20,ridge,0.6784984028653775,0.6784984028653775,0.7167080007080008,0.7167080007080008,0.4196091926414179,0.4196091926414179,0.56,0.56,0.4495396744921411,0.4495396744921411,ranking_proxy,ranking_proxy,False,False
mitochondria_tomm20,scbutterfly_ops_b,0.6489242716871534,0.6421013854402262,0.7062570822570823,0.6868012588012588,0.2546587107537051,0.3427415806539682,0.54,0.54,0.4495396744921411,0.4495396744921411,ranking_proxy,unresolved,True,True
mitochondria_tomm20,scpair_ops,0.6799920190526169,0.6798638510637912,0.7146700626700627,0.7133964413964414,0.4430592384418979,0.4448509961341621,0.56,0.58,0.4495396744921411,0.4495396744921411,ranking_proxy,ranking_proxy,False,False
mitochondria_tomm20,tabm_specialists,0.6898179558090701,0.6964212499737173,0.7102778662778664,0.7263898503898504,0.4181234386897172,0.4366991760684461,0.52,0.52,0.4495396744921411,0.4495396744921411,ranking_proxy,ranking_proxy,False,False
mitochondria_tomm70a,catboost_multirmse,0.7388504360898982,0.7388504360898982,0.8163833523833525,0.8163833523833525,0.8478742909162317,0.8478742909162317,0.82,0.82,0.3915349809035072,0.3915349809035072,quantitative_proxy,quantitative_proxy,False,False
mitochondria_tomm70a,gbdt,0.7518603100781918,0.7518603100781918,0.8310156390156391,0.8310156390156391,0.8962240344076035,0.8962240344076035,0.84,0.84,0.3915349809035072,0.3915349809035072,quantitative_proxy,quantitative_proxy,False,False
mitochondria_tomm70a,midas_ops,0.5635810359233175,0.5680079447640625,0.6868329028329029,0.689931317931318,0.4270372101245334,0.4529521486306976,0.56,0.56,0.3915349809035072,0.3915349809035072,measurement_required,measurement_required,False,False
mitochondria_tomm70a,mlp,0.746550550921852,0.746550550921852,0.8280213960213961,0.8280213960213961,0.8719165908972338,0.8719165908972338,0.8,0.8,0.3915349809035072,0.3915349809035072,quantitative_proxy,quantitative_proxy,False,False
mitochondria_tomm70a,multitab_pilot,0.7392334570164005,0.7390758271899958,0.8274476154476155,0.8284434844434845,0.8192802490403914,0.8280886246233644,0.76,0.78,0.3915349809035072,0.3915349809035072,quantitative_proxy,quantitative_proxy,False,False
mitochondria_tomm70a,resmlp_52head,0.7506302487538852,0.7500857108827328,0.8348811308811309,0.8345302745302746,0.8257167054014574,0.8674066775764837,0.82,0.82,0.3915349809035072,0.3915349809035072,quantitative_proxy,quantitative_proxy,False,False
mitochondria_tomm70a,ridge,0.7288978176012739,0.7288978176012739,0.818972162972163,0.818972162972163,0.8578079783749234,0.8578079783749234,0.8,0.8,0.3915349809035072,0.3915349809035072,quantitative_proxy,quantitative_proxy,False,False
mitochondria_tomm70a,scbutterfly_ops_b,0.6956400873260187,0.698359521010318,0.7694028974028974,0.7751270711270711,0.4972969912371606,0.4875246844546704,0.74,0.76,0.3915349809035072,0.3915349809035072,ranking_proxy,ranking_proxy,False,False
mitochondria_tomm70a,scpair_ops,0.7331960210773415,0.7334158995706868,0.8245037245037246,0.8244531444531445,0.8280014028815679,0.8368948213048812,0.8,0.8,0.3915349809035072,0.3915349809035072,quantitative_proxy,quantitative_proxy,False,False
mitochondria_tomm70a,tabm_specialists,0.7379519490063216,0.7527483317873196,0.8188281508281509,0.8304832104832105,0.879156113066445,0.9047541623963826,0.8,0.82,0.3915349809035072,0.3915349809035072,quantitative_proxy,quantitative_proxy,False,False
nuclear_speckles_srrm2,catboost_multirmse,0.8425740634470653,0.8425740634470653,0.8445339045339046,0.8445339045339046,0.5022956305314765,0.5022956305314765,0.68,0.68,0.619391207547443,0.619391207547443,quantitative_proxy,quantitative_proxy,False,False
nuclear_speckles_srrm2,gbdt,0.8695684064681142,0.8695684064681142,0.874934122934123,0.874934122934123,0.5527538000991196,0.5527538000991196,0.76,0.76,0.619391207547443,0.619391207547443,quantitative_proxy,quantitative_proxy,False,False
nuclear_speckles_srrm2,midas_ops,0.6232460443080223,0.6227793038202446,0.7222471222471223,0.7213277653277653,0.2578130779552178,0.2670004220498516,0.58,0.54,0.619391207547443,0.619391207547443,ranking_proxy,ranking_proxy,False,False
nuclear_speckles_srrm2,mlp,0.8776928893079798,0.8776928893079798,0.8822914142914144,0.8822914142914144,0.5856495790239614,0.5856495790239614,0.78,0.78,0.619391207547443,0.619391207547443,quantitative_proxy,quantitative_proxy,False,False
nuclear_speckles_srrm2,multitab_pilot,0.8421012990481497,0.8418856672044729,0.8463799143799143,0.8471386511386512,0.4811799666154408,0.4877210218395144,0.72,0.72,0.619391207547443,0.619391207547443,ranking_proxy,ranking_proxy,False,False
nuclear_speckles_srrm2,resmlp_52head,0.8685492889454128,0.8675251155699211,0.878909246909247,0.8817164937164937,0.542395764776249,0.5480366217767817,0.76,0.76,0.619391207547443,0.619391207547443,quantitative_proxy,quantitative_proxy,False,False
nuclear_speckles_srrm2,ridge,0.8276938442041798,0.8276938442041798,0.8345035265035264,0.8345035265035264,0.5018325663871765,0.5018325663871765,0.68,0.68,0.619391207547443,0.619391207547443,quantitative_proxy,quantitative_proxy,False,False
nuclear_speckles_srrm2,scbutterfly_ops_b,0.8072439255293086,0.8028671645001824,0.7656341856341856,0.75385764985765,0.2877846094266854,0.3005628882776853,0.58,0.52,0.619391207547443,0.619391207547443,ranking_proxy,ranking_proxy,False,False
nuclear_speckles_srrm2,scpair_ops,0.8557605998295029,0.8562030966544659,0.8705672225672226,0.8712417192417192,0.4931753843939654,0.4999818275483629,0.74,0.74,0.619391207547443,0.619391207547443,ranking_proxy,ranking_proxy,False,False
nuclear_speckles_srrm2,tabm_specialists,0.8543719638004863,0.8709234576003334,0.8612530412530413,0.8820648900648902,0.527838934540464,0.5528208534595481,0.74,0.76,0.619391207547443,0.619391207547443,quantitative_proxy,quantitative_proxy,False,False
nuclei_hoechst,catboost_multirmse,0.7305000094523157,0.7305000094523157,0.6423096303096304,0.6423096303096304,0.7191545634647057,0.7191545634647057,0.48,0.48,0.187063345712023,0.187063345712023,not_identifiable,not_identifiable,False,False
nuclei_hoechst,gbdt,0.7485501710064689,0.7485501710064689,0.6665476625476625,0.6665476625476625,0.7174422502327441,0.7174422502327441,0.56,0.56,0.187063345712023,0.187063345712023,not_identifiable,not_identifiable,False,False
nuclei_hoechst,midas_ops,0.5273280714938503,0.5314720394772376,0.4455092775092775,0.4506235986235986,0.3353133486088389,0.3474043984623455,0.3,0.28,0.187063345712023,0.187063345712023,not_identifiable,not_identifiable,False,False
nuclei_hoechst,mlp,0.7573144587293696,0.7573144587293696,0.6745330705330705,0.6745330705330705,0.7601425467966446,0.7601425467966446,0.54,0.54,0.187063345712023,0.187063345712023,not_identifiable,not_identifiable,False,False
nuclei_hoechst,multitab_pilot,0.732298850408297,0.7323183043032011,0.6483692763692764,0.6496592536592537,0.7413692077760912,0.7511016669114438,0.48,0.48,0.187063345712023,0.187063345712023,not_identifiable,not_identifiable,False,False
nuclei_hoechst,resmlp_52head,0.7209187005541284,0.7173726302411716,0.6282298602298604,0.6228158988158988,0.8115799758556911,0.7879733166773452,0.54,0.48,0.187063345712023,0.187063345712023,not_identifiable,not_identifiable,False,False
nuclei_hoechst,ridge,0.7264434549532786,0.7264434549532786,0.6472143952143953,0.6472143952143953,0.6952001608019045,0.6952001608019045,0.5,0.5,0.187063345712023,0.187063345712023,not_identifiable,not_identifiable,False,False
nuclei_hoechst,scbutterfly_ops_b,0.6953534307847953,0.6977796780719991,0.594031674031674,0.5867936507936509,0.5392515347616397,0.5683807714610308,0.46,0.44,0.187063345712023,0.187063345712023,not_identifiable,not_identifiable,False,False
nuclei_hoechst,scpair_ops,0.7498289257881485,0.750116781212931,0.6708593148593149,0.6710943350943351,0.7565166609978419,0.7593100031460447,0.56,0.58,0.187063345712023,0.187063345712023,not_identifiable,not_identifiable,False,False
nuclei_hoechst,tabm_specialists,0.7542696358234551,0.7667056480365666,0.6811303291303291,0.690981966981967,0.6969633206432913,0.7436072001295336,0.54,0.54,0.187063345712023,0.187063345712023,not_identifiable,not_identifiable,False,False
nuclei_nucleolive_live_cell_dye,catboost_multirmse,0.7674810904639294,0.7674810904639294,0.8130025410025411,0.8130025410025411,0.7703206206342063,0.7703206206342063,0.8,0.8,0.6299969683630331,0.6299969683630331,quantitative_proxy,quantitative_proxy,False,False
nuclei_nucleolive_live_cell_dye,gbdt,0.8173412863710012,0.8173412863710012,0.8364403404403404,0.8364403404403404,0.8349538013907452,0.8349538013907452,0.86,0.86,0.6299969683630331,0.6299969683630331,quantitative_proxy,quantitative_proxy,False,False
nuclei_nucleolive_live_cell_dye,midas_ops,0.1376372099268381,0.1349555429242539,0.6938881658881659,0.7011418851418852,0.2581786626148927,0.2788091826777091,0.66,0.66,0.6299969683630331,0.6299969683630331,measurement_required,ranking_proxy,True,True
nuclei_nucleolive_live_cell_dye,mlp,0.8496820284289361,0.8496820284289361,0.8704696264696266,0.8704696264696266,0.933342709987555,0.933342709987555,0.84,0.84,0.6299969683630331,0.6299969683630331,quantitative_proxy,quantitative_proxy,False,False
nuclei_nucleolive_live_cell_dye,multitab_pilot,0.8224318295919739,0.8229696653779376,0.8460643980643981,0.8470232830232831,0.8854642700432538,0.9010916944821364,0.84,0.84,0.6299969683630331,0.6299969683630331,quantitative_proxy,quantitative_proxy,False,False
nuclei_nucleolive_live_cell_dye,resmlp_52head,0.8423799859145106,0.839153299116072,0.8666348426348428,0.860878892878893,0.8562336221051089,0.8249755071736493,0.86,0.86,0.6299969683630331,0.6299969683630331,quantitative_proxy,quantitative_proxy,False,False
nuclei_nucleolive_live_cell_dye,ridge,0.5541023884361084,0.5541023884361084,0.7837877077877078,0.7837877077877078,0.6236053505650843,0.6236053505650843,0.76,0.76,0.6299969683630331,0.6299969683630331,ranking_proxy,ranking_proxy,False,False
nuclei_nucleolive_live_cell_dye,scbutterfly_ops_b,0.6987783787994799,0.7052255906947363,0.7863607983607984,0.7883567963567963,0.3819932330102858,0.3992588991803408,0.72,0.72,0.6299969683630331,0.6299969683630331,ranking_proxy,ranking_proxy,False,False
nuclei_nucleolive_live_cell_dye,scpair_ops,0.8350000435341677,0.8352972684310107,0.8557152637152637,0.8570175290175291,0.8476485293008761,0.852464829269363,0.84,0.84,0.6299969683630331,0.6299969683630331,quantitative_proxy,quantitative_proxy,False,False
nuclei_nucleolive_live_cell_dye,tabm_specialists,0.8196338774766676,0.8467496242730148,0.8427478227478228,0.8742482502482504,0.8077034142074835,0.8805103642039604,0.84,0.86,0.6299969683630331,0.6299969683630331,quantitative_proxy,quantitative_proxy,False,False
nucleoli_npm1,catboost_multirmse,0.5380945372682715,0.5380945372682715,0.4806347646347647,0.4806347646347647,0.4610950431143958,0.4610950431143958,0.4,0.4,0.2156298259088717,0.2156298259088717,not_identifiable,not_identifiable,False,False
nucleoli_npm1,gbdt,0.5447854182969301,0.5447854182969301,0.4974809574809575,0.4974809574809575,0.4858294860244761,0.4858294860244761,0.44,0.44,0.2156298259088717,0.2156298259088717,not_identifiable,not_identifiable,False,False
nucleoli_npm1,midas_ops,0.3860751979125658,0.3838638615814252,0.3487486447486448,0.3528467088467089,0.3705083830910584,0.3832039987351471,0.3,0.32,0.2156298259088717,0.2156298259088717,not_identifiable,not_identifiable,False,False
nucleoli_npm1,mlp,0.5439649613212915,0.5439649613212915,0.4831591951591952,0.4831591951591952,0.5179733867762415,0.5179733867762415,0.44,0.44,0.2156298259088717,0.2156298259088717,not_identifiable,not_identifiable,False,False
nucleoli_npm1,multitab_pilot,0.5339922699565063,0.5339263939173063,0.4671670311670312,0.4645288645288646,0.4999045522599258,0.4924342422365084,0.4,0.42,0.2156298259088717,0.2156298259088717,not_identifiable,not_identifiable,False,False
nucleoli_npm1,resmlp_52head,0.4927694851153082,0.4905578865150703,0.4351372711372711,0.4289156009156009,0.6014003382513758,0.629732579940078,0.38,0.36,0.2156298259088717,0.2156298259088717,not_identifiable,not_identifiable,False,False
nucleoli_npm1,ridge,0.5145390267961402,0.5145390267961402,0.413007713007713,0.413007713007713,0.3822803520835287,0.3822803520835287,0.3,0.3,0.2156298259088717,0.2156298259088717,not_identifiable,not_identifiable,False,False
nucleoli_npm1,scbutterfly_ops_b,0.475678856678146,0.4883640667584388,0.3931768771768772,0.4158106758106758,0.4700027775661669,0.3297491730268574,0.32,0.38,0.2156298259088717,0.2156298259088717,not_identifiable,not_identifiable,False,False
nucleoli_npm1,scpair_ops,0.5327202730312782,0.5328569735403497,0.4637283677283677,0.464032016032016,0.5841912508971886,0.5893597152344903,0.42,0.42,0.2156298259088717,0.2156298259088717,not_identifiable,not_identifiable,False,False
nucleoli_npm1,tabm_specialists,0.5471384397587247,0.5514786823020602,0.4907613347613348,0.4758375678375678,0.511880281017137,0.5238190879402739,0.44,0.46,0.2156298259088717,0.2156298259088717,not_identifiable,not_identifiable,False,False
nucleolus-dfc_fbl,catboost_multirmse,0.7747146285102275,0.7747146285102275,0.8046120486120486,0.8046120486120486,0.8116835961088532,0.8116835961088532,0.8,0.8,0.2774818093462274,0.2774818093462274,not_identifiable,not_identifiable,False,False
nucleolus-dfc_fbl,gbdt,0.7994496947017807,0.7994496947017807,0.8280574440574442,0.8280574440574442,0.837882910748259,0.837882910748259,0.82,0.82,0.2774818093462274,0.2774818093462274,not_identifiable,not_identifiable,False,False
nucleolus-dfc_fbl,midas_ops,0.6032921017531179,0.6032699205530719,0.6501085461085462,0.6462730182730183,0.3644308214064817,0.3653885273680583,0.62,0.64,0.2774818093462274,0.2774818093462274,not_identifiable,not_identifiable,False,False
nucleolus-dfc_fbl,mlp,0.7965991357843281,0.7965991357843281,0.8151249711249712,0.8151249711249712,0.8630207866861853,0.8630207866861853,0.78,0.78,0.2774818093462274,0.2774818093462274,not_identifiable,not_identifiable,False,False
nucleolus-dfc_fbl,multitab_pilot,0.7725296279120123,0.7721324949914011,0.8023192783192784,0.8014281334281333,0.7494928194874871,0.7572086391847218,0.8,0.82,0.2774818093462274,0.2774818093462274,not_identifiable,not_identifiable,False,False
nucleolus-dfc_fbl,resmlp_52head,0.79238745383693,0.790709242572396,0.8190650790650792,0.8145668025668025,0.7860327826731,0.8085165409805412,0.82,0.82,0.2774818093462274,0.2774818093462274,not_identifiable,not_identifiable,False,False
nucleolus-dfc_fbl,ridge,0.7310937448604908,0.7310937448604908,0.7786956706956707,0.7786956706956707,0.8213667080978968,0.8213667080978968,0.82,0.82,0.2774818093462274,0.2774818093462274,not_identifiable,not_identifiable,False,False
nucleolus-dfc_fbl,scbutterfly_ops_b,0.7432762526366706,0.7429602661971934,0.7310679710679711,0.7214395454395455,0.3585285373505806,0.3756200738572697,0.66,0.66,0.2774818093462274,0.2774818093462274,not_identifiable,not_identifiable,False,False
nucleolus-dfc_fbl,scpair_ops,0.7838540827532088,0.7839464706481378,0.816029484029484,0.8157178437178437,0.7560135882194035,0.7619689090020114,0.82,0.82,0.2774818093462274,0.2774818093462274,not_identifiable,not_identifiable,False,False
nucleolus-dfc_fbl,tabm_specialists,0.7878401221870823,0.8010212877232391,0.8105399105399105,0.8235898035898036,0.8190556350813961,0.8400030757730398,0.8,0.8,0.2774818093462274,0.2774818093462274,not_identifiable,not_identifiable,False,False
nucleolus-gc_npm3,catboost_multirmse,0.8218879308967374,0.8218879308967374,0.8376106416106417,0.8376106416106417,0.8560369229238487,0.8560369229238487,0.84,0.84,0.4003235836780205,0.4003235836780205,quantitative_proxy,quantitative_proxy,False,False
nucleolus-gc_npm3,gbdt,0.8377563198400624,0.8377563198400624,0.8468869868869868,0.8468869868869868,0.9107370258654894,0.9107370258654894,0.88,0.88,0.4003235836780205,0.4003235836780205,quantitative_proxy,quantitative_proxy,False,False
nucleolus-gc_npm3,midas_ops,0.7120883061219578,0.7090607775093333,0.7326529566529567,0.7225137985137986,0.5516096351118299,0.5773366429906074,0.62,0.62,0.4003235836780205,0.4003235836780205,quantitative_proxy,quantitative_proxy,False,False
nucleolus-gc_npm3,mlp,0.8391794100195972,0.8391794100195972,0.8465862425862426,0.8465862425862426,0.9513859981984236,0.9513859981984236,0.88,0.88,0.4003235836780205,0.4003235836780205,quantitative_proxy,quantitative_proxy,False,False
nucleolus-gc_npm3,multitab_pilot,0.8212129380901292,0.8210307880290934,0.8386249186249186,0.8383111063111063,0.869013279488865,0.8674468421252604,0.86,0.86,0.4003235836780205,0.4003235836780205,quantitative_proxy,quantitative_proxy,False,False
nucleolus-gc_npm3,resmlp_52head,0.8252298098739898,0.8240870209744747,0.8377485817485818,0.8267272547272548,0.803491994928519,0.7983595835342383,0.86,0.84,0.4003235836780205,0.4003235836780205,quantitative_proxy,quantitative_proxy,False,False
nucleolus-gc_npm3,ridge,0.8274370037373199,0.8274370037373199,0.8320361080361082,0.8320361080361082,0.8428272220111326,0.8428272220111326,0.88,0.88,0.4003235836780205,0.4003235836780205,quantitative_proxy,quantitative_proxy,False,False
nucleolus-gc_npm3,scbutterfly_ops_b,0.4880255147364616,0.4757480743052825,0.475977031977032,0.4924059364059364,0.6958026001544937,2.8169078610697684,0.36,0.36,0.4003235836780205,0.4003235836780205,measurement_required,measurement_required,False,False
nucleolus-gc_npm3,scpair_ops,0.8167524874581108,0.8172841810877998,0.8371055851055853,0.8373499653499654,0.7359684223480029,0.7399109777504922,0.8,0.82,0.4003235836780205,0.4003235836780205,quantitative_proxy,quantitative_proxy,False,False
nucleolus-gc_npm3,tabm_specialists,0.6912005135070617,0.6283559937564659,0.8319294399294401,0.8053233613233614,3.634759590416402,35.37942749045598,0.8,0.78,0.4003235836780205,0.4003235836780205,ranking_proxy,ranking_proxy,False,False
oxidative_stress_cellrox_live-cell_dye,catboost_multirmse,0.6566238813618739,0.6566238813618739,0.776895536895537,0.776895536895537,0.7570535365955929,0.7570535365955929,0.8,0.8,0.566358845982032,0.566358845982032,ranking_proxy,ranking_proxy,False,False
oxidative_stress_cellrox_live-cell_dye,gbdt,0.6698093310771176,0.6698093310771176,0.7964462324462325,0.7964462324462325,0.7896450956980808,0.7896450956980808,0.82,0.82,0.566358845982032,0.566358845982032,ranking_proxy,ranking_proxy,False,False
oxidative_stress_cellrox_live-cell_dye,midas_ops,0.5543081501852146,0.5535264110078703,0.7214485814485815,0.7147295467295468,0.4516603180020219,0.4679358036340777,0.76,0.74,0.566358845982032,0.566358845982032,ranking_proxy,ranking_proxy,False,False
oxidative_stress_cellrox_live-cell_dye,mlp,0.6654244157062217,0.6654244157062217,0.7901650061650063,0.7901650061650063,0.7545524802882448,0.7545524802882448,0.82,0.82,0.566358845982032,0.566358845982032,ranking_proxy,ranking_proxy,False,False
oxidative_stress_cellrox_live-cell_dye,multitab_pilot,0.6565917974048363,0.656062843113916,0.7832399792399792,0.7831654591654592,0.7285906263658434,0.7351199781791449,0.84,0.82,0.566358845982032,0.566358845982032,ranking_proxy,ranking_proxy,False,False
oxidative_stress_cellrox_live-cell_dye,resmlp_52head,0.6885125251206609,0.6886534531829647,0.7833707313707313,0.7869813429813429,0.8163238495794932,0.8044400028338525,0.84,0.82,0.566358845982032,0.566358845982032,ranking_proxy,ranking_proxy,False,False
oxidative_stress_cellrox_live-cell_dye,ridge,0.6344554836354536,0.6344554836354536,0.7738467178467179,0.7738467178467179,0.8436594117044428,0.8436594117044428,0.8,0.8,0.566358845982032,0.566358845982032,ranking_proxy,ranking_proxy,False,False
oxidative_stress_cellrox_live-cell_dye,scbutterfly_ops_b,0.6536605540321038,0.6501542341882425,0.7798447438447439,0.7768366528366529,0.592494936294243,0.5726682785536342,0.84,0.8,0.566358845982032,0.566358845982032,ranking_proxy,ranking_proxy,False,False
oxidative_stress_cellrox_live-cell_dye,scpair_ops,0.6675050214395878,0.6694970621363757,0.7938477858477859,0.7941646821646823,0.7426516856798104,0.7484454611914488,0.8,0.82,0.566358845982032,0.566358845982032,ranking_proxy,ranking_proxy,False,False
oxidative_stress_cellrox_live-cell_dye,tabm_specialists,0.6669405490739452,0.6784526429392405,0.7942728382728383,0.7959132999132998,0.7717717818071446,0.8142860995175063,0.82,0.84,0.566358845982032,0.566358845982032,ranking_proxy,ranking_proxy,False,False
p21,catboost_multirmse,0.6118269596988999,0.6118269596988999,0.7277815277815278,0.7277815277815278,0.2355352116941156,0.2355352116941156,0.66,0.66,0.673271028808692,0.673271028808692,ranking_proxy,ranking_proxy,False,False
p21,gbdt,0.6019751796178999,0.6019751796178999,0.7312862752862753,0.7312862752862753,0.2319917869661283,0.2319917869661283,0.66,0.66,0.673271028808692,0.673271028808692,ranking_proxy,ranking_proxy,False,False
p21,midas_ops,0.4858853826177355,0.4811974735386157,0.6181539301539303,0.6116512076512077,0.0538625297461563,0.0516827568880087,0.58,0.58,0.673271028808692,0.673271028808692,measurement_required,measurement_required,False,False
p21,mlp,0.6046441646298228,0.6046441646298228,0.7415717015717017,0.7415717015717017,0.3004672722285073,0.3004672722285073,0.6,0.6,0.673271028808692,0.673271028808692,ranking_proxy,ranking_proxy,False,False
p21,multitab_pilot,0.6128284619431684,0.6128897654116026,0.7371679731679732,0.7381435021435022,0.2631518584378758,0.2628746247463325,0.62,0.62,0.673271028808692,0.673271028808692,ranking_proxy,ranking_proxy,False,False
p21,resmlp_52head,0.6148581945130497,0.6170539344349518,0.730901482901483,0.7352283992283993,0.2608151263414991,0.273140480521182,0.6,0.58,0.673271028808692,0.673271028808692,ranking_proxy,ranking_proxy,False,False
p21,ridge,0.5958605889397155,0.5958605889397155,0.7275515955515957,0.7275515955515957,0.2516274920808766,0.2516274920808766,0.64,0.64,0.673271028808692,0.673271028808692,ranking_proxy,ranking_proxy,False,False
p21,scbutterfly_ops_b,0.567139018265262,0.5780149181244749,0.6992029112029112,0.7051888891888892,0.1498678400106396,0.153296101017426,0.64,0.66,0.673271028808692,0.673271028808692,measurement_required,ranking_proxy,True,True
p21,scpair_ops,0.6112809818091732,0.6123480150612419,0.726925758925759,0.7262226182226182,0.2415552045648748,0.23959164376185,0.6,0.6,0.673271028808692,0.673271028808692,ranking_proxy,ranking_proxy,False,False
p21,tabm_specialists,0.6120844694721075,0.60991208294692,0.7326096726096727,0.7385467505467506,0.2639077174167158,0.263077748290444,0.6,0.62,0.673271028808692,0.673271028808692,ranking_proxy,ranking_proxy,False,False
p53,catboost_multirmse,0.568398474427305,0.568398474427305,0.6303150183150183,0.6303150183150183,0.1315214721715703,0.1315214721715703,0.38,0.38,0.6790572976946833,0.6790572976946833,measurement_required,measurement_required,False,False
p53,gbdt,0.5449405612917374,0.5449405612917374,0.6404403764403764,0.6404403764403764,0.1448089832232211,0.1448089832232211,0.36,0.36,0.6790572976946833,0.6790572976946833,measurement_required,measurement_required,False,False
p53,midas_ops,0.440822067652903,0.4397987275684104,0.494967218967219,0.4897359577359577,0.0421072306675336,0.0419422265029835,0.34,0.32,0.6790572976946833,0.6790572976946833,measurement_required,measurement_required,False,False
p53,mlp,0.5768901790168772,0.5768901790168772,0.6628094428094429,0.6628094428094429,0.1696049023596963,0.1696049023596963,0.42,0.42,0.6790572976946833,0.6790572976946833,measurement_required,measurement_required,False,False
p53,multitab_pilot,0.5741200150090966,0.5729707757189955,0.6511998871998873,0.6506467466467468,0.1541468598547828,0.1542939398947787,0.44,0.44,0.6790572976946833,0.6790572976946833,measurement_required,measurement_required,False,False
p53,resmlp_52head,0.5931247959589034,0.589756755984302,0.6682965682965684,0.6671120231120231,0.162334107139842,0.1696395594419387,0.42,0.44,0.6790572976946833,0.6790572976946833,measurement_required,measurement_required,False,False
p53,ridge,0.5711743795942972,0.5711743795942972,0.655951843951844,0.655951843951844,0.1673613426016889,0.1673613426016889,0.46,0.46,0.6790572976946833,0.6790572976946833,measurement_required,measurement_required,False,False
p53,scbutterfly_ops_b,0.4908654748242597,0.4546554530560562,0.5652751092751093,0.57394278994279,0.0763806862605341,0.1224261045947809,0.36,0.36,0.6790572976946833,0.6790572976946833,measurement_required,measurement_required,False,False
p53,scpair_ops,0.5704257840542469,0.5720283061007362,0.6581981501981502,0.6613046653046654,0.1458609013653027,0.1450312939218516,0.44,0.44,0.6790572976946833,0.6790572976946833,measurement_required,measurement_required,False,False
p53,tabm_specialists,0.5405553792219824,0.5438153069269948,0.6623686343686344,0.6514741834741835,0.1808787601944763,0.1662113948728815,0.46,0.44,0.6790572976946833,0.6790572976946833,measurement_required,measurement_required,False,False
peroxisome_peroxi_spy650_live_cell_dye,catboost_multirmse,0.8059369823048798,0.8059369823048798,0.871986631986632,0.871986631986632,0.9371454646900972,0.9371454646900972,0.78,0.78,0.491094238791797,0.491094238791797,quantitative_proxy,quantitative_proxy,False,False
peroxisome_peroxi_spy650_live_cell_dye,gbdt,0.8212579190819019,0.8212579190819019,0.8921393561393561,0.8921393561393561,0.9357465949143936,0.9357465949143936,0.76,0.76,0.491094238791797,0.491094238791797,quantitative_proxy,quantitative_proxy,False,False
peroxisome_peroxi_spy650_live_cell_dye,midas_ops,0.5744270133033149,0.573182468691621,0.7094400014400015,0.7071927951927952,0.4905019388947318,0.5093202092920194,0.7,0.66,0.491094238791797,0.491094238791797,ranking_proxy,ranking_proxy,False,False
peroxisome_peroxi_spy650_live_cell_dye,mlp,0.8105570339429112,0.8105570339429112,0.8762491442491444,0.8762491442491444,0.9335867638429824,0.9335867638429824,0.78,0.78,0.491094238791797,0.491094238791797,quantitative_proxy,quantitative_proxy,False,False
peroxisome_peroxi_spy650_live_cell_dye,multitab_pilot,0.785515187562427,0.7857924570050641,0.8722616242616243,0.8737197937197938,0.8619819404087725,0.8932169114871154,0.74,0.74,0.491094238791797,0.491094238791797,quantitative_proxy,quantitative_proxy,False,False
peroxisome_peroxi_spy650_live_cell_dye,resmlp_52head,0.7935432014075203,0.7876025652601586,0.8677942717942718,0.8666666786666787,0.9149937120323872,0.8751855091918199,0.72,0.74,0.491094238791797,0.491094238791797,quantitative_proxy,quantitative_proxy,False,False
peroxisome_peroxi_spy650_live_cell_dye,ridge,0.7716399423542655,0.7716399423542655,0.8570766290766291,0.8570766290766291,0.9617853561259908,0.9617853561259908,0.8,0.8,0.491094238791797,0.491094238791797,quantitative_proxy,quantitative_proxy,False,False
peroxisome_peroxi_spy650_live_cell_dye,scbutterfly_ops_b,0.654190769060514,0.6611431566253351,0.5235541035541036,0.5105118665118665,0.5108942236827727,0.5324306209277015,0.56,0.54,0.491094238791797,0.491094238791797,unresolved,unresolved,False,False
peroxisome_peroxi_spy650_live_cell_dye,scpair_ops,0.7822599686080028,0.7832121520352655,0.8681237921237922,0.8681087321087323,0.9005846213812561,0.9089405717957376,0.76,0.76,0.491094238791797,0.491094238791797,quantitative_proxy,quantitative_proxy,False,False
peroxisome_peroxi_spy650_live_cell_dye,tabm_specialists,0.7319129015217556,0.7615200545224255,0.7773673173673173,0.7954866994866996,0.8531637499919772,0.8630304617312778,0.74,0.74,0.491094238791797,0.491094238791797,quantitative_proxy,quantitative_proxy,False,False
plasma_membrane_atp1b3,catboost_multirmse,0.7460056009180506,0.7460056009180506,0.7841738201738202,0.7841738201738202,0.8929589731258324,0.8929589731258324,0.82,0.82,0.5016975413704213,0.5016975413704213,quantitative_proxy,quantitative_proxy,False,False
plasma_membrane_atp1b3,gbdt,0.7548147473463227,0.7548147473463227,0.7911459951459953,0.7911459951459953,0.8976397792356076,0.8976397792356076,0.84,0.84,0.5016975413704213,0.5016975413704213,quantitative_proxy,quantitative_proxy,False,False
plasma_membrane_atp1b3,midas_ops,0.6701431297879691,0.6657126979914895,0.7118651078651079,0.7030511110511111,0.5446156710137104,0.5995328256105837,0.64,0.64,0.5016975413704213,0.5016975413704213,ranking_proxy,ranking_proxy,False,False
plasma_membrane_atp1b3,mlp,0.7633020433202585,0.7633020433202585,0.7855275895275896,0.7855275895275896,0.913512363721836,0.913512363721836,0.84,0.84,0.5016975413704213,0.5016975413704213,quantitative_proxy,quantitative_proxy,False,False
plasma_membrane_atp1b3,multitab_pilot,0.7505300421311014,0.7507135603466357,0.7856222456222457,0.7860617820617822,0.8595133668153864,0.8553203391364671,0.82,0.82,0.5016975413704213,0.5016975413704213,quantitative_proxy,quantitative_proxy,False,False
plasma_membrane_atp1b3,resmlp_52head,0.7481438156244964,0.7485478006655685,0.7792759432759433,0.7700388620388621,0.8229321400019427,0.8014567546906942,0.76,0.72,0.5016975413704213,0.5016975413704213,quantitative_proxy,quantitative_proxy,False,False
plasma_membrane_atp1b3,ridge,0.7513096555542018,0.7513096555542018,0.7907551427551428,0.7907551427551428,0.8670787561120787,0.8670787561120787,0.84,0.84,0.5016975413704213,0.5016975413704213,quantitative_proxy,quantitative_proxy,False,False
plasma_membrane_atp1b3,scbutterfly_ops_b,0.5300082008745091,0.5271036370040153,0.5837622317622317,0.5768061488061488,0.573606944262832,0.517793456770544,0.48,0.5,0.5016975413704213,0.5016975413704213,measurement_required,measurement_required,False,False
plasma_membrane_atp1b3,scpair_ops,0.7285963351769915,0.7286706789892853,0.7790730950730951,0.7792267672267673,0.7159510201710194,0.7208670786121532,0.76,0.76,0.5016975413704213,0.5016975413704213,quantitative_proxy,quantitative_proxy,False,False
plasma_membrane_atp1b3,tabm_specialists,0.7284075091104691,0.7570889612641387,0.7455447615447616,0.8006893766893768,0.8022582740854282,0.8489864557057522,0.74,0.88,0.5016975413704213,0.5016975413704213,quantitative_proxy,quantitative_proxy,False,False
plasma_membrane_slc3a2,catboost_multirmse,0.9070432677550556,0.9070432677550556,0.928007164007164,0.928007164007164,0.9262131674044272,0.9262131674044272,0.86,0.86,0.4535912492305982,0.4535912492305982,quantitative_proxy,quantitative_proxy,False,False
plasma_membrane_slc3a2,gbdt,0.912368636412776,0.912368636412776,0.9346909186909188,0.9346909186909188,0.9247959808703016,0.9247959808703016,0.88,0.88,0.4535912492305982,0.4535912492305982,quantitative_proxy,quantitative_proxy,False,False
plasma_membrane_slc3a2,midas_ops,0.8698808845393513,0.8689523347668315,0.8951558231558232,0.8937073977073978,0.4943488844628446,0.5396597575391695,0.74,0.72,0.4535912492305982,0.4535912492305982,ranking_proxy,quantitative_proxy,True,False
plasma_membrane_slc3a2,mlp,0.911871975855259,0.911871975855259,0.9323981123981124,0.9323981123981124,0.9208229029835892,0.9208229029835892,0.88,0.88,0.4535912492305982,0.4535912492305982,quantitative_proxy,quantitative_proxy,False,False
plasma_membrane_slc3a2,multitab_pilot,0.9076485109426278,0.9076299034978554,0.9291030291030292,0.9295343815343816,0.903611519153778,0.906124448665388,0.88,0.88,0.4535912492305982,0.4535912492305982,quantitative_proxy,quantitative_proxy,False,False
plasma_membrane_slc3a2,resmlp_52head,0.9127094618328032,0.9120581288877656,0.9333557613557614,0.9306745266745268,0.9350897237507576,0.9147392690392496,0.9,0.88,0.4535912492305982,0.4535912492305982,quantitative_proxy,quantitative_proxy,False,False
plasma_membrane_slc3a2,ridge,0.9065932187644816,0.9065932187644816,0.9295792855792856,0.9295792855792856,0.9204202762737226,0.9204202762737226,0.86,0.86,0.4535912492305982,0.4535912492305982,quantitative_proxy,quantitative_proxy,False,False
plasma_membrane_slc3a2,scbutterfly_ops_b,0.898518245932625,0.8996229048363293,0.9170861090861092,0.9143478983478984,0.822794200885762,0.8167519119851361,0.82,0.78,0.4535912492305982,0.4535912492305982,quantitative_proxy,quantitative_proxy,False,False
plasma_membrane_slc3a2,scpair_ops,0.9066987383743008,0.9067446783463964,0.929940941940942,0.929842553842554,0.9080225911269428,0.9107287306716688,0.88,0.88,0.4535912492305982,0.4535912492305982,quantitative_proxy,quantitative_proxy,False,False
plasma_membrane_slc3a2,tabm_specialists,0.9093220640841516,0.9148567385494688,0.9342429942429942,0.9353782673782676,0.8990104091312512,0.9208743499868716,0.88,0.88,0.4535912492305982,0.4535912492305982,quantitative_proxy,quantitative_proxy,False,False
plasma_membrane_wga,catboost_multirmse,0.7415715481882297,0.7415715481882297,0.7540133860133861,0.7540133860133861,0.6007812593623143,0.6007812593623143,0.6,0.6,0.2955940866884624,0.2955940866884624,not_identifiable,not_identifiable,False,False
plasma_membrane_wga,gbdt,0.7490093091886755,0.7490093091886755,0.7708999228999229,0.7708999228999229,0.6119333654939076,0.6119333654939076,0.58,0.58,0.2955940866884624,0.2955940866884624,not_identifiable,not_identifiable,False,False
plasma_membrane_wga,midas_ops,0.6416596321575434,0.643179414726438,0.6934637614637615,0.6942366342366343,0.3323675542113494,0.3464555628011331,0.52,0.54,0.2955940866884624,0.2955940866884624,not_identifiable,not_identifiable,False,False
plasma_membrane_wga,mlp,0.7486275412577204,0.7486275412577204,0.7602921282921283,0.7602921282921283,0.6251560787893976,0.6251560787893976,0.54,0.54,0.2955940866884624,0.2955940866884624,not_identifiable,not_identifiable,False,False
plasma_membrane_wga,multitab_pilot,0.7482327890402131,0.7484451199215691,0.7543877143877145,0.7550745110745112,0.645667371011128,0.6468853336629321,0.58,0.56,0.2955940866884624,0.2955940866884624,not_identifiable,not_identifiable,False,False
plasma_membrane_wga,resmlp_52head,0.7194409684641708,0.7185903215441646,0.7054286614286615,0.7125810885810886,0.6473595036045143,0.6741955925148825,0.5,0.5,0.2955940866884624,0.2955940866884624,not_identifiable,not_identifiable,False,False
plasma_membrane_wga,ridge,0.737057876608499,0.737057876608499,0.7464325104325106,0.7464325104325106,0.6143314506121893,0.6143314506121893,0.58,0.58,0.2955940866884624,0.2955940866884624,not_identifiable,not_identifiable,False,False
plasma_membrane_wga,scbutterfly_ops_b,0.7091397416951978,0.7027728024728063,0.7122924762924763,0.6896957456957458,0.3162836815259373,0.347322060772316,0.56,0.52,0.2955940866884624,0.2955940866884624,not_identifiable,not_identifiable,False,False
plasma_membrane_wga,scpair_ops,0.7424201388241942,0.7422649761443045,0.7596236796236796,0.7619803259803261,0.6513079788107714,0.6487527880195401,0.6,0.58,0.2955940866884624,0.2955940866884624,not_identifiable,not_identifiable,False,False
plasma_membrane_wga,tabm_specialists,0.7493133056621823,0.7558330363010219,0.7533863973863975,0.7642985962985963,0.6070463258270116,0.6256245756848929,0.6,0.56,0.2955940866884624,0.2955940866884624,not_identifiable,not_identifiable,False,False
prb,catboost_multirmse,0.3815437438901594,0.3815437438901594,0.5693819213819215,0.5693819213819215,0.199622877487131,0.199622877487131,0.38,0.38,0.1509084849662904,0.1509084849662904,not_identifiable,not_identifiable,False,False
prb,gbdt,0.3749520477610392,0.3749520477610392,0.62393033993034,0.62393033993034,0.0440660934203354,0.0440660934203354,0.34,0.34,0.1509084849662904,0.1509084849662904,not_identifiable,not_identifiable,False,False
prb,midas_ops,0.3422180660501507,0.3402885027286241,0.4753697713697713,0.4753176673176673,0.00305191554218,0.0031142603286226,0.4,0.42,0.1509084849662904,0.1509084849662904,not_identifiable,not_identifiable,False,False
prb,mlp,0.4591269681505309,0.4591269681505309,0.680007236007236,0.680007236007236,0.0224613820307503,0.0224613820307503,0.52,0.52,0.1509084849662904,0.1509084849662904,not_identifiable,not_identifiable,False,False
prb,multitab_pilot,0.4939991006226109,0.4965402603087668,0.6948482868482869,0.693990933990934,0.0114045743442965,0.0110056222755774,0.56,0.56,0.1509084849662904,0.1509084849662904,not_identifiable,not_identifiable,False,False
prb,resmlp_52head,0.5040950141617885,0.4902585111524467,0.6678110118110119,0.667892311892312,0.0207702615977655,0.0208482815793196,0.54,0.52,0.1509084849662904,0.1509084849662904,not_identifiable,not_identifiable,False,False
prb,ridge,0.4115069427435106,0.4115069427435106,0.2821821181821182,0.2821821181821182,0.1924237266604055,0.1924237266604055,0.14,0.14,0.1509084849662904,0.1509084849662904,not_identifiable,not_identifiable,False,False
prb,scbutterfly_ops_b,0.3111632649469105,0.4534891681400269,0.5311672831672831,0.5623937623937624,0.0352872353867303,0.0585749777769035,0.42,0.36,0.1509084849662904,0.1509084849662904,not_identifiable,not_identifiable,False,False
prb,scpair_ops,0.5097351242192422,0.4753521496279443,0.5316498156498157,0.6824984384984385,0.0746498018556897,0.3105071222856943,0.08,0.58,0.1509084849662904,0.1509084849662904,not_identifiable,not_identifiable,False,False
prb,tabm_specialists,0.4720997824839202,0.4414008063075753,0.698964950964951,0.7146927666927668,0.2639538974281392,0.248410025548548,0.56,0.56,0.1509084849662904,0.1509084849662904,not_identifiable,not_identifiable,False,False
proteasome_psmb7,catboost_multirmse,0.5862716561573093,0.5862716561573093,0.8365380925380925,0.8365380925380925,0.9196038091896626,0.9196038091896626,0.74,0.74,0.4309405843280984,0.4309405843280984,ranking_proxy,ranking_proxy,False,False
proteasome_psmb7,gbdt,0.6024131412910319,0.6024131412910319,0.8584078744078744,0.8584078744078744,0.9482766449554604,0.9482766449554604,0.78,0.78,0.4309405843280984,0.4309405843280984,ranking_proxy,ranking_proxy,False,False
proteasome_psmb7,midas_ops,0.4426370278436415,0.4488783601498688,0.7626184746184747,0.7503221103221104,0.4277277283221755,0.4449836098742654,0.74,0.68,0.4309405843280984,0.4309405843280984,ranking_proxy,ranking_proxy,False,False
proteasome_psmb7,mlp,0.6091717663454421,0.6091717663454421,0.8636413796413798,0.8636413796413798,0.9118405882700054,0.9118405882700054,0.84,0.84,0.4309405843280984,0.4309405843280984,ranking_proxy,ranking_proxy,False,False
proteasome_psmb7,multitab_pilot,0.6008821511683472,0.6006416717911919,0.8549624429624431,0.8561751161751162,0.9148958297279828,0.9066427428943652,0.78,0.78,0.4309405843280984,0.4309405843280984,ranking_proxy,ranking_proxy,False,False
proteasome_psmb7,resmlp_52head,0.6068403857577757,0.6070540465938941,0.8557323877323877,0.8579836499836501,0.8978866655458647,0.9522023087116942,0.8,0.82,0.4309405843280984,0.4309405843280984,ranking_proxy,ranking_proxy,False,False
proteasome_psmb7,ridge,0.5710901052555962,0.5710901052555962,0.8066062106062106,0.8066062106062106,0.8996184065805871,0.8996184065805871,0.78,0.78,0.4309405843280984,0.4309405843280984,ranking_proxy,ranking_proxy,False,False
proteasome_psmb7,scbutterfly_ops_b,0.5064055111416605,0.503495793752608,0.6777257337257337,0.6947710307710309,0.4973837167039245,0.4489444477256439,0.54,0.56,0.4309405843280984,0.4309405843280984,measurement_required,measurement_required,False,False
proteasome_psmb7,scpair_ops,0.5915694436705041,0.5915090301965729,0.8361694401694402,0.8379426219426219,0.7887747535349858,0.7892627686276644,0.78,0.78,0.4309405843280984,0.4309405843280984,ranking_proxy,ranking_proxy,False,False
proteasome_psmb7,tabm_specialists,0.5856790663306182,0.6063381213095709,0.8259012459012459,0.8597357117357117,0.9107805161942472,0.9572026952336748,0.74,0.8,0.4309405843280984,0.4309405843280984,ranking_proxy,ranking_proxy,False,False
ps6,catboost_multirmse,0.5795688903778883,0.5795688903778883,0.6474983394983396,0.6474983394983396,0.0705807910043057,0.0705807910043057,0.28,0.28,0.3470813638953472,0.3470813638953472,measurement_required,measurement_required,False,False
ps6,gbdt,0.5668885503530088,0.5668885503530088,0.6655272775272776,0.6655272775272776,0.0717125928122264,0.0717125928122264,0.28,0.28,0.3470813638953472,0.3470813638953472,measurement_required,measurement_required,False,False
ps6,midas_ops,0.4025967337808979,0.4029840397107286,0.4983793383793384,0.4935011175011175,0.0283987805734593,0.0297841130418412,0.26,0.26,0.3470813638953472,0.3470813638953472,measurement_required,measurement_required,False,False
ps6,mlp,0.5875179663187662,0.5875179663187662,0.6571137331137331,0.6571137331137331,0.072374014105658,0.072374014105658,0.28,0.28,0.3470813638953472,0.3470813638953472,measurement_required,measurement_required,False,False
ps6,multitab_pilot,0.5879039677287196,0.5879210466180528,0.6569412329412331,0.6564618924618926,0.0735512482138287,0.0741774666549042,0.28,0.28,0.3470813638953472,0.3470813638953472,measurement_required,measurement_required,False,False
ps6,resmlp_52head,0.5759958877547259,0.5754777724193503,0.6462587982587983,0.6470408390408391,0.0702426276131774,0.073748670105852,0.28,0.28,0.3470813638953472,0.3470813638953472,measurement_required,measurement_required,False,False
ps6,ridge,0.5066283066053632,0.5066283066053632,0.6085996885996886,0.6085996885996886,0.0716927072105943,0.0716927072105943,0.28,0.28,0.3470813638953472,0.3470813638953472,measurement_required,measurement_required,False,False
ps6,scbutterfly_ops_b,0.3739633712018248,0.3933779353404795,0.5276068796068796,0.5178036378036378,0.0379147049823303,0.0497161024569051,0.28,0.26,0.3470813638953472,0.3470813638953472,measurement_required,measurement_required,False,False
ps6,scpair_ops,0.5808853855752283,0.581719652245901,0.6496107016107017,0.650937758937759,0.0651579575771537,0.0652985322883792,0.28,0.28,0.3470813638953472,0.3470813638953472,measurement_required,measurement_required,False,False
ps6,tabm_specialists,0.5782510820043152,0.5868607266444783,0.6532158172158172,0.6550483990483992,0.0688150041042509,0.0702510173190541,0.28,0.28,0.3470813638953472,0.3470813638953472,measurement_required,measurement_required,False,False
recycling_endosome_tfrc,catboost_multirmse,0.8635893988915125,0.8635893988915125,0.9485673245673244,0.9485673245673244,1.0768508791182727,1.0768508791182727,0.86,0.86,0.591056052462748,0.591056052462748,quantitative_proxy,quantitative_proxy,False,False
recycling_endosome_tfrc,gbdt,0.8829204829586497,0.8829204829586497,0.9549090309090308,0.9549090309090308,1.0563263252451731,1.0563263252451731,0.92,0.92,0.591056052462748,0.591056052462748,quantitative_proxy,quantitative_proxy,False,False
recycling_endosome_tfrc,midas_ops,0.7498049865793422,0.7503221982956843,0.9309088629088628,0.9296527376527376,0.8241760069212243,0.860668040669509,0.88,0.86,0.591056052462748,0.591056052462748,quantitative_proxy,quantitative_proxy,False,False
recycling_endosome_tfrc,mlp,0.8927434878177184,0.8927434878177184,0.9583327303327304,0.9583327303327304,1.0437522019772845,1.0437522019772845,0.94,0.94,0.591056052462748,0.591056052462748,quantitative_proxy,quantitative_proxy,False,False
recycling_endosome_tfrc,multitab_pilot,0.8671412228279142,0.8663040855213978,0.94787837987838,0.947880323880324,1.0491663173146906,1.0434204455169367,0.88,0.88,0.591056052462748,0.591056052462748,quantitative_proxy,quantitative_proxy,False,False
recycling_endosome_tfrc,resmlp_52head,0.8619483328543496,0.8615898362455976,0.940986364986365,0.944203712203712,1.0738447205821722,1.0365256685317803,0.86,0.84,0.591056052462748,0.591056052462748,quantitative_proxy,quantitative_proxy,False,False
recycling_endosome_tfrc,ridge,0.8542119179719219,0.8542119179719219,0.9431659631659634,0.9431659631659634,1.0415441759078583,1.0415441759078583,0.88,0.88,0.591056052462748,0.591056052462748,quantitative_proxy,quantitative_proxy,False,False
recycling_endosome_tfrc,scbutterfly_ops_b,0.6814847545745838,0.6851580557235637,0.750896178896179,0.7686101526101528,0.4679765217328999,0.5210387172940921,0.62,0.58,0.591056052462748,0.591056052462748,ranking_proxy,ranking_proxy,False,False
recycling_endosome_tfrc,scpair_ops,0.8488128363730446,0.8490997400739854,0.9512497832497832,0.9506537546537546,1.0354088488491175,1.0324590695309206,0.88,0.88,0.591056052462748,0.591056052462748,quantitative_proxy,quantitative_proxy,False,False
recycling_endosome_tfrc,tabm_specialists,0.8427989560689241,0.8829881387432519,0.9513900993900994,0.9570848130848132,1.0783032429852388,1.0029076219699449,0.88,0.92,0.591056052462748,0.591056052462748,quantitative_proxy,quantitative_proxy,False,False
stress_granule_g3bp1,catboost_multirmse,0.9265704321450612,0.9265704321450612,0.92410638010638,0.92410638010638,1.0911354908249054,1.0911354908249054,0.86,0.86,0.5489821526032832,0.5489821526032832,quantitative_proxy,quantitative_proxy,False,False
stress_granule_g3bp1,gbdt,0.9337808670985414,0.9337808670985414,0.9344204624204624,0.9344204624204624,1.0508883797937825,1.0508883797937825,0.88,0.88,0.5489821526032832,0.5489821526032832,quantitative_proxy,quantitative_proxy,False,False
stress_granule_g3bp1,midas_ops,0.8675963294236148,0.8668501471057333,0.850962166962167,0.8415019455019456,0.6502080313571619,0.6933866769401872,0.76,0.74,0.5489821526032832,0.5489821526032832,quantitative_proxy,quantitative_proxy,False,False
stress_granule_g3bp1,mlp,0.9337998711616248,0.9337998711616248,0.9366245166245166,0.9366245166245166,1.0207634931673335,1.0207634931673335,0.86,0.86,0.5489821526032832,0.5489821526032832,quantitative_proxy,quantitative_proxy,False,False
stress_granule_g3bp1,multitab_pilot,0.9269092681884228,0.9268883572887144,0.9316557196557196,0.9310831390831392,1.0983541281914968,1.096331558542428,0.86,0.86,0.5489821526032832,0.5489821526032832,quantitative_proxy,quantitative_proxy,False,False
stress_granule_g3bp1,resmlp_52head,0.9329558098591052,0.9323738171153672,0.9341422901422902,0.9334958374958376,1.099416800592672,1.12388381459562,0.88,0.86,0.5489821526032832,0.5489821526032832,quantitative_proxy,quantitative_proxy,False,False
stress_granule_g3bp1,ridge,0.9226302629357837,0.9226302629357837,0.9216372216372216,0.9216372216372216,1.0439111985362135,1.0439111985362135,0.88,0.88,0.5489821526032832,0.5489821526032832,quantitative_proxy,quantitative_proxy,False,False
stress_granule_g3bp1,scbutterfly_ops_b,0.9132891443059986,0.915065854836745,0.8776447696447697,0.8916405516405517,1.0214143609346038,0.9358440002620612,0.78,0.8,0.5489821526032832,0.5489821526032832,quantitative_proxy,quantitative_proxy,False,False
stress_granule_g3bp1,scpair_ops,0.92876678877612,0.9289652298774996,0.933768357768358,0.9337675417675418,1.0324358358503944,1.0218514721342131,0.88,0.88,0.5489821526032832,0.5489821526032832,quantitative_proxy,quantitative_proxy,False,False
stress_granule_g3bp1,tabm_specialists,0.9310320278927074,0.9353356868798032,0.9306068586068588,0.9369393129393128,1.0377910658924003,1.0656329248499825,0.88,0.88,0.5489821526032832,0.5489821526032832,quantitative_proxy,quantitative_proxy,False,False
trans-golgi_vamp3,catboost_multirmse,0.6645763733584682,0.6645763733584682,0.7280366240366241,0.7280366240366241,0.9208245242798104,0.9208245242798104,0.86,0.86,0.565576846698852,0.565576846698852,ranking_proxy,ranking_proxy,False,False
trans-golgi_vamp3,gbdt,0.6844843457816666,0.6844843457816666,0.7397160197160197,0.7397160197160197,0.8775122721545315,0.8775122721545315,0.86,0.86,0.565576846698852,0.565576846698852,ranking_proxy,ranking_proxy,False,False
trans-golgi_vamp3,midas_ops,0.5411272619981389,0.5380801480578322,0.5765083565083565,0.5667456027456027,0.3935163843450796,0.4396167460745097,0.64,0.64,0.565576846698852,0.565576846698852,measurement_required,measurement_required,False,False
trans-golgi_vamp3,mlp,0.6881389574309009,0.6881389574309009,0.7474401994401995,0.7474401994401995,0.9448442412199538,0.9448442412199538,0.82,0.82,0.565576846698852,0.565576846698852,ranking_proxy,ranking_proxy,False,False
trans-golgi_vamp3,multitab_pilot,0.666543953377839,0.665520174524023,0.723926295926296,0.7206111606111607,0.9561726181605494,0.9658144016839544,0.86,0.84,0.565576846698852,0.565576846698852,ranking_proxy,ranking_proxy,False,False
trans-golgi_vamp3,resmlp_52head,0.6648299332469693,0.662594277645649,0.7167106407106407,0.7192946272946273,0.714825526642169,0.7003870237222342,0.86,0.86,0.565576846698852,0.565576846698852,ranking_proxy,ranking_proxy,False,False
trans-golgi_vamp3,ridge,0.6555835919972284,0.6555835919972284,0.722987510987511,0.722987510987511,0.9471137768756578,0.9471137768756578,0.88,0.88,0.565576846698852,0.565576846698852,ranking_proxy,ranking_proxy,False,False
trans-golgi_vamp3,scbutterfly_ops_b,0.4242057288816305,0.4687455638653562,0.5013130893130894,0.533940701940702,0.3185496251677098,0.3950965286142472,0.6,0.64,0.565576846698852,0.565576846698852,measurement_required,measurement_required,False,False
trans-golgi_vamp3,scpair_ops,0.6334560912708849,0.6329325577470579,0.6911228231228231,0.6884315324315324,0.6615151514217136,0.6318598875631819,0.8,0.8,0.565576846698852,0.565576846698852,unresolved,unresolved,False,False
trans-golgi_vamp3,tabm_specialists,0.6098551059539673,0.6704007405079497,0.6375551055551055,0.7324140604140605,0.8203480618625141,0.8906118262287407,0.82,0.88,0.565576846698852,0.565576846698852,unresolved,ranking_proxy,True,True
