method_id,method,method_color,method_family,method_order,split,split_label,screen_id,n_assays,cell_pearson
catboost_multirmse,CatBoost,#79A8C9,Classical tabular,3,field_holdout_sanity,Field,Biohub_OPS0001,2,0.7156616813937824
catboost_multirmse,CatBoost,#79A8C9,Classical tabular,3,field_holdout_sanity,Field,Biohub_OPS0002,1,0.7496964670717716
catboost_multirmse,CatBoost,#79A8C9,Classical tabular,3,field_holdout_sanity,Field,Biohub_OPS0003,1,0.850751967728138
catboost_multirmse,CatBoost,#79A8C9,Classical tabular,3,field_holdout_sanity,Field,Biohub_OPS0004,1,0.850751967728138
catboost_multirmse,CatBoost,#79A8C9,Classical tabular,3,field_holdout_sanity,Field,Biohub_OPS0005,2,0.7156616813937824
catboost_multirmse,CatBoost,#79A8C9,Classical tabular,3,field_holdout_sanity,Field,Biohub_OPS0006,2,0.7156616813937824
catboost_multirmse,CatBoost,#79A8C9,Classical tabular,3,field_holdout_sanity,Field,Biohub_OPS0007,2,0.7156616813937824
catboost_multirmse,CatBoost,#79A8C9,Classical tabular,3,field_holdout_sanity,Field,Biohub_OPS0008,2,0.7156616813937824
catboost_multirmse,CatBoost,#79A8C9,Classical tabular,3,field_holdout_sanity,Field,Biohub_OPS0009,2,0.7156616813937824
catboost_multirmse,CatBoost,#79A8C9,Classical tabular,3,field_holdout_sanity,Field,Biohub_OPS0011,1,0.7207601274053255
catboost_multirmse,CatBoost,#79A8C9,Classical tabular,3,field_holdout_sanity,Field,Biohub_OPS0012,1,0.7207601274053255
catboost_multirmse,CatBoost,#79A8C9,Classical tabular,3,field_holdout_sanity,Field,Biohub_OPS0013,1,0.8133041163285574
catboost_multirmse,CatBoost,#79A8C9,Classical tabular,3,field_holdout_sanity,Field,Biohub_OPS0014,1,0.8767360143363476
catboost_multirmse,CatBoost,#79A8C9,Classical tabular,3,field_holdout_sanity,Field,Biohub_OPS0015,1,0.7703410980602106
catboost_multirmse,CatBoost,#79A8C9,Classical tabular,3,field_holdout_sanity,Field,Biohub_OPS0016,1,0.885663448770841
catboost_multirmse,CatBoost,#79A8C9,Classical tabular,3,field_holdout_sanity,Field,Biohub_OPS0017,1,0.885663448770841
catboost_multirmse,CatBoost,#79A8C9,Classical tabular,3,field_holdout_sanity,Field,Biohub_OPS0018,1,0.8577618283530077
catboost_multirmse,CatBoost,#79A8C9,Classical tabular,3,field_holdout_sanity,Field,Biohub_OPS0019,1,0.8577618283530077
catboost_multirmse,CatBoost,#79A8C9,Classical tabular,3,field_holdout_sanity,Field,Biohub_OPS0020,1,0.7399761265764633
catboost_multirmse,CatBoost,#79A8C9,Classical tabular,3,field_holdout_sanity,Field,Biohub_OPS0021,1,0.7399761265764633
catboost_multirmse,CatBoost,#79A8C9,Classical tabular,3,field_holdout_sanity,Field,Biohub_OPS0022,1,0.8211951089402041
catboost_multirmse,CatBoost,#79A8C9,Classical tabular,3,field_holdout_sanity,Field,Biohub_OPS0023,1,0.8339905366301537
catboost_multirmse,CatBoost,#79A8C9,Classical tabular,3,field_holdout_sanity,Field,Biohub_OPS0025,1,0.8133041163285574
catboost_multirmse,CatBoost,#79A8C9,Classical tabular,3,field_holdout_sanity,Field,Biohub_OPS0026,1,0.8767360143363476
catboost_multirmse,CatBoost,#79A8C9,Classical tabular,3,field_holdout_sanity,Field,Biohub_OPS0027,1,0.8472767184178034
catboost_multirmse,CatBoost,#79A8C9,Classical tabular,3,field_holdout_sanity,Field,Biohub_OPS0028,1,0.7902456124623616
catboost_multirmse,CatBoost,#79A8C9,Classical tabular,3,field_holdout_sanity,Field,Biohub_OPS0029,1,0.6458263044555983
catboost_multirmse,CatBoost,#79A8C9,Classical tabular,3,field_holdout_sanity,Field,Biohub_OPS0030,1,0.6348577645917735
catboost_multirmse,CatBoost,#79A8C9,Classical tabular,3,field_holdout_sanity,Field,Biohub_OPS0031,1,0.648658906792601
catboost_multirmse,CatBoost,#79A8C9,Classical tabular,3,field_holdout_sanity,Field,Biohub_OPS0032,1,0.6433531490465005
catboost_multirmse,CatBoost,#79A8C9,Classical tabular,3,field_holdout_sanity,Field,Biohub_OPS0033,1,0.8874677521487078
catboost_multirmse,CatBoost,#79A8C9,Classical tabular,3,field_holdout_sanity,Field,Biohub_OPS0034,1,0.8518686935305595
catboost_multirmse,CatBoost,#79A8C9,Classical tabular,3,field_holdout_sanity,Field,Biohub_OPS0035,1,0.8341737513740858
catboost_multirmse,CatBoost,#79A8C9,Classical tabular,3,field_holdout_sanity,Field,Biohub_OPS0036,1,0.8472894196708998
catboost_multirmse,CatBoost,#79A8C9,Classical tabular,3,field_holdout_sanity,Field,Biohub_OPS0037,1,0.8650411926209927
catboost_multirmse,CatBoost,#79A8C9,Classical tabular,3,field_holdout_sanity,Field,Biohub_OPS0039,1,0.8236783834795156
catboost_multirmse,CatBoost,#79A8C9,Classical tabular,3,field_holdout_sanity,Field,Biohub_OPS0040,1,0.885663448770841
catboost_multirmse,CatBoost,#79A8C9,Classical tabular,3,field_holdout_sanity,Field,Biohub_OPS0041,1,0.817309915026029
catboost_multirmse,CatBoost,#79A8C9,Classical tabular,3,field_holdout_sanity,Field,Biohub_OPS0042,1,0.8138236073156199
catboost_multirmse,CatBoost,#79A8C9,Classical tabular,3,field_holdout_sanity,Field,Biohub_OPS0043,7,0.5677024166617128
catboost_multirmse,CatBoost,#79A8C9,Classical tabular,3,field_holdout_sanity,Field,Biohub_OPS0044,1,0.8745386026799679
catboost_multirmse,CatBoost,#79A8C9,Classical tabular,3,field_holdout_sanity,Field,Biohub_OPS0045,2,0.7942702231307824
catboost_multirmse,CatBoost,#79A8C9,Classical tabular,3,field_holdout_sanity,Field,Biohub_OPS0046,1,0.7208067050824563
catboost_multirmse,CatBoost,#79A8C9,Classical tabular,3,field_holdout_sanity,Field,Biohub_OPS0047,1,0.9527013768752417
catboost_multirmse,CatBoost,#79A8C9,Classical tabular,3,field_holdout_sanity,Field,Biohub_OPS0048,1,0.7758481045564016
catboost_multirmse,CatBoost,#79A8C9,Classical tabular,3,field_holdout_sanity,Field,Biohub_OPS0050,1,0.5502997135122618
catboost_multirmse,CatBoost,#79A8C9,Classical tabular,3,field_holdout_sanity,Field,Biohub_OPS0051,1,0.7496964670717716
catboost_multirmse,CatBoost,#79A8C9,Classical tabular,3,field_holdout_sanity,Field,Biohub_OPS0052,1,0.5485829547047615
catboost_multirmse,CatBoost,#79A8C9,Classical tabular,3,field_holdout_sanity,Field,Biohub_OPS0053,1,0.8006474152207375
catboost_multirmse,CatBoost,#79A8C9,Classical tabular,3,field_holdout_sanity,Field,Biohub_OPS0054,1,0.648658906792601
catboost_multirmse,CatBoost,#79A8C9,Classical tabular,3,field_holdout_sanity,Field,Biohub_OPS0055,1,0.8745386026799679
catboost_multirmse,CatBoost,#79A8C9,Classical tabular,3,field_holdout_sanity,Field,Biohub_OPS0056,1,0.8745386026799679
catboost_multirmse,CatBoost,#79A8C9,Classical tabular,3,field_holdout_sanity,Field,Biohub_OPS0057,2,0.7942702231307824
catboost_multirmse,CatBoost,#79A8C9,Classical tabular,3,field_holdout_sanity,Field,Biohub_OPS0058,1,0.8138236073156199
catboost_multirmse,CatBoost,#79A8C9,Classical tabular,3,field_holdout_sanity,Field,Biohub_OPS0059,1,0.6348577645917735
catboost_multirmse,CatBoost,#79A8C9,Classical tabular,3,field_holdout_sanity,Field,Biohub_OPS0060,1,0.8472767184178034
catboost_multirmse,CatBoost,#79A8C9,Classical tabular,3,field_holdout_sanity,Field,Biohub_OPS0061,2,0.7686925201366346
catboost_multirmse,CatBoost,#79A8C9,Classical tabular,3,field_holdout_sanity,Field,Biohub_OPS0062,2,0.7537027678141992
catboost_multirmse,CatBoost,#79A8C9,Classical tabular,3,field_holdout_sanity,Field,Biohub_OPS0063,1,0.7997811950743199
catboost_multirmse,CatBoost,#79A8C9,Classical tabular,3,field_holdout_sanity,Field,Biohub_OPS0064,2,0.7127991483857234
catboost_multirmse,CatBoost,#79A8C9,Classical tabular,3,field_holdout_sanity,Field,Biohub_OPS0065,2,0.8543314305444559
catboost_multirmse,CatBoost,#79A8C9,Classical tabular,3,field_holdout_sanity,Field,Biohub_OPS0066,1,0.8518686935305595
catboost_multirmse,CatBoost,#79A8C9,Classical tabular,3,field_holdout_sanity,Field,Biohub_OPS0067,1,0.9527013768752417
catboost_multirmse,CatBoost,#79A8C9,Classical tabular,3,field_holdout_sanity,Field,Biohub_OPS0068,1,0.7703410980602106
catboost_multirmse,CatBoost,#79A8C9,Classical tabular,3,field_holdout_sanity,Field,Biohub_OPS0069,2,0.7003994930535555
catboost_multirmse,CatBoost,#79A8C9,Classical tabular,3,field_holdout_sanity,Field,Biohub_OPS0070,1,0.6458263044555983
catboost_multirmse,CatBoost,#79A8C9,Classical tabular,3,field_holdout_sanity,Field,Biohub_OPS0071,1,0.6433531490465005
catboost_multirmse,CatBoost,#79A8C9,Classical tabular,3,field_holdout_sanity,Field,Biohub_OPS0072,2,0.8388566823055347
catboost_multirmse,CatBoost,#79A8C9,Classical tabular,3,field_holdout_sanity,Field,Biohub_OPS0073,1,0.5502997135122618
catboost_multirmse,CatBoost,#79A8C9,Classical tabular,3,field_holdout_sanity,Field,Biohub_OPS0074,2,0.8607291443894307
catboost_multirmse,CatBoost,#79A8C9,Classical tabular,3,field_holdout_sanity,Field,Biohub_OPS0075,1,0.7997811950743199
catboost_multirmse,CatBoost,#79A8C9,Classical tabular,3,field_holdout_sanity,Field,Biohub_OPS0076,1,0.8874677521487078
catboost_multirmse,CatBoost,#79A8C9,Classical tabular,3,field_holdout_sanity,Field,Biohub_OPS0077,6,0.4366633632282416
catboost_multirmse,CatBoost,#79A8C9,Classical tabular,3,gene_holdout_main,Gene,Biohub_OPS0001,2,0.712097049355507
catboost_multirmse,CatBoost,#79A8C9,Classical tabular,3,gene_holdout_main,Gene,Biohub_OPS0002,1,0.7490686429043611
catboost_multirmse,CatBoost,#79A8C9,Classical tabular,3,gene_holdout_main,Gene,Biohub_OPS0003,1,0.850644406179587
catboost_multirmse,CatBoost,#79A8C9,Classical tabular,3,gene_holdout_main,Gene,Biohub_OPS0004,1,0.850644406179587
catboost_multirmse,CatBoost,#79A8C9,Classical tabular,3,gene_holdout_main,Gene,Biohub_OPS0005,2,0.712097049355507
catboost_multirmse,CatBoost,#79A8C9,Classical tabular,3,gene_holdout_main,Gene,Biohub_OPS0006,2,0.712097049355507
catboost_multirmse,CatBoost,#79A8C9,Classical tabular,3,gene_holdout_main,Gene,Biohub_OPS0007,2,0.712097049355507
catboost_multirmse,CatBoost,#79A8C9,Classical tabular,3,gene_holdout_main,Gene,Biohub_OPS0008,2,0.712097049355507
catboost_multirmse,CatBoost,#79A8C9,Classical tabular,3,gene_holdout_main,Gene,Biohub_OPS0009,2,0.712097049355507
catboost_multirmse,CatBoost,#79A8C9,Classical tabular,3,gene_holdout_main,Gene,Biohub_OPS0011,1,0.7206105083227158
catboost_multirmse,CatBoost,#79A8C9,Classical tabular,3,gene_holdout_main,Gene,Biohub_OPS0012,1,0.7206105083227158
catboost_multirmse,CatBoost,#79A8C9,Classical tabular,3,gene_holdout_main,Gene,Biohub_OPS0013,1,0.8139235369861126
catboost_multirmse,CatBoost,#79A8C9,Classical tabular,3,gene_holdout_main,Gene,Biohub_OPS0014,1,0.8767115888496241
catboost_multirmse,CatBoost,#79A8C9,Classical tabular,3,gene_holdout_main,Gene,Biohub_OPS0015,1,0.770471719900767
catboost_multirmse,CatBoost,#79A8C9,Classical tabular,3,gene_holdout_main,Gene,Biohub_OPS0016,1,0.8856411459545294
catboost_multirmse,CatBoost,#79A8C9,Classical tabular,3,gene_holdout_main,Gene,Biohub_OPS0017,1,0.8856411459545294
catboost_multirmse,CatBoost,#79A8C9,Classical tabular,3,gene_holdout_main,Gene,Biohub_OPS0018,1,0.8580331427355607
catboost_multirmse,CatBoost,#79A8C9,Classical tabular,3,gene_holdout_main,Gene,Biohub_OPS0019,1,0.8580331427355607
catboost_multirmse,CatBoost,#79A8C9,Classical tabular,3,gene_holdout_main,Gene,Biohub_OPS0020,1,0.741213640322288
catboost_multirmse,CatBoost,#79A8C9,Classical tabular,3,gene_holdout_main,Gene,Biohub_OPS0021,1,0.741213640322288
catboost_multirmse,CatBoost,#79A8C9,Classical tabular,3,gene_holdout_main,Gene,Biohub_OPS0022,1,0.8210181700686613
catboost_multirmse,CatBoost,#79A8C9,Classical tabular,3,gene_holdout_main,Gene,Biohub_OPS0023,1,0.8347918252150219
catboost_multirmse,CatBoost,#79A8C9,Classical tabular,3,gene_holdout_main,Gene,Biohub_OPS0025,1,0.8139235369861126
catboost_multirmse,CatBoost,#79A8C9,Classical tabular,3,gene_holdout_main,Gene,Biohub_OPS0026,1,0.8767115888496241
catboost_multirmse,CatBoost,#79A8C9,Classical tabular,3,gene_holdout_main,Gene,Biohub_OPS0027,1,0.8472827297945817
catboost_multirmse,CatBoost,#79A8C9,Classical tabular,3,gene_holdout_main,Gene,Biohub_OPS0028,1,0.7909676017860571
catboost_multirmse,CatBoost,#79A8C9,Classical tabular,3,gene_holdout_main,Gene,Biohub_OPS0029,1,0.6455061249434948
catboost_multirmse,CatBoost,#79A8C9,Classical tabular,3,gene_holdout_main,Gene,Biohub_OPS0030,1,0.6370950907468795
catboost_multirmse,CatBoost,#79A8C9,Classical tabular,3,gene_holdout_main,Gene,Biohub_OPS0031,1,0.6488105821112791
catboost_multirmse,CatBoost,#79A8C9,Classical tabular,3,gene_holdout_main,Gene,Biohub_OPS0032,1,0.644694521650672
catboost_multirmse,CatBoost,#79A8C9,Classical tabular,3,gene_holdout_main,Gene,Biohub_OPS0033,1,0.8874257380763689
catboost_multirmse,CatBoost,#79A8C9,Classical tabular,3,gene_holdout_main,Gene,Biohub_OPS0034,1,0.8522512711584568
catboost_multirmse,CatBoost,#79A8C9,Classical tabular,3,gene_holdout_main,Gene,Biohub_OPS0035,1,0.8350039660930634
catboost_multirmse,CatBoost,#79A8C9,Classical tabular,3,gene_holdout_main,Gene,Biohub_OPS0036,1,0.8482235814134279
catboost_multirmse,CatBoost,#79A8C9,Classical tabular,3,gene_holdout_main,Gene,Biohub_OPS0037,1,0.8645727410912514
catboost_multirmse,CatBoost,#79A8C9,Classical tabular,3,gene_holdout_main,Gene,Biohub_OPS0039,1,0.823903072377046
catboost_multirmse,CatBoost,#79A8C9,Classical tabular,3,gene_holdout_main,Gene,Biohub_OPS0040,1,0.8856411459545294
catboost_multirmse,CatBoost,#79A8C9,Classical tabular,3,gene_holdout_main,Gene,Biohub_OPS0041,1,0.8176737961669763
catboost_multirmse,CatBoost,#79A8C9,Classical tabular,3,gene_holdout_main,Gene,Biohub_OPS0042,1,0.8133675669630369
catboost_multirmse,CatBoost,#79A8C9,Classical tabular,3,gene_holdout_main,Gene,Biohub_OPS0043,7,0.5680486621128188
catboost_multirmse,CatBoost,#79A8C9,Classical tabular,3,gene_holdout_main,Gene,Biohub_OPS0044,1,0.8755148085455099
catboost_multirmse,CatBoost,#79A8C9,Classical tabular,3,gene_holdout_main,Gene,Biohub_OPS0045,2,0.7958175064375003
catboost_multirmse,CatBoost,#79A8C9,Classical tabular,3,gene_holdout_main,Gene,Biohub_OPS0046,1,0.7185086396833261
catboost_multirmse,CatBoost,#79A8C9,Classical tabular,3,gene_holdout_main,Gene,Biohub_OPS0047,1,0.9526462366183599
catboost_multirmse,CatBoost,#79A8C9,Classical tabular,3,gene_holdout_main,Gene,Biohub_OPS0048,1,0.7770839489996433
catboost_multirmse,CatBoost,#79A8C9,Classical tabular,3,gene_holdout_main,Gene,Biohub_OPS0050,1,0.5447681238253911
catboost_multirmse,CatBoost,#79A8C9,Classical tabular,3,gene_holdout_main,Gene,Biohub_OPS0051,1,0.7490686429043611
catboost_multirmse,CatBoost,#79A8C9,Classical tabular,3,gene_holdout_main,Gene,Biohub_OPS0052,1,0.5506166737526655
catboost_multirmse,CatBoost,#79A8C9,Classical tabular,3,gene_holdout_main,Gene,Biohub_OPS0053,1,0.8004328002532324
catboost_multirmse,CatBoost,#79A8C9,Classical tabular,3,gene_holdout_main,Gene,Biohub_OPS0054,1,0.6488105821112791
catboost_multirmse,CatBoost,#79A8C9,Classical tabular,3,gene_holdout_main,Gene,Biohub_OPS0055,1,0.8755148085455099
catboost_multirmse,CatBoost,#79A8C9,Classical tabular,3,gene_holdout_main,Gene,Biohub_OPS0056,1,0.8755148085455099
catboost_multirmse,CatBoost,#79A8C9,Classical tabular,3,gene_holdout_main,Gene,Biohub_OPS0057,2,0.7958175064375003
catboost_multirmse,CatBoost,#79A8C9,Classical tabular,3,gene_holdout_main,Gene,Biohub_OPS0058,1,0.8133675669630369
catboost_multirmse,CatBoost,#79A8C9,Classical tabular,3,gene_holdout_main,Gene,Biohub_OPS0059,1,0.6370950907468795
catboost_multirmse,CatBoost,#79A8C9,Classical tabular,3,gene_holdout_main,Gene,Biohub_OPS0060,1,0.8472827297945817
catboost_multirmse,CatBoost,#79A8C9,Classical tabular,3,gene_holdout_main,Gene,Biohub_OPS0061,2,0.769319706968963
catboost_multirmse,CatBoost,#79A8C9,Classical tabular,3,gene_holdout_main,Gene,Biohub_OPS0062,2,0.7540448143457372
catboost_multirmse,CatBoost,#79A8C9,Classical tabular,3,gene_holdout_main,Gene,Biohub_OPS0063,1,0.8003086720903715
catboost_multirmse,CatBoost,#79A8C9,Classical tabular,3,gene_holdout_main,Gene,Biohub_OPS0064,2,0.7129542749375105
catboost_multirmse,CatBoost,#79A8C9,Classical tabular,3,gene_holdout_main,Gene,Biohub_OPS0065,2,0.8542219540725151
catboost_multirmse,CatBoost,#79A8C9,Classical tabular,3,gene_holdout_main,Gene,Biohub_OPS0066,1,0.8522512711584568
catboost_multirmse,CatBoost,#79A8C9,Classical tabular,3,gene_holdout_main,Gene,Biohub_OPS0067,1,0.9526462366183599
catboost_multirmse,CatBoost,#79A8C9,Classical tabular,3,gene_holdout_main,Gene,Biohub_OPS0068,1,0.770471719900767
catboost_multirmse,CatBoost,#79A8C9,Classical tabular,3,gene_holdout_main,Gene,Biohub_OPS0069,2,0.701279849310716
catboost_multirmse,CatBoost,#79A8C9,Classical tabular,3,gene_holdout_main,Gene,Biohub_OPS0070,1,0.6455061249434948
catboost_multirmse,CatBoost,#79A8C9,Classical tabular,3,gene_holdout_main,Gene,Biohub_OPS0071,1,0.644694521650672
catboost_multirmse,CatBoost,#79A8C9,Classical tabular,3,gene_holdout_main,Gene,Biohub_OPS0072,2,0.839196669931213
catboost_multirmse,CatBoost,#79A8C9,Classical tabular,3,gene_holdout_main,Gene,Biohub_OPS0073,1,0.5447681238253911
catboost_multirmse,CatBoost,#79A8C9,Classical tabular,3,gene_holdout_main,Gene,Biohub_OPS0074,2,0.8611087816456955
catboost_multirmse,CatBoost,#79A8C9,Classical tabular,3,gene_holdout_main,Gene,Biohub_OPS0075,1,0.8003086720903715
catboost_multirmse,CatBoost,#79A8C9,Classical tabular,3,gene_holdout_main,Gene,Biohub_OPS0076,1,0.8874257380763689
catboost_multirmse,CatBoost,#79A8C9,Classical tabular,3,gene_holdout_main,Gene,Biohub_OPS0077,6,0.43908684502045314
catboost_multirmse,CatBoost,#79A8C9,Classical tabular,3,strict_whole_screen,Whole-screen,Biohub_OPS0001,2,0.758028329660495
catboost_multirmse,CatBoost,#79A8C9,Classical tabular,3,strict_whole_screen,Whole-screen,Biohub_OPS0002,1,0.6087893452495337
catboost_multirmse,CatBoost,#79A8C9,Classical tabular,3,strict_whole_screen,Whole-screen,Biohub_OPS0003,1,0.8604974672198296
catboost_multirmse,CatBoost,#79A8C9,Classical tabular,3,strict_whole_screen,Whole-screen,Biohub_OPS0004,1,0.828733337422212
catboost_multirmse,CatBoost,#79A8C9,Classical tabular,3,strict_whole_screen,Whole-screen,Biohub_OPS0005,2,0.7210790154834588
catboost_multirmse,CatBoost,#79A8C9,Classical tabular,3,strict_whole_screen,Whole-screen,Biohub_OPS0006,2,0.6832801473637422
catboost_multirmse,CatBoost,#79A8C9,Classical tabular,3,strict_whole_screen,Whole-screen,Biohub_OPS0007,2,0.6980600450187922
catboost_multirmse,CatBoost,#79A8C9,Classical tabular,3,strict_whole_screen,Whole-screen,Biohub_OPS0008,2,0.7265898197889328
catboost_multirmse,CatBoost,#79A8C9,Classical tabular,3,strict_whole_screen,Whole-screen,Biohub_OPS0009,2,0.7151147942990065
catboost_multirmse,CatBoost,#79A8C9,Classical tabular,3,strict_whole_screen,Whole-screen,Biohub_OPS0011,1,0.6479108470181624
catboost_multirmse,CatBoost,#79A8C9,Classical tabular,3,strict_whole_screen,Whole-screen,Biohub_OPS0012,1,0.7268087988098463
catboost_multirmse,CatBoost,#79A8C9,Classical tabular,3,strict_whole_screen,Whole-screen,Biohub_OPS0013,1,0.6710182297974825
catboost_multirmse,CatBoost,#79A8C9,Classical tabular,3,strict_whole_screen,Whole-screen,Biohub_OPS0014,1,0.8228149662415186
catboost_multirmse,CatBoost,#79A8C9,Classical tabular,3,strict_whole_screen,Whole-screen,Biohub_OPS0015,1,0.5636201451222101
catboost_multirmse,CatBoost,#79A8C9,Classical tabular,3,strict_whole_screen,Whole-screen,Biohub_OPS0016,1,0.6197670437395573
catboost_multirmse,CatBoost,#79A8C9,Classical tabular,3,strict_whole_screen,Whole-screen,Biohub_OPS0017,1,0.614913634955883
catboost_multirmse,CatBoost,#79A8C9,Classical tabular,3,strict_whole_screen,Whole-screen,Biohub_OPS0018,1,0.8309667184948921
catboost_multirmse,CatBoost,#79A8C9,Classical tabular,3,strict_whole_screen,Whole-screen,Biohub_OPS0019,1,0.8477535843849182
catboost_multirmse,CatBoost,#79A8C9,Classical tabular,3,strict_whole_screen,Whole-screen,Biohub_OPS0020,1,0.7168284729123116
catboost_multirmse,CatBoost,#79A8C9,Classical tabular,3,strict_whole_screen,Whole-screen,Biohub_OPS0021,1,0.7406829682489237
catboost_multirmse,CatBoost,#79A8C9,Classical tabular,3,strict_whole_screen,Whole-screen,Biohub_OPS0022,1,0.304122710134834
catboost_multirmse,CatBoost,#79A8C9,Classical tabular,3,strict_whole_screen,Whole-screen,Biohub_OPS0023,1,0.3067277032726754
catboost_multirmse,CatBoost,#79A8C9,Classical tabular,3,strict_whole_screen,Whole-screen,Biohub_OPS0025,1,0.7162630564222733
catboost_multirmse,CatBoost,#79A8C9,Classical tabular,3,strict_whole_screen,Whole-screen,Biohub_OPS0026,1,0.8479135980208715
catboost_multirmse,CatBoost,#79A8C9,Classical tabular,3,strict_whole_screen,Whole-screen,Biohub_OPS0027,1,0.7352760980526606
catboost_multirmse,CatBoost,#79A8C9,Classical tabular,3,strict_whole_screen,Whole-screen,Biohub_OPS0028,1,0.737162958830595
catboost_multirmse,CatBoost,#79A8C9,Classical tabular,3,strict_whole_screen,Whole-screen,Biohub_OPS0029,1,0.4856636533513665
catboost_multirmse,CatBoost,#79A8C9,Classical tabular,3,strict_whole_screen,Whole-screen,Biohub_OPS0030,1,0.5169865218922496
catboost_multirmse,CatBoost,#79A8C9,Classical tabular,3,strict_whole_screen,Whole-screen,Biohub_OPS0031,1,0.5865947355826696
catboost_multirmse,CatBoost,#79A8C9,Classical tabular,3,strict_whole_screen,Whole-screen,Biohub_OPS0032,1,0.6418384512265524
catboost_multirmse,CatBoost,#79A8C9,Classical tabular,3,strict_whole_screen,Whole-screen,Biohub_OPS0033,1,0.8124297472337881
catboost_multirmse,CatBoost,#79A8C9,Classical tabular,3,strict_whole_screen,Whole-screen,Biohub_OPS0034,1,0.8478709657986959
catboost_multirmse,CatBoost,#79A8C9,Classical tabular,3,strict_whole_screen,Whole-screen,Biohub_OPS0036,1,0.5010227730963379
catboost_multirmse,CatBoost,#79A8C9,Classical tabular,3,strict_whole_screen,Whole-screen,Biohub_OPS0040,1,0.6424436986174745
catboost_multirmse,CatBoost,#79A8C9,Classical tabular,3,strict_whole_screen,Whole-screen,Biohub_OPS0041,1,0.3758540747997661
catboost_multirmse,CatBoost,#79A8C9,Classical tabular,3,strict_whole_screen,Whole-screen,Biohub_OPS0042,1,0.6202917493258914
catboost_multirmse,CatBoost,#79A8C9,Classical tabular,3,strict_whole_screen,Whole-screen,Biohub_OPS0044,1,0.8584035852303108
catboost_multirmse,CatBoost,#79A8C9,Classical tabular,3,strict_whole_screen,Whole-screen,Biohub_OPS0045,2,0.5295096808113158
catboost_multirmse,CatBoost,#79A8C9,Classical tabular,3,strict_whole_screen,Whole-screen,Biohub_OPS0047,1,0.1023453255572045
catboost_multirmse,CatBoost,#79A8C9,Classical tabular,3,strict_whole_screen,Whole-screen,Biohub_OPS0048,1,0.4886890941609939
catboost_multirmse,CatBoost,#79A8C9,Classical tabular,3,strict_whole_screen,Whole-screen,Biohub_OPS0050,1,0.5029578860849142
catboost_multirmse,CatBoost,#79A8C9,Classical tabular,3,strict_whole_screen,Whole-screen,Biohub_OPS0051,1,0.6002261812488238
catboost_multirmse,CatBoost,#79A8C9,Classical tabular,3,strict_whole_screen,Whole-screen,Biohub_OPS0053,1,0.2517887806752696
catboost_multirmse,CatBoost,#79A8C9,Classical tabular,3,strict_whole_screen,Whole-screen,Biohub_OPS0054,1,0.579487407580018
catboost_multirmse,CatBoost,#79A8C9,Classical tabular,3,strict_whole_screen,Whole-screen,Biohub_OPS0055,1,0.8493141053865353
catboost_multirmse,CatBoost,#79A8C9,Classical tabular,3,strict_whole_screen,Whole-screen,Biohub_OPS0056,1,0.8322182136277357
catboost_multirmse,CatBoost,#79A8C9,Classical tabular,3,strict_whole_screen,Whole-screen,Biohub_OPS0057,2,0.5901857561742265
catboost_multirmse,CatBoost,#79A8C9,Classical tabular,3,strict_whole_screen,Whole-screen,Biohub_OPS0058,1,0.5550917449096838
catboost_multirmse,CatBoost,#79A8C9,Classical tabular,3,strict_whole_screen,Whole-screen,Biohub_OPS0059,1,0.4871964954460661
catboost_multirmse,CatBoost,#79A8C9,Classical tabular,3,strict_whole_screen,Whole-screen,Biohub_OPS0060,1,0.7849339284002781
catboost_multirmse,CatBoost,#79A8C9,Classical tabular,3,strict_whole_screen,Whole-screen,Biohub_OPS0061,2,0.4513534236272486
catboost_multirmse,CatBoost,#79A8C9,Classical tabular,3,strict_whole_screen,Whole-screen,Biohub_OPS0062,2,0.3957984171186884
catboost_multirmse,CatBoost,#79A8C9,Classical tabular,3,strict_whole_screen,Whole-screen,Biohub_OPS0063,1,0.5835476343830427
catboost_multirmse,CatBoost,#79A8C9,Classical tabular,3,strict_whole_screen,Whole-screen,Biohub_OPS0064,2,0.4077033308567479
catboost_multirmse,CatBoost,#79A8C9,Classical tabular,3,strict_whole_screen,Whole-screen,Biohub_OPS0065,2,0.4966292579774745
catboost_multirmse,CatBoost,#79A8C9,Classical tabular,3,strict_whole_screen,Whole-screen,Biohub_OPS0066,1,0.8311248744527499
catboost_multirmse,CatBoost,#79A8C9,Classical tabular,3,strict_whole_screen,Whole-screen,Biohub_OPS0067,1,0.159567000111565
catboost_multirmse,CatBoost,#79A8C9,Classical tabular,3,strict_whole_screen,Whole-screen,Biohub_OPS0068,1,0.4612181525832663
catboost_multirmse,CatBoost,#79A8C9,Classical tabular,3,strict_whole_screen,Whole-screen,Biohub_OPS0069,2,0.43728595259987435
catboost_multirmse,CatBoost,#79A8C9,Classical tabular,3,strict_whole_screen,Whole-screen,Biohub_OPS0070,1,0.373598064839219
catboost_multirmse,CatBoost,#79A8C9,Classical tabular,3,strict_whole_screen,Whole-screen,Biohub_OPS0071,1,0.596312154084444
catboost_multirmse,CatBoost,#79A8C9,Classical tabular,3,strict_whole_screen,Whole-screen,Biohub_OPS0072,2,0.7274971048658093
catboost_multirmse,CatBoost,#79A8C9,Classical tabular,3,strict_whole_screen,Whole-screen,Biohub_OPS0073,1,0.4944298900663852
catboost_multirmse,CatBoost,#79A8C9,Classical tabular,3,strict_whole_screen,Whole-screen,Biohub_OPS0074,2,0.6061133962745467
catboost_multirmse,CatBoost,#79A8C9,Classical tabular,3,strict_whole_screen,Whole-screen,Biohub_OPS0075,1,0.5673519068708023
catboost_multirmse,CatBoost,#79A8C9,Classical tabular,3,strict_whole_screen,Whole-screen,Biohub_OPS0076,1,0.8179221823811531
gbdt,GBDT,#5E88AD,Classical tabular,2,field_holdout_sanity,Field,Biohub_OPS0001,2,0.7266036702940861
gbdt,GBDT,#5E88AD,Classical tabular,2,field_holdout_sanity,Field,Biohub_OPS0002,1,0.7638739975790183
gbdt,GBDT,#5E88AD,Classical tabular,2,field_holdout_sanity,Field,Biohub_OPS0003,1,0.8579512879252433
gbdt,GBDT,#5E88AD,Classical tabular,2,field_holdout_sanity,Field,Biohub_OPS0004,1,0.8579512879252433
gbdt,GBDT,#5E88AD,Classical tabular,2,field_holdout_sanity,Field,Biohub_OPS0005,2,0.7266036702940861
gbdt,GBDT,#5E88AD,Classical tabular,2,field_holdout_sanity,Field,Biohub_OPS0006,2,0.7266036702940861
gbdt,GBDT,#5E88AD,Classical tabular,2,field_holdout_sanity,Field,Biohub_OPS0007,2,0.7266036702940861
gbdt,GBDT,#5E88AD,Classical tabular,2,field_holdout_sanity,Field,Biohub_OPS0008,2,0.7266036702940861
gbdt,GBDT,#5E88AD,Classical tabular,2,field_holdout_sanity,Field,Biohub_OPS0009,2,0.7266036702940861
gbdt,GBDT,#5E88AD,Classical tabular,2,field_holdout_sanity,Field,Biohub_OPS0011,1,0.7356578357517719
gbdt,GBDT,#5E88AD,Classical tabular,2,field_holdout_sanity,Field,Biohub_OPS0012,1,0.7356578357517719
gbdt,GBDT,#5E88AD,Classical tabular,2,field_holdout_sanity,Field,Biohub_OPS0013,1,0.8286477906008562
gbdt,GBDT,#5E88AD,Classical tabular,2,field_holdout_sanity,Field,Biohub_OPS0014,1,0.8898839950561523
gbdt,GBDT,#5E88AD,Classical tabular,2,field_holdout_sanity,Field,Biohub_OPS0015,1,0.7773434949417909
gbdt,GBDT,#5E88AD,Classical tabular,2,field_holdout_sanity,Field,Biohub_OPS0016,1,0.893724707265695
gbdt,GBDT,#5E88AD,Classical tabular,2,field_holdout_sanity,Field,Biohub_OPS0017,1,0.893724707265695
gbdt,GBDT,#5E88AD,Classical tabular,2,field_holdout_sanity,Field,Biohub_OPS0018,1,0.8724314823746682
gbdt,GBDT,#5E88AD,Classical tabular,2,field_holdout_sanity,Field,Biohub_OPS0019,1,0.8724314823746682
gbdt,GBDT,#5E88AD,Classical tabular,2,field_holdout_sanity,Field,Biohub_OPS0020,1,0.7525497790426016
gbdt,GBDT,#5E88AD,Classical tabular,2,field_holdout_sanity,Field,Biohub_OPS0021,1,0.7525497790426016
gbdt,GBDT,#5E88AD,Classical tabular,2,field_holdout_sanity,Field,Biohub_OPS0022,1,0.8260249435901642
gbdt,GBDT,#5E88AD,Classical tabular,2,field_holdout_sanity,Field,Biohub_OPS0023,1,0.8398814956347147
gbdt,GBDT,#5E88AD,Classical tabular,2,field_holdout_sanity,Field,Biohub_OPS0025,1,0.8286477906008562
gbdt,GBDT,#5E88AD,Classical tabular,2,field_holdout_sanity,Field,Biohub_OPS0026,1,0.8898839950561523
gbdt,GBDT,#5E88AD,Classical tabular,2,field_holdout_sanity,Field,Biohub_OPS0027,1,0.8629664376378059
gbdt,GBDT,#5E88AD,Classical tabular,2,field_holdout_sanity,Field,Biohub_OPS0028,1,0.795969677468141
gbdt,GBDT,#5E88AD,Classical tabular,2,field_holdout_sanity,Field,Biohub_OPS0029,1,0.6543818118671576
gbdt,GBDT,#5E88AD,Classical tabular,2,field_holdout_sanity,Field,Biohub_OPS0030,1,0.6560813255608082
gbdt,GBDT,#5E88AD,Classical tabular,2,field_holdout_sanity,Field,Biohub_OPS0031,1,0.6581425591061512
gbdt,GBDT,#5E88AD,Classical tabular,2,field_holdout_sanity,Field,Biohub_OPS0032,1,0.6530750684440136
gbdt,GBDT,#5E88AD,Classical tabular,2,field_holdout_sanity,Field,Biohub_OPS0033,1,0.9015366812547049
gbdt,GBDT,#5E88AD,Classical tabular,2,field_holdout_sanity,Field,Biohub_OPS0034,1,0.8698229526480039
gbdt,GBDT,#5E88AD,Classical tabular,2,field_holdout_sanity,Field,Biohub_OPS0035,1,0.8454244804879029
gbdt,GBDT,#5E88AD,Classical tabular,2,field_holdout_sanity,Field,Biohub_OPS0036,1,0.8610711683829624
gbdt,GBDT,#5E88AD,Classical tabular,2,field_holdout_sanity,Field,Biohub_OPS0037,1,0.8752559850613275
gbdt,GBDT,#5E88AD,Classical tabular,2,field_holdout_sanity,Field,Biohub_OPS0039,1,0.8330154615143934
gbdt,GBDT,#5E88AD,Classical tabular,2,field_holdout_sanity,Field,Biohub_OPS0040,1,0.893724707265695
gbdt,GBDT,#5E88AD,Classical tabular,2,field_holdout_sanity,Field,Biohub_OPS0041,1,0.8276304977635542
gbdt,GBDT,#5E88AD,Classical tabular,2,field_holdout_sanity,Field,Biohub_OPS0042,1,0.824855143080155
gbdt,GBDT,#5E88AD,Classical tabular,2,field_holdout_sanity,Field,Biohub_OPS0043,7,0.5741581393612756
gbdt,GBDT,#5E88AD,Classical tabular,2,field_holdout_sanity,Field,Biohub_OPS0044,1,0.8892269847293696
gbdt,GBDT,#5E88AD,Classical tabular,2,field_holdout_sanity,Field,Biohub_OPS0045,2,0.8000695673127969
gbdt,GBDT,#5E88AD,Classical tabular,2,field_holdout_sanity,Field,Biohub_OPS0046,1,0.7267238114029169
gbdt,GBDT,#5E88AD,Classical tabular,2,field_holdout_sanity,Field,Biohub_OPS0047,1,0.9562155261635781
gbdt,GBDT,#5E88AD,Classical tabular,2,field_holdout_sanity,Field,Biohub_OPS0048,1,0.781120895842711
gbdt,GBDT,#5E88AD,Classical tabular,2,field_holdout_sanity,Field,Biohub_OPS0050,1,0.5404029250144958
gbdt,GBDT,#5E88AD,Classical tabular,2,field_holdout_sanity,Field,Biohub_OPS0051,1,0.7638739975790183
gbdt,GBDT,#5E88AD,Classical tabular,2,field_holdout_sanity,Field,Biohub_OPS0052,1,0.5545308625946441
gbdt,GBDT,#5E88AD,Classical tabular,2,field_holdout_sanity,Field,Biohub_OPS0053,1,0.8074453959862391
gbdt,GBDT,#5E88AD,Classical tabular,2,field_holdout_sanity,Field,Biohub_OPS0054,1,0.6581425591061512
gbdt,GBDT,#5E88AD,Classical tabular,2,field_holdout_sanity,Field,Biohub_OPS0055,1,0.8892269847293696
gbdt,GBDT,#5E88AD,Classical tabular,2,field_holdout_sanity,Field,Biohub_OPS0056,1,0.8892269847293696
gbdt,GBDT,#5E88AD,Classical tabular,2,field_holdout_sanity,Field,Biohub_OPS0057,2,0.8000695673127969
gbdt,GBDT,#5E88AD,Classical tabular,2,field_holdout_sanity,Field,Biohub_OPS0058,1,0.824855143080155
gbdt,GBDT,#5E88AD,Classical tabular,2,field_holdout_sanity,Field,Biohub_OPS0059,1,0.6560813255608082
gbdt,GBDT,#5E88AD,Classical tabular,2,field_holdout_sanity,Field,Biohub_OPS0060,1,0.8629664376378059
gbdt,GBDT,#5E88AD,Classical tabular,2,field_holdout_sanity,Field,Biohub_OPS0061,2,0.789149204455316
gbdt,GBDT,#5E88AD,Classical tabular,2,field_holdout_sanity,Field,Biohub_OPS0062,2,0.7724288691456119
gbdt,GBDT,#5E88AD,Classical tabular,2,field_holdout_sanity,Field,Biohub_OPS0063,1,0.81349319567283
gbdt,GBDT,#5E88AD,Classical tabular,2,field_holdout_sanity,Field,Biohub_OPS0064,2,0.7257323555648327
gbdt,GBDT,#5E88AD,Classical tabular,2,field_holdout_sanity,Field,Biohub_OPS0065,2,0.8637808124224345
gbdt,GBDT,#5E88AD,Classical tabular,2,field_holdout_sanity,Field,Biohub_OPS0066,1,0.8698229526480039
gbdt,GBDT,#5E88AD,Classical tabular,2,field_holdout_sanity,Field,Biohub_OPS0067,1,0.9562155261635781
gbdt,GBDT,#5E88AD,Classical tabular,2,field_holdout_sanity,Field,Biohub_OPS0068,1,0.7773434949417909
gbdt,GBDT,#5E88AD,Classical tabular,2,field_holdout_sanity,Field,Biohub_OPS0069,2,0.7125701054930687
gbdt,GBDT,#5E88AD,Classical tabular,2,field_holdout_sanity,Field,Biohub_OPS0070,1,0.6543818118671576
gbdt,GBDT,#5E88AD,Classical tabular,2,field_holdout_sanity,Field,Biohub_OPS0071,1,0.6530750684440136
gbdt,GBDT,#5E88AD,Classical tabular,2,field_holdout_sanity,Field,Biohub_OPS0072,2,0.8487531793614229
gbdt,GBDT,#5E88AD,Classical tabular,2,field_holdout_sanity,Field,Biohub_OPS0073,1,0.5404029250144958
gbdt,GBDT,#5E88AD,Classical tabular,2,field_holdout_sanity,Field,Biohub_OPS0074,2,0.8707090884447097
gbdt,GBDT,#5E88AD,Classical tabular,2,field_holdout_sanity,Field,Biohub_OPS0075,1,0.81349319567283
gbdt,GBDT,#5E88AD,Classical tabular,2,field_holdout_sanity,Field,Biohub_OPS0076,1,0.9015366812547049
gbdt,GBDT,#5E88AD,Classical tabular,2,field_holdout_sanity,Field,Biohub_OPS0077,6,0.4231776486088832
gbdt,GBDT,#5E88AD,Classical tabular,2,gene_holdout_main,Gene,Biohub_OPS0001,2,0.7231053603688875
gbdt,GBDT,#5E88AD,Classical tabular,2,gene_holdout_main,Gene,Biohub_OPS0002,1,0.7647856930891673
gbdt,GBDT,#5E88AD,Classical tabular,2,gene_holdout_main,Gene,Biohub_OPS0003,1,0.8586430261532465
gbdt,GBDT,#5E88AD,Classical tabular,2,gene_holdout_main,Gene,Biohub_OPS0004,1,0.8586430261532465
gbdt,GBDT,#5E88AD,Classical tabular,2,gene_holdout_main,Gene,Biohub_OPS0005,2,0.7231053603688875
gbdt,GBDT,#5E88AD,Classical tabular,2,gene_holdout_main,Gene,Biohub_OPS0006,2,0.7231053603688875
gbdt,GBDT,#5E88AD,Classical tabular,2,gene_holdout_main,Gene,Biohub_OPS0007,2,0.7231053603688875
gbdt,GBDT,#5E88AD,Classical tabular,2,gene_holdout_main,Gene,Biohub_OPS0008,2,0.7231053603688875
gbdt,GBDT,#5E88AD,Classical tabular,2,gene_holdout_main,Gene,Biohub_OPS0009,2,0.7231053603688875
gbdt,GBDT,#5E88AD,Classical tabular,2,gene_holdout_main,Gene,Biohub_OPS0011,1,0.731864457577467
gbdt,GBDT,#5E88AD,Classical tabular,2,gene_holdout_main,Gene,Biohub_OPS0012,1,0.731864457577467
gbdt,GBDT,#5E88AD,Classical tabular,2,gene_holdout_main,Gene,Biohub_OPS0013,1,0.8295468342800936
gbdt,GBDT,#5E88AD,Classical tabular,2,gene_holdout_main,Gene,Biohub_OPS0014,1,0.8897845807174841
gbdt,GBDT,#5E88AD,Classical tabular,2,gene_holdout_main,Gene,Biohub_OPS0015,1,0.7773731519778571
gbdt,GBDT,#5E88AD,Classical tabular,2,gene_holdout_main,Gene,Biohub_OPS0016,1,0.8937991162141165
gbdt,GBDT,#5E88AD,Classical tabular,2,gene_holdout_main,Gene,Biohub_OPS0017,1,0.8937991162141165
gbdt,GBDT,#5E88AD,Classical tabular,2,gene_holdout_main,Gene,Biohub_OPS0018,1,0.873008362452189
gbdt,GBDT,#5E88AD,Classical tabular,2,gene_holdout_main,Gene,Biohub_OPS0019,1,0.873008362452189
gbdt,GBDT,#5E88AD,Classical tabular,2,gene_holdout_main,Gene,Biohub_OPS0020,1,0.7543775469064713
gbdt,GBDT,#5E88AD,Classical tabular,2,gene_holdout_main,Gene,Biohub_OPS0021,1,0.7543775469064713
gbdt,GBDT,#5E88AD,Classical tabular,2,gene_holdout_main,Gene,Biohub_OPS0022,1,0.8263031721115113
gbdt,GBDT,#5E88AD,Classical tabular,2,gene_holdout_main,Gene,Biohub_OPS0023,1,0.8400667543212572
gbdt,GBDT,#5E88AD,Classical tabular,2,gene_holdout_main,Gene,Biohub_OPS0025,1,0.8295468342800936
gbdt,GBDT,#5E88AD,Classical tabular,2,gene_holdout_main,Gene,Biohub_OPS0026,1,0.8897845807174841
gbdt,GBDT,#5E88AD,Classical tabular,2,gene_holdout_main,Gene,Biohub_OPS0027,1,0.863070334494114
gbdt,GBDT,#5E88AD,Classical tabular,2,gene_holdout_main,Gene,Biohub_OPS0028,1,0.798015179981788
gbdt,GBDT,#5E88AD,Classical tabular,2,gene_holdout_main,Gene,Biohub_OPS0029,1,0.6550438550611337
gbdt,GBDT,#5E88AD,Classical tabular,2,gene_holdout_main,Gene,Biohub_OPS0030,1,0.6584653158982595
gbdt,GBDT,#5E88AD,Classical tabular,2,gene_holdout_main,Gene,Biohub_OPS0031,1,0.6582237814863523
gbdt,GBDT,#5E88AD,Classical tabular,2,gene_holdout_main,Gene,Biohub_OPS0032,1,0.6528735867391029
gbdt,GBDT,#5E88AD,Classical tabular,2,gene_holdout_main,Gene,Biohub_OPS0033,1,0.9014949984848499
gbdt,GBDT,#5E88AD,Classical tabular,2,gene_holdout_main,Gene,Biohub_OPS0034,1,0.8701462164521218
gbdt,GBDT,#5E88AD,Classical tabular,2,gene_holdout_main,Gene,Biohub_OPS0035,1,0.8463279942671458
gbdt,GBDT,#5E88AD,Classical tabular,2,gene_holdout_main,Gene,Biohub_OPS0036,1,0.8619443789124489
gbdt,GBDT,#5E88AD,Classical tabular,2,gene_holdout_main,Gene,Biohub_OPS0037,1,0.8756997081140676
gbdt,GBDT,#5E88AD,Classical tabular,2,gene_holdout_main,Gene,Biohub_OPS0039,1,0.8325293260316053
gbdt,GBDT,#5E88AD,Classical tabular,2,gene_holdout_main,Gene,Biohub_OPS0040,1,0.8937991162141165
gbdt,GBDT,#5E88AD,Classical tabular,2,gene_holdout_main,Gene,Biohub_OPS0041,1,0.8286243403951327
gbdt,GBDT,#5E88AD,Classical tabular,2,gene_holdout_main,Gene,Biohub_OPS0042,1,0.8252503052353859
gbdt,GBDT,#5E88AD,Classical tabular,2,gene_holdout_main,Gene,Biohub_OPS0043,7,0.575734115185009
gbdt,GBDT,#5E88AD,Classical tabular,2,gene_holdout_main,Gene,Biohub_OPS0044,1,0.8904493639866511
gbdt,GBDT,#5E88AD,Classical tabular,2,gene_holdout_main,Gene,Biohub_OPS0045,2,0.8029251551876465
gbdt,GBDT,#5E88AD,Classical tabular,2,gene_holdout_main,Gene,Biohub_OPS0046,1,0.7240056203057368
gbdt,GBDT,#5E88AD,Classical tabular,2,gene_holdout_main,Gene,Biohub_OPS0047,1,0.9562690950930118
gbdt,GBDT,#5E88AD,Classical tabular,2,gene_holdout_main,Gene,Biohub_OPS0048,1,0.7834545828402042
gbdt,GBDT,#5E88AD,Classical tabular,2,gene_holdout_main,Gene,Biohub_OPS0050,1,0.5395112951596578
gbdt,GBDT,#5E88AD,Classical tabular,2,gene_holdout_main,Gene,Biohub_OPS0051,1,0.7647856930891673
gbdt,GBDT,#5E88AD,Classical tabular,2,gene_holdout_main,Gene,Biohub_OPS0052,1,0.5546291382362446
gbdt,GBDT,#5E88AD,Classical tabular,2,gene_holdout_main,Gene,Biohub_OPS0053,1,0.8077189554770788
gbdt,GBDT,#5E88AD,Classical tabular,2,gene_holdout_main,Gene,Biohub_OPS0054,1,0.6582237814863523
gbdt,GBDT,#5E88AD,Classical tabular,2,gene_holdout_main,Gene,Biohub_OPS0055,1,0.8904493639866511
gbdt,GBDT,#5E88AD,Classical tabular,2,gene_holdout_main,Gene,Biohub_OPS0056,1,0.8904493639866511
gbdt,GBDT,#5E88AD,Classical tabular,2,gene_holdout_main,Gene,Biohub_OPS0057,2,0.8029251551876465
gbdt,GBDT,#5E88AD,Classical tabular,2,gene_holdout_main,Gene,Biohub_OPS0058,1,0.8252503052353859
gbdt,GBDT,#5E88AD,Classical tabular,2,gene_holdout_main,Gene,Biohub_OPS0059,1,0.6584653158982595
gbdt,GBDT,#5E88AD,Classical tabular,2,gene_holdout_main,Gene,Biohub_OPS0060,1,0.863070334494114
gbdt,GBDT,#5E88AD,Classical tabular,2,gene_holdout_main,Gene,Biohub_OPS0061,2,0.7900719127307336
gbdt,GBDT,#5E88AD,Classical tabular,2,gene_holdout_main,Gene,Biohub_OPS0062,2,0.7734118934720755
gbdt,GBDT,#5E88AD,Classical tabular,2,gene_holdout_main,Gene,Biohub_OPS0063,1,0.8141453956564269
gbdt,GBDT,#5E88AD,Classical tabular,2,gene_holdout_main,Gene,Biohub_OPS0064,2,0.7264225522677104
gbdt,GBDT,#5E88AD,Classical tabular,2,gene_holdout_main,Gene,Biohub_OPS0065,2,0.8638990852981806
gbdt,GBDT,#5E88AD,Classical tabular,2,gene_holdout_main,Gene,Biohub_OPS0066,1,0.8701462164521218
gbdt,GBDT,#5E88AD,Classical tabular,2,gene_holdout_main,Gene,Biohub_OPS0067,1,0.9562690950930118
gbdt,GBDT,#5E88AD,Classical tabular,2,gene_holdout_main,Gene,Biohub_OPS0068,1,0.7773731519778571
gbdt,GBDT,#5E88AD,Classical tabular,2,gene_holdout_main,Gene,Biohub_OPS0069,2,0.7142903659492731
gbdt,GBDT,#5E88AD,Classical tabular,2,gene_holdout_main,Gene,Biohub_OPS0070,1,0.6550438550611337
gbdt,GBDT,#5E88AD,Classical tabular,2,gene_holdout_main,Gene,Biohub_OPS0071,1,0.6528735867391029
gbdt,GBDT,#5E88AD,Classical tabular,2,gene_holdout_main,Gene,Biohub_OPS0072,2,0.849755089233319
gbdt,GBDT,#5E88AD,Classical tabular,2,gene_holdout_main,Gene,Biohub_OPS0073,1,0.5395112951596578
gbdt,GBDT,#5E88AD,Classical tabular,2,gene_holdout_main,Gene,Biohub_OPS0074,2,0.8707808764030536
gbdt,GBDT,#5E88AD,Classical tabular,2,gene_holdout_main,Gene,Biohub_OPS0075,1,0.8141453956564269
gbdt,GBDT,#5E88AD,Classical tabular,2,gene_holdout_main,Gene,Biohub_OPS0076,1,0.9014949984848499
gbdt,GBDT,#5E88AD,Classical tabular,2,gene_holdout_main,Gene,Biohub_OPS0077,6,0.42639989573508497
gbdt,GBDT,#5E88AD,Classical tabular,2,strict_whole_screen,Whole-screen,Biohub_OPS0001,2,0.7672521531581878
gbdt,GBDT,#5E88AD,Classical tabular,2,strict_whole_screen,Whole-screen,Biohub_OPS0002,1,0.5976764565954605
gbdt,GBDT,#5E88AD,Classical tabular,2,strict_whole_screen,Whole-screen,Biohub_OPS0003,1,0.8651609991987547
gbdt,GBDT,#5E88AD,Classical tabular,2,strict_whole_screen,Whole-screen,Biohub_OPS0004,1,0.8365442901849747
gbdt,GBDT,#5E88AD,Classical tabular,2,strict_whole_screen,Whole-screen,Biohub_OPS0005,2,0.7302710797637701
gbdt,GBDT,#5E88AD,Classical tabular,2,strict_whole_screen,Whole-screen,Biohub_OPS0006,2,0.6918774640808503
gbdt,GBDT,#5E88AD,Classical tabular,2,strict_whole_screen,Whole-screen,Biohub_OPS0007,2,0.7068458888679743
gbdt,GBDT,#5E88AD,Classical tabular,2,strict_whole_screen,Whole-screen,Biohub_OPS0008,2,0.7377342325945695
gbdt,GBDT,#5E88AD,Classical tabular,2,strict_whole_screen,Whole-screen,Biohub_OPS0009,2,0.7242832296838363
gbdt,GBDT,#5E88AD,Classical tabular,2,strict_whole_screen,Whole-screen,Biohub_OPS0011,1,0.6665341407060623
gbdt,GBDT,#5E88AD,Classical tabular,2,strict_whole_screen,Whole-screen,Biohub_OPS0012,1,0.734338196615378
gbdt,GBDT,#5E88AD,Classical tabular,2,strict_whole_screen,Whole-screen,Biohub_OPS0013,1,0.6766183624664942
gbdt,GBDT,#5E88AD,Classical tabular,2,strict_whole_screen,Whole-screen,Biohub_OPS0014,1,0.8414324099818865
gbdt,GBDT,#5E88AD,Classical tabular,2,strict_whole_screen,Whole-screen,Biohub_OPS0015,1,0.5252558924257755
gbdt,GBDT,#5E88AD,Classical tabular,2,strict_whole_screen,Whole-screen,Biohub_OPS0016,1,0.643783854941527
gbdt,GBDT,#5E88AD,Classical tabular,2,strict_whole_screen,Whole-screen,Biohub_OPS0017,1,0.6374298656980196
gbdt,GBDT,#5E88AD,Classical tabular,2,strict_whole_screen,Whole-screen,Biohub_OPS0018,1,0.8467500917613506
gbdt,GBDT,#5E88AD,Classical tabular,2,strict_whole_screen,Whole-screen,Biohub_OPS0019,1,0.8574868192275366
gbdt,GBDT,#5E88AD,Classical tabular,2,strict_whole_screen,Whole-screen,Biohub_OPS0020,1,0.7289649732410908
gbdt,GBDT,#5E88AD,Classical tabular,2,strict_whole_screen,Whole-screen,Biohub_OPS0021,1,0.7439925006280342
gbdt,GBDT,#5E88AD,Classical tabular,2,strict_whole_screen,Whole-screen,Biohub_OPS0022,1,0.307936184379893
gbdt,GBDT,#5E88AD,Classical tabular,2,strict_whole_screen,Whole-screen,Biohub_OPS0023,1,0.337355199092902
gbdt,GBDT,#5E88AD,Classical tabular,2,strict_whole_screen,Whole-screen,Biohub_OPS0025,1,0.718059228733182
gbdt,GBDT,#5E88AD,Classical tabular,2,strict_whole_screen,Whole-screen,Biohub_OPS0026,1,0.8622790910303593
gbdt,GBDT,#5E88AD,Classical tabular,2,strict_whole_screen,Whole-screen,Biohub_OPS0027,1,0.7452956214547157
gbdt,GBDT,#5E88AD,Classical tabular,2,strict_whole_screen,Whole-screen,Biohub_OPS0028,1,0.7197378644098839
gbdt,GBDT,#5E88AD,Classical tabular,2,strict_whole_screen,Whole-screen,Biohub_OPS0029,1,0.5012864290426174
gbdt,GBDT,#5E88AD,Classical tabular,2,strict_whole_screen,Whole-screen,Biohub_OPS0030,1,0.510154850470523
gbdt,GBDT,#5E88AD,Classical tabular,2,strict_whole_screen,Whole-screen,Biohub_OPS0031,1,0.5925658425937096
gbdt,GBDT,#5E88AD,Classical tabular,2,strict_whole_screen,Whole-screen,Biohub_OPS0032,1,0.647230776026845
gbdt,GBDT,#5E88AD,Classical tabular,2,strict_whole_screen,Whole-screen,Biohub_OPS0033,1,0.8263934111843506
gbdt,GBDT,#5E88AD,Classical tabular,2,strict_whole_screen,Whole-screen,Biohub_OPS0034,1,0.8644708668192228
gbdt,GBDT,#5E88AD,Classical tabular,2,strict_whole_screen,Whole-screen,Biohub_OPS0036,1,0.5143219297751784
gbdt,GBDT,#5E88AD,Classical tabular,2,strict_whole_screen,Whole-screen,Biohub_OPS0040,1,0.6063278876245022
gbdt,GBDT,#5E88AD,Classical tabular,2,strict_whole_screen,Whole-screen,Biohub_OPS0041,1,0.3755900228861719
gbdt,GBDT,#5E88AD,Classical tabular,2,strict_whole_screen,Whole-screen,Biohub_OPS0042,1,0.626980564246575
gbdt,GBDT,#5E88AD,Classical tabular,2,strict_whole_screen,Whole-screen,Biohub_OPS0044,1,0.8703751396387815
gbdt,GBDT,#5E88AD,Classical tabular,2,strict_whole_screen,Whole-screen,Biohub_OPS0045,2,0.513717517722398
gbdt,GBDT,#5E88AD,Classical tabular,2,strict_whole_screen,Whole-screen,Biohub_OPS0047,1,-0.0012523614762661
gbdt,GBDT,#5E88AD,Classical tabular,2,strict_whole_screen,Whole-screen,Biohub_OPS0048,1,0.4832566431723535
gbdt,GBDT,#5E88AD,Classical tabular,2,strict_whole_screen,Whole-screen,Biohub_OPS0050,1,0.4998068449397881
gbdt,GBDT,#5E88AD,Classical tabular,2,strict_whole_screen,Whole-screen,Biohub_OPS0051,1,0.5944459171344837
gbdt,GBDT,#5E88AD,Classical tabular,2,strict_whole_screen,Whole-screen,Biohub_OPS0053,1,0.2636089389173624
gbdt,GBDT,#5E88AD,Classical tabular,2,strict_whole_screen,Whole-screen,Biohub_OPS0054,1,0.578753249719739
gbdt,GBDT,#5E88AD,Classical tabular,2,strict_whole_screen,Whole-screen,Biohub_OPS0055,1,0.858679486438632
gbdt,GBDT,#5E88AD,Classical tabular,2,strict_whole_screen,Whole-screen,Biohub_OPS0056,1,0.8550741299986839
gbdt,GBDT,#5E88AD,Classical tabular,2,strict_whole_screen,Whole-screen,Biohub_OPS0057,2,0.5638987276082238
gbdt,GBDT,#5E88AD,Classical tabular,2,strict_whole_screen,Whole-screen,Biohub_OPS0058,1,0.5015287616600593
gbdt,GBDT,#5E88AD,Classical tabular,2,strict_whole_screen,Whole-screen,Biohub_OPS0059,1,0.4890608945861459
gbdt,GBDT,#5E88AD,Classical tabular,2,strict_whole_screen,Whole-screen,Biohub_OPS0060,1,0.7978045617540678
gbdt,GBDT,#5E88AD,Classical tabular,2,strict_whole_screen,Whole-screen,Biohub_OPS0061,2,0.4392258933124442
gbdt,GBDT,#5E88AD,Classical tabular,2,strict_whole_screen,Whole-screen,Biohub_OPS0062,2,0.4093927768214295
gbdt,GBDT,#5E88AD,Classical tabular,2,strict_whole_screen,Whole-screen,Biohub_OPS0063,1,0.4435674643609673
gbdt,GBDT,#5E88AD,Classical tabular,2,strict_whole_screen,Whole-screen,Biohub_OPS0064,2,0.41185560155039036
gbdt,GBDT,#5E88AD,Classical tabular,2,strict_whole_screen,Whole-screen,Biohub_OPS0065,2,0.5438899631844833
gbdt,GBDT,#5E88AD,Classical tabular,2,strict_whole_screen,Whole-screen,Biohub_OPS0066,1,0.8500571971138319
gbdt,GBDT,#5E88AD,Classical tabular,2,strict_whole_screen,Whole-screen,Biohub_OPS0067,1,0.1184121511381211
gbdt,GBDT,#5E88AD,Classical tabular,2,strict_whole_screen,Whole-screen,Biohub_OPS0068,1,0.4662724402345096
gbdt,GBDT,#5E88AD,Classical tabular,2,strict_whole_screen,Whole-screen,Biohub_OPS0069,2,0.4101437520002946
gbdt,GBDT,#5E88AD,Classical tabular,2,strict_whole_screen,Whole-screen,Biohub_OPS0070,1,0.3701224252581596
gbdt,GBDT,#5E88AD,Classical tabular,2,strict_whole_screen,Whole-screen,Biohub_OPS0071,1,0.6008634380996227
gbdt,GBDT,#5E88AD,Classical tabular,2,strict_whole_screen,Whole-screen,Biohub_OPS0072,2,0.7512577852855127
gbdt,GBDT,#5E88AD,Classical tabular,2,strict_whole_screen,Whole-screen,Biohub_OPS0073,1,0.4866482121869921
gbdt,GBDT,#5E88AD,Classical tabular,2,strict_whole_screen,Whole-screen,Biohub_OPS0074,2,0.61538818012923
gbdt,GBDT,#5E88AD,Classical tabular,2,strict_whole_screen,Whole-screen,Biohub_OPS0075,1,0.5908233755423377
gbdt,GBDT,#5E88AD,Classical tabular,2,strict_whole_screen,Whole-screen,Biohub_OPS0076,1,0.8331920951604843
midas_ops,MIDAS,#C85A3C,Biological completion,9,field_holdout_sanity,Field,Biohub_OPS0001,2,0.6518622175604105
midas_ops,MIDAS,#C85A3C,Biological completion,9,field_holdout_sanity,Field,Biohub_OPS0002,1,0.6753644394377867
midas_ops,MIDAS,#C85A3C,Biological completion,9,field_holdout_sanity,Field,Biohub_OPS0003,1,0.8082270820935568
midas_ops,MIDAS,#C85A3C,Biological completion,9,field_holdout_sanity,Field,Biohub_OPS0004,1,0.8082270820935568
midas_ops,MIDAS,#C85A3C,Biological completion,9,field_holdout_sanity,Field,Biohub_OPS0005,2,0.6518622175604105
midas_ops,MIDAS,#C85A3C,Biological completion,9,field_holdout_sanity,Field,Biohub_OPS0006,2,0.6518622175604105
midas_ops,MIDAS,#C85A3C,Biological completion,9,field_holdout_sanity,Field,Biohub_OPS0007,2,0.6518622175604105
midas_ops,MIDAS,#C85A3C,Biological completion,9,field_holdout_sanity,Field,Biohub_OPS0008,2,0.6518622175604105
midas_ops,MIDAS,#C85A3C,Biological completion,9,field_holdout_sanity,Field,Biohub_OPS0009,2,0.6518622175604105
midas_ops,MIDAS,#C85A3C,Biological completion,9,field_holdout_sanity,Field,Biohub_OPS0011,1,0.5755681529641151
midas_ops,MIDAS,#C85A3C,Biological completion,9,field_holdout_sanity,Field,Biohub_OPS0012,1,0.5755681529641151
midas_ops,MIDAS,#C85A3C,Biological completion,9,field_holdout_sanity,Field,Biohub_OPS0013,1,0.7139284710089365
midas_ops,MIDAS,#C85A3C,Biological completion,9,field_holdout_sanity,Field,Biohub_OPS0014,1,0.767197276155154
midas_ops,MIDAS,#C85A3C,Biological completion,9,field_holdout_sanity,Field,Biohub_OPS0015,1,0.7085947381953399
midas_ops,MIDAS,#C85A3C,Biological completion,9,field_holdout_sanity,Field,Biohub_OPS0016,1,0.8261812031269073
midas_ops,MIDAS,#C85A3C,Biological completion,9,field_holdout_sanity,Field,Biohub_OPS0017,1,0.8261812031269073
midas_ops,MIDAS,#C85A3C,Biological completion,9,field_holdout_sanity,Field,Biohub_OPS0018,1,0.7463878663877647
midas_ops,MIDAS,#C85A3C,Biological completion,9,field_holdout_sanity,Field,Biohub_OPS0019,1,0.7463878663877647
midas_ops,MIDAS,#C85A3C,Biological completion,9,field_holdout_sanity,Field,Biohub_OPS0020,1,0.49704570729421294
midas_ops,MIDAS,#C85A3C,Biological completion,9,field_holdout_sanity,Field,Biohub_OPS0021,1,0.49704570729421294
midas_ops,MIDAS,#C85A3C,Biological completion,9,field_holdout_sanity,Field,Biohub_OPS0022,1,0.7413458488881588
midas_ops,MIDAS,#C85A3C,Biological completion,9,field_holdout_sanity,Field,Biohub_OPS0023,1,0.7829847127199173
midas_ops,MIDAS,#C85A3C,Biological completion,9,field_holdout_sanity,Field,Biohub_OPS0025,1,0.7139284710089365
midas_ops,MIDAS,#C85A3C,Biological completion,9,field_holdout_sanity,Field,Biohub_OPS0026,1,0.767197276155154
midas_ops,MIDAS,#C85A3C,Biological completion,9,field_holdout_sanity,Field,Biohub_OPS0027,1,0.7054159445067247
midas_ops,MIDAS,#C85A3C,Biological completion,9,field_holdout_sanity,Field,Biohub_OPS0028,1,0.7400950508813062
midas_ops,MIDAS,#C85A3C,Biological completion,9,field_holdout_sanity,Field,Biohub_OPS0029,1,0.5635474847008786
midas_ops,MIDAS,#C85A3C,Biological completion,9,field_holdout_sanity,Field,Biohub_OPS0030,1,0.4468763042862216
midas_ops,MIDAS,#C85A3C,Biological completion,9,field_holdout_sanity,Field,Biohub_OPS0031,1,0.5534588839858771
midas_ops,MIDAS,#C85A3C,Biological completion,9,field_holdout_sanity,Field,Biohub_OPS0032,1,0.5797672536845009
midas_ops,MIDAS,#C85A3C,Biological completion,9,field_holdout_sanity,Field,Biohub_OPS0033,1,0.8271813089648882
midas_ops,MIDAS,#C85A3C,Biological completion,9,field_holdout_sanity,Field,Biohub_OPS0034,1,0.7134209444125493
midas_ops,MIDAS,#C85A3C,Biological completion,9,field_holdout_sanity,Field,Biohub_OPS0035,1,0.7768318074444929
midas_ops,MIDAS,#C85A3C,Biological completion,9,field_holdout_sanity,Field,Biohub_OPS0036,1,0.7650330809255441
midas_ops,MIDAS,#C85A3C,Biological completion,9,field_holdout_sanity,Field,Biohub_OPS0037,1,0.7993558888634046
midas_ops,MIDAS,#C85A3C,Biological completion,9,field_holdout_sanity,Field,Biohub_OPS0039,1,0.7372600393990676
midas_ops,MIDAS,#C85A3C,Biological completion,9,field_holdout_sanity,Field,Biohub_OPS0040,1,0.8261812031269073
midas_ops,MIDAS,#C85A3C,Biological completion,9,field_holdout_sanity,Field,Biohub_OPS0041,1,0.7340465237696966
midas_ops,MIDAS,#C85A3C,Biological completion,9,field_holdout_sanity,Field,Biohub_OPS0042,1,0.7423707890013853
midas_ops,MIDAS,#C85A3C,Biological completion,9,field_holdout_sanity,Field,Biohub_OPS0043,7,0.49284169683853785
midas_ops,MIDAS,#C85A3C,Biological completion,9,field_holdout_sanity,Field,Biohub_OPS0044,1,0.8066416084766388
midas_ops,MIDAS,#C85A3C,Biological completion,9,field_holdout_sanity,Field,Biohub_OPS0045,2,0.7122017779077092
midas_ops,MIDAS,#C85A3C,Biological completion,9,field_holdout_sanity,Field,Biohub_OPS0046,1,0.6530168242752552
midas_ops,MIDAS,#C85A3C,Biological completion,9,field_holdout_sanity,Field,Biohub_OPS0047,1,0.9073163401335478
midas_ops,MIDAS,#C85A3C,Biological completion,9,field_holdout_sanity,Field,Biohub_OPS0048,1,0.7070931668082873
midas_ops,MIDAS,#C85A3C,Biological completion,9,field_holdout_sanity,Field,Biohub_OPS0050,1,0.40184762418890985
midas_ops,MIDAS,#C85A3C,Biological completion,9,field_holdout_sanity,Field,Biohub_OPS0051,1,0.6753644394377867
midas_ops,MIDAS,#C85A3C,Biological completion,9,field_holdout_sanity,Field,Biohub_OPS0052,1,0.47534117580701907
midas_ops,MIDAS,#C85A3C,Biological completion,9,field_holdout_sanity,Field,Biohub_OPS0053,1,0.7528857645889124
midas_ops,MIDAS,#C85A3C,Biological completion,9,field_holdout_sanity,Field,Biohub_OPS0054,1,0.5534588839858771
midas_ops,MIDAS,#C85A3C,Biological completion,9,field_holdout_sanity,Field,Biohub_OPS0055,1,0.8066416084766388
midas_ops,MIDAS,#C85A3C,Biological completion,9,field_holdout_sanity,Field,Biohub_OPS0056,1,0.8066416084766388
midas_ops,MIDAS,#C85A3C,Biological completion,9,field_holdout_sanity,Field,Biohub_OPS0057,2,0.7122017779077092
midas_ops,MIDAS,#C85A3C,Biological completion,9,field_holdout_sanity,Field,Biohub_OPS0058,1,0.7423707890013853
midas_ops,MIDAS,#C85A3C,Biological completion,9,field_holdout_sanity,Field,Biohub_OPS0059,1,0.4468763042862216
midas_ops,MIDAS,#C85A3C,Biological completion,9,field_holdout_sanity,Field,Biohub_OPS0060,1,0.7054159445067247
midas_ops,MIDAS,#C85A3C,Biological completion,9,field_holdout_sanity,Field,Biohub_OPS0061,2,0.6036778362002224
midas_ops,MIDAS,#C85A3C,Biological completion,9,field_holdout_sanity,Field,Biohub_OPS0062,2,0.5881845576222986
midas_ops,MIDAS,#C85A3C,Biological completion,9,field_holdout_sanity,Field,Biohub_OPS0063,1,0.7397262745847304
midas_ops,MIDAS,#C85A3C,Biological completion,9,field_holdout_sanity,Field,Biohub_OPS0064,2,0.6378295060868064
midas_ops,MIDAS,#C85A3C,Biological completion,9,field_holdout_sanity,Field,Biohub_OPS0065,2,0.7842635789265235
midas_ops,MIDAS,#C85A3C,Biological completion,9,field_holdout_sanity,Field,Biohub_OPS0066,1,0.7134209444125493
midas_ops,MIDAS,#C85A3C,Biological completion,9,field_holdout_sanity,Field,Biohub_OPS0067,1,0.9073163401335478
midas_ops,MIDAS,#C85A3C,Biological completion,9,field_holdout_sanity,Field,Biohub_OPS0068,1,0.7085947381953399
midas_ops,MIDAS,#C85A3C,Biological completion,9,field_holdout_sanity,Field,Biohub_OPS0069,2,0.6149332071964939
midas_ops,MIDAS,#C85A3C,Biological completion,9,field_holdout_sanity,Field,Biohub_OPS0070,1,0.5635474847008786
midas_ops,MIDAS,#C85A3C,Biological completion,9,field_holdout_sanity,Field,Biohub_OPS0071,1,0.5797672536845009
midas_ops,MIDAS,#C85A3C,Biological completion,9,field_holdout_sanity,Field,Biohub_OPS0072,2,0.7836381799230971
midas_ops,MIDAS,#C85A3C,Biological completion,9,field_holdout_sanity,Field,Biohub_OPS0073,1,0.40184762418890985
midas_ops,MIDAS,#C85A3C,Biological completion,9,field_holdout_sanity,Field,Biohub_OPS0074,2,0.8050830108424027
midas_ops,MIDAS,#C85A3C,Biological completion,9,field_holdout_sanity,Field,Biohub_OPS0075,1,0.7397262745847304
midas_ops,MIDAS,#C85A3C,Biological completion,9,field_holdout_sanity,Field,Biohub_OPS0076,1,0.8271813089648882
midas_ops,MIDAS,#C85A3C,Biological completion,9,field_holdout_sanity,Field,Biohub_OPS0077,6,0.3004831006393457
midas_ops,MIDAS,#C85A3C,Biological completion,9,gene_holdout_main,Gene,Biohub_OPS0001,2,0.6414428475747506
midas_ops,MIDAS,#C85A3C,Biological completion,9,gene_holdout_main,Gene,Biohub_OPS0002,1,0.5914660318444173
midas_ops,MIDAS,#C85A3C,Biological completion,9,gene_holdout_main,Gene,Biohub_OPS0003,1,0.7988789096474648
midas_ops,MIDAS,#C85A3C,Biological completion,9,gene_holdout_main,Gene,Biohub_OPS0004,1,0.7988789096474648
midas_ops,MIDAS,#C85A3C,Biological completion,9,gene_holdout_main,Gene,Biohub_OPS0005,2,0.6414428475747506
midas_ops,MIDAS,#C85A3C,Biological completion,9,gene_holdout_main,Gene,Biohub_OPS0006,2,0.6414428475747506
midas_ops,MIDAS,#C85A3C,Biological completion,9,gene_holdout_main,Gene,Biohub_OPS0007,2,0.6414428475747506
midas_ops,MIDAS,#C85A3C,Biological completion,9,gene_holdout_main,Gene,Biohub_OPS0008,2,0.6414428475747506
midas_ops,MIDAS,#C85A3C,Biological completion,9,gene_holdout_main,Gene,Biohub_OPS0009,2,0.6414428475747506
midas_ops,MIDAS,#C85A3C,Biological completion,9,gene_holdout_main,Gene,Biohub_OPS0011,1,0.5684051599353552
midas_ops,MIDAS,#C85A3C,Biological completion,9,gene_holdout_main,Gene,Biohub_OPS0012,1,0.5684051599353552
midas_ops,MIDAS,#C85A3C,Biological completion,9,gene_holdout_main,Gene,Biohub_OPS0013,1,0.7113480580349762
midas_ops,MIDAS,#C85A3C,Biological completion,9,gene_holdout_main,Gene,Biohub_OPS0014,1,0.7544385194778442
midas_ops,MIDAS,#C85A3C,Biological completion,9,gene_holdout_main,Gene,Biohub_OPS0015,1,0.6686088072756926
midas_ops,MIDAS,#C85A3C,Biological completion,9,gene_holdout_main,Gene,Biohub_OPS0016,1,0.7779055076340835
midas_ops,MIDAS,#C85A3C,Biological completion,9,gene_holdout_main,Gene,Biohub_OPS0017,1,0.7779055076340835
midas_ops,MIDAS,#C85A3C,Biological completion,9,gene_holdout_main,Gene,Biohub_OPS0018,1,0.7173631257067125
midas_ops,MIDAS,#C85A3C,Biological completion,9,gene_holdout_main,Gene,Biohub_OPS0019,1,0.7173631257067125
midas_ops,MIDAS,#C85A3C,Biological completion,9,gene_holdout_main,Gene,Biohub_OPS0020,1,0.48710624459587654
midas_ops,MIDAS,#C85A3C,Biological completion,9,gene_holdout_main,Gene,Biohub_OPS0021,1,0.48710624459587654
midas_ops,MIDAS,#C85A3C,Biological completion,9,gene_holdout_main,Gene,Biohub_OPS0022,1,0.7399685367941856
midas_ops,MIDAS,#C85A3C,Biological completion,9,gene_holdout_main,Gene,Biohub_OPS0023,1,0.7708865880966187
midas_ops,MIDAS,#C85A3C,Biological completion,9,gene_holdout_main,Gene,Biohub_OPS0025,1,0.7113480580349762
midas_ops,MIDAS,#C85A3C,Biological completion,9,gene_holdout_main,Gene,Biohub_OPS0026,1,0.7544385194778442
midas_ops,MIDAS,#C85A3C,Biological completion,9,gene_holdout_main,Gene,Biohub_OPS0027,1,0.6960126859446366
midas_ops,MIDAS,#C85A3C,Biological completion,9,gene_holdout_main,Gene,Biohub_OPS0028,1,0.7149856299161911
midas_ops,MIDAS,#C85A3C,Biological completion,9,gene_holdout_main,Gene,Biohub_OPS0029,1,0.5593972905228535
midas_ops,MIDAS,#C85A3C,Biological completion,9,gene_holdout_main,Gene,Biohub_OPS0030,1,0.4286029427622755
midas_ops,MIDAS,#C85A3C,Biological completion,9,gene_holdout_main,Gene,Biohub_OPS0031,1,0.5363234115143617
midas_ops,MIDAS,#C85A3C,Biological completion,9,gene_holdout_main,Gene,Biohub_OPS0032,1,0.5700920180107156
midas_ops,MIDAS,#C85A3C,Biological completion,9,gene_holdout_main,Gene,Biohub_OPS0033,1,0.7796238462130228
midas_ops,MIDAS,#C85A3C,Biological completion,9,gene_holdout_main,Gene,Biohub_OPS0034,1,0.704931248476108
midas_ops,MIDAS,#C85A3C,Biological completion,9,gene_holdout_main,Gene,Biohub_OPS0035,1,0.7478784174968799
midas_ops,MIDAS,#C85A3C,Biological completion,9,gene_holdout_main,Gene,Biohub_OPS0036,1,0.7482016776998839
midas_ops,MIDAS,#C85A3C,Biological completion,9,gene_holdout_main,Gene,Biohub_OPS0037,1,0.7783752386768659
midas_ops,MIDAS,#C85A3C,Biological completion,9,gene_holdout_main,Gene,Biohub_OPS0039,1,0.7321838311851024
midas_ops,MIDAS,#C85A3C,Biological completion,9,gene_holdout_main,Gene,Biohub_OPS0040,1,0.7779055076340835
midas_ops,MIDAS,#C85A3C,Biological completion,9,gene_holdout_main,Gene,Biohub_OPS0041,1,0.7209239068130653
midas_ops,MIDAS,#C85A3C,Biological completion,9,gene_holdout_main,Gene,Biohub_OPS0042,1,0.7016373182336489
midas_ops,MIDAS,#C85A3C,Biological completion,9,gene_holdout_main,Gene,Biohub_OPS0043,7,0.47065556264585917
midas_ops,MIDAS,#C85A3C,Biological completion,9,gene_holdout_main,Gene,Biohub_OPS0044,1,0.788813486136496
midas_ops,MIDAS,#C85A3C,Biological completion,9,gene_holdout_main,Gene,Biohub_OPS0045,2,0.6576996764789025
midas_ops,MIDAS,#C85A3C,Biological completion,9,gene_holdout_main,Gene,Biohub_OPS0046,1,0.6317804510394732
midas_ops,MIDAS,#C85A3C,Biological completion,9,gene_holdout_main,Gene,Biohub_OPS0047,1,0.9025582669923702
midas_ops,MIDAS,#C85A3C,Biological completion,9,gene_holdout_main,Gene,Biohub_OPS0048,1,0.6932379968464375
midas_ops,MIDAS,#C85A3C,Biological completion,9,gene_holdout_main,Gene,Biohub_OPS0050,1,0.39605719828978175
midas_ops,MIDAS,#C85A3C,Biological completion,9,gene_holdout_main,Gene,Biohub_OPS0051,1,0.5914660318444173
midas_ops,MIDAS,#C85A3C,Biological completion,9,gene_holdout_main,Gene,Biohub_OPS0052,1,0.47236432886372004
midas_ops,MIDAS,#C85A3C,Biological completion,9,gene_holdout_main,Gene,Biohub_OPS0053,1,0.7443933761368194
midas_ops,MIDAS,#C85A3C,Biological completion,9,gene_holdout_main,Gene,Biohub_OPS0054,1,0.5363234115143617
midas_ops,MIDAS,#C85A3C,Biological completion,9,gene_holdout_main,Gene,Biohub_OPS0055,1,0.788813486136496
midas_ops,MIDAS,#C85A3C,Biological completion,9,gene_holdout_main,Gene,Biohub_OPS0056,1,0.788813486136496
midas_ops,MIDAS,#C85A3C,Biological completion,9,gene_holdout_main,Gene,Biohub_OPS0057,2,0.6576996764789025
midas_ops,MIDAS,#C85A3C,Biological completion,9,gene_holdout_main,Gene,Biohub_OPS0058,1,0.7016373182336489
midas_ops,MIDAS,#C85A3C,Biological completion,9,gene_holdout_main,Gene,Biohub_OPS0059,1,0.4286029427622755
midas_ops,MIDAS,#C85A3C,Biological completion,9,gene_holdout_main,Gene,Biohub_OPS0060,1,0.6960126859446366
midas_ops,MIDAS,#C85A3C,Biological completion,9,gene_holdout_main,Gene,Biohub_OPS0061,2,0.5907841707152937
midas_ops,MIDAS,#C85A3C,Biological completion,9,gene_holdout_main,Gene,Biohub_OPS0062,2,0.5771452852718844
midas_ops,MIDAS,#C85A3C,Biological completion,9,gene_holdout_main,Gene,Biohub_OPS0063,1,0.717456523453196
midas_ops,MIDAS,#C85A3C,Biological completion,9,gene_holdout_main,Gene,Biohub_OPS0064,2,0.6271788847322265
midas_ops,MIDAS,#C85A3C,Biological completion,9,gene_holdout_main,Gene,Biohub_OPS0065,2,0.7597961915036042
midas_ops,MIDAS,#C85A3C,Biological completion,9,gene_holdout_main,Gene,Biohub_OPS0066,1,0.704931248476108
midas_ops,MIDAS,#C85A3C,Biological completion,9,gene_holdout_main,Gene,Biohub_OPS0067,1,0.9025582669923702
midas_ops,MIDAS,#C85A3C,Biological completion,9,gene_holdout_main,Gene,Biohub_OPS0068,1,0.6686088072756926
midas_ops,MIDAS,#C85A3C,Biological completion,9,gene_holdout_main,Gene,Biohub_OPS0069,2,0.6016011950870355
midas_ops,MIDAS,#C85A3C,Biological completion,9,gene_holdout_main,Gene,Biohub_OPS0070,1,0.5593972905228535
midas_ops,MIDAS,#C85A3C,Biological completion,9,gene_holdout_main,Gene,Biohub_OPS0071,1,0.5700920180107156
midas_ops,MIDAS,#C85A3C,Biological completion,9,gene_holdout_main,Gene,Biohub_OPS0072,2,0.747304738064607
midas_ops,MIDAS,#C85A3C,Biological completion,9,gene_holdout_main,Gene,Biohub_OPS0073,1,0.39605719828978175
midas_ops,MIDAS,#C85A3C,Biological completion,9,gene_holdout_main,Gene,Biohub_OPS0074,2,0.7752552171548208
midas_ops,MIDAS,#C85A3C,Biological completion,9,gene_holdout_main,Gene,Biohub_OPS0075,1,0.717456523453196
midas_ops,MIDAS,#C85A3C,Biological completion,9,gene_holdout_main,Gene,Biohub_OPS0076,1,0.7796238462130228
midas_ops,MIDAS,#C85A3C,Biological completion,9,gene_holdout_main,Gene,Biohub_OPS0077,6,0.30250261507462706
midas_ops,MIDAS,#C85A3C,Biological completion,9,strict_whole_screen,Whole-screen,Biohub_OPS0001,2,0.691260319451491
midas_ops,MIDAS,#C85A3C,Biological completion,9,strict_whole_screen,Whole-screen,Biohub_OPS0002,1,0.5911070027699074
midas_ops,MIDAS,#C85A3C,Biological completion,9,strict_whole_screen,Whole-screen,Biohub_OPS0003,1,0.8224802985787392
midas_ops,MIDAS,#C85A3C,Biological completion,9,strict_whole_screen,Whole-screen,Biohub_OPS0004,1,0.7878800394634405
midas_ops,MIDAS,#C85A3C,Biological completion,9,strict_whole_screen,Whole-screen,Biohub_OPS0005,2,0.6541447487970193
midas_ops,MIDAS,#C85A3C,Biological completion,9,strict_whole_screen,Whole-screen,Biohub_OPS0006,2,0.6126950266460578
midas_ops,MIDAS,#C85A3C,Biological completion,9,strict_whole_screen,Whole-screen,Biohub_OPS0007,2,0.6416257238636414
midas_ops,MIDAS,#C85A3C,Biological completion,9,strict_whole_screen,Whole-screen,Biohub_OPS0008,2,0.6646155392130215
midas_ops,MIDAS,#C85A3C,Biological completion,9,strict_whole_screen,Whole-screen,Biohub_OPS0009,2,0.6618588339537382
midas_ops,MIDAS,#C85A3C,Biological completion,9,strict_whole_screen,Whole-screen,Biohub_OPS0011,1,0.5165771127988895
midas_ops,MIDAS,#C85A3C,Biological completion,9,strict_whole_screen,Whole-screen,Biohub_OPS0012,1,0.5842368874388436
midas_ops,MIDAS,#C85A3C,Biological completion,9,strict_whole_screen,Whole-screen,Biohub_OPS0013,1,0.5771296285092831
midas_ops,MIDAS,#C85A3C,Biological completion,9,strict_whole_screen,Whole-screen,Biohub_OPS0014,1,0.7135257845123609
midas_ops,MIDAS,#C85A3C,Biological completion,9,strict_whole_screen,Whole-screen,Biohub_OPS0015,1,0.5787832414110502
midas_ops,MIDAS,#C85A3C,Biological completion,9,strict_whole_screen,Whole-screen,Biohub_OPS0016,1,0.5394437896708647
midas_ops,MIDAS,#C85A3C,Biological completion,9,strict_whole_screen,Whole-screen,Biohub_OPS0017,1,0.5140683613717556
midas_ops,MIDAS,#C85A3C,Biological completion,9,strict_whole_screen,Whole-screen,Biohub_OPS0018,1,0.750813027843833
midas_ops,MIDAS,#C85A3C,Biological completion,9,strict_whole_screen,Whole-screen,Biohub_OPS0019,1,0.743721308807532
midas_ops,MIDAS,#C85A3C,Biological completion,9,strict_whole_screen,Whole-screen,Biohub_OPS0020,1,0.4661026517860591
midas_ops,MIDAS,#C85A3C,Biological completion,9,strict_whole_screen,Whole-screen,Biohub_OPS0021,1,0.5143345038716992
midas_ops,MIDAS,#C85A3C,Biological completion,9,strict_whole_screen,Whole-screen,Biohub_OPS0022,1,0.4777579653697709
midas_ops,MIDAS,#C85A3C,Biological completion,9,strict_whole_screen,Whole-screen,Biohub_OPS0023,1,0.3586720755944649
midas_ops,MIDAS,#C85A3C,Biological completion,9,strict_whole_screen,Whole-screen,Biohub_OPS0025,1,0.6823863905544082
midas_ops,MIDAS,#C85A3C,Biological completion,9,strict_whole_screen,Whole-screen,Biohub_OPS0026,1,0.7614082787185907
midas_ops,MIDAS,#C85A3C,Biological completion,9,strict_whole_screen,Whole-screen,Biohub_OPS0027,1,0.6788267716571378
midas_ops,MIDAS,#C85A3C,Biological completion,9,strict_whole_screen,Whole-screen,Biohub_OPS0028,1,0.722823136796554
midas_ops,MIDAS,#C85A3C,Biological completion,9,strict_whole_screen,Whole-screen,Biohub_OPS0029,1,0.4852306881609062
midas_ops,MIDAS,#C85A3C,Biological completion,9,strict_whole_screen,Whole-screen,Biohub_OPS0030,1,0.4435581816360354
midas_ops,MIDAS,#C85A3C,Biological completion,9,strict_whole_screen,Whole-screen,Biohub_OPS0031,1,0.5191068928688765
midas_ops,MIDAS,#C85A3C,Biological completion,9,strict_whole_screen,Whole-screen,Biohub_OPS0032,1,0.5916538964956999
midas_ops,MIDAS,#C85A3C,Biological completion,9,strict_whole_screen,Whole-screen,Biohub_OPS0033,1,0.8031073144326607
midas_ops,MIDAS,#C85A3C,Biological completion,9,strict_whole_screen,Whole-screen,Biohub_OPS0034,1,0.7100399844348431
midas_ops,MIDAS,#C85A3C,Biological completion,9,strict_whole_screen,Whole-screen,Biohub_OPS0036,1,0.5229643322527409
midas_ops,MIDAS,#C85A3C,Biological completion,9,strict_whole_screen,Whole-screen,Biohub_OPS0040,1,0.6898271686707934
midas_ops,MIDAS,#C85A3C,Biological completion,9,strict_whole_screen,Whole-screen,Biohub_OPS0041,1,0.333700072641174
midas_ops,MIDAS,#C85A3C,Biological completion,9,strict_whole_screen,Whole-screen,Biohub_OPS0042,1,0.5841862459977468
midas_ops,MIDAS,#C85A3C,Biological completion,9,strict_whole_screen,Whole-screen,Biohub_OPS0044,1,0.7927409143497547
midas_ops,MIDAS,#C85A3C,Biological completion,9,strict_whole_screen,Whole-screen,Biohub_OPS0045,2,0.47636473256473744
midas_ops,MIDAS,#C85A3C,Biological completion,9,strict_whole_screen,Whole-screen,Biohub_OPS0047,1,-0.0177784696764623
midas_ops,MIDAS,#C85A3C,Biological completion,9,strict_whole_screen,Whole-screen,Biohub_OPS0048,1,0.5247749403739969
midas_ops,MIDAS,#C85A3C,Biological completion,9,strict_whole_screen,Whole-screen,Biohub_OPS0050,1,0.390909328435858
midas_ops,MIDAS,#C85A3C,Biological completion,9,strict_whole_screen,Whole-screen,Biohub_OPS0051,1,0.598190967614452
midas_ops,MIDAS,#C85A3C,Biological completion,9,strict_whole_screen,Whole-screen,Biohub_OPS0053,1,0.456546023041786
midas_ops,MIDAS,#C85A3C,Biological completion,9,strict_whole_screen,Whole-screen,Biohub_OPS0054,1,0.4703737925738096
midas_ops,MIDAS,#C85A3C,Biological completion,9,strict_whole_screen,Whole-screen,Biohub_OPS0055,1,0.8077643321206173
midas_ops,MIDAS,#C85A3C,Biological completion,9,strict_whole_screen,Whole-screen,Biohub_OPS0056,1,0.7693993660310904
midas_ops,MIDAS,#C85A3C,Biological completion,9,strict_whole_screen,Whole-screen,Biohub_OPS0057,2,0.45942286132291577
midas_ops,MIDAS,#C85A3C,Biological completion,9,strict_whole_screen,Whole-screen,Biohub_OPS0058,1,0.5773693335553011
midas_ops,MIDAS,#C85A3C,Biological completion,9,strict_whole_screen,Whole-screen,Biohub_OPS0059,1,0.449764775733153
midas_ops,MIDAS,#C85A3C,Biological completion,9,strict_whole_screen,Whole-screen,Biohub_OPS0060,1,0.7169427989671627
midas_ops,MIDAS,#C85A3C,Biological completion,9,strict_whole_screen,Whole-screen,Biohub_OPS0061,2,0.5401716670021415
midas_ops,MIDAS,#C85A3C,Biological completion,9,strict_whole_screen,Whole-screen,Biohub_OPS0062,2,0.4671495617367327
midas_ops,MIDAS,#C85A3C,Biological completion,9,strict_whole_screen,Whole-screen,Biohub_OPS0063,1,0.573308078572154
midas_ops,MIDAS,#C85A3C,Biological completion,9,strict_whole_screen,Whole-screen,Biohub_OPS0064,2,0.30525204456838156
midas_ops,MIDAS,#C85A3C,Biological completion,9,strict_whole_screen,Whole-screen,Biohub_OPS0065,2,0.4932837019053598
midas_ops,MIDAS,#C85A3C,Biological completion,9,strict_whole_screen,Whole-screen,Biohub_OPS0066,1,0.6968097196271023
midas_ops,MIDAS,#C85A3C,Biological completion,9,strict_whole_screen,Whole-screen,Biohub_OPS0067,1,0.145614539302187
midas_ops,MIDAS,#C85A3C,Biological completion,9,strict_whole_screen,Whole-screen,Biohub_OPS0068,1,0.4963811971247196
midas_ops,MIDAS,#C85A3C,Biological completion,9,strict_whole_screen,Whole-screen,Biohub_OPS0069,2,0.44023864756066666
midas_ops,MIDAS,#C85A3C,Biological completion,9,strict_whole_screen,Whole-screen,Biohub_OPS0070,1,0.3738596809950347
midas_ops,MIDAS,#C85A3C,Biological completion,9,strict_whole_screen,Whole-screen,Biohub_OPS0071,1,0.530041960068047
midas_ops,MIDAS,#C85A3C,Biological completion,9,strict_whole_screen,Whole-screen,Biohub_OPS0072,2,0.6906683420141537
midas_ops,MIDAS,#C85A3C,Biological completion,9,strict_whole_screen,Whole-screen,Biohub_OPS0073,1,0.3972881201189011
midas_ops,MIDAS,#C85A3C,Biological completion,9,strict_whole_screen,Whole-screen,Biohub_OPS0074,2,0.6680286461487412
midas_ops,MIDAS,#C85A3C,Biological completion,9,strict_whole_screen,Whole-screen,Biohub_OPS0075,1,0.5740085685004791
midas_ops,MIDAS,#C85A3C,Biological completion,9,strict_whole_screen,Whole-screen,Biohub_OPS0076,1,0.7500886308650175
mlp,MLP,#7B6597,Neural specialists,4,field_holdout_sanity,Field,Biohub_OPS0001,2,0.7309005730102459
mlp,MLP,#7B6597,Neural specialists,4,field_holdout_sanity,Field,Biohub_OPS0002,1,0.7681630479792754
mlp,MLP,#7B6597,Neural specialists,4,field_holdout_sanity,Field,Biohub_OPS0003,1,0.8588934734463691
mlp,MLP,#7B6597,Neural specialists,4,field_holdout_sanity,Field,Biohub_OPS0004,1,0.8588934734463691
mlp,MLP,#7B6597,Neural specialists,4,field_holdout_sanity,Field,Biohub_OPS0005,2,0.7309005730102459
mlp,MLP,#7B6597,Neural specialists,4,field_holdout_sanity,Field,Biohub_OPS0006,2,0.7309005730102459
mlp,MLP,#7B6597,Neural specialists,4,field_holdout_sanity,Field,Biohub_OPS0007,2,0.7309005730102459
mlp,MLP,#7B6597,Neural specialists,4,field_holdout_sanity,Field,Biohub_OPS0008,2,0.7309005730102459
mlp,MLP,#7B6597,Neural specialists,4,field_holdout_sanity,Field,Biohub_OPS0009,2,0.7309005730102459
mlp,MLP,#7B6597,Neural specialists,4,field_holdout_sanity,Field,Biohub_OPS0011,1,0.7377426361044248
mlp,MLP,#7B6597,Neural specialists,4,field_holdout_sanity,Field,Biohub_OPS0012,1,0.7377426361044248
mlp,MLP,#7B6597,Neural specialists,4,field_holdout_sanity,Field,Biohub_OPS0013,1,0.8342737483481566
mlp,MLP,#7B6597,Neural specialists,4,field_holdout_sanity,Field,Biohub_OPS0014,1,0.8929057759543261
mlp,MLP,#7B6597,Neural specialists,4,field_holdout_sanity,Field,Biohub_OPS0015,1,0.7768353002766768
mlp,MLP,#7B6597,Neural specialists,4,field_holdout_sanity,Field,Biohub_OPS0016,1,0.8954352522889772
mlp,MLP,#7B6597,Neural specialists,4,field_holdout_sanity,Field,Biohub_OPS0017,1,0.8954352522889772
mlp,MLP,#7B6597,Neural specialists,4,field_holdout_sanity,Field,Biohub_OPS0018,1,0.8765268161892891
mlp,MLP,#7B6597,Neural specialists,4,field_holdout_sanity,Field,Biohub_OPS0019,1,0.8765268161892891
mlp,MLP,#7B6597,Neural specialists,4,field_holdout_sanity,Field,Biohub_OPS0020,1,0.7584805267552535
mlp,MLP,#7B6597,Neural specialists,4,field_holdout_sanity,Field,Biohub_OPS0021,1,0.7584805267552535
mlp,MLP,#7B6597,Neural specialists,4,field_holdout_sanity,Field,Biohub_OPS0022,1,0.8206031583249569
mlp,MLP,#7B6597,Neural specialists,4,field_holdout_sanity,Field,Biohub_OPS0023,1,0.8380859834452471
mlp,MLP,#7B6597,Neural specialists,4,field_holdout_sanity,Field,Biohub_OPS0025,1,0.8342737483481566
mlp,MLP,#7B6597,Neural specialists,4,field_holdout_sanity,Field,Biohub_OPS0026,1,0.8929057759543261
mlp,MLP,#7B6597,Neural specialists,4,field_holdout_sanity,Field,Biohub_OPS0027,1,0.8720988959074021
mlp,MLP,#7B6597,Neural specialists,4,field_holdout_sanity,Field,Biohub_OPS0028,1,0.7928455385069053
mlp,MLP,#7B6597,Neural specialists,4,field_holdout_sanity,Field,Biohub_OPS0029,1,0.6564915247261525
mlp,MLP,#7B6597,Neural specialists,4,field_holdout_sanity,Field,Biohub_OPS0030,1,0.6619287657241026
mlp,MLP,#7B6597,Neural specialists,4,field_holdout_sanity,Field,Biohub_OPS0031,1,0.6581768157581489
mlp,MLP,#7B6597,Neural specialists,4,field_holdout_sanity,Field,Biohub_OPS0032,1,0.6592815580467383
mlp,MLP,#7B6597,Neural specialists,4,field_holdout_sanity,Field,Biohub_OPS0033,1,0.9044499563674131
mlp,MLP,#7B6597,Neural specialists,4,field_holdout_sanity,Field,Biohub_OPS0034,1,0.8735660480956235
mlp,MLP,#7B6597,Neural specialists,4,field_holdout_sanity,Field,Biohub_OPS0035,1,0.8496331957479318
mlp,MLP,#7B6597,Neural specialists,4,field_holdout_sanity,Field,Biohub_OPS0036,1,0.8651253054539362
mlp,MLP,#7B6597,Neural specialists,4,field_holdout_sanity,Field,Biohub_OPS0037,1,0.8769817541042964
mlp,MLP,#7B6597,Neural specialists,4,field_holdout_sanity,Field,Biohub_OPS0039,1,0.8358648029466471
mlp,MLP,#7B6597,Neural specialists,4,field_holdout_sanity,Field,Biohub_OPS0040,1,0.8954352522889772
mlp,MLP,#7B6597,Neural specialists,4,field_holdout_sanity,Field,Biohub_OPS0041,1,0.8288543522357941
mlp,MLP,#7B6597,Neural specialists,4,field_holdout_sanity,Field,Biohub_OPS0042,1,0.828465968122085
mlp,MLP,#7B6597,Neural specialists,4,field_holdout_sanity,Field,Biohub_OPS0043,7,0.5737901828769181
mlp,MLP,#7B6597,Neural specialists,4,field_holdout_sanity,Field,Biohub_OPS0044,1,0.8935866643985113
mlp,MLP,#7B6597,Neural specialists,4,field_holdout_sanity,Field,Biohub_OPS0045,2,0.7961785424500705
mlp,MLP,#7B6597,Neural specialists,4,field_holdout_sanity,Field,Biohub_OPS0046,1,0.7295723417152962
mlp,MLP,#7B6597,Neural specialists,4,field_holdout_sanity,Field,Biohub_OPS0047,1,0.9567687208453816
mlp,MLP,#7B6597,Neural specialists,4,field_holdout_sanity,Field,Biohub_OPS0048,1,0.7798352691034476
mlp,MLP,#7B6597,Neural specialists,4,field_holdout_sanity,Field,Biohub_OPS0050,1,0.5451434754766524
mlp,MLP,#7B6597,Neural specialists,4,field_holdout_sanity,Field,Biohub_OPS0051,1,0.7681630479792754
mlp,MLP,#7B6597,Neural specialists,4,field_holdout_sanity,Field,Biohub_OPS0052,1,0.5465968826785683
mlp,MLP,#7B6597,Neural specialists,4,field_holdout_sanity,Field,Biohub_OPS0053,1,0.8035228528082371
mlp,MLP,#7B6597,Neural specialists,4,field_holdout_sanity,Field,Biohub_OPS0054,1,0.6581768157581489
mlp,MLP,#7B6597,Neural specialists,4,field_holdout_sanity,Field,Biohub_OPS0055,1,0.8935866643985113
mlp,MLP,#7B6597,Neural specialists,4,field_holdout_sanity,Field,Biohub_OPS0056,1,0.8935866643985113
mlp,MLP,#7B6597,Neural specialists,4,field_holdout_sanity,Field,Biohub_OPS0057,2,0.7961785424500705
mlp,MLP,#7B6597,Neural specialists,4,field_holdout_sanity,Field,Biohub_OPS0058,1,0.828465968122085
mlp,MLP,#7B6597,Neural specialists,4,field_holdout_sanity,Field,Biohub_OPS0059,1,0.6619287657241026
mlp,MLP,#7B6597,Neural specialists,4,field_holdout_sanity,Field,Biohub_OPS0060,1,0.8720988959074021
mlp,MLP,#7B6597,Neural specialists,4,field_holdout_sanity,Field,Biohub_OPS0061,2,0.8030313696091373
mlp,MLP,#7B6597,Neural specialists,4,field_holdout_sanity,Field,Biohub_OPS0062,2,0.7848958930000662
mlp,MLP,#7B6597,Neural specialists,4,field_holdout_sanity,Field,Biohub_OPS0063,1,0.8147848745187124
mlp,MLP,#7B6597,Neural specialists,4,field_holdout_sanity,Field,Biohub_OPS0064,2,0.7232450282822053
mlp,MLP,#7B6597,Neural specialists,4,field_holdout_sanity,Field,Biohub_OPS0065,2,0.862526557346185
mlp,MLP,#7B6597,Neural specialists,4,field_holdout_sanity,Field,Biohub_OPS0066,1,0.8735660480956235
mlp,MLP,#7B6597,Neural specialists,4,field_holdout_sanity,Field,Biohub_OPS0067,1,0.9567687208453816
mlp,MLP,#7B6597,Neural specialists,4,field_holdout_sanity,Field,Biohub_OPS0068,1,0.7768353002766768
mlp,MLP,#7B6597,Neural specialists,4,field_holdout_sanity,Field,Biohub_OPS0069,2,0.7114012364298106
mlp,MLP,#7B6597,Neural specialists,4,field_holdout_sanity,Field,Biohub_OPS0070,1,0.6564915247261525
mlp,MLP,#7B6597,Neural specialists,4,field_holdout_sanity,Field,Biohub_OPS0071,1,0.6592815580467383
mlp,MLP,#7B6597,Neural specialists,4,field_holdout_sanity,Field,Biohub_OPS0072,2,0.8486477474371592
mlp,MLP,#7B6597,Neural specialists,4,field_holdout_sanity,Field,Biohub_OPS0073,1,0.5451434754766524
mlp,MLP,#7B6597,Neural specialists,4,field_holdout_sanity,Field,Biohub_OPS0074,2,0.8712679699063302
mlp,MLP,#7B6597,Neural specialists,4,field_holdout_sanity,Field,Biohub_OPS0075,1,0.8147848745187124
mlp,MLP,#7B6597,Neural specialists,4,field_holdout_sanity,Field,Biohub_OPS0076,1,0.9044499563674131
mlp,MLP,#7B6597,Neural specialists,4,field_holdout_sanity,Field,Biohub_OPS0077,6,0.43818728948632873
mlp,MLP,#7B6597,Neural specialists,4,gene_holdout_main,Gene,Biohub_OPS0001,2,0.7273153655230999
mlp,MLP,#7B6597,Neural specialists,4,gene_holdout_main,Gene,Biohub_OPS0002,1,0.7681303031742572
mlp,MLP,#7B6597,Neural specialists,4,gene_holdout_main,Gene,Biohub_OPS0003,1,0.8580037847161293
mlp,MLP,#7B6597,Neural specialists,4,gene_holdout_main,Gene,Biohub_OPS0004,1,0.8580037847161293
mlp,MLP,#7B6597,Neural specialists,4,gene_holdout_main,Gene,Biohub_OPS0005,2,0.7273153655230999
mlp,MLP,#7B6597,Neural specialists,4,gene_holdout_main,Gene,Biohub_OPS0006,2,0.7273153655230999
mlp,MLP,#7B6597,Neural specialists,4,gene_holdout_main,Gene,Biohub_OPS0007,2,0.7273153655230999
mlp,MLP,#7B6597,Neural specialists,4,gene_holdout_main,Gene,Biohub_OPS0008,2,0.7273153655230999
mlp,MLP,#7B6597,Neural specialists,4,gene_holdout_main,Gene,Biohub_OPS0009,2,0.7273153655230999
mlp,MLP,#7B6597,Neural specialists,4,gene_holdout_main,Gene,Biohub_OPS0011,1,0.7382593480249245
mlp,MLP,#7B6597,Neural specialists,4,gene_holdout_main,Gene,Biohub_OPS0012,1,0.7382593480249245
mlp,MLP,#7B6597,Neural specialists,4,gene_holdout_main,Gene,Biohub_OPS0013,1,0.8342490834494433
mlp,MLP,#7B6597,Neural specialists,4,gene_holdout_main,Gene,Biohub_OPS0014,1,0.8925762228667736
mlp,MLP,#7B6597,Neural specialists,4,gene_holdout_main,Gene,Biohub_OPS0015,1,0.7774880518515904
mlp,MLP,#7B6597,Neural specialists,4,gene_holdout_main,Gene,Biohub_OPS0016,1,0.8952306864162287
mlp,MLP,#7B6597,Neural specialists,4,gene_holdout_main,Gene,Biohub_OPS0017,1,0.8952306864162287
mlp,MLP,#7B6597,Neural specialists,4,gene_holdout_main,Gene,Biohub_OPS0018,1,0.8770648288230101
mlp,MLP,#7B6597,Neural specialists,4,gene_holdout_main,Gene,Biohub_OPS0019,1,0.8770648288230101
mlp,MLP,#7B6597,Neural specialists,4,gene_holdout_main,Gene,Biohub_OPS0020,1,0.758284901206692
mlp,MLP,#7B6597,Neural specialists,4,gene_holdout_main,Gene,Biohub_OPS0021,1,0.758284901206692
mlp,MLP,#7B6597,Neural specialists,4,gene_holdout_main,Gene,Biohub_OPS0022,1,0.8212993567188581
mlp,MLP,#7B6597,Neural specialists,4,gene_holdout_main,Gene,Biohub_OPS0023,1,0.8383782637616
mlp,MLP,#7B6597,Neural specialists,4,gene_holdout_main,Gene,Biohub_OPS0025,1,0.8342490834494433
mlp,MLP,#7B6597,Neural specialists,4,gene_holdout_main,Gene,Biohub_OPS0026,1,0.8925762228667736
mlp,MLP,#7B6597,Neural specialists,4,gene_holdout_main,Gene,Biohub_OPS0027,1,0.8720412065585454
mlp,MLP,#7B6597,Neural specialists,4,gene_holdout_main,Gene,Biohub_OPS0028,1,0.792593349268039
mlp,MLP,#7B6597,Neural specialists,4,gene_holdout_main,Gene,Biohub_OPS0029,1,0.6565196474393209
mlp,MLP,#7B6597,Neural specialists,4,gene_holdout_main,Gene,Biohub_OPS0030,1,0.663793463508288
mlp,MLP,#7B6597,Neural specialists,4,gene_holdout_main,Gene,Biohub_OPS0031,1,0.6602340005338192
mlp,MLP,#7B6597,Neural specialists,4,gene_holdout_main,Gene,Biohub_OPS0032,1,0.6615000086526076
mlp,MLP,#7B6597,Neural specialists,4,gene_holdout_main,Gene,Biohub_OPS0033,1,0.9047383271157742
mlp,MLP,#7B6597,Neural specialists,4,gene_holdout_main,Gene,Biohub_OPS0034,1,0.8742800414562225
mlp,MLP,#7B6597,Neural specialists,4,gene_holdout_main,Gene,Biohub_OPS0035,1,0.8503504375616708
mlp,MLP,#7B6597,Neural specialists,4,gene_holdout_main,Gene,Biohub_OPS0036,1,0.866046137114366
mlp,MLP,#7B6597,Neural specialists,4,gene_holdout_main,Gene,Biohub_OPS0037,1,0.8771788078049818
mlp,MLP,#7B6597,Neural specialists,4,gene_holdout_main,Gene,Biohub_OPS0039,1,0.8364820592105389
mlp,MLP,#7B6597,Neural specialists,4,gene_holdout_main,Gene,Biohub_OPS0040,1,0.8952306864162287
mlp,MLP,#7B6597,Neural specialists,4,gene_holdout_main,Gene,Biohub_OPS0041,1,0.8291826419532299
mlp,MLP,#7B6597,Neural specialists,4,gene_holdout_main,Gene,Biohub_OPS0042,1,0.8288706029454866
mlp,MLP,#7B6597,Neural specialists,4,gene_holdout_main,Gene,Biohub_OPS0043,7,0.5758363904638423
mlp,MLP,#7B6597,Neural specialists,4,gene_holdout_main,Gene,Biohub_OPS0044,1,0.8941016716261705
mlp,MLP,#7B6597,Neural specialists,4,gene_holdout_main,Gene,Biohub_OPS0045,2,0.7972498066723348
mlp,MLP,#7B6597,Neural specialists,4,gene_holdout_main,Gene,Biohub_OPS0046,1,0.7268860680361588
mlp,MLP,#7B6597,Neural specialists,4,gene_holdout_main,Gene,Biohub_OPS0047,1,0.9574326621989409
mlp,MLP,#7B6597,Neural specialists,4,gene_holdout_main,Gene,Biohub_OPS0048,1,0.7781610858937105
mlp,MLP,#7B6597,Neural specialists,4,gene_holdout_main,Gene,Biohub_OPS0050,1,0.5429519231120745
mlp,MLP,#7B6597,Neural specialists,4,gene_holdout_main,Gene,Biohub_OPS0051,1,0.7681303031742572
mlp,MLP,#7B6597,Neural specialists,4,gene_holdout_main,Gene,Biohub_OPS0052,1,0.5497823206086954
mlp,MLP,#7B6597,Neural specialists,4,gene_holdout_main,Gene,Biohub_OPS0053,1,0.8037591859698295
mlp,MLP,#7B6597,Neural specialists,4,gene_holdout_main,Gene,Biohub_OPS0054,1,0.6602340005338192
mlp,MLP,#7B6597,Neural specialists,4,gene_holdout_main,Gene,Biohub_OPS0055,1,0.8941016716261705
mlp,MLP,#7B6597,Neural specialists,4,gene_holdout_main,Gene,Biohub_OPS0056,1,0.8941016716261705
mlp,MLP,#7B6597,Neural specialists,4,gene_holdout_main,Gene,Biohub_OPS0057,2,0.7972498066723348
mlp,MLP,#7B6597,Neural specialists,4,gene_holdout_main,Gene,Biohub_OPS0058,1,0.8288706029454866
mlp,MLP,#7B6597,Neural specialists,4,gene_holdout_main,Gene,Biohub_OPS0059,1,0.663793463508288
mlp,MLP,#7B6597,Neural specialists,4,gene_holdout_main,Gene,Biohub_OPS0060,1,0.8720412065585454
mlp,MLP,#7B6597,Neural specialists,4,gene_holdout_main,Gene,Biohub_OPS0061,2,0.8036646994451682
mlp,MLP,#7B6597,Neural specialists,4,gene_holdout_main,Gene,Biohub_OPS0062,2,0.7852329518646002
mlp,MLP,#7B6597,Neural specialists,4,gene_holdout_main,Gene,Biohub_OPS0063,1,0.8152528561651706
mlp,MLP,#7B6597,Neural specialists,4,gene_holdout_main,Gene,Biohub_OPS0064,2,0.7237780819336573
mlp,MLP,#7B6597,Neural specialists,4,gene_holdout_main,Gene,Biohub_OPS0065,2,0.8630188419173161
mlp,MLP,#7B6597,Neural specialists,4,gene_holdout_main,Gene,Biohub_OPS0066,1,0.8742800414562225
mlp,MLP,#7B6597,Neural specialists,4,gene_holdout_main,Gene,Biohub_OPS0067,1,0.9574326621989409
mlp,MLP,#7B6597,Neural specialists,4,gene_holdout_main,Gene,Biohub_OPS0068,1,0.7774880518515904
mlp,MLP,#7B6597,Neural specialists,4,gene_holdout_main,Gene,Biohub_OPS0069,2,0.7109790318955977
mlp,MLP,#7B6597,Neural specialists,4,gene_holdout_main,Gene,Biohub_OPS0070,1,0.6565196474393209
mlp,MLP,#7B6597,Neural specialists,4,gene_holdout_main,Gene,Biohub_OPS0071,1,0.6615000086526076
mlp,MLP,#7B6597,Neural specialists,4,gene_holdout_main,Gene,Biohub_OPS0072,2,0.8486658381919066
mlp,MLP,#7B6597,Neural specialists,4,gene_holdout_main,Gene,Biohub_OPS0073,1,0.5429519231120745
mlp,MLP,#7B6597,Neural specialists,4,gene_holdout_main,Gene,Biohub_OPS0074,2,0.8715582954386871
mlp,MLP,#7B6597,Neural specialists,4,gene_holdout_main,Gene,Biohub_OPS0075,1,0.8152528561651706
mlp,MLP,#7B6597,Neural specialists,4,gene_holdout_main,Gene,Biohub_OPS0076,1,0.9047383271157742
mlp,MLP,#7B6597,Neural specialists,4,gene_holdout_main,Gene,Biohub_OPS0077,6,0.4391260293622811
mlp,MLP,#7B6597,Neural specialists,4,strict_whole_screen,Whole-screen,Biohub_OPS0001,2,0.7715711216131846
mlp,MLP,#7B6597,Neural specialists,4,strict_whole_screen,Whole-screen,Biohub_OPS0002,1,0.5818052434672912
mlp,MLP,#7B6597,Neural specialists,4,strict_whole_screen,Whole-screen,Biohub_OPS0003,1,0.8685456191500028
mlp,MLP,#7B6597,Neural specialists,4,strict_whole_screen,Whole-screen,Biohub_OPS0004,1,0.831451915204525
mlp,MLP,#7B6597,Neural specialists,4,strict_whole_screen,Whole-screen,Biohub_OPS0005,2,0.7364675755302111
mlp,MLP,#7B6597,Neural specialists,4,strict_whole_screen,Whole-screen,Biohub_OPS0006,2,0.6918944774816433
mlp,MLP,#7B6597,Neural specialists,4,strict_whole_screen,Whole-screen,Biohub_OPS0007,2,0.7055143802116315
mlp,MLP,#7B6597,Neural specialists,4,strict_whole_screen,Whole-screen,Biohub_OPS0008,2,0.7345302011817694
mlp,MLP,#7B6597,Neural specialists,4,strict_whole_screen,Whole-screen,Biohub_OPS0009,2,0.7272997880975405
mlp,MLP,#7B6597,Neural specialists,4,strict_whole_screen,Whole-screen,Biohub_OPS0011,1,0.6706332564353943
mlp,MLP,#7B6597,Neural specialists,4,strict_whole_screen,Whole-screen,Biohub_OPS0012,1,0.7280915603041649
mlp,MLP,#7B6597,Neural specialists,4,strict_whole_screen,Whole-screen,Biohub_OPS0013,1,0.6825814824551344
mlp,MLP,#7B6597,Neural specialists,4,strict_whole_screen,Whole-screen,Biohub_OPS0014,1,0.8424015479783217
mlp,MLP,#7B6597,Neural specialists,4,strict_whole_screen,Whole-screen,Biohub_OPS0015,1,0.4090439453721046
mlp,MLP,#7B6597,Neural specialists,4,strict_whole_screen,Whole-screen,Biohub_OPS0016,1,0.6400356106460094
mlp,MLP,#7B6597,Neural specialists,4,strict_whole_screen,Whole-screen,Biohub_OPS0017,1,0.6320660635828972
mlp,MLP,#7B6597,Neural specialists,4,strict_whole_screen,Whole-screen,Biohub_OPS0018,1,0.8541670988003413
mlp,MLP,#7B6597,Neural specialists,4,strict_whole_screen,Whole-screen,Biohub_OPS0019,1,0.8558121112485727
mlp,MLP,#7B6597,Neural specialists,4,strict_whole_screen,Whole-screen,Biohub_OPS0020,1,0.7392838541418314
mlp,MLP,#7B6597,Neural specialists,4,strict_whole_screen,Whole-screen,Biohub_OPS0021,1,0.7347715130696694
mlp,MLP,#7B6597,Neural specialists,4,strict_whole_screen,Whole-screen,Biohub_OPS0022,1,0.3429818746323387
mlp,MLP,#7B6597,Neural specialists,4,strict_whole_screen,Whole-screen,Biohub_OPS0023,1,0.4089267052089174
mlp,MLP,#7B6597,Neural specialists,4,strict_whole_screen,Whole-screen,Biohub_OPS0025,1,0.7180682681500912
mlp,MLP,#7B6597,Neural specialists,4,strict_whole_screen,Whole-screen,Biohub_OPS0026,1,0.8593509458005428
mlp,MLP,#7B6597,Neural specialists,4,strict_whole_screen,Whole-screen,Biohub_OPS0027,1,0.7479251505186161
mlp,MLP,#7B6597,Neural specialists,4,strict_whole_screen,Whole-screen,Biohub_OPS0028,1,0.743907019495964
mlp,MLP,#7B6597,Neural specialists,4,strict_whole_screen,Whole-screen,Biohub_OPS0029,1,0.5087725007906556
mlp,MLP,#7B6597,Neural specialists,4,strict_whole_screen,Whole-screen,Biohub_OPS0030,1,0.4900707965716719
mlp,MLP,#7B6597,Neural specialists,4,strict_whole_screen,Whole-screen,Biohub_OPS0031,1,0.5893679435054461
mlp,MLP,#7B6597,Neural specialists,4,strict_whole_screen,Whole-screen,Biohub_OPS0032,1,0.659181629618009
mlp,MLP,#7B6597,Neural specialists,4,strict_whole_screen,Whole-screen,Biohub_OPS0033,1,0.8468932441125313
mlp,MLP,#7B6597,Neural specialists,4,strict_whole_screen,Whole-screen,Biohub_OPS0034,1,0.8670885326961676
mlp,MLP,#7B6597,Neural specialists,4,strict_whole_screen,Whole-screen,Biohub_OPS0036,1,0.5156689093758663
mlp,MLP,#7B6597,Neural specialists,4,strict_whole_screen,Whole-screen,Biohub_OPS0040,1,0.5864763787637154
mlp,MLP,#7B6597,Neural specialists,4,strict_whole_screen,Whole-screen,Biohub_OPS0041,1,0.3476962683101495
mlp,MLP,#7B6597,Neural specialists,4,strict_whole_screen,Whole-screen,Biohub_OPS0042,1,0.5818764852980772
mlp,MLP,#7B6597,Neural specialists,4,strict_whole_screen,Whole-screen,Biohub_OPS0044,1,0.8745166386167208
mlp,MLP,#7B6597,Neural specialists,4,strict_whole_screen,Whole-screen,Biohub_OPS0045,2,0.5020362623035908
mlp,MLP,#7B6597,Neural specialists,4,strict_whole_screen,Whole-screen,Biohub_OPS0047,1,0.287030974519439
mlp,MLP,#7B6597,Neural specialists,4,strict_whole_screen,Whole-screen,Biohub_OPS0048,1,0.4957791920751333
mlp,MLP,#7B6597,Neural specialists,4,strict_whole_screen,Whole-screen,Biohub_OPS0050,1,0.507046697040399
mlp,MLP,#7B6597,Neural specialists,4,strict_whole_screen,Whole-screen,Biohub_OPS0051,1,0.5780414553980032
mlp,MLP,#7B6597,Neural specialists,4,strict_whole_screen,Whole-screen,Biohub_OPS0053,1,0.1961221382662188
mlp,MLP,#7B6597,Neural specialists,4,strict_whole_screen,Whole-screen,Biohub_OPS0054,1,0.5909862077484528
mlp,MLP,#7B6597,Neural specialists,4,strict_whole_screen,Whole-screen,Biohub_OPS0055,1,0.8689920349667469
mlp,MLP,#7B6597,Neural specialists,4,strict_whole_screen,Whole-screen,Biohub_OPS0056,1,0.8571323342621326
mlp,MLP,#7B6597,Neural specialists,4,strict_whole_screen,Whole-screen,Biohub_OPS0057,2,0.5847806297242641
mlp,MLP,#7B6597,Neural specialists,4,strict_whole_screen,Whole-screen,Biohub_OPS0058,1,0.4776987864946325
mlp,MLP,#7B6597,Neural specialists,4,strict_whole_screen,Whole-screen,Biohub_OPS0059,1,0.4865749329328537
mlp,MLP,#7B6597,Neural specialists,4,strict_whole_screen,Whole-screen,Biohub_OPS0060,1,0.8019144758582115
mlp,MLP,#7B6597,Neural specialists,4,strict_whole_screen,Whole-screen,Biohub_OPS0061,2,0.4570377861770491
mlp,MLP,#7B6597,Neural specialists,4,strict_whole_screen,Whole-screen,Biohub_OPS0062,2,0.38872934767277906
mlp,MLP,#7B6597,Neural specialists,4,strict_whole_screen,Whole-screen,Biohub_OPS0063,1,0.3279725636045138
mlp,MLP,#7B6597,Neural specialists,4,strict_whole_screen,Whole-screen,Biohub_OPS0064,2,0.3830954428801003
mlp,MLP,#7B6597,Neural specialists,4,strict_whole_screen,Whole-screen,Biohub_OPS0065,2,0.5274485091989239
mlp,MLP,#7B6597,Neural specialists,4,strict_whole_screen,Whole-screen,Biohub_OPS0066,1,0.8536791503429413
mlp,MLP,#7B6597,Neural specialists,4,strict_whole_screen,Whole-screen,Biohub_OPS0067,1,0.1200062991313946
mlp,MLP,#7B6597,Neural specialists,4,strict_whole_screen,Whole-screen,Biohub_OPS0068,1,0.4621220593883966
mlp,MLP,#7B6597,Neural specialists,4,strict_whole_screen,Whole-screen,Biohub_OPS0069,2,0.3968184555803115
mlp,MLP,#7B6597,Neural specialists,4,strict_whole_screen,Whole-screen,Biohub_OPS0070,1,0.3856444995229443
mlp,MLP,#7B6597,Neural specialists,4,strict_whole_screen,Whole-screen,Biohub_OPS0071,1,0.6036720847090086
mlp,MLP,#7B6597,Neural specialists,4,strict_whole_screen,Whole-screen,Biohub_OPS0072,2,0.7386624459177256
mlp,MLP,#7B6597,Neural specialists,4,strict_whole_screen,Whole-screen,Biohub_OPS0073,1,0.4841063097119331
mlp,MLP,#7B6597,Neural specialists,4,strict_whole_screen,Whole-screen,Biohub_OPS0074,2,0.6261934877062837
mlp,MLP,#7B6597,Neural specialists,4,strict_whole_screen,Whole-screen,Biohub_OPS0075,1,0.5555328583965699
mlp,MLP,#7B6597,Neural specialists,4,strict_whole_screen,Whole-screen,Biohub_OPS0076,1,0.8368023658792177
multitab_pilot,MultiTab,#4FA7B8,Generic multi-task,8,field_holdout_sanity,Field,Biohub_OPS0001,2,0.7182809792955716
multitab_pilot,MultiTab,#4FA7B8,Generic multi-task,8,field_holdout_sanity,Field,Biohub_OPS0002,1,0.7621726547678312
multitab_pilot,MultiTab,#4FA7B8,Generic multi-task,8,field_holdout_sanity,Field,Biohub_OPS0003,1,0.8528227945168814
multitab_pilot,MultiTab,#4FA7B8,Generic multi-task,8,field_holdout_sanity,Field,Biohub_OPS0004,1,0.8528227945168814
multitab_pilot,MultiTab,#4FA7B8,Generic multi-task,8,field_holdout_sanity,Field,Biohub_OPS0005,2,0.7182809792955716
multitab_pilot,MultiTab,#4FA7B8,Generic multi-task,8,field_holdout_sanity,Field,Biohub_OPS0006,2,0.7182809792955716
multitab_pilot,MultiTab,#4FA7B8,Generic multi-task,8,field_holdout_sanity,Field,Biohub_OPS0007,2,0.7182809792955716
multitab_pilot,MultiTab,#4FA7B8,Generic multi-task,8,field_holdout_sanity,Field,Biohub_OPS0008,2,0.7182809792955716
multitab_pilot,MultiTab,#4FA7B8,Generic multi-task,8,field_holdout_sanity,Field,Biohub_OPS0009,2,0.7182809792955716
multitab_pilot,MultiTab,#4FA7B8,Generic multi-task,8,field_holdout_sanity,Field,Biohub_OPS0011,1,0.7242546183367571
multitab_pilot,MultiTab,#4FA7B8,Generic multi-task,8,field_holdout_sanity,Field,Biohub_OPS0012,1,0.7242546183367571
multitab_pilot,MultiTab,#4FA7B8,Generic multi-task,8,field_holdout_sanity,Field,Biohub_OPS0013,1,0.8151867978274823
multitab_pilot,MultiTab,#4FA7B8,Generic multi-task,8,field_holdout_sanity,Field,Biohub_OPS0014,1,0.879483050853014
multitab_pilot,MultiTab,#4FA7B8,Generic multi-task,8,field_holdout_sanity,Field,Biohub_OPS0015,1,0.7722186354299386
multitab_pilot,MultiTab,#4FA7B8,Generic multi-task,8,field_holdout_sanity,Field,Biohub_OPS0016,1,0.88680619597435
multitab_pilot,MultiTab,#4FA7B8,Generic multi-task,8,field_holdout_sanity,Field,Biohub_OPS0017,1,0.88680619597435
multitab_pilot,MultiTab,#4FA7B8,Generic multi-task,8,field_holdout_sanity,Field,Biohub_OPS0018,1,0.860371078302463
multitab_pilot,MultiTab,#4FA7B8,Generic multi-task,8,field_holdout_sanity,Field,Biohub_OPS0019,1,0.860371078302463
multitab_pilot,MultiTab,#4FA7B8,Generic multi-task,8,field_holdout_sanity,Field,Biohub_OPS0020,1,0.7359772449980179
multitab_pilot,MultiTab,#4FA7B8,Generic multi-task,8,field_holdout_sanity,Field,Biohub_OPS0021,1,0.7359772449980179
multitab_pilot,MultiTab,#4FA7B8,Generic multi-task,8,field_holdout_sanity,Field,Biohub_OPS0022,1,0.8240809604525566
multitab_pilot,MultiTab,#4FA7B8,Generic multi-task,8,field_holdout_sanity,Field,Biohub_OPS0023,1,0.8356580210228761
multitab_pilot,MultiTab,#4FA7B8,Generic multi-task,8,field_holdout_sanity,Field,Biohub_OPS0025,1,0.8151867978274823
multitab_pilot,MultiTab,#4FA7B8,Generic multi-task,8,field_holdout_sanity,Field,Biohub_OPS0026,1,0.879483050853014
multitab_pilot,MultiTab,#4FA7B8,Generic multi-task,8,field_holdout_sanity,Field,Biohub_OPS0027,1,0.8500115936001142
multitab_pilot,MultiTab,#4FA7B8,Generic multi-task,8,field_holdout_sanity,Field,Biohub_OPS0028,1,0.7905229623119037
multitab_pilot,MultiTab,#4FA7B8,Generic multi-task,8,field_holdout_sanity,Field,Biohub_OPS0029,1,0.6523910336196422
multitab_pilot,MultiTab,#4FA7B8,Generic multi-task,8,field_holdout_sanity,Field,Biohub_OPS0030,1,0.6360229889551798
multitab_pilot,MultiTab,#4FA7B8,Generic multi-task,8,field_holdout_sanity,Field,Biohub_OPS0031,1,0.6471640773117542
multitab_pilot,MultiTab,#4FA7B8,Generic multi-task,8,field_holdout_sanity,Field,Biohub_OPS0032,1,0.6539153431852658
multitab_pilot,MultiTab,#4FA7B8,Generic multi-task,8,field_holdout_sanity,Field,Biohub_OPS0033,1,0.8859719641506671
multitab_pilot,MultiTab,#4FA7B8,Generic multi-task,8,field_holdout_sanity,Field,Biohub_OPS0034,1,0.8451376418272654
multitab_pilot,MultiTab,#4FA7B8,Generic multi-task,8,field_holdout_sanity,Field,Biohub_OPS0035,1,0.841085459291935
multitab_pilot,MultiTab,#4FA7B8,Generic multi-task,8,field_holdout_sanity,Field,Biohub_OPS0036,1,0.8457858319083849
multitab_pilot,MultiTab,#4FA7B8,Generic multi-task,8,field_holdout_sanity,Field,Biohub_OPS0037,1,0.8666972555220127
multitab_pilot,MultiTab,#4FA7B8,Generic multi-task,8,field_holdout_sanity,Field,Biohub_OPS0039,1,0.8249661187330881
multitab_pilot,MultiTab,#4FA7B8,Generic multi-task,8,field_holdout_sanity,Field,Biohub_OPS0040,1,0.88680619597435
multitab_pilot,MultiTab,#4FA7B8,Generic multi-task,8,field_holdout_sanity,Field,Biohub_OPS0041,1,0.81581944723924
multitab_pilot,MultiTab,#4FA7B8,Generic multi-task,8,field_holdout_sanity,Field,Biohub_OPS0042,1,0.8097442445655665
multitab_pilot,MultiTab,#4FA7B8,Generic multi-task,8,field_holdout_sanity,Field,Biohub_OPS0043,7,0.5783067776097192
multitab_pilot,MultiTab,#4FA7B8,Generic multi-task,8,field_holdout_sanity,Field,Biohub_OPS0044,1,0.8685188859701156
multitab_pilot,MultiTab,#4FA7B8,Generic multi-task,8,field_holdout_sanity,Field,Biohub_OPS0045,2,0.7913747647156318
multitab_pilot,MultiTab,#4FA7B8,Generic multi-task,8,field_holdout_sanity,Field,Biohub_OPS0046,1,0.727945822601517
multitab_pilot,MultiTab,#4FA7B8,Generic multi-task,8,field_holdout_sanity,Field,Biohub_OPS0047,1,0.949852559218804
multitab_pilot,MultiTab,#4FA7B8,Generic multi-task,8,field_holdout_sanity,Field,Biohub_OPS0048,1,0.7779493647317091
multitab_pilot,MultiTab,#4FA7B8,Generic multi-task,8,field_holdout_sanity,Field,Biohub_OPS0050,1,0.5446632068604231
multitab_pilot,MultiTab,#4FA7B8,Generic multi-task,8,field_holdout_sanity,Field,Biohub_OPS0051,1,0.7621726547678312
multitab_pilot,MultiTab,#4FA7B8,Generic multi-task,8,field_holdout_sanity,Field,Biohub_OPS0052,1,0.5561465165267389
multitab_pilot,MultiTab,#4FA7B8,Generic multi-task,8,field_holdout_sanity,Field,Biohub_OPS0053,1,0.7984516337513924
multitab_pilot,MultiTab,#4FA7B8,Generic multi-task,8,field_holdout_sanity,Field,Biohub_OPS0054,1,0.6471640773117542
multitab_pilot,MultiTab,#4FA7B8,Generic multi-task,8,field_holdout_sanity,Field,Biohub_OPS0055,1,0.8685188859701156
multitab_pilot,MultiTab,#4FA7B8,Generic multi-task,8,field_holdout_sanity,Field,Biohub_OPS0056,1,0.8685188859701156
multitab_pilot,MultiTab,#4FA7B8,Generic multi-task,8,field_holdout_sanity,Field,Biohub_OPS0057,2,0.7913747647156318
multitab_pilot,MultiTab,#4FA7B8,Generic multi-task,8,field_holdout_sanity,Field,Biohub_OPS0058,1,0.8097442445655665
multitab_pilot,MultiTab,#4FA7B8,Generic multi-task,8,field_holdout_sanity,Field,Biohub_OPS0059,1,0.6360229889551798
multitab_pilot,MultiTab,#4FA7B8,Generic multi-task,8,field_holdout_sanity,Field,Biohub_OPS0060,1,0.8500115936001142
multitab_pilot,MultiTab,#4FA7B8,Generic multi-task,8,field_holdout_sanity,Field,Biohub_OPS0061,2,0.7799752450237671
multitab_pilot,MultiTab,#4FA7B8,Generic multi-task,8,field_holdout_sanity,Field,Biohub_OPS0062,2,0.7649920526891947
multitab_pilot,MultiTab,#4FA7B8,Generic multi-task,8,field_holdout_sanity,Field,Biohub_OPS0063,1,0.7992347113788127
multitab_pilot,MultiTab,#4FA7B8,Generic multi-task,8,field_holdout_sanity,Field,Biohub_OPS0064,2,0.708530683691303
multitab_pilot,MultiTab,#4FA7B8,Generic multi-task,8,field_holdout_sanity,Field,Biohub_OPS0065,2,0.855026462301612
multitab_pilot,MultiTab,#4FA7B8,Generic multi-task,8,field_holdout_sanity,Field,Biohub_OPS0066,1,0.8451376418272654
multitab_pilot,MultiTab,#4FA7B8,Generic multi-task,8,field_holdout_sanity,Field,Biohub_OPS0067,1,0.949852559218804
multitab_pilot,MultiTab,#4FA7B8,Generic multi-task,8,field_holdout_sanity,Field,Biohub_OPS0068,1,0.7722186354299386
multitab_pilot,MultiTab,#4FA7B8,Generic multi-task,8,field_holdout_sanity,Field,Biohub_OPS0069,2,0.6982795491814613
multitab_pilot,MultiTab,#4FA7B8,Generic multi-task,8,field_holdout_sanity,Field,Biohub_OPS0070,1,0.6523910336196422
multitab_pilot,MultiTab,#4FA7B8,Generic multi-task,8,field_holdout_sanity,Field,Biohub_OPS0071,1,0.6539153431852658
multitab_pilot,MultiTab,#4FA7B8,Generic multi-task,8,field_holdout_sanity,Field,Biohub_OPS0072,2,0.8382474632312854
multitab_pilot,MultiTab,#4FA7B8,Generic multi-task,8,field_holdout_sanity,Field,Biohub_OPS0073,1,0.5446632068604231
multitab_pilot,MultiTab,#4FA7B8,Generic multi-task,8,field_holdout_sanity,Field,Biohub_OPS0074,2,0.8608149925867716
multitab_pilot,MultiTab,#4FA7B8,Generic multi-task,8,field_holdout_sanity,Field,Biohub_OPS0075,1,0.7992347113788127
multitab_pilot,MultiTab,#4FA7B8,Generic multi-task,8,field_holdout_sanity,Field,Biohub_OPS0076,1,0.8859719641506671
multitab_pilot,MultiTab,#4FA7B8,Generic multi-task,8,field_holdout_sanity,Field,Biohub_OPS0077,6,0.45481220697363217
multitab_pilot,MultiTab,#4FA7B8,Generic multi-task,8,gene_holdout_main,Gene,Biohub_OPS0001,2,0.7139737557371457
multitab_pilot,MultiTab,#4FA7B8,Generic multi-task,8,gene_holdout_main,Gene,Biohub_OPS0002,1,0.76291562144955
multitab_pilot,MultiTab,#4FA7B8,Generic multi-task,8,gene_holdout_main,Gene,Biohub_OPS0003,1,0.8528456936279932
multitab_pilot,MultiTab,#4FA7B8,Generic multi-task,8,gene_holdout_main,Gene,Biohub_OPS0004,1,0.8528456936279932
multitab_pilot,MultiTab,#4FA7B8,Generic multi-task,8,gene_holdout_main,Gene,Biohub_OPS0005,2,0.7139737557371457
multitab_pilot,MultiTab,#4FA7B8,Generic multi-task,8,gene_holdout_main,Gene,Biohub_OPS0006,2,0.7139737557371457
multitab_pilot,MultiTab,#4FA7B8,Generic multi-task,8,gene_holdout_main,Gene,Biohub_OPS0007,2,0.7139737557371457
multitab_pilot,MultiTab,#4FA7B8,Generic multi-task,8,gene_holdout_main,Gene,Biohub_OPS0008,2,0.7139737557371457
multitab_pilot,MultiTab,#4FA7B8,Generic multi-task,8,gene_holdout_main,Gene,Biohub_OPS0009,2,0.7139737557371457
multitab_pilot,MultiTab,#4FA7B8,Generic multi-task,8,gene_holdout_main,Gene,Biohub_OPS0011,1,0.724413329611222
multitab_pilot,MultiTab,#4FA7B8,Generic multi-task,8,gene_holdout_main,Gene,Biohub_OPS0012,1,0.724413329611222
multitab_pilot,MultiTab,#4FA7B8,Generic multi-task,8,gene_holdout_main,Gene,Biohub_OPS0013,1,0.8139917582273484
multitab_pilot,MultiTab,#4FA7B8,Generic multi-task,8,gene_holdout_main,Gene,Biohub_OPS0014,1,0.8792915602525075
multitab_pilot,MultiTab,#4FA7B8,Generic multi-task,8,gene_holdout_main,Gene,Biohub_OPS0015,1,0.7717912867665291
multitab_pilot,MultiTab,#4FA7B8,Generic multi-task,8,gene_holdout_main,Gene,Biohub_OPS0016,1,0.8867868465681872
multitab_pilot,MultiTab,#4FA7B8,Generic multi-task,8,gene_holdout_main,Gene,Biohub_OPS0017,1,0.8867868465681872
multitab_pilot,MultiTab,#4FA7B8,Generic multi-task,8,gene_holdout_main,Gene,Biohub_OPS0018,1,0.8612239425381025
multitab_pilot,MultiTab,#4FA7B8,Generic multi-task,8,gene_holdout_main,Gene,Biohub_OPS0019,1,0.8612239425381025
multitab_pilot,MultiTab,#4FA7B8,Generic multi-task,8,gene_holdout_main,Gene,Biohub_OPS0020,1,0.7363060721506675
multitab_pilot,MultiTab,#4FA7B8,Generic multi-task,8,gene_holdout_main,Gene,Biohub_OPS0021,1,0.7363060721506675
multitab_pilot,MultiTab,#4FA7B8,Generic multi-task,8,gene_holdout_main,Gene,Biohub_OPS0022,1,0.823825449993213
multitab_pilot,MultiTab,#4FA7B8,Generic multi-task,8,gene_holdout_main,Gene,Biohub_OPS0023,1,0.835965146869421
multitab_pilot,MultiTab,#4FA7B8,Generic multi-task,8,gene_holdout_main,Gene,Biohub_OPS0025,1,0.8139917582273484
multitab_pilot,MultiTab,#4FA7B8,Generic multi-task,8,gene_holdout_main,Gene,Biohub_OPS0026,1,0.8792915602525075
multitab_pilot,MultiTab,#4FA7B8,Generic multi-task,8,gene_holdout_main,Gene,Biohub_OPS0027,1,0.850210184107224
multitab_pilot,MultiTab,#4FA7B8,Generic multi-task,8,gene_holdout_main,Gene,Biohub_OPS0028,1,0.7901303785542646
multitab_pilot,MultiTab,#4FA7B8,Generic multi-task,8,gene_holdout_main,Gene,Biohub_OPS0029,1,0.6518540332714717
multitab_pilot,MultiTab,#4FA7B8,Generic multi-task,8,gene_holdout_main,Gene,Biohub_OPS0030,1,0.6367477672795454
multitab_pilot,MultiTab,#4FA7B8,Generic multi-task,8,gene_holdout_main,Gene,Biohub_OPS0031,1,0.6485957750429711
multitab_pilot,MultiTab,#4FA7B8,Generic multi-task,8,gene_holdout_main,Gene,Biohub_OPS0032,1,0.6533007054279248
multitab_pilot,MultiTab,#4FA7B8,Generic multi-task,8,gene_holdout_main,Gene,Biohub_OPS0033,1,0.8858148989578088
multitab_pilot,MultiTab,#4FA7B8,Generic multi-task,8,gene_holdout_main,Gene,Biohub_OPS0034,1,0.8458005629479886
multitab_pilot,MultiTab,#4FA7B8,Generic multi-task,8,gene_holdout_main,Gene,Biohub_OPS0035,1,0.8409906715154648
multitab_pilot,MultiTab,#4FA7B8,Generic multi-task,8,gene_holdout_main,Gene,Biohub_OPS0036,1,0.8457426349322
multitab_pilot,MultiTab,#4FA7B8,Generic multi-task,8,gene_holdout_main,Gene,Biohub_OPS0037,1,0.8665929088989893
multitab_pilot,MultiTab,#4FA7B8,Generic multi-task,8,gene_holdout_main,Gene,Biohub_OPS0039,1,0.8247938377161821
multitab_pilot,MultiTab,#4FA7B8,Generic multi-task,8,gene_holdout_main,Gene,Biohub_OPS0040,1,0.8867868465681872
multitab_pilot,MultiTab,#4FA7B8,Generic multi-task,8,gene_holdout_main,Gene,Biohub_OPS0041,1,0.8162193402647973
multitab_pilot,MultiTab,#4FA7B8,Generic multi-task,8,gene_holdout_main,Gene,Biohub_OPS0042,1,0.8096860259771347
multitab_pilot,MultiTab,#4FA7B8,Generic multi-task,8,gene_holdout_main,Gene,Biohub_OPS0043,7,0.5789851934131649
multitab_pilot,MultiTab,#4FA7B8,Generic multi-task,8,gene_holdout_main,Gene,Biohub_OPS0044,1,0.8680653094003598
multitab_pilot,MultiTab,#4FA7B8,Generic multi-task,8,gene_holdout_main,Gene,Biohub_OPS0045,2,0.791511848817269
multitab_pilot,MultiTab,#4FA7B8,Generic multi-task,8,gene_holdout_main,Gene,Biohub_OPS0046,1,0.7251797238985698
multitab_pilot,MultiTab,#4FA7B8,Generic multi-task,8,gene_holdout_main,Gene,Biohub_OPS0047,1,0.9500527784228325
multitab_pilot,MultiTab,#4FA7B8,Generic multi-task,8,gene_holdout_main,Gene,Biohub_OPS0048,1,0.7774881723026434
multitab_pilot,MultiTab,#4FA7B8,Generic multi-task,8,gene_holdout_main,Gene,Biohub_OPS0050,1,0.5373695939779282
multitab_pilot,MultiTab,#4FA7B8,Generic multi-task,8,gene_holdout_main,Gene,Biohub_OPS0051,1,0.76291562144955
multitab_pilot,MultiTab,#4FA7B8,Generic multi-task,8,gene_holdout_main,Gene,Biohub_OPS0052,1,0.5554577109714349
multitab_pilot,MultiTab,#4FA7B8,Generic multi-task,8,gene_holdout_main,Gene,Biohub_OPS0053,1,0.7991063860555491
multitab_pilot,MultiTab,#4FA7B8,Generic multi-task,8,gene_holdout_main,Gene,Biohub_OPS0054,1,0.6485957750429711
multitab_pilot,MultiTab,#4FA7B8,Generic multi-task,8,gene_holdout_main,Gene,Biohub_OPS0055,1,0.8680653094003598
multitab_pilot,MultiTab,#4FA7B8,Generic multi-task,8,gene_holdout_main,Gene,Biohub_OPS0056,1,0.8680653094003598
multitab_pilot,MultiTab,#4FA7B8,Generic multi-task,8,gene_holdout_main,Gene,Biohub_OPS0057,2,0.791511848817269
multitab_pilot,MultiTab,#4FA7B8,Generic multi-task,8,gene_holdout_main,Gene,Biohub_OPS0058,1,0.8096860259771347
multitab_pilot,MultiTab,#4FA7B8,Generic multi-task,8,gene_holdout_main,Gene,Biohub_OPS0059,1,0.6367477672795454
multitab_pilot,MultiTab,#4FA7B8,Generic multi-task,8,gene_holdout_main,Gene,Biohub_OPS0060,1,0.850210184107224
multitab_pilot,MultiTab,#4FA7B8,Generic multi-task,8,gene_holdout_main,Gene,Biohub_OPS0061,2,0.7801934442793329
multitab_pilot,MultiTab,#4FA7B8,Generic multi-task,8,gene_holdout_main,Gene,Biohub_OPS0062,2,0.7654317969456315
multitab_pilot,MultiTab,#4FA7B8,Generic multi-task,8,gene_holdout_main,Gene,Biohub_OPS0063,1,0.7981934048235416
multitab_pilot,MultiTab,#4FA7B8,Generic multi-task,8,gene_holdout_main,Gene,Biohub_OPS0064,2,0.7093051647146544
multitab_pilot,MultiTab,#4FA7B8,Generic multi-task,8,gene_holdout_main,Gene,Biohub_OPS0065,2,0.854820174475511
multitab_pilot,MultiTab,#4FA7B8,Generic multi-task,8,gene_holdout_main,Gene,Biohub_OPS0066,1,0.8458005629479886
multitab_pilot,MultiTab,#4FA7B8,Generic multi-task,8,gene_holdout_main,Gene,Biohub_OPS0067,1,0.9500527784228325
multitab_pilot,MultiTab,#4FA7B8,Generic multi-task,8,gene_holdout_main,Gene,Biohub_OPS0068,1,0.7717912867665291
multitab_pilot,MultiTab,#4FA7B8,Generic multi-task,8,gene_holdout_main,Gene,Biohub_OPS0069,2,0.6984960578382016
multitab_pilot,MultiTab,#4FA7B8,Generic multi-task,8,gene_holdout_main,Gene,Biohub_OPS0070,1,0.6518540332714717
multitab_pilot,MultiTab,#4FA7B8,Generic multi-task,8,gene_holdout_main,Gene,Biohub_OPS0071,1,0.6533007054279248
multitab_pilot,MultiTab,#4FA7B8,Generic multi-task,8,gene_holdout_main,Gene,Biohub_OPS0072,2,0.8379726387560367
multitab_pilot,MultiTab,#4FA7B8,Generic multi-task,8,gene_holdout_main,Gene,Biohub_OPS0073,1,0.5373695939779282
multitab_pilot,MultiTab,#4FA7B8,Generic multi-task,8,gene_holdout_main,Gene,Biohub_OPS0074,2,0.8608900229136149
multitab_pilot,MultiTab,#4FA7B8,Generic multi-task,8,gene_holdout_main,Gene,Biohub_OPS0075,1,0.7981934048235416
multitab_pilot,MultiTab,#4FA7B8,Generic multi-task,8,gene_holdout_main,Gene,Biohub_OPS0076,1,0.8858148989578088
multitab_pilot,MultiTab,#4FA7B8,Generic multi-task,8,gene_holdout_main,Gene,Biohub_OPS0077,6,0.43918393537402156
multitab_pilot,MultiTab,#4FA7B8,Generic multi-task,8,strict_whole_screen,Whole-screen,Biohub_OPS0001,2,0.7595520332455635
multitab_pilot,MultiTab,#4FA7B8,Generic multi-task,8,strict_whole_screen,Whole-screen,Biohub_OPS0002,1,0.6099640174458424
multitab_pilot,MultiTab,#4FA7B8,Generic multi-task,8,strict_whole_screen,Whole-screen,Biohub_OPS0003,1,0.8642108788092931
multitab_pilot,MultiTab,#4FA7B8,Generic multi-task,8,strict_whole_screen,Whole-screen,Biohub_OPS0004,1,0.8333129386107127
multitab_pilot,MultiTab,#4FA7B8,Generic multi-task,8,strict_whole_screen,Whole-screen,Biohub_OPS0005,2,0.7194695416837931
multitab_pilot,MultiTab,#4FA7B8,Generic multi-task,8,strict_whole_screen,Whole-screen,Biohub_OPS0006,2,0.6829549462844928
multitab_pilot,MultiTab,#4FA7B8,Generic multi-task,8,strict_whole_screen,Whole-screen,Biohub_OPS0007,2,0.7082132582863172
multitab_pilot,MultiTab,#4FA7B8,Generic multi-task,8,strict_whole_screen,Whole-screen,Biohub_OPS0008,2,0.7267526843895515
multitab_pilot,MultiTab,#4FA7B8,Generic multi-task,8,strict_whole_screen,Whole-screen,Biohub_OPS0009,2,0.7253109355767569
multitab_pilot,MultiTab,#4FA7B8,Generic multi-task,8,strict_whole_screen,Whole-screen,Biohub_OPS0011,1,0.6538048299650351
multitab_pilot,MultiTab,#4FA7B8,Generic multi-task,8,strict_whole_screen,Whole-screen,Biohub_OPS0012,1,0.7403591920932134
multitab_pilot,MultiTab,#4FA7B8,Generic multi-task,8,strict_whole_screen,Whole-screen,Biohub_OPS0013,1,0.6828551727036635
multitab_pilot,MultiTab,#4FA7B8,Generic multi-task,8,strict_whole_screen,Whole-screen,Biohub_OPS0014,1,0.8280829899013042
multitab_pilot,MultiTab,#4FA7B8,Generic multi-task,8,strict_whole_screen,Whole-screen,Biohub_OPS0015,1,0.5146014764904976
multitab_pilot,MultiTab,#4FA7B8,Generic multi-task,8,strict_whole_screen,Whole-screen,Biohub_OPS0016,1,0.6151654863109192
multitab_pilot,MultiTab,#4FA7B8,Generic multi-task,8,strict_whole_screen,Whole-screen,Biohub_OPS0017,1,0.6055421164880196
multitab_pilot,MultiTab,#4FA7B8,Generic multi-task,8,strict_whole_screen,Whole-screen,Biohub_OPS0018,1,0.8400711367527643
multitab_pilot,MultiTab,#4FA7B8,Generic multi-task,8,strict_whole_screen,Whole-screen,Biohub_OPS0019,1,0.8504599742591381
multitab_pilot,MultiTab,#4FA7B8,Generic multi-task,8,strict_whole_screen,Whole-screen,Biohub_OPS0020,1,0.7250670871386925
multitab_pilot,MultiTab,#4FA7B8,Generic multi-task,8,strict_whole_screen,Whole-screen,Biohub_OPS0021,1,0.7424410792688528
multitab_pilot,MultiTab,#4FA7B8,Generic multi-task,8,strict_whole_screen,Whole-screen,Biohub_OPS0022,1,-0.0265638563917794
multitab_pilot,MultiTab,#4FA7B8,Generic multi-task,8,strict_whole_screen,Whole-screen,Biohub_OPS0023,1,0.4041844621145476
multitab_pilot,MultiTab,#4FA7B8,Generic multi-task,8,strict_whole_screen,Whole-screen,Biohub_OPS0025,1,0.7408381119991342
multitab_pilot,MultiTab,#4FA7B8,Generic multi-task,8,strict_whole_screen,Whole-screen,Biohub_OPS0026,1,0.8484441737333933
multitab_pilot,MultiTab,#4FA7B8,Generic multi-task,8,strict_whole_screen,Whole-screen,Biohub_OPS0027,1,0.7436697979768118
multitab_pilot,MultiTab,#4FA7B8,Generic multi-task,8,strict_whole_screen,Whole-screen,Biohub_OPS0028,1,0.4842145967607696
multitab_pilot,MultiTab,#4FA7B8,Generic multi-task,8,strict_whole_screen,Whole-screen,Biohub_OPS0029,1,0.4961123761410514
multitab_pilot,MultiTab,#4FA7B8,Generic multi-task,8,strict_whole_screen,Whole-screen,Biohub_OPS0030,1,0.5206235529234012
multitab_pilot,MultiTab,#4FA7B8,Generic multi-task,8,strict_whole_screen,Whole-screen,Biohub_OPS0031,1,0.5950447333355745
multitab_pilot,MultiTab,#4FA7B8,Generic multi-task,8,strict_whole_screen,Whole-screen,Biohub_OPS0032,1,0.6576572159926096
multitab_pilot,MultiTab,#4FA7B8,Generic multi-task,8,strict_whole_screen,Whole-screen,Biohub_OPS0033,1,0.819818211098512
multitab_pilot,MultiTab,#4FA7B8,Generic multi-task,8,strict_whole_screen,Whole-screen,Biohub_OPS0034,1,0.8406240480641524
multitab_pilot,MultiTab,#4FA7B8,Generic multi-task,8,strict_whole_screen,Whole-screen,Biohub_OPS0036,1,0.4522568689814458
multitab_pilot,MultiTab,#4FA7B8,Generic multi-task,8,strict_whole_screen,Whole-screen,Biohub_OPS0040,1,0.7347011677920818
multitab_pilot,MultiTab,#4FA7B8,Generic multi-task,8,strict_whole_screen,Whole-screen,Biohub_OPS0041,1,0.3561531664648403
multitab_pilot,MultiTab,#4FA7B8,Generic multi-task,8,strict_whole_screen,Whole-screen,Biohub_OPS0042,1,0.6102737051745256
multitab_pilot,MultiTab,#4FA7B8,Generic multi-task,8,strict_whole_screen,Whole-screen,Biohub_OPS0044,1,0.8566477820277214
multitab_pilot,MultiTab,#4FA7B8,Generic multi-task,8,strict_whole_screen,Whole-screen,Biohub_OPS0045,2,0.5432428231773276
multitab_pilot,MultiTab,#4FA7B8,Generic multi-task,8,strict_whole_screen,Whole-screen,Biohub_OPS0047,1,0.0737306623874853
multitab_pilot,MultiTab,#4FA7B8,Generic multi-task,8,strict_whole_screen,Whole-screen,Biohub_OPS0048,1,0.4833292833645828
multitab_pilot,MultiTab,#4FA7B8,Generic multi-task,8,strict_whole_screen,Whole-screen,Biohub_OPS0050,1,0.522833793113629
multitab_pilot,MultiTab,#4FA7B8,Generic multi-task,8,strict_whole_screen,Whole-screen,Biohub_OPS0051,1,0.6140761518230041
multitab_pilot,MultiTab,#4FA7B8,Generic multi-task,8,strict_whole_screen,Whole-screen,Biohub_OPS0053,1,0.1829636914966007
multitab_pilot,MultiTab,#4FA7B8,Generic multi-task,8,strict_whole_screen,Whole-screen,Biohub_OPS0054,1,0.5902349650859833
multitab_pilot,MultiTab,#4FA7B8,Generic multi-task,8,strict_whole_screen,Whole-screen,Biohub_OPS0055,1,0.8510219268500805
multitab_pilot,MultiTab,#4FA7B8,Generic multi-task,8,strict_whole_screen,Whole-screen,Biohub_OPS0056,1,0.8207815351585547
multitab_pilot,MultiTab,#4FA7B8,Generic multi-task,8,strict_whole_screen,Whole-screen,Biohub_OPS0057,2,0.5921511764948566
multitab_pilot,MultiTab,#4FA7B8,Generic multi-task,8,strict_whole_screen,Whole-screen,Biohub_OPS0058,1,0.4998653337048988
multitab_pilot,MultiTab,#4FA7B8,Generic multi-task,8,strict_whole_screen,Whole-screen,Biohub_OPS0059,1,0.4931626971811056
multitab_pilot,MultiTab,#4FA7B8,Generic multi-task,8,strict_whole_screen,Whole-screen,Biohub_OPS0060,1,0.7972532166168094
multitab_pilot,MultiTab,#4FA7B8,Generic multi-task,8,strict_whole_screen,Whole-screen,Biohub_OPS0061,2,0.5203864372645816
multitab_pilot,MultiTab,#4FA7B8,Generic multi-task,8,strict_whole_screen,Whole-screen,Biohub_OPS0062,2,0.46614726011951757
multitab_pilot,MultiTab,#4FA7B8,Generic multi-task,8,strict_whole_screen,Whole-screen,Biohub_OPS0063,1,0.6319929969807466
multitab_pilot,MultiTab,#4FA7B8,Generic multi-task,8,strict_whole_screen,Whole-screen,Biohub_OPS0064,2,0.37131173186935484
multitab_pilot,MultiTab,#4FA7B8,Generic multi-task,8,strict_whole_screen,Whole-screen,Biohub_OPS0065,2,0.49213037505978713
multitab_pilot,MultiTab,#4FA7B8,Generic multi-task,8,strict_whole_screen,Whole-screen,Biohub_OPS0066,1,0.8221826441586018
multitab_pilot,MultiTab,#4FA7B8,Generic multi-task,8,strict_whole_screen,Whole-screen,Biohub_OPS0067,1,0.0371136930771172
multitab_pilot,MultiTab,#4FA7B8,Generic multi-task,8,strict_whole_screen,Whole-screen,Biohub_OPS0068,1,0.5115288583328947
multitab_pilot,MultiTab,#4FA7B8,Generic multi-task,8,strict_whole_screen,Whole-screen,Biohub_OPS0069,2,0.41755467377758276
multitab_pilot,MultiTab,#4FA7B8,Generic multi-task,8,strict_whole_screen,Whole-screen,Biohub_OPS0070,1,0.4088904068339616
multitab_pilot,MultiTab,#4FA7B8,Generic multi-task,8,strict_whole_screen,Whole-screen,Biohub_OPS0071,1,0.6082899731894335
multitab_pilot,MultiTab,#4FA7B8,Generic multi-task,8,strict_whole_screen,Whole-screen,Biohub_OPS0072,2,0.7298073256388307
multitab_pilot,MultiTab,#4FA7B8,Generic multi-task,8,strict_whole_screen,Whole-screen,Biohub_OPS0073,1,0.4956836001947522
multitab_pilot,MultiTab,#4FA7B8,Generic multi-task,8,strict_whole_screen,Whole-screen,Biohub_OPS0074,2,0.5263544211823804
multitab_pilot,MultiTab,#4FA7B8,Generic multi-task,8,strict_whole_screen,Whole-screen,Biohub_OPS0075,1,0.5965344216674566
multitab_pilot,MultiTab,#4FA7B8,Generic multi-task,8,strict_whole_screen,Whole-screen,Biohub_OPS0076,1,0.8118477364381155
resmlp_52head,ResMLP,#4F9A70,Generic multi-task,7,field_holdout_sanity,Field,Biohub_OPS0001,2,0.7209206965565682
resmlp_52head,ResMLP,#4F9A70,Generic multi-task,7,field_holdout_sanity,Field,Biohub_OPS0002,1,0.7691429446140925
resmlp_52head,ResMLP,#4F9A70,Generic multi-task,7,field_holdout_sanity,Field,Biohub_OPS0003,1,0.8561402921875318
resmlp_52head,ResMLP,#4F9A70,Generic multi-task,7,field_holdout_sanity,Field,Biohub_OPS0004,1,0.8561402921875318
resmlp_52head,ResMLP,#4F9A70,Generic multi-task,7,field_holdout_sanity,Field,Biohub_OPS0005,2,0.7209206965565682
resmlp_52head,ResMLP,#4F9A70,Generic multi-task,7,field_holdout_sanity,Field,Biohub_OPS0006,2,0.7209206965565682
resmlp_52head,ResMLP,#4F9A70,Generic multi-task,7,field_holdout_sanity,Field,Biohub_OPS0007,2,0.7209206965565682
resmlp_52head,ResMLP,#4F9A70,Generic multi-task,7,field_holdout_sanity,Field,Biohub_OPS0008,2,0.7209206965565682
resmlp_52head,ResMLP,#4F9A70,Generic multi-task,7,field_holdout_sanity,Field,Biohub_OPS0009,2,0.7209206965565682
resmlp_52head,ResMLP,#4F9A70,Generic multi-task,7,field_holdout_sanity,Field,Biohub_OPS0011,1,0.7177056148648262
resmlp_52head,ResMLP,#4F9A70,Generic multi-task,7,field_holdout_sanity,Field,Biohub_OPS0012,1,0.7177056148648262
resmlp_52head,ResMLP,#4F9A70,Generic multi-task,7,field_holdout_sanity,Field,Biohub_OPS0013,1,0.8185836141308149
resmlp_52head,ResMLP,#4F9A70,Generic multi-task,7,field_holdout_sanity,Field,Biohub_OPS0014,1,0.8849725576738516
resmlp_52head,ResMLP,#4F9A70,Generic multi-task,7,field_holdout_sanity,Field,Biohub_OPS0015,1,0.7764680321017902
resmlp_52head,ResMLP,#4F9A70,Generic multi-task,7,field_holdout_sanity,Field,Biohub_OPS0016,1,0.88842864955465
resmlp_52head,ResMLP,#4F9A70,Generic multi-task,7,field_holdout_sanity,Field,Biohub_OPS0017,1,0.88842864955465
resmlp_52head,ResMLP,#4F9A70,Generic multi-task,7,field_holdout_sanity,Field,Biohub_OPS0018,1,0.8625137013693651
resmlp_52head,ResMLP,#4F9A70,Generic multi-task,7,field_holdout_sanity,Field,Biohub_OPS0019,1,0.8625137013693651
resmlp_52head,ResMLP,#4F9A70,Generic multi-task,7,field_holdout_sanity,Field,Biohub_OPS0020,1,0.7223713289946317
resmlp_52head,ResMLP,#4F9A70,Generic multi-task,7,field_holdout_sanity,Field,Biohub_OPS0021,1,0.7223713289946317
resmlp_52head,ResMLP,#4F9A70,Generic multi-task,7,field_holdout_sanity,Field,Biohub_OPS0022,1,0.8211399964988232
resmlp_52head,ResMLP,#4F9A70,Generic multi-task,7,field_holdout_sanity,Field,Biohub_OPS0023,1,0.8397443989912668
resmlp_52head,ResMLP,#4F9A70,Generic multi-task,7,field_holdout_sanity,Field,Biohub_OPS0025,1,0.8185836141308149
resmlp_52head,ResMLP,#4F9A70,Generic multi-task,7,field_holdout_sanity,Field,Biohub_OPS0026,1,0.8849725576738516
resmlp_52head,ResMLP,#4F9A70,Generic multi-task,7,field_holdout_sanity,Field,Biohub_OPS0027,1,0.8432201792796453
resmlp_52head,ResMLP,#4F9A70,Generic multi-task,7,field_holdout_sanity,Field,Biohub_OPS0028,1,0.7965568092962106
resmlp_52head,ResMLP,#4F9A70,Generic multi-task,7,field_holdout_sanity,Field,Biohub_OPS0029,1,0.655919806410869
resmlp_52head,ResMLP,#4F9A70,Generic multi-task,7,field_holdout_sanity,Field,Biohub_OPS0030,1,0.6397134890158971
resmlp_52head,ResMLP,#4F9A70,Generic multi-task,7,field_holdout_sanity,Field,Biohub_OPS0031,1,0.636317464709282
resmlp_52head,ResMLP,#4F9A70,Generic multi-task,7,field_holdout_sanity,Field,Biohub_OPS0032,1,0.6435228135436774
resmlp_52head,ResMLP,#4F9A70,Generic multi-task,7,field_holdout_sanity,Field,Biohub_OPS0033,1,0.8950317623714608
resmlp_52head,ResMLP,#4F9A70,Generic multi-task,7,field_holdout_sanity,Field,Biohub_OPS0034,1,0.8600115085641542
resmlp_52head,ResMLP,#4F9A70,Generic multi-task,7,field_holdout_sanity,Field,Biohub_OPS0035,1,0.8428193810085455
resmlp_52head,ResMLP,#4F9A70,Generic multi-task,7,field_holdout_sanity,Field,Biohub_OPS0036,1,0.8599046260118485
resmlp_52head,ResMLP,#4F9A70,Generic multi-task,7,field_holdout_sanity,Field,Biohub_OPS0037,1,0.8750457932551703
resmlp_52head,ResMLP,#4F9A70,Generic multi-task,7,field_holdout_sanity,Field,Biohub_OPS0039,1,0.8187616656223934
resmlp_52head,ResMLP,#4F9A70,Generic multi-task,7,field_holdout_sanity,Field,Biohub_OPS0040,1,0.88842864955465
resmlp_52head,ResMLP,#4F9A70,Generic multi-task,7,field_holdout_sanity,Field,Biohub_OPS0041,1,0.826778824130694
resmlp_52head,ResMLP,#4F9A70,Generic multi-task,7,field_holdout_sanity,Field,Biohub_OPS0042,1,0.811340538909038
resmlp_52head,ResMLP,#4F9A70,Generic multi-task,7,field_holdout_sanity,Field,Biohub_OPS0043,7,0.5209662621219953
resmlp_52head,ResMLP,#4F9A70,Generic multi-task,7,field_holdout_sanity,Field,Biohub_OPS0044,1,0.8787009028096995
resmlp_52head,ResMLP,#4F9A70,Generic multi-task,7,field_holdout_sanity,Field,Biohub_OPS0045,2,0.7878030131260554
resmlp_52head,ResMLP,#4F9A70,Generic multi-task,7,field_holdout_sanity,Field,Biohub_OPS0046,1,0.7279205773025751
resmlp_52head,ResMLP,#4F9A70,Generic multi-task,7,field_holdout_sanity,Field,Biohub_OPS0047,1,0.9550650005539258
resmlp_52head,ResMLP,#4F9A70,Generic multi-task,7,field_holdout_sanity,Field,Biohub_OPS0048,1,0.7811909886697929
resmlp_52head,ResMLP,#4F9A70,Generic multi-task,7,field_holdout_sanity,Field,Biohub_OPS0050,1,0.535555262491107
resmlp_52head,ResMLP,#4F9A70,Generic multi-task,7,field_holdout_sanity,Field,Biohub_OPS0051,1,0.7691429446140925
resmlp_52head,ResMLP,#4F9A70,Generic multi-task,7,field_holdout_sanity,Field,Biohub_OPS0052,1,0.5376149754971266
resmlp_52head,ResMLP,#4F9A70,Generic multi-task,7,field_holdout_sanity,Field,Biohub_OPS0053,1,0.805547471344471
resmlp_52head,ResMLP,#4F9A70,Generic multi-task,7,field_holdout_sanity,Field,Biohub_OPS0054,1,0.636317464709282
resmlp_52head,ResMLP,#4F9A70,Generic multi-task,7,field_holdout_sanity,Field,Biohub_OPS0055,1,0.8787009028096995
resmlp_52head,ResMLP,#4F9A70,Generic multi-task,7,field_holdout_sanity,Field,Biohub_OPS0056,1,0.8787009028096995
resmlp_52head,ResMLP,#4F9A70,Generic multi-task,7,field_holdout_sanity,Field,Biohub_OPS0057,2,0.7878030131260554
resmlp_52head,ResMLP,#4F9A70,Generic multi-task,7,field_holdout_sanity,Field,Biohub_OPS0058,1,0.811340538909038
resmlp_52head,ResMLP,#4F9A70,Generic multi-task,7,field_holdout_sanity,Field,Biohub_OPS0059,1,0.6397134890158971
resmlp_52head,ResMLP,#4F9A70,Generic multi-task,7,field_holdout_sanity,Field,Biohub_OPS0060,1,0.8432201792796453
resmlp_52head,ResMLP,#4F9A70,Generic multi-task,7,field_holdout_sanity,Field,Biohub_OPS0061,2,0.7959840752184391
resmlp_52head,ResMLP,#4F9A70,Generic multi-task,7,field_holdout_sanity,Field,Biohub_OPS0062,2,0.7794211742778618
resmlp_52head,ResMLP,#4F9A70,Generic multi-task,7,field_holdout_sanity,Field,Biohub_OPS0063,1,0.8090730898082257
resmlp_52head,ResMLP,#4F9A70,Generic multi-task,7,field_holdout_sanity,Field,Biohub_OPS0064,2,0.7211343212674062
resmlp_52head,ResMLP,#4F9A70,Generic multi-task,7,field_holdout_sanity,Field,Biohub_OPS0065,2,0.858085879435142
resmlp_52head,ResMLP,#4F9A70,Generic multi-task,7,field_holdout_sanity,Field,Biohub_OPS0066,1,0.8600115085641542
resmlp_52head,ResMLP,#4F9A70,Generic multi-task,7,field_holdout_sanity,Field,Biohub_OPS0067,1,0.9550650005539258
resmlp_52head,ResMLP,#4F9A70,Generic multi-task,7,field_holdout_sanity,Field,Biohub_OPS0068,1,0.7764680321017902
resmlp_52head,ResMLP,#4F9A70,Generic multi-task,7,field_holdout_sanity,Field,Biohub_OPS0069,2,0.7089560799300672
resmlp_52head,ResMLP,#4F9A70,Generic multi-task,7,field_holdout_sanity,Field,Biohub_OPS0070,1,0.655919806410869
resmlp_52head,ResMLP,#4F9A70,Generic multi-task,7,field_holdout_sanity,Field,Biohub_OPS0071,1,0.6435228135436774
resmlp_52head,ResMLP,#4F9A70,Generic multi-task,7,field_holdout_sanity,Field,Biohub_OPS0072,2,0.8457942858338356
resmlp_52head,ResMLP,#4F9A70,Generic multi-task,7,field_holdout_sanity,Field,Biohub_OPS0073,1,0.535555262491107
resmlp_52head,ResMLP,#4F9A70,Generic multi-task,7,field_holdout_sanity,Field,Biohub_OPS0074,2,0.8673880806813639
resmlp_52head,ResMLP,#4F9A70,Generic multi-task,7,field_holdout_sanity,Field,Biohub_OPS0075,1,0.8090730898082257
resmlp_52head,ResMLP,#4F9A70,Generic multi-task,7,field_holdout_sanity,Field,Biohub_OPS0076,1,0.8950317623714608
resmlp_52head,ResMLP,#4F9A70,Generic multi-task,7,field_holdout_sanity,Field,Biohub_OPS0077,6,0.44162831132610636
resmlp_52head,ResMLP,#4F9A70,Generic multi-task,7,gene_holdout_main,Gene,Biohub_OPS0001,2,0.7176698099325101
resmlp_52head,ResMLP,#4F9A70,Generic multi-task,7,gene_holdout_main,Gene,Biohub_OPS0002,1,0.7685142519573371
resmlp_52head,ResMLP,#4F9A70,Generic multi-task,7,gene_holdout_main,Gene,Biohub_OPS0003,1,0.8560191248854002
resmlp_52head,ResMLP,#4F9A70,Generic multi-task,7,gene_holdout_main,Gene,Biohub_OPS0004,1,0.8560191248854002
resmlp_52head,ResMLP,#4F9A70,Generic multi-task,7,gene_holdout_main,Gene,Biohub_OPS0005,2,0.7176698099325101
resmlp_52head,ResMLP,#4F9A70,Generic multi-task,7,gene_holdout_main,Gene,Biohub_OPS0006,2,0.7176698099325101
resmlp_52head,ResMLP,#4F9A70,Generic multi-task,7,gene_holdout_main,Gene,Biohub_OPS0007,2,0.7176698099325101
resmlp_52head,ResMLP,#4F9A70,Generic multi-task,7,gene_holdout_main,Gene,Biohub_OPS0008,2,0.7176698099325101
resmlp_52head,ResMLP,#4F9A70,Generic multi-task,7,gene_holdout_main,Gene,Biohub_OPS0009,2,0.7176698099325101
resmlp_52head,ResMLP,#4F9A70,Generic multi-task,7,gene_holdout_main,Gene,Biohub_OPS0011,1,0.7172553926706314
resmlp_52head,ResMLP,#4F9A70,Generic multi-task,7,gene_holdout_main,Gene,Biohub_OPS0012,1,0.7172553926706314
resmlp_52head,ResMLP,#4F9A70,Generic multi-task,7,gene_holdout_main,Gene,Biohub_OPS0013,1,0.8186307740708193
resmlp_52head,ResMLP,#4F9A70,Generic multi-task,7,gene_holdout_main,Gene,Biohub_OPS0014,1,0.8848565938572088
resmlp_52head,ResMLP,#4F9A70,Generic multi-task,7,gene_holdout_main,Gene,Biohub_OPS0015,1,0.7768051172296205
resmlp_52head,ResMLP,#4F9A70,Generic multi-task,7,gene_holdout_main,Gene,Biohub_OPS0016,1,0.8890825241804123
resmlp_52head,ResMLP,#4F9A70,Generic multi-task,7,gene_holdout_main,Gene,Biohub_OPS0017,1,0.8890825241804123
resmlp_52head,ResMLP,#4F9A70,Generic multi-task,7,gene_holdout_main,Gene,Biohub_OPS0018,1,0.863180705656608
resmlp_52head,ResMLP,#4F9A70,Generic multi-task,7,gene_holdout_main,Gene,Biohub_OPS0019,1,0.863180705656608
resmlp_52head,ResMLP,#4F9A70,Generic multi-task,7,gene_holdout_main,Gene,Biohub_OPS0020,1,0.7210832346230746
resmlp_52head,ResMLP,#4F9A70,Generic multi-task,7,gene_holdout_main,Gene,Biohub_OPS0021,1,0.7210832346230746
resmlp_52head,ResMLP,#4F9A70,Generic multi-task,7,gene_holdout_main,Gene,Biohub_OPS0022,1,0.8171074365576109
resmlp_52head,ResMLP,#4F9A70,Generic multi-task,7,gene_holdout_main,Gene,Biohub_OPS0023,1,0.8392456198732058
resmlp_52head,ResMLP,#4F9A70,Generic multi-task,7,gene_holdout_main,Gene,Biohub_OPS0025,1,0.8186307740708193
resmlp_52head,ResMLP,#4F9A70,Generic multi-task,7,gene_holdout_main,Gene,Biohub_OPS0026,1,0.8848565938572088
resmlp_52head,ResMLP,#4F9A70,Generic multi-task,7,gene_holdout_main,Gene,Biohub_OPS0027,1,0.8441010273993015
resmlp_52head,ResMLP,#4F9A70,Generic multi-task,7,gene_holdout_main,Gene,Biohub_OPS0028,1,0.7961560999353727
resmlp_52head,ResMLP,#4F9A70,Generic multi-task,7,gene_holdout_main,Gene,Biohub_OPS0029,1,0.6555105547110239
resmlp_52head,ResMLP,#4F9A70,Generic multi-task,7,gene_holdout_main,Gene,Biohub_OPS0030,1,0.6430915189286073
resmlp_52head,ResMLP,#4F9A70,Generic multi-task,7,gene_holdout_main,Gene,Biohub_OPS0031,1,0.6374393669267496
resmlp_52head,ResMLP,#4F9A70,Generic multi-task,7,gene_holdout_main,Gene,Biohub_OPS0032,1,0.6449491159369548
resmlp_52head,ResMLP,#4F9A70,Generic multi-task,7,gene_holdout_main,Gene,Biohub_OPS0033,1,0.8957115285098552
resmlp_52head,ResMLP,#4F9A70,Generic multi-task,7,gene_holdout_main,Gene,Biohub_OPS0034,1,0.8608947622279326
resmlp_52head,ResMLP,#4F9A70,Generic multi-task,7,gene_holdout_main,Gene,Biohub_OPS0035,1,0.8430265081425509
resmlp_52head,ResMLP,#4F9A70,Generic multi-task,7,gene_holdout_main,Gene,Biohub_OPS0036,1,0.8604114010930062
resmlp_52head,ResMLP,#4F9A70,Generic multi-task,7,gene_holdout_main,Gene,Biohub_OPS0037,1,0.8749467348059019
resmlp_52head,ResMLP,#4F9A70,Generic multi-task,7,gene_holdout_main,Gene,Biohub_OPS0039,1,0.8194296392301718
resmlp_52head,ResMLP,#4F9A70,Generic multi-task,7,gene_holdout_main,Gene,Biohub_OPS0040,1,0.8890825241804123
resmlp_52head,ResMLP,#4F9A70,Generic multi-task,7,gene_holdout_main,Gene,Biohub_OPS0041,1,0.8270736478269101
resmlp_52head,ResMLP,#4F9A70,Generic multi-task,7,gene_holdout_main,Gene,Biohub_OPS0042,1,0.8115134832759698
resmlp_52head,ResMLP,#4F9A70,Generic multi-task,7,gene_holdout_main,Gene,Biohub_OPS0043,7,0.5257855301929845
resmlp_52head,ResMLP,#4F9A70,Generic multi-task,7,gene_holdout_main,Gene,Biohub_OPS0044,1,0.8781376637518405
resmlp_52head,ResMLP,#4F9A70,Generic multi-task,7,gene_holdout_main,Gene,Biohub_OPS0045,2,0.7879955116659403
resmlp_52head,ResMLP,#4F9A70,Generic multi-task,7,gene_holdout_main,Gene,Biohub_OPS0046,1,0.7277115079263845
resmlp_52head,ResMLP,#4F9A70,Generic multi-task,7,gene_holdout_main,Gene,Biohub_OPS0047,1,0.9555170282721519
resmlp_52head,ResMLP,#4F9A70,Generic multi-task,7,gene_holdout_main,Gene,Biohub_OPS0048,1,0.7809236476818721
resmlp_52head,ResMLP,#4F9A70,Generic multi-task,7,gene_holdout_main,Gene,Biohub_OPS0050,1,0.5245835782339177
resmlp_52head,ResMLP,#4F9A70,Generic multi-task,7,gene_holdout_main,Gene,Biohub_OPS0051,1,0.7685142519573371
resmlp_52head,ResMLP,#4F9A70,Generic multi-task,7,gene_holdout_main,Gene,Biohub_OPS0052,1,0.5389238076905409
resmlp_52head,ResMLP,#4F9A70,Generic multi-task,7,gene_holdout_main,Gene,Biohub_OPS0053,1,0.8059642220536867
resmlp_52head,ResMLP,#4F9A70,Generic multi-task,7,gene_holdout_main,Gene,Biohub_OPS0054,1,0.6374393669267496
resmlp_52head,ResMLP,#4F9A70,Generic multi-task,7,gene_holdout_main,Gene,Biohub_OPS0055,1,0.8781376637518405
resmlp_52head,ResMLP,#4F9A70,Generic multi-task,7,gene_holdout_main,Gene,Biohub_OPS0056,1,0.8781376637518405
resmlp_52head,ResMLP,#4F9A70,Generic multi-task,7,gene_holdout_main,Gene,Biohub_OPS0057,2,0.7879955116659403
resmlp_52head,ResMLP,#4F9A70,Generic multi-task,7,gene_holdout_main,Gene,Biohub_OPS0058,1,0.8115134832759698
resmlp_52head,ResMLP,#4F9A70,Generic multi-task,7,gene_holdout_main,Gene,Biohub_OPS0059,1,0.6430915189286073
resmlp_52head,ResMLP,#4F9A70,Generic multi-task,7,gene_holdout_main,Gene,Biohub_OPS0060,1,0.8441010273993015
resmlp_52head,ResMLP,#4F9A70,Generic multi-task,7,gene_holdout_main,Gene,Biohub_OPS0061,2,0.796628160464267
resmlp_52head,ResMLP,#4F9A70,Generic multi-task,7,gene_holdout_main,Gene,Biohub_OPS0062,2,0.7799592838312189
resmlp_52head,ResMLP,#4F9A70,Generic multi-task,7,gene_holdout_main,Gene,Biohub_OPS0063,1,0.8099723907808463
resmlp_52head,ResMLP,#4F9A70,Generic multi-task,7,gene_holdout_main,Gene,Biohub_OPS0064,2,0.7219688432912031
resmlp_52head,ResMLP,#4F9A70,Generic multi-task,7,gene_holdout_main,Gene,Biohub_OPS0065,2,0.8564094825337331
resmlp_52head,ResMLP,#4F9A70,Generic multi-task,7,gene_holdout_main,Gene,Biohub_OPS0066,1,0.8608947622279326
resmlp_52head,ResMLP,#4F9A70,Generic multi-task,7,gene_holdout_main,Gene,Biohub_OPS0067,1,0.9555170282721519
resmlp_52head,ResMLP,#4F9A70,Generic multi-task,7,gene_holdout_main,Gene,Biohub_OPS0068,1,0.7768051172296205
resmlp_52head,ResMLP,#4F9A70,Generic multi-task,7,gene_holdout_main,Gene,Biohub_OPS0069,2,0.7094485561052959
resmlp_52head,ResMLP,#4F9A70,Generic multi-task,7,gene_holdout_main,Gene,Biohub_OPS0070,1,0.6555105547110239
resmlp_52head,ResMLP,#4F9A70,Generic multi-task,7,gene_holdout_main,Gene,Biohub_OPS0071,1,0.6449491159369548
resmlp_52head,ResMLP,#4F9A70,Generic multi-task,7,gene_holdout_main,Gene,Biohub_OPS0072,2,0.845933814222614
resmlp_52head,ResMLP,#4F9A70,Generic multi-task,7,gene_holdout_main,Gene,Biohub_OPS0073,1,0.5245835782339177
resmlp_52head,ResMLP,#4F9A70,Generic multi-task,7,gene_holdout_main,Gene,Biohub_OPS0074,2,0.8674785741915305
resmlp_52head,ResMLP,#4F9A70,Generic multi-task,7,gene_holdout_main,Gene,Biohub_OPS0075,1,0.8099723907808463
resmlp_52head,ResMLP,#4F9A70,Generic multi-task,7,gene_holdout_main,Gene,Biohub_OPS0076,1,0.8957115285098552
resmlp_52head,ResMLP,#4F9A70,Generic multi-task,7,gene_holdout_main,Gene,Biohub_OPS0077,6,0.44869608834385866
resmlp_52head,ResMLP,#4F9A70,Generic multi-task,7,strict_whole_screen,Whole-screen,Biohub_OPS0001,2,0.7626238524913788
resmlp_52head,ResMLP,#4F9A70,Generic multi-task,7,strict_whole_screen,Whole-screen,Biohub_OPS0002,1,0.5854431229333082
resmlp_52head,ResMLP,#4F9A70,Generic multi-task,7,strict_whole_screen,Whole-screen,Biohub_OPS0003,1,0.8655482356746992
resmlp_52head,ResMLP,#4F9A70,Generic multi-task,7,strict_whole_screen,Whole-screen,Biohub_OPS0004,1,0.8304936898251375
resmlp_52head,ResMLP,#4F9A70,Generic multi-task,7,strict_whole_screen,Whole-screen,Biohub_OPS0005,2,0.7212925842652718
resmlp_52head,ResMLP,#4F9A70,Generic multi-task,7,strict_whole_screen,Whole-screen,Biohub_OPS0006,2,0.684410921484232
resmlp_52head,ResMLP,#4F9A70,Generic multi-task,7,strict_whole_screen,Whole-screen,Biohub_OPS0007,2,0.7070849599937599
resmlp_52head,ResMLP,#4F9A70,Generic multi-task,7,strict_whole_screen,Whole-screen,Biohub_OPS0008,2,0.7319886283328136
resmlp_52head,ResMLP,#4F9A70,Generic multi-task,7,strict_whole_screen,Whole-screen,Biohub_OPS0009,2,0.7261371109634638
resmlp_52head,ResMLP,#4F9A70,Generic multi-task,7,strict_whole_screen,Whole-screen,Biohub_OPS0011,1,0.6587438595791658
resmlp_52head,ResMLP,#4F9A70,Generic multi-task,7,strict_whole_screen,Whole-screen,Biohub_OPS0012,1,0.7050498612225056
resmlp_52head,ResMLP,#4F9A70,Generic multi-task,7,strict_whole_screen,Whole-screen,Biohub_OPS0013,1,0.6840069188425938
resmlp_52head,ResMLP,#4F9A70,Generic multi-task,7,strict_whole_screen,Whole-screen,Biohub_OPS0014,1,0.8288323270777861
resmlp_52head,ResMLP,#4F9A70,Generic multi-task,7,strict_whole_screen,Whole-screen,Biohub_OPS0015,1,0.5694247707724571
resmlp_52head,ResMLP,#4F9A70,Generic multi-task,7,strict_whole_screen,Whole-screen,Biohub_OPS0016,1,0.6275795307010412
resmlp_52head,ResMLP,#4F9A70,Generic multi-task,7,strict_whole_screen,Whole-screen,Biohub_OPS0017,1,0.5992958111067613
resmlp_52head,ResMLP,#4F9A70,Generic multi-task,7,strict_whole_screen,Whole-screen,Biohub_OPS0018,1,0.8480066768825054
resmlp_52head,ResMLP,#4F9A70,Generic multi-task,7,strict_whole_screen,Whole-screen,Biohub_OPS0019,1,0.8489924594759941
resmlp_52head,ResMLP,#4F9A70,Generic multi-task,7,strict_whole_screen,Whole-screen,Biohub_OPS0020,1,0.7185394981255134
resmlp_52head,ResMLP,#4F9A70,Generic multi-task,7,strict_whole_screen,Whole-screen,Biohub_OPS0021,1,0.7200362129757801
resmlp_52head,ResMLP,#4F9A70,Generic multi-task,7,strict_whole_screen,Whole-screen,Biohub_OPS0022,1,0.2100953373980398
resmlp_52head,ResMLP,#4F9A70,Generic multi-task,7,strict_whole_screen,Whole-screen,Biohub_OPS0023,1,0.4000466192762057
resmlp_52head,ResMLP,#4F9A70,Generic multi-task,7,strict_whole_screen,Whole-screen,Biohub_OPS0025,1,0.7318483199924231
resmlp_52head,ResMLP,#4F9A70,Generic multi-task,7,strict_whole_screen,Whole-screen,Biohub_OPS0026,1,0.8620821883281072
resmlp_52head,ResMLP,#4F9A70,Generic multi-task,7,strict_whole_screen,Whole-screen,Biohub_OPS0027,1,0.7508019420007864
resmlp_52head,ResMLP,#4F9A70,Generic multi-task,7,strict_whole_screen,Whole-screen,Biohub_OPS0028,1,0.7081297275920709
resmlp_52head,ResMLP,#4F9A70,Generic multi-task,7,strict_whole_screen,Whole-screen,Biohub_OPS0029,1,0.425855738731722
resmlp_52head,ResMLP,#4F9A70,Generic multi-task,7,strict_whole_screen,Whole-screen,Biohub_OPS0030,1,0.5162378850703438
resmlp_52head,ResMLP,#4F9A70,Generic multi-task,7,strict_whole_screen,Whole-screen,Biohub_OPS0031,1,0.5795993066082398
resmlp_52head,ResMLP,#4F9A70,Generic multi-task,7,strict_whole_screen,Whole-screen,Biohub_OPS0032,1,0.6533470414578915
resmlp_52head,ResMLP,#4F9A70,Generic multi-task,7,strict_whole_screen,Whole-screen,Biohub_OPS0033,1,0.8519152291119099
resmlp_52head,ResMLP,#4F9A70,Generic multi-task,7,strict_whole_screen,Whole-screen,Biohub_OPS0034,1,0.8595502711832523
resmlp_52head,ResMLP,#4F9A70,Generic multi-task,7,strict_whole_screen,Whole-screen,Biohub_OPS0036,1,0.5320222973823547
resmlp_52head,ResMLP,#4F9A70,Generic multi-task,7,strict_whole_screen,Whole-screen,Biohub_OPS0040,1,0.6865215610402325
resmlp_52head,ResMLP,#4F9A70,Generic multi-task,7,strict_whole_screen,Whole-screen,Biohub_OPS0041,1,0.3908937244365613
resmlp_52head,ResMLP,#4F9A70,Generic multi-task,7,strict_whole_screen,Whole-screen,Biohub_OPS0042,1,0.6388662767906984
resmlp_52head,ResMLP,#4F9A70,Generic multi-task,7,strict_whole_screen,Whole-screen,Biohub_OPS0044,1,0.8691211317976316
resmlp_52head,ResMLP,#4F9A70,Generic multi-task,7,strict_whole_screen,Whole-screen,Biohub_OPS0045,2,0.5272478593202928
resmlp_52head,ResMLP,#4F9A70,Generic multi-task,7,strict_whole_screen,Whole-screen,Biohub_OPS0047,1,0.0124538914921383
resmlp_52head,ResMLP,#4F9A70,Generic multi-task,7,strict_whole_screen,Whole-screen,Biohub_OPS0048,1,0.492094208059522
resmlp_52head,ResMLP,#4F9A70,Generic multi-task,7,strict_whole_screen,Whole-screen,Biohub_OPS0050,1,0.4906703264762957
resmlp_52head,ResMLP,#4F9A70,Generic multi-task,7,strict_whole_screen,Whole-screen,Biohub_OPS0051,1,0.5724544220914444
resmlp_52head,ResMLP,#4F9A70,Generic multi-task,7,strict_whole_screen,Whole-screen,Biohub_OPS0053,1,0.3659754597271482
resmlp_52head,ResMLP,#4F9A70,Generic multi-task,7,strict_whole_screen,Whole-screen,Biohub_OPS0054,1,0.572137555728356
resmlp_52head,ResMLP,#4F9A70,Generic multi-task,7,strict_whole_screen,Whole-screen,Biohub_OPS0055,1,0.8704922491063675
resmlp_52head,ResMLP,#4F9A70,Generic multi-task,7,strict_whole_screen,Whole-screen,Biohub_OPS0056,1,0.8445989408840736
resmlp_52head,ResMLP,#4F9A70,Generic multi-task,7,strict_whole_screen,Whole-screen,Biohub_OPS0057,2,0.5747155736510952
resmlp_52head,ResMLP,#4F9A70,Generic multi-task,7,strict_whole_screen,Whole-screen,Biohub_OPS0058,1,0.6323256542285284
resmlp_52head,ResMLP,#4F9A70,Generic multi-task,7,strict_whole_screen,Whole-screen,Biohub_OPS0059,1,0.4540804785986741
resmlp_52head,ResMLP,#4F9A70,Generic multi-task,7,strict_whole_screen,Whole-screen,Biohub_OPS0060,1,0.7973432702322801
resmlp_52head,ResMLP,#4F9A70,Generic multi-task,7,strict_whole_screen,Whole-screen,Biohub_OPS0061,2,0.5197211311509211
resmlp_52head,ResMLP,#4F9A70,Generic multi-task,7,strict_whole_screen,Whole-screen,Biohub_OPS0062,2,0.39428103319369256
resmlp_52head,ResMLP,#4F9A70,Generic multi-task,7,strict_whole_screen,Whole-screen,Biohub_OPS0063,1,0.6591284697254499
resmlp_52head,ResMLP,#4F9A70,Generic multi-task,7,strict_whole_screen,Whole-screen,Biohub_OPS0064,2,0.40267724299337715
resmlp_52head,ResMLP,#4F9A70,Generic multi-task,7,strict_whole_screen,Whole-screen,Biohub_OPS0065,2,0.5389504931905927
resmlp_52head,ResMLP,#4F9A70,Generic multi-task,7,strict_whole_screen,Whole-screen,Biohub_OPS0066,1,0.8481010893980662
resmlp_52head,ResMLP,#4F9A70,Generic multi-task,7,strict_whole_screen,Whole-screen,Biohub_OPS0067,1,0.0404487542109563
resmlp_52head,ResMLP,#4F9A70,Generic multi-task,7,strict_whole_screen,Whole-screen,Biohub_OPS0068,1,0.4746406774502247
resmlp_52head,ResMLP,#4F9A70,Generic multi-task,7,strict_whole_screen,Whole-screen,Biohub_OPS0069,2,0.45340145509301993
resmlp_52head,ResMLP,#4F9A70,Generic multi-task,7,strict_whole_screen,Whole-screen,Biohub_OPS0070,1,0.4006667579524219
resmlp_52head,ResMLP,#4F9A70,Generic multi-task,7,strict_whole_screen,Whole-screen,Biohub_OPS0071,1,0.5943057866146167
resmlp_52head,ResMLP,#4F9A70,Generic multi-task,7,strict_whole_screen,Whole-screen,Biohub_OPS0072,2,0.7373636330788333
resmlp_52head,ResMLP,#4F9A70,Generic multi-task,7,strict_whole_screen,Whole-screen,Biohub_OPS0073,1,0.4837121221547325
resmlp_52head,ResMLP,#4F9A70,Generic multi-task,7,strict_whole_screen,Whole-screen,Biohub_OPS0074,2,0.6038245842015992
resmlp_52head,ResMLP,#4F9A70,Generic multi-task,7,strict_whole_screen,Whole-screen,Biohub_OPS0075,1,0.6314682637651762
resmlp_52head,ResMLP,#4F9A70,Generic multi-task,7,strict_whole_screen,Whole-screen,Biohub_OPS0076,1,0.8145671964933475
ridge,Ridge,#3E6F9C,Classical tabular,1,field_holdout_sanity,Field,Biohub_OPS0001,2,0.7204076602309941
ridge,Ridge,#3E6F9C,Classical tabular,1,field_holdout_sanity,Field,Biohub_OPS0002,1,0.732832129796346
ridge,Ridge,#3E6F9C,Classical tabular,1,field_holdout_sanity,Field,Biohub_OPS0003,1,0.8511930709083876
ridge,Ridge,#3E6F9C,Classical tabular,1,field_holdout_sanity,Field,Biohub_OPS0004,1,0.8511930709083876
ridge,Ridge,#3E6F9C,Classical tabular,1,field_holdout_sanity,Field,Biohub_OPS0005,2,0.7204076602309941
ridge,Ridge,#3E6F9C,Classical tabular,1,field_holdout_sanity,Field,Biohub_OPS0006,2,0.7204076602309941
ridge,Ridge,#3E6F9C,Classical tabular,1,field_holdout_sanity,Field,Biohub_OPS0007,2,0.7204076602309941
ridge,Ridge,#3E6F9C,Classical tabular,1,field_holdout_sanity,Field,Biohub_OPS0008,2,0.7204076602309941
ridge,Ridge,#3E6F9C,Classical tabular,1,field_holdout_sanity,Field,Biohub_OPS0009,2,0.7204076602309941
ridge,Ridge,#3E6F9C,Classical tabular,1,field_holdout_sanity,Field,Biohub_OPS0011,1,0.7104642649491628
ridge,Ridge,#3E6F9C,Classical tabular,1,field_holdout_sanity,Field,Biohub_OPS0012,1,0.7104642649491628
ridge,Ridge,#3E6F9C,Classical tabular,1,field_holdout_sanity,Field,Biohub_OPS0013,1,0.7941921837627888
ridge,Ridge,#3E6F9C,Classical tabular,1,field_holdout_sanity,Field,Biohub_OPS0014,1,0.8724828677872816
ridge,Ridge,#3E6F9C,Classical tabular,1,field_holdout_sanity,Field,Biohub_OPS0015,1,0.7657640648384889
ridge,Ridge,#3E6F9C,Classical tabular,1,field_holdout_sanity,Field,Biohub_OPS0016,1,0.8782340630888938
ridge,Ridge,#3E6F9C,Classical tabular,1,field_holdout_sanity,Field,Biohub_OPS0017,1,0.8782340630888938
ridge,Ridge,#3E6F9C,Classical tabular,1,field_holdout_sanity,Field,Biohub_OPS0018,1,0.855874577909708
ridge,Ridge,#3E6F9C,Classical tabular,1,field_holdout_sanity,Field,Biohub_OPS0019,1,0.855874577909708
ridge,Ridge,#3E6F9C,Classical tabular,1,field_holdout_sanity,Field,Biohub_OPS0020,1,0.7378958575427532
ridge,Ridge,#3E6F9C,Classical tabular,1,field_holdout_sanity,Field,Biohub_OPS0021,1,0.7378958575427532
ridge,Ridge,#3E6F9C,Classical tabular,1,field_holdout_sanity,Field,Biohub_OPS0022,1,0.7849646963179111
ridge,Ridge,#3E6F9C,Classical tabular,1,field_holdout_sanity,Field,Biohub_OPS0023,1,0.8327877931296825
ridge,Ridge,#3E6F9C,Classical tabular,1,field_holdout_sanity,Field,Biohub_OPS0025,1,0.7941921837627888
ridge,Ridge,#3E6F9C,Classical tabular,1,field_holdout_sanity,Field,Biohub_OPS0026,1,0.8724828677872816
ridge,Ridge,#3E6F9C,Classical tabular,1,field_holdout_sanity,Field,Biohub_OPS0027,1,0.8391329407691955
ridge,Ridge,#3E6F9C,Classical tabular,1,field_holdout_sanity,Field,Biohub_OPS0028,1,0.7847706727683544
ridge,Ridge,#3E6F9C,Classical tabular,1,field_holdout_sanity,Field,Biohub_OPS0029,1,0.6295406050980091
ridge,Ridge,#3E6F9C,Classical tabular,1,field_holdout_sanity,Field,Biohub_OPS0030,1,0.6253854210178057
ridge,Ridge,#3E6F9C,Classical tabular,1,field_holdout_sanity,Field,Biohub_OPS0031,1,0.6552262810369333
ridge,Ridge,#3E6F9C,Classical tabular,1,field_holdout_sanity,Field,Biohub_OPS0032,1,0.6555263604968786
ridge,Ridge,#3E6F9C,Classical tabular,1,field_holdout_sanity,Field,Biohub_OPS0033,1,0.8841034094492594
ridge,Ridge,#3E6F9C,Classical tabular,1,field_holdout_sanity,Field,Biohub_OPS0034,1,0.8484034714599451
ridge,Ridge,#3E6F9C,Classical tabular,1,field_holdout_sanity,Field,Biohub_OPS0035,1,0.8393716213603815
ridge,Ridge,#3E6F9C,Classical tabular,1,field_holdout_sanity,Field,Biohub_OPS0036,1,0.833622615536054
ridge,Ridge,#3E6F9C,Classical tabular,1,field_holdout_sanity,Field,Biohub_OPS0037,1,0.8570981356004873
ridge,Ridge,#3E6F9C,Classical tabular,1,field_holdout_sanity,Field,Biohub_OPS0039,1,0.8150402826567491
ridge,Ridge,#3E6F9C,Classical tabular,1,field_holdout_sanity,Field,Biohub_OPS0040,1,0.8782340630888938
ridge,Ridge,#3E6F9C,Classical tabular,1,field_holdout_sanity,Field,Biohub_OPS0041,1,0.8005868315696716
ridge,Ridge,#3E6F9C,Classical tabular,1,field_holdout_sanity,Field,Biohub_OPS0042,1,0.8162350823481879
ridge,Ridge,#3E6F9C,Classical tabular,1,field_holdout_sanity,Field,Biohub_OPS0043,7,0.5498390037152502
ridge,Ridge,#3E6F9C,Classical tabular,1,field_holdout_sanity,Field,Biohub_OPS0044,1,0.8824286077171564
ridge,Ridge,#3E6F9C,Classical tabular,1,field_holdout_sanity,Field,Biohub_OPS0045,2,0.7810118058075508
ridge,Ridge,#3E6F9C,Classical tabular,1,field_holdout_sanity,Field,Biohub_OPS0046,1,0.7207099293669066
ridge,Ridge,#3E6F9C,Classical tabular,1,field_holdout_sanity,Field,Biohub_OPS0047,1,0.948575514058272
ridge,Ridge,#3E6F9C,Classical tabular,1,field_holdout_sanity,Field,Biohub_OPS0048,1,0.7506901599466801
ridge,Ridge,#3E6F9C,Classical tabular,1,field_holdout_sanity,Field,Biohub_OPS0050,1,0.5516420675131182
ridge,Ridge,#3E6F9C,Classical tabular,1,field_holdout_sanity,Field,Biohub_OPS0051,1,0.732832129796346
ridge,Ridge,#3E6F9C,Classical tabular,1,field_holdout_sanity,Field,Biohub_OPS0052,1,0.5569728285074234
ridge,Ridge,#3E6F9C,Classical tabular,1,field_holdout_sanity,Field,Biohub_OPS0053,1,0.7903026517480611
ridge,Ridge,#3E6F9C,Classical tabular,1,field_holdout_sanity,Field,Biohub_OPS0054,1,0.6552262810369333
ridge,Ridge,#3E6F9C,Classical tabular,1,field_holdout_sanity,Field,Biohub_OPS0055,1,0.8824286077171564
ridge,Ridge,#3E6F9C,Classical tabular,1,field_holdout_sanity,Field,Biohub_OPS0056,1,0.8824286077171564
ridge,Ridge,#3E6F9C,Classical tabular,1,field_holdout_sanity,Field,Biohub_OPS0057,2,0.7810118058075508
ridge,Ridge,#3E6F9C,Classical tabular,1,field_holdout_sanity,Field,Biohub_OPS0058,1,0.8162350823481879
ridge,Ridge,#3E6F9C,Classical tabular,1,field_holdout_sanity,Field,Biohub_OPS0059,1,0.6253854210178057
ridge,Ridge,#3E6F9C,Classical tabular,1,field_holdout_sanity,Field,Biohub_OPS0060,1,0.8391329407691955
ridge,Ridge,#3E6F9C,Classical tabular,1,field_holdout_sanity,Field,Biohub_OPS0061,2,0.7337806924556693
ridge,Ridge,#3E6F9C,Classical tabular,1,field_holdout_sanity,Field,Biohub_OPS0062,2,0.7172628004724781
ridge,Ridge,#3E6F9C,Classical tabular,1,field_holdout_sanity,Field,Biohub_OPS0063,1,0.8010948243240514
ridge,Ridge,#3E6F9C,Classical tabular,1,field_holdout_sanity,Field,Biohub_OPS0064,2,0.6977790953591465
ridge,Ridge,#3E6F9C,Classical tabular,1,field_holdout_sanity,Field,Biohub_OPS0065,2,0.8345340528835852
ridge,Ridge,#3E6F9C,Classical tabular,1,field_holdout_sanity,Field,Biohub_OPS0066,1,0.8484034714599451
ridge,Ridge,#3E6F9C,Classical tabular,1,field_holdout_sanity,Field,Biohub_OPS0067,1,0.948575514058272
ridge,Ridge,#3E6F9C,Classical tabular,1,field_holdout_sanity,Field,Biohub_OPS0068,1,0.7657640648384889
ridge,Ridge,#3E6F9C,Classical tabular,1,field_holdout_sanity,Field,Biohub_OPS0069,2,0.677972849458456
ridge,Ridge,#3E6F9C,Classical tabular,1,field_holdout_sanity,Field,Biohub_OPS0070,1,0.6295406050980091
ridge,Ridge,#3E6F9C,Classical tabular,1,field_holdout_sanity,Field,Biohub_OPS0071,1,0.6555263604968786
ridge,Ridge,#3E6F9C,Classical tabular,1,field_holdout_sanity,Field,Biohub_OPS0072,2,0.8344370411088069
ridge,Ridge,#3E6F9C,Classical tabular,1,field_holdout_sanity,Field,Biohub_OPS0073,1,0.5516420675131182
ridge,Ridge,#3E6F9C,Classical tabular,1,field_holdout_sanity,Field,Biohub_OPS0074,2,0.858445601289471
ridge,Ridge,#3E6F9C,Classical tabular,1,field_holdout_sanity,Field,Biohub_OPS0075,1,0.8010948243240514
ridge,Ridge,#3E6F9C,Classical tabular,1,field_holdout_sanity,Field,Biohub_OPS0076,1,0.8841034094492594
ridge,Ridge,#3E6F9C,Classical tabular,1,field_holdout_sanity,Field,Biohub_OPS0077,6,0.408342892602086
ridge,Ridge,#3E6F9C,Classical tabular,1,gene_holdout_main,Gene,Biohub_OPS0001,2,0.7180494388441245
ridge,Ridge,#3E6F9C,Classical tabular,1,gene_holdout_main,Gene,Biohub_OPS0002,1,0.7341758141915004
ridge,Ridge,#3E6F9C,Classical tabular,1,gene_holdout_main,Gene,Biohub_OPS0003,1,0.8508236989378929
ridge,Ridge,#3E6F9C,Classical tabular,1,gene_holdout_main,Gene,Biohub_OPS0004,1,0.8508236989378929
ridge,Ridge,#3E6F9C,Classical tabular,1,gene_holdout_main,Gene,Biohub_OPS0005,2,0.7180494388441245
ridge,Ridge,#3E6F9C,Classical tabular,1,gene_holdout_main,Gene,Biohub_OPS0006,2,0.7180494388441245
ridge,Ridge,#3E6F9C,Classical tabular,1,gene_holdout_main,Gene,Biohub_OPS0007,2,0.7180494388441245
ridge,Ridge,#3E6F9C,Classical tabular,1,gene_holdout_main,Gene,Biohub_OPS0008,2,0.7180494388441245
ridge,Ridge,#3E6F9C,Classical tabular,1,gene_holdout_main,Gene,Biohub_OPS0009,2,0.7180494388441245
ridge,Ridge,#3E6F9C,Classical tabular,1,gene_holdout_main,Gene,Biohub_OPS0011,1,0.7215367617706459
ridge,Ridge,#3E6F9C,Classical tabular,1,gene_holdout_main,Gene,Biohub_OPS0012,1,0.7215367617706459
ridge,Ridge,#3E6F9C,Classical tabular,1,gene_holdout_main,Gene,Biohub_OPS0013,1,0.7940465661386649
ridge,Ridge,#3E6F9C,Classical tabular,1,gene_holdout_main,Gene,Biohub_OPS0014,1,0.8728535455962023
ridge,Ridge,#3E6F9C,Classical tabular,1,gene_holdout_main,Gene,Biohub_OPS0015,1,0.766057478884856
ridge,Ridge,#3E6F9C,Classical tabular,1,gene_holdout_main,Gene,Biohub_OPS0016,1,0.8783414868017039
ridge,Ridge,#3E6F9C,Classical tabular,1,gene_holdout_main,Gene,Biohub_OPS0017,1,0.8783414868017039
ridge,Ridge,#3E6F9C,Classical tabular,1,gene_holdout_main,Gene,Biohub_OPS0018,1,0.856464379032453
ridge,Ridge,#3E6F9C,Classical tabular,1,gene_holdout_main,Gene,Biohub_OPS0019,1,0.856464379032453
ridge,Ridge,#3E6F9C,Classical tabular,1,gene_holdout_main,Gene,Biohub_OPS0020,1,0.7384466844300428
ridge,Ridge,#3E6F9C,Classical tabular,1,gene_holdout_main,Gene,Biohub_OPS0021,1,0.7384466844300428
ridge,Ridge,#3E6F9C,Classical tabular,1,gene_holdout_main,Gene,Biohub_OPS0022,1,0.7856267017622789
ridge,Ridge,#3E6F9C,Classical tabular,1,gene_holdout_main,Gene,Biohub_OPS0023,1,0.83352059101065
ridge,Ridge,#3E6F9C,Classical tabular,1,gene_holdout_main,Gene,Biohub_OPS0025,1,0.7940465661386649
ridge,Ridge,#3E6F9C,Classical tabular,1,gene_holdout_main,Gene,Biohub_OPS0026,1,0.8728535455962023
ridge,Ridge,#3E6F9C,Classical tabular,1,gene_holdout_main,Gene,Biohub_OPS0027,1,0.8401453231771787
ridge,Ridge,#3E6F9C,Classical tabular,1,gene_holdout_main,Gene,Biohub_OPS0028,1,0.7844771352907023
ridge,Ridge,#3E6F9C,Classical tabular,1,gene_holdout_main,Gene,Biohub_OPS0029,1,0.6295072890818119
ridge,Ridge,#3E6F9C,Classical tabular,1,gene_holdout_main,Gene,Biohub_OPS0030,1,0.6262019815544286
ridge,Ridge,#3E6F9C,Classical tabular,1,gene_holdout_main,Gene,Biohub_OPS0031,1,0.6586512554436922
ridge,Ridge,#3E6F9C,Classical tabular,1,gene_holdout_main,Gene,Biohub_OPS0032,1,0.6544480005900065
ridge,Ridge,#3E6F9C,Classical tabular,1,gene_holdout_main,Gene,Biohub_OPS0033,1,0.8842205857237181
ridge,Ridge,#3E6F9C,Classical tabular,1,gene_holdout_main,Gene,Biohub_OPS0034,1,0.8485101421674093
ridge,Ridge,#3E6F9C,Classical tabular,1,gene_holdout_main,Gene,Biohub_OPS0035,1,0.8393903590738774
ridge,Ridge,#3E6F9C,Classical tabular,1,gene_holdout_main,Gene,Biohub_OPS0036,1,0.8336332480112711
ridge,Ridge,#3E6F9C,Classical tabular,1,gene_holdout_main,Gene,Biohub_OPS0037,1,0.8570500339070956
ridge,Ridge,#3E6F9C,Classical tabular,1,gene_holdout_main,Gene,Biohub_OPS0039,1,0.8131781647602716
ridge,Ridge,#3E6F9C,Classical tabular,1,gene_holdout_main,Gene,Biohub_OPS0040,1,0.8783414868017039
ridge,Ridge,#3E6F9C,Classical tabular,1,gene_holdout_main,Gene,Biohub_OPS0041,1,0.8008669830858708
ridge,Ridge,#3E6F9C,Classical tabular,1,gene_holdout_main,Gene,Biohub_OPS0042,1,0.8162267451484999
ridge,Ridge,#3E6F9C,Classical tabular,1,gene_holdout_main,Gene,Biohub_OPS0043,7,0.5498137945516242
ridge,Ridge,#3E6F9C,Classical tabular,1,gene_holdout_main,Gene,Biohub_OPS0044,1,0.8835718043148517
ridge,Ridge,#3E6F9C,Classical tabular,1,gene_holdout_main,Gene,Biohub_OPS0045,2,0.781289869422714
ridge,Ridge,#3E6F9C,Classical tabular,1,gene_holdout_main,Gene,Biohub_OPS0046,1,0.7184638261795044
ridge,Ridge,#3E6F9C,Classical tabular,1,gene_holdout_main,Gene,Biohub_OPS0047,1,0.9509375785787901
ridge,Ridge,#3E6F9C,Classical tabular,1,gene_holdout_main,Gene,Biohub_OPS0048,1,0.7510629219313463
ridge,Ridge,#3E6F9C,Classical tabular,1,gene_holdout_main,Gene,Biohub_OPS0050,1,0.5396865364784996
ridge,Ridge,#3E6F9C,Classical tabular,1,gene_holdout_main,Gene,Biohub_OPS0051,1,0.7341758141915004
ridge,Ridge,#3E6F9C,Classical tabular,1,gene_holdout_main,Gene,Biohub_OPS0052,1,0.5566784259552756
ridge,Ridge,#3E6F9C,Classical tabular,1,gene_holdout_main,Gene,Biohub_OPS0053,1,0.7901684450606505
ridge,Ridge,#3E6F9C,Classical tabular,1,gene_holdout_main,Gene,Biohub_OPS0054,1,0.6586512554436922
ridge,Ridge,#3E6F9C,Classical tabular,1,gene_holdout_main,Gene,Biohub_OPS0055,1,0.8835718043148517
ridge,Ridge,#3E6F9C,Classical tabular,1,gene_holdout_main,Gene,Biohub_OPS0056,1,0.8835718043148517
ridge,Ridge,#3E6F9C,Classical tabular,1,gene_holdout_main,Gene,Biohub_OPS0057,2,0.781289869422714
ridge,Ridge,#3E6F9C,Classical tabular,1,gene_holdout_main,Gene,Biohub_OPS0058,1,0.8162267451484999
ridge,Ridge,#3E6F9C,Classical tabular,1,gene_holdout_main,Gene,Biohub_OPS0059,1,0.6262019815544286
ridge,Ridge,#3E6F9C,Classical tabular,1,gene_holdout_main,Gene,Biohub_OPS0060,1,0.8401453231771787
ridge,Ridge,#3E6F9C,Classical tabular,1,gene_holdout_main,Gene,Biohub_OPS0061,2,0.7337281857306759
ridge,Ridge,#3E6F9C,Classical tabular,1,gene_holdout_main,Gene,Biohub_OPS0062,2,0.7173450532679757
ridge,Ridge,#3E6F9C,Classical tabular,1,gene_holdout_main,Gene,Biohub_OPS0063,1,0.8011343787113827
ridge,Ridge,#3E6F9C,Classical tabular,1,gene_holdout_main,Gene,Biohub_OPS0064,2,0.697672807921966
ridge,Ridge,#3E6F9C,Classical tabular,1,gene_holdout_main,Gene,Biohub_OPS0065,2,0.8349236437429985
ridge,Ridge,#3E6F9C,Classical tabular,1,gene_holdout_main,Gene,Biohub_OPS0066,1,0.8485101421674093
ridge,Ridge,#3E6F9C,Classical tabular,1,gene_holdout_main,Gene,Biohub_OPS0067,1,0.9509375785787901
ridge,Ridge,#3E6F9C,Classical tabular,1,gene_holdout_main,Gene,Biohub_OPS0068,1,0.766057478884856
ridge,Ridge,#3E6F9C,Classical tabular,1,gene_holdout_main,Gene,Biohub_OPS0069,2,0.6781200463573138
ridge,Ridge,#3E6F9C,Classical tabular,1,gene_holdout_main,Gene,Biohub_OPS0070,1,0.6295072890818119
ridge,Ridge,#3E6F9C,Classical tabular,1,gene_holdout_main,Gene,Biohub_OPS0071,1,0.6544480005900065
ridge,Ridge,#3E6F9C,Classical tabular,1,gene_holdout_main,Gene,Biohub_OPS0072,2,0.8343488605072102
ridge,Ridge,#3E6F9C,Classical tabular,1,gene_holdout_main,Gene,Biohub_OPS0073,1,0.5396865364784996
ridge,Ridge,#3E6F9C,Classical tabular,1,gene_holdout_main,Gene,Biohub_OPS0074,2,0.8588705883671841
ridge,Ridge,#3E6F9C,Classical tabular,1,gene_holdout_main,Gene,Biohub_OPS0075,1,0.8011343787113827
ridge,Ridge,#3E6F9C,Classical tabular,1,gene_holdout_main,Gene,Biohub_OPS0076,1,0.8842205857237181
ridge,Ridge,#3E6F9C,Classical tabular,1,gene_holdout_main,Gene,Biohub_OPS0077,6,0.40793266473958884
ridge,Ridge,#3E6F9C,Classical tabular,1,strict_whole_screen,Whole-screen,Biohub_OPS0001,2,0.7650630940993627
ridge,Ridge,#3E6F9C,Classical tabular,1,strict_whole_screen,Whole-screen,Biohub_OPS0002,1,0.5622259130080541
ridge,Ridge,#3E6F9C,Classical tabular,1,strict_whole_screen,Whole-screen,Biohub_OPS0003,1,0.8627833301822344
ridge,Ridge,#3E6F9C,Classical tabular,1,strict_whole_screen,Whole-screen,Biohub_OPS0004,1,0.8296835770209631
ridge,Ridge,#3E6F9C,Classical tabular,1,strict_whole_screen,Whole-screen,Biohub_OPS0005,2,0.7309710353612899
ridge,Ridge,#3E6F9C,Classical tabular,1,strict_whole_screen,Whole-screen,Biohub_OPS0006,2,0.6804258325447639
ridge,Ridge,#3E6F9C,Classical tabular,1,strict_whole_screen,Whole-screen,Biohub_OPS0007,2,0.6999762286742528
ridge,Ridge,#3E6F9C,Classical tabular,1,strict_whole_screen,Whole-screen,Biohub_OPS0008,2,0.7309535900751749
ridge,Ridge,#3E6F9C,Classical tabular,1,strict_whole_screen,Whole-screen,Biohub_OPS0009,2,0.7185957218209902
ridge,Ridge,#3E6F9C,Classical tabular,1,strict_whole_screen,Whole-screen,Biohub_OPS0011,1,0.6562015923360983
ridge,Ridge,#3E6F9C,Classical tabular,1,strict_whole_screen,Whole-screen,Biohub_OPS0012,1,0.691089995826284
ridge,Ridge,#3E6F9C,Classical tabular,1,strict_whole_screen,Whole-screen,Biohub_OPS0013,1,0.6773933346072832
ridge,Ridge,#3E6F9C,Classical tabular,1,strict_whole_screen,Whole-screen,Biohub_OPS0014,1,0.8180317468941212
ridge,Ridge,#3E6F9C,Classical tabular,1,strict_whole_screen,Whole-screen,Biohub_OPS0015,1,0.5591750604410967
ridge,Ridge,#3E6F9C,Classical tabular,1,strict_whole_screen,Whole-screen,Biohub_OPS0016,1,0.5919175129383802
ridge,Ridge,#3E6F9C,Classical tabular,1,strict_whole_screen,Whole-screen,Biohub_OPS0017,1,0.5775476607183615
ridge,Ridge,#3E6F9C,Classical tabular,1,strict_whole_screen,Whole-screen,Biohub_OPS0018,1,0.8306057477990786
ridge,Ridge,#3E6F9C,Classical tabular,1,strict_whole_screen,Whole-screen,Biohub_OPS0019,1,0.84792518739899
ridge,Ridge,#3E6F9C,Classical tabular,1,strict_whole_screen,Whole-screen,Biohub_OPS0020,1,0.730484743292133
ridge,Ridge,#3E6F9C,Classical tabular,1,strict_whole_screen,Whole-screen,Biohub_OPS0021,1,0.735820367311438
ridge,Ridge,#3E6F9C,Classical tabular,1,strict_whole_screen,Whole-screen,Biohub_OPS0022,1,0.4066864529935022
ridge,Ridge,#3E6F9C,Classical tabular,1,strict_whole_screen,Whole-screen,Biohub_OPS0023,1,0.408006587686638
ridge,Ridge,#3E6F9C,Classical tabular,1,strict_whole_screen,Whole-screen,Biohub_OPS0025,1,0.7470290002723535
ridge,Ridge,#3E6F9C,Classical tabular,1,strict_whole_screen,Whole-screen,Biohub_OPS0026,1,0.843259047716856
ridge,Ridge,#3E6F9C,Classical tabular,1,strict_whole_screen,Whole-screen,Biohub_OPS0027,1,0.759199433028698
ridge,Ridge,#3E6F9C,Classical tabular,1,strict_whole_screen,Whole-screen,Biohub_OPS0028,1,0.7778050142029921
ridge,Ridge,#3E6F9C,Classical tabular,1,strict_whole_screen,Whole-screen,Biohub_OPS0029,1,0.543151220617195
ridge,Ridge,#3E6F9C,Classical tabular,1,strict_whole_screen,Whole-screen,Biohub_OPS0030,1,0.5059163778399428
ridge,Ridge,#3E6F9C,Classical tabular,1,strict_whole_screen,Whole-screen,Biohub_OPS0031,1,0.6093236804008484
ridge,Ridge,#3E6F9C,Classical tabular,1,strict_whole_screen,Whole-screen,Biohub_OPS0032,1,0.6531129131714503
ridge,Ridge,#3E6F9C,Classical tabular,1,strict_whole_screen,Whole-screen,Biohub_OPS0033,1,0.8425370715558529
ridge,Ridge,#3E6F9C,Classical tabular,1,strict_whole_screen,Whole-screen,Biohub_OPS0034,1,0.8462157386044661
ridge,Ridge,#3E6F9C,Classical tabular,1,strict_whole_screen,Whole-screen,Biohub_OPS0036,1,0.469886539503932
ridge,Ridge,#3E6F9C,Classical tabular,1,strict_whole_screen,Whole-screen,Biohub_OPS0040,1,0.657316378938655
ridge,Ridge,#3E6F9C,Classical tabular,1,strict_whole_screen,Whole-screen,Biohub_OPS0041,1,0.371962849671642
ridge,Ridge,#3E6F9C,Classical tabular,1,strict_whole_screen,Whole-screen,Biohub_OPS0042,1,0.6852548010647297
ridge,Ridge,#3E6F9C,Classical tabular,1,strict_whole_screen,Whole-screen,Biohub_OPS0044,1,0.8647001211841902
ridge,Ridge,#3E6F9C,Classical tabular,1,strict_whole_screen,Whole-screen,Biohub_OPS0045,2,0.5972575720710059
ridge,Ridge,#3E6F9C,Classical tabular,1,strict_whole_screen,Whole-screen,Biohub_OPS0047,1,0.0565478576851698
ridge,Ridge,#3E6F9C,Classical tabular,1,strict_whole_screen,Whole-screen,Biohub_OPS0048,1,0.5274932858107301
ridge,Ridge,#3E6F9C,Classical tabular,1,strict_whole_screen,Whole-screen,Biohub_OPS0050,1,0.5276041906327009
ridge,Ridge,#3E6F9C,Classical tabular,1,strict_whole_screen,Whole-screen,Biohub_OPS0051,1,0.5956954701493183
ridge,Ridge,#3E6F9C,Classical tabular,1,strict_whole_screen,Whole-screen,Biohub_OPS0053,1,0.3268836233764887
ridge,Ridge,#3E6F9C,Classical tabular,1,strict_whole_screen,Whole-screen,Biohub_OPS0054,1,0.459970003614823
ridge,Ridge,#3E6F9C,Classical tabular,1,strict_whole_screen,Whole-screen,Biohub_OPS0055,1,0.8734301098932823
ridge,Ridge,#3E6F9C,Classical tabular,1,strict_whole_screen,Whole-screen,Biohub_OPS0056,1,0.8609821603943905
ridge,Ridge,#3E6F9C,Classical tabular,1,strict_whole_screen,Whole-screen,Biohub_OPS0057,2,0.6650751903653145
ridge,Ridge,#3E6F9C,Classical tabular,1,strict_whole_screen,Whole-screen,Biohub_OPS0058,1,0.6744586812953154
ridge,Ridge,#3E6F9C,Classical tabular,1,strict_whole_screen,Whole-screen,Biohub_OPS0059,1,0.4919678500543038
ridge,Ridge,#3E6F9C,Classical tabular,1,strict_whole_screen,Whole-screen,Biohub_OPS0060,1,0.7859004425505797
ridge,Ridge,#3E6F9C,Classical tabular,1,strict_whole_screen,Whole-screen,Biohub_OPS0061,2,0.41382458774993813
ridge,Ridge,#3E6F9C,Classical tabular,1,strict_whole_screen,Whole-screen,Biohub_OPS0062,2,0.402752045658417
ridge,Ridge,#3E6F9C,Classical tabular,1,strict_whole_screen,Whole-screen,Biohub_OPS0063,1,0.6665175495048364
ridge,Ridge,#3E6F9C,Classical tabular,1,strict_whole_screen,Whole-screen,Biohub_OPS0064,2,0.459519135998562
ridge,Ridge,#3E6F9C,Classical tabular,1,strict_whole_screen,Whole-screen,Biohub_OPS0065,2,0.6212979271367658
ridge,Ridge,#3E6F9C,Classical tabular,1,strict_whole_screen,Whole-screen,Biohub_OPS0066,1,0.8265855324765047
ridge,Ridge,#3E6F9C,Classical tabular,1,strict_whole_screen,Whole-screen,Biohub_OPS0067,1,0.1459093449811916
ridge,Ridge,#3E6F9C,Classical tabular,1,strict_whole_screen,Whole-screen,Biohub_OPS0068,1,0.3704637092111322
ridge,Ridge,#3E6F9C,Classical tabular,1,strict_whole_screen,Whole-screen,Biohub_OPS0069,2,0.45833321792694426
ridge,Ridge,#3E6F9C,Classical tabular,1,strict_whole_screen,Whole-screen,Biohub_OPS0070,1,0.4318995025629799
ridge,Ridge,#3E6F9C,Classical tabular,1,strict_whole_screen,Whole-screen,Biohub_OPS0071,1,0.6141648261497418
ridge,Ridge,#3E6F9C,Classical tabular,1,strict_whole_screen,Whole-screen,Biohub_OPS0072,2,0.7579196601485212
ridge,Ridge,#3E6F9C,Classical tabular,1,strict_whole_screen,Whole-screen,Biohub_OPS0073,1,0.4806822510436177
ridge,Ridge,#3E6F9C,Classical tabular,1,strict_whole_screen,Whole-screen,Biohub_OPS0074,2,0.5658035694505088
ridge,Ridge,#3E6F9C,Classical tabular,1,strict_whole_screen,Whole-screen,Biohub_OPS0075,1,0.6558599770069122
ridge,Ridge,#3E6F9C,Classical tabular,1,strict_whole_screen,Whole-screen,Biohub_OPS0076,1,0.7989229497810205
scbutterfly_ops_b,scButterfly,#CC79A7,Neural specialists,6,field_holdout_sanity,Field,Biohub_OPS0001,2,0.6652661477277676
scbutterfly_ops_b,scButterfly,#CC79A7,Neural specialists,6,field_holdout_sanity,Field,Biohub_OPS0002,1,0.7432107960184415
scbutterfly_ops_b,scButterfly,#CC79A7,Neural specialists,6,field_holdout_sanity,Field,Biohub_OPS0003,1,0.837375463048617
scbutterfly_ops_b,scButterfly,#CC79A7,Neural specialists,6,field_holdout_sanity,Field,Biohub_OPS0004,1,0.837375463048617
scbutterfly_ops_b,scButterfly,#CC79A7,Neural specialists,6,field_holdout_sanity,Field,Biohub_OPS0005,2,0.6652661477277676
scbutterfly_ops_b,scButterfly,#CC79A7,Neural specialists,6,field_holdout_sanity,Field,Biohub_OPS0006,2,0.6652661477277676
scbutterfly_ops_b,scButterfly,#CC79A7,Neural specialists,6,field_holdout_sanity,Field,Biohub_OPS0007,2,0.6652661477277676
scbutterfly_ops_b,scButterfly,#CC79A7,Neural specialists,6,field_holdout_sanity,Field,Biohub_OPS0008,2,0.6652661477277676
scbutterfly_ops_b,scButterfly,#CC79A7,Neural specialists,6,field_holdout_sanity,Field,Biohub_OPS0009,2,0.6652661477277676
scbutterfly_ops_b,scButterfly,#CC79A7,Neural specialists,6,field_holdout_sanity,Field,Biohub_OPS0011,1,0.4986320300648609
scbutterfly_ops_b,scButterfly,#CC79A7,Neural specialists,6,field_holdout_sanity,Field,Biohub_OPS0012,1,0.4986320300648609
scbutterfly_ops_b,scButterfly,#CC79A7,Neural specialists,6,field_holdout_sanity,Field,Biohub_OPS0013,1,0.673032924781243
scbutterfly_ops_b,scButterfly,#CC79A7,Neural specialists,6,field_holdout_sanity,Field,Biohub_OPS0014,1,0.827536973853906
scbutterfly_ops_b,scButterfly,#CC79A7,Neural specialists,6,field_holdout_sanity,Field,Biohub_OPS0015,1,0.7490402186910311
scbutterfly_ops_b,scButterfly,#CC79A7,Neural specialists,6,field_holdout_sanity,Field,Biohub_OPS0016,1,0.8353850866357485
scbutterfly_ops_b,scButterfly,#CC79A7,Neural specialists,6,field_holdout_sanity,Field,Biohub_OPS0017,1,0.8353850866357485
scbutterfly_ops_b,scButterfly,#CC79A7,Neural specialists,6,field_holdout_sanity,Field,Biohub_OPS0018,1,0.7391783128182093
scbutterfly_ops_b,scButterfly,#CC79A7,Neural specialists,6,field_holdout_sanity,Field,Biohub_OPS0019,1,0.7391783128182093
scbutterfly_ops_b,scButterfly,#CC79A7,Neural specialists,6,field_holdout_sanity,Field,Biohub_OPS0020,1,0.5449510047522683
scbutterfly_ops_b,scButterfly,#CC79A7,Neural specialists,6,field_holdout_sanity,Field,Biohub_OPS0021,1,0.5449510047522683
scbutterfly_ops_b,scButterfly,#CC79A7,Neural specialists,6,field_holdout_sanity,Field,Biohub_OPS0022,1,0.8075225566824276
scbutterfly_ops_b,scButterfly,#CC79A7,Neural specialists,6,field_holdout_sanity,Field,Biohub_OPS0023,1,0.8310688942670822
scbutterfly_ops_b,scButterfly,#CC79A7,Neural specialists,6,field_holdout_sanity,Field,Biohub_OPS0025,1,0.673032924781243
scbutterfly_ops_b,scButterfly,#CC79A7,Neural specialists,6,field_holdout_sanity,Field,Biohub_OPS0026,1,0.827536973853906
scbutterfly_ops_b,scButterfly,#CC79A7,Neural specialists,6,field_holdout_sanity,Field,Biohub_OPS0027,1,0.6256361270944277
scbutterfly_ops_b,scButterfly,#CC79A7,Neural specialists,6,field_holdout_sanity,Field,Biohub_OPS0028,1,0.7825466605524223
scbutterfly_ops_b,scButterfly,#CC79A7,Neural specialists,6,field_holdout_sanity,Field,Biohub_OPS0029,1,0.6050441086292266
scbutterfly_ops_b,scButterfly,#CC79A7,Neural specialists,6,field_holdout_sanity,Field,Biohub_OPS0030,1,0.4442893773317336
scbutterfly_ops_b,scButterfly,#CC79A7,Neural specialists,6,field_holdout_sanity,Field,Biohub_OPS0031,1,0.40002264827489853
scbutterfly_ops_b,scButterfly,#CC79A7,Neural specialists,6,field_holdout_sanity,Field,Biohub_OPS0032,1,0.4510488210866848
scbutterfly_ops_b,scButterfly,#CC79A7,Neural specialists,6,field_holdout_sanity,Field,Biohub_OPS0033,1,0.8705764196813106
scbutterfly_ops_b,scButterfly,#CC79A7,Neural specialists,6,field_holdout_sanity,Field,Biohub_OPS0034,1,0.7505432767172654
scbutterfly_ops_b,scButterfly,#CC79A7,Neural specialists,6,field_holdout_sanity,Field,Biohub_OPS0035,1,0.7140493807693322
scbutterfly_ops_b,scButterfly,#CC79A7,Neural specialists,6,field_holdout_sanity,Field,Biohub_OPS0036,1,0.8267545466621717
scbutterfly_ops_b,scButterfly,#CC79A7,Neural specialists,6,field_holdout_sanity,Field,Biohub_OPS0037,1,0.8515517018735409
scbutterfly_ops_b,scButterfly,#CC79A7,Neural specialists,6,field_holdout_sanity,Field,Biohub_OPS0039,1,0.6017487073938053
scbutterfly_ops_b,scButterfly,#CC79A7,Neural specialists,6,field_holdout_sanity,Field,Biohub_OPS0040,1,0.8353850866357485
scbutterfly_ops_b,scButterfly,#CC79A7,Neural specialists,6,field_holdout_sanity,Field,Biohub_OPS0041,1,0.7959483186403911
scbutterfly_ops_b,scButterfly,#CC79A7,Neural specialists,6,field_holdout_sanity,Field,Biohub_OPS0042,1,0.6812396029631297
scbutterfly_ops_b,scButterfly,#CC79A7,Neural specialists,6,field_holdout_sanity,Field,Biohub_OPS0043,7,0.5221793194611868
scbutterfly_ops_b,scButterfly,#CC79A7,Neural specialists,6,field_holdout_sanity,Field,Biohub_OPS0044,1,0.8470844664921364
scbutterfly_ops_b,scButterfly,#CC79A7,Neural specialists,6,field_holdout_sanity,Field,Biohub_OPS0045,2,0.7601177723457415
scbutterfly_ops_b,scButterfly,#CC79A7,Neural specialists,6,field_holdout_sanity,Field,Biohub_OPS0046,1,0.6695019061366716
scbutterfly_ops_b,scButterfly,#CC79A7,Neural specialists,6,field_holdout_sanity,Field,Biohub_OPS0047,1,0.7865701386006549
scbutterfly_ops_b,scButterfly,#CC79A7,Neural specialists,6,field_holdout_sanity,Field,Biohub_OPS0048,1,0.7643311351537705
scbutterfly_ops_b,scButterfly,#CC79A7,Neural specialists,6,field_holdout_sanity,Field,Biohub_OPS0050,1,0.48761093301000075
scbutterfly_ops_b,scButterfly,#CC79A7,Neural specialists,6,field_holdout_sanity,Field,Biohub_OPS0051,1,0.7432107960184415
scbutterfly_ops_b,scButterfly,#CC79A7,Neural specialists,6,field_holdout_sanity,Field,Biohub_OPS0052,1,0.40868117902427914
scbutterfly_ops_b,scButterfly,#CC79A7,Neural specialists,6,field_holdout_sanity,Field,Biohub_OPS0053,1,0.7840867141882579
scbutterfly_ops_b,scButterfly,#CC79A7,Neural specialists,6,field_holdout_sanity,Field,Biohub_OPS0054,1,0.40002264827489853
scbutterfly_ops_b,scButterfly,#CC79A7,Neural specialists,6,field_holdout_sanity,Field,Biohub_OPS0055,1,0.8470844664921364
scbutterfly_ops_b,scButterfly,#CC79A7,Neural specialists,6,field_holdout_sanity,Field,Biohub_OPS0056,1,0.8470844664921364
scbutterfly_ops_b,scButterfly,#CC79A7,Neural specialists,6,field_holdout_sanity,Field,Biohub_OPS0057,2,0.7601177723457415
scbutterfly_ops_b,scButterfly,#CC79A7,Neural specialists,6,field_holdout_sanity,Field,Biohub_OPS0058,1,0.6812396029631297
scbutterfly_ops_b,scButterfly,#CC79A7,Neural specialists,6,field_holdout_sanity,Field,Biohub_OPS0059,1,0.4442893773317336
scbutterfly_ops_b,scButterfly,#CC79A7,Neural specialists,6,field_holdout_sanity,Field,Biohub_OPS0060,1,0.6256361270944277
scbutterfly_ops_b,scButterfly,#CC79A7,Neural specialists,6,field_holdout_sanity,Field,Biohub_OPS0061,2,0.740518552561601
scbutterfly_ops_b,scButterfly,#CC79A7,Neural specialists,6,field_holdout_sanity,Field,Biohub_OPS0062,2,0.7251154385507107
scbutterfly_ops_b,scButterfly,#CC79A7,Neural specialists,6,field_holdout_sanity,Field,Biohub_OPS0063,1,0.7752587551871936
scbutterfly_ops_b,scButterfly,#CC79A7,Neural specialists,6,field_holdout_sanity,Field,Biohub_OPS0064,2,0.6855733008434375
scbutterfly_ops_b,scButterfly,#CC79A7,Neural specialists,6,field_holdout_sanity,Field,Biohub_OPS0065,2,0.8390494881818691
scbutterfly_ops_b,scButterfly,#CC79A7,Neural specialists,6,field_holdout_sanity,Field,Biohub_OPS0066,1,0.7505432767172654
scbutterfly_ops_b,scButterfly,#CC79A7,Neural specialists,6,field_holdout_sanity,Field,Biohub_OPS0067,1,0.7865701386006549
scbutterfly_ops_b,scButterfly,#CC79A7,Neural specialists,6,field_holdout_sanity,Field,Biohub_OPS0068,1,0.7490402186910311
scbutterfly_ops_b,scButterfly,#CC79A7,Neural specialists,6,field_holdout_sanity,Field,Biohub_OPS0069,2,0.6756955113261938
scbutterfly_ops_b,scButterfly,#CC79A7,Neural specialists,6,field_holdout_sanity,Field,Biohub_OPS0070,1,0.6050441086292266
scbutterfly_ops_b,scButterfly,#CC79A7,Neural specialists,6,field_holdout_sanity,Field,Biohub_OPS0071,1,0.4510488210866848
scbutterfly_ops_b,scButterfly,#CC79A7,Neural specialists,6,field_holdout_sanity,Field,Biohub_OPS0072,2,0.8265615401168664
scbutterfly_ops_b,scButterfly,#CC79A7,Neural specialists,6,field_holdout_sanity,Field,Biohub_OPS0073,1,0.48761093301000075
scbutterfly_ops_b,scButterfly,#CC79A7,Neural specialists,6,field_holdout_sanity,Field,Biohub_OPS0074,2,0.8508226569741963
scbutterfly_ops_b,scButterfly,#CC79A7,Neural specialists,6,field_holdout_sanity,Field,Biohub_OPS0075,1,0.7752587551871936
scbutterfly_ops_b,scButterfly,#CC79A7,Neural specialists,6,field_holdout_sanity,Field,Biohub_OPS0076,1,0.8705764196813106
scbutterfly_ops_b,scButterfly,#CC79A7,Neural specialists,6,field_holdout_sanity,Field,Biohub_OPS0077,6,0.3308989579073386
scbutterfly_ops_b,scButterfly,#CC79A7,Neural specialists,6,gene_holdout_main,Gene,Biohub_OPS0001,2,0.6590801450113455
scbutterfly_ops_b,scButterfly,#CC79A7,Neural specialists,6,gene_holdout_main,Gene,Biohub_OPS0002,1,0.740439771860838
scbutterfly_ops_b,scButterfly,#CC79A7,Neural specialists,6,gene_holdout_main,Gene,Biohub_OPS0003,1,0.8361122618118921
scbutterfly_ops_b,scButterfly,#CC79A7,Neural specialists,6,gene_holdout_main,Gene,Biohub_OPS0004,1,0.8361122618118921
scbutterfly_ops_b,scButterfly,#CC79A7,Neural specialists,6,gene_holdout_main,Gene,Biohub_OPS0005,2,0.6590801450113455
scbutterfly_ops_b,scButterfly,#CC79A7,Neural specialists,6,gene_holdout_main,Gene,Biohub_OPS0006,2,0.6590801450113455
scbutterfly_ops_b,scButterfly,#CC79A7,Neural specialists,6,gene_holdout_main,Gene,Biohub_OPS0007,2,0.6590801450113455
scbutterfly_ops_b,scButterfly,#CC79A7,Neural specialists,6,gene_holdout_main,Gene,Biohub_OPS0008,2,0.6590801450113455
scbutterfly_ops_b,scButterfly,#CC79A7,Neural specialists,6,gene_holdout_main,Gene,Biohub_OPS0009,2,0.6590801450113455
scbutterfly_ops_b,scButterfly,#CC79A7,Neural specialists,6,gene_holdout_main,Gene,Biohub_OPS0011,1,0.511708780253927
scbutterfly_ops_b,scButterfly,#CC79A7,Neural specialists,6,gene_holdout_main,Gene,Biohub_OPS0012,1,0.511708780253927
scbutterfly_ops_b,scButterfly,#CC79A7,Neural specialists,6,gene_holdout_main,Gene,Biohub_OPS0013,1,0.6387401215732098
scbutterfly_ops_b,scButterfly,#CC79A7,Neural specialists,6,gene_holdout_main,Gene,Biohub_OPS0014,1,0.81555977165699
scbutterfly_ops_b,scButterfly,#CC79A7,Neural specialists,6,gene_holdout_main,Gene,Biohub_OPS0015,1,0.7470938282708326
scbutterfly_ops_b,scButterfly,#CC79A7,Neural specialists,6,gene_holdout_main,Gene,Biohub_OPS0016,1,0.8165052304665247
scbutterfly_ops_b,scButterfly,#CC79A7,Neural specialists,6,gene_holdout_main,Gene,Biohub_OPS0017,1,0.8165052304665247
scbutterfly_ops_b,scButterfly,#CC79A7,Neural specialists,6,gene_holdout_main,Gene,Biohub_OPS0018,1,0.7572109126796326
scbutterfly_ops_b,scButterfly,#CC79A7,Neural specialists,6,gene_holdout_main,Gene,Biohub_OPS0019,1,0.7572109126796326
scbutterfly_ops_b,scButterfly,#CC79A7,Neural specialists,6,gene_holdout_main,Gene,Biohub_OPS0020,1,0.5490059867501259
scbutterfly_ops_b,scButterfly,#CC79A7,Neural specialists,6,gene_holdout_main,Gene,Biohub_OPS0021,1,0.5490059867501259
scbutterfly_ops_b,scButterfly,#CC79A7,Neural specialists,6,gene_holdout_main,Gene,Biohub_OPS0022,1,0.8050090613464513
scbutterfly_ops_b,scButterfly,#CC79A7,Neural specialists,6,gene_holdout_main,Gene,Biohub_OPS0023,1,0.8301449748377004
scbutterfly_ops_b,scButterfly,#CC79A7,Neural specialists,6,gene_holdout_main,Gene,Biohub_OPS0025,1,0.6387401215732098
scbutterfly_ops_b,scButterfly,#CC79A7,Neural specialists,6,gene_holdout_main,Gene,Biohub_OPS0026,1,0.81555977165699
scbutterfly_ops_b,scButterfly,#CC79A7,Neural specialists,6,gene_holdout_main,Gene,Biohub_OPS0027,1,0.6275981908043226
scbutterfly_ops_b,scButterfly,#CC79A7,Neural specialists,6,gene_holdout_main,Gene,Biohub_OPS0028,1,0.7808720633387566
scbutterfly_ops_b,scButterfly,#CC79A7,Neural specialists,6,gene_holdout_main,Gene,Biohub_OPS0029,1,0.5666849989444017
scbutterfly_ops_b,scButterfly,#CC79A7,Neural specialists,6,gene_holdout_main,Gene,Biohub_OPS0030,1,0.43396576953430965
scbutterfly_ops_b,scButterfly,#CC79A7,Neural specialists,6,gene_holdout_main,Gene,Biohub_OPS0031,1,0.38021705917393167
scbutterfly_ops_b,scButterfly,#CC79A7,Neural specialists,6,gene_holdout_main,Gene,Biohub_OPS0032,1,0.445407001239558
scbutterfly_ops_b,scButterfly,#CC79A7,Neural specialists,6,gene_holdout_main,Gene,Biohub_OPS0033,1,0.870432206739982
scbutterfly_ops_b,scButterfly,#CC79A7,Neural specialists,6,gene_holdout_main,Gene,Biohub_OPS0034,1,0.7545512534677983
scbutterfly_ops_b,scButterfly,#CC79A7,Neural specialists,6,gene_holdout_main,Gene,Biohub_OPS0035,1,0.7094157971441746
scbutterfly_ops_b,scButterfly,#CC79A7,Neural specialists,6,gene_holdout_main,Gene,Biohub_OPS0036,1,0.8208529343207678
scbutterfly_ops_b,scButterfly,#CC79A7,Neural specialists,6,gene_holdout_main,Gene,Biohub_OPS0037,1,0.8503115197022757
scbutterfly_ops_b,scButterfly,#CC79A7,Neural specialists,6,gene_holdout_main,Gene,Biohub_OPS0039,1,0.5966020817557971
scbutterfly_ops_b,scButterfly,#CC79A7,Neural specialists,6,gene_holdout_main,Gene,Biohub_OPS0040,1,0.8165052304665247
scbutterfly_ops_b,scButterfly,#CC79A7,Neural specialists,6,gene_holdout_main,Gene,Biohub_OPS0041,1,0.7941271449128786
scbutterfly_ops_b,scButterfly,#CC79A7,Neural specialists,6,gene_holdout_main,Gene,Biohub_OPS0042,1,0.5737851338771482
scbutterfly_ops_b,scButterfly,#CC79A7,Neural specialists,6,gene_holdout_main,Gene,Biohub_OPS0043,7,0.513365413248539
scbutterfly_ops_b,scButterfly,#CC79A7,Neural specialists,6,gene_holdout_main,Gene,Biohub_OPS0044,1,0.7966700268909335
scbutterfly_ops_b,scButterfly,#CC79A7,Neural specialists,6,gene_holdout_main,Gene,Biohub_OPS0045,2,0.7302857296851774
scbutterfly_ops_b,scButterfly,#CC79A7,Neural specialists,6,gene_holdout_main,Gene,Biohub_OPS0046,1,0.6684860574702423
scbutterfly_ops_b,scButterfly,#CC79A7,Neural specialists,6,gene_holdout_main,Gene,Biohub_OPS0047,1,0.7725059671511796
scbutterfly_ops_b,scButterfly,#CC79A7,Neural specialists,6,gene_holdout_main,Gene,Biohub_OPS0048,1,0.759031917154789
scbutterfly_ops_b,scButterfly,#CC79A7,Neural specialists,6,gene_holdout_main,Gene,Biohub_OPS0050,1,0.46008014017958576
scbutterfly_ops_b,scButterfly,#CC79A7,Neural specialists,6,gene_holdout_main,Gene,Biohub_OPS0051,1,0.740439771860838
scbutterfly_ops_b,scButterfly,#CC79A7,Neural specialists,6,gene_holdout_main,Gene,Biohub_OPS0052,1,0.41400864968697226
scbutterfly_ops_b,scButterfly,#CC79A7,Neural specialists,6,gene_holdout_main,Gene,Biohub_OPS0053,1,0.7829907804727554
scbutterfly_ops_b,scButterfly,#CC79A7,Neural specialists,6,gene_holdout_main,Gene,Biohub_OPS0054,1,0.38021705917393167
scbutterfly_ops_b,scButterfly,#CC79A7,Neural specialists,6,gene_holdout_main,Gene,Biohub_OPS0055,1,0.7966700268909335
scbutterfly_ops_b,scButterfly,#CC79A7,Neural specialists,6,gene_holdout_main,Gene,Biohub_OPS0056,1,0.7966700268909335
scbutterfly_ops_b,scButterfly,#CC79A7,Neural specialists,6,gene_holdout_main,Gene,Biohub_OPS0057,2,0.7302857296851774
scbutterfly_ops_b,scButterfly,#CC79A7,Neural specialists,6,gene_holdout_main,Gene,Biohub_OPS0058,1,0.5737851338771482
scbutterfly_ops_b,scButterfly,#CC79A7,Neural specialists,6,gene_holdout_main,Gene,Biohub_OPS0059,1,0.43396576953430965
scbutterfly_ops_b,scButterfly,#CC79A7,Neural specialists,6,gene_holdout_main,Gene,Biohub_OPS0060,1,0.6275981908043226
scbutterfly_ops_b,scButterfly,#CC79A7,Neural specialists,6,gene_holdout_main,Gene,Biohub_OPS0061,2,0.7365890773013235
scbutterfly_ops_b,scButterfly,#CC79A7,Neural specialists,6,gene_holdout_main,Gene,Biohub_OPS0062,2,0.7232261825973789
scbutterfly_ops_b,scButterfly,#CC79A7,Neural specialists,6,gene_holdout_main,Gene,Biohub_OPS0063,1,0.74010056356589
scbutterfly_ops_b,scButterfly,#CC79A7,Neural specialists,6,gene_holdout_main,Gene,Biohub_OPS0064,2,0.687858713294069
scbutterfly_ops_b,scButterfly,#CC79A7,Neural specialists,6,gene_holdout_main,Gene,Biohub_OPS0065,2,0.8377206340432166
scbutterfly_ops_b,scButterfly,#CC79A7,Neural specialists,6,gene_holdout_main,Gene,Biohub_OPS0066,1,0.7545512534677983
scbutterfly_ops_b,scButterfly,#CC79A7,Neural specialists,6,gene_holdout_main,Gene,Biohub_OPS0067,1,0.7725059671511796
scbutterfly_ops_b,scButterfly,#CC79A7,Neural specialists,6,gene_holdout_main,Gene,Biohub_OPS0068,1,0.7470938282708326
scbutterfly_ops_b,scButterfly,#CC79A7,Neural specialists,6,gene_holdout_main,Gene,Biohub_OPS0069,2,0.6758792816350858
scbutterfly_ops_b,scButterfly,#CC79A7,Neural specialists,6,gene_holdout_main,Gene,Biohub_OPS0070,1,0.5666849989444017
scbutterfly_ops_b,scButterfly,#CC79A7,Neural specialists,6,gene_holdout_main,Gene,Biohub_OPS0071,1,0.445407001239558
scbutterfly_ops_b,scButterfly,#CC79A7,Neural specialists,6,gene_holdout_main,Gene,Biohub_OPS0072,2,0.8256521350393693
scbutterfly_ops_b,scButterfly,#CC79A7,Neural specialists,6,gene_holdout_main,Gene,Biohub_OPS0073,1,0.46008014017958576
scbutterfly_ops_b,scButterfly,#CC79A7,Neural specialists,6,gene_holdout_main,Gene,Biohub_OPS0074,2,0.8502885907888412
scbutterfly_ops_b,scButterfly,#CC79A7,Neural specialists,6,gene_holdout_main,Gene,Biohub_OPS0075,1,0.74010056356589
scbutterfly_ops_b,scButterfly,#CC79A7,Neural specialists,6,gene_holdout_main,Gene,Biohub_OPS0076,1,0.870432206739982
scbutterfly_ops_b,scButterfly,#CC79A7,Neural specialists,6,gene_holdout_main,Gene,Biohub_OPS0077,6,0.32447727671902005
scbutterfly_ops_b,scButterfly,#CC79A7,Neural specialists,6,strict_whole_screen,Whole-screen,Biohub_OPS0001,2,0.7589270211756229
scbutterfly_ops_b,scButterfly,#CC79A7,Neural specialists,6,strict_whole_screen,Whole-screen,Biohub_OPS0002,1,0.5859681976338228
scbutterfly_ops_b,scButterfly,#CC79A7,Neural specialists,6,strict_whole_screen,Whole-screen,Biohub_OPS0003,1,0.852644219994545
scbutterfly_ops_b,scButterfly,#CC79A7,Neural specialists,6,strict_whole_screen,Whole-screen,Biohub_OPS0004,1,0.7971433065831661
scbutterfly_ops_b,scButterfly,#CC79A7,Neural specialists,6,strict_whole_screen,Whole-screen,Biohub_OPS0005,2,0.7245888616889715
scbutterfly_ops_b,scButterfly,#CC79A7,Neural specialists,6,strict_whole_screen,Whole-screen,Biohub_OPS0006,2,0.6725367731104295
scbutterfly_ops_b,scButterfly,#CC79A7,Neural specialists,6,strict_whole_screen,Whole-screen,Biohub_OPS0007,2,0.6962649926543236
scbutterfly_ops_b,scButterfly,#CC79A7,Neural specialists,6,strict_whole_screen,Whole-screen,Biohub_OPS0008,2,0.7234394380201896
scbutterfly_ops_b,scButterfly,#CC79A7,Neural specialists,6,strict_whole_screen,Whole-screen,Biohub_OPS0009,2,0.7071820798019568
scbutterfly_ops_b,scButterfly,#CC79A7,Neural specialists,6,strict_whole_screen,Whole-screen,Biohub_OPS0011,1,0.6692285817116499
scbutterfly_ops_b,scButterfly,#CC79A7,Neural specialists,6,strict_whole_screen,Whole-screen,Biohub_OPS0012,1,0.7245398672918478
scbutterfly_ops_b,scButterfly,#CC79A7,Neural specialists,6,strict_whole_screen,Whole-screen,Biohub_OPS0013,1,0.6656823894008994
scbutterfly_ops_b,scButterfly,#CC79A7,Neural specialists,6,strict_whole_screen,Whole-screen,Biohub_OPS0014,1,0.0005345752700425
scbutterfly_ops_b,scButterfly,#CC79A7,Neural specialists,6,strict_whole_screen,Whole-screen,Biohub_OPS0015,1,0.5686683574070533
scbutterfly_ops_b,scButterfly,#CC79A7,Neural specialists,6,strict_whole_screen,Whole-screen,Biohub_OPS0016,1,0.5512411696836352
scbutterfly_ops_b,scButterfly,#CC79A7,Neural specialists,6,strict_whole_screen,Whole-screen,Biohub_OPS0017,1,-0.0012008193803012
scbutterfly_ops_b,scButterfly,#CC79A7,Neural specialists,6,strict_whole_screen,Whole-screen,Biohub_OPS0018,1,0.8062957599759102
scbutterfly_ops_b,scButterfly,#CC79A7,Neural specialists,6,strict_whole_screen,Whole-screen,Biohub_OPS0019,1,0.4902904092644651
scbutterfly_ops_b,scButterfly,#CC79A7,Neural specialists,6,strict_whole_screen,Whole-screen,Biohub_OPS0020,1,0.724360474695762
scbutterfly_ops_b,scButterfly,#CC79A7,Neural specialists,6,strict_whole_screen,Whole-screen,Biohub_OPS0021,1,0.6173585088302692
scbutterfly_ops_b,scButterfly,#CC79A7,Neural specialists,6,strict_whole_screen,Whole-screen,Biohub_OPS0022,1,0.4319925767680009
scbutterfly_ops_b,scButterfly,#CC79A7,Neural specialists,6,strict_whole_screen,Whole-screen,Biohub_OPS0023,1,0.3702214706378678
scbutterfly_ops_b,scButterfly,#CC79A7,Neural specialists,6,strict_whole_screen,Whole-screen,Biohub_OPS0025,1,0.6017510105545322
scbutterfly_ops_b,scButterfly,#CC79A7,Neural specialists,6,strict_whole_screen,Whole-screen,Biohub_OPS0026,1,0.8586561866104603
scbutterfly_ops_b,scButterfly,#CC79A7,Neural specialists,6,strict_whole_screen,Whole-screen,Biohub_OPS0027,1,0.7228752691298723
scbutterfly_ops_b,scButterfly,#CC79A7,Neural specialists,6,strict_whole_screen,Whole-screen,Biohub_OPS0028,1,0.746937266861399
scbutterfly_ops_b,scButterfly,#CC79A7,Neural specialists,6,strict_whole_screen,Whole-screen,Biohub_OPS0029,1,0.5390277532860637
scbutterfly_ops_b,scButterfly,#CC79A7,Neural specialists,6,strict_whole_screen,Whole-screen,Biohub_OPS0030,1,0.0381135080436555
scbutterfly_ops_b,scButterfly,#CC79A7,Neural specialists,6,strict_whole_screen,Whole-screen,Biohub_OPS0031,1,0.5996155596027771
scbutterfly_ops_b,scButterfly,#CC79A7,Neural specialists,6,strict_whole_screen,Whole-screen,Biohub_OPS0032,1,0.6463661429782709
scbutterfly_ops_b,scButterfly,#CC79A7,Neural specialists,6,strict_whole_screen,Whole-screen,Biohub_OPS0033,1,0.8381531064709028
scbutterfly_ops_b,scButterfly,#CC79A7,Neural specialists,6,strict_whole_screen,Whole-screen,Biohub_OPS0034,1,0.8275911199549834
scbutterfly_ops_b,scButterfly,#CC79A7,Neural specialists,6,strict_whole_screen,Whole-screen,Biohub_OPS0036,1,0.4983924341698487
scbutterfly_ops_b,scButterfly,#CC79A7,Neural specialists,6,strict_whole_screen,Whole-screen,Biohub_OPS0040,1,0.6860326835885644
scbutterfly_ops_b,scButterfly,#CC79A7,Neural specialists,6,strict_whole_screen,Whole-screen,Biohub_OPS0041,1,0.3534911788689593
scbutterfly_ops_b,scButterfly,#CC79A7,Neural specialists,6,strict_whole_screen,Whole-screen,Biohub_OPS0042,1,-0.0001932567517997
scbutterfly_ops_b,scButterfly,#CC79A7,Neural specialists,6,strict_whole_screen,Whole-screen,Biohub_OPS0044,1,0.3057189545749376
scbutterfly_ops_b,scButterfly,#CC79A7,Neural specialists,6,strict_whole_screen,Whole-screen,Biohub_OPS0045,2,0.5493931381497532
scbutterfly_ops_b,scButterfly,#CC79A7,Neural specialists,6,strict_whole_screen,Whole-screen,Biohub_OPS0047,1,0.4305001011428733
scbutterfly_ops_b,scButterfly,#CC79A7,Neural specialists,6,strict_whole_screen,Whole-screen,Biohub_OPS0048,1,0.4117060414864681
scbutterfly_ops_b,scButterfly,#CC79A7,Neural specialists,6,strict_whole_screen,Whole-screen,Biohub_OPS0050,1,-0.0004304971686603
scbutterfly_ops_b,scButterfly,#CC79A7,Neural specialists,6,strict_whole_screen,Whole-screen,Biohub_OPS0051,1,0.3516557576755683
scbutterfly_ops_b,scButterfly,#CC79A7,Neural specialists,6,strict_whole_screen,Whole-screen,Biohub_OPS0053,1,0.2954657337007423
scbutterfly_ops_b,scButterfly,#CC79A7,Neural specialists,6,strict_whole_screen,Whole-screen,Biohub_OPS0054,1,0.500138017659386
scbutterfly_ops_b,scButterfly,#CC79A7,Neural specialists,6,strict_whole_screen,Whole-screen,Biohub_OPS0055,1,0.8517318783948818
scbutterfly_ops_b,scButterfly,#CC79A7,Neural specialists,6,strict_whole_screen,Whole-screen,Biohub_OPS0056,1,0.8428161485741535
scbutterfly_ops_b,scButterfly,#CC79A7,Neural specialists,6,strict_whole_screen,Whole-screen,Biohub_OPS0057,2,0.6091754461328189
scbutterfly_ops_b,scButterfly,#CC79A7,Neural specialists,6,strict_whole_screen,Whole-screen,Biohub_OPS0058,1,0.1565982553487022
scbutterfly_ops_b,scButterfly,#CC79A7,Neural specialists,6,strict_whole_screen,Whole-screen,Biohub_OPS0059,1,0.485354191934069
scbutterfly_ops_b,scButterfly,#CC79A7,Neural specialists,6,strict_whole_screen,Whole-screen,Biohub_OPS0060,1,0.7700195622940859
scbutterfly_ops_b,scButterfly,#CC79A7,Neural specialists,6,strict_whole_screen,Whole-screen,Biohub_OPS0061,2,0.3611450128422196
scbutterfly_ops_b,scButterfly,#CC79A7,Neural specialists,6,strict_whole_screen,Whole-screen,Biohub_OPS0062,2,0.4383411467424594
scbutterfly_ops_b,scButterfly,#CC79A7,Neural specialists,6,strict_whole_screen,Whole-screen,Biohub_OPS0063,1,0.5749433195839325
scbutterfly_ops_b,scButterfly,#CC79A7,Neural specialists,6,strict_whole_screen,Whole-screen,Biohub_OPS0064,2,0.49534923303872347
scbutterfly_ops_b,scButterfly,#CC79A7,Neural specialists,6,strict_whole_screen,Whole-screen,Biohub_OPS0065,2,0.6297169462389622
scbutterfly_ops_b,scButterfly,#CC79A7,Neural specialists,6,strict_whole_screen,Whole-screen,Biohub_OPS0066,1,0.7063703859845797
scbutterfly_ops_b,scButterfly,#CC79A7,Neural specialists,6,strict_whole_screen,Whole-screen,Biohub_OPS0067,1,0.002138328254053
scbutterfly_ops_b,scButterfly,#CC79A7,Neural specialists,6,strict_whole_screen,Whole-screen,Biohub_OPS0068,1,0.5276497080146024
scbutterfly_ops_b,scButterfly,#CC79A7,Neural specialists,6,strict_whole_screen,Whole-screen,Biohub_OPS0069,2,0.4347635795760046
scbutterfly_ops_b,scButterfly,#CC79A7,Neural specialists,6,strict_whole_screen,Whole-screen,Biohub_OPS0070,1,0.3740114137375106
scbutterfly_ops_b,scButterfly,#CC79A7,Neural specialists,6,strict_whole_screen,Whole-screen,Biohub_OPS0071,1,0.2510055778548121
scbutterfly_ops_b,scButterfly,#CC79A7,Neural specialists,6,strict_whole_screen,Whole-screen,Biohub_OPS0072,2,0.00016636195823589999
scbutterfly_ops_b,scButterfly,#CC79A7,Neural specialists,6,strict_whole_screen,Whole-screen,Biohub_OPS0073,1,0.4914290308952331
scbutterfly_ops_b,scButterfly,#CC79A7,Neural specialists,6,strict_whole_screen,Whole-screen,Biohub_OPS0074,2,0.7200376604062815
scbutterfly_ops_b,scButterfly,#CC79A7,Neural specialists,6,strict_whole_screen,Whole-screen,Biohub_OPS0075,1,0.1877664909310018
scbutterfly_ops_b,scButterfly,#CC79A7,Neural specialists,6,strict_whole_screen,Whole-screen,Biohub_OPS0076,1,0.7823021660248438
scpair_ops,scPair,#DDA06A,Biological completion,10,field_holdout_sanity,Field,Biohub_OPS0001,2,0.7196897881229718
scpair_ops,scPair,#DDA06A,Biological completion,10,field_holdout_sanity,Field,Biohub_OPS0002,1,0.755849798520406
scpair_ops,scPair,#DDA06A,Biological completion,10,field_holdout_sanity,Field,Biohub_OPS0003,1,0.8495135113596917
scpair_ops,scPair,#DDA06A,Biological completion,10,field_holdout_sanity,Field,Biohub_OPS0004,1,0.8495135113596917
scpair_ops,scPair,#DDA06A,Biological completion,10,field_holdout_sanity,Field,Biohub_OPS0005,2,0.7196897881229718
scpair_ops,scPair,#DDA06A,Biological completion,10,field_holdout_sanity,Field,Biohub_OPS0006,2,0.7196897881229718
scpair_ops,scPair,#DDA06A,Biological completion,10,field_holdout_sanity,Field,Biohub_OPS0007,2,0.7196897881229718
scpair_ops,scPair,#DDA06A,Biological completion,10,field_holdout_sanity,Field,Biohub_OPS0008,2,0.7196897881229718
scpair_ops,scPair,#DDA06A,Biological completion,10,field_holdout_sanity,Field,Biohub_OPS0009,2,0.7196897881229718
scpair_ops,scPair,#DDA06A,Biological completion,10,field_holdout_sanity,Field,Biohub_OPS0011,1,0.6992492114504179
scpair_ops,scPair,#DDA06A,Biological completion,10,field_holdout_sanity,Field,Biohub_OPS0012,1,0.6992492114504179
scpair_ops,scPair,#DDA06A,Biological completion,10,field_holdout_sanity,Field,Biohub_OPS0013,1,0.8076016068458557
scpair_ops,scPair,#DDA06A,Biological completion,10,field_holdout_sanity,Field,Biohub_OPS0014,1,0.8764854023853937
scpair_ops,scPair,#DDA06A,Biological completion,10,field_holdout_sanity,Field,Biohub_OPS0015,1,0.7667047530412674
scpair_ops,scPair,#DDA06A,Biological completion,10,field_holdout_sanity,Field,Biohub_OPS0016,1,0.8816959174970785
scpair_ops,scPair,#DDA06A,Biological completion,10,field_holdout_sanity,Field,Biohub_OPS0017,1,0.8816959174970785
scpair_ops,scPair,#DDA06A,Biological completion,10,field_holdout_sanity,Field,Biohub_OPS0018,1,0.8552183315157891
scpair_ops,scPair,#DDA06A,Biological completion,10,field_holdout_sanity,Field,Biohub_OPS0019,1,0.8552183315157891
scpair_ops,scPair,#DDA06A,Biological completion,10,field_holdout_sanity,Field,Biohub_OPS0020,1,0.6981999617069959
scpair_ops,scPair,#DDA06A,Biological completion,10,field_holdout_sanity,Field,Biohub_OPS0021,1,0.6981999617069959
scpair_ops,scPair,#DDA06A,Biological completion,10,field_holdout_sanity,Field,Biohub_OPS0022,1,0.8075763953228792
scpair_ops,scPair,#DDA06A,Biological completion,10,field_holdout_sanity,Field,Biohub_OPS0023,1,0.8346481613814831
scpair_ops,scPair,#DDA06A,Biological completion,10,field_holdout_sanity,Field,Biohub_OPS0025,1,0.8076016068458557
scpair_ops,scPair,#DDA06A,Biological completion,10,field_holdout_sanity,Field,Biohub_OPS0026,1,0.8764854023853937
scpair_ops,scPair,#DDA06A,Biological completion,10,field_holdout_sanity,Field,Biohub_OPS0027,1,0.833133047570785
scpair_ops,scPair,#DDA06A,Biological completion,10,field_holdout_sanity,Field,Biohub_OPS0028,1,0.7860313355922699
scpair_ops,scPair,#DDA06A,Biological completion,10,field_holdout_sanity,Field,Biohub_OPS0029,1,0.644216351211071
scpair_ops,scPair,#DDA06A,Biological completion,10,field_holdout_sanity,Field,Biohub_OPS0030,1,0.6108401373028756
scpair_ops,scPair,#DDA06A,Biological completion,10,field_holdout_sanity,Field,Biohub_OPS0031,1,0.6177627287805081
scpair_ops,scPair,#DDA06A,Biological completion,10,field_holdout_sanity,Field,Biohub_OPS0032,1,0.6272546038031578
scpair_ops,scPair,#DDA06A,Biological completion,10,field_holdout_sanity,Field,Biohub_OPS0033,1,0.8901276051998138
scpair_ops,scPair,#DDA06A,Biological completion,10,field_holdout_sanity,Field,Biohub_OPS0034,1,0.8555138853689035
scpair_ops,scPair,#DDA06A,Biological completion,10,field_holdout_sanity,Field,Biohub_OPS0035,1,0.82887576247255
scpair_ops,scPair,#DDA06A,Biological completion,10,field_holdout_sanity,Field,Biohub_OPS0036,1,0.8576515371600786
scpair_ops,scPair,#DDA06A,Biological completion,10,field_holdout_sanity,Field,Biohub_OPS0037,1,0.8681010213991007
scpair_ops,scPair,#DDA06A,Biological completion,10,field_holdout_sanity,Field,Biohub_OPS0039,1,0.8065893530845643
scpair_ops,scPair,#DDA06A,Biological completion,10,field_holdout_sanity,Field,Biohub_OPS0040,1,0.8816959174970785
scpair_ops,scPair,#DDA06A,Biological completion,10,field_holdout_sanity,Field,Biohub_OPS0041,1,0.82193869749705
scpair_ops,scPair,#DDA06A,Biological completion,10,field_holdout_sanity,Field,Biohub_OPS0042,1,0.8054574273526669
scpair_ops,scPair,#DDA06A,Biological completion,10,field_holdout_sanity,Field,Biohub_OPS0043,7,0.5682520255860355
scpair_ops,scPair,#DDA06A,Biological completion,10,field_holdout_sanity,Field,Biohub_OPS0044,1,0.8794942907989025
scpair_ops,scPair,#DDA06A,Biological completion,10,field_holdout_sanity,Field,Biohub_OPS0045,2,0.7830098610371351
scpair_ops,scPair,#DDA06A,Biological completion,10,field_holdout_sanity,Field,Biohub_OPS0046,1,0.71465971271197
scpair_ops,scPair,#DDA06A,Biological completion,10,field_holdout_sanity,Field,Biohub_OPS0047,1,0.9507340252399444
scpair_ops,scPair,#DDA06A,Biological completion,10,field_holdout_sanity,Field,Biohub_OPS0048,1,0.7664265135924022
scpair_ops,scPair,#DDA06A,Biological completion,10,field_holdout_sanity,Field,Biohub_OPS0050,1,0.49817302892139803
scpair_ops,scPair,#DDA06A,Biological completion,10,field_holdout_sanity,Field,Biohub_OPS0051,1,0.755849798520406
scpair_ops,scPair,#DDA06A,Biological completion,10,field_holdout_sanity,Field,Biohub_OPS0052,1,0.5238962763299544
scpair_ops,scPair,#DDA06A,Biological completion,10,field_holdout_sanity,Field,Biohub_OPS0053,1,0.795672320574522
scpair_ops,scPair,#DDA06A,Biological completion,10,field_holdout_sanity,Field,Biohub_OPS0054,1,0.6177627287805081
scpair_ops,scPair,#DDA06A,Biological completion,10,field_holdout_sanity,Field,Biohub_OPS0055,1,0.8794942907989025
scpair_ops,scPair,#DDA06A,Biological completion,10,field_holdout_sanity,Field,Biohub_OPS0056,1,0.8794942907989025
scpair_ops,scPair,#DDA06A,Biological completion,10,field_holdout_sanity,Field,Biohub_OPS0057,2,0.7830098610371351
scpair_ops,scPair,#DDA06A,Biological completion,10,field_holdout_sanity,Field,Biohub_OPS0058,1,0.8054574273526669
scpair_ops,scPair,#DDA06A,Biological completion,10,field_holdout_sanity,Field,Biohub_OPS0059,1,0.6108401373028756
scpair_ops,scPair,#DDA06A,Biological completion,10,field_holdout_sanity,Field,Biohub_OPS0060,1,0.833133047570785
scpair_ops,scPair,#DDA06A,Biological completion,10,field_holdout_sanity,Field,Biohub_OPS0061,2,0.7929758811369538
scpair_ops,scPair,#DDA06A,Biological completion,10,field_holdout_sanity,Field,Biohub_OPS0062,2,0.7751194613054395
scpair_ops,scPair,#DDA06A,Biological completion,10,field_holdout_sanity,Field,Biohub_OPS0063,1,0.8047694899141788
scpair_ops,scPair,#DDA06A,Biological completion,10,field_holdout_sanity,Field,Biohub_OPS0064,2,0.714717839534084
scpair_ops,scPair,#DDA06A,Biological completion,10,field_holdout_sanity,Field,Biohub_OPS0065,2,0.8488520002613464
scpair_ops,scPair,#DDA06A,Biological completion,10,field_holdout_sanity,Field,Biohub_OPS0066,1,0.8555138853689035
scpair_ops,scPair,#DDA06A,Biological completion,10,field_holdout_sanity,Field,Biohub_OPS0067,1,0.9507340252399444
scpair_ops,scPair,#DDA06A,Biological completion,10,field_holdout_sanity,Field,Biohub_OPS0068,1,0.7667047530412674
scpair_ops,scPair,#DDA06A,Biological completion,10,field_holdout_sanity,Field,Biohub_OPS0069,2,0.7000949360430241
scpair_ops,scPair,#DDA06A,Biological completion,10,field_holdout_sanity,Field,Biohub_OPS0070,1,0.644216351211071
scpair_ops,scPair,#DDA06A,Biological completion,10,field_holdout_sanity,Field,Biohub_OPS0071,1,0.6272546038031578
scpair_ops,scPair,#DDA06A,Biological completion,10,field_holdout_sanity,Field,Biohub_OPS0072,2,0.8380794703960419
scpair_ops,scPair,#DDA06A,Biological completion,10,field_holdout_sanity,Field,Biohub_OPS0073,1,0.49817302892139803
scpair_ops,scPair,#DDA06A,Biological completion,10,field_holdout_sanity,Field,Biohub_OPS0074,2,0.8623878832906484
scpair_ops,scPair,#DDA06A,Biological completion,10,field_holdout_sanity,Field,Biohub_OPS0075,1,0.8047694899141788
scpair_ops,scPair,#DDA06A,Biological completion,10,field_holdout_sanity,Field,Biohub_OPS0076,1,0.8901276051998138
scpair_ops,scPair,#DDA06A,Biological completion,10,field_holdout_sanity,Field,Biohub_OPS0077,6,0.42222552294532456
scpair_ops,scPair,#DDA06A,Biological completion,10,gene_holdout_main,Gene,Biohub_OPS0001,2,0.7155160258958737
scpair_ops,scPair,#DDA06A,Biological completion,10,gene_holdout_main,Gene,Biohub_OPS0002,1,0.7572891799112161
scpair_ops,scPair,#DDA06A,Biological completion,10,gene_holdout_main,Gene,Biohub_OPS0003,1,0.8495594561100006
scpair_ops,scPair,#DDA06A,Biological completion,10,gene_holdout_main,Gene,Biohub_OPS0004,1,0.8495594561100006
scpair_ops,scPair,#DDA06A,Biological completion,10,gene_holdout_main,Gene,Biohub_OPS0005,2,0.7155160258958737
scpair_ops,scPair,#DDA06A,Biological completion,10,gene_holdout_main,Gene,Biohub_OPS0006,2,0.7155160258958737
scpair_ops,scPair,#DDA06A,Biological completion,10,gene_holdout_main,Gene,Biohub_OPS0007,2,0.7155160258958737
scpair_ops,scPair,#DDA06A,Biological completion,10,gene_holdout_main,Gene,Biohub_OPS0008,2,0.7155160258958737
scpair_ops,scPair,#DDA06A,Biological completion,10,gene_holdout_main,Gene,Biohub_OPS0009,2,0.7155160258958737
scpair_ops,scPair,#DDA06A,Biological completion,10,gene_holdout_main,Gene,Biohub_OPS0011,1,0.6999179375668366
scpair_ops,scPair,#DDA06A,Biological completion,10,gene_holdout_main,Gene,Biohub_OPS0012,1,0.6999179375668366
scpair_ops,scPair,#DDA06A,Biological completion,10,gene_holdout_main,Gene,Biohub_OPS0013,1,0.8081882206102213
scpair_ops,scPair,#DDA06A,Biological completion,10,gene_holdout_main,Gene,Biohub_OPS0014,1,0.876662111033996
scpair_ops,scPair,#DDA06A,Biological completion,10,gene_holdout_main,Gene,Biohub_OPS0015,1,0.7674728696544965
scpair_ops,scPair,#DDA06A,Biological completion,10,gene_holdout_main,Gene,Biohub_OPS0016,1,0.8816296269496282
scpair_ops,scPair,#DDA06A,Biological completion,10,gene_holdout_main,Gene,Biohub_OPS0017,1,0.8816296269496282
scpair_ops,scPair,#DDA06A,Biological completion,10,gene_holdout_main,Gene,Biohub_OPS0018,1,0.8555792428553104
scpair_ops,scPair,#DDA06A,Biological completion,10,gene_holdout_main,Gene,Biohub_OPS0019,1,0.8555792428553104
scpair_ops,scPair,#DDA06A,Biological completion,10,gene_holdout_main,Gene,Biohub_OPS0020,1,0.7010791964828968
scpair_ops,scPair,#DDA06A,Biological completion,10,gene_holdout_main,Gene,Biohub_OPS0021,1,0.7010791964828968
scpair_ops,scPair,#DDA06A,Biological completion,10,gene_holdout_main,Gene,Biohub_OPS0022,1,0.8073893857498964
scpair_ops,scPair,#DDA06A,Biological completion,10,gene_holdout_main,Gene,Biohub_OPS0023,1,0.8346609808504581
scpair_ops,scPair,#DDA06A,Biological completion,10,gene_holdout_main,Gene,Biohub_OPS0025,1,0.8081882206102213
scpair_ops,scPair,#DDA06A,Biological completion,10,gene_holdout_main,Gene,Biohub_OPS0026,1,0.876662111033996
scpair_ops,scPair,#DDA06A,Biological completion,10,gene_holdout_main,Gene,Biohub_OPS0027,1,0.8337537109851837
scpair_ops,scPair,#DDA06A,Biological completion,10,gene_holdout_main,Gene,Biohub_OPS0028,1,0.7871872452398142
scpair_ops,scPair,#DDA06A,Biological completion,10,gene_holdout_main,Gene,Biohub_OPS0029,1,0.6446820909778277
scpair_ops,scPair,#DDA06A,Biological completion,10,gene_holdout_main,Gene,Biohub_OPS0030,1,0.611888443181912
scpair_ops,scPair,#DDA06A,Biological completion,10,gene_holdout_main,Gene,Biohub_OPS0031,1,0.619441473359863
scpair_ops,scPair,#DDA06A,Biological completion,10,gene_holdout_main,Gene,Biohub_OPS0032,1,0.6268625857929389
scpair_ops,scPair,#DDA06A,Biological completion,10,gene_holdout_main,Gene,Biohub_OPS0033,1,0.8902229823172092
scpair_ops,scPair,#DDA06A,Biological completion,10,gene_holdout_main,Gene,Biohub_OPS0034,1,0.8554463110864162
scpair_ops,scPair,#DDA06A,Biological completion,10,gene_holdout_main,Gene,Biohub_OPS0035,1,0.8292243575056395
scpair_ops,scPair,#DDA06A,Biological completion,10,gene_holdout_main,Gene,Biohub_OPS0036,1,0.8577871903777122
scpair_ops,scPair,#DDA06A,Biological completion,10,gene_holdout_main,Gene,Biohub_OPS0037,1,0.8682775097588697
scpair_ops,scPair,#DDA06A,Biological completion,10,gene_holdout_main,Gene,Biohub_OPS0039,1,0.8067778363823891
scpair_ops,scPair,#DDA06A,Biological completion,10,gene_holdout_main,Gene,Biohub_OPS0040,1,0.8816296269496282
scpair_ops,scPair,#DDA06A,Biological completion,10,gene_holdout_main,Gene,Biohub_OPS0041,1,0.8218046347300211
scpair_ops,scPair,#DDA06A,Biological completion,10,gene_holdout_main,Gene,Biohub_OPS0042,1,0.8068177317579588
scpair_ops,scPair,#DDA06A,Biological completion,10,gene_holdout_main,Gene,Biohub_OPS0043,7,0.5693912311560577
scpair_ops,scPair,#DDA06A,Biological completion,10,gene_holdout_main,Gene,Biohub_OPS0044,1,0.8808925976355871
scpair_ops,scPair,#DDA06A,Biological completion,10,gene_holdout_main,Gene,Biohub_OPS0045,2,0.7858464851975442
scpair_ops,scPair,#DDA06A,Biological completion,10,gene_holdout_main,Gene,Biohub_OPS0046,1,0.7125858907898268
scpair_ops,scPair,#DDA06A,Biological completion,10,gene_holdout_main,Gene,Biohub_OPS0047,1,0.9507860821982226
scpair_ops,scPair,#DDA06A,Biological completion,10,gene_holdout_main,Gene,Biohub_OPS0048,1,0.7681359728177389
scpair_ops,scPair,#DDA06A,Biological completion,10,gene_holdout_main,Gene,Biohub_OPS0050,1,0.4951443572218219
scpair_ops,scPair,#DDA06A,Biological completion,10,gene_holdout_main,Gene,Biohub_OPS0051,1,0.7572891799112161
scpair_ops,scPair,#DDA06A,Biological completion,10,gene_holdout_main,Gene,Biohub_OPS0052,1,0.5232073917984963
scpair_ops,scPair,#DDA06A,Biological completion,10,gene_holdout_main,Gene,Biohub_OPS0053,1,0.7964617105821769
scpair_ops,scPair,#DDA06A,Biological completion,10,gene_holdout_main,Gene,Biohub_OPS0054,1,0.619441473359863
scpair_ops,scPair,#DDA06A,Biological completion,10,gene_holdout_main,Gene,Biohub_OPS0055,1,0.8808925976355871
scpair_ops,scPair,#DDA06A,Biological completion,10,gene_holdout_main,Gene,Biohub_OPS0056,1,0.8808925976355871
scpair_ops,scPair,#DDA06A,Biological completion,10,gene_holdout_main,Gene,Biohub_OPS0057,2,0.7858464851975442
scpair_ops,scPair,#DDA06A,Biological completion,10,gene_holdout_main,Gene,Biohub_OPS0058,1,0.8068177317579588
scpair_ops,scPair,#DDA06A,Biological completion,10,gene_holdout_main,Gene,Biohub_OPS0059,1,0.611888443181912
scpair_ops,scPair,#DDA06A,Biological completion,10,gene_holdout_main,Gene,Biohub_OPS0060,1,0.8337537109851837
scpair_ops,scPair,#DDA06A,Biological completion,10,gene_holdout_main,Gene,Biohub_OPS0061,2,0.7931984581674139
scpair_ops,scPair,#DDA06A,Biological completion,10,gene_holdout_main,Gene,Biohub_OPS0062,2,0.7752071803435683
scpair_ops,scPair,#DDA06A,Biological completion,10,gene_holdout_main,Gene,Biohub_OPS0063,1,0.8053284553190073
scpair_ops,scPair,#DDA06A,Biological completion,10,gene_holdout_main,Gene,Biohub_OPS0064,2,0.7154245042552551
scpair_ops,scPair,#DDA06A,Biological completion,10,gene_holdout_main,Gene,Biohub_OPS0065,2,0.8488061840335528
scpair_ops,scPair,#DDA06A,Biological completion,10,gene_holdout_main,Gene,Biohub_OPS0066,1,0.8554463110864162
scpair_ops,scPair,#DDA06A,Biological completion,10,gene_holdout_main,Gene,Biohub_OPS0067,1,0.9507860821982226
scpair_ops,scPair,#DDA06A,Biological completion,10,gene_holdout_main,Gene,Biohub_OPS0068,1,0.7674728696544965
scpair_ops,scPair,#DDA06A,Biological completion,10,gene_holdout_main,Gene,Biohub_OPS0069,2,0.7012616353730361
scpair_ops,scPair,#DDA06A,Biological completion,10,gene_holdout_main,Gene,Biohub_OPS0070,1,0.6446820909778277
scpair_ops,scPair,#DDA06A,Biological completion,10,gene_holdout_main,Gene,Biohub_OPS0071,1,0.6268625857929389
scpair_ops,scPair,#DDA06A,Biological completion,10,gene_holdout_main,Gene,Biohub_OPS0072,2,0.8387051137785118
scpair_ops,scPair,#DDA06A,Biological completion,10,gene_holdout_main,Gene,Biohub_OPS0073,1,0.4951443572218219
scpair_ops,scPair,#DDA06A,Biological completion,10,gene_holdout_main,Gene,Biohub_OPS0074,2,0.8624419815838337
scpair_ops,scPair,#DDA06A,Biological completion,10,gene_holdout_main,Gene,Biohub_OPS0075,1,0.8053284553190073
scpair_ops,scPair,#DDA06A,Biological completion,10,gene_holdout_main,Gene,Biohub_OPS0076,1,0.8902229823172092
scpair_ops,scPair,#DDA06A,Biological completion,10,gene_holdout_main,Gene,Biohub_OPS0077,6,0.4252770616610845
scpair_ops,scPair,#DDA06A,Biological completion,10,strict_whole_screen,Whole-screen,Biohub_OPS0001,2,0.7699193025628726
scpair_ops,scPair,#DDA06A,Biological completion,10,strict_whole_screen,Whole-screen,Biohub_OPS0002,1,0.6033646780997515
scpair_ops,scPair,#DDA06A,Biological completion,10,strict_whole_screen,Whole-screen,Biohub_OPS0003,1,0.8661230181654295
scpair_ops,scPair,#DDA06A,Biological completion,10,strict_whole_screen,Whole-screen,Biohub_OPS0004,1,0.8312110851208369
scpair_ops,scPair,#DDA06A,Biological completion,10,strict_whole_screen,Whole-screen,Biohub_OPS0005,2,0.7343276125689348
scpair_ops,scPair,#DDA06A,Biological completion,10,strict_whole_screen,Whole-screen,Biohub_OPS0006,2,0.6898205436766147
scpair_ops,scPair,#DDA06A,Biological completion,10,strict_whole_screen,Whole-screen,Biohub_OPS0007,2,0.707033613572518
scpair_ops,scPair,#DDA06A,Biological completion,10,strict_whole_screen,Whole-screen,Biohub_OPS0008,2,0.7328407141069571
scpair_ops,scPair,#DDA06A,Biological completion,10,strict_whole_screen,Whole-screen,Biohub_OPS0009,2,0.7274558258553345
scpair_ops,scPair,#DDA06A,Biological completion,10,strict_whole_screen,Whole-screen,Biohub_OPS0011,1,0.6730435540278753
scpair_ops,scPair,#DDA06A,Biological completion,10,strict_whole_screen,Whole-screen,Biohub_OPS0012,1,0.7321737830837568
scpair_ops,scPair,#DDA06A,Biological completion,10,strict_whole_screen,Whole-screen,Biohub_OPS0013,1,0.6847030973682801
scpair_ops,scPair,#DDA06A,Biological completion,10,strict_whole_screen,Whole-screen,Biohub_OPS0014,1,0.8307150242229303
scpair_ops,scPair,#DDA06A,Biological completion,10,strict_whole_screen,Whole-screen,Biohub_OPS0015,1,0.4937372608110308
scpair_ops,scPair,#DDA06A,Biological completion,10,strict_whole_screen,Whole-screen,Biohub_OPS0016,1,0.6097531753281752
scpair_ops,scPair,#DDA06A,Biological completion,10,strict_whole_screen,Whole-screen,Biohub_OPS0017,1,0.5992972242335478
scpair_ops,scPair,#DDA06A,Biological completion,10,strict_whole_screen,Whole-screen,Biohub_OPS0018,1,0.845000055929025
scpair_ops,scPair,#DDA06A,Biological completion,10,strict_whole_screen,Whole-screen,Biohub_OPS0019,1,0.8560066396991411
scpair_ops,scPair,#DDA06A,Biological completion,10,strict_whole_screen,Whole-screen,Biohub_OPS0020,1,0.7374197505414486
scpair_ops,scPair,#DDA06A,Biological completion,10,strict_whole_screen,Whole-screen,Biohub_OPS0021,1,0.7389249516030153
scpair_ops,scPair,#DDA06A,Biological completion,10,strict_whole_screen,Whole-screen,Biohub_OPS0022,1,0.3508127553698917
scpair_ops,scPair,#DDA06A,Biological completion,10,strict_whole_screen,Whole-screen,Biohub_OPS0023,1,0.3595192581415176
scpair_ops,scPair,#DDA06A,Biological completion,10,strict_whole_screen,Whole-screen,Biohub_OPS0025,1,0.7281690593808889
scpair_ops,scPair,#DDA06A,Biological completion,10,strict_whole_screen,Whole-screen,Biohub_OPS0026,1,0.8625367941955725
scpair_ops,scPair,#DDA06A,Biological completion,10,strict_whole_screen,Whole-screen,Biohub_OPS0027,1,0.748757204040885
scpair_ops,scPair,#DDA06A,Biological completion,10,strict_whole_screen,Whole-screen,Biohub_OPS0028,1,0.7461216996113459
scpair_ops,scPair,#DDA06A,Biological completion,10,strict_whole_screen,Whole-screen,Biohub_OPS0029,1,0.5155658920605978
scpair_ops,scPair,#DDA06A,Biological completion,10,strict_whole_screen,Whole-screen,Biohub_OPS0030,1,0.505893318913877
scpair_ops,scPair,#DDA06A,Biological completion,10,strict_whole_screen,Whole-screen,Biohub_OPS0031,1,0.5924846225728592
scpair_ops,scPair,#DDA06A,Biological completion,10,strict_whole_screen,Whole-screen,Biohub_OPS0032,1,0.6562666098276774
scpair_ops,scPair,#DDA06A,Biological completion,10,strict_whole_screen,Whole-screen,Biohub_OPS0033,1,0.8435740768909454
scpair_ops,scPair,#DDA06A,Biological completion,10,strict_whole_screen,Whole-screen,Biohub_OPS0034,1,0.8619938629368941
scpair_ops,scPair,#DDA06A,Biological completion,10,strict_whole_screen,Whole-screen,Biohub_OPS0036,1,0.5072354711592197
scpair_ops,scPair,#DDA06A,Biological completion,10,strict_whole_screen,Whole-screen,Biohub_OPS0040,1,0.6909859366714954
scpair_ops,scPair,#DDA06A,Biological completion,10,strict_whole_screen,Whole-screen,Biohub_OPS0041,1,0.3846405769387881
scpair_ops,scPair,#DDA06A,Biological completion,10,strict_whole_screen,Whole-screen,Biohub_OPS0042,1,0.5658094030804932
scpair_ops,scPair,#DDA06A,Biological completion,10,strict_whole_screen,Whole-screen,Biohub_OPS0044,1,0.8654983484496673
scpair_ops,scPair,#DDA06A,Biological completion,10,strict_whole_screen,Whole-screen,Biohub_OPS0045,2,0.5118481864531834
scpair_ops,scPair,#DDA06A,Biological completion,10,strict_whole_screen,Whole-screen,Biohub_OPS0047,1,0.3216384137437368
scpair_ops,scPair,#DDA06A,Biological completion,10,strict_whole_screen,Whole-screen,Biohub_OPS0048,1,0.4826730063650757
scpair_ops,scPair,#DDA06A,Biological completion,10,strict_whole_screen,Whole-screen,Biohub_OPS0050,1,0.4902720989969869
scpair_ops,scPair,#DDA06A,Biological completion,10,strict_whole_screen,Whole-screen,Biohub_OPS0051,1,0.5923515303681294
scpair_ops,scPair,#DDA06A,Biological completion,10,strict_whole_screen,Whole-screen,Biohub_OPS0053,1,0.2994304200013478
scpair_ops,scPair,#DDA06A,Biological completion,10,strict_whole_screen,Whole-screen,Biohub_OPS0054,1,0.595390489945809
scpair_ops,scPair,#DDA06A,Biological completion,10,strict_whole_screen,Whole-screen,Biohub_OPS0055,1,0.8651688732206821
scpair_ops,scPair,#DDA06A,Biological completion,10,strict_whole_screen,Whole-screen,Biohub_OPS0056,1,0.832726884012421
scpair_ops,scPair,#DDA06A,Biological completion,10,strict_whole_screen,Whole-screen,Biohub_OPS0057,2,0.5932962301497657
scpair_ops,scPair,#DDA06A,Biological completion,10,strict_whole_screen,Whole-screen,Biohub_OPS0058,1,0.4919349097957213
scpair_ops,scPair,#DDA06A,Biological completion,10,strict_whole_screen,Whole-screen,Biohub_OPS0059,1,0.4884347934275865
scpair_ops,scPair,#DDA06A,Biological completion,10,strict_whole_screen,Whole-screen,Biohub_OPS0060,1,0.7948955440272888
scpair_ops,scPair,#DDA06A,Biological completion,10,strict_whole_screen,Whole-screen,Biohub_OPS0061,2,0.5030710857051114
scpair_ops,scPair,#DDA06A,Biological completion,10,strict_whole_screen,Whole-screen,Biohub_OPS0062,2,0.38317983640202624
scpair_ops,scPair,#DDA06A,Biological completion,10,strict_whole_screen,Whole-screen,Biohub_OPS0063,1,0.4692272966106732
scpair_ops,scPair,#DDA06A,Biological completion,10,strict_whole_screen,Whole-screen,Biohub_OPS0064,2,0.3732256698664666
scpair_ops,scPair,#DDA06A,Biological completion,10,strict_whole_screen,Whole-screen,Biohub_OPS0065,2,0.5349984082082907
scpair_ops,scPair,#DDA06A,Biological completion,10,strict_whole_screen,Whole-screen,Biohub_OPS0066,1,0.8447551652789116
scpair_ops,scPair,#DDA06A,Biological completion,10,strict_whole_screen,Whole-screen,Biohub_OPS0067,1,0.1331143682667364
scpair_ops,scPair,#DDA06A,Biological completion,10,strict_whole_screen,Whole-screen,Biohub_OPS0068,1,0.4958543247776106
scpair_ops,scPair,#DDA06A,Biological completion,10,strict_whole_screen,Whole-screen,Biohub_OPS0069,2,0.3781677851851176
scpair_ops,scPair,#DDA06A,Biological completion,10,strict_whole_screen,Whole-screen,Biohub_OPS0070,1,0.3874261207723369
scpair_ops,scPair,#DDA06A,Biological completion,10,strict_whole_screen,Whole-screen,Biohub_OPS0071,1,0.6110343902061383
scpair_ops,scPair,#DDA06A,Biological completion,10,strict_whole_screen,Whole-screen,Biohub_OPS0072,2,0.7326034878691037
scpair_ops,scPair,#DDA06A,Biological completion,10,strict_whole_screen,Whole-screen,Biohub_OPS0073,1,0.4722560904920101
scpair_ops,scPair,#DDA06A,Biological completion,10,strict_whole_screen,Whole-screen,Biohub_OPS0074,2,0.5979967125070592
scpair_ops,scPair,#DDA06A,Biological completion,10,strict_whole_screen,Whole-screen,Biohub_OPS0075,1,0.6047277711331844
scpair_ops,scPair,#DDA06A,Biological completion,10,strict_whole_screen,Whole-screen,Biohub_OPS0076,1,0.8165269599606594
tabm_specialists,TabM,#A783AD,Neural specialists,5,field_holdout_sanity,Field,Biohub_OPS0001,2,0.737651098271211
tabm_specialists,TabM,#A783AD,Neural specialists,5,field_holdout_sanity,Field,Biohub_OPS0002,1,0.7762558954457442
tabm_specialists,TabM,#A783AD,Neural specialists,5,field_holdout_sanity,Field,Biohub_OPS0003,1,0.8635219211379687
tabm_specialists,TabM,#A783AD,Neural specialists,5,field_holdout_sanity,Field,Biohub_OPS0004,1,0.8635219211379687
tabm_specialists,TabM,#A783AD,Neural specialists,5,field_holdout_sanity,Field,Biohub_OPS0005,2,0.737651098271211
tabm_specialists,TabM,#A783AD,Neural specialists,5,field_holdout_sanity,Field,Biohub_OPS0006,2,0.737651098271211
tabm_specialists,TabM,#A783AD,Neural specialists,5,field_holdout_sanity,Field,Biohub_OPS0007,2,0.737651098271211
tabm_specialists,TabM,#A783AD,Neural specialists,5,field_holdout_sanity,Field,Biohub_OPS0008,2,0.737651098271211
tabm_specialists,TabM,#A783AD,Neural specialists,5,field_holdout_sanity,Field,Biohub_OPS0009,2,0.737651098271211
tabm_specialists,TabM,#A783AD,Neural specialists,5,field_holdout_sanity,Field,Biohub_OPS0011,1,0.7339548222720623
tabm_specialists,TabM,#A783AD,Neural specialists,5,field_holdout_sanity,Field,Biohub_OPS0012,1,0.7339548222720623
tabm_specialists,TabM,#A783AD,Neural specialists,5,field_holdout_sanity,Field,Biohub_OPS0013,1,0.7899875670671463
tabm_specialists,TabM,#A783AD,Neural specialists,5,field_holdout_sanity,Field,Biohub_OPS0014,1,0.7945765131153166
tabm_specialists,TabM,#A783AD,Neural specialists,5,field_holdout_sanity,Field,Biohub_OPS0015,1,0.7800343515972297
tabm_specialists,TabM,#A783AD,Neural specialists,5,field_holdout_sanity,Field,Biohub_OPS0016,1,0.7799509232242903
tabm_specialists,TabM,#A783AD,Neural specialists,5,field_holdout_sanity,Field,Biohub_OPS0017,1,0.7799509232242903
tabm_specialists,TabM,#A783AD,Neural specialists,5,field_holdout_sanity,Field,Biohub_OPS0018,1,0.8640390971054634
tabm_specialists,TabM,#A783AD,Neural specialists,5,field_holdout_sanity,Field,Biohub_OPS0019,1,0.8640390971054634
tabm_specialists,TabM,#A783AD,Neural specialists,5,field_holdout_sanity,Field,Biohub_OPS0020,1,0.7562760045131047
tabm_specialists,TabM,#A783AD,Neural specialists,5,field_holdout_sanity,Field,Biohub_OPS0021,1,0.7562760045131047
tabm_specialists,TabM,#A783AD,Neural specialists,5,field_holdout_sanity,Field,Biohub_OPS0022,1,0.8271936838825544
tabm_specialists,TabM,#A783AD,Neural specialists,5,field_holdout_sanity,Field,Biohub_OPS0023,1,0.8453454191486041
tabm_specialists,TabM,#A783AD,Neural specialists,5,field_holdout_sanity,Field,Biohub_OPS0025,1,0.7899875670671463
tabm_specialists,TabM,#A783AD,Neural specialists,5,field_holdout_sanity,Field,Biohub_OPS0026,1,0.7945765131153166
tabm_specialists,TabM,#A783AD,Neural specialists,5,field_holdout_sanity,Field,Biohub_OPS0027,1,0.86872818171978
tabm_specialists,TabM,#A783AD,Neural specialists,5,field_holdout_sanity,Field,Biohub_OPS0028,1,0.7586333080505331
tabm_specialists,TabM,#A783AD,Neural specialists,5,field_holdout_sanity,Field,Biohub_OPS0029,1,0.662401450673739
tabm_specialists,TabM,#A783AD,Neural specialists,5,field_holdout_sanity,Field,Biohub_OPS0030,1,0.6515494011342525
tabm_specialists,TabM,#A783AD,Neural specialists,5,field_holdout_sanity,Field,Biohub_OPS0031,1,0.6627972987790902
tabm_specialists,TabM,#A783AD,Neural specialists,5,field_holdout_sanity,Field,Biohub_OPS0032,1,0.668062456821402
tabm_specialists,TabM,#A783AD,Neural specialists,5,field_holdout_sanity,Field,Biohub_OPS0033,1,0.8737799304847916
tabm_specialists,TabM,#A783AD,Neural specialists,5,field_holdout_sanity,Field,Biohub_OPS0034,1,0.8594701943298182
tabm_specialists,TabM,#A783AD,Neural specialists,5,field_holdout_sanity,Field,Biohub_OPS0035,1,0.8539820924401283
tabm_specialists,TabM,#A783AD,Neural specialists,5,field_holdout_sanity,Field,Biohub_OPS0036,1,0.8685186430811882
tabm_specialists,TabM,#A783AD,Neural specialists,5,field_holdout_sanity,Field,Biohub_OPS0037,1,0.8812201229234538
tabm_specialists,TabM,#A783AD,Neural specialists,5,field_holdout_sanity,Field,Biohub_OPS0039,1,0.8358573349813619
tabm_specialists,TabM,#A783AD,Neural specialists,5,field_holdout_sanity,Field,Biohub_OPS0040,1,0.7799509232242903
tabm_specialists,TabM,#A783AD,Neural specialists,5,field_holdout_sanity,Field,Biohub_OPS0041,1,0.8343873808781306
tabm_specialists,TabM,#A783AD,Neural specialists,5,field_holdout_sanity,Field,Biohub_OPS0042,1,0.6984646149910987
tabm_specialists,TabM,#A783AD,Neural specialists,5,field_holdout_sanity,Field,Biohub_OPS0043,7,0.5838324038104878
tabm_specialists,TabM,#A783AD,Neural specialists,5,field_holdout_sanity,Field,Biohub_OPS0044,1,0.8945391740649938
tabm_specialists,TabM,#A783AD,Neural specialists,5,field_holdout_sanity,Field,Biohub_OPS0045,2,0.8030311579505602
tabm_specialists,TabM,#A783AD,Neural specialists,5,field_holdout_sanity,Field,Biohub_OPS0046,1,0.6570547378001114
tabm_specialists,TabM,#A783AD,Neural specialists,5,field_holdout_sanity,Field,Biohub_OPS0047,1,0.8330203804798657
tabm_specialists,TabM,#A783AD,Neural specialists,5,field_holdout_sanity,Field,Biohub_OPS0048,1,0.7820478399594625
tabm_specialists,TabM,#A783AD,Neural specialists,5,field_holdout_sanity,Field,Biohub_OPS0050,1,0.45008778430831925
tabm_specialists,TabM,#A783AD,Neural specialists,5,field_holdout_sanity,Field,Biohub_OPS0051,1,0.7762558954457442
tabm_specialists,TabM,#A783AD,Neural specialists,5,field_holdout_sanity,Field,Biohub_OPS0052,1,0.5563948499659698
tabm_specialists,TabM,#A783AD,Neural specialists,5,field_holdout_sanity,Field,Biohub_OPS0053,1,0.8091263587276141
tabm_specialists,TabM,#A783AD,Neural specialists,5,field_holdout_sanity,Field,Biohub_OPS0054,1,0.6627972987790902
tabm_specialists,TabM,#A783AD,Neural specialists,5,field_holdout_sanity,Field,Biohub_OPS0055,1,0.8945391740649938
tabm_specialists,TabM,#A783AD,Neural specialists,5,field_holdout_sanity,Field,Biohub_OPS0056,1,0.8945391740649938
tabm_specialists,TabM,#A783AD,Neural specialists,5,field_holdout_sanity,Field,Biohub_OPS0057,2,0.8030311579505602
tabm_specialists,TabM,#A783AD,Neural specialists,5,field_holdout_sanity,Field,Biohub_OPS0058,1,0.6984646149910987
tabm_specialists,TabM,#A783AD,Neural specialists,5,field_holdout_sanity,Field,Biohub_OPS0059,1,0.6515494011342525
tabm_specialists,TabM,#A783AD,Neural specialists,5,field_holdout_sanity,Field,Biohub_OPS0060,1,0.86872818171978
tabm_specialists,TabM,#A783AD,Neural specialists,5,field_holdout_sanity,Field,Biohub_OPS0061,2,0.8078823058555524
tabm_specialists,TabM,#A783AD,Neural specialists,5,field_holdout_sanity,Field,Biohub_OPS0062,2,0.7908166747540235
tabm_specialists,TabM,#A783AD,Neural specialists,5,field_holdout_sanity,Field,Biohub_OPS0063,1,0.8216067619621754
tabm_specialists,TabM,#A783AD,Neural specialists,5,field_holdout_sanity,Field,Biohub_OPS0064,2,0.7298053354024887
tabm_specialists,TabM,#A783AD,Neural specialists,5,field_holdout_sanity,Field,Biohub_OPS0065,2,0.8504868071836731
tabm_specialists,TabM,#A783AD,Neural specialists,5,field_holdout_sanity,Field,Biohub_OPS0066,1,0.8594701943298182
tabm_specialists,TabM,#A783AD,Neural specialists,5,field_holdout_sanity,Field,Biohub_OPS0067,1,0.8330203804798657
tabm_specialists,TabM,#A783AD,Neural specialists,5,field_holdout_sanity,Field,Biohub_OPS0068,1,0.7800343515972297
tabm_specialists,TabM,#A783AD,Neural specialists,5,field_holdout_sanity,Field,Biohub_OPS0069,2,0.716266076018413
tabm_specialists,TabM,#A783AD,Neural specialists,5,field_holdout_sanity,Field,Biohub_OPS0070,1,0.662401450673739
tabm_specialists,TabM,#A783AD,Neural specialists,5,field_holdout_sanity,Field,Biohub_OPS0071,1,0.668062456821402
tabm_specialists,TabM,#A783AD,Neural specialists,5,field_holdout_sanity,Field,Biohub_OPS0072,2,0.8162066192676624
tabm_specialists,TabM,#A783AD,Neural specialists,5,field_holdout_sanity,Field,Biohub_OPS0073,1,0.45008778430831925
tabm_specialists,TabM,#A783AD,Neural specialists,5,field_holdout_sanity,Field,Biohub_OPS0074,2,0.8595626748166978
tabm_specialists,TabM,#A783AD,Neural specialists,5,field_holdout_sanity,Field,Biohub_OPS0075,1,0.8216067619621754
tabm_specialists,TabM,#A783AD,Neural specialists,5,field_holdout_sanity,Field,Biohub_OPS0076,1,0.8737799304847916
tabm_specialists,TabM,#A783AD,Neural specialists,5,field_holdout_sanity,Field,Biohub_OPS0077,6,0.4491361874341965
tabm_specialists,TabM,#A783AD,Neural specialists,5,gene_holdout_main,Gene,Biohub_OPS0001,2,0.7334603526194889
tabm_specialists,TabM,#A783AD,Neural specialists,5,gene_holdout_main,Gene,Biohub_OPS0002,1,0.7747236646711826
tabm_specialists,TabM,#A783AD,Neural specialists,5,gene_holdout_main,Gene,Biohub_OPS0003,1,0.8628567894299826
tabm_specialists,TabM,#A783AD,Neural specialists,5,gene_holdout_main,Gene,Biohub_OPS0004,1,0.8628567894299826
tabm_specialists,TabM,#A783AD,Neural specialists,5,gene_holdout_main,Gene,Biohub_OPS0005,2,0.7334603526194889
tabm_specialists,TabM,#A783AD,Neural specialists,5,gene_holdout_main,Gene,Biohub_OPS0006,2,0.7334603526194889
tabm_specialists,TabM,#A783AD,Neural specialists,5,gene_holdout_main,Gene,Biohub_OPS0007,2,0.7334603526194889
tabm_specialists,TabM,#A783AD,Neural specialists,5,gene_holdout_main,Gene,Biohub_OPS0008,2,0.7334603526194889
tabm_specialists,TabM,#A783AD,Neural specialists,5,gene_holdout_main,Gene,Biohub_OPS0009,2,0.7334603526194889
tabm_specialists,TabM,#A783AD,Neural specialists,5,gene_holdout_main,Gene,Biohub_OPS0011,1,0.7441916386286417
tabm_specialists,TabM,#A783AD,Neural specialists,5,gene_holdout_main,Gene,Biohub_OPS0012,1,0.7441916386286417
tabm_specialists,TabM,#A783AD,Neural specialists,5,gene_holdout_main,Gene,Biohub_OPS0013,1,0.8322063619891802
tabm_specialists,TabM,#A783AD,Neural specialists,5,gene_holdout_main,Gene,Biohub_OPS0014,1,0.7948445614737769
tabm_specialists,TabM,#A783AD,Neural specialists,5,gene_holdout_main,Gene,Biohub_OPS0015,1,0.7813347565631072
tabm_specialists,TabM,#A783AD,Neural specialists,5,gene_holdout_main,Gene,Biohub_OPS0016,1,0.7593304929323494
tabm_specialists,TabM,#A783AD,Neural specialists,5,gene_holdout_main,Gene,Biohub_OPS0017,1,0.7593304929323494
tabm_specialists,TabM,#A783AD,Neural specialists,5,gene_holdout_main,Gene,Biohub_OPS0018,1,0.8751613909999529
tabm_specialists,TabM,#A783AD,Neural specialists,5,gene_holdout_main,Gene,Biohub_OPS0019,1,0.8751613909999529
tabm_specialists,TabM,#A783AD,Neural specialists,5,gene_holdout_main,Gene,Biohub_OPS0020,1,0.7520104974508286
tabm_specialists,TabM,#A783AD,Neural specialists,5,gene_holdout_main,Gene,Biohub_OPS0021,1,0.7520104974508286
tabm_specialists,TabM,#A783AD,Neural specialists,5,gene_holdout_main,Gene,Biohub_OPS0022,1,0.8273266183833281
tabm_specialists,TabM,#A783AD,Neural specialists,5,gene_holdout_main,Gene,Biohub_OPS0023,1,0.8449153497815132
tabm_specialists,TabM,#A783AD,Neural specialists,5,gene_holdout_main,Gene,Biohub_OPS0025,1,0.8322063619891802
tabm_specialists,TabM,#A783AD,Neural specialists,5,gene_holdout_main,Gene,Biohub_OPS0026,1,0.7948445614737769
tabm_specialists,TabM,#A783AD,Neural specialists,5,gene_holdout_main,Gene,Biohub_OPS0027,1,0.867252205312252
tabm_specialists,TabM,#A783AD,Neural specialists,5,gene_holdout_main,Gene,Biohub_OPS0028,1,0.774808785567681
tabm_specialists,TabM,#A783AD,Neural specialists,5,gene_holdout_main,Gene,Biohub_OPS0029,1,0.6615996636450291
tabm_specialists,TabM,#A783AD,Neural specialists,5,gene_holdout_main,Gene,Biohub_OPS0030,1,0.6510218555728595
tabm_specialists,TabM,#A783AD,Neural specialists,5,gene_holdout_main,Gene,Biohub_OPS0031,1,0.6633793552716573
tabm_specialists,TabM,#A783AD,Neural specialists,5,gene_holdout_main,Gene,Biohub_OPS0032,1,0.6612829989443223
tabm_specialists,TabM,#A783AD,Neural specialists,5,gene_holdout_main,Gene,Biohub_OPS0033,1,0.8936336804181337
tabm_specialists,TabM,#A783AD,Neural specialists,5,gene_holdout_main,Gene,Biohub_OPS0034,1,0.869991290817658
tabm_specialists,TabM,#A783AD,Neural specialists,5,gene_holdout_main,Gene,Biohub_OPS0035,1,0.8525811863442263
tabm_specialists,TabM,#A783AD,Neural specialists,5,gene_holdout_main,Gene,Biohub_OPS0036,1,0.8670892854531604
tabm_specialists,TabM,#A783AD,Neural specialists,5,gene_holdout_main,Gene,Biohub_OPS0037,1,0.8806565610071024
tabm_specialists,TabM,#A783AD,Neural specialists,5,gene_holdout_main,Gene,Biohub_OPS0039,1,0.8332995700339476
tabm_specialists,TabM,#A783AD,Neural specialists,5,gene_holdout_main,Gene,Biohub_OPS0040,1,0.7593304929323494
tabm_specialists,TabM,#A783AD,Neural specialists,5,gene_holdout_main,Gene,Biohub_OPS0041,1,0.8336612259348234
tabm_specialists,TabM,#A783AD,Neural specialists,5,gene_holdout_main,Gene,Biohub_OPS0042,1,0.6258352323280026
tabm_specialists,TabM,#A783AD,Neural specialists,5,gene_holdout_main,Gene,Biohub_OPS0043,7,0.5848112677948343
tabm_specialists,TabM,#A783AD,Neural specialists,5,gene_holdout_main,Gene,Biohub_OPS0044,1,0.8306043869194886
tabm_specialists,TabM,#A783AD,Neural specialists,5,gene_holdout_main,Gene,Biohub_OPS0045,2,0.8053856241206329
tabm_specialists,TabM,#A783AD,Neural specialists,5,gene_holdout_main,Gene,Biohub_OPS0046,1,0.6416245516389608
tabm_specialists,TabM,#A783AD,Neural specialists,5,gene_holdout_main,Gene,Biohub_OPS0047,1,0.7880664744475021
tabm_specialists,TabM,#A783AD,Neural specialists,5,gene_holdout_main,Gene,Biohub_OPS0048,1,0.781879368921121
tabm_specialists,TabM,#A783AD,Neural specialists,5,gene_holdout_main,Gene,Biohub_OPS0050,1,0.436677830084227
tabm_specialists,TabM,#A783AD,Neural specialists,5,gene_holdout_main,Gene,Biohub_OPS0051,1,0.7747236646711826
tabm_specialists,TabM,#A783AD,Neural specialists,5,gene_holdout_main,Gene,Biohub_OPS0052,1,0.5515120529259245
tabm_specialists,TabM,#A783AD,Neural specialists,5,gene_holdout_main,Gene,Biohub_OPS0053,1,0.8061307561894259
tabm_specialists,TabM,#A783AD,Neural specialists,5,gene_holdout_main,Gene,Biohub_OPS0054,1,0.6633793552716573
tabm_specialists,TabM,#A783AD,Neural specialists,5,gene_holdout_main,Gene,Biohub_OPS0055,1,0.8306043869194886
tabm_specialists,TabM,#A783AD,Neural specialists,5,gene_holdout_main,Gene,Biohub_OPS0056,1,0.8306043869194886
tabm_specialists,TabM,#A783AD,Neural specialists,5,gene_holdout_main,Gene,Biohub_OPS0057,2,0.8053856241206329
tabm_specialists,TabM,#A783AD,Neural specialists,5,gene_holdout_main,Gene,Biohub_OPS0058,1,0.6258352323280026
tabm_specialists,TabM,#A783AD,Neural specialists,5,gene_holdout_main,Gene,Biohub_OPS0059,1,0.6510218555728595
tabm_specialists,TabM,#A783AD,Neural specialists,5,gene_holdout_main,Gene,Biohub_OPS0060,1,0.867252205312252
tabm_specialists,TabM,#A783AD,Neural specialists,5,gene_holdout_main,Gene,Biohub_OPS0061,2,0.8060316265250245
tabm_specialists,TabM,#A783AD,Neural specialists,5,gene_holdout_main,Gene,Biohub_OPS0062,2,0.7893175967658559
tabm_specialists,TabM,#A783AD,Neural specialists,5,gene_holdout_main,Gene,Biohub_OPS0063,1,0.8005596779286861
tabm_specialists,TabM,#A783AD,Neural specialists,5,gene_holdout_main,Gene,Biohub_OPS0064,2,0.727901049827536
tabm_specialists,TabM,#A783AD,Neural specialists,5,gene_holdout_main,Gene,Biohub_OPS0065,2,0.8604801494007309
tabm_specialists,TabM,#A783AD,Neural specialists,5,gene_holdout_main,Gene,Biohub_OPS0066,1,0.869991290817658
tabm_specialists,TabM,#A783AD,Neural specialists,5,gene_holdout_main,Gene,Biohub_OPS0067,1,0.7880664744475021
tabm_specialists,TabM,#A783AD,Neural specialists,5,gene_holdout_main,Gene,Biohub_OPS0068,1,0.7813347565631072
tabm_specialists,TabM,#A783AD,Neural specialists,5,gene_holdout_main,Gene,Biohub_OPS0069,2,0.7157753561933835
tabm_specialists,TabM,#A783AD,Neural specialists,5,gene_holdout_main,Gene,Biohub_OPS0070,1,0.6615996636450291
tabm_specialists,TabM,#A783AD,Neural specialists,5,gene_holdout_main,Gene,Biohub_OPS0071,1,0.6612829989443223
tabm_specialists,TabM,#A783AD,Neural specialists,5,gene_holdout_main,Gene,Biohub_OPS0072,2,0.8342212329929073
tabm_specialists,TabM,#A783AD,Neural specialists,5,gene_holdout_main,Gene,Biohub_OPS0073,1,0.436677830084227
tabm_specialists,TabM,#A783AD,Neural specialists,5,gene_holdout_main,Gene,Biohub_OPS0074,2,0.8692745150998235
tabm_specialists,TabM,#A783AD,Neural specialists,5,gene_holdout_main,Gene,Biohub_OPS0075,1,0.8005596779286861
tabm_specialists,TabM,#A783AD,Neural specialists,5,gene_holdout_main,Gene,Biohub_OPS0076,1,0.8936336804181337
tabm_specialists,TabM,#A783AD,Neural specialists,5,gene_holdout_main,Gene,Biohub_OPS0077,6,0.4349964922418197
tabm_specialists,TabM,#A783AD,Neural specialists,5,strict_whole_screen,Whole-screen,Biohub_OPS0001,2,0.781473911056916
tabm_specialists,TabM,#A783AD,Neural specialists,5,strict_whole_screen,Whole-screen,Biohub_OPS0002,1,0.6102442008753618
tabm_specialists,TabM,#A783AD,Neural specialists,5,strict_whole_screen,Whole-screen,Biohub_OPS0003,1,0.8747092833121618
tabm_specialists,TabM,#A783AD,Neural specialists,5,strict_whole_screen,Whole-screen,Biohub_OPS0004,1,0.8378498082359632
tabm_specialists,TabM,#A783AD,Neural specialists,5,strict_whole_screen,Whole-screen,Biohub_OPS0005,2,0.7497852843254804
tabm_specialists,TabM,#A783AD,Neural specialists,5,strict_whole_screen,Whole-screen,Biohub_OPS0006,2,0.6988668059309324
tabm_specialists,TabM,#A783AD,Neural specialists,5,strict_whole_screen,Whole-screen,Biohub_OPS0007,2,0.7162082996219397
tabm_specialists,TabM,#A783AD,Neural specialists,5,strict_whole_screen,Whole-screen,Biohub_OPS0008,2,0.7505711356798808
tabm_specialists,TabM,#A783AD,Neural specialists,5,strict_whole_screen,Whole-screen,Biohub_OPS0009,2,0.736677881826957
tabm_specialists,TabM,#A783AD,Neural specialists,5,strict_whole_screen,Whole-screen,Biohub_OPS0011,1,0.7026623959342638
tabm_specialists,TabM,#A783AD,Neural specialists,5,strict_whole_screen,Whole-screen,Biohub_OPS0012,1,0.742701530456543
tabm_specialists,TabM,#A783AD,Neural specialists,5,strict_whole_screen,Whole-screen,Biohub_OPS0013,1,0.6960678162674109
tabm_specialists,TabM,#A783AD,Neural specialists,5,strict_whole_screen,Whole-screen,Biohub_OPS0014,1,0.0013154491225577
tabm_specialists,TabM,#A783AD,Neural specialists,5,strict_whole_screen,Whole-screen,Biohub_OPS0015,1,0.5964952905972799
tabm_specialists,TabM,#A783AD,Neural specialists,5,strict_whole_screen,Whole-screen,Biohub_OPS0016,1,0.6481541804969311
tabm_specialists,TabM,#A783AD,Neural specialists,5,strict_whole_screen,Whole-screen,Biohub_OPS0017,1,-0.001240807621798
tabm_specialists,TabM,#A783AD,Neural specialists,5,strict_whole_screen,Whole-screen,Biohub_OPS0018,1,0.8582507061461607
tabm_specialists,TabM,#A783AD,Neural specialists,5,strict_whole_screen,Whole-screen,Biohub_OPS0019,1,0.7235755305737257
tabm_specialists,TabM,#A783AD,Neural specialists,5,strict_whole_screen,Whole-screen,Biohub_OPS0020,1,0.7614753972738981
tabm_specialists,TabM,#A783AD,Neural specialists,5,strict_whole_screen,Whole-screen,Biohub_OPS0021,1,0.7462921111534039
tabm_specialists,TabM,#A783AD,Neural specialists,5,strict_whole_screen,Whole-screen,Biohub_OPS0022,1,0.5611557935674986
tabm_specialists,TabM,#A783AD,Neural specialists,5,strict_whole_screen,Whole-screen,Biohub_OPS0023,1,0.4597979870935281
tabm_specialists,TabM,#A783AD,Neural specialists,5,strict_whole_screen,Whole-screen,Biohub_OPS0025,1,0.7084226111570994
tabm_specialists,TabM,#A783AD,Neural specialists,5,strict_whole_screen,Whole-screen,Biohub_OPS0026,1,0.8386051629980406
tabm_specialists,TabM,#A783AD,Neural specialists,5,strict_whole_screen,Whole-screen,Biohub_OPS0027,1,0.7608718698223432
tabm_specialists,TabM,#A783AD,Neural specialists,5,strict_whole_screen,Whole-screen,Biohub_OPS0028,1,0.7737277373671532
tabm_specialists,TabM,#A783AD,Neural specialists,5,strict_whole_screen,Whole-screen,Biohub_OPS0029,1,0.5360306842873493
tabm_specialists,TabM,#A783AD,Neural specialists,5,strict_whole_screen,Whole-screen,Biohub_OPS0030,1,0.0953314506138364
tabm_specialists,TabM,#A783AD,Neural specialists,5,strict_whole_screen,Whole-screen,Biohub_OPS0031,1,0.6235640353212754
tabm_specialists,TabM,#A783AD,Neural specialists,5,strict_whole_screen,Whole-screen,Biohub_OPS0032,1,0.6689469423145056
tabm_specialists,TabM,#A783AD,Neural specialists,5,strict_whole_screen,Whole-screen,Biohub_OPS0033,1,0.850208887209495
tabm_specialists,TabM,#A783AD,Neural specialists,5,strict_whole_screen,Whole-screen,Biohub_OPS0034,1,0.8722620581587156
tabm_specialists,TabM,#A783AD,Neural specialists,5,strict_whole_screen,Whole-screen,Biohub_OPS0036,1,0.57894352513055
tabm_specialists,TabM,#A783AD,Neural specialists,5,strict_whole_screen,Whole-screen,Biohub_OPS0040,1,0.6665571678119401
tabm_specialists,TabM,#A783AD,Neural specialists,5,strict_whole_screen,Whole-screen,Biohub_OPS0041,1,0.4065221979593237
tabm_specialists,TabM,#A783AD,Neural specialists,5,strict_whole_screen,Whole-screen,Biohub_OPS0042,1,0.0005574168738651
tabm_specialists,TabM,#A783AD,Neural specialists,5,strict_whole_screen,Whole-screen,Biohub_OPS0044,1,0.4538813868227104
tabm_specialists,TabM,#A783AD,Neural specialists,5,strict_whole_screen,Whole-screen,Biohub_OPS0045,2,0.5962327984161675
tabm_specialists,TabM,#A783AD,Neural specialists,5,strict_whole_screen,Whole-screen,Biohub_OPS0047,1,0.5502941998032232
tabm_specialists,TabM,#A783AD,Neural specialists,5,strict_whole_screen,Whole-screen,Biohub_OPS0048,1,0.4955353189143352
tabm_specialists,TabM,#A783AD,Neural specialists,5,strict_whole_screen,Whole-screen,Biohub_OPS0050,1,0.0012470922195764
tabm_specialists,TabM,#A783AD,Neural specialists,5,strict_whole_screen,Whole-screen,Biohub_OPS0051,1,0.5312839642477533
tabm_specialists,TabM,#A783AD,Neural specialists,5,strict_whole_screen,Whole-screen,Biohub_OPS0053,1,0.4228913982709248
tabm_specialists,TabM,#A783AD,Neural specialists,5,strict_whole_screen,Whole-screen,Biohub_OPS0054,1,0.5904920635124048
tabm_specialists,TabM,#A783AD,Neural specialists,5,strict_whole_screen,Whole-screen,Biohub_OPS0055,1,0.8805650553355614
tabm_specialists,TabM,#A783AD,Neural specialists,5,strict_whole_screen,Whole-screen,Biohub_OPS0056,1,0.8821595360835394
tabm_specialists,TabM,#A783AD,Neural specialists,5,strict_whole_screen,Whole-screen,Biohub_OPS0057,2,0.6226110312466819
tabm_specialists,TabM,#A783AD,Neural specialists,5,strict_whole_screen,Whole-screen,Biohub_OPS0058,1,0.2657005432168565
tabm_specialists,TabM,#A783AD,Neural specialists,5,strict_whole_screen,Whole-screen,Biohub_OPS0059,1,0.4995254625876744
tabm_specialists,TabM,#A783AD,Neural specialists,5,strict_whole_screen,Whole-screen,Biohub_OPS0060,1,0.8062989339232445
tabm_specialists,TabM,#A783AD,Neural specialists,5,strict_whole_screen,Whole-screen,Biohub_OPS0061,2,0.5163196058322985
tabm_specialists,TabM,#A783AD,Neural specialists,5,strict_whole_screen,Whole-screen,Biohub_OPS0062,2,0.4051842104333142
tabm_specialists,TabM,#A783AD,Neural specialists,5,strict_whole_screen,Whole-screen,Biohub_OPS0063,1,0.6583213148017725
tabm_specialists,TabM,#A783AD,Neural specialists,5,strict_whole_screen,Whole-screen,Biohub_OPS0064,2,0.519489503155152
tabm_specialists,TabM,#A783AD,Neural specialists,5,strict_whole_screen,Whole-screen,Biohub_OPS0065,2,0.5977226599740485
tabm_specialists,TabM,#A783AD,Neural specialists,5,strict_whole_screen,Whole-screen,Biohub_OPS0066,1,0.7002279277270039
tabm_specialists,TabM,#A783AD,Neural specialists,5,strict_whole_screen,Whole-screen,Biohub_OPS0067,1,0.0058643012816143
tabm_specialists,TabM,#A783AD,Neural specialists,5,strict_whole_screen,Whole-screen,Biohub_OPS0068,1,0.5350777565812072
tabm_specialists,TabM,#A783AD,Neural specialists,5,strict_whole_screen,Whole-screen,Biohub_OPS0069,2,0.45667098819588625
tabm_specialists,TabM,#A783AD,Neural specialists,5,strict_whole_screen,Whole-screen,Biohub_OPS0070,1,0.4171756616172691
tabm_specialists,TabM,#A783AD,Neural specialists,5,strict_whole_screen,Whole-screen,Biohub_OPS0071,1,0.3414460708930467
tabm_specialists,TabM,#A783AD,Neural specialists,5,strict_whole_screen,Whole-screen,Biohub_OPS0072,2,0.0004849734173149
tabm_specialists,TabM,#A783AD,Neural specialists,5,strict_whole_screen,Whole-screen,Biohub_OPS0073,1,0.5162234051773945
tabm_specialists,TabM,#A783AD,Neural specialists,5,strict_whole_screen,Whole-screen,Biohub_OPS0074,2,0.7458661172228555
tabm_specialists,TabM,#A783AD,Neural specialists,5,strict_whole_screen,Whole-screen,Biohub_OPS0075,1,0.3580753983308871
tabm_specialists,TabM,#A783AD,Neural specialists,5,strict_whole_screen,Whole-screen,Biohub_OPS0076,1,0.8274900186806917
