context_id,context_group,scenario_id,scenario_group,criterion,criterion_role,metric,metric_value,comparator,threshold,baseline_threshold,threshold_changed,gate_condition_met,baseline_gate_condition_met,gate_condition_changed,tier,hierarchy_reference_pass
oasis:mtt_viability,main4,baseline,baseline,recoverability_min,quantitative_fidelity,recoverability_r,0.826094403561396,>=,0.7,0.7,False,True,True,False,unresolved,True
oasis:mtt_viability,main4,baseline,baseline,magnitude_spearman_min,quantitative_and_ranking_fidelity,magnitude_spearman,0.6041505188442152,>=,0.7,0.7,False,False,False,False,unresolved,True
oasis:mtt_viability,main4,baseline,baseline,top5pct_quantitative_min,quantitative_fidelity,top5pct_recall,0.7272727272727273,>=,0.6,0.6,False,True,True,False,unresolved,True
oasis:mtt_viability,main4,baseline,baseline,top5pct_ranking_min,ranking_fidelity,top5pct_recall,0.7272727272727273,>=,0.5,0.5,False,True,True,False,unresolved,True
oasis:mtt_viability,main4,baseline,baseline,reliability_min,reference_identifiability,reliability,0.7162720741260995,>=,0.3,0.3,False,True,True,False,unresolved,True
oasis:mtt_viability,main4,baseline,baseline,measurement_recoverability_max_exclusive,measurement_required_eligibility_not_good_performance,recoverability_r,0.826094403561396,<,0.6,0.6,False,False,False,False,unresolved,True
oasis:mtt_viability,main4,baseline,baseline,variance_ratio_min,quantitative_fidelity,variance_ratio,0.89703992643403,>=,0.5,0.5,False,True,True,False,unresolved,True
oasis:mtt_viability,main4,baseline,baseline,variance_ratio_max,quantitative_fidelity,variance_ratio,0.89703992643403,<=,1.5,1.5,False,True,True,False,unresolved,True
oasis:mtt_viability,main4,absolute:all gates:looser,joint4,recoverability_min,quantitative_fidelity,recoverability_r,0.826094403561396,>=,0.65,0.7,True,True,True,False,unresolved,True
oasis:mtt_viability,main4,absolute:all gates:looser,joint4,magnitude_spearman_min,quantitative_and_ranking_fidelity,magnitude_spearman,0.6041505188442152,>=,0.65,0.7,True,False,False,False,unresolved,True
oasis:mtt_viability,main4,absolute:all gates:looser,joint4,top5pct_quantitative_min,quantitative_fidelity,top5pct_recall,0.7272727272727273,>=,0.55,0.6,True,True,True,False,unresolved,True
oasis:mtt_viability,main4,absolute:all gates:looser,joint4,top5pct_ranking_min,ranking_fidelity,top5pct_recall,0.7272727272727273,>=,0.45,0.5,True,True,True,False,unresolved,True
oasis:mtt_viability,main4,absolute:all gates:looser,joint4,reliability_min,reference_identifiability,reliability,0.7162720741260995,>=,0.25,0.3,True,True,True,False,unresolved,True
oasis:mtt_viability,main4,absolute:all gates:looser,joint4,measurement_recoverability_max_exclusive,measurement_required_eligibility_not_good_performance,recoverability_r,0.826094403561396,<,0.55,0.6,True,False,False,False,unresolved,True
oasis:mtt_viability,main4,absolute:all gates:looser,joint4,variance_ratio_min,quantitative_fidelity,variance_ratio,0.89703992643403,>=,0.45,0.5,True,True,True,False,unresolved,True
oasis:mtt_viability,main4,absolute:all gates:looser,joint4,variance_ratio_max,quantitative_fidelity,variance_ratio,0.89703992643403,<=,1.55,1.5,True,True,True,False,unresolved,True
oasis:mtt_viability,main4,absolute:all gates:tighter,joint4,recoverability_min,quantitative_fidelity,recoverability_r,0.826094403561396,>=,0.75,0.7,True,True,True,False,unresolved,True
oasis:mtt_viability,main4,absolute:all gates:tighter,joint4,magnitude_spearman_min,quantitative_and_ranking_fidelity,magnitude_spearman,0.6041505188442152,>=,0.75,0.7,True,False,False,False,unresolved,True
oasis:mtt_viability,main4,absolute:all gates:tighter,joint4,top5pct_quantitative_min,quantitative_fidelity,top5pct_recall,0.7272727272727273,>=,0.65,0.6,True,True,True,False,unresolved,True
oasis:mtt_viability,main4,absolute:all gates:tighter,joint4,top5pct_ranking_min,ranking_fidelity,top5pct_recall,0.7272727272727273,>=,0.55,0.5,True,True,True,False,unresolved,True
oasis:mtt_viability,main4,absolute:all gates:tighter,joint4,reliability_min,reference_identifiability,reliability,0.7162720741260995,>=,0.35,0.3,True,True,True,False,unresolved,True
oasis:mtt_viability,main4,absolute:all gates:tighter,joint4,measurement_recoverability_max_exclusive,measurement_required_eligibility_not_good_performance,recoverability_r,0.826094403561396,<,0.65,0.6,True,False,False,False,unresolved,True
oasis:mtt_viability,main4,absolute:all gates:tighter,joint4,variance_ratio_min,quantitative_fidelity,variance_ratio,0.89703992643403,>=,0.55,0.5,True,True,True,False,unresolved,True
oasis:mtt_viability,main4,absolute:all gates:tighter,joint4,variance_ratio_max,quantitative_fidelity,variance_ratio,0.89703992643403,<=,1.45,1.5,True,True,True,False,unresolved,True
oasis:mtt_viability,main4,absolute:recoverability_min:looser,single32,recoverability_min,quantitative_fidelity,recoverability_r,0.826094403561396,>=,0.65,0.7,True,True,True,False,unresolved,True
oasis:mtt_viability,main4,absolute:recoverability_min:looser,single32,magnitude_spearman_min,quantitative_and_ranking_fidelity,magnitude_spearman,0.6041505188442152,>=,0.7,0.7,False,False,False,False,unresolved,True
oasis:mtt_viability,main4,absolute:recoverability_min:looser,single32,top5pct_quantitative_min,quantitative_fidelity,top5pct_recall,0.7272727272727273,>=,0.6,0.6,False,True,True,False,unresolved,True
oasis:mtt_viability,main4,absolute:recoverability_min:looser,single32,top5pct_ranking_min,ranking_fidelity,top5pct_recall,0.7272727272727273,>=,0.5,0.5,False,True,True,False,unresolved,True
oasis:mtt_viability,main4,absolute:recoverability_min:looser,single32,reliability_min,reference_identifiability,reliability,0.7162720741260995,>=,0.3,0.3,False,True,True,False,unresolved,True
oasis:mtt_viability,main4,absolute:recoverability_min:looser,single32,measurement_recoverability_max_exclusive,measurement_required_eligibility_not_good_performance,recoverability_r,0.826094403561396,<,0.6,0.6,False,False,False,False,unresolved,True
oasis:mtt_viability,main4,absolute:recoverability_min:looser,single32,variance_ratio_min,quantitative_fidelity,variance_ratio,0.89703992643403,>=,0.5,0.5,False,True,True,False,unresolved,True
oasis:mtt_viability,main4,absolute:recoverability_min:looser,single32,variance_ratio_max,quantitative_fidelity,variance_ratio,0.89703992643403,<=,1.5,1.5,False,True,True,False,unresolved,True
oasis:mtt_viability,main4,absolute:recoverability_min:tighter,single32,recoverability_min,quantitative_fidelity,recoverability_r,0.826094403561396,>=,0.75,0.7,True,True,True,False,unresolved,True
oasis:mtt_viability,main4,absolute:recoverability_min:tighter,single32,magnitude_spearman_min,quantitative_and_ranking_fidelity,magnitude_spearman,0.6041505188442152,>=,0.7,0.7,False,False,False,False,unresolved,True
oasis:mtt_viability,main4,absolute:recoverability_min:tighter,single32,top5pct_quantitative_min,quantitative_fidelity,top5pct_recall,0.7272727272727273,>=,0.6,0.6,False,True,True,False,unresolved,True
oasis:mtt_viability,main4,absolute:recoverability_min:tighter,single32,top5pct_ranking_min,ranking_fidelity,top5pct_recall,0.7272727272727273,>=,0.5,0.5,False,True,True,False,unresolved,True
oasis:mtt_viability,main4,absolute:recoverability_min:tighter,single32,reliability_min,reference_identifiability,reliability,0.7162720741260995,>=,0.3,0.3,False,True,True,False,unresolved,True
oasis:mtt_viability,main4,absolute:recoverability_min:tighter,single32,measurement_recoverability_max_exclusive,measurement_required_eligibility_not_good_performance,recoverability_r,0.826094403561396,<,0.6,0.6,False,False,False,False,unresolved,True
oasis:mtt_viability,main4,absolute:recoverability_min:tighter,single32,variance_ratio_min,quantitative_fidelity,variance_ratio,0.89703992643403,>=,0.5,0.5,False,True,True,False,unresolved,True
oasis:mtt_viability,main4,absolute:recoverability_min:tighter,single32,variance_ratio_max,quantitative_fidelity,variance_ratio,0.89703992643403,<=,1.5,1.5,False,True,True,False,unresolved,True
oasis:mtt_viability,main4,absolute:magnitude_spearman_min:looser,single32,recoverability_min,quantitative_fidelity,recoverability_r,0.826094403561396,>=,0.7,0.7,False,True,True,False,unresolved,True
oasis:mtt_viability,main4,absolute:magnitude_spearman_min:looser,single32,magnitude_spearman_min,quantitative_and_ranking_fidelity,magnitude_spearman,0.6041505188442152,>=,0.65,0.7,True,False,False,False,unresolved,True
oasis:mtt_viability,main4,absolute:magnitude_spearman_min:looser,single32,top5pct_quantitative_min,quantitative_fidelity,top5pct_recall,0.7272727272727273,>=,0.6,0.6,False,True,True,False,unresolved,True
oasis:mtt_viability,main4,absolute:magnitude_spearman_min:looser,single32,top5pct_ranking_min,ranking_fidelity,top5pct_recall,0.7272727272727273,>=,0.5,0.5,False,True,True,False,unresolved,True
oasis:mtt_viability,main4,absolute:magnitude_spearman_min:looser,single32,reliability_min,reference_identifiability,reliability,0.7162720741260995,>=,0.3,0.3,False,True,True,False,unresolved,True
oasis:mtt_viability,main4,absolute:magnitude_spearman_min:looser,single32,measurement_recoverability_max_exclusive,measurement_required_eligibility_not_good_performance,recoverability_r,0.826094403561396,<,0.6,0.6,False,False,False,False,unresolved,True
oasis:mtt_viability,main4,absolute:magnitude_spearman_min:looser,single32,variance_ratio_min,quantitative_fidelity,variance_ratio,0.89703992643403,>=,0.5,0.5,False,True,True,False,unresolved,True
oasis:mtt_viability,main4,absolute:magnitude_spearman_min:looser,single32,variance_ratio_max,quantitative_fidelity,variance_ratio,0.89703992643403,<=,1.5,1.5,False,True,True,False,unresolved,True
oasis:mtt_viability,main4,absolute:magnitude_spearman_min:tighter,single32,recoverability_min,quantitative_fidelity,recoverability_r,0.826094403561396,>=,0.7,0.7,False,True,True,False,unresolved,True
oasis:mtt_viability,main4,absolute:magnitude_spearman_min:tighter,single32,magnitude_spearman_min,quantitative_and_ranking_fidelity,magnitude_spearman,0.6041505188442152,>=,0.75,0.7,True,False,False,False,unresolved,True
oasis:mtt_viability,main4,absolute:magnitude_spearman_min:tighter,single32,top5pct_quantitative_min,quantitative_fidelity,top5pct_recall,0.7272727272727273,>=,0.6,0.6,False,True,True,False,unresolved,True
oasis:mtt_viability,main4,absolute:magnitude_spearman_min:tighter,single32,top5pct_ranking_min,ranking_fidelity,top5pct_recall,0.7272727272727273,>=,0.5,0.5,False,True,True,False,unresolved,True
oasis:mtt_viability,main4,absolute:magnitude_spearman_min:tighter,single32,reliability_min,reference_identifiability,reliability,0.7162720741260995,>=,0.3,0.3,False,True,True,False,unresolved,True
oasis:mtt_viability,main4,absolute:magnitude_spearman_min:tighter,single32,measurement_recoverability_max_exclusive,measurement_required_eligibility_not_good_performance,recoverability_r,0.826094403561396,<,0.6,0.6,False,False,False,False,unresolved,True
oasis:mtt_viability,main4,absolute:magnitude_spearman_min:tighter,single32,variance_ratio_min,quantitative_fidelity,variance_ratio,0.89703992643403,>=,0.5,0.5,False,True,True,False,unresolved,True
oasis:mtt_viability,main4,absolute:magnitude_spearman_min:tighter,single32,variance_ratio_max,quantitative_fidelity,variance_ratio,0.89703992643403,<=,1.5,1.5,False,True,True,False,unresolved,True
oasis:mtt_viability,main4,absolute:top5pct_quantitative_min:looser,single32,recoverability_min,quantitative_fidelity,recoverability_r,0.826094403561396,>=,0.7,0.7,False,True,True,False,unresolved,True
oasis:mtt_viability,main4,absolute:top5pct_quantitative_min:looser,single32,magnitude_spearman_min,quantitative_and_ranking_fidelity,magnitude_spearman,0.6041505188442152,>=,0.7,0.7,False,False,False,False,unresolved,True
oasis:mtt_viability,main4,absolute:top5pct_quantitative_min:looser,single32,top5pct_quantitative_min,quantitative_fidelity,top5pct_recall,0.7272727272727273,>=,0.55,0.6,True,True,True,False,unresolved,True
oasis:mtt_viability,main4,absolute:top5pct_quantitative_min:looser,single32,top5pct_ranking_min,ranking_fidelity,top5pct_recall,0.7272727272727273,>=,0.5,0.5,False,True,True,False,unresolved,True
oasis:mtt_viability,main4,absolute:top5pct_quantitative_min:looser,single32,reliability_min,reference_identifiability,reliability,0.7162720741260995,>=,0.3,0.3,False,True,True,False,unresolved,True
oasis:mtt_viability,main4,absolute:top5pct_quantitative_min:looser,single32,measurement_recoverability_max_exclusive,measurement_required_eligibility_not_good_performance,recoverability_r,0.826094403561396,<,0.6,0.6,False,False,False,False,unresolved,True
oasis:mtt_viability,main4,absolute:top5pct_quantitative_min:looser,single32,variance_ratio_min,quantitative_fidelity,variance_ratio,0.89703992643403,>=,0.5,0.5,False,True,True,False,unresolved,True
oasis:mtt_viability,main4,absolute:top5pct_quantitative_min:looser,single32,variance_ratio_max,quantitative_fidelity,variance_ratio,0.89703992643403,<=,1.5,1.5,False,True,True,False,unresolved,True
oasis:mtt_viability,main4,absolute:top5pct_quantitative_min:tighter,single32,recoverability_min,quantitative_fidelity,recoverability_r,0.826094403561396,>=,0.7,0.7,False,True,True,False,unresolved,True
oasis:mtt_viability,main4,absolute:top5pct_quantitative_min:tighter,single32,magnitude_spearman_min,quantitative_and_ranking_fidelity,magnitude_spearman,0.6041505188442152,>=,0.7,0.7,False,False,False,False,unresolved,True
oasis:mtt_viability,main4,absolute:top5pct_quantitative_min:tighter,single32,top5pct_quantitative_min,quantitative_fidelity,top5pct_recall,0.7272727272727273,>=,0.65,0.6,True,True,True,False,unresolved,True
oasis:mtt_viability,main4,absolute:top5pct_quantitative_min:tighter,single32,top5pct_ranking_min,ranking_fidelity,top5pct_recall,0.7272727272727273,>=,0.5,0.5,False,True,True,False,unresolved,True
oasis:mtt_viability,main4,absolute:top5pct_quantitative_min:tighter,single32,reliability_min,reference_identifiability,reliability,0.7162720741260995,>=,0.3,0.3,False,True,True,False,unresolved,True
oasis:mtt_viability,main4,absolute:top5pct_quantitative_min:tighter,single32,measurement_recoverability_max_exclusive,measurement_required_eligibility_not_good_performance,recoverability_r,0.826094403561396,<,0.6,0.6,False,False,False,False,unresolved,True
oasis:mtt_viability,main4,absolute:top5pct_quantitative_min:tighter,single32,variance_ratio_min,quantitative_fidelity,variance_ratio,0.89703992643403,>=,0.5,0.5,False,True,True,False,unresolved,True
oasis:mtt_viability,main4,absolute:top5pct_quantitative_min:tighter,single32,variance_ratio_max,quantitative_fidelity,variance_ratio,0.89703992643403,<=,1.5,1.5,False,True,True,False,unresolved,True
oasis:mtt_viability,main4,absolute:top5pct_ranking_min:looser,single32,recoverability_min,quantitative_fidelity,recoverability_r,0.826094403561396,>=,0.7,0.7,False,True,True,False,unresolved,True
oasis:mtt_viability,main4,absolute:top5pct_ranking_min:looser,single32,magnitude_spearman_min,quantitative_and_ranking_fidelity,magnitude_spearman,0.6041505188442152,>=,0.7,0.7,False,False,False,False,unresolved,True
oasis:mtt_viability,main4,absolute:top5pct_ranking_min:looser,single32,top5pct_quantitative_min,quantitative_fidelity,top5pct_recall,0.7272727272727273,>=,0.6,0.6,False,True,True,False,unresolved,True
oasis:mtt_viability,main4,absolute:top5pct_ranking_min:looser,single32,top5pct_ranking_min,ranking_fidelity,top5pct_recall,0.7272727272727273,>=,0.45,0.5,True,True,True,False,unresolved,True
oasis:mtt_viability,main4,absolute:top5pct_ranking_min:looser,single32,reliability_min,reference_identifiability,reliability,0.7162720741260995,>=,0.3,0.3,False,True,True,False,unresolved,True
oasis:mtt_viability,main4,absolute:top5pct_ranking_min:looser,single32,measurement_recoverability_max_exclusive,measurement_required_eligibility_not_good_performance,recoverability_r,0.826094403561396,<,0.6,0.6,False,False,False,False,unresolved,True
oasis:mtt_viability,main4,absolute:top5pct_ranking_min:looser,single32,variance_ratio_min,quantitative_fidelity,variance_ratio,0.89703992643403,>=,0.5,0.5,False,True,True,False,unresolved,True
oasis:mtt_viability,main4,absolute:top5pct_ranking_min:looser,single32,variance_ratio_max,quantitative_fidelity,variance_ratio,0.89703992643403,<=,1.5,1.5,False,True,True,False,unresolved,True
oasis:mtt_viability,main4,absolute:top5pct_ranking_min:tighter,single32,recoverability_min,quantitative_fidelity,recoverability_r,0.826094403561396,>=,0.7,0.7,False,True,True,False,unresolved,True
oasis:mtt_viability,main4,absolute:top5pct_ranking_min:tighter,single32,magnitude_spearman_min,quantitative_and_ranking_fidelity,magnitude_spearman,0.6041505188442152,>=,0.7,0.7,False,False,False,False,unresolved,True
oasis:mtt_viability,main4,absolute:top5pct_ranking_min:tighter,single32,top5pct_quantitative_min,quantitative_fidelity,top5pct_recall,0.7272727272727273,>=,0.6,0.6,False,True,True,False,unresolved,True
oasis:mtt_viability,main4,absolute:top5pct_ranking_min:tighter,single32,top5pct_ranking_min,ranking_fidelity,top5pct_recall,0.7272727272727273,>=,0.55,0.5,True,True,True,False,unresolved,True
oasis:mtt_viability,main4,absolute:top5pct_ranking_min:tighter,single32,reliability_min,reference_identifiability,reliability,0.7162720741260995,>=,0.3,0.3,False,True,True,False,unresolved,True
oasis:mtt_viability,main4,absolute:top5pct_ranking_min:tighter,single32,measurement_recoverability_max_exclusive,measurement_required_eligibility_not_good_performance,recoverability_r,0.826094403561396,<,0.6,0.6,False,False,False,False,unresolved,True
oasis:mtt_viability,main4,absolute:top5pct_ranking_min:tighter,single32,variance_ratio_min,quantitative_fidelity,variance_ratio,0.89703992643403,>=,0.5,0.5,False,True,True,False,unresolved,True
oasis:mtt_viability,main4,absolute:top5pct_ranking_min:tighter,single32,variance_ratio_max,quantitative_fidelity,variance_ratio,0.89703992643403,<=,1.5,1.5,False,True,True,False,unresolved,True
oasis:mtt_viability,main4,absolute:reliability_min:looser,single32,recoverability_min,quantitative_fidelity,recoverability_r,0.826094403561396,>=,0.7,0.7,False,True,True,False,unresolved,True
oasis:mtt_viability,main4,absolute:reliability_min:looser,single32,magnitude_spearman_min,quantitative_and_ranking_fidelity,magnitude_spearman,0.6041505188442152,>=,0.7,0.7,False,False,False,False,unresolved,True
oasis:mtt_viability,main4,absolute:reliability_min:looser,single32,top5pct_quantitative_min,quantitative_fidelity,top5pct_recall,0.7272727272727273,>=,0.6,0.6,False,True,True,False,unresolved,True
oasis:mtt_viability,main4,absolute:reliability_min:looser,single32,top5pct_ranking_min,ranking_fidelity,top5pct_recall,0.7272727272727273,>=,0.5,0.5,False,True,True,False,unresolved,True
oasis:mtt_viability,main4,absolute:reliability_min:looser,single32,reliability_min,reference_identifiability,reliability,0.7162720741260995,>=,0.25,0.3,True,True,True,False,unresolved,True
oasis:mtt_viability,main4,absolute:reliability_min:looser,single32,measurement_recoverability_max_exclusive,measurement_required_eligibility_not_good_performance,recoverability_r,0.826094403561396,<,0.6,0.6,False,False,False,False,unresolved,True
oasis:mtt_viability,main4,absolute:reliability_min:looser,single32,variance_ratio_min,quantitative_fidelity,variance_ratio,0.89703992643403,>=,0.5,0.5,False,True,True,False,unresolved,True
oasis:mtt_viability,main4,absolute:reliability_min:looser,single32,variance_ratio_max,quantitative_fidelity,variance_ratio,0.89703992643403,<=,1.5,1.5,False,True,True,False,unresolved,True
oasis:mtt_viability,main4,absolute:reliability_min:tighter,single32,recoverability_min,quantitative_fidelity,recoverability_r,0.826094403561396,>=,0.7,0.7,False,True,True,False,unresolved,True
oasis:mtt_viability,main4,absolute:reliability_min:tighter,single32,magnitude_spearman_min,quantitative_and_ranking_fidelity,magnitude_spearman,0.6041505188442152,>=,0.7,0.7,False,False,False,False,unresolved,True
oasis:mtt_viability,main4,absolute:reliability_min:tighter,single32,top5pct_quantitative_min,quantitative_fidelity,top5pct_recall,0.7272727272727273,>=,0.6,0.6,False,True,True,False,unresolved,True
oasis:mtt_viability,main4,absolute:reliability_min:tighter,single32,top5pct_ranking_min,ranking_fidelity,top5pct_recall,0.7272727272727273,>=,0.5,0.5,False,True,True,False,unresolved,True
oasis:mtt_viability,main4,absolute:reliability_min:tighter,single32,reliability_min,reference_identifiability,reliability,0.7162720741260995,>=,0.35,0.3,True,True,True,False,unresolved,True
oasis:mtt_viability,main4,absolute:reliability_min:tighter,single32,measurement_recoverability_max_exclusive,measurement_required_eligibility_not_good_performance,recoverability_r,0.826094403561396,<,0.6,0.6,False,False,False,False,unresolved,True
oasis:mtt_viability,main4,absolute:reliability_min:tighter,single32,variance_ratio_min,quantitative_fidelity,variance_ratio,0.89703992643403,>=,0.5,0.5,False,True,True,False,unresolved,True
oasis:mtt_viability,main4,absolute:reliability_min:tighter,single32,variance_ratio_max,quantitative_fidelity,variance_ratio,0.89703992643403,<=,1.5,1.5,False,True,True,False,unresolved,True
oasis:mtt_viability,main4,absolute:measurement_recoverability_max_exclusive:looser,single32,recoverability_min,quantitative_fidelity,recoverability_r,0.826094403561396,>=,0.7,0.7,False,True,True,False,unresolved,True
oasis:mtt_viability,main4,absolute:measurement_recoverability_max_exclusive:looser,single32,magnitude_spearman_min,quantitative_and_ranking_fidelity,magnitude_spearman,0.6041505188442152,>=,0.7,0.7,False,False,False,False,unresolved,True
oasis:mtt_viability,main4,absolute:measurement_recoverability_max_exclusive:looser,single32,top5pct_quantitative_min,quantitative_fidelity,top5pct_recall,0.7272727272727273,>=,0.6,0.6,False,True,True,False,unresolved,True
oasis:mtt_viability,main4,absolute:measurement_recoverability_max_exclusive:looser,single32,top5pct_ranking_min,ranking_fidelity,top5pct_recall,0.7272727272727273,>=,0.5,0.5,False,True,True,False,unresolved,True
oasis:mtt_viability,main4,absolute:measurement_recoverability_max_exclusive:looser,single32,reliability_min,reference_identifiability,reliability,0.7162720741260995,>=,0.3,0.3,False,True,True,False,unresolved,True
oasis:mtt_viability,main4,absolute:measurement_recoverability_max_exclusive:looser,single32,measurement_recoverability_max_exclusive,measurement_required_eligibility_not_good_performance,recoverability_r,0.826094403561396,<,0.55,0.6,True,False,False,False,unresolved,True
oasis:mtt_viability,main4,absolute:measurement_recoverability_max_exclusive:looser,single32,variance_ratio_min,quantitative_fidelity,variance_ratio,0.89703992643403,>=,0.5,0.5,False,True,True,False,unresolved,True
oasis:mtt_viability,main4,absolute:measurement_recoverability_max_exclusive:looser,single32,variance_ratio_max,quantitative_fidelity,variance_ratio,0.89703992643403,<=,1.5,1.5,False,True,True,False,unresolved,True
oasis:mtt_viability,main4,absolute:measurement_recoverability_max_exclusive:tighter,single32,recoverability_min,quantitative_fidelity,recoverability_r,0.826094403561396,>=,0.7,0.7,False,True,True,False,unresolved,True
oasis:mtt_viability,main4,absolute:measurement_recoverability_max_exclusive:tighter,single32,magnitude_spearman_min,quantitative_and_ranking_fidelity,magnitude_spearman,0.6041505188442152,>=,0.7,0.7,False,False,False,False,unresolved,True
oasis:mtt_viability,main4,absolute:measurement_recoverability_max_exclusive:tighter,single32,top5pct_quantitative_min,quantitative_fidelity,top5pct_recall,0.7272727272727273,>=,0.6,0.6,False,True,True,False,unresolved,True
oasis:mtt_viability,main4,absolute:measurement_recoverability_max_exclusive:tighter,single32,top5pct_ranking_min,ranking_fidelity,top5pct_recall,0.7272727272727273,>=,0.5,0.5,False,True,True,False,unresolved,True
oasis:mtt_viability,main4,absolute:measurement_recoverability_max_exclusive:tighter,single32,reliability_min,reference_identifiability,reliability,0.7162720741260995,>=,0.3,0.3,False,True,True,False,unresolved,True
oasis:mtt_viability,main4,absolute:measurement_recoverability_max_exclusive:tighter,single32,measurement_recoverability_max_exclusive,measurement_required_eligibility_not_good_performance,recoverability_r,0.826094403561396,<,0.65,0.6,True,False,False,False,unresolved,True
oasis:mtt_viability,main4,absolute:measurement_recoverability_max_exclusive:tighter,single32,variance_ratio_min,quantitative_fidelity,variance_ratio,0.89703992643403,>=,0.5,0.5,False,True,True,False,unresolved,True
oasis:mtt_viability,main4,absolute:measurement_recoverability_max_exclusive:tighter,single32,variance_ratio_max,quantitative_fidelity,variance_ratio,0.89703992643403,<=,1.5,1.5,False,True,True,False,unresolved,True
oasis:mtt_viability,main4,absolute:variance_ratio_min:looser,single32,recoverability_min,quantitative_fidelity,recoverability_r,0.826094403561396,>=,0.7,0.7,False,True,True,False,unresolved,True
oasis:mtt_viability,main4,absolute:variance_ratio_min:looser,single32,magnitude_spearman_min,quantitative_and_ranking_fidelity,magnitude_spearman,0.6041505188442152,>=,0.7,0.7,False,False,False,False,unresolved,True
oasis:mtt_viability,main4,absolute:variance_ratio_min:looser,single32,top5pct_quantitative_min,quantitative_fidelity,top5pct_recall,0.7272727272727273,>=,0.6,0.6,False,True,True,False,unresolved,True
oasis:mtt_viability,main4,absolute:variance_ratio_min:looser,single32,top5pct_ranking_min,ranking_fidelity,top5pct_recall,0.7272727272727273,>=,0.5,0.5,False,True,True,False,unresolved,True
oasis:mtt_viability,main4,absolute:variance_ratio_min:looser,single32,reliability_min,reference_identifiability,reliability,0.7162720741260995,>=,0.3,0.3,False,True,True,False,unresolved,True
oasis:mtt_viability,main4,absolute:variance_ratio_min:looser,single32,measurement_recoverability_max_exclusive,measurement_required_eligibility_not_good_performance,recoverability_r,0.826094403561396,<,0.6,0.6,False,False,False,False,unresolved,True
oasis:mtt_viability,main4,absolute:variance_ratio_min:looser,single32,variance_ratio_min,quantitative_fidelity,variance_ratio,0.89703992643403,>=,0.45,0.5,True,True,True,False,unresolved,True
oasis:mtt_viability,main4,absolute:variance_ratio_min:looser,single32,variance_ratio_max,quantitative_fidelity,variance_ratio,0.89703992643403,<=,1.5,1.5,False,True,True,False,unresolved,True
oasis:mtt_viability,main4,absolute:variance_ratio_min:tighter,single32,recoverability_min,quantitative_fidelity,recoverability_r,0.826094403561396,>=,0.7,0.7,False,True,True,False,unresolved,True
oasis:mtt_viability,main4,absolute:variance_ratio_min:tighter,single32,magnitude_spearman_min,quantitative_and_ranking_fidelity,magnitude_spearman,0.6041505188442152,>=,0.7,0.7,False,False,False,False,unresolved,True
oasis:mtt_viability,main4,absolute:variance_ratio_min:tighter,single32,top5pct_quantitative_min,quantitative_fidelity,top5pct_recall,0.7272727272727273,>=,0.6,0.6,False,True,True,False,unresolved,True
oasis:mtt_viability,main4,absolute:variance_ratio_min:tighter,single32,top5pct_ranking_min,ranking_fidelity,top5pct_recall,0.7272727272727273,>=,0.5,0.5,False,True,True,False,unresolved,True
oasis:mtt_viability,main4,absolute:variance_ratio_min:tighter,single32,reliability_min,reference_identifiability,reliability,0.7162720741260995,>=,0.3,0.3,False,True,True,False,unresolved,True
oasis:mtt_viability,main4,absolute:variance_ratio_min:tighter,single32,measurement_recoverability_max_exclusive,measurement_required_eligibility_not_good_performance,recoverability_r,0.826094403561396,<,0.6,0.6,False,False,False,False,unresolved,True
oasis:mtt_viability,main4,absolute:variance_ratio_min:tighter,single32,variance_ratio_min,quantitative_fidelity,variance_ratio,0.89703992643403,>=,0.55,0.5,True,True,True,False,unresolved,True
oasis:mtt_viability,main4,absolute:variance_ratio_min:tighter,single32,variance_ratio_max,quantitative_fidelity,variance_ratio,0.89703992643403,<=,1.5,1.5,False,True,True,False,unresolved,True
oasis:mtt_viability,main4,absolute:variance_ratio_max:looser,single32,recoverability_min,quantitative_fidelity,recoverability_r,0.826094403561396,>=,0.7,0.7,False,True,True,False,unresolved,True
oasis:mtt_viability,main4,absolute:variance_ratio_max:looser,single32,magnitude_spearman_min,quantitative_and_ranking_fidelity,magnitude_spearman,0.6041505188442152,>=,0.7,0.7,False,False,False,False,unresolved,True
oasis:mtt_viability,main4,absolute:variance_ratio_max:looser,single32,top5pct_quantitative_min,quantitative_fidelity,top5pct_recall,0.7272727272727273,>=,0.6,0.6,False,True,True,False,unresolved,True
oasis:mtt_viability,main4,absolute:variance_ratio_max:looser,single32,top5pct_ranking_min,ranking_fidelity,top5pct_recall,0.7272727272727273,>=,0.5,0.5,False,True,True,False,unresolved,True
oasis:mtt_viability,main4,absolute:variance_ratio_max:looser,single32,reliability_min,reference_identifiability,reliability,0.7162720741260995,>=,0.3,0.3,False,True,True,False,unresolved,True
oasis:mtt_viability,main4,absolute:variance_ratio_max:looser,single32,measurement_recoverability_max_exclusive,measurement_required_eligibility_not_good_performance,recoverability_r,0.826094403561396,<,0.6,0.6,False,False,False,False,unresolved,True
oasis:mtt_viability,main4,absolute:variance_ratio_max:looser,single32,variance_ratio_min,quantitative_fidelity,variance_ratio,0.89703992643403,>=,0.5,0.5,False,True,True,False,unresolved,True
oasis:mtt_viability,main4,absolute:variance_ratio_max:looser,single32,variance_ratio_max,quantitative_fidelity,variance_ratio,0.89703992643403,<=,1.55,1.5,True,True,True,False,unresolved,True
oasis:mtt_viability,main4,absolute:variance_ratio_max:tighter,single32,recoverability_min,quantitative_fidelity,recoverability_r,0.826094403561396,>=,0.7,0.7,False,True,True,False,unresolved,True
oasis:mtt_viability,main4,absolute:variance_ratio_max:tighter,single32,magnitude_spearman_min,quantitative_and_ranking_fidelity,magnitude_spearman,0.6041505188442152,>=,0.7,0.7,False,False,False,False,unresolved,True
oasis:mtt_viability,main4,absolute:variance_ratio_max:tighter,single32,top5pct_quantitative_min,quantitative_fidelity,top5pct_recall,0.7272727272727273,>=,0.6,0.6,False,True,True,False,unresolved,True
oasis:mtt_viability,main4,absolute:variance_ratio_max:tighter,single32,top5pct_ranking_min,ranking_fidelity,top5pct_recall,0.7272727272727273,>=,0.5,0.5,False,True,True,False,unresolved,True
oasis:mtt_viability,main4,absolute:variance_ratio_max:tighter,single32,reliability_min,reference_identifiability,reliability,0.7162720741260995,>=,0.3,0.3,False,True,True,False,unresolved,True
oasis:mtt_viability,main4,absolute:variance_ratio_max:tighter,single32,measurement_recoverability_max_exclusive,measurement_required_eligibility_not_good_performance,recoverability_r,0.826094403561396,<,0.6,0.6,False,False,False,False,unresolved,True
oasis:mtt_viability,main4,absolute:variance_ratio_max:tighter,single32,variance_ratio_min,quantitative_fidelity,variance_ratio,0.89703992643403,>=,0.5,0.5,False,True,True,False,unresolved,True
oasis:mtt_viability,main4,absolute:variance_ratio_max:tighter,single32,variance_ratio_max,quantitative_fidelity,variance_ratio,0.89703992643403,<=,1.45,1.5,True,True,True,False,unresolved,True
oasis:mtt_viability,main4,relative:all gates:looser,joint4,recoverability_min,quantitative_fidelity,recoverability_r,0.826094403561396,>=,0.63,0.7,True,True,True,False,unresolved,True
oasis:mtt_viability,main4,relative:all gates:looser,joint4,magnitude_spearman_min,quantitative_and_ranking_fidelity,magnitude_spearman,0.6041505188442152,>=,0.63,0.7,True,False,False,False,unresolved,True
oasis:mtt_viability,main4,relative:all gates:looser,joint4,top5pct_quantitative_min,quantitative_fidelity,top5pct_recall,0.7272727272727273,>=,0.54,0.6,True,True,True,False,unresolved,True
oasis:mtt_viability,main4,relative:all gates:looser,joint4,top5pct_ranking_min,ranking_fidelity,top5pct_recall,0.7272727272727273,>=,0.45,0.5,True,True,True,False,unresolved,True
oasis:mtt_viability,main4,relative:all gates:looser,joint4,reliability_min,reference_identifiability,reliability,0.7162720741260995,>=,0.27,0.3,True,True,True,False,unresolved,True
oasis:mtt_viability,main4,relative:all gates:looser,joint4,measurement_recoverability_max_exclusive,measurement_required_eligibility_not_good_performance,recoverability_r,0.826094403561396,<,0.54,0.6,True,False,False,False,unresolved,True
oasis:mtt_viability,main4,relative:all gates:looser,joint4,variance_ratio_min,quantitative_fidelity,variance_ratio,0.89703992643403,>=,0.45,0.5,True,True,True,False,unresolved,True
oasis:mtt_viability,main4,relative:all gates:looser,joint4,variance_ratio_max,quantitative_fidelity,variance_ratio,0.89703992643403,<=,1.65,1.5,True,True,True,False,unresolved,True
oasis:mtt_viability,main4,relative:all gates:tighter,joint4,recoverability_min,quantitative_fidelity,recoverability_r,0.826094403561396,>=,0.77,0.7,True,True,True,False,unresolved,True
oasis:mtt_viability,main4,relative:all gates:tighter,joint4,magnitude_spearman_min,quantitative_and_ranking_fidelity,magnitude_spearman,0.6041505188442152,>=,0.77,0.7,True,False,False,False,unresolved,True
oasis:mtt_viability,main4,relative:all gates:tighter,joint4,top5pct_quantitative_min,quantitative_fidelity,top5pct_recall,0.7272727272727273,>=,0.66,0.6,True,True,True,False,unresolved,True
oasis:mtt_viability,main4,relative:all gates:tighter,joint4,top5pct_ranking_min,ranking_fidelity,top5pct_recall,0.7272727272727273,>=,0.55,0.5,True,True,True,False,unresolved,True
oasis:mtt_viability,main4,relative:all gates:tighter,joint4,reliability_min,reference_identifiability,reliability,0.7162720741260995,>=,0.33,0.3,True,True,True,False,unresolved,True
oasis:mtt_viability,main4,relative:all gates:tighter,joint4,measurement_recoverability_max_exclusive,measurement_required_eligibility_not_good_performance,recoverability_r,0.826094403561396,<,0.66,0.6,True,False,False,False,unresolved,True
oasis:mtt_viability,main4,relative:all gates:tighter,joint4,variance_ratio_min,quantitative_fidelity,variance_ratio,0.89703992643403,>=,0.55,0.5,True,True,True,False,unresolved,True
oasis:mtt_viability,main4,relative:all gates:tighter,joint4,variance_ratio_max,quantitative_fidelity,variance_ratio,0.89703992643403,<=,1.35,1.5,True,True,True,False,unresolved,True
oasis:mtt_viability,main4,relative:recoverability_min:looser,single32,recoverability_min,quantitative_fidelity,recoverability_r,0.826094403561396,>=,0.63,0.7,True,True,True,False,unresolved,True
oasis:mtt_viability,main4,relative:recoverability_min:looser,single32,magnitude_spearman_min,quantitative_and_ranking_fidelity,magnitude_spearman,0.6041505188442152,>=,0.7,0.7,False,False,False,False,unresolved,True
oasis:mtt_viability,main4,relative:recoverability_min:looser,single32,top5pct_quantitative_min,quantitative_fidelity,top5pct_recall,0.7272727272727273,>=,0.6,0.6,False,True,True,False,unresolved,True
oasis:mtt_viability,main4,relative:recoverability_min:looser,single32,top5pct_ranking_min,ranking_fidelity,top5pct_recall,0.7272727272727273,>=,0.5,0.5,False,True,True,False,unresolved,True
oasis:mtt_viability,main4,relative:recoverability_min:looser,single32,reliability_min,reference_identifiability,reliability,0.7162720741260995,>=,0.3,0.3,False,True,True,False,unresolved,True
oasis:mtt_viability,main4,relative:recoverability_min:looser,single32,measurement_recoverability_max_exclusive,measurement_required_eligibility_not_good_performance,recoverability_r,0.826094403561396,<,0.6,0.6,False,False,False,False,unresolved,True
oasis:mtt_viability,main4,relative:recoverability_min:looser,single32,variance_ratio_min,quantitative_fidelity,variance_ratio,0.89703992643403,>=,0.5,0.5,False,True,True,False,unresolved,True
oasis:mtt_viability,main4,relative:recoverability_min:looser,single32,variance_ratio_max,quantitative_fidelity,variance_ratio,0.89703992643403,<=,1.5,1.5,False,True,True,False,unresolved,True
oasis:mtt_viability,main4,relative:recoverability_min:tighter,single32,recoverability_min,quantitative_fidelity,recoverability_r,0.826094403561396,>=,0.77,0.7,True,True,True,False,unresolved,True
oasis:mtt_viability,main4,relative:recoverability_min:tighter,single32,magnitude_spearman_min,quantitative_and_ranking_fidelity,magnitude_spearman,0.6041505188442152,>=,0.7,0.7,False,False,False,False,unresolved,True
oasis:mtt_viability,main4,relative:recoverability_min:tighter,single32,top5pct_quantitative_min,quantitative_fidelity,top5pct_recall,0.7272727272727273,>=,0.6,0.6,False,True,True,False,unresolved,True
oasis:mtt_viability,main4,relative:recoverability_min:tighter,single32,top5pct_ranking_min,ranking_fidelity,top5pct_recall,0.7272727272727273,>=,0.5,0.5,False,True,True,False,unresolved,True
oasis:mtt_viability,main4,relative:recoverability_min:tighter,single32,reliability_min,reference_identifiability,reliability,0.7162720741260995,>=,0.3,0.3,False,True,True,False,unresolved,True
oasis:mtt_viability,main4,relative:recoverability_min:tighter,single32,measurement_recoverability_max_exclusive,measurement_required_eligibility_not_good_performance,recoverability_r,0.826094403561396,<,0.6,0.6,False,False,False,False,unresolved,True
oasis:mtt_viability,main4,relative:recoverability_min:tighter,single32,variance_ratio_min,quantitative_fidelity,variance_ratio,0.89703992643403,>=,0.5,0.5,False,True,True,False,unresolved,True
oasis:mtt_viability,main4,relative:recoverability_min:tighter,single32,variance_ratio_max,quantitative_fidelity,variance_ratio,0.89703992643403,<=,1.5,1.5,False,True,True,False,unresolved,True
oasis:mtt_viability,main4,relative:magnitude_spearman_min:looser,single32,recoverability_min,quantitative_fidelity,recoverability_r,0.826094403561396,>=,0.7,0.7,False,True,True,False,unresolved,True
oasis:mtt_viability,main4,relative:magnitude_spearman_min:looser,single32,magnitude_spearman_min,quantitative_and_ranking_fidelity,magnitude_spearman,0.6041505188442152,>=,0.63,0.7,True,False,False,False,unresolved,True
oasis:mtt_viability,main4,relative:magnitude_spearman_min:looser,single32,top5pct_quantitative_min,quantitative_fidelity,top5pct_recall,0.7272727272727273,>=,0.6,0.6,False,True,True,False,unresolved,True
oasis:mtt_viability,main4,relative:magnitude_spearman_min:looser,single32,top5pct_ranking_min,ranking_fidelity,top5pct_recall,0.7272727272727273,>=,0.5,0.5,False,True,True,False,unresolved,True
oasis:mtt_viability,main4,relative:magnitude_spearman_min:looser,single32,reliability_min,reference_identifiability,reliability,0.7162720741260995,>=,0.3,0.3,False,True,True,False,unresolved,True
oasis:mtt_viability,main4,relative:magnitude_spearman_min:looser,single32,measurement_recoverability_max_exclusive,measurement_required_eligibility_not_good_performance,recoverability_r,0.826094403561396,<,0.6,0.6,False,False,False,False,unresolved,True
oasis:mtt_viability,main4,relative:magnitude_spearman_min:looser,single32,variance_ratio_min,quantitative_fidelity,variance_ratio,0.89703992643403,>=,0.5,0.5,False,True,True,False,unresolved,True
oasis:mtt_viability,main4,relative:magnitude_spearman_min:looser,single32,variance_ratio_max,quantitative_fidelity,variance_ratio,0.89703992643403,<=,1.5,1.5,False,True,True,False,unresolved,True
oasis:mtt_viability,main4,relative:magnitude_spearman_min:tighter,single32,recoverability_min,quantitative_fidelity,recoverability_r,0.826094403561396,>=,0.7,0.7,False,True,True,False,unresolved,True
oasis:mtt_viability,main4,relative:magnitude_spearman_min:tighter,single32,magnitude_spearman_min,quantitative_and_ranking_fidelity,magnitude_spearman,0.6041505188442152,>=,0.77,0.7,True,False,False,False,unresolved,True
oasis:mtt_viability,main4,relative:magnitude_spearman_min:tighter,single32,top5pct_quantitative_min,quantitative_fidelity,top5pct_recall,0.7272727272727273,>=,0.6,0.6,False,True,True,False,unresolved,True
oasis:mtt_viability,main4,relative:magnitude_spearman_min:tighter,single32,top5pct_ranking_min,ranking_fidelity,top5pct_recall,0.7272727272727273,>=,0.5,0.5,False,True,True,False,unresolved,True
oasis:mtt_viability,main4,relative:magnitude_spearman_min:tighter,single32,reliability_min,reference_identifiability,reliability,0.7162720741260995,>=,0.3,0.3,False,True,True,False,unresolved,True
oasis:mtt_viability,main4,relative:magnitude_spearman_min:tighter,single32,measurement_recoverability_max_exclusive,measurement_required_eligibility_not_good_performance,recoverability_r,0.826094403561396,<,0.6,0.6,False,False,False,False,unresolved,True
oasis:mtt_viability,main4,relative:magnitude_spearman_min:tighter,single32,variance_ratio_min,quantitative_fidelity,variance_ratio,0.89703992643403,>=,0.5,0.5,False,True,True,False,unresolved,True
oasis:mtt_viability,main4,relative:magnitude_spearman_min:tighter,single32,variance_ratio_max,quantitative_fidelity,variance_ratio,0.89703992643403,<=,1.5,1.5,False,True,True,False,unresolved,True
oasis:mtt_viability,main4,relative:top5pct_quantitative_min:looser,single32,recoverability_min,quantitative_fidelity,recoverability_r,0.826094403561396,>=,0.7,0.7,False,True,True,False,unresolved,True
oasis:mtt_viability,main4,relative:top5pct_quantitative_min:looser,single32,magnitude_spearman_min,quantitative_and_ranking_fidelity,magnitude_spearman,0.6041505188442152,>=,0.7,0.7,False,False,False,False,unresolved,True
oasis:mtt_viability,main4,relative:top5pct_quantitative_min:looser,single32,top5pct_quantitative_min,quantitative_fidelity,top5pct_recall,0.7272727272727273,>=,0.54,0.6,True,True,True,False,unresolved,True
oasis:mtt_viability,main4,relative:top5pct_quantitative_min:looser,single32,top5pct_ranking_min,ranking_fidelity,top5pct_recall,0.7272727272727273,>=,0.5,0.5,False,True,True,False,unresolved,True
oasis:mtt_viability,main4,relative:top5pct_quantitative_min:looser,single32,reliability_min,reference_identifiability,reliability,0.7162720741260995,>=,0.3,0.3,False,True,True,False,unresolved,True
oasis:mtt_viability,main4,relative:top5pct_quantitative_min:looser,single32,measurement_recoverability_max_exclusive,measurement_required_eligibility_not_good_performance,recoverability_r,0.826094403561396,<,0.6,0.6,False,False,False,False,unresolved,True
oasis:mtt_viability,main4,relative:top5pct_quantitative_min:looser,single32,variance_ratio_min,quantitative_fidelity,variance_ratio,0.89703992643403,>=,0.5,0.5,False,True,True,False,unresolved,True
oasis:mtt_viability,main4,relative:top5pct_quantitative_min:looser,single32,variance_ratio_max,quantitative_fidelity,variance_ratio,0.89703992643403,<=,1.5,1.5,False,True,True,False,unresolved,True
oasis:mtt_viability,main4,relative:top5pct_quantitative_min:tighter,single32,recoverability_min,quantitative_fidelity,recoverability_r,0.826094403561396,>=,0.7,0.7,False,True,True,False,unresolved,True
oasis:mtt_viability,main4,relative:top5pct_quantitative_min:tighter,single32,magnitude_spearman_min,quantitative_and_ranking_fidelity,magnitude_spearman,0.6041505188442152,>=,0.7,0.7,False,False,False,False,unresolved,True
oasis:mtt_viability,main4,relative:top5pct_quantitative_min:tighter,single32,top5pct_quantitative_min,quantitative_fidelity,top5pct_recall,0.7272727272727273,>=,0.66,0.6,True,True,True,False,unresolved,True
oasis:mtt_viability,main4,relative:top5pct_quantitative_min:tighter,single32,top5pct_ranking_min,ranking_fidelity,top5pct_recall,0.7272727272727273,>=,0.5,0.5,False,True,True,False,unresolved,True
oasis:mtt_viability,main4,relative:top5pct_quantitative_min:tighter,single32,reliability_min,reference_identifiability,reliability,0.7162720741260995,>=,0.3,0.3,False,True,True,False,unresolved,True
oasis:mtt_viability,main4,relative:top5pct_quantitative_min:tighter,single32,measurement_recoverability_max_exclusive,measurement_required_eligibility_not_good_performance,recoverability_r,0.826094403561396,<,0.6,0.6,False,False,False,False,unresolved,True
oasis:mtt_viability,main4,relative:top5pct_quantitative_min:tighter,single32,variance_ratio_min,quantitative_fidelity,variance_ratio,0.89703992643403,>=,0.5,0.5,False,True,True,False,unresolved,True
oasis:mtt_viability,main4,relative:top5pct_quantitative_min:tighter,single32,variance_ratio_max,quantitative_fidelity,variance_ratio,0.89703992643403,<=,1.5,1.5,False,True,True,False,unresolved,True
oasis:mtt_viability,main4,relative:top5pct_ranking_min:looser,single32,recoverability_min,quantitative_fidelity,recoverability_r,0.826094403561396,>=,0.7,0.7,False,True,True,False,unresolved,True
oasis:mtt_viability,main4,relative:top5pct_ranking_min:looser,single32,magnitude_spearman_min,quantitative_and_ranking_fidelity,magnitude_spearman,0.6041505188442152,>=,0.7,0.7,False,False,False,False,unresolved,True
oasis:mtt_viability,main4,relative:top5pct_ranking_min:looser,single32,top5pct_quantitative_min,quantitative_fidelity,top5pct_recall,0.7272727272727273,>=,0.6,0.6,False,True,True,False,unresolved,True
oasis:mtt_viability,main4,relative:top5pct_ranking_min:looser,single32,top5pct_ranking_min,ranking_fidelity,top5pct_recall,0.7272727272727273,>=,0.45,0.5,True,True,True,False,unresolved,True
oasis:mtt_viability,main4,relative:top5pct_ranking_min:looser,single32,reliability_min,reference_identifiability,reliability,0.7162720741260995,>=,0.3,0.3,False,True,True,False,unresolved,True
oasis:mtt_viability,main4,relative:top5pct_ranking_min:looser,single32,measurement_recoverability_max_exclusive,measurement_required_eligibility_not_good_performance,recoverability_r,0.826094403561396,<,0.6,0.6,False,False,False,False,unresolved,True
oasis:mtt_viability,main4,relative:top5pct_ranking_min:looser,single32,variance_ratio_min,quantitative_fidelity,variance_ratio,0.89703992643403,>=,0.5,0.5,False,True,True,False,unresolved,True
oasis:mtt_viability,main4,relative:top5pct_ranking_min:looser,single32,variance_ratio_max,quantitative_fidelity,variance_ratio,0.89703992643403,<=,1.5,1.5,False,True,True,False,unresolved,True
oasis:mtt_viability,main4,relative:top5pct_ranking_min:tighter,single32,recoverability_min,quantitative_fidelity,recoverability_r,0.826094403561396,>=,0.7,0.7,False,True,True,False,unresolved,True
oasis:mtt_viability,main4,relative:top5pct_ranking_min:tighter,single32,magnitude_spearman_min,quantitative_and_ranking_fidelity,magnitude_spearman,0.6041505188442152,>=,0.7,0.7,False,False,False,False,unresolved,True
oasis:mtt_viability,main4,relative:top5pct_ranking_min:tighter,single32,top5pct_quantitative_min,quantitative_fidelity,top5pct_recall,0.7272727272727273,>=,0.6,0.6,False,True,True,False,unresolved,True
oasis:mtt_viability,main4,relative:top5pct_ranking_min:tighter,single32,top5pct_ranking_min,ranking_fidelity,top5pct_recall,0.7272727272727273,>=,0.55,0.5,True,True,True,False,unresolved,True
oasis:mtt_viability,main4,relative:top5pct_ranking_min:tighter,single32,reliability_min,reference_identifiability,reliability,0.7162720741260995,>=,0.3,0.3,False,True,True,False,unresolved,True
oasis:mtt_viability,main4,relative:top5pct_ranking_min:tighter,single32,measurement_recoverability_max_exclusive,measurement_required_eligibility_not_good_performance,recoverability_r,0.826094403561396,<,0.6,0.6,False,False,False,False,unresolved,True
oasis:mtt_viability,main4,relative:top5pct_ranking_min:tighter,single32,variance_ratio_min,quantitative_fidelity,variance_ratio,0.89703992643403,>=,0.5,0.5,False,True,True,False,unresolved,True
oasis:mtt_viability,main4,relative:top5pct_ranking_min:tighter,single32,variance_ratio_max,quantitative_fidelity,variance_ratio,0.89703992643403,<=,1.5,1.5,False,True,True,False,unresolved,True
oasis:mtt_viability,main4,relative:reliability_min:looser,single32,recoverability_min,quantitative_fidelity,recoverability_r,0.826094403561396,>=,0.7,0.7,False,True,True,False,unresolved,True
oasis:mtt_viability,main4,relative:reliability_min:looser,single32,magnitude_spearman_min,quantitative_and_ranking_fidelity,magnitude_spearman,0.6041505188442152,>=,0.7,0.7,False,False,False,False,unresolved,True
oasis:mtt_viability,main4,relative:reliability_min:looser,single32,top5pct_quantitative_min,quantitative_fidelity,top5pct_recall,0.7272727272727273,>=,0.6,0.6,False,True,True,False,unresolved,True
oasis:mtt_viability,main4,relative:reliability_min:looser,single32,top5pct_ranking_min,ranking_fidelity,top5pct_recall,0.7272727272727273,>=,0.5,0.5,False,True,True,False,unresolved,True
oasis:mtt_viability,main4,relative:reliability_min:looser,single32,reliability_min,reference_identifiability,reliability,0.7162720741260995,>=,0.27,0.3,True,True,True,False,unresolved,True
oasis:mtt_viability,main4,relative:reliability_min:looser,single32,measurement_recoverability_max_exclusive,measurement_required_eligibility_not_good_performance,recoverability_r,0.826094403561396,<,0.6,0.6,False,False,False,False,unresolved,True
oasis:mtt_viability,main4,relative:reliability_min:looser,single32,variance_ratio_min,quantitative_fidelity,variance_ratio,0.89703992643403,>=,0.5,0.5,False,True,True,False,unresolved,True
oasis:mtt_viability,main4,relative:reliability_min:looser,single32,variance_ratio_max,quantitative_fidelity,variance_ratio,0.89703992643403,<=,1.5,1.5,False,True,True,False,unresolved,True
oasis:mtt_viability,main4,relative:reliability_min:tighter,single32,recoverability_min,quantitative_fidelity,recoverability_r,0.826094403561396,>=,0.7,0.7,False,True,True,False,unresolved,True
oasis:mtt_viability,main4,relative:reliability_min:tighter,single32,magnitude_spearman_min,quantitative_and_ranking_fidelity,magnitude_spearman,0.6041505188442152,>=,0.7,0.7,False,False,False,False,unresolved,True
oasis:mtt_viability,main4,relative:reliability_min:tighter,single32,top5pct_quantitative_min,quantitative_fidelity,top5pct_recall,0.7272727272727273,>=,0.6,0.6,False,True,True,False,unresolved,True
oasis:mtt_viability,main4,relative:reliability_min:tighter,single32,top5pct_ranking_min,ranking_fidelity,top5pct_recall,0.7272727272727273,>=,0.5,0.5,False,True,True,False,unresolved,True
oasis:mtt_viability,main4,relative:reliability_min:tighter,single32,reliability_min,reference_identifiability,reliability,0.7162720741260995,>=,0.33,0.3,True,True,True,False,unresolved,True
oasis:mtt_viability,main4,relative:reliability_min:tighter,single32,measurement_recoverability_max_exclusive,measurement_required_eligibility_not_good_performance,recoverability_r,0.826094403561396,<,0.6,0.6,False,False,False,False,unresolved,True
oasis:mtt_viability,main4,relative:reliability_min:tighter,single32,variance_ratio_min,quantitative_fidelity,variance_ratio,0.89703992643403,>=,0.5,0.5,False,True,True,False,unresolved,True
oasis:mtt_viability,main4,relative:reliability_min:tighter,single32,variance_ratio_max,quantitative_fidelity,variance_ratio,0.89703992643403,<=,1.5,1.5,False,True,True,False,unresolved,True
oasis:mtt_viability,main4,relative:measurement_recoverability_max_exclusive:looser,single32,recoverability_min,quantitative_fidelity,recoverability_r,0.826094403561396,>=,0.7,0.7,False,True,True,False,unresolved,True
oasis:mtt_viability,main4,relative:measurement_recoverability_max_exclusive:looser,single32,magnitude_spearman_min,quantitative_and_ranking_fidelity,magnitude_spearman,0.6041505188442152,>=,0.7,0.7,False,False,False,False,unresolved,True
oasis:mtt_viability,main4,relative:measurement_recoverability_max_exclusive:looser,single32,top5pct_quantitative_min,quantitative_fidelity,top5pct_recall,0.7272727272727273,>=,0.6,0.6,False,True,True,False,unresolved,True
oasis:mtt_viability,main4,relative:measurement_recoverability_max_exclusive:looser,single32,top5pct_ranking_min,ranking_fidelity,top5pct_recall,0.7272727272727273,>=,0.5,0.5,False,True,True,False,unresolved,True
oasis:mtt_viability,main4,relative:measurement_recoverability_max_exclusive:looser,single32,reliability_min,reference_identifiability,reliability,0.7162720741260995,>=,0.3,0.3,False,True,True,False,unresolved,True
oasis:mtt_viability,main4,relative:measurement_recoverability_max_exclusive:looser,single32,measurement_recoverability_max_exclusive,measurement_required_eligibility_not_good_performance,recoverability_r,0.826094403561396,<,0.54,0.6,True,False,False,False,unresolved,True
oasis:mtt_viability,main4,relative:measurement_recoverability_max_exclusive:looser,single32,variance_ratio_min,quantitative_fidelity,variance_ratio,0.89703992643403,>=,0.5,0.5,False,True,True,False,unresolved,True
oasis:mtt_viability,main4,relative:measurement_recoverability_max_exclusive:looser,single32,variance_ratio_max,quantitative_fidelity,variance_ratio,0.89703992643403,<=,1.5,1.5,False,True,True,False,unresolved,True
oasis:mtt_viability,main4,relative:measurement_recoverability_max_exclusive:tighter,single32,recoverability_min,quantitative_fidelity,recoverability_r,0.826094403561396,>=,0.7,0.7,False,True,True,False,unresolved,True
oasis:mtt_viability,main4,relative:measurement_recoverability_max_exclusive:tighter,single32,magnitude_spearman_min,quantitative_and_ranking_fidelity,magnitude_spearman,0.6041505188442152,>=,0.7,0.7,False,False,False,False,unresolved,True
oasis:mtt_viability,main4,relative:measurement_recoverability_max_exclusive:tighter,single32,top5pct_quantitative_min,quantitative_fidelity,top5pct_recall,0.7272727272727273,>=,0.6,0.6,False,True,True,False,unresolved,True
oasis:mtt_viability,main4,relative:measurement_recoverability_max_exclusive:tighter,single32,top5pct_ranking_min,ranking_fidelity,top5pct_recall,0.7272727272727273,>=,0.5,0.5,False,True,True,False,unresolved,True
oasis:mtt_viability,main4,relative:measurement_recoverability_max_exclusive:tighter,single32,reliability_min,reference_identifiability,reliability,0.7162720741260995,>=,0.3,0.3,False,True,True,False,unresolved,True
oasis:mtt_viability,main4,relative:measurement_recoverability_max_exclusive:tighter,single32,measurement_recoverability_max_exclusive,measurement_required_eligibility_not_good_performance,recoverability_r,0.826094403561396,<,0.66,0.6,True,False,False,False,unresolved,True
oasis:mtt_viability,main4,relative:measurement_recoverability_max_exclusive:tighter,single32,variance_ratio_min,quantitative_fidelity,variance_ratio,0.89703992643403,>=,0.5,0.5,False,True,True,False,unresolved,True
oasis:mtt_viability,main4,relative:measurement_recoverability_max_exclusive:tighter,single32,variance_ratio_max,quantitative_fidelity,variance_ratio,0.89703992643403,<=,1.5,1.5,False,True,True,False,unresolved,True
oasis:mtt_viability,main4,relative:variance_ratio_min:looser,single32,recoverability_min,quantitative_fidelity,recoverability_r,0.826094403561396,>=,0.7,0.7,False,True,True,False,unresolved,True
oasis:mtt_viability,main4,relative:variance_ratio_min:looser,single32,magnitude_spearman_min,quantitative_and_ranking_fidelity,magnitude_spearman,0.6041505188442152,>=,0.7,0.7,False,False,False,False,unresolved,True
oasis:mtt_viability,main4,relative:variance_ratio_min:looser,single32,top5pct_quantitative_min,quantitative_fidelity,top5pct_recall,0.7272727272727273,>=,0.6,0.6,False,True,True,False,unresolved,True
oasis:mtt_viability,main4,relative:variance_ratio_min:looser,single32,top5pct_ranking_min,ranking_fidelity,top5pct_recall,0.7272727272727273,>=,0.5,0.5,False,True,True,False,unresolved,True
oasis:mtt_viability,main4,relative:variance_ratio_min:looser,single32,reliability_min,reference_identifiability,reliability,0.7162720741260995,>=,0.3,0.3,False,True,True,False,unresolved,True
oasis:mtt_viability,main4,relative:variance_ratio_min:looser,single32,measurement_recoverability_max_exclusive,measurement_required_eligibility_not_good_performance,recoverability_r,0.826094403561396,<,0.6,0.6,False,False,False,False,unresolved,True
oasis:mtt_viability,main4,relative:variance_ratio_min:looser,single32,variance_ratio_min,quantitative_fidelity,variance_ratio,0.89703992643403,>=,0.45,0.5,True,True,True,False,unresolved,True
oasis:mtt_viability,main4,relative:variance_ratio_min:looser,single32,variance_ratio_max,quantitative_fidelity,variance_ratio,0.89703992643403,<=,1.5,1.5,False,True,True,False,unresolved,True
oasis:mtt_viability,main4,relative:variance_ratio_min:tighter,single32,recoverability_min,quantitative_fidelity,recoverability_r,0.826094403561396,>=,0.7,0.7,False,True,True,False,unresolved,True
oasis:mtt_viability,main4,relative:variance_ratio_min:tighter,single32,magnitude_spearman_min,quantitative_and_ranking_fidelity,magnitude_spearman,0.6041505188442152,>=,0.7,0.7,False,False,False,False,unresolved,True
oasis:mtt_viability,main4,relative:variance_ratio_min:tighter,single32,top5pct_quantitative_min,quantitative_fidelity,top5pct_recall,0.7272727272727273,>=,0.6,0.6,False,True,True,False,unresolved,True
oasis:mtt_viability,main4,relative:variance_ratio_min:tighter,single32,top5pct_ranking_min,ranking_fidelity,top5pct_recall,0.7272727272727273,>=,0.5,0.5,False,True,True,False,unresolved,True
oasis:mtt_viability,main4,relative:variance_ratio_min:tighter,single32,reliability_min,reference_identifiability,reliability,0.7162720741260995,>=,0.3,0.3,False,True,True,False,unresolved,True
oasis:mtt_viability,main4,relative:variance_ratio_min:tighter,single32,measurement_recoverability_max_exclusive,measurement_required_eligibility_not_good_performance,recoverability_r,0.826094403561396,<,0.6,0.6,False,False,False,False,unresolved,True
oasis:mtt_viability,main4,relative:variance_ratio_min:tighter,single32,variance_ratio_min,quantitative_fidelity,variance_ratio,0.89703992643403,>=,0.55,0.5,True,True,True,False,unresolved,True
oasis:mtt_viability,main4,relative:variance_ratio_min:tighter,single32,variance_ratio_max,quantitative_fidelity,variance_ratio,0.89703992643403,<=,1.5,1.5,False,True,True,False,unresolved,True
oasis:mtt_viability,main4,relative:variance_ratio_max:looser,single32,recoverability_min,quantitative_fidelity,recoverability_r,0.826094403561396,>=,0.7,0.7,False,True,True,False,unresolved,True
oasis:mtt_viability,main4,relative:variance_ratio_max:looser,single32,magnitude_spearman_min,quantitative_and_ranking_fidelity,magnitude_spearman,0.6041505188442152,>=,0.7,0.7,False,False,False,False,unresolved,True
oasis:mtt_viability,main4,relative:variance_ratio_max:looser,single32,top5pct_quantitative_min,quantitative_fidelity,top5pct_recall,0.7272727272727273,>=,0.6,0.6,False,True,True,False,unresolved,True
oasis:mtt_viability,main4,relative:variance_ratio_max:looser,single32,top5pct_ranking_min,ranking_fidelity,top5pct_recall,0.7272727272727273,>=,0.5,0.5,False,True,True,False,unresolved,True
oasis:mtt_viability,main4,relative:variance_ratio_max:looser,single32,reliability_min,reference_identifiability,reliability,0.7162720741260995,>=,0.3,0.3,False,True,True,False,unresolved,True
oasis:mtt_viability,main4,relative:variance_ratio_max:looser,single32,measurement_recoverability_max_exclusive,measurement_required_eligibility_not_good_performance,recoverability_r,0.826094403561396,<,0.6,0.6,False,False,False,False,unresolved,True
oasis:mtt_viability,main4,relative:variance_ratio_max:looser,single32,variance_ratio_min,quantitative_fidelity,variance_ratio,0.89703992643403,>=,0.5,0.5,False,True,True,False,unresolved,True
oasis:mtt_viability,main4,relative:variance_ratio_max:looser,single32,variance_ratio_max,quantitative_fidelity,variance_ratio,0.89703992643403,<=,1.65,1.5,True,True,True,False,unresolved,True
oasis:mtt_viability,main4,relative:variance_ratio_max:tighter,single32,recoverability_min,quantitative_fidelity,recoverability_r,0.826094403561396,>=,0.7,0.7,False,True,True,False,unresolved,True
oasis:mtt_viability,main4,relative:variance_ratio_max:tighter,single32,magnitude_spearman_min,quantitative_and_ranking_fidelity,magnitude_spearman,0.6041505188442152,>=,0.7,0.7,False,False,False,False,unresolved,True
oasis:mtt_viability,main4,relative:variance_ratio_max:tighter,single32,top5pct_quantitative_min,quantitative_fidelity,top5pct_recall,0.7272727272727273,>=,0.6,0.6,False,True,True,False,unresolved,True
oasis:mtt_viability,main4,relative:variance_ratio_max:tighter,single32,top5pct_ranking_min,ranking_fidelity,top5pct_recall,0.7272727272727273,>=,0.5,0.5,False,True,True,False,unresolved,True
oasis:mtt_viability,main4,relative:variance_ratio_max:tighter,single32,reliability_min,reference_identifiability,reliability,0.7162720741260995,>=,0.3,0.3,False,True,True,False,unresolved,True
oasis:mtt_viability,main4,relative:variance_ratio_max:tighter,single32,measurement_recoverability_max_exclusive,measurement_required_eligibility_not_good_performance,recoverability_r,0.826094403561396,<,0.6,0.6,False,False,False,False,unresolved,True
oasis:mtt_viability,main4,relative:variance_ratio_max:tighter,single32,variance_ratio_min,quantitative_fidelity,variance_ratio,0.89703992643403,>=,0.5,0.5,False,True,True,False,unresolved,True
oasis:mtt_viability,main4,relative:variance_ratio_max:tighter,single32,variance_ratio_max,quantitative_fidelity,variance_ratio,0.89703992643403,<=,1.35,1.5,True,True,True,False,unresolved,True
oasis:ldh_release,main4,baseline,baseline,recoverability_min,quantitative_fidelity,recoverability_r,0.6703210612939918,>=,0.7,0.7,False,False,False,False,unresolved,True
oasis:ldh_release,main4,baseline,baseline,magnitude_spearman_min,quantitative_and_ranking_fidelity,magnitude_spearman,0.6325800814554884,>=,0.7,0.7,False,False,False,False,unresolved,True
oasis:ldh_release,main4,baseline,baseline,top5pct_quantitative_min,quantitative_fidelity,top5pct_recall,0.7272727272727273,>=,0.6,0.6,False,True,True,False,unresolved,True
oasis:ldh_release,main4,baseline,baseline,top5pct_ranking_min,ranking_fidelity,top5pct_recall,0.7272727272727273,>=,0.5,0.5,False,True,True,False,unresolved,True
oasis:ldh_release,main4,baseline,baseline,reliability_min,reference_identifiability,reliability,0.6383702228050183,>=,0.3,0.3,False,True,True,False,unresolved,True
oasis:ldh_release,main4,baseline,baseline,measurement_recoverability_max_exclusive,measurement_required_eligibility_not_good_performance,recoverability_r,0.6703210612939918,<,0.6,0.6,False,False,False,False,unresolved,True
oasis:ldh_release,main4,baseline,baseline,variance_ratio_min,quantitative_fidelity,variance_ratio,0.7360849367366954,>=,0.5,0.5,False,True,True,False,unresolved,True
oasis:ldh_release,main4,baseline,baseline,variance_ratio_max,quantitative_fidelity,variance_ratio,0.7360849367366954,<=,1.5,1.5,False,True,True,False,unresolved,True
oasis:ldh_release,main4,absolute:all gates:looser,joint4,recoverability_min,quantitative_fidelity,recoverability_r,0.6703210612939918,>=,0.65,0.7,True,True,False,True,unresolved,True
oasis:ldh_release,main4,absolute:all gates:looser,joint4,magnitude_spearman_min,quantitative_and_ranking_fidelity,magnitude_spearman,0.6325800814554884,>=,0.65,0.7,True,False,False,False,unresolved,True
oasis:ldh_release,main4,absolute:all gates:looser,joint4,top5pct_quantitative_min,quantitative_fidelity,top5pct_recall,0.7272727272727273,>=,0.55,0.6,True,True,True,False,unresolved,True
oasis:ldh_release,main4,absolute:all gates:looser,joint4,top5pct_ranking_min,ranking_fidelity,top5pct_recall,0.7272727272727273,>=,0.45,0.5,True,True,True,False,unresolved,True
oasis:ldh_release,main4,absolute:all gates:looser,joint4,reliability_min,reference_identifiability,reliability,0.6383702228050183,>=,0.25,0.3,True,True,True,False,unresolved,True
oasis:ldh_release,main4,absolute:all gates:looser,joint4,measurement_recoverability_max_exclusive,measurement_required_eligibility_not_good_performance,recoverability_r,0.6703210612939918,<,0.55,0.6,True,False,False,False,unresolved,True
oasis:ldh_release,main4,absolute:all gates:looser,joint4,variance_ratio_min,quantitative_fidelity,variance_ratio,0.7360849367366954,>=,0.45,0.5,True,True,True,False,unresolved,True
oasis:ldh_release,main4,absolute:all gates:looser,joint4,variance_ratio_max,quantitative_fidelity,variance_ratio,0.7360849367366954,<=,1.55,1.5,True,True,True,False,unresolved,True
oasis:ldh_release,main4,absolute:all gates:tighter,joint4,recoverability_min,quantitative_fidelity,recoverability_r,0.6703210612939918,>=,0.75,0.7,True,False,False,False,unresolved,True
oasis:ldh_release,main4,absolute:all gates:tighter,joint4,magnitude_spearman_min,quantitative_and_ranking_fidelity,magnitude_spearman,0.6325800814554884,>=,0.75,0.7,True,False,False,False,unresolved,True
oasis:ldh_release,main4,absolute:all gates:tighter,joint4,top5pct_quantitative_min,quantitative_fidelity,top5pct_recall,0.7272727272727273,>=,0.65,0.6,True,True,True,False,unresolved,True
oasis:ldh_release,main4,absolute:all gates:tighter,joint4,top5pct_ranking_min,ranking_fidelity,top5pct_recall,0.7272727272727273,>=,0.55,0.5,True,True,True,False,unresolved,True
oasis:ldh_release,main4,absolute:all gates:tighter,joint4,reliability_min,reference_identifiability,reliability,0.6383702228050183,>=,0.35,0.3,True,True,True,False,unresolved,True
oasis:ldh_release,main4,absolute:all gates:tighter,joint4,measurement_recoverability_max_exclusive,measurement_required_eligibility_not_good_performance,recoverability_r,0.6703210612939918,<,0.65,0.6,True,False,False,False,unresolved,True
oasis:ldh_release,main4,absolute:all gates:tighter,joint4,variance_ratio_min,quantitative_fidelity,variance_ratio,0.7360849367366954,>=,0.55,0.5,True,True,True,False,unresolved,True
oasis:ldh_release,main4,absolute:all gates:tighter,joint4,variance_ratio_max,quantitative_fidelity,variance_ratio,0.7360849367366954,<=,1.45,1.5,True,True,True,False,unresolved,True
oasis:ldh_release,main4,absolute:recoverability_min:looser,single32,recoverability_min,quantitative_fidelity,recoverability_r,0.6703210612939918,>=,0.65,0.7,True,True,False,True,unresolved,True
oasis:ldh_release,main4,absolute:recoverability_min:looser,single32,magnitude_spearman_min,quantitative_and_ranking_fidelity,magnitude_spearman,0.6325800814554884,>=,0.7,0.7,False,False,False,False,unresolved,True
oasis:ldh_release,main4,absolute:recoverability_min:looser,single32,top5pct_quantitative_min,quantitative_fidelity,top5pct_recall,0.7272727272727273,>=,0.6,0.6,False,True,True,False,unresolved,True
oasis:ldh_release,main4,absolute:recoverability_min:looser,single32,top5pct_ranking_min,ranking_fidelity,top5pct_recall,0.7272727272727273,>=,0.5,0.5,False,True,True,False,unresolved,True
oasis:ldh_release,main4,absolute:recoverability_min:looser,single32,reliability_min,reference_identifiability,reliability,0.6383702228050183,>=,0.3,0.3,False,True,True,False,unresolved,True
oasis:ldh_release,main4,absolute:recoverability_min:looser,single32,measurement_recoverability_max_exclusive,measurement_required_eligibility_not_good_performance,recoverability_r,0.6703210612939918,<,0.6,0.6,False,False,False,False,unresolved,True
oasis:ldh_release,main4,absolute:recoverability_min:looser,single32,variance_ratio_min,quantitative_fidelity,variance_ratio,0.7360849367366954,>=,0.5,0.5,False,True,True,False,unresolved,True
oasis:ldh_release,main4,absolute:recoverability_min:looser,single32,variance_ratio_max,quantitative_fidelity,variance_ratio,0.7360849367366954,<=,1.5,1.5,False,True,True,False,unresolved,True
oasis:ldh_release,main4,absolute:recoverability_min:tighter,single32,recoverability_min,quantitative_fidelity,recoverability_r,0.6703210612939918,>=,0.75,0.7,True,False,False,False,unresolved,True
oasis:ldh_release,main4,absolute:recoverability_min:tighter,single32,magnitude_spearman_min,quantitative_and_ranking_fidelity,magnitude_spearman,0.6325800814554884,>=,0.7,0.7,False,False,False,False,unresolved,True
oasis:ldh_release,main4,absolute:recoverability_min:tighter,single32,top5pct_quantitative_min,quantitative_fidelity,top5pct_recall,0.7272727272727273,>=,0.6,0.6,False,True,True,False,unresolved,True
oasis:ldh_release,main4,absolute:recoverability_min:tighter,single32,top5pct_ranking_min,ranking_fidelity,top5pct_recall,0.7272727272727273,>=,0.5,0.5,False,True,True,False,unresolved,True
oasis:ldh_release,main4,absolute:recoverability_min:tighter,single32,reliability_min,reference_identifiability,reliability,0.6383702228050183,>=,0.3,0.3,False,True,True,False,unresolved,True
oasis:ldh_release,main4,absolute:recoverability_min:tighter,single32,measurement_recoverability_max_exclusive,measurement_required_eligibility_not_good_performance,recoverability_r,0.6703210612939918,<,0.6,0.6,False,False,False,False,unresolved,True
oasis:ldh_release,main4,absolute:recoverability_min:tighter,single32,variance_ratio_min,quantitative_fidelity,variance_ratio,0.7360849367366954,>=,0.5,0.5,False,True,True,False,unresolved,True
oasis:ldh_release,main4,absolute:recoverability_min:tighter,single32,variance_ratio_max,quantitative_fidelity,variance_ratio,0.7360849367366954,<=,1.5,1.5,False,True,True,False,unresolved,True
oasis:ldh_release,main4,absolute:magnitude_spearman_min:looser,single32,recoverability_min,quantitative_fidelity,recoverability_r,0.6703210612939918,>=,0.7,0.7,False,False,False,False,unresolved,True
oasis:ldh_release,main4,absolute:magnitude_spearman_min:looser,single32,magnitude_spearman_min,quantitative_and_ranking_fidelity,magnitude_spearman,0.6325800814554884,>=,0.65,0.7,True,False,False,False,unresolved,True
oasis:ldh_release,main4,absolute:magnitude_spearman_min:looser,single32,top5pct_quantitative_min,quantitative_fidelity,top5pct_recall,0.7272727272727273,>=,0.6,0.6,False,True,True,False,unresolved,True
oasis:ldh_release,main4,absolute:magnitude_spearman_min:looser,single32,top5pct_ranking_min,ranking_fidelity,top5pct_recall,0.7272727272727273,>=,0.5,0.5,False,True,True,False,unresolved,True
oasis:ldh_release,main4,absolute:magnitude_spearman_min:looser,single32,reliability_min,reference_identifiability,reliability,0.6383702228050183,>=,0.3,0.3,False,True,True,False,unresolved,True
oasis:ldh_release,main4,absolute:magnitude_spearman_min:looser,single32,measurement_recoverability_max_exclusive,measurement_required_eligibility_not_good_performance,recoverability_r,0.6703210612939918,<,0.6,0.6,False,False,False,False,unresolved,True
oasis:ldh_release,main4,absolute:magnitude_spearman_min:looser,single32,variance_ratio_min,quantitative_fidelity,variance_ratio,0.7360849367366954,>=,0.5,0.5,False,True,True,False,unresolved,True
oasis:ldh_release,main4,absolute:magnitude_spearman_min:looser,single32,variance_ratio_max,quantitative_fidelity,variance_ratio,0.7360849367366954,<=,1.5,1.5,False,True,True,False,unresolved,True
oasis:ldh_release,main4,absolute:magnitude_spearman_min:tighter,single32,recoverability_min,quantitative_fidelity,recoverability_r,0.6703210612939918,>=,0.7,0.7,False,False,False,False,unresolved,True
oasis:ldh_release,main4,absolute:magnitude_spearman_min:tighter,single32,magnitude_spearman_min,quantitative_and_ranking_fidelity,magnitude_spearman,0.6325800814554884,>=,0.75,0.7,True,False,False,False,unresolved,True
oasis:ldh_release,main4,absolute:magnitude_spearman_min:tighter,single32,top5pct_quantitative_min,quantitative_fidelity,top5pct_recall,0.7272727272727273,>=,0.6,0.6,False,True,True,False,unresolved,True
oasis:ldh_release,main4,absolute:magnitude_spearman_min:tighter,single32,top5pct_ranking_min,ranking_fidelity,top5pct_recall,0.7272727272727273,>=,0.5,0.5,False,True,True,False,unresolved,True
oasis:ldh_release,main4,absolute:magnitude_spearman_min:tighter,single32,reliability_min,reference_identifiability,reliability,0.6383702228050183,>=,0.3,0.3,False,True,True,False,unresolved,True
oasis:ldh_release,main4,absolute:magnitude_spearman_min:tighter,single32,measurement_recoverability_max_exclusive,measurement_required_eligibility_not_good_performance,recoverability_r,0.6703210612939918,<,0.6,0.6,False,False,False,False,unresolved,True
oasis:ldh_release,main4,absolute:magnitude_spearman_min:tighter,single32,variance_ratio_min,quantitative_fidelity,variance_ratio,0.7360849367366954,>=,0.5,0.5,False,True,True,False,unresolved,True
oasis:ldh_release,main4,absolute:magnitude_spearman_min:tighter,single32,variance_ratio_max,quantitative_fidelity,variance_ratio,0.7360849367366954,<=,1.5,1.5,False,True,True,False,unresolved,True
oasis:ldh_release,main4,absolute:top5pct_quantitative_min:looser,single32,recoverability_min,quantitative_fidelity,recoverability_r,0.6703210612939918,>=,0.7,0.7,False,False,False,False,unresolved,True
oasis:ldh_release,main4,absolute:top5pct_quantitative_min:looser,single32,magnitude_spearman_min,quantitative_and_ranking_fidelity,magnitude_spearman,0.6325800814554884,>=,0.7,0.7,False,False,False,False,unresolved,True
oasis:ldh_release,main4,absolute:top5pct_quantitative_min:looser,single32,top5pct_quantitative_min,quantitative_fidelity,top5pct_recall,0.7272727272727273,>=,0.55,0.6,True,True,True,False,unresolved,True
oasis:ldh_release,main4,absolute:top5pct_quantitative_min:looser,single32,top5pct_ranking_min,ranking_fidelity,top5pct_recall,0.7272727272727273,>=,0.5,0.5,False,True,True,False,unresolved,True
oasis:ldh_release,main4,absolute:top5pct_quantitative_min:looser,single32,reliability_min,reference_identifiability,reliability,0.6383702228050183,>=,0.3,0.3,False,True,True,False,unresolved,True
oasis:ldh_release,main4,absolute:top5pct_quantitative_min:looser,single32,measurement_recoverability_max_exclusive,measurement_required_eligibility_not_good_performance,recoverability_r,0.6703210612939918,<,0.6,0.6,False,False,False,False,unresolved,True
oasis:ldh_release,main4,absolute:top5pct_quantitative_min:looser,single32,variance_ratio_min,quantitative_fidelity,variance_ratio,0.7360849367366954,>=,0.5,0.5,False,True,True,False,unresolved,True
oasis:ldh_release,main4,absolute:top5pct_quantitative_min:looser,single32,variance_ratio_max,quantitative_fidelity,variance_ratio,0.7360849367366954,<=,1.5,1.5,False,True,True,False,unresolved,True
oasis:ldh_release,main4,absolute:top5pct_quantitative_min:tighter,single32,recoverability_min,quantitative_fidelity,recoverability_r,0.6703210612939918,>=,0.7,0.7,False,False,False,False,unresolved,True
oasis:ldh_release,main4,absolute:top5pct_quantitative_min:tighter,single32,magnitude_spearman_min,quantitative_and_ranking_fidelity,magnitude_spearman,0.6325800814554884,>=,0.7,0.7,False,False,False,False,unresolved,True
oasis:ldh_release,main4,absolute:top5pct_quantitative_min:tighter,single32,top5pct_quantitative_min,quantitative_fidelity,top5pct_recall,0.7272727272727273,>=,0.65,0.6,True,True,True,False,unresolved,True
oasis:ldh_release,main4,absolute:top5pct_quantitative_min:tighter,single32,top5pct_ranking_min,ranking_fidelity,top5pct_recall,0.7272727272727273,>=,0.5,0.5,False,True,True,False,unresolved,True
oasis:ldh_release,main4,absolute:top5pct_quantitative_min:tighter,single32,reliability_min,reference_identifiability,reliability,0.6383702228050183,>=,0.3,0.3,False,True,True,False,unresolved,True
oasis:ldh_release,main4,absolute:top5pct_quantitative_min:tighter,single32,measurement_recoverability_max_exclusive,measurement_required_eligibility_not_good_performance,recoverability_r,0.6703210612939918,<,0.6,0.6,False,False,False,False,unresolved,True
oasis:ldh_release,main4,absolute:top5pct_quantitative_min:tighter,single32,variance_ratio_min,quantitative_fidelity,variance_ratio,0.7360849367366954,>=,0.5,0.5,False,True,True,False,unresolved,True
oasis:ldh_release,main4,absolute:top5pct_quantitative_min:tighter,single32,variance_ratio_max,quantitative_fidelity,variance_ratio,0.7360849367366954,<=,1.5,1.5,False,True,True,False,unresolved,True
oasis:ldh_release,main4,absolute:top5pct_ranking_min:looser,single32,recoverability_min,quantitative_fidelity,recoverability_r,0.6703210612939918,>=,0.7,0.7,False,False,False,False,unresolved,True
oasis:ldh_release,main4,absolute:top5pct_ranking_min:looser,single32,magnitude_spearman_min,quantitative_and_ranking_fidelity,magnitude_spearman,0.6325800814554884,>=,0.7,0.7,False,False,False,False,unresolved,True
oasis:ldh_release,main4,absolute:top5pct_ranking_min:looser,single32,top5pct_quantitative_min,quantitative_fidelity,top5pct_recall,0.7272727272727273,>=,0.6,0.6,False,True,True,False,unresolved,True
oasis:ldh_release,main4,absolute:top5pct_ranking_min:looser,single32,top5pct_ranking_min,ranking_fidelity,top5pct_recall,0.7272727272727273,>=,0.45,0.5,True,True,True,False,unresolved,True
oasis:ldh_release,main4,absolute:top5pct_ranking_min:looser,single32,reliability_min,reference_identifiability,reliability,0.6383702228050183,>=,0.3,0.3,False,True,True,False,unresolved,True
oasis:ldh_release,main4,absolute:top5pct_ranking_min:looser,single32,measurement_recoverability_max_exclusive,measurement_required_eligibility_not_good_performance,recoverability_r,0.6703210612939918,<,0.6,0.6,False,False,False,False,unresolved,True
oasis:ldh_release,main4,absolute:top5pct_ranking_min:looser,single32,variance_ratio_min,quantitative_fidelity,variance_ratio,0.7360849367366954,>=,0.5,0.5,False,True,True,False,unresolved,True
oasis:ldh_release,main4,absolute:top5pct_ranking_min:looser,single32,variance_ratio_max,quantitative_fidelity,variance_ratio,0.7360849367366954,<=,1.5,1.5,False,True,True,False,unresolved,True
oasis:ldh_release,main4,absolute:top5pct_ranking_min:tighter,single32,recoverability_min,quantitative_fidelity,recoverability_r,0.6703210612939918,>=,0.7,0.7,False,False,False,False,unresolved,True
oasis:ldh_release,main4,absolute:top5pct_ranking_min:tighter,single32,magnitude_spearman_min,quantitative_and_ranking_fidelity,magnitude_spearman,0.6325800814554884,>=,0.7,0.7,False,False,False,False,unresolved,True
oasis:ldh_release,main4,absolute:top5pct_ranking_min:tighter,single32,top5pct_quantitative_min,quantitative_fidelity,top5pct_recall,0.7272727272727273,>=,0.6,0.6,False,True,True,False,unresolved,True
oasis:ldh_release,main4,absolute:top5pct_ranking_min:tighter,single32,top5pct_ranking_min,ranking_fidelity,top5pct_recall,0.7272727272727273,>=,0.55,0.5,True,True,True,False,unresolved,True
oasis:ldh_release,main4,absolute:top5pct_ranking_min:tighter,single32,reliability_min,reference_identifiability,reliability,0.6383702228050183,>=,0.3,0.3,False,True,True,False,unresolved,True
oasis:ldh_release,main4,absolute:top5pct_ranking_min:tighter,single32,measurement_recoverability_max_exclusive,measurement_required_eligibility_not_good_performance,recoverability_r,0.6703210612939918,<,0.6,0.6,False,False,False,False,unresolved,True
oasis:ldh_release,main4,absolute:top5pct_ranking_min:tighter,single32,variance_ratio_min,quantitative_fidelity,variance_ratio,0.7360849367366954,>=,0.5,0.5,False,True,True,False,unresolved,True
oasis:ldh_release,main4,absolute:top5pct_ranking_min:tighter,single32,variance_ratio_max,quantitative_fidelity,variance_ratio,0.7360849367366954,<=,1.5,1.5,False,True,True,False,unresolved,True
oasis:ldh_release,main4,absolute:reliability_min:looser,single32,recoverability_min,quantitative_fidelity,recoverability_r,0.6703210612939918,>=,0.7,0.7,False,False,False,False,unresolved,True
oasis:ldh_release,main4,absolute:reliability_min:looser,single32,magnitude_spearman_min,quantitative_and_ranking_fidelity,magnitude_spearman,0.6325800814554884,>=,0.7,0.7,False,False,False,False,unresolved,True
oasis:ldh_release,main4,absolute:reliability_min:looser,single32,top5pct_quantitative_min,quantitative_fidelity,top5pct_recall,0.7272727272727273,>=,0.6,0.6,False,True,True,False,unresolved,True
oasis:ldh_release,main4,absolute:reliability_min:looser,single32,top5pct_ranking_min,ranking_fidelity,top5pct_recall,0.7272727272727273,>=,0.5,0.5,False,True,True,False,unresolved,True
oasis:ldh_release,main4,absolute:reliability_min:looser,single32,reliability_min,reference_identifiability,reliability,0.6383702228050183,>=,0.25,0.3,True,True,True,False,unresolved,True
oasis:ldh_release,main4,absolute:reliability_min:looser,single32,measurement_recoverability_max_exclusive,measurement_required_eligibility_not_good_performance,recoverability_r,0.6703210612939918,<,0.6,0.6,False,False,False,False,unresolved,True
oasis:ldh_release,main4,absolute:reliability_min:looser,single32,variance_ratio_min,quantitative_fidelity,variance_ratio,0.7360849367366954,>=,0.5,0.5,False,True,True,False,unresolved,True
oasis:ldh_release,main4,absolute:reliability_min:looser,single32,variance_ratio_max,quantitative_fidelity,variance_ratio,0.7360849367366954,<=,1.5,1.5,False,True,True,False,unresolved,True
oasis:ldh_release,main4,absolute:reliability_min:tighter,single32,recoverability_min,quantitative_fidelity,recoverability_r,0.6703210612939918,>=,0.7,0.7,False,False,False,False,unresolved,True
oasis:ldh_release,main4,absolute:reliability_min:tighter,single32,magnitude_spearman_min,quantitative_and_ranking_fidelity,magnitude_spearman,0.6325800814554884,>=,0.7,0.7,False,False,False,False,unresolved,True
oasis:ldh_release,main4,absolute:reliability_min:tighter,single32,top5pct_quantitative_min,quantitative_fidelity,top5pct_recall,0.7272727272727273,>=,0.6,0.6,False,True,True,False,unresolved,True
oasis:ldh_release,main4,absolute:reliability_min:tighter,single32,top5pct_ranking_min,ranking_fidelity,top5pct_recall,0.7272727272727273,>=,0.5,0.5,False,True,True,False,unresolved,True
oasis:ldh_release,main4,absolute:reliability_min:tighter,single32,reliability_min,reference_identifiability,reliability,0.6383702228050183,>=,0.35,0.3,True,True,True,False,unresolved,True
oasis:ldh_release,main4,absolute:reliability_min:tighter,single32,measurement_recoverability_max_exclusive,measurement_required_eligibility_not_good_performance,recoverability_r,0.6703210612939918,<,0.6,0.6,False,False,False,False,unresolved,True
oasis:ldh_release,main4,absolute:reliability_min:tighter,single32,variance_ratio_min,quantitative_fidelity,variance_ratio,0.7360849367366954,>=,0.5,0.5,False,True,True,False,unresolved,True
oasis:ldh_release,main4,absolute:reliability_min:tighter,single32,variance_ratio_max,quantitative_fidelity,variance_ratio,0.7360849367366954,<=,1.5,1.5,False,True,True,False,unresolved,True
oasis:ldh_release,main4,absolute:measurement_recoverability_max_exclusive:looser,single32,recoverability_min,quantitative_fidelity,recoverability_r,0.6703210612939918,>=,0.7,0.7,False,False,False,False,unresolved,True
oasis:ldh_release,main4,absolute:measurement_recoverability_max_exclusive:looser,single32,magnitude_spearman_min,quantitative_and_ranking_fidelity,magnitude_spearman,0.6325800814554884,>=,0.7,0.7,False,False,False,False,unresolved,True
oasis:ldh_release,main4,absolute:measurement_recoverability_max_exclusive:looser,single32,top5pct_quantitative_min,quantitative_fidelity,top5pct_recall,0.7272727272727273,>=,0.6,0.6,False,True,True,False,unresolved,True
oasis:ldh_release,main4,absolute:measurement_recoverability_max_exclusive:looser,single32,top5pct_ranking_min,ranking_fidelity,top5pct_recall,0.7272727272727273,>=,0.5,0.5,False,True,True,False,unresolved,True
oasis:ldh_release,main4,absolute:measurement_recoverability_max_exclusive:looser,single32,reliability_min,reference_identifiability,reliability,0.6383702228050183,>=,0.3,0.3,False,True,True,False,unresolved,True
oasis:ldh_release,main4,absolute:measurement_recoverability_max_exclusive:looser,single32,measurement_recoverability_max_exclusive,measurement_required_eligibility_not_good_performance,recoverability_r,0.6703210612939918,<,0.55,0.6,True,False,False,False,unresolved,True
oasis:ldh_release,main4,absolute:measurement_recoverability_max_exclusive:looser,single32,variance_ratio_min,quantitative_fidelity,variance_ratio,0.7360849367366954,>=,0.5,0.5,False,True,True,False,unresolved,True
oasis:ldh_release,main4,absolute:measurement_recoverability_max_exclusive:looser,single32,variance_ratio_max,quantitative_fidelity,variance_ratio,0.7360849367366954,<=,1.5,1.5,False,True,True,False,unresolved,True
oasis:ldh_release,main4,absolute:measurement_recoverability_max_exclusive:tighter,single32,recoverability_min,quantitative_fidelity,recoverability_r,0.6703210612939918,>=,0.7,0.7,False,False,False,False,unresolved,True
oasis:ldh_release,main4,absolute:measurement_recoverability_max_exclusive:tighter,single32,magnitude_spearman_min,quantitative_and_ranking_fidelity,magnitude_spearman,0.6325800814554884,>=,0.7,0.7,False,False,False,False,unresolved,True
oasis:ldh_release,main4,absolute:measurement_recoverability_max_exclusive:tighter,single32,top5pct_quantitative_min,quantitative_fidelity,top5pct_recall,0.7272727272727273,>=,0.6,0.6,False,True,True,False,unresolved,True
oasis:ldh_release,main4,absolute:measurement_recoverability_max_exclusive:tighter,single32,top5pct_ranking_min,ranking_fidelity,top5pct_recall,0.7272727272727273,>=,0.5,0.5,False,True,True,False,unresolved,True
oasis:ldh_release,main4,absolute:measurement_recoverability_max_exclusive:tighter,single32,reliability_min,reference_identifiability,reliability,0.6383702228050183,>=,0.3,0.3,False,True,True,False,unresolved,True
oasis:ldh_release,main4,absolute:measurement_recoverability_max_exclusive:tighter,single32,measurement_recoverability_max_exclusive,measurement_required_eligibility_not_good_performance,recoverability_r,0.6703210612939918,<,0.65,0.6,True,False,False,False,unresolved,True
oasis:ldh_release,main4,absolute:measurement_recoverability_max_exclusive:tighter,single32,variance_ratio_min,quantitative_fidelity,variance_ratio,0.7360849367366954,>=,0.5,0.5,False,True,True,False,unresolved,True
oasis:ldh_release,main4,absolute:measurement_recoverability_max_exclusive:tighter,single32,variance_ratio_max,quantitative_fidelity,variance_ratio,0.7360849367366954,<=,1.5,1.5,False,True,True,False,unresolved,True
oasis:ldh_release,main4,absolute:variance_ratio_min:looser,single32,recoverability_min,quantitative_fidelity,recoverability_r,0.6703210612939918,>=,0.7,0.7,False,False,False,False,unresolved,True
oasis:ldh_release,main4,absolute:variance_ratio_min:looser,single32,magnitude_spearman_min,quantitative_and_ranking_fidelity,magnitude_spearman,0.6325800814554884,>=,0.7,0.7,False,False,False,False,unresolved,True
oasis:ldh_release,main4,absolute:variance_ratio_min:looser,single32,top5pct_quantitative_min,quantitative_fidelity,top5pct_recall,0.7272727272727273,>=,0.6,0.6,False,True,True,False,unresolved,True
oasis:ldh_release,main4,absolute:variance_ratio_min:looser,single32,top5pct_ranking_min,ranking_fidelity,top5pct_recall,0.7272727272727273,>=,0.5,0.5,False,True,True,False,unresolved,True
oasis:ldh_release,main4,absolute:variance_ratio_min:looser,single32,reliability_min,reference_identifiability,reliability,0.6383702228050183,>=,0.3,0.3,False,True,True,False,unresolved,True
oasis:ldh_release,main4,absolute:variance_ratio_min:looser,single32,measurement_recoverability_max_exclusive,measurement_required_eligibility_not_good_performance,recoverability_r,0.6703210612939918,<,0.6,0.6,False,False,False,False,unresolved,True
oasis:ldh_release,main4,absolute:variance_ratio_min:looser,single32,variance_ratio_min,quantitative_fidelity,variance_ratio,0.7360849367366954,>=,0.45,0.5,True,True,True,False,unresolved,True
oasis:ldh_release,main4,absolute:variance_ratio_min:looser,single32,variance_ratio_max,quantitative_fidelity,variance_ratio,0.7360849367366954,<=,1.5,1.5,False,True,True,False,unresolved,True
oasis:ldh_release,main4,absolute:variance_ratio_min:tighter,single32,recoverability_min,quantitative_fidelity,recoverability_r,0.6703210612939918,>=,0.7,0.7,False,False,False,False,unresolved,True
oasis:ldh_release,main4,absolute:variance_ratio_min:tighter,single32,magnitude_spearman_min,quantitative_and_ranking_fidelity,magnitude_spearman,0.6325800814554884,>=,0.7,0.7,False,False,False,False,unresolved,True
oasis:ldh_release,main4,absolute:variance_ratio_min:tighter,single32,top5pct_quantitative_min,quantitative_fidelity,top5pct_recall,0.7272727272727273,>=,0.6,0.6,False,True,True,False,unresolved,True
oasis:ldh_release,main4,absolute:variance_ratio_min:tighter,single32,top5pct_ranking_min,ranking_fidelity,top5pct_recall,0.7272727272727273,>=,0.5,0.5,False,True,True,False,unresolved,True
oasis:ldh_release,main4,absolute:variance_ratio_min:tighter,single32,reliability_min,reference_identifiability,reliability,0.6383702228050183,>=,0.3,0.3,False,True,True,False,unresolved,True
oasis:ldh_release,main4,absolute:variance_ratio_min:tighter,single32,measurement_recoverability_max_exclusive,measurement_required_eligibility_not_good_performance,recoverability_r,0.6703210612939918,<,0.6,0.6,False,False,False,False,unresolved,True
oasis:ldh_release,main4,absolute:variance_ratio_min:tighter,single32,variance_ratio_min,quantitative_fidelity,variance_ratio,0.7360849367366954,>=,0.55,0.5,True,True,True,False,unresolved,True
oasis:ldh_release,main4,absolute:variance_ratio_min:tighter,single32,variance_ratio_max,quantitative_fidelity,variance_ratio,0.7360849367366954,<=,1.5,1.5,False,True,True,False,unresolved,True
oasis:ldh_release,main4,absolute:variance_ratio_max:looser,single32,recoverability_min,quantitative_fidelity,recoverability_r,0.6703210612939918,>=,0.7,0.7,False,False,False,False,unresolved,True
oasis:ldh_release,main4,absolute:variance_ratio_max:looser,single32,magnitude_spearman_min,quantitative_and_ranking_fidelity,magnitude_spearman,0.6325800814554884,>=,0.7,0.7,False,False,False,False,unresolved,True
oasis:ldh_release,main4,absolute:variance_ratio_max:looser,single32,top5pct_quantitative_min,quantitative_fidelity,top5pct_recall,0.7272727272727273,>=,0.6,0.6,False,True,True,False,unresolved,True
oasis:ldh_release,main4,absolute:variance_ratio_max:looser,single32,top5pct_ranking_min,ranking_fidelity,top5pct_recall,0.7272727272727273,>=,0.5,0.5,False,True,True,False,unresolved,True
oasis:ldh_release,main4,absolute:variance_ratio_max:looser,single32,reliability_min,reference_identifiability,reliability,0.6383702228050183,>=,0.3,0.3,False,True,True,False,unresolved,True
oasis:ldh_release,main4,absolute:variance_ratio_max:looser,single32,measurement_recoverability_max_exclusive,measurement_required_eligibility_not_good_performance,recoverability_r,0.6703210612939918,<,0.6,0.6,False,False,False,False,unresolved,True
oasis:ldh_release,main4,absolute:variance_ratio_max:looser,single32,variance_ratio_min,quantitative_fidelity,variance_ratio,0.7360849367366954,>=,0.5,0.5,False,True,True,False,unresolved,True
oasis:ldh_release,main4,absolute:variance_ratio_max:looser,single32,variance_ratio_max,quantitative_fidelity,variance_ratio,0.7360849367366954,<=,1.55,1.5,True,True,True,False,unresolved,True
oasis:ldh_release,main4,absolute:variance_ratio_max:tighter,single32,recoverability_min,quantitative_fidelity,recoverability_r,0.6703210612939918,>=,0.7,0.7,False,False,False,False,unresolved,True
oasis:ldh_release,main4,absolute:variance_ratio_max:tighter,single32,magnitude_spearman_min,quantitative_and_ranking_fidelity,magnitude_spearman,0.6325800814554884,>=,0.7,0.7,False,False,False,False,unresolved,True
oasis:ldh_release,main4,absolute:variance_ratio_max:tighter,single32,top5pct_quantitative_min,quantitative_fidelity,top5pct_recall,0.7272727272727273,>=,0.6,0.6,False,True,True,False,unresolved,True
oasis:ldh_release,main4,absolute:variance_ratio_max:tighter,single32,top5pct_ranking_min,ranking_fidelity,top5pct_recall,0.7272727272727273,>=,0.5,0.5,False,True,True,False,unresolved,True
oasis:ldh_release,main4,absolute:variance_ratio_max:tighter,single32,reliability_min,reference_identifiability,reliability,0.6383702228050183,>=,0.3,0.3,False,True,True,False,unresolved,True
oasis:ldh_release,main4,absolute:variance_ratio_max:tighter,single32,measurement_recoverability_max_exclusive,measurement_required_eligibility_not_good_performance,recoverability_r,0.6703210612939918,<,0.6,0.6,False,False,False,False,unresolved,True
oasis:ldh_release,main4,absolute:variance_ratio_max:tighter,single32,variance_ratio_min,quantitative_fidelity,variance_ratio,0.7360849367366954,>=,0.5,0.5,False,True,True,False,unresolved,True
oasis:ldh_release,main4,absolute:variance_ratio_max:tighter,single32,variance_ratio_max,quantitative_fidelity,variance_ratio,0.7360849367366954,<=,1.45,1.5,True,True,True,False,unresolved,True
oasis:ldh_release,main4,relative:all gates:looser,joint4,recoverability_min,quantitative_fidelity,recoverability_r,0.6703210612939918,>=,0.63,0.7,True,True,False,True,quantitative_proxy,True
oasis:ldh_release,main4,relative:all gates:looser,joint4,magnitude_spearman_min,quantitative_and_ranking_fidelity,magnitude_spearman,0.6325800814554884,>=,0.63,0.7,True,True,False,True,quantitative_proxy,True
oasis:ldh_release,main4,relative:all gates:looser,joint4,top5pct_quantitative_min,quantitative_fidelity,top5pct_recall,0.7272727272727273,>=,0.54,0.6,True,True,True,False,quantitative_proxy,True
oasis:ldh_release,main4,relative:all gates:looser,joint4,top5pct_ranking_min,ranking_fidelity,top5pct_recall,0.7272727272727273,>=,0.45,0.5,True,True,True,False,quantitative_proxy,True
oasis:ldh_release,main4,relative:all gates:looser,joint4,reliability_min,reference_identifiability,reliability,0.6383702228050183,>=,0.27,0.3,True,True,True,False,quantitative_proxy,True
oasis:ldh_release,main4,relative:all gates:looser,joint4,measurement_recoverability_max_exclusive,measurement_required_eligibility_not_good_performance,recoverability_r,0.6703210612939918,<,0.54,0.6,True,False,False,False,quantitative_proxy,True
oasis:ldh_release,main4,relative:all gates:looser,joint4,variance_ratio_min,quantitative_fidelity,variance_ratio,0.7360849367366954,>=,0.45,0.5,True,True,True,False,quantitative_proxy,True
oasis:ldh_release,main4,relative:all gates:looser,joint4,variance_ratio_max,quantitative_fidelity,variance_ratio,0.7360849367366954,<=,1.65,1.5,True,True,True,False,quantitative_proxy,True
oasis:ldh_release,main4,relative:all gates:tighter,joint4,recoverability_min,quantitative_fidelity,recoverability_r,0.6703210612939918,>=,0.77,0.7,True,False,False,False,unresolved,True
oasis:ldh_release,main4,relative:all gates:tighter,joint4,magnitude_spearman_min,quantitative_and_ranking_fidelity,magnitude_spearman,0.6325800814554884,>=,0.77,0.7,True,False,False,False,unresolved,True
oasis:ldh_release,main4,relative:all gates:tighter,joint4,top5pct_quantitative_min,quantitative_fidelity,top5pct_recall,0.7272727272727273,>=,0.66,0.6,True,True,True,False,unresolved,True
oasis:ldh_release,main4,relative:all gates:tighter,joint4,top5pct_ranking_min,ranking_fidelity,top5pct_recall,0.7272727272727273,>=,0.55,0.5,True,True,True,False,unresolved,True
oasis:ldh_release,main4,relative:all gates:tighter,joint4,reliability_min,reference_identifiability,reliability,0.6383702228050183,>=,0.33,0.3,True,True,True,False,unresolved,True
oasis:ldh_release,main4,relative:all gates:tighter,joint4,measurement_recoverability_max_exclusive,measurement_required_eligibility_not_good_performance,recoverability_r,0.6703210612939918,<,0.66,0.6,True,False,False,False,unresolved,True
oasis:ldh_release,main4,relative:all gates:tighter,joint4,variance_ratio_min,quantitative_fidelity,variance_ratio,0.7360849367366954,>=,0.55,0.5,True,True,True,False,unresolved,True
oasis:ldh_release,main4,relative:all gates:tighter,joint4,variance_ratio_max,quantitative_fidelity,variance_ratio,0.7360849367366954,<=,1.35,1.5,True,True,True,False,unresolved,True
oasis:ldh_release,main4,relative:recoverability_min:looser,single32,recoverability_min,quantitative_fidelity,recoverability_r,0.6703210612939918,>=,0.63,0.7,True,True,False,True,unresolved,True
oasis:ldh_release,main4,relative:recoverability_min:looser,single32,magnitude_spearman_min,quantitative_and_ranking_fidelity,magnitude_spearman,0.6325800814554884,>=,0.7,0.7,False,False,False,False,unresolved,True
oasis:ldh_release,main4,relative:recoverability_min:looser,single32,top5pct_quantitative_min,quantitative_fidelity,top5pct_recall,0.7272727272727273,>=,0.6,0.6,False,True,True,False,unresolved,True
oasis:ldh_release,main4,relative:recoverability_min:looser,single32,top5pct_ranking_min,ranking_fidelity,top5pct_recall,0.7272727272727273,>=,0.5,0.5,False,True,True,False,unresolved,True
oasis:ldh_release,main4,relative:recoverability_min:looser,single32,reliability_min,reference_identifiability,reliability,0.6383702228050183,>=,0.3,0.3,False,True,True,False,unresolved,True
oasis:ldh_release,main4,relative:recoverability_min:looser,single32,measurement_recoverability_max_exclusive,measurement_required_eligibility_not_good_performance,recoverability_r,0.6703210612939918,<,0.6,0.6,False,False,False,False,unresolved,True
oasis:ldh_release,main4,relative:recoverability_min:looser,single32,variance_ratio_min,quantitative_fidelity,variance_ratio,0.7360849367366954,>=,0.5,0.5,False,True,True,False,unresolved,True
oasis:ldh_release,main4,relative:recoverability_min:looser,single32,variance_ratio_max,quantitative_fidelity,variance_ratio,0.7360849367366954,<=,1.5,1.5,False,True,True,False,unresolved,True
oasis:ldh_release,main4,relative:recoverability_min:tighter,single32,recoverability_min,quantitative_fidelity,recoverability_r,0.6703210612939918,>=,0.77,0.7,True,False,False,False,unresolved,True
oasis:ldh_release,main4,relative:recoverability_min:tighter,single32,magnitude_spearman_min,quantitative_and_ranking_fidelity,magnitude_spearman,0.6325800814554884,>=,0.7,0.7,False,False,False,False,unresolved,True
oasis:ldh_release,main4,relative:recoverability_min:tighter,single32,top5pct_quantitative_min,quantitative_fidelity,top5pct_recall,0.7272727272727273,>=,0.6,0.6,False,True,True,False,unresolved,True
oasis:ldh_release,main4,relative:recoverability_min:tighter,single32,top5pct_ranking_min,ranking_fidelity,top5pct_recall,0.7272727272727273,>=,0.5,0.5,False,True,True,False,unresolved,True
oasis:ldh_release,main4,relative:recoverability_min:tighter,single32,reliability_min,reference_identifiability,reliability,0.6383702228050183,>=,0.3,0.3,False,True,True,False,unresolved,True
oasis:ldh_release,main4,relative:recoverability_min:tighter,single32,measurement_recoverability_max_exclusive,measurement_required_eligibility_not_good_performance,recoverability_r,0.6703210612939918,<,0.6,0.6,False,False,False,False,unresolved,True
oasis:ldh_release,main4,relative:recoverability_min:tighter,single32,variance_ratio_min,quantitative_fidelity,variance_ratio,0.7360849367366954,>=,0.5,0.5,False,True,True,False,unresolved,True
oasis:ldh_release,main4,relative:recoverability_min:tighter,single32,variance_ratio_max,quantitative_fidelity,variance_ratio,0.7360849367366954,<=,1.5,1.5,False,True,True,False,unresolved,True
oasis:ldh_release,main4,relative:magnitude_spearman_min:looser,single32,recoverability_min,quantitative_fidelity,recoverability_r,0.6703210612939918,>=,0.7,0.7,False,False,False,False,ranking_proxy,True
oasis:ldh_release,main4,relative:magnitude_spearman_min:looser,single32,magnitude_spearman_min,quantitative_and_ranking_fidelity,magnitude_spearman,0.6325800814554884,>=,0.63,0.7,True,True,False,True,ranking_proxy,True
oasis:ldh_release,main4,relative:magnitude_spearman_min:looser,single32,top5pct_quantitative_min,quantitative_fidelity,top5pct_recall,0.7272727272727273,>=,0.6,0.6,False,True,True,False,ranking_proxy,True
oasis:ldh_release,main4,relative:magnitude_spearman_min:looser,single32,top5pct_ranking_min,ranking_fidelity,top5pct_recall,0.7272727272727273,>=,0.5,0.5,False,True,True,False,ranking_proxy,True
oasis:ldh_release,main4,relative:magnitude_spearman_min:looser,single32,reliability_min,reference_identifiability,reliability,0.6383702228050183,>=,0.3,0.3,False,True,True,False,ranking_proxy,True
oasis:ldh_release,main4,relative:magnitude_spearman_min:looser,single32,measurement_recoverability_max_exclusive,measurement_required_eligibility_not_good_performance,recoverability_r,0.6703210612939918,<,0.6,0.6,False,False,False,False,ranking_proxy,True
oasis:ldh_release,main4,relative:magnitude_spearman_min:looser,single32,variance_ratio_min,quantitative_fidelity,variance_ratio,0.7360849367366954,>=,0.5,0.5,False,True,True,False,ranking_proxy,True
oasis:ldh_release,main4,relative:magnitude_spearman_min:looser,single32,variance_ratio_max,quantitative_fidelity,variance_ratio,0.7360849367366954,<=,1.5,1.5,False,True,True,False,ranking_proxy,True
oasis:ldh_release,main4,relative:magnitude_spearman_min:tighter,single32,recoverability_min,quantitative_fidelity,recoverability_r,0.6703210612939918,>=,0.7,0.7,False,False,False,False,unresolved,True
oasis:ldh_release,main4,relative:magnitude_spearman_min:tighter,single32,magnitude_spearman_min,quantitative_and_ranking_fidelity,magnitude_spearman,0.6325800814554884,>=,0.77,0.7,True,False,False,False,unresolved,True
oasis:ldh_release,main4,relative:magnitude_spearman_min:tighter,single32,top5pct_quantitative_min,quantitative_fidelity,top5pct_recall,0.7272727272727273,>=,0.6,0.6,False,True,True,False,unresolved,True
oasis:ldh_release,main4,relative:magnitude_spearman_min:tighter,single32,top5pct_ranking_min,ranking_fidelity,top5pct_recall,0.7272727272727273,>=,0.5,0.5,False,True,True,False,unresolved,True
oasis:ldh_release,main4,relative:magnitude_spearman_min:tighter,single32,reliability_min,reference_identifiability,reliability,0.6383702228050183,>=,0.3,0.3,False,True,True,False,unresolved,True
oasis:ldh_release,main4,relative:magnitude_spearman_min:tighter,single32,measurement_recoverability_max_exclusive,measurement_required_eligibility_not_good_performance,recoverability_r,0.6703210612939918,<,0.6,0.6,False,False,False,False,unresolved,True
oasis:ldh_release,main4,relative:magnitude_spearman_min:tighter,single32,variance_ratio_min,quantitative_fidelity,variance_ratio,0.7360849367366954,>=,0.5,0.5,False,True,True,False,unresolved,True
oasis:ldh_release,main4,relative:magnitude_spearman_min:tighter,single32,variance_ratio_max,quantitative_fidelity,variance_ratio,0.7360849367366954,<=,1.5,1.5,False,True,True,False,unresolved,True
oasis:ldh_release,main4,relative:top5pct_quantitative_min:looser,single32,recoverability_min,quantitative_fidelity,recoverability_r,0.6703210612939918,>=,0.7,0.7,False,False,False,False,unresolved,True
oasis:ldh_release,main4,relative:top5pct_quantitative_min:looser,single32,magnitude_spearman_min,quantitative_and_ranking_fidelity,magnitude_spearman,0.6325800814554884,>=,0.7,0.7,False,False,False,False,unresolved,True
oasis:ldh_release,main4,relative:top5pct_quantitative_min:looser,single32,top5pct_quantitative_min,quantitative_fidelity,top5pct_recall,0.7272727272727273,>=,0.54,0.6,True,True,True,False,unresolved,True
oasis:ldh_release,main4,relative:top5pct_quantitative_min:looser,single32,top5pct_ranking_min,ranking_fidelity,top5pct_recall,0.7272727272727273,>=,0.5,0.5,False,True,True,False,unresolved,True
oasis:ldh_release,main4,relative:top5pct_quantitative_min:looser,single32,reliability_min,reference_identifiability,reliability,0.6383702228050183,>=,0.3,0.3,False,True,True,False,unresolved,True
oasis:ldh_release,main4,relative:top5pct_quantitative_min:looser,single32,measurement_recoverability_max_exclusive,measurement_required_eligibility_not_good_performance,recoverability_r,0.6703210612939918,<,0.6,0.6,False,False,False,False,unresolved,True
oasis:ldh_release,main4,relative:top5pct_quantitative_min:looser,single32,variance_ratio_min,quantitative_fidelity,variance_ratio,0.7360849367366954,>=,0.5,0.5,False,True,True,False,unresolved,True
oasis:ldh_release,main4,relative:top5pct_quantitative_min:looser,single32,variance_ratio_max,quantitative_fidelity,variance_ratio,0.7360849367366954,<=,1.5,1.5,False,True,True,False,unresolved,True
oasis:ldh_release,main4,relative:top5pct_quantitative_min:tighter,single32,recoverability_min,quantitative_fidelity,recoverability_r,0.6703210612939918,>=,0.7,0.7,False,False,False,False,unresolved,True
oasis:ldh_release,main4,relative:top5pct_quantitative_min:tighter,single32,magnitude_spearman_min,quantitative_and_ranking_fidelity,magnitude_spearman,0.6325800814554884,>=,0.7,0.7,False,False,False,False,unresolved,True
oasis:ldh_release,main4,relative:top5pct_quantitative_min:tighter,single32,top5pct_quantitative_min,quantitative_fidelity,top5pct_recall,0.7272727272727273,>=,0.66,0.6,True,True,True,False,unresolved,True
oasis:ldh_release,main4,relative:top5pct_quantitative_min:tighter,single32,top5pct_ranking_min,ranking_fidelity,top5pct_recall,0.7272727272727273,>=,0.5,0.5,False,True,True,False,unresolved,True
oasis:ldh_release,main4,relative:top5pct_quantitative_min:tighter,single32,reliability_min,reference_identifiability,reliability,0.6383702228050183,>=,0.3,0.3,False,True,True,False,unresolved,True
oasis:ldh_release,main4,relative:top5pct_quantitative_min:tighter,single32,measurement_recoverability_max_exclusive,measurement_required_eligibility_not_good_performance,recoverability_r,0.6703210612939918,<,0.6,0.6,False,False,False,False,unresolved,True
oasis:ldh_release,main4,relative:top5pct_quantitative_min:tighter,single32,variance_ratio_min,quantitative_fidelity,variance_ratio,0.7360849367366954,>=,0.5,0.5,False,True,True,False,unresolved,True
oasis:ldh_release,main4,relative:top5pct_quantitative_min:tighter,single32,variance_ratio_max,quantitative_fidelity,variance_ratio,0.7360849367366954,<=,1.5,1.5,False,True,True,False,unresolved,True
oasis:ldh_release,main4,relative:top5pct_ranking_min:looser,single32,recoverability_min,quantitative_fidelity,recoverability_r,0.6703210612939918,>=,0.7,0.7,False,False,False,False,unresolved,True
oasis:ldh_release,main4,relative:top5pct_ranking_min:looser,single32,magnitude_spearman_min,quantitative_and_ranking_fidelity,magnitude_spearman,0.6325800814554884,>=,0.7,0.7,False,False,False,False,unresolved,True
oasis:ldh_release,main4,relative:top5pct_ranking_min:looser,single32,top5pct_quantitative_min,quantitative_fidelity,top5pct_recall,0.7272727272727273,>=,0.6,0.6,False,True,True,False,unresolved,True
oasis:ldh_release,main4,relative:top5pct_ranking_min:looser,single32,top5pct_ranking_min,ranking_fidelity,top5pct_recall,0.7272727272727273,>=,0.45,0.5,True,True,True,False,unresolved,True
oasis:ldh_release,main4,relative:top5pct_ranking_min:looser,single32,reliability_min,reference_identifiability,reliability,0.6383702228050183,>=,0.3,0.3,False,True,True,False,unresolved,True
oasis:ldh_release,main4,relative:top5pct_ranking_min:looser,single32,measurement_recoverability_max_exclusive,measurement_required_eligibility_not_good_performance,recoverability_r,0.6703210612939918,<,0.6,0.6,False,False,False,False,unresolved,True
oasis:ldh_release,main4,relative:top5pct_ranking_min:looser,single32,variance_ratio_min,quantitative_fidelity,variance_ratio,0.7360849367366954,>=,0.5,0.5,False,True,True,False,unresolved,True
oasis:ldh_release,main4,relative:top5pct_ranking_min:looser,single32,variance_ratio_max,quantitative_fidelity,variance_ratio,0.7360849367366954,<=,1.5,1.5,False,True,True,False,unresolved,True
oasis:ldh_release,main4,relative:top5pct_ranking_min:tighter,single32,recoverability_min,quantitative_fidelity,recoverability_r,0.6703210612939918,>=,0.7,0.7,False,False,False,False,unresolved,True
oasis:ldh_release,main4,relative:top5pct_ranking_min:tighter,single32,magnitude_spearman_min,quantitative_and_ranking_fidelity,magnitude_spearman,0.6325800814554884,>=,0.7,0.7,False,False,False,False,unresolved,True
oasis:ldh_release,main4,relative:top5pct_ranking_min:tighter,single32,top5pct_quantitative_min,quantitative_fidelity,top5pct_recall,0.7272727272727273,>=,0.6,0.6,False,True,True,False,unresolved,True
oasis:ldh_release,main4,relative:top5pct_ranking_min:tighter,single32,top5pct_ranking_min,ranking_fidelity,top5pct_recall,0.7272727272727273,>=,0.55,0.5,True,True,True,False,unresolved,True
oasis:ldh_release,main4,relative:top5pct_ranking_min:tighter,single32,reliability_min,reference_identifiability,reliability,0.6383702228050183,>=,0.3,0.3,False,True,True,False,unresolved,True
oasis:ldh_release,main4,relative:top5pct_ranking_min:tighter,single32,measurement_recoverability_max_exclusive,measurement_required_eligibility_not_good_performance,recoverability_r,0.6703210612939918,<,0.6,0.6,False,False,False,False,unresolved,True
oasis:ldh_release,main4,relative:top5pct_ranking_min:tighter,single32,variance_ratio_min,quantitative_fidelity,variance_ratio,0.7360849367366954,>=,0.5,0.5,False,True,True,False,unresolved,True
oasis:ldh_release,main4,relative:top5pct_ranking_min:tighter,single32,variance_ratio_max,quantitative_fidelity,variance_ratio,0.7360849367366954,<=,1.5,1.5,False,True,True,False,unresolved,True
oasis:ldh_release,main4,relative:reliability_min:looser,single32,recoverability_min,quantitative_fidelity,recoverability_r,0.6703210612939918,>=,0.7,0.7,False,False,False,False,unresolved,True
oasis:ldh_release,main4,relative:reliability_min:looser,single32,magnitude_spearman_min,quantitative_and_ranking_fidelity,magnitude_spearman,0.6325800814554884,>=,0.7,0.7,False,False,False,False,unresolved,True
oasis:ldh_release,main4,relative:reliability_min:looser,single32,top5pct_quantitative_min,quantitative_fidelity,top5pct_recall,0.7272727272727273,>=,0.6,0.6,False,True,True,False,unresolved,True
oasis:ldh_release,main4,relative:reliability_min:looser,single32,top5pct_ranking_min,ranking_fidelity,top5pct_recall,0.7272727272727273,>=,0.5,0.5,False,True,True,False,unresolved,True
oasis:ldh_release,main4,relative:reliability_min:looser,single32,reliability_min,reference_identifiability,reliability,0.6383702228050183,>=,0.27,0.3,True,True,True,False,unresolved,True
oasis:ldh_release,main4,relative:reliability_min:looser,single32,measurement_recoverability_max_exclusive,measurement_required_eligibility_not_good_performance,recoverability_r,0.6703210612939918,<,0.6,0.6,False,False,False,False,unresolved,True
oasis:ldh_release,main4,relative:reliability_min:looser,single32,variance_ratio_min,quantitative_fidelity,variance_ratio,0.7360849367366954,>=,0.5,0.5,False,True,True,False,unresolved,True
oasis:ldh_release,main4,relative:reliability_min:looser,single32,variance_ratio_max,quantitative_fidelity,variance_ratio,0.7360849367366954,<=,1.5,1.5,False,True,True,False,unresolved,True
oasis:ldh_release,main4,relative:reliability_min:tighter,single32,recoverability_min,quantitative_fidelity,recoverability_r,0.6703210612939918,>=,0.7,0.7,False,False,False,False,unresolved,True
oasis:ldh_release,main4,relative:reliability_min:tighter,single32,magnitude_spearman_min,quantitative_and_ranking_fidelity,magnitude_spearman,0.6325800814554884,>=,0.7,0.7,False,False,False,False,unresolved,True
oasis:ldh_release,main4,relative:reliability_min:tighter,single32,top5pct_quantitative_min,quantitative_fidelity,top5pct_recall,0.7272727272727273,>=,0.6,0.6,False,True,True,False,unresolved,True
oasis:ldh_release,main4,relative:reliability_min:tighter,single32,top5pct_ranking_min,ranking_fidelity,top5pct_recall,0.7272727272727273,>=,0.5,0.5,False,True,True,False,unresolved,True
oasis:ldh_release,main4,relative:reliability_min:tighter,single32,reliability_min,reference_identifiability,reliability,0.6383702228050183,>=,0.33,0.3,True,True,True,False,unresolved,True
oasis:ldh_release,main4,relative:reliability_min:tighter,single32,measurement_recoverability_max_exclusive,measurement_required_eligibility_not_good_performance,recoverability_r,0.6703210612939918,<,0.6,0.6,False,False,False,False,unresolved,True
oasis:ldh_release,main4,relative:reliability_min:tighter,single32,variance_ratio_min,quantitative_fidelity,variance_ratio,0.7360849367366954,>=,0.5,0.5,False,True,True,False,unresolved,True
oasis:ldh_release,main4,relative:reliability_min:tighter,single32,variance_ratio_max,quantitative_fidelity,variance_ratio,0.7360849367366954,<=,1.5,1.5,False,True,True,False,unresolved,True
oasis:ldh_release,main4,relative:measurement_recoverability_max_exclusive:looser,single32,recoverability_min,quantitative_fidelity,recoverability_r,0.6703210612939918,>=,0.7,0.7,False,False,False,False,unresolved,True
oasis:ldh_release,main4,relative:measurement_recoverability_max_exclusive:looser,single32,magnitude_spearman_min,quantitative_and_ranking_fidelity,magnitude_spearman,0.6325800814554884,>=,0.7,0.7,False,False,False,False,unresolved,True
oasis:ldh_release,main4,relative:measurement_recoverability_max_exclusive:looser,single32,top5pct_quantitative_min,quantitative_fidelity,top5pct_recall,0.7272727272727273,>=,0.6,0.6,False,True,True,False,unresolved,True
oasis:ldh_release,main4,relative:measurement_recoverability_max_exclusive:looser,single32,top5pct_ranking_min,ranking_fidelity,top5pct_recall,0.7272727272727273,>=,0.5,0.5,False,True,True,False,unresolved,True
oasis:ldh_release,main4,relative:measurement_recoverability_max_exclusive:looser,single32,reliability_min,reference_identifiability,reliability,0.6383702228050183,>=,0.3,0.3,False,True,True,False,unresolved,True
oasis:ldh_release,main4,relative:measurement_recoverability_max_exclusive:looser,single32,measurement_recoverability_max_exclusive,measurement_required_eligibility_not_good_performance,recoverability_r,0.6703210612939918,<,0.54,0.6,True,False,False,False,unresolved,True
oasis:ldh_release,main4,relative:measurement_recoverability_max_exclusive:looser,single32,variance_ratio_min,quantitative_fidelity,variance_ratio,0.7360849367366954,>=,0.5,0.5,False,True,True,False,unresolved,True
oasis:ldh_release,main4,relative:measurement_recoverability_max_exclusive:looser,single32,variance_ratio_max,quantitative_fidelity,variance_ratio,0.7360849367366954,<=,1.5,1.5,False,True,True,False,unresolved,True
oasis:ldh_release,main4,relative:measurement_recoverability_max_exclusive:tighter,single32,recoverability_min,quantitative_fidelity,recoverability_r,0.6703210612939918,>=,0.7,0.7,False,False,False,False,unresolved,True
oasis:ldh_release,main4,relative:measurement_recoverability_max_exclusive:tighter,single32,magnitude_spearman_min,quantitative_and_ranking_fidelity,magnitude_spearman,0.6325800814554884,>=,0.7,0.7,False,False,False,False,unresolved,True
oasis:ldh_release,main4,relative:measurement_recoverability_max_exclusive:tighter,single32,top5pct_quantitative_min,quantitative_fidelity,top5pct_recall,0.7272727272727273,>=,0.6,0.6,False,True,True,False,unresolved,True
oasis:ldh_release,main4,relative:measurement_recoverability_max_exclusive:tighter,single32,top5pct_ranking_min,ranking_fidelity,top5pct_recall,0.7272727272727273,>=,0.5,0.5,False,True,True,False,unresolved,True
oasis:ldh_release,main4,relative:measurement_recoverability_max_exclusive:tighter,single32,reliability_min,reference_identifiability,reliability,0.6383702228050183,>=,0.3,0.3,False,True,True,False,unresolved,True
oasis:ldh_release,main4,relative:measurement_recoverability_max_exclusive:tighter,single32,measurement_recoverability_max_exclusive,measurement_required_eligibility_not_good_performance,recoverability_r,0.6703210612939918,<,0.66,0.6,True,False,False,False,unresolved,True
oasis:ldh_release,main4,relative:measurement_recoverability_max_exclusive:tighter,single32,variance_ratio_min,quantitative_fidelity,variance_ratio,0.7360849367366954,>=,0.5,0.5,False,True,True,False,unresolved,True
oasis:ldh_release,main4,relative:measurement_recoverability_max_exclusive:tighter,single32,variance_ratio_max,quantitative_fidelity,variance_ratio,0.7360849367366954,<=,1.5,1.5,False,True,True,False,unresolved,True
oasis:ldh_release,main4,relative:variance_ratio_min:looser,single32,recoverability_min,quantitative_fidelity,recoverability_r,0.6703210612939918,>=,0.7,0.7,False,False,False,False,unresolved,True
oasis:ldh_release,main4,relative:variance_ratio_min:looser,single32,magnitude_spearman_min,quantitative_and_ranking_fidelity,magnitude_spearman,0.6325800814554884,>=,0.7,0.7,False,False,False,False,unresolved,True
oasis:ldh_release,main4,relative:variance_ratio_min:looser,single32,top5pct_quantitative_min,quantitative_fidelity,top5pct_recall,0.7272727272727273,>=,0.6,0.6,False,True,True,False,unresolved,True
oasis:ldh_release,main4,relative:variance_ratio_min:looser,single32,top5pct_ranking_min,ranking_fidelity,top5pct_recall,0.7272727272727273,>=,0.5,0.5,False,True,True,False,unresolved,True
oasis:ldh_release,main4,relative:variance_ratio_min:looser,single32,reliability_min,reference_identifiability,reliability,0.6383702228050183,>=,0.3,0.3,False,True,True,False,unresolved,True
oasis:ldh_release,main4,relative:variance_ratio_min:looser,single32,measurement_recoverability_max_exclusive,measurement_required_eligibility_not_good_performance,recoverability_r,0.6703210612939918,<,0.6,0.6,False,False,False,False,unresolved,True
oasis:ldh_release,main4,relative:variance_ratio_min:looser,single32,variance_ratio_min,quantitative_fidelity,variance_ratio,0.7360849367366954,>=,0.45,0.5,True,True,True,False,unresolved,True
oasis:ldh_release,main4,relative:variance_ratio_min:looser,single32,variance_ratio_max,quantitative_fidelity,variance_ratio,0.7360849367366954,<=,1.5,1.5,False,True,True,False,unresolved,True
oasis:ldh_release,main4,relative:variance_ratio_min:tighter,single32,recoverability_min,quantitative_fidelity,recoverability_r,0.6703210612939918,>=,0.7,0.7,False,False,False,False,unresolved,True
oasis:ldh_release,main4,relative:variance_ratio_min:tighter,single32,magnitude_spearman_min,quantitative_and_ranking_fidelity,magnitude_spearman,0.6325800814554884,>=,0.7,0.7,False,False,False,False,unresolved,True
oasis:ldh_release,main4,relative:variance_ratio_min:tighter,single32,top5pct_quantitative_min,quantitative_fidelity,top5pct_recall,0.7272727272727273,>=,0.6,0.6,False,True,True,False,unresolved,True
oasis:ldh_release,main4,relative:variance_ratio_min:tighter,single32,top5pct_ranking_min,ranking_fidelity,top5pct_recall,0.7272727272727273,>=,0.5,0.5,False,True,True,False,unresolved,True
oasis:ldh_release,main4,relative:variance_ratio_min:tighter,single32,reliability_min,reference_identifiability,reliability,0.6383702228050183,>=,0.3,0.3,False,True,True,False,unresolved,True
oasis:ldh_release,main4,relative:variance_ratio_min:tighter,single32,measurement_recoverability_max_exclusive,measurement_required_eligibility_not_good_performance,recoverability_r,0.6703210612939918,<,0.6,0.6,False,False,False,False,unresolved,True
oasis:ldh_release,main4,relative:variance_ratio_min:tighter,single32,variance_ratio_min,quantitative_fidelity,variance_ratio,0.7360849367366954,>=,0.55,0.5,True,True,True,False,unresolved,True
oasis:ldh_release,main4,relative:variance_ratio_min:tighter,single32,variance_ratio_max,quantitative_fidelity,variance_ratio,0.7360849367366954,<=,1.5,1.5,False,True,True,False,unresolved,True
oasis:ldh_release,main4,relative:variance_ratio_max:looser,single32,recoverability_min,quantitative_fidelity,recoverability_r,0.6703210612939918,>=,0.7,0.7,False,False,False,False,unresolved,True
oasis:ldh_release,main4,relative:variance_ratio_max:looser,single32,magnitude_spearman_min,quantitative_and_ranking_fidelity,magnitude_spearman,0.6325800814554884,>=,0.7,0.7,False,False,False,False,unresolved,True
oasis:ldh_release,main4,relative:variance_ratio_max:looser,single32,top5pct_quantitative_min,quantitative_fidelity,top5pct_recall,0.7272727272727273,>=,0.6,0.6,False,True,True,False,unresolved,True
oasis:ldh_release,main4,relative:variance_ratio_max:looser,single32,top5pct_ranking_min,ranking_fidelity,top5pct_recall,0.7272727272727273,>=,0.5,0.5,False,True,True,False,unresolved,True
oasis:ldh_release,main4,relative:variance_ratio_max:looser,single32,reliability_min,reference_identifiability,reliability,0.6383702228050183,>=,0.3,0.3,False,True,True,False,unresolved,True
oasis:ldh_release,main4,relative:variance_ratio_max:looser,single32,measurement_recoverability_max_exclusive,measurement_required_eligibility_not_good_performance,recoverability_r,0.6703210612939918,<,0.6,0.6,False,False,False,False,unresolved,True
oasis:ldh_release,main4,relative:variance_ratio_max:looser,single32,variance_ratio_min,quantitative_fidelity,variance_ratio,0.7360849367366954,>=,0.5,0.5,False,True,True,False,unresolved,True
oasis:ldh_release,main4,relative:variance_ratio_max:looser,single32,variance_ratio_max,quantitative_fidelity,variance_ratio,0.7360849367366954,<=,1.65,1.5,True,True,True,False,unresolved,True
oasis:ldh_release,main4,relative:variance_ratio_max:tighter,single32,recoverability_min,quantitative_fidelity,recoverability_r,0.6703210612939918,>=,0.7,0.7,False,False,False,False,unresolved,True
oasis:ldh_release,main4,relative:variance_ratio_max:tighter,single32,magnitude_spearman_min,quantitative_and_ranking_fidelity,magnitude_spearman,0.6325800814554884,>=,0.7,0.7,False,False,False,False,unresolved,True
oasis:ldh_release,main4,relative:variance_ratio_max:tighter,single32,top5pct_quantitative_min,quantitative_fidelity,top5pct_recall,0.7272727272727273,>=,0.6,0.6,False,True,True,False,unresolved,True
oasis:ldh_release,main4,relative:variance_ratio_max:tighter,single32,top5pct_ranking_min,ranking_fidelity,top5pct_recall,0.7272727272727273,>=,0.5,0.5,False,True,True,False,unresolved,True
oasis:ldh_release,main4,relative:variance_ratio_max:tighter,single32,reliability_min,reference_identifiability,reliability,0.6383702228050183,>=,0.3,0.3,False,True,True,False,unresolved,True
oasis:ldh_release,main4,relative:variance_ratio_max:tighter,single32,measurement_recoverability_max_exclusive,measurement_required_eligibility_not_good_performance,recoverability_r,0.6703210612939918,<,0.6,0.6,False,False,False,False,unresolved,True
oasis:ldh_release,main4,relative:variance_ratio_max:tighter,single32,variance_ratio_min,quantitative_fidelity,variance_ratio,0.7360849367366954,>=,0.5,0.5,False,True,True,False,unresolved,True
oasis:ldh_release,main4,relative:variance_ratio_max:tighter,single32,variance_ratio_max,quantitative_fidelity,variance_ratio,0.7360849367366954,<=,1.35,1.5,True,True,True,False,unresolved,True
periscope_cells:tomm20_mito,main4,baseline,baseline,recoverability_min,quantitative_fidelity,recoverability_r,0.7602489189323185,>=,0.7,0.7,False,True,True,False,not_identifiable,False
periscope_cells:tomm20_mito,main4,baseline,baseline,magnitude_spearman_min,quantitative_and_ranking_fidelity,magnitude_spearman,0.8515795085501604,>=,0.7,0.7,False,True,True,False,not_identifiable,False
periscope_cells:tomm20_mito,main4,baseline,baseline,top5pct_quantitative_min,quantitative_fidelity,top5pct_recall,0.6274509803921569,>=,0.6,0.6,False,True,True,False,not_identifiable,False
periscope_cells:tomm20_mito,main4,baseline,baseline,top5pct_ranking_min,ranking_fidelity,top5pct_recall,0.6274509803921569,>=,0.5,0.5,False,True,True,False,not_identifiable,False
periscope_cells:tomm20_mito,main4,baseline,baseline,reliability_min,reference_identifiability,reliability,0.0051509934755871,>=,0.3,0.3,False,False,False,False,not_identifiable,False
periscope_cells:tomm20_mito,main4,baseline,baseline,measurement_recoverability_max_exclusive,measurement_required_eligibility_not_good_performance,recoverability_r,0.7602489189323185,<,0.6,0.6,False,False,False,False,not_identifiable,False
periscope_cells:tomm20_mito,main4,baseline,baseline,variance_ratio_min,quantitative_fidelity,variance_ratio,0.5092803360785861,>=,0.5,0.5,False,True,True,False,not_identifiable,False
periscope_cells:tomm20_mito,main4,baseline,baseline,variance_ratio_max,quantitative_fidelity,variance_ratio,0.5092803360785861,<=,1.5,1.5,False,True,True,False,not_identifiable,False
periscope_cells:tomm20_mito,main4,absolute:all gates:looser,joint4,recoverability_min,quantitative_fidelity,recoverability_r,0.7602489189323185,>=,0.65,0.7,True,True,True,False,not_identifiable,False
periscope_cells:tomm20_mito,main4,absolute:all gates:looser,joint4,magnitude_spearman_min,quantitative_and_ranking_fidelity,magnitude_spearman,0.8515795085501604,>=,0.65,0.7,True,True,True,False,not_identifiable,False
periscope_cells:tomm20_mito,main4,absolute:all gates:looser,joint4,top5pct_quantitative_min,quantitative_fidelity,top5pct_recall,0.6274509803921569,>=,0.55,0.6,True,True,True,False,not_identifiable,False
periscope_cells:tomm20_mito,main4,absolute:all gates:looser,joint4,top5pct_ranking_min,ranking_fidelity,top5pct_recall,0.6274509803921569,>=,0.45,0.5,True,True,True,False,not_identifiable,False
periscope_cells:tomm20_mito,main4,absolute:all gates:looser,joint4,reliability_min,reference_identifiability,reliability,0.0051509934755871,>=,0.25,0.3,True,False,False,False,not_identifiable,False
periscope_cells:tomm20_mito,main4,absolute:all gates:looser,joint4,measurement_recoverability_max_exclusive,measurement_required_eligibility_not_good_performance,recoverability_r,0.7602489189323185,<,0.55,0.6,True,False,False,False,not_identifiable,False
periscope_cells:tomm20_mito,main4,absolute:all gates:looser,joint4,variance_ratio_min,quantitative_fidelity,variance_ratio,0.5092803360785861,>=,0.45,0.5,True,True,True,False,not_identifiable,False
periscope_cells:tomm20_mito,main4,absolute:all gates:looser,joint4,variance_ratio_max,quantitative_fidelity,variance_ratio,0.5092803360785861,<=,1.55,1.5,True,True,True,False,not_identifiable,False
periscope_cells:tomm20_mito,main4,absolute:all gates:tighter,joint4,recoverability_min,quantitative_fidelity,recoverability_r,0.7602489189323185,>=,0.75,0.7,True,True,True,False,not_identifiable,False
periscope_cells:tomm20_mito,main4,absolute:all gates:tighter,joint4,magnitude_spearman_min,quantitative_and_ranking_fidelity,magnitude_spearman,0.8515795085501604,>=,0.75,0.7,True,True,True,False,not_identifiable,False
periscope_cells:tomm20_mito,main4,absolute:all gates:tighter,joint4,top5pct_quantitative_min,quantitative_fidelity,top5pct_recall,0.6274509803921569,>=,0.65,0.6,True,False,True,True,not_identifiable,False
periscope_cells:tomm20_mito,main4,absolute:all gates:tighter,joint4,top5pct_ranking_min,ranking_fidelity,top5pct_recall,0.6274509803921569,>=,0.55,0.5,True,True,True,False,not_identifiable,False
periscope_cells:tomm20_mito,main4,absolute:all gates:tighter,joint4,reliability_min,reference_identifiability,reliability,0.0051509934755871,>=,0.35,0.3,True,False,False,False,not_identifiable,False
periscope_cells:tomm20_mito,main4,absolute:all gates:tighter,joint4,measurement_recoverability_max_exclusive,measurement_required_eligibility_not_good_performance,recoverability_r,0.7602489189323185,<,0.65,0.6,True,False,False,False,not_identifiable,False
periscope_cells:tomm20_mito,main4,absolute:all gates:tighter,joint4,variance_ratio_min,quantitative_fidelity,variance_ratio,0.5092803360785861,>=,0.55,0.5,True,False,True,True,not_identifiable,False
periscope_cells:tomm20_mito,main4,absolute:all gates:tighter,joint4,variance_ratio_max,quantitative_fidelity,variance_ratio,0.5092803360785861,<=,1.45,1.5,True,True,True,False,not_identifiable,False
periscope_cells:tomm20_mito,main4,absolute:recoverability_min:looser,single32,recoverability_min,quantitative_fidelity,recoverability_r,0.7602489189323185,>=,0.65,0.7,True,True,True,False,not_identifiable,False
periscope_cells:tomm20_mito,main4,absolute:recoverability_min:looser,single32,magnitude_spearman_min,quantitative_and_ranking_fidelity,magnitude_spearman,0.8515795085501604,>=,0.7,0.7,False,True,True,False,not_identifiable,False
periscope_cells:tomm20_mito,main4,absolute:recoverability_min:looser,single32,top5pct_quantitative_min,quantitative_fidelity,top5pct_recall,0.6274509803921569,>=,0.6,0.6,False,True,True,False,not_identifiable,False
periscope_cells:tomm20_mito,main4,absolute:recoverability_min:looser,single32,top5pct_ranking_min,ranking_fidelity,top5pct_recall,0.6274509803921569,>=,0.5,0.5,False,True,True,False,not_identifiable,False
periscope_cells:tomm20_mito,main4,absolute:recoverability_min:looser,single32,reliability_min,reference_identifiability,reliability,0.0051509934755871,>=,0.3,0.3,False,False,False,False,not_identifiable,False
periscope_cells:tomm20_mito,main4,absolute:recoverability_min:looser,single32,measurement_recoverability_max_exclusive,measurement_required_eligibility_not_good_performance,recoverability_r,0.7602489189323185,<,0.6,0.6,False,False,False,False,not_identifiable,False
periscope_cells:tomm20_mito,main4,absolute:recoverability_min:looser,single32,variance_ratio_min,quantitative_fidelity,variance_ratio,0.5092803360785861,>=,0.5,0.5,False,True,True,False,not_identifiable,False
periscope_cells:tomm20_mito,main4,absolute:recoverability_min:looser,single32,variance_ratio_max,quantitative_fidelity,variance_ratio,0.5092803360785861,<=,1.5,1.5,False,True,True,False,not_identifiable,False
periscope_cells:tomm20_mito,main4,absolute:recoverability_min:tighter,single32,recoverability_min,quantitative_fidelity,recoverability_r,0.7602489189323185,>=,0.75,0.7,True,True,True,False,not_identifiable,False
periscope_cells:tomm20_mito,main4,absolute:recoverability_min:tighter,single32,magnitude_spearman_min,quantitative_and_ranking_fidelity,magnitude_spearman,0.8515795085501604,>=,0.7,0.7,False,True,True,False,not_identifiable,False
periscope_cells:tomm20_mito,main4,absolute:recoverability_min:tighter,single32,top5pct_quantitative_min,quantitative_fidelity,top5pct_recall,0.6274509803921569,>=,0.6,0.6,False,True,True,False,not_identifiable,False
periscope_cells:tomm20_mito,main4,absolute:recoverability_min:tighter,single32,top5pct_ranking_min,ranking_fidelity,top5pct_recall,0.6274509803921569,>=,0.5,0.5,False,True,True,False,not_identifiable,False
periscope_cells:tomm20_mito,main4,absolute:recoverability_min:tighter,single32,reliability_min,reference_identifiability,reliability,0.0051509934755871,>=,0.3,0.3,False,False,False,False,not_identifiable,False
periscope_cells:tomm20_mito,main4,absolute:recoverability_min:tighter,single32,measurement_recoverability_max_exclusive,measurement_required_eligibility_not_good_performance,recoverability_r,0.7602489189323185,<,0.6,0.6,False,False,False,False,not_identifiable,False
periscope_cells:tomm20_mito,main4,absolute:recoverability_min:tighter,single32,variance_ratio_min,quantitative_fidelity,variance_ratio,0.5092803360785861,>=,0.5,0.5,False,True,True,False,not_identifiable,False
periscope_cells:tomm20_mito,main4,absolute:recoverability_min:tighter,single32,variance_ratio_max,quantitative_fidelity,variance_ratio,0.5092803360785861,<=,1.5,1.5,False,True,True,False,not_identifiable,False
periscope_cells:tomm20_mito,main4,absolute:magnitude_spearman_min:looser,single32,recoverability_min,quantitative_fidelity,recoverability_r,0.7602489189323185,>=,0.7,0.7,False,True,True,False,not_identifiable,False
periscope_cells:tomm20_mito,main4,absolute:magnitude_spearman_min:looser,single32,magnitude_spearman_min,quantitative_and_ranking_fidelity,magnitude_spearman,0.8515795085501604,>=,0.65,0.7,True,True,True,False,not_identifiable,False
periscope_cells:tomm20_mito,main4,absolute:magnitude_spearman_min:looser,single32,top5pct_quantitative_min,quantitative_fidelity,top5pct_recall,0.6274509803921569,>=,0.6,0.6,False,True,True,False,not_identifiable,False
periscope_cells:tomm20_mito,main4,absolute:magnitude_spearman_min:looser,single32,top5pct_ranking_min,ranking_fidelity,top5pct_recall,0.6274509803921569,>=,0.5,0.5,False,True,True,False,not_identifiable,False
periscope_cells:tomm20_mito,main4,absolute:magnitude_spearman_min:looser,single32,reliability_min,reference_identifiability,reliability,0.0051509934755871,>=,0.3,0.3,False,False,False,False,not_identifiable,False
periscope_cells:tomm20_mito,main4,absolute:magnitude_spearman_min:looser,single32,measurement_recoverability_max_exclusive,measurement_required_eligibility_not_good_performance,recoverability_r,0.7602489189323185,<,0.6,0.6,False,False,False,False,not_identifiable,False
periscope_cells:tomm20_mito,main4,absolute:magnitude_spearman_min:looser,single32,variance_ratio_min,quantitative_fidelity,variance_ratio,0.5092803360785861,>=,0.5,0.5,False,True,True,False,not_identifiable,False
periscope_cells:tomm20_mito,main4,absolute:magnitude_spearman_min:looser,single32,variance_ratio_max,quantitative_fidelity,variance_ratio,0.5092803360785861,<=,1.5,1.5,False,True,True,False,not_identifiable,False
periscope_cells:tomm20_mito,main4,absolute:magnitude_spearman_min:tighter,single32,recoverability_min,quantitative_fidelity,recoverability_r,0.7602489189323185,>=,0.7,0.7,False,True,True,False,not_identifiable,False
periscope_cells:tomm20_mito,main4,absolute:magnitude_spearman_min:tighter,single32,magnitude_spearman_min,quantitative_and_ranking_fidelity,magnitude_spearman,0.8515795085501604,>=,0.75,0.7,True,True,True,False,not_identifiable,False
periscope_cells:tomm20_mito,main4,absolute:magnitude_spearman_min:tighter,single32,top5pct_quantitative_min,quantitative_fidelity,top5pct_recall,0.6274509803921569,>=,0.6,0.6,False,True,True,False,not_identifiable,False
periscope_cells:tomm20_mito,main4,absolute:magnitude_spearman_min:tighter,single32,top5pct_ranking_min,ranking_fidelity,top5pct_recall,0.6274509803921569,>=,0.5,0.5,False,True,True,False,not_identifiable,False
periscope_cells:tomm20_mito,main4,absolute:magnitude_spearman_min:tighter,single32,reliability_min,reference_identifiability,reliability,0.0051509934755871,>=,0.3,0.3,False,False,False,False,not_identifiable,False
periscope_cells:tomm20_mito,main4,absolute:magnitude_spearman_min:tighter,single32,measurement_recoverability_max_exclusive,measurement_required_eligibility_not_good_performance,recoverability_r,0.7602489189323185,<,0.6,0.6,False,False,False,False,not_identifiable,False
periscope_cells:tomm20_mito,main4,absolute:magnitude_spearman_min:tighter,single32,variance_ratio_min,quantitative_fidelity,variance_ratio,0.5092803360785861,>=,0.5,0.5,False,True,True,False,not_identifiable,False
periscope_cells:tomm20_mito,main4,absolute:magnitude_spearman_min:tighter,single32,variance_ratio_max,quantitative_fidelity,variance_ratio,0.5092803360785861,<=,1.5,1.5,False,True,True,False,not_identifiable,False
periscope_cells:tomm20_mito,main4,absolute:top5pct_quantitative_min:looser,single32,recoverability_min,quantitative_fidelity,recoverability_r,0.7602489189323185,>=,0.7,0.7,False,True,True,False,not_identifiable,False
periscope_cells:tomm20_mito,main4,absolute:top5pct_quantitative_min:looser,single32,magnitude_spearman_min,quantitative_and_ranking_fidelity,magnitude_spearman,0.8515795085501604,>=,0.7,0.7,False,True,True,False,not_identifiable,False
periscope_cells:tomm20_mito,main4,absolute:top5pct_quantitative_min:looser,single32,top5pct_quantitative_min,quantitative_fidelity,top5pct_recall,0.6274509803921569,>=,0.55,0.6,True,True,True,False,not_identifiable,False
periscope_cells:tomm20_mito,main4,absolute:top5pct_quantitative_min:looser,single32,top5pct_ranking_min,ranking_fidelity,top5pct_recall,0.6274509803921569,>=,0.5,0.5,False,True,True,False,not_identifiable,False
periscope_cells:tomm20_mito,main4,absolute:top5pct_quantitative_min:looser,single32,reliability_min,reference_identifiability,reliability,0.0051509934755871,>=,0.3,0.3,False,False,False,False,not_identifiable,False
periscope_cells:tomm20_mito,main4,absolute:top5pct_quantitative_min:looser,single32,measurement_recoverability_max_exclusive,measurement_required_eligibility_not_good_performance,recoverability_r,0.7602489189323185,<,0.6,0.6,False,False,False,False,not_identifiable,False
periscope_cells:tomm20_mito,main4,absolute:top5pct_quantitative_min:looser,single32,variance_ratio_min,quantitative_fidelity,variance_ratio,0.5092803360785861,>=,0.5,0.5,False,True,True,False,not_identifiable,False
periscope_cells:tomm20_mito,main4,absolute:top5pct_quantitative_min:looser,single32,variance_ratio_max,quantitative_fidelity,variance_ratio,0.5092803360785861,<=,1.5,1.5,False,True,True,False,not_identifiable,False
periscope_cells:tomm20_mito,main4,absolute:top5pct_quantitative_min:tighter,single32,recoverability_min,quantitative_fidelity,recoverability_r,0.7602489189323185,>=,0.7,0.7,False,True,True,False,not_identifiable,False
periscope_cells:tomm20_mito,main4,absolute:top5pct_quantitative_min:tighter,single32,magnitude_spearman_min,quantitative_and_ranking_fidelity,magnitude_spearman,0.8515795085501604,>=,0.7,0.7,False,True,True,False,not_identifiable,False
periscope_cells:tomm20_mito,main4,absolute:top5pct_quantitative_min:tighter,single32,top5pct_quantitative_min,quantitative_fidelity,top5pct_recall,0.6274509803921569,>=,0.65,0.6,True,False,True,True,not_identifiable,False
periscope_cells:tomm20_mito,main4,absolute:top5pct_quantitative_min:tighter,single32,top5pct_ranking_min,ranking_fidelity,top5pct_recall,0.6274509803921569,>=,0.5,0.5,False,True,True,False,not_identifiable,False
periscope_cells:tomm20_mito,main4,absolute:top5pct_quantitative_min:tighter,single32,reliability_min,reference_identifiability,reliability,0.0051509934755871,>=,0.3,0.3,False,False,False,False,not_identifiable,False
periscope_cells:tomm20_mito,main4,absolute:top5pct_quantitative_min:tighter,single32,measurement_recoverability_max_exclusive,measurement_required_eligibility_not_good_performance,recoverability_r,0.7602489189323185,<,0.6,0.6,False,False,False,False,not_identifiable,False
periscope_cells:tomm20_mito,main4,absolute:top5pct_quantitative_min:tighter,single32,variance_ratio_min,quantitative_fidelity,variance_ratio,0.5092803360785861,>=,0.5,0.5,False,True,True,False,not_identifiable,False
periscope_cells:tomm20_mito,main4,absolute:top5pct_quantitative_min:tighter,single32,variance_ratio_max,quantitative_fidelity,variance_ratio,0.5092803360785861,<=,1.5,1.5,False,True,True,False,not_identifiable,False
periscope_cells:tomm20_mito,main4,absolute:top5pct_ranking_min:looser,single32,recoverability_min,quantitative_fidelity,recoverability_r,0.7602489189323185,>=,0.7,0.7,False,True,True,False,not_identifiable,False
periscope_cells:tomm20_mito,main4,absolute:top5pct_ranking_min:looser,single32,magnitude_spearman_min,quantitative_and_ranking_fidelity,magnitude_spearman,0.8515795085501604,>=,0.7,0.7,False,True,True,False,not_identifiable,False
periscope_cells:tomm20_mito,main4,absolute:top5pct_ranking_min:looser,single32,top5pct_quantitative_min,quantitative_fidelity,top5pct_recall,0.6274509803921569,>=,0.6,0.6,False,True,True,False,not_identifiable,False
periscope_cells:tomm20_mito,main4,absolute:top5pct_ranking_min:looser,single32,top5pct_ranking_min,ranking_fidelity,top5pct_recall,0.6274509803921569,>=,0.45,0.5,True,True,True,False,not_identifiable,False
periscope_cells:tomm20_mito,main4,absolute:top5pct_ranking_min:looser,single32,reliability_min,reference_identifiability,reliability,0.0051509934755871,>=,0.3,0.3,False,False,False,False,not_identifiable,False
periscope_cells:tomm20_mito,main4,absolute:top5pct_ranking_min:looser,single32,measurement_recoverability_max_exclusive,measurement_required_eligibility_not_good_performance,recoverability_r,0.7602489189323185,<,0.6,0.6,False,False,False,False,not_identifiable,False
periscope_cells:tomm20_mito,main4,absolute:top5pct_ranking_min:looser,single32,variance_ratio_min,quantitative_fidelity,variance_ratio,0.5092803360785861,>=,0.5,0.5,False,True,True,False,not_identifiable,False
periscope_cells:tomm20_mito,main4,absolute:top5pct_ranking_min:looser,single32,variance_ratio_max,quantitative_fidelity,variance_ratio,0.5092803360785861,<=,1.5,1.5,False,True,True,False,not_identifiable,False
periscope_cells:tomm20_mito,main4,absolute:top5pct_ranking_min:tighter,single32,recoverability_min,quantitative_fidelity,recoverability_r,0.7602489189323185,>=,0.7,0.7,False,True,True,False,not_identifiable,False
periscope_cells:tomm20_mito,main4,absolute:top5pct_ranking_min:tighter,single32,magnitude_spearman_min,quantitative_and_ranking_fidelity,magnitude_spearman,0.8515795085501604,>=,0.7,0.7,False,True,True,False,not_identifiable,False
periscope_cells:tomm20_mito,main4,absolute:top5pct_ranking_min:tighter,single32,top5pct_quantitative_min,quantitative_fidelity,top5pct_recall,0.6274509803921569,>=,0.6,0.6,False,True,True,False,not_identifiable,False
periscope_cells:tomm20_mito,main4,absolute:top5pct_ranking_min:tighter,single32,top5pct_ranking_min,ranking_fidelity,top5pct_recall,0.6274509803921569,>=,0.55,0.5,True,True,True,False,not_identifiable,False
periscope_cells:tomm20_mito,main4,absolute:top5pct_ranking_min:tighter,single32,reliability_min,reference_identifiability,reliability,0.0051509934755871,>=,0.3,0.3,False,False,False,False,not_identifiable,False
periscope_cells:tomm20_mito,main4,absolute:top5pct_ranking_min:tighter,single32,measurement_recoverability_max_exclusive,measurement_required_eligibility_not_good_performance,recoverability_r,0.7602489189323185,<,0.6,0.6,False,False,False,False,not_identifiable,False
periscope_cells:tomm20_mito,main4,absolute:top5pct_ranking_min:tighter,single32,variance_ratio_min,quantitative_fidelity,variance_ratio,0.5092803360785861,>=,0.5,0.5,False,True,True,False,not_identifiable,False
periscope_cells:tomm20_mito,main4,absolute:top5pct_ranking_min:tighter,single32,variance_ratio_max,quantitative_fidelity,variance_ratio,0.5092803360785861,<=,1.5,1.5,False,True,True,False,not_identifiable,False
periscope_cells:tomm20_mito,main4,absolute:reliability_min:looser,single32,recoverability_min,quantitative_fidelity,recoverability_r,0.7602489189323185,>=,0.7,0.7,False,True,True,False,not_identifiable,False
periscope_cells:tomm20_mito,main4,absolute:reliability_min:looser,single32,magnitude_spearman_min,quantitative_and_ranking_fidelity,magnitude_spearman,0.8515795085501604,>=,0.7,0.7,False,True,True,False,not_identifiable,False
periscope_cells:tomm20_mito,main4,absolute:reliability_min:looser,single32,top5pct_quantitative_min,quantitative_fidelity,top5pct_recall,0.6274509803921569,>=,0.6,0.6,False,True,True,False,not_identifiable,False
periscope_cells:tomm20_mito,main4,absolute:reliability_min:looser,single32,top5pct_ranking_min,ranking_fidelity,top5pct_recall,0.6274509803921569,>=,0.5,0.5,False,True,True,False,not_identifiable,False
periscope_cells:tomm20_mito,main4,absolute:reliability_min:looser,single32,reliability_min,reference_identifiability,reliability,0.0051509934755871,>=,0.25,0.3,True,False,False,False,not_identifiable,False
periscope_cells:tomm20_mito,main4,absolute:reliability_min:looser,single32,measurement_recoverability_max_exclusive,measurement_required_eligibility_not_good_performance,recoverability_r,0.7602489189323185,<,0.6,0.6,False,False,False,False,not_identifiable,False
periscope_cells:tomm20_mito,main4,absolute:reliability_min:looser,single32,variance_ratio_min,quantitative_fidelity,variance_ratio,0.5092803360785861,>=,0.5,0.5,False,True,True,False,not_identifiable,False
periscope_cells:tomm20_mito,main4,absolute:reliability_min:looser,single32,variance_ratio_max,quantitative_fidelity,variance_ratio,0.5092803360785861,<=,1.5,1.5,False,True,True,False,not_identifiable,False
periscope_cells:tomm20_mito,main4,absolute:reliability_min:tighter,single32,recoverability_min,quantitative_fidelity,recoverability_r,0.7602489189323185,>=,0.7,0.7,False,True,True,False,not_identifiable,False
periscope_cells:tomm20_mito,main4,absolute:reliability_min:tighter,single32,magnitude_spearman_min,quantitative_and_ranking_fidelity,magnitude_spearman,0.8515795085501604,>=,0.7,0.7,False,True,True,False,not_identifiable,False
periscope_cells:tomm20_mito,main4,absolute:reliability_min:tighter,single32,top5pct_quantitative_min,quantitative_fidelity,top5pct_recall,0.6274509803921569,>=,0.6,0.6,False,True,True,False,not_identifiable,False
periscope_cells:tomm20_mito,main4,absolute:reliability_min:tighter,single32,top5pct_ranking_min,ranking_fidelity,top5pct_recall,0.6274509803921569,>=,0.5,0.5,False,True,True,False,not_identifiable,False
periscope_cells:tomm20_mito,main4,absolute:reliability_min:tighter,single32,reliability_min,reference_identifiability,reliability,0.0051509934755871,>=,0.35,0.3,True,False,False,False,not_identifiable,False
periscope_cells:tomm20_mito,main4,absolute:reliability_min:tighter,single32,measurement_recoverability_max_exclusive,measurement_required_eligibility_not_good_performance,recoverability_r,0.7602489189323185,<,0.6,0.6,False,False,False,False,not_identifiable,False
periscope_cells:tomm20_mito,main4,absolute:reliability_min:tighter,single32,variance_ratio_min,quantitative_fidelity,variance_ratio,0.5092803360785861,>=,0.5,0.5,False,True,True,False,not_identifiable,False
periscope_cells:tomm20_mito,main4,absolute:reliability_min:tighter,single32,variance_ratio_max,quantitative_fidelity,variance_ratio,0.5092803360785861,<=,1.5,1.5,False,True,True,False,not_identifiable,False
periscope_cells:tomm20_mito,main4,absolute:measurement_recoverability_max_exclusive:looser,single32,recoverability_min,quantitative_fidelity,recoverability_r,0.7602489189323185,>=,0.7,0.7,False,True,True,False,not_identifiable,False
periscope_cells:tomm20_mito,main4,absolute:measurement_recoverability_max_exclusive:looser,single32,magnitude_spearman_min,quantitative_and_ranking_fidelity,magnitude_spearman,0.8515795085501604,>=,0.7,0.7,False,True,True,False,not_identifiable,False
periscope_cells:tomm20_mito,main4,absolute:measurement_recoverability_max_exclusive:looser,single32,top5pct_quantitative_min,quantitative_fidelity,top5pct_recall,0.6274509803921569,>=,0.6,0.6,False,True,True,False,not_identifiable,False
periscope_cells:tomm20_mito,main4,absolute:measurement_recoverability_max_exclusive:looser,single32,top5pct_ranking_min,ranking_fidelity,top5pct_recall,0.6274509803921569,>=,0.5,0.5,False,True,True,False,not_identifiable,False
periscope_cells:tomm20_mito,main4,absolute:measurement_recoverability_max_exclusive:looser,single32,reliability_min,reference_identifiability,reliability,0.0051509934755871,>=,0.3,0.3,False,False,False,False,not_identifiable,False
periscope_cells:tomm20_mito,main4,absolute:measurement_recoverability_max_exclusive:looser,single32,measurement_recoverability_max_exclusive,measurement_required_eligibility_not_good_performance,recoverability_r,0.7602489189323185,<,0.55,0.6,True,False,False,False,not_identifiable,False
periscope_cells:tomm20_mito,main4,absolute:measurement_recoverability_max_exclusive:looser,single32,variance_ratio_min,quantitative_fidelity,variance_ratio,0.5092803360785861,>=,0.5,0.5,False,True,True,False,not_identifiable,False
periscope_cells:tomm20_mito,main4,absolute:measurement_recoverability_max_exclusive:looser,single32,variance_ratio_max,quantitative_fidelity,variance_ratio,0.5092803360785861,<=,1.5,1.5,False,True,True,False,not_identifiable,False
periscope_cells:tomm20_mito,main4,absolute:measurement_recoverability_max_exclusive:tighter,single32,recoverability_min,quantitative_fidelity,recoverability_r,0.7602489189323185,>=,0.7,0.7,False,True,True,False,not_identifiable,False
periscope_cells:tomm20_mito,main4,absolute:measurement_recoverability_max_exclusive:tighter,single32,magnitude_spearman_min,quantitative_and_ranking_fidelity,magnitude_spearman,0.8515795085501604,>=,0.7,0.7,False,True,True,False,not_identifiable,False
periscope_cells:tomm20_mito,main4,absolute:measurement_recoverability_max_exclusive:tighter,single32,top5pct_quantitative_min,quantitative_fidelity,top5pct_recall,0.6274509803921569,>=,0.6,0.6,False,True,True,False,not_identifiable,False
periscope_cells:tomm20_mito,main4,absolute:measurement_recoverability_max_exclusive:tighter,single32,top5pct_ranking_min,ranking_fidelity,top5pct_recall,0.6274509803921569,>=,0.5,0.5,False,True,True,False,not_identifiable,False
periscope_cells:tomm20_mito,main4,absolute:measurement_recoverability_max_exclusive:tighter,single32,reliability_min,reference_identifiability,reliability,0.0051509934755871,>=,0.3,0.3,False,False,False,False,not_identifiable,False
periscope_cells:tomm20_mito,main4,absolute:measurement_recoverability_max_exclusive:tighter,single32,measurement_recoverability_max_exclusive,measurement_required_eligibility_not_good_performance,recoverability_r,0.7602489189323185,<,0.65,0.6,True,False,False,False,not_identifiable,False
periscope_cells:tomm20_mito,main4,absolute:measurement_recoverability_max_exclusive:tighter,single32,variance_ratio_min,quantitative_fidelity,variance_ratio,0.5092803360785861,>=,0.5,0.5,False,True,True,False,not_identifiable,False
periscope_cells:tomm20_mito,main4,absolute:measurement_recoverability_max_exclusive:tighter,single32,variance_ratio_max,quantitative_fidelity,variance_ratio,0.5092803360785861,<=,1.5,1.5,False,True,True,False,not_identifiable,False
periscope_cells:tomm20_mito,main4,absolute:variance_ratio_min:looser,single32,recoverability_min,quantitative_fidelity,recoverability_r,0.7602489189323185,>=,0.7,0.7,False,True,True,False,not_identifiable,False
periscope_cells:tomm20_mito,main4,absolute:variance_ratio_min:looser,single32,magnitude_spearman_min,quantitative_and_ranking_fidelity,magnitude_spearman,0.8515795085501604,>=,0.7,0.7,False,True,True,False,not_identifiable,False
periscope_cells:tomm20_mito,main4,absolute:variance_ratio_min:looser,single32,top5pct_quantitative_min,quantitative_fidelity,top5pct_recall,0.6274509803921569,>=,0.6,0.6,False,True,True,False,not_identifiable,False
periscope_cells:tomm20_mito,main4,absolute:variance_ratio_min:looser,single32,top5pct_ranking_min,ranking_fidelity,top5pct_recall,0.6274509803921569,>=,0.5,0.5,False,True,True,False,not_identifiable,False
periscope_cells:tomm20_mito,main4,absolute:variance_ratio_min:looser,single32,reliability_min,reference_identifiability,reliability,0.0051509934755871,>=,0.3,0.3,False,False,False,False,not_identifiable,False
periscope_cells:tomm20_mito,main4,absolute:variance_ratio_min:looser,single32,measurement_recoverability_max_exclusive,measurement_required_eligibility_not_good_performance,recoverability_r,0.7602489189323185,<,0.6,0.6,False,False,False,False,not_identifiable,False
periscope_cells:tomm20_mito,main4,absolute:variance_ratio_min:looser,single32,variance_ratio_min,quantitative_fidelity,variance_ratio,0.5092803360785861,>=,0.45,0.5,True,True,True,False,not_identifiable,False
periscope_cells:tomm20_mito,main4,absolute:variance_ratio_min:looser,single32,variance_ratio_max,quantitative_fidelity,variance_ratio,0.5092803360785861,<=,1.5,1.5,False,True,True,False,not_identifiable,False
periscope_cells:tomm20_mito,main4,absolute:variance_ratio_min:tighter,single32,recoverability_min,quantitative_fidelity,recoverability_r,0.7602489189323185,>=,0.7,0.7,False,True,True,False,not_identifiable,False
periscope_cells:tomm20_mito,main4,absolute:variance_ratio_min:tighter,single32,magnitude_spearman_min,quantitative_and_ranking_fidelity,magnitude_spearman,0.8515795085501604,>=,0.7,0.7,False,True,True,False,not_identifiable,False
periscope_cells:tomm20_mito,main4,absolute:variance_ratio_min:tighter,single32,top5pct_quantitative_min,quantitative_fidelity,top5pct_recall,0.6274509803921569,>=,0.6,0.6,False,True,True,False,not_identifiable,False
periscope_cells:tomm20_mito,main4,absolute:variance_ratio_min:tighter,single32,top5pct_ranking_min,ranking_fidelity,top5pct_recall,0.6274509803921569,>=,0.5,0.5,False,True,True,False,not_identifiable,False
periscope_cells:tomm20_mito,main4,absolute:variance_ratio_min:tighter,single32,reliability_min,reference_identifiability,reliability,0.0051509934755871,>=,0.3,0.3,False,False,False,False,not_identifiable,False
periscope_cells:tomm20_mito,main4,absolute:variance_ratio_min:tighter,single32,measurement_recoverability_max_exclusive,measurement_required_eligibility_not_good_performance,recoverability_r,0.7602489189323185,<,0.6,0.6,False,False,False,False,not_identifiable,False
periscope_cells:tomm20_mito,main4,absolute:variance_ratio_min:tighter,single32,variance_ratio_min,quantitative_fidelity,variance_ratio,0.5092803360785861,>=,0.55,0.5,True,False,True,True,not_identifiable,False
periscope_cells:tomm20_mito,main4,absolute:variance_ratio_min:tighter,single32,variance_ratio_max,quantitative_fidelity,variance_ratio,0.5092803360785861,<=,1.5,1.5,False,True,True,False,not_identifiable,False
periscope_cells:tomm20_mito,main4,absolute:variance_ratio_max:looser,single32,recoverability_min,quantitative_fidelity,recoverability_r,0.7602489189323185,>=,0.7,0.7,False,True,True,False,not_identifiable,False
periscope_cells:tomm20_mito,main4,absolute:variance_ratio_max:looser,single32,magnitude_spearman_min,quantitative_and_ranking_fidelity,magnitude_spearman,0.8515795085501604,>=,0.7,0.7,False,True,True,False,not_identifiable,False
periscope_cells:tomm20_mito,main4,absolute:variance_ratio_max:looser,single32,top5pct_quantitative_min,quantitative_fidelity,top5pct_recall,0.6274509803921569,>=,0.6,0.6,False,True,True,False,not_identifiable,False
periscope_cells:tomm20_mito,main4,absolute:variance_ratio_max:looser,single32,top5pct_ranking_min,ranking_fidelity,top5pct_recall,0.6274509803921569,>=,0.5,0.5,False,True,True,False,not_identifiable,False
periscope_cells:tomm20_mito,main4,absolute:variance_ratio_max:looser,single32,reliability_min,reference_identifiability,reliability,0.0051509934755871,>=,0.3,0.3,False,False,False,False,not_identifiable,False
periscope_cells:tomm20_mito,main4,absolute:variance_ratio_max:looser,single32,measurement_recoverability_max_exclusive,measurement_required_eligibility_not_good_performance,recoverability_r,0.7602489189323185,<,0.6,0.6,False,False,False,False,not_identifiable,False
periscope_cells:tomm20_mito,main4,absolute:variance_ratio_max:looser,single32,variance_ratio_min,quantitative_fidelity,variance_ratio,0.5092803360785861,>=,0.5,0.5,False,True,True,False,not_identifiable,False
periscope_cells:tomm20_mito,main4,absolute:variance_ratio_max:looser,single32,variance_ratio_max,quantitative_fidelity,variance_ratio,0.5092803360785861,<=,1.55,1.5,True,True,True,False,not_identifiable,False
periscope_cells:tomm20_mito,main4,absolute:variance_ratio_max:tighter,single32,recoverability_min,quantitative_fidelity,recoverability_r,0.7602489189323185,>=,0.7,0.7,False,True,True,False,not_identifiable,False
periscope_cells:tomm20_mito,main4,absolute:variance_ratio_max:tighter,single32,magnitude_spearman_min,quantitative_and_ranking_fidelity,magnitude_spearman,0.8515795085501604,>=,0.7,0.7,False,True,True,False,not_identifiable,False
periscope_cells:tomm20_mito,main4,absolute:variance_ratio_max:tighter,single32,top5pct_quantitative_min,quantitative_fidelity,top5pct_recall,0.6274509803921569,>=,0.6,0.6,False,True,True,False,not_identifiable,False
periscope_cells:tomm20_mito,main4,absolute:variance_ratio_max:tighter,single32,top5pct_ranking_min,ranking_fidelity,top5pct_recall,0.6274509803921569,>=,0.5,0.5,False,True,True,False,not_identifiable,False
periscope_cells:tomm20_mito,main4,absolute:variance_ratio_max:tighter,single32,reliability_min,reference_identifiability,reliability,0.0051509934755871,>=,0.3,0.3,False,False,False,False,not_identifiable,False
periscope_cells:tomm20_mito,main4,absolute:variance_ratio_max:tighter,single32,measurement_recoverability_max_exclusive,measurement_required_eligibility_not_good_performance,recoverability_r,0.7602489189323185,<,0.6,0.6,False,False,False,False,not_identifiable,False
periscope_cells:tomm20_mito,main4,absolute:variance_ratio_max:tighter,single32,variance_ratio_min,quantitative_fidelity,variance_ratio,0.5092803360785861,>=,0.5,0.5,False,True,True,False,not_identifiable,False
periscope_cells:tomm20_mito,main4,absolute:variance_ratio_max:tighter,single32,variance_ratio_max,quantitative_fidelity,variance_ratio,0.5092803360785861,<=,1.45,1.5,True,True,True,False,not_identifiable,False
periscope_cells:tomm20_mito,main4,relative:all gates:looser,joint4,recoverability_min,quantitative_fidelity,recoverability_r,0.7602489189323185,>=,0.63,0.7,True,True,True,False,not_identifiable,False
periscope_cells:tomm20_mito,main4,relative:all gates:looser,joint4,magnitude_spearman_min,quantitative_and_ranking_fidelity,magnitude_spearman,0.8515795085501604,>=,0.63,0.7,True,True,True,False,not_identifiable,False
periscope_cells:tomm20_mito,main4,relative:all gates:looser,joint4,top5pct_quantitative_min,quantitative_fidelity,top5pct_recall,0.6274509803921569,>=,0.54,0.6,True,True,True,False,not_identifiable,False
periscope_cells:tomm20_mito,main4,relative:all gates:looser,joint4,top5pct_ranking_min,ranking_fidelity,top5pct_recall,0.6274509803921569,>=,0.45,0.5,True,True,True,False,not_identifiable,False
periscope_cells:tomm20_mito,main4,relative:all gates:looser,joint4,reliability_min,reference_identifiability,reliability,0.0051509934755871,>=,0.27,0.3,True,False,False,False,not_identifiable,False
periscope_cells:tomm20_mito,main4,relative:all gates:looser,joint4,measurement_recoverability_max_exclusive,measurement_required_eligibility_not_good_performance,recoverability_r,0.7602489189323185,<,0.54,0.6,True,False,False,False,not_identifiable,False
periscope_cells:tomm20_mito,main4,relative:all gates:looser,joint4,variance_ratio_min,quantitative_fidelity,variance_ratio,0.5092803360785861,>=,0.45,0.5,True,True,True,False,not_identifiable,False
periscope_cells:tomm20_mito,main4,relative:all gates:looser,joint4,variance_ratio_max,quantitative_fidelity,variance_ratio,0.5092803360785861,<=,1.65,1.5,True,True,True,False,not_identifiable,False
periscope_cells:tomm20_mito,main4,relative:all gates:tighter,joint4,recoverability_min,quantitative_fidelity,recoverability_r,0.7602489189323185,>=,0.77,0.7,True,False,True,True,not_identifiable,False
periscope_cells:tomm20_mito,main4,relative:all gates:tighter,joint4,magnitude_spearman_min,quantitative_and_ranking_fidelity,magnitude_spearman,0.8515795085501604,>=,0.77,0.7,True,True,True,False,not_identifiable,False
periscope_cells:tomm20_mito,main4,relative:all gates:tighter,joint4,top5pct_quantitative_min,quantitative_fidelity,top5pct_recall,0.6274509803921569,>=,0.66,0.6,True,False,True,True,not_identifiable,False
periscope_cells:tomm20_mito,main4,relative:all gates:tighter,joint4,top5pct_ranking_min,ranking_fidelity,top5pct_recall,0.6274509803921569,>=,0.55,0.5,True,True,True,False,not_identifiable,False
periscope_cells:tomm20_mito,main4,relative:all gates:tighter,joint4,reliability_min,reference_identifiability,reliability,0.0051509934755871,>=,0.33,0.3,True,False,False,False,not_identifiable,False
periscope_cells:tomm20_mito,main4,relative:all gates:tighter,joint4,measurement_recoverability_max_exclusive,measurement_required_eligibility_not_good_performance,recoverability_r,0.7602489189323185,<,0.66,0.6,True,False,False,False,not_identifiable,False
periscope_cells:tomm20_mito,main4,relative:all gates:tighter,joint4,variance_ratio_min,quantitative_fidelity,variance_ratio,0.5092803360785861,>=,0.55,0.5,True,False,True,True,not_identifiable,False
periscope_cells:tomm20_mito,main4,relative:all gates:tighter,joint4,variance_ratio_max,quantitative_fidelity,variance_ratio,0.5092803360785861,<=,1.35,1.5,True,True,True,False,not_identifiable,False
periscope_cells:tomm20_mito,main4,relative:recoverability_min:looser,single32,recoverability_min,quantitative_fidelity,recoverability_r,0.7602489189323185,>=,0.63,0.7,True,True,True,False,not_identifiable,False
periscope_cells:tomm20_mito,main4,relative:recoverability_min:looser,single32,magnitude_spearman_min,quantitative_and_ranking_fidelity,magnitude_spearman,0.8515795085501604,>=,0.7,0.7,False,True,True,False,not_identifiable,False
periscope_cells:tomm20_mito,main4,relative:recoverability_min:looser,single32,top5pct_quantitative_min,quantitative_fidelity,top5pct_recall,0.6274509803921569,>=,0.6,0.6,False,True,True,False,not_identifiable,False
periscope_cells:tomm20_mito,main4,relative:recoverability_min:looser,single32,top5pct_ranking_min,ranking_fidelity,top5pct_recall,0.6274509803921569,>=,0.5,0.5,False,True,True,False,not_identifiable,False
periscope_cells:tomm20_mito,main4,relative:recoverability_min:looser,single32,reliability_min,reference_identifiability,reliability,0.0051509934755871,>=,0.3,0.3,False,False,False,False,not_identifiable,False
periscope_cells:tomm20_mito,main4,relative:recoverability_min:looser,single32,measurement_recoverability_max_exclusive,measurement_required_eligibility_not_good_performance,recoverability_r,0.7602489189323185,<,0.6,0.6,False,False,False,False,not_identifiable,False
periscope_cells:tomm20_mito,main4,relative:recoverability_min:looser,single32,variance_ratio_min,quantitative_fidelity,variance_ratio,0.5092803360785861,>=,0.5,0.5,False,True,True,False,not_identifiable,False
periscope_cells:tomm20_mito,main4,relative:recoverability_min:looser,single32,variance_ratio_max,quantitative_fidelity,variance_ratio,0.5092803360785861,<=,1.5,1.5,False,True,True,False,not_identifiable,False
periscope_cells:tomm20_mito,main4,relative:recoverability_min:tighter,single32,recoverability_min,quantitative_fidelity,recoverability_r,0.7602489189323185,>=,0.77,0.7,True,False,True,True,not_identifiable,False
periscope_cells:tomm20_mito,main4,relative:recoverability_min:tighter,single32,magnitude_spearman_min,quantitative_and_ranking_fidelity,magnitude_spearman,0.8515795085501604,>=,0.7,0.7,False,True,True,False,not_identifiable,False
periscope_cells:tomm20_mito,main4,relative:recoverability_min:tighter,single32,top5pct_quantitative_min,quantitative_fidelity,top5pct_recall,0.6274509803921569,>=,0.6,0.6,False,True,True,False,not_identifiable,False
periscope_cells:tomm20_mito,main4,relative:recoverability_min:tighter,single32,top5pct_ranking_min,ranking_fidelity,top5pct_recall,0.6274509803921569,>=,0.5,0.5,False,True,True,False,not_identifiable,False
periscope_cells:tomm20_mito,main4,relative:recoverability_min:tighter,single32,reliability_min,reference_identifiability,reliability,0.0051509934755871,>=,0.3,0.3,False,False,False,False,not_identifiable,False
periscope_cells:tomm20_mito,main4,relative:recoverability_min:tighter,single32,measurement_recoverability_max_exclusive,measurement_required_eligibility_not_good_performance,recoverability_r,0.7602489189323185,<,0.6,0.6,False,False,False,False,not_identifiable,False
periscope_cells:tomm20_mito,main4,relative:recoverability_min:tighter,single32,variance_ratio_min,quantitative_fidelity,variance_ratio,0.5092803360785861,>=,0.5,0.5,False,True,True,False,not_identifiable,False
periscope_cells:tomm20_mito,main4,relative:recoverability_min:tighter,single32,variance_ratio_max,quantitative_fidelity,variance_ratio,0.5092803360785861,<=,1.5,1.5,False,True,True,False,not_identifiable,False
periscope_cells:tomm20_mito,main4,relative:magnitude_spearman_min:looser,single32,recoverability_min,quantitative_fidelity,recoverability_r,0.7602489189323185,>=,0.7,0.7,False,True,True,False,not_identifiable,False
periscope_cells:tomm20_mito,main4,relative:magnitude_spearman_min:looser,single32,magnitude_spearman_min,quantitative_and_ranking_fidelity,magnitude_spearman,0.8515795085501604,>=,0.63,0.7,True,True,True,False,not_identifiable,False
periscope_cells:tomm20_mito,main4,relative:magnitude_spearman_min:looser,single32,top5pct_quantitative_min,quantitative_fidelity,top5pct_recall,0.6274509803921569,>=,0.6,0.6,False,True,True,False,not_identifiable,False
periscope_cells:tomm20_mito,main4,relative:magnitude_spearman_min:looser,single32,top5pct_ranking_min,ranking_fidelity,top5pct_recall,0.6274509803921569,>=,0.5,0.5,False,True,True,False,not_identifiable,False
periscope_cells:tomm20_mito,main4,relative:magnitude_spearman_min:looser,single32,reliability_min,reference_identifiability,reliability,0.0051509934755871,>=,0.3,0.3,False,False,False,False,not_identifiable,False
periscope_cells:tomm20_mito,main4,relative:magnitude_spearman_min:looser,single32,measurement_recoverability_max_exclusive,measurement_required_eligibility_not_good_performance,recoverability_r,0.7602489189323185,<,0.6,0.6,False,False,False,False,not_identifiable,False
periscope_cells:tomm20_mito,main4,relative:magnitude_spearman_min:looser,single32,variance_ratio_min,quantitative_fidelity,variance_ratio,0.5092803360785861,>=,0.5,0.5,False,True,True,False,not_identifiable,False
periscope_cells:tomm20_mito,main4,relative:magnitude_spearman_min:looser,single32,variance_ratio_max,quantitative_fidelity,variance_ratio,0.5092803360785861,<=,1.5,1.5,False,True,True,False,not_identifiable,False
periscope_cells:tomm20_mito,main4,relative:magnitude_spearman_min:tighter,single32,recoverability_min,quantitative_fidelity,recoverability_r,0.7602489189323185,>=,0.7,0.7,False,True,True,False,not_identifiable,False
periscope_cells:tomm20_mito,main4,relative:magnitude_spearman_min:tighter,single32,magnitude_spearman_min,quantitative_and_ranking_fidelity,magnitude_spearman,0.8515795085501604,>=,0.77,0.7,True,True,True,False,not_identifiable,False
periscope_cells:tomm20_mito,main4,relative:magnitude_spearman_min:tighter,single32,top5pct_quantitative_min,quantitative_fidelity,top5pct_recall,0.6274509803921569,>=,0.6,0.6,False,True,True,False,not_identifiable,False
periscope_cells:tomm20_mito,main4,relative:magnitude_spearman_min:tighter,single32,top5pct_ranking_min,ranking_fidelity,top5pct_recall,0.6274509803921569,>=,0.5,0.5,False,True,True,False,not_identifiable,False
periscope_cells:tomm20_mito,main4,relative:magnitude_spearman_min:tighter,single32,reliability_min,reference_identifiability,reliability,0.0051509934755871,>=,0.3,0.3,False,False,False,False,not_identifiable,False
periscope_cells:tomm20_mito,main4,relative:magnitude_spearman_min:tighter,single32,measurement_recoverability_max_exclusive,measurement_required_eligibility_not_good_performance,recoverability_r,0.7602489189323185,<,0.6,0.6,False,False,False,False,not_identifiable,False
periscope_cells:tomm20_mito,main4,relative:magnitude_spearman_min:tighter,single32,variance_ratio_min,quantitative_fidelity,variance_ratio,0.5092803360785861,>=,0.5,0.5,False,True,True,False,not_identifiable,False
periscope_cells:tomm20_mito,main4,relative:magnitude_spearman_min:tighter,single32,variance_ratio_max,quantitative_fidelity,variance_ratio,0.5092803360785861,<=,1.5,1.5,False,True,True,False,not_identifiable,False
periscope_cells:tomm20_mito,main4,relative:top5pct_quantitative_min:looser,single32,recoverability_min,quantitative_fidelity,recoverability_r,0.7602489189323185,>=,0.7,0.7,False,True,True,False,not_identifiable,False
periscope_cells:tomm20_mito,main4,relative:top5pct_quantitative_min:looser,single32,magnitude_spearman_min,quantitative_and_ranking_fidelity,magnitude_spearman,0.8515795085501604,>=,0.7,0.7,False,True,True,False,not_identifiable,False
periscope_cells:tomm20_mito,main4,relative:top5pct_quantitative_min:looser,single32,top5pct_quantitative_min,quantitative_fidelity,top5pct_recall,0.6274509803921569,>=,0.54,0.6,True,True,True,False,not_identifiable,False
periscope_cells:tomm20_mito,main4,relative:top5pct_quantitative_min:looser,single32,top5pct_ranking_min,ranking_fidelity,top5pct_recall,0.6274509803921569,>=,0.5,0.5,False,True,True,False,not_identifiable,False
periscope_cells:tomm20_mito,main4,relative:top5pct_quantitative_min:looser,single32,reliability_min,reference_identifiability,reliability,0.0051509934755871,>=,0.3,0.3,False,False,False,False,not_identifiable,False
periscope_cells:tomm20_mito,main4,relative:top5pct_quantitative_min:looser,single32,measurement_recoverability_max_exclusive,measurement_required_eligibility_not_good_performance,recoverability_r,0.7602489189323185,<,0.6,0.6,False,False,False,False,not_identifiable,False
periscope_cells:tomm20_mito,main4,relative:top5pct_quantitative_min:looser,single32,variance_ratio_min,quantitative_fidelity,variance_ratio,0.5092803360785861,>=,0.5,0.5,False,True,True,False,not_identifiable,False
periscope_cells:tomm20_mito,main4,relative:top5pct_quantitative_min:looser,single32,variance_ratio_max,quantitative_fidelity,variance_ratio,0.5092803360785861,<=,1.5,1.5,False,True,True,False,not_identifiable,False
periscope_cells:tomm20_mito,main4,relative:top5pct_quantitative_min:tighter,single32,recoverability_min,quantitative_fidelity,recoverability_r,0.7602489189323185,>=,0.7,0.7,False,True,True,False,not_identifiable,False
periscope_cells:tomm20_mito,main4,relative:top5pct_quantitative_min:tighter,single32,magnitude_spearman_min,quantitative_and_ranking_fidelity,magnitude_spearman,0.8515795085501604,>=,0.7,0.7,False,True,True,False,not_identifiable,False
periscope_cells:tomm20_mito,main4,relative:top5pct_quantitative_min:tighter,single32,top5pct_quantitative_min,quantitative_fidelity,top5pct_recall,0.6274509803921569,>=,0.66,0.6,True,False,True,True,not_identifiable,False
periscope_cells:tomm20_mito,main4,relative:top5pct_quantitative_min:tighter,single32,top5pct_ranking_min,ranking_fidelity,top5pct_recall,0.6274509803921569,>=,0.5,0.5,False,True,True,False,not_identifiable,False
periscope_cells:tomm20_mito,main4,relative:top5pct_quantitative_min:tighter,single32,reliability_min,reference_identifiability,reliability,0.0051509934755871,>=,0.3,0.3,False,False,False,False,not_identifiable,False
periscope_cells:tomm20_mito,main4,relative:top5pct_quantitative_min:tighter,single32,measurement_recoverability_max_exclusive,measurement_required_eligibility_not_good_performance,recoverability_r,0.7602489189323185,<,0.6,0.6,False,False,False,False,not_identifiable,False
periscope_cells:tomm20_mito,main4,relative:top5pct_quantitative_min:tighter,single32,variance_ratio_min,quantitative_fidelity,variance_ratio,0.5092803360785861,>=,0.5,0.5,False,True,True,False,not_identifiable,False
periscope_cells:tomm20_mito,main4,relative:top5pct_quantitative_min:tighter,single32,variance_ratio_max,quantitative_fidelity,variance_ratio,0.5092803360785861,<=,1.5,1.5,False,True,True,False,not_identifiable,False
periscope_cells:tomm20_mito,main4,relative:top5pct_ranking_min:looser,single32,recoverability_min,quantitative_fidelity,recoverability_r,0.7602489189323185,>=,0.7,0.7,False,True,True,False,not_identifiable,False
periscope_cells:tomm20_mito,main4,relative:top5pct_ranking_min:looser,single32,magnitude_spearman_min,quantitative_and_ranking_fidelity,magnitude_spearman,0.8515795085501604,>=,0.7,0.7,False,True,True,False,not_identifiable,False
periscope_cells:tomm20_mito,main4,relative:top5pct_ranking_min:looser,single32,top5pct_quantitative_min,quantitative_fidelity,top5pct_recall,0.6274509803921569,>=,0.6,0.6,False,True,True,False,not_identifiable,False
periscope_cells:tomm20_mito,main4,relative:top5pct_ranking_min:looser,single32,top5pct_ranking_min,ranking_fidelity,top5pct_recall,0.6274509803921569,>=,0.45,0.5,True,True,True,False,not_identifiable,False
periscope_cells:tomm20_mito,main4,relative:top5pct_ranking_min:looser,single32,reliability_min,reference_identifiability,reliability,0.0051509934755871,>=,0.3,0.3,False,False,False,False,not_identifiable,False
periscope_cells:tomm20_mito,main4,relative:top5pct_ranking_min:looser,single32,measurement_recoverability_max_exclusive,measurement_required_eligibility_not_good_performance,recoverability_r,0.7602489189323185,<,0.6,0.6,False,False,False,False,not_identifiable,False
periscope_cells:tomm20_mito,main4,relative:top5pct_ranking_min:looser,single32,variance_ratio_min,quantitative_fidelity,variance_ratio,0.5092803360785861,>=,0.5,0.5,False,True,True,False,not_identifiable,False
periscope_cells:tomm20_mito,main4,relative:top5pct_ranking_min:looser,single32,variance_ratio_max,quantitative_fidelity,variance_ratio,0.5092803360785861,<=,1.5,1.5,False,True,True,False,not_identifiable,False
periscope_cells:tomm20_mito,main4,relative:top5pct_ranking_min:tighter,single32,recoverability_min,quantitative_fidelity,recoverability_r,0.7602489189323185,>=,0.7,0.7,False,True,True,False,not_identifiable,False
periscope_cells:tomm20_mito,main4,relative:top5pct_ranking_min:tighter,single32,magnitude_spearman_min,quantitative_and_ranking_fidelity,magnitude_spearman,0.8515795085501604,>=,0.7,0.7,False,True,True,False,not_identifiable,False
periscope_cells:tomm20_mito,main4,relative:top5pct_ranking_min:tighter,single32,top5pct_quantitative_min,quantitative_fidelity,top5pct_recall,0.6274509803921569,>=,0.6,0.6,False,True,True,False,not_identifiable,False
periscope_cells:tomm20_mito,main4,relative:top5pct_ranking_min:tighter,single32,top5pct_ranking_min,ranking_fidelity,top5pct_recall,0.6274509803921569,>=,0.55,0.5,True,True,True,False,not_identifiable,False
periscope_cells:tomm20_mito,main4,relative:top5pct_ranking_min:tighter,single32,reliability_min,reference_identifiability,reliability,0.0051509934755871,>=,0.3,0.3,False,False,False,False,not_identifiable,False
periscope_cells:tomm20_mito,main4,relative:top5pct_ranking_min:tighter,single32,measurement_recoverability_max_exclusive,measurement_required_eligibility_not_good_performance,recoverability_r,0.7602489189323185,<,0.6,0.6,False,False,False,False,not_identifiable,False
periscope_cells:tomm20_mito,main4,relative:top5pct_ranking_min:tighter,single32,variance_ratio_min,quantitative_fidelity,variance_ratio,0.5092803360785861,>=,0.5,0.5,False,True,True,False,not_identifiable,False
periscope_cells:tomm20_mito,main4,relative:top5pct_ranking_min:tighter,single32,variance_ratio_max,quantitative_fidelity,variance_ratio,0.5092803360785861,<=,1.5,1.5,False,True,True,False,not_identifiable,False
periscope_cells:tomm20_mito,main4,relative:reliability_min:looser,single32,recoverability_min,quantitative_fidelity,recoverability_r,0.7602489189323185,>=,0.7,0.7,False,True,True,False,not_identifiable,False
periscope_cells:tomm20_mito,main4,relative:reliability_min:looser,single32,magnitude_spearman_min,quantitative_and_ranking_fidelity,magnitude_spearman,0.8515795085501604,>=,0.7,0.7,False,True,True,False,not_identifiable,False
periscope_cells:tomm20_mito,main4,relative:reliability_min:looser,single32,top5pct_quantitative_min,quantitative_fidelity,top5pct_recall,0.6274509803921569,>=,0.6,0.6,False,True,True,False,not_identifiable,False
periscope_cells:tomm20_mito,main4,relative:reliability_min:looser,single32,top5pct_ranking_min,ranking_fidelity,top5pct_recall,0.6274509803921569,>=,0.5,0.5,False,True,True,False,not_identifiable,False
periscope_cells:tomm20_mito,main4,relative:reliability_min:looser,single32,reliability_min,reference_identifiability,reliability,0.0051509934755871,>=,0.27,0.3,True,False,False,False,not_identifiable,False
periscope_cells:tomm20_mito,main4,relative:reliability_min:looser,single32,measurement_recoverability_max_exclusive,measurement_required_eligibility_not_good_performance,recoverability_r,0.7602489189323185,<,0.6,0.6,False,False,False,False,not_identifiable,False
periscope_cells:tomm20_mito,main4,relative:reliability_min:looser,single32,variance_ratio_min,quantitative_fidelity,variance_ratio,0.5092803360785861,>=,0.5,0.5,False,True,True,False,not_identifiable,False
periscope_cells:tomm20_mito,main4,relative:reliability_min:looser,single32,variance_ratio_max,quantitative_fidelity,variance_ratio,0.5092803360785861,<=,1.5,1.5,False,True,True,False,not_identifiable,False
periscope_cells:tomm20_mito,main4,relative:reliability_min:tighter,single32,recoverability_min,quantitative_fidelity,recoverability_r,0.7602489189323185,>=,0.7,0.7,False,True,True,False,not_identifiable,False
periscope_cells:tomm20_mito,main4,relative:reliability_min:tighter,single32,magnitude_spearman_min,quantitative_and_ranking_fidelity,magnitude_spearman,0.8515795085501604,>=,0.7,0.7,False,True,True,False,not_identifiable,False
periscope_cells:tomm20_mito,main4,relative:reliability_min:tighter,single32,top5pct_quantitative_min,quantitative_fidelity,top5pct_recall,0.6274509803921569,>=,0.6,0.6,False,True,True,False,not_identifiable,False
periscope_cells:tomm20_mito,main4,relative:reliability_min:tighter,single32,top5pct_ranking_min,ranking_fidelity,top5pct_recall,0.6274509803921569,>=,0.5,0.5,False,True,True,False,not_identifiable,False
periscope_cells:tomm20_mito,main4,relative:reliability_min:tighter,single32,reliability_min,reference_identifiability,reliability,0.0051509934755871,>=,0.33,0.3,True,False,False,False,not_identifiable,False
periscope_cells:tomm20_mito,main4,relative:reliability_min:tighter,single32,measurement_recoverability_max_exclusive,measurement_required_eligibility_not_good_performance,recoverability_r,0.7602489189323185,<,0.6,0.6,False,False,False,False,not_identifiable,False
periscope_cells:tomm20_mito,main4,relative:reliability_min:tighter,single32,variance_ratio_min,quantitative_fidelity,variance_ratio,0.5092803360785861,>=,0.5,0.5,False,True,True,False,not_identifiable,False
periscope_cells:tomm20_mito,main4,relative:reliability_min:tighter,single32,variance_ratio_max,quantitative_fidelity,variance_ratio,0.5092803360785861,<=,1.5,1.5,False,True,True,False,not_identifiable,False
periscope_cells:tomm20_mito,main4,relative:measurement_recoverability_max_exclusive:looser,single32,recoverability_min,quantitative_fidelity,recoverability_r,0.7602489189323185,>=,0.7,0.7,False,True,True,False,not_identifiable,False
periscope_cells:tomm20_mito,main4,relative:measurement_recoverability_max_exclusive:looser,single32,magnitude_spearman_min,quantitative_and_ranking_fidelity,magnitude_spearman,0.8515795085501604,>=,0.7,0.7,False,True,True,False,not_identifiable,False
periscope_cells:tomm20_mito,main4,relative:measurement_recoverability_max_exclusive:looser,single32,top5pct_quantitative_min,quantitative_fidelity,top5pct_recall,0.6274509803921569,>=,0.6,0.6,False,True,True,False,not_identifiable,False
periscope_cells:tomm20_mito,main4,relative:measurement_recoverability_max_exclusive:looser,single32,top5pct_ranking_min,ranking_fidelity,top5pct_recall,0.6274509803921569,>=,0.5,0.5,False,True,True,False,not_identifiable,False
periscope_cells:tomm20_mito,main4,relative:measurement_recoverability_max_exclusive:looser,single32,reliability_min,reference_identifiability,reliability,0.0051509934755871,>=,0.3,0.3,False,False,False,False,not_identifiable,False
periscope_cells:tomm20_mito,main4,relative:measurement_recoverability_max_exclusive:looser,single32,measurement_recoverability_max_exclusive,measurement_required_eligibility_not_good_performance,recoverability_r,0.7602489189323185,<,0.54,0.6,True,False,False,False,not_identifiable,False
periscope_cells:tomm20_mito,main4,relative:measurement_recoverability_max_exclusive:looser,single32,variance_ratio_min,quantitative_fidelity,variance_ratio,0.5092803360785861,>=,0.5,0.5,False,True,True,False,not_identifiable,False
periscope_cells:tomm20_mito,main4,relative:measurement_recoverability_max_exclusive:looser,single32,variance_ratio_max,quantitative_fidelity,variance_ratio,0.5092803360785861,<=,1.5,1.5,False,True,True,False,not_identifiable,False
periscope_cells:tomm20_mito,main4,relative:measurement_recoverability_max_exclusive:tighter,single32,recoverability_min,quantitative_fidelity,recoverability_r,0.7602489189323185,>=,0.7,0.7,False,True,True,False,not_identifiable,False
periscope_cells:tomm20_mito,main4,relative:measurement_recoverability_max_exclusive:tighter,single32,magnitude_spearman_min,quantitative_and_ranking_fidelity,magnitude_spearman,0.8515795085501604,>=,0.7,0.7,False,True,True,False,not_identifiable,False
periscope_cells:tomm20_mito,main4,relative:measurement_recoverability_max_exclusive:tighter,single32,top5pct_quantitative_min,quantitative_fidelity,top5pct_recall,0.6274509803921569,>=,0.6,0.6,False,True,True,False,not_identifiable,False
periscope_cells:tomm20_mito,main4,relative:measurement_recoverability_max_exclusive:tighter,single32,top5pct_ranking_min,ranking_fidelity,top5pct_recall,0.6274509803921569,>=,0.5,0.5,False,True,True,False,not_identifiable,False
periscope_cells:tomm20_mito,main4,relative:measurement_recoverability_max_exclusive:tighter,single32,reliability_min,reference_identifiability,reliability,0.0051509934755871,>=,0.3,0.3,False,False,False,False,not_identifiable,False
periscope_cells:tomm20_mito,main4,relative:measurement_recoverability_max_exclusive:tighter,single32,measurement_recoverability_max_exclusive,measurement_required_eligibility_not_good_performance,recoverability_r,0.7602489189323185,<,0.66,0.6,True,False,False,False,not_identifiable,False
periscope_cells:tomm20_mito,main4,relative:measurement_recoverability_max_exclusive:tighter,single32,variance_ratio_min,quantitative_fidelity,variance_ratio,0.5092803360785861,>=,0.5,0.5,False,True,True,False,not_identifiable,False
periscope_cells:tomm20_mito,main4,relative:measurement_recoverability_max_exclusive:tighter,single32,variance_ratio_max,quantitative_fidelity,variance_ratio,0.5092803360785861,<=,1.5,1.5,False,True,True,False,not_identifiable,False
periscope_cells:tomm20_mito,main4,relative:variance_ratio_min:looser,single32,recoverability_min,quantitative_fidelity,recoverability_r,0.7602489189323185,>=,0.7,0.7,False,True,True,False,not_identifiable,False
periscope_cells:tomm20_mito,main4,relative:variance_ratio_min:looser,single32,magnitude_spearman_min,quantitative_and_ranking_fidelity,magnitude_spearman,0.8515795085501604,>=,0.7,0.7,False,True,True,False,not_identifiable,False
periscope_cells:tomm20_mito,main4,relative:variance_ratio_min:looser,single32,top5pct_quantitative_min,quantitative_fidelity,top5pct_recall,0.6274509803921569,>=,0.6,0.6,False,True,True,False,not_identifiable,False
periscope_cells:tomm20_mito,main4,relative:variance_ratio_min:looser,single32,top5pct_ranking_min,ranking_fidelity,top5pct_recall,0.6274509803921569,>=,0.5,0.5,False,True,True,False,not_identifiable,False
periscope_cells:tomm20_mito,main4,relative:variance_ratio_min:looser,single32,reliability_min,reference_identifiability,reliability,0.0051509934755871,>=,0.3,0.3,False,False,False,False,not_identifiable,False
periscope_cells:tomm20_mito,main4,relative:variance_ratio_min:looser,single32,measurement_recoverability_max_exclusive,measurement_required_eligibility_not_good_performance,recoverability_r,0.7602489189323185,<,0.6,0.6,False,False,False,False,not_identifiable,False
periscope_cells:tomm20_mito,main4,relative:variance_ratio_min:looser,single32,variance_ratio_min,quantitative_fidelity,variance_ratio,0.5092803360785861,>=,0.45,0.5,True,True,True,False,not_identifiable,False
periscope_cells:tomm20_mito,main4,relative:variance_ratio_min:looser,single32,variance_ratio_max,quantitative_fidelity,variance_ratio,0.5092803360785861,<=,1.5,1.5,False,True,True,False,not_identifiable,False
periscope_cells:tomm20_mito,main4,relative:variance_ratio_min:tighter,single32,recoverability_min,quantitative_fidelity,recoverability_r,0.7602489189323185,>=,0.7,0.7,False,True,True,False,not_identifiable,False
periscope_cells:tomm20_mito,main4,relative:variance_ratio_min:tighter,single32,magnitude_spearman_min,quantitative_and_ranking_fidelity,magnitude_spearman,0.8515795085501604,>=,0.7,0.7,False,True,True,False,not_identifiable,False
periscope_cells:tomm20_mito,main4,relative:variance_ratio_min:tighter,single32,top5pct_quantitative_min,quantitative_fidelity,top5pct_recall,0.6274509803921569,>=,0.6,0.6,False,True,True,False,not_identifiable,False
periscope_cells:tomm20_mito,main4,relative:variance_ratio_min:tighter,single32,top5pct_ranking_min,ranking_fidelity,top5pct_recall,0.6274509803921569,>=,0.5,0.5,False,True,True,False,not_identifiable,False
periscope_cells:tomm20_mito,main4,relative:variance_ratio_min:tighter,single32,reliability_min,reference_identifiability,reliability,0.0051509934755871,>=,0.3,0.3,False,False,False,False,not_identifiable,False
periscope_cells:tomm20_mito,main4,relative:variance_ratio_min:tighter,single32,measurement_recoverability_max_exclusive,measurement_required_eligibility_not_good_performance,recoverability_r,0.7602489189323185,<,0.6,0.6,False,False,False,False,not_identifiable,False
periscope_cells:tomm20_mito,main4,relative:variance_ratio_min:tighter,single32,variance_ratio_min,quantitative_fidelity,variance_ratio,0.5092803360785861,>=,0.55,0.5,True,False,True,True,not_identifiable,False
periscope_cells:tomm20_mito,main4,relative:variance_ratio_min:tighter,single32,variance_ratio_max,quantitative_fidelity,variance_ratio,0.5092803360785861,<=,1.5,1.5,False,True,True,False,not_identifiable,False
periscope_cells:tomm20_mito,main4,relative:variance_ratio_max:looser,single32,recoverability_min,quantitative_fidelity,recoverability_r,0.7602489189323185,>=,0.7,0.7,False,True,True,False,not_identifiable,False
periscope_cells:tomm20_mito,main4,relative:variance_ratio_max:looser,single32,magnitude_spearman_min,quantitative_and_ranking_fidelity,magnitude_spearman,0.8515795085501604,>=,0.7,0.7,False,True,True,False,not_identifiable,False
periscope_cells:tomm20_mito,main4,relative:variance_ratio_max:looser,single32,top5pct_quantitative_min,quantitative_fidelity,top5pct_recall,0.6274509803921569,>=,0.6,0.6,False,True,True,False,not_identifiable,False
periscope_cells:tomm20_mito,main4,relative:variance_ratio_max:looser,single32,top5pct_ranking_min,ranking_fidelity,top5pct_recall,0.6274509803921569,>=,0.5,0.5,False,True,True,False,not_identifiable,False
periscope_cells:tomm20_mito,main4,relative:variance_ratio_max:looser,single32,reliability_min,reference_identifiability,reliability,0.0051509934755871,>=,0.3,0.3,False,False,False,False,not_identifiable,False
periscope_cells:tomm20_mito,main4,relative:variance_ratio_max:looser,single32,measurement_recoverability_max_exclusive,measurement_required_eligibility_not_good_performance,recoverability_r,0.7602489189323185,<,0.6,0.6,False,False,False,False,not_identifiable,False
periscope_cells:tomm20_mito,main4,relative:variance_ratio_max:looser,single32,variance_ratio_min,quantitative_fidelity,variance_ratio,0.5092803360785861,>=,0.5,0.5,False,True,True,False,not_identifiable,False
periscope_cells:tomm20_mito,main4,relative:variance_ratio_max:looser,single32,variance_ratio_max,quantitative_fidelity,variance_ratio,0.5092803360785861,<=,1.65,1.5,True,True,True,False,not_identifiable,False
periscope_cells:tomm20_mito,main4,relative:variance_ratio_max:tighter,single32,recoverability_min,quantitative_fidelity,recoverability_r,0.7602489189323185,>=,0.7,0.7,False,True,True,False,not_identifiable,False
periscope_cells:tomm20_mito,main4,relative:variance_ratio_max:tighter,single32,magnitude_spearman_min,quantitative_and_ranking_fidelity,magnitude_spearman,0.8515795085501604,>=,0.7,0.7,False,True,True,False,not_identifiable,False
periscope_cells:tomm20_mito,main4,relative:variance_ratio_max:tighter,single32,top5pct_quantitative_min,quantitative_fidelity,top5pct_recall,0.6274509803921569,>=,0.6,0.6,False,True,True,False,not_identifiable,False
periscope_cells:tomm20_mito,main4,relative:variance_ratio_max:tighter,single32,top5pct_ranking_min,ranking_fidelity,top5pct_recall,0.6274509803921569,>=,0.5,0.5,False,True,True,False,not_identifiable,False
periscope_cells:tomm20_mito,main4,relative:variance_ratio_max:tighter,single32,reliability_min,reference_identifiability,reliability,0.0051509934755871,>=,0.3,0.3,False,False,False,False,not_identifiable,False
periscope_cells:tomm20_mito,main4,relative:variance_ratio_max:tighter,single32,measurement_recoverability_max_exclusive,measurement_required_eligibility_not_good_performance,recoverability_r,0.7602489189323185,<,0.6,0.6,False,False,False,False,not_identifiable,False
periscope_cells:tomm20_mito,main4,relative:variance_ratio_max:tighter,single32,variance_ratio_min,quantitative_fidelity,variance_ratio,0.5092803360785861,>=,0.5,0.5,False,True,True,False,not_identifiable,False
periscope_cells:tomm20_mito,main4,relative:variance_ratio_max:tighter,single32,variance_ratio_max,quantitative_fidelity,variance_ratio,0.5092803360785861,<=,1.35,1.5,True,True,True,False,not_identifiable,False
periscope_guide:tomm20_mito,main4,baseline,baseline,recoverability_min,quantitative_fidelity,recoverability_r,0.7244846405595476,>=,0.7,0.7,False,True,True,False,not_identifiable,False
periscope_guide:tomm20_mito,main4,baseline,baseline,magnitude_spearman_min,quantitative_and_ranking_fidelity,magnitude_spearman,0.911908535650516,>=,0.7,0.7,False,True,True,False,not_identifiable,False
periscope_guide:tomm20_mito,main4,baseline,baseline,top5pct_quantitative_min,quantitative_fidelity,top5pct_recall,0.6911764705882353,>=,0.6,0.6,False,True,True,False,not_identifiable,False
periscope_guide:tomm20_mito,main4,baseline,baseline,top5pct_ranking_min,ranking_fidelity,top5pct_recall,0.6911764705882353,>=,0.5,0.5,False,True,True,False,not_identifiable,False
periscope_guide:tomm20_mito,main4,baseline,baseline,reliability_min,reference_identifiability,reliability,0.0473571535467417,>=,0.3,0.3,False,False,False,False,not_identifiable,False
periscope_guide:tomm20_mito,main4,baseline,baseline,measurement_recoverability_max_exclusive,measurement_required_eligibility_not_good_performance,recoverability_r,0.7244846405595476,<,0.6,0.6,False,False,False,False,not_identifiable,False
periscope_guide:tomm20_mito,main4,baseline,baseline,variance_ratio_min,quantitative_fidelity,variance_ratio,0.5587221227268911,>=,0.5,0.5,False,True,True,False,not_identifiable,False
periscope_guide:tomm20_mito,main4,baseline,baseline,variance_ratio_max,quantitative_fidelity,variance_ratio,0.5587221227268911,<=,1.5,1.5,False,True,True,False,not_identifiable,False
periscope_guide:tomm20_mito,main4,absolute:all gates:looser,joint4,recoverability_min,quantitative_fidelity,recoverability_r,0.7244846405595476,>=,0.65,0.7,True,True,True,False,not_identifiable,False
periscope_guide:tomm20_mito,main4,absolute:all gates:looser,joint4,magnitude_spearman_min,quantitative_and_ranking_fidelity,magnitude_spearman,0.911908535650516,>=,0.65,0.7,True,True,True,False,not_identifiable,False
periscope_guide:tomm20_mito,main4,absolute:all gates:looser,joint4,top5pct_quantitative_min,quantitative_fidelity,top5pct_recall,0.6911764705882353,>=,0.55,0.6,True,True,True,False,not_identifiable,False
periscope_guide:tomm20_mito,main4,absolute:all gates:looser,joint4,top5pct_ranking_min,ranking_fidelity,top5pct_recall,0.6911764705882353,>=,0.45,0.5,True,True,True,False,not_identifiable,False
periscope_guide:tomm20_mito,main4,absolute:all gates:looser,joint4,reliability_min,reference_identifiability,reliability,0.0473571535467417,>=,0.25,0.3,True,False,False,False,not_identifiable,False
periscope_guide:tomm20_mito,main4,absolute:all gates:looser,joint4,measurement_recoverability_max_exclusive,measurement_required_eligibility_not_good_performance,recoverability_r,0.7244846405595476,<,0.55,0.6,True,False,False,False,not_identifiable,False
periscope_guide:tomm20_mito,main4,absolute:all gates:looser,joint4,variance_ratio_min,quantitative_fidelity,variance_ratio,0.5587221227268911,>=,0.45,0.5,True,True,True,False,not_identifiable,False
periscope_guide:tomm20_mito,main4,absolute:all gates:looser,joint4,variance_ratio_max,quantitative_fidelity,variance_ratio,0.5587221227268911,<=,1.55,1.5,True,True,True,False,not_identifiable,False
periscope_guide:tomm20_mito,main4,absolute:all gates:tighter,joint4,recoverability_min,quantitative_fidelity,recoverability_r,0.7244846405595476,>=,0.75,0.7,True,False,True,True,not_identifiable,False
periscope_guide:tomm20_mito,main4,absolute:all gates:tighter,joint4,magnitude_spearman_min,quantitative_and_ranking_fidelity,magnitude_spearman,0.911908535650516,>=,0.75,0.7,True,True,True,False,not_identifiable,False
periscope_guide:tomm20_mito,main4,absolute:all gates:tighter,joint4,top5pct_quantitative_min,quantitative_fidelity,top5pct_recall,0.6911764705882353,>=,0.65,0.6,True,True,True,False,not_identifiable,False
periscope_guide:tomm20_mito,main4,absolute:all gates:tighter,joint4,top5pct_ranking_min,ranking_fidelity,top5pct_recall,0.6911764705882353,>=,0.55,0.5,True,True,True,False,not_identifiable,False
periscope_guide:tomm20_mito,main4,absolute:all gates:tighter,joint4,reliability_min,reference_identifiability,reliability,0.0473571535467417,>=,0.35,0.3,True,False,False,False,not_identifiable,False
periscope_guide:tomm20_mito,main4,absolute:all gates:tighter,joint4,measurement_recoverability_max_exclusive,measurement_required_eligibility_not_good_performance,recoverability_r,0.7244846405595476,<,0.65,0.6,True,False,False,False,not_identifiable,False
periscope_guide:tomm20_mito,main4,absolute:all gates:tighter,joint4,variance_ratio_min,quantitative_fidelity,variance_ratio,0.5587221227268911,>=,0.55,0.5,True,True,True,False,not_identifiable,False
periscope_guide:tomm20_mito,main4,absolute:all gates:tighter,joint4,variance_ratio_max,quantitative_fidelity,variance_ratio,0.5587221227268911,<=,1.45,1.5,True,True,True,False,not_identifiable,False
periscope_guide:tomm20_mito,main4,absolute:recoverability_min:looser,single32,recoverability_min,quantitative_fidelity,recoverability_r,0.7244846405595476,>=,0.65,0.7,True,True,True,False,not_identifiable,False
periscope_guide:tomm20_mito,main4,absolute:recoverability_min:looser,single32,magnitude_spearman_min,quantitative_and_ranking_fidelity,magnitude_spearman,0.911908535650516,>=,0.7,0.7,False,True,True,False,not_identifiable,False
periscope_guide:tomm20_mito,main4,absolute:recoverability_min:looser,single32,top5pct_quantitative_min,quantitative_fidelity,top5pct_recall,0.6911764705882353,>=,0.6,0.6,False,True,True,False,not_identifiable,False
periscope_guide:tomm20_mito,main4,absolute:recoverability_min:looser,single32,top5pct_ranking_min,ranking_fidelity,top5pct_recall,0.6911764705882353,>=,0.5,0.5,False,True,True,False,not_identifiable,False
periscope_guide:tomm20_mito,main4,absolute:recoverability_min:looser,single32,reliability_min,reference_identifiability,reliability,0.0473571535467417,>=,0.3,0.3,False,False,False,False,not_identifiable,False
periscope_guide:tomm20_mito,main4,absolute:recoverability_min:looser,single32,measurement_recoverability_max_exclusive,measurement_required_eligibility_not_good_performance,recoverability_r,0.7244846405595476,<,0.6,0.6,False,False,False,False,not_identifiable,False
periscope_guide:tomm20_mito,main4,absolute:recoverability_min:looser,single32,variance_ratio_min,quantitative_fidelity,variance_ratio,0.5587221227268911,>=,0.5,0.5,False,True,True,False,not_identifiable,False
periscope_guide:tomm20_mito,main4,absolute:recoverability_min:looser,single32,variance_ratio_max,quantitative_fidelity,variance_ratio,0.5587221227268911,<=,1.5,1.5,False,True,True,False,not_identifiable,False
periscope_guide:tomm20_mito,main4,absolute:recoverability_min:tighter,single32,recoverability_min,quantitative_fidelity,recoverability_r,0.7244846405595476,>=,0.75,0.7,True,False,True,True,not_identifiable,False
periscope_guide:tomm20_mito,main4,absolute:recoverability_min:tighter,single32,magnitude_spearman_min,quantitative_and_ranking_fidelity,magnitude_spearman,0.911908535650516,>=,0.7,0.7,False,True,True,False,not_identifiable,False
periscope_guide:tomm20_mito,main4,absolute:recoverability_min:tighter,single32,top5pct_quantitative_min,quantitative_fidelity,top5pct_recall,0.6911764705882353,>=,0.6,0.6,False,True,True,False,not_identifiable,False
periscope_guide:tomm20_mito,main4,absolute:recoverability_min:tighter,single32,top5pct_ranking_min,ranking_fidelity,top5pct_recall,0.6911764705882353,>=,0.5,0.5,False,True,True,False,not_identifiable,False
periscope_guide:tomm20_mito,main4,absolute:recoverability_min:tighter,single32,reliability_min,reference_identifiability,reliability,0.0473571535467417,>=,0.3,0.3,False,False,False,False,not_identifiable,False
periscope_guide:tomm20_mito,main4,absolute:recoverability_min:tighter,single32,measurement_recoverability_max_exclusive,measurement_required_eligibility_not_good_performance,recoverability_r,0.7244846405595476,<,0.6,0.6,False,False,False,False,not_identifiable,False
periscope_guide:tomm20_mito,main4,absolute:recoverability_min:tighter,single32,variance_ratio_min,quantitative_fidelity,variance_ratio,0.5587221227268911,>=,0.5,0.5,False,True,True,False,not_identifiable,False
periscope_guide:tomm20_mito,main4,absolute:recoverability_min:tighter,single32,variance_ratio_max,quantitative_fidelity,variance_ratio,0.5587221227268911,<=,1.5,1.5,False,True,True,False,not_identifiable,False
periscope_guide:tomm20_mito,main4,absolute:magnitude_spearman_min:looser,single32,recoverability_min,quantitative_fidelity,recoverability_r,0.7244846405595476,>=,0.7,0.7,False,True,True,False,not_identifiable,False
periscope_guide:tomm20_mito,main4,absolute:magnitude_spearman_min:looser,single32,magnitude_spearman_min,quantitative_and_ranking_fidelity,magnitude_spearman,0.911908535650516,>=,0.65,0.7,True,True,True,False,not_identifiable,False
periscope_guide:tomm20_mito,main4,absolute:magnitude_spearman_min:looser,single32,top5pct_quantitative_min,quantitative_fidelity,top5pct_recall,0.6911764705882353,>=,0.6,0.6,False,True,True,False,not_identifiable,False
periscope_guide:tomm20_mito,main4,absolute:magnitude_spearman_min:looser,single32,top5pct_ranking_min,ranking_fidelity,top5pct_recall,0.6911764705882353,>=,0.5,0.5,False,True,True,False,not_identifiable,False
periscope_guide:tomm20_mito,main4,absolute:magnitude_spearman_min:looser,single32,reliability_min,reference_identifiability,reliability,0.0473571535467417,>=,0.3,0.3,False,False,False,False,not_identifiable,False
periscope_guide:tomm20_mito,main4,absolute:magnitude_spearman_min:looser,single32,measurement_recoverability_max_exclusive,measurement_required_eligibility_not_good_performance,recoverability_r,0.7244846405595476,<,0.6,0.6,False,False,False,False,not_identifiable,False
periscope_guide:tomm20_mito,main4,absolute:magnitude_spearman_min:looser,single32,variance_ratio_min,quantitative_fidelity,variance_ratio,0.5587221227268911,>=,0.5,0.5,False,True,True,False,not_identifiable,False
periscope_guide:tomm20_mito,main4,absolute:magnitude_spearman_min:looser,single32,variance_ratio_max,quantitative_fidelity,variance_ratio,0.5587221227268911,<=,1.5,1.5,False,True,True,False,not_identifiable,False
periscope_guide:tomm20_mito,main4,absolute:magnitude_spearman_min:tighter,single32,recoverability_min,quantitative_fidelity,recoverability_r,0.7244846405595476,>=,0.7,0.7,False,True,True,False,not_identifiable,False
periscope_guide:tomm20_mito,main4,absolute:magnitude_spearman_min:tighter,single32,magnitude_spearman_min,quantitative_and_ranking_fidelity,magnitude_spearman,0.911908535650516,>=,0.75,0.7,True,True,True,False,not_identifiable,False
periscope_guide:tomm20_mito,main4,absolute:magnitude_spearman_min:tighter,single32,top5pct_quantitative_min,quantitative_fidelity,top5pct_recall,0.6911764705882353,>=,0.6,0.6,False,True,True,False,not_identifiable,False
periscope_guide:tomm20_mito,main4,absolute:magnitude_spearman_min:tighter,single32,top5pct_ranking_min,ranking_fidelity,top5pct_recall,0.6911764705882353,>=,0.5,0.5,False,True,True,False,not_identifiable,False
periscope_guide:tomm20_mito,main4,absolute:magnitude_spearman_min:tighter,single32,reliability_min,reference_identifiability,reliability,0.0473571535467417,>=,0.3,0.3,False,False,False,False,not_identifiable,False
periscope_guide:tomm20_mito,main4,absolute:magnitude_spearman_min:tighter,single32,measurement_recoverability_max_exclusive,measurement_required_eligibility_not_good_performance,recoverability_r,0.7244846405595476,<,0.6,0.6,False,False,False,False,not_identifiable,False
periscope_guide:tomm20_mito,main4,absolute:magnitude_spearman_min:tighter,single32,variance_ratio_min,quantitative_fidelity,variance_ratio,0.5587221227268911,>=,0.5,0.5,False,True,True,False,not_identifiable,False
periscope_guide:tomm20_mito,main4,absolute:magnitude_spearman_min:tighter,single32,variance_ratio_max,quantitative_fidelity,variance_ratio,0.5587221227268911,<=,1.5,1.5,False,True,True,False,not_identifiable,False
periscope_guide:tomm20_mito,main4,absolute:top5pct_quantitative_min:looser,single32,recoverability_min,quantitative_fidelity,recoverability_r,0.7244846405595476,>=,0.7,0.7,False,True,True,False,not_identifiable,False
periscope_guide:tomm20_mito,main4,absolute:top5pct_quantitative_min:looser,single32,magnitude_spearman_min,quantitative_and_ranking_fidelity,magnitude_spearman,0.911908535650516,>=,0.7,0.7,False,True,True,False,not_identifiable,False
periscope_guide:tomm20_mito,main4,absolute:top5pct_quantitative_min:looser,single32,top5pct_quantitative_min,quantitative_fidelity,top5pct_recall,0.6911764705882353,>=,0.55,0.6,True,True,True,False,not_identifiable,False
periscope_guide:tomm20_mito,main4,absolute:top5pct_quantitative_min:looser,single32,top5pct_ranking_min,ranking_fidelity,top5pct_recall,0.6911764705882353,>=,0.5,0.5,False,True,True,False,not_identifiable,False
periscope_guide:tomm20_mito,main4,absolute:top5pct_quantitative_min:looser,single32,reliability_min,reference_identifiability,reliability,0.0473571535467417,>=,0.3,0.3,False,False,False,False,not_identifiable,False
periscope_guide:tomm20_mito,main4,absolute:top5pct_quantitative_min:looser,single32,measurement_recoverability_max_exclusive,measurement_required_eligibility_not_good_performance,recoverability_r,0.7244846405595476,<,0.6,0.6,False,False,False,False,not_identifiable,False
periscope_guide:tomm20_mito,main4,absolute:top5pct_quantitative_min:looser,single32,variance_ratio_min,quantitative_fidelity,variance_ratio,0.5587221227268911,>=,0.5,0.5,False,True,True,False,not_identifiable,False
periscope_guide:tomm20_mito,main4,absolute:top5pct_quantitative_min:looser,single32,variance_ratio_max,quantitative_fidelity,variance_ratio,0.5587221227268911,<=,1.5,1.5,False,True,True,False,not_identifiable,False
periscope_guide:tomm20_mito,main4,absolute:top5pct_quantitative_min:tighter,single32,recoverability_min,quantitative_fidelity,recoverability_r,0.7244846405595476,>=,0.7,0.7,False,True,True,False,not_identifiable,False
periscope_guide:tomm20_mito,main4,absolute:top5pct_quantitative_min:tighter,single32,magnitude_spearman_min,quantitative_and_ranking_fidelity,magnitude_spearman,0.911908535650516,>=,0.7,0.7,False,True,True,False,not_identifiable,False
periscope_guide:tomm20_mito,main4,absolute:top5pct_quantitative_min:tighter,single32,top5pct_quantitative_min,quantitative_fidelity,top5pct_recall,0.6911764705882353,>=,0.65,0.6,True,True,True,False,not_identifiable,False
periscope_guide:tomm20_mito,main4,absolute:top5pct_quantitative_min:tighter,single32,top5pct_ranking_min,ranking_fidelity,top5pct_recall,0.6911764705882353,>=,0.5,0.5,False,True,True,False,not_identifiable,False
periscope_guide:tomm20_mito,main4,absolute:top5pct_quantitative_min:tighter,single32,reliability_min,reference_identifiability,reliability,0.0473571535467417,>=,0.3,0.3,False,False,False,False,not_identifiable,False
periscope_guide:tomm20_mito,main4,absolute:top5pct_quantitative_min:tighter,single32,measurement_recoverability_max_exclusive,measurement_required_eligibility_not_good_performance,recoverability_r,0.7244846405595476,<,0.6,0.6,False,False,False,False,not_identifiable,False
periscope_guide:tomm20_mito,main4,absolute:top5pct_quantitative_min:tighter,single32,variance_ratio_min,quantitative_fidelity,variance_ratio,0.5587221227268911,>=,0.5,0.5,False,True,True,False,not_identifiable,False
periscope_guide:tomm20_mito,main4,absolute:top5pct_quantitative_min:tighter,single32,variance_ratio_max,quantitative_fidelity,variance_ratio,0.5587221227268911,<=,1.5,1.5,False,True,True,False,not_identifiable,False
periscope_guide:tomm20_mito,main4,absolute:top5pct_ranking_min:looser,single32,recoverability_min,quantitative_fidelity,recoverability_r,0.7244846405595476,>=,0.7,0.7,False,True,True,False,not_identifiable,False
periscope_guide:tomm20_mito,main4,absolute:top5pct_ranking_min:looser,single32,magnitude_spearman_min,quantitative_and_ranking_fidelity,magnitude_spearman,0.911908535650516,>=,0.7,0.7,False,True,True,False,not_identifiable,False
periscope_guide:tomm20_mito,main4,absolute:top5pct_ranking_min:looser,single32,top5pct_quantitative_min,quantitative_fidelity,top5pct_recall,0.6911764705882353,>=,0.6,0.6,False,True,True,False,not_identifiable,False
periscope_guide:tomm20_mito,main4,absolute:top5pct_ranking_min:looser,single32,top5pct_ranking_min,ranking_fidelity,top5pct_recall,0.6911764705882353,>=,0.45,0.5,True,True,True,False,not_identifiable,False
periscope_guide:tomm20_mito,main4,absolute:top5pct_ranking_min:looser,single32,reliability_min,reference_identifiability,reliability,0.0473571535467417,>=,0.3,0.3,False,False,False,False,not_identifiable,False
periscope_guide:tomm20_mito,main4,absolute:top5pct_ranking_min:looser,single32,measurement_recoverability_max_exclusive,measurement_required_eligibility_not_good_performance,recoverability_r,0.7244846405595476,<,0.6,0.6,False,False,False,False,not_identifiable,False
periscope_guide:tomm20_mito,main4,absolute:top5pct_ranking_min:looser,single32,variance_ratio_min,quantitative_fidelity,variance_ratio,0.5587221227268911,>=,0.5,0.5,False,True,True,False,not_identifiable,False
periscope_guide:tomm20_mito,main4,absolute:top5pct_ranking_min:looser,single32,variance_ratio_max,quantitative_fidelity,variance_ratio,0.5587221227268911,<=,1.5,1.5,False,True,True,False,not_identifiable,False
periscope_guide:tomm20_mito,main4,absolute:top5pct_ranking_min:tighter,single32,recoverability_min,quantitative_fidelity,recoverability_r,0.7244846405595476,>=,0.7,0.7,False,True,True,False,not_identifiable,False
periscope_guide:tomm20_mito,main4,absolute:top5pct_ranking_min:tighter,single32,magnitude_spearman_min,quantitative_and_ranking_fidelity,magnitude_spearman,0.911908535650516,>=,0.7,0.7,False,True,True,False,not_identifiable,False
periscope_guide:tomm20_mito,main4,absolute:top5pct_ranking_min:tighter,single32,top5pct_quantitative_min,quantitative_fidelity,top5pct_recall,0.6911764705882353,>=,0.6,0.6,False,True,True,False,not_identifiable,False
periscope_guide:tomm20_mito,main4,absolute:top5pct_ranking_min:tighter,single32,top5pct_ranking_min,ranking_fidelity,top5pct_recall,0.6911764705882353,>=,0.55,0.5,True,True,True,False,not_identifiable,False
periscope_guide:tomm20_mito,main4,absolute:top5pct_ranking_min:tighter,single32,reliability_min,reference_identifiability,reliability,0.0473571535467417,>=,0.3,0.3,False,False,False,False,not_identifiable,False
periscope_guide:tomm20_mito,main4,absolute:top5pct_ranking_min:tighter,single32,measurement_recoverability_max_exclusive,measurement_required_eligibility_not_good_performance,recoverability_r,0.7244846405595476,<,0.6,0.6,False,False,False,False,not_identifiable,False
periscope_guide:tomm20_mito,main4,absolute:top5pct_ranking_min:tighter,single32,variance_ratio_min,quantitative_fidelity,variance_ratio,0.5587221227268911,>=,0.5,0.5,False,True,True,False,not_identifiable,False
periscope_guide:tomm20_mito,main4,absolute:top5pct_ranking_min:tighter,single32,variance_ratio_max,quantitative_fidelity,variance_ratio,0.5587221227268911,<=,1.5,1.5,False,True,True,False,not_identifiable,False
periscope_guide:tomm20_mito,main4,absolute:reliability_min:looser,single32,recoverability_min,quantitative_fidelity,recoverability_r,0.7244846405595476,>=,0.7,0.7,False,True,True,False,not_identifiable,False
periscope_guide:tomm20_mito,main4,absolute:reliability_min:looser,single32,magnitude_spearman_min,quantitative_and_ranking_fidelity,magnitude_spearman,0.911908535650516,>=,0.7,0.7,False,True,True,False,not_identifiable,False
periscope_guide:tomm20_mito,main4,absolute:reliability_min:looser,single32,top5pct_quantitative_min,quantitative_fidelity,top5pct_recall,0.6911764705882353,>=,0.6,0.6,False,True,True,False,not_identifiable,False
periscope_guide:tomm20_mito,main4,absolute:reliability_min:looser,single32,top5pct_ranking_min,ranking_fidelity,top5pct_recall,0.6911764705882353,>=,0.5,0.5,False,True,True,False,not_identifiable,False
periscope_guide:tomm20_mito,main4,absolute:reliability_min:looser,single32,reliability_min,reference_identifiability,reliability,0.0473571535467417,>=,0.25,0.3,True,False,False,False,not_identifiable,False
periscope_guide:tomm20_mito,main4,absolute:reliability_min:looser,single32,measurement_recoverability_max_exclusive,measurement_required_eligibility_not_good_performance,recoverability_r,0.7244846405595476,<,0.6,0.6,False,False,False,False,not_identifiable,False
periscope_guide:tomm20_mito,main4,absolute:reliability_min:looser,single32,variance_ratio_min,quantitative_fidelity,variance_ratio,0.5587221227268911,>=,0.5,0.5,False,True,True,False,not_identifiable,False
periscope_guide:tomm20_mito,main4,absolute:reliability_min:looser,single32,variance_ratio_max,quantitative_fidelity,variance_ratio,0.5587221227268911,<=,1.5,1.5,False,True,True,False,not_identifiable,False
periscope_guide:tomm20_mito,main4,absolute:reliability_min:tighter,single32,recoverability_min,quantitative_fidelity,recoverability_r,0.7244846405595476,>=,0.7,0.7,False,True,True,False,not_identifiable,False
periscope_guide:tomm20_mito,main4,absolute:reliability_min:tighter,single32,magnitude_spearman_min,quantitative_and_ranking_fidelity,magnitude_spearman,0.911908535650516,>=,0.7,0.7,False,True,True,False,not_identifiable,False
periscope_guide:tomm20_mito,main4,absolute:reliability_min:tighter,single32,top5pct_quantitative_min,quantitative_fidelity,top5pct_recall,0.6911764705882353,>=,0.6,0.6,False,True,True,False,not_identifiable,False
periscope_guide:tomm20_mito,main4,absolute:reliability_min:tighter,single32,top5pct_ranking_min,ranking_fidelity,top5pct_recall,0.6911764705882353,>=,0.5,0.5,False,True,True,False,not_identifiable,False
periscope_guide:tomm20_mito,main4,absolute:reliability_min:tighter,single32,reliability_min,reference_identifiability,reliability,0.0473571535467417,>=,0.35,0.3,True,False,False,False,not_identifiable,False
periscope_guide:tomm20_mito,main4,absolute:reliability_min:tighter,single32,measurement_recoverability_max_exclusive,measurement_required_eligibility_not_good_performance,recoverability_r,0.7244846405595476,<,0.6,0.6,False,False,False,False,not_identifiable,False
periscope_guide:tomm20_mito,main4,absolute:reliability_min:tighter,single32,variance_ratio_min,quantitative_fidelity,variance_ratio,0.5587221227268911,>=,0.5,0.5,False,True,True,False,not_identifiable,False
periscope_guide:tomm20_mito,main4,absolute:reliability_min:tighter,single32,variance_ratio_max,quantitative_fidelity,variance_ratio,0.5587221227268911,<=,1.5,1.5,False,True,True,False,not_identifiable,False
periscope_guide:tomm20_mito,main4,absolute:measurement_recoverability_max_exclusive:looser,single32,recoverability_min,quantitative_fidelity,recoverability_r,0.7244846405595476,>=,0.7,0.7,False,True,True,False,not_identifiable,False
periscope_guide:tomm20_mito,main4,absolute:measurement_recoverability_max_exclusive:looser,single32,magnitude_spearman_min,quantitative_and_ranking_fidelity,magnitude_spearman,0.911908535650516,>=,0.7,0.7,False,True,True,False,not_identifiable,False
periscope_guide:tomm20_mito,main4,absolute:measurement_recoverability_max_exclusive:looser,single32,top5pct_quantitative_min,quantitative_fidelity,top5pct_recall,0.6911764705882353,>=,0.6,0.6,False,True,True,False,not_identifiable,False
periscope_guide:tomm20_mito,main4,absolute:measurement_recoverability_max_exclusive:looser,single32,top5pct_ranking_min,ranking_fidelity,top5pct_recall,0.6911764705882353,>=,0.5,0.5,False,True,True,False,not_identifiable,False
periscope_guide:tomm20_mito,main4,absolute:measurement_recoverability_max_exclusive:looser,single32,reliability_min,reference_identifiability,reliability,0.0473571535467417,>=,0.3,0.3,False,False,False,False,not_identifiable,False
periscope_guide:tomm20_mito,main4,absolute:measurement_recoverability_max_exclusive:looser,single32,measurement_recoverability_max_exclusive,measurement_required_eligibility_not_good_performance,recoverability_r,0.7244846405595476,<,0.55,0.6,True,False,False,False,not_identifiable,False
periscope_guide:tomm20_mito,main4,absolute:measurement_recoverability_max_exclusive:looser,single32,variance_ratio_min,quantitative_fidelity,variance_ratio,0.5587221227268911,>=,0.5,0.5,False,True,True,False,not_identifiable,False
periscope_guide:tomm20_mito,main4,absolute:measurement_recoverability_max_exclusive:looser,single32,variance_ratio_max,quantitative_fidelity,variance_ratio,0.5587221227268911,<=,1.5,1.5,False,True,True,False,not_identifiable,False
periscope_guide:tomm20_mito,main4,absolute:measurement_recoverability_max_exclusive:tighter,single32,recoverability_min,quantitative_fidelity,recoverability_r,0.7244846405595476,>=,0.7,0.7,False,True,True,False,not_identifiable,False
periscope_guide:tomm20_mito,main4,absolute:measurement_recoverability_max_exclusive:tighter,single32,magnitude_spearman_min,quantitative_and_ranking_fidelity,magnitude_spearman,0.911908535650516,>=,0.7,0.7,False,True,True,False,not_identifiable,False
periscope_guide:tomm20_mito,main4,absolute:measurement_recoverability_max_exclusive:tighter,single32,top5pct_quantitative_min,quantitative_fidelity,top5pct_recall,0.6911764705882353,>=,0.6,0.6,False,True,True,False,not_identifiable,False
periscope_guide:tomm20_mito,main4,absolute:measurement_recoverability_max_exclusive:tighter,single32,top5pct_ranking_min,ranking_fidelity,top5pct_recall,0.6911764705882353,>=,0.5,0.5,False,True,True,False,not_identifiable,False
periscope_guide:tomm20_mito,main4,absolute:measurement_recoverability_max_exclusive:tighter,single32,reliability_min,reference_identifiability,reliability,0.0473571535467417,>=,0.3,0.3,False,False,False,False,not_identifiable,False
periscope_guide:tomm20_mito,main4,absolute:measurement_recoverability_max_exclusive:tighter,single32,measurement_recoverability_max_exclusive,measurement_required_eligibility_not_good_performance,recoverability_r,0.7244846405595476,<,0.65,0.6,True,False,False,False,not_identifiable,False
periscope_guide:tomm20_mito,main4,absolute:measurement_recoverability_max_exclusive:tighter,single32,variance_ratio_min,quantitative_fidelity,variance_ratio,0.5587221227268911,>=,0.5,0.5,False,True,True,False,not_identifiable,False
periscope_guide:tomm20_mito,main4,absolute:measurement_recoverability_max_exclusive:tighter,single32,variance_ratio_max,quantitative_fidelity,variance_ratio,0.5587221227268911,<=,1.5,1.5,False,True,True,False,not_identifiable,False
periscope_guide:tomm20_mito,main4,absolute:variance_ratio_min:looser,single32,recoverability_min,quantitative_fidelity,recoverability_r,0.7244846405595476,>=,0.7,0.7,False,True,True,False,not_identifiable,False
periscope_guide:tomm20_mito,main4,absolute:variance_ratio_min:looser,single32,magnitude_spearman_min,quantitative_and_ranking_fidelity,magnitude_spearman,0.911908535650516,>=,0.7,0.7,False,True,True,False,not_identifiable,False
periscope_guide:tomm20_mito,main4,absolute:variance_ratio_min:looser,single32,top5pct_quantitative_min,quantitative_fidelity,top5pct_recall,0.6911764705882353,>=,0.6,0.6,False,True,True,False,not_identifiable,False
periscope_guide:tomm20_mito,main4,absolute:variance_ratio_min:looser,single32,top5pct_ranking_min,ranking_fidelity,top5pct_recall,0.6911764705882353,>=,0.5,0.5,False,True,True,False,not_identifiable,False
periscope_guide:tomm20_mito,main4,absolute:variance_ratio_min:looser,single32,reliability_min,reference_identifiability,reliability,0.0473571535467417,>=,0.3,0.3,False,False,False,False,not_identifiable,False
periscope_guide:tomm20_mito,main4,absolute:variance_ratio_min:looser,single32,measurement_recoverability_max_exclusive,measurement_required_eligibility_not_good_performance,recoverability_r,0.7244846405595476,<,0.6,0.6,False,False,False,False,not_identifiable,False
periscope_guide:tomm20_mito,main4,absolute:variance_ratio_min:looser,single32,variance_ratio_min,quantitative_fidelity,variance_ratio,0.5587221227268911,>=,0.45,0.5,True,True,True,False,not_identifiable,False
periscope_guide:tomm20_mito,main4,absolute:variance_ratio_min:looser,single32,variance_ratio_max,quantitative_fidelity,variance_ratio,0.5587221227268911,<=,1.5,1.5,False,True,True,False,not_identifiable,False
periscope_guide:tomm20_mito,main4,absolute:variance_ratio_min:tighter,single32,recoverability_min,quantitative_fidelity,recoverability_r,0.7244846405595476,>=,0.7,0.7,False,True,True,False,not_identifiable,False
periscope_guide:tomm20_mito,main4,absolute:variance_ratio_min:tighter,single32,magnitude_spearman_min,quantitative_and_ranking_fidelity,magnitude_spearman,0.911908535650516,>=,0.7,0.7,False,True,True,False,not_identifiable,False
periscope_guide:tomm20_mito,main4,absolute:variance_ratio_min:tighter,single32,top5pct_quantitative_min,quantitative_fidelity,top5pct_recall,0.6911764705882353,>=,0.6,0.6,False,True,True,False,not_identifiable,False
periscope_guide:tomm20_mito,main4,absolute:variance_ratio_min:tighter,single32,top5pct_ranking_min,ranking_fidelity,top5pct_recall,0.6911764705882353,>=,0.5,0.5,False,True,True,False,not_identifiable,False
periscope_guide:tomm20_mito,main4,absolute:variance_ratio_min:tighter,single32,reliability_min,reference_identifiability,reliability,0.0473571535467417,>=,0.3,0.3,False,False,False,False,not_identifiable,False
periscope_guide:tomm20_mito,main4,absolute:variance_ratio_min:tighter,single32,measurement_recoverability_max_exclusive,measurement_required_eligibility_not_good_performance,recoverability_r,0.7244846405595476,<,0.6,0.6,False,False,False,False,not_identifiable,False
periscope_guide:tomm20_mito,main4,absolute:variance_ratio_min:tighter,single32,variance_ratio_min,quantitative_fidelity,variance_ratio,0.5587221227268911,>=,0.55,0.5,True,True,True,False,not_identifiable,False
periscope_guide:tomm20_mito,main4,absolute:variance_ratio_min:tighter,single32,variance_ratio_max,quantitative_fidelity,variance_ratio,0.5587221227268911,<=,1.5,1.5,False,True,True,False,not_identifiable,False
periscope_guide:tomm20_mito,main4,absolute:variance_ratio_max:looser,single32,recoverability_min,quantitative_fidelity,recoverability_r,0.7244846405595476,>=,0.7,0.7,False,True,True,False,not_identifiable,False
periscope_guide:tomm20_mito,main4,absolute:variance_ratio_max:looser,single32,magnitude_spearman_min,quantitative_and_ranking_fidelity,magnitude_spearman,0.911908535650516,>=,0.7,0.7,False,True,True,False,not_identifiable,False
periscope_guide:tomm20_mito,main4,absolute:variance_ratio_max:looser,single32,top5pct_quantitative_min,quantitative_fidelity,top5pct_recall,0.6911764705882353,>=,0.6,0.6,False,True,True,False,not_identifiable,False
periscope_guide:tomm20_mito,main4,absolute:variance_ratio_max:looser,single32,top5pct_ranking_min,ranking_fidelity,top5pct_recall,0.6911764705882353,>=,0.5,0.5,False,True,True,False,not_identifiable,False
periscope_guide:tomm20_mito,main4,absolute:variance_ratio_max:looser,single32,reliability_min,reference_identifiability,reliability,0.0473571535467417,>=,0.3,0.3,False,False,False,False,not_identifiable,False
periscope_guide:tomm20_mito,main4,absolute:variance_ratio_max:looser,single32,measurement_recoverability_max_exclusive,measurement_required_eligibility_not_good_performance,recoverability_r,0.7244846405595476,<,0.6,0.6,False,False,False,False,not_identifiable,False
periscope_guide:tomm20_mito,main4,absolute:variance_ratio_max:looser,single32,variance_ratio_min,quantitative_fidelity,variance_ratio,0.5587221227268911,>=,0.5,0.5,False,True,True,False,not_identifiable,False
periscope_guide:tomm20_mito,main4,absolute:variance_ratio_max:looser,single32,variance_ratio_max,quantitative_fidelity,variance_ratio,0.5587221227268911,<=,1.55,1.5,True,True,True,False,not_identifiable,False
periscope_guide:tomm20_mito,main4,absolute:variance_ratio_max:tighter,single32,recoverability_min,quantitative_fidelity,recoverability_r,0.7244846405595476,>=,0.7,0.7,False,True,True,False,not_identifiable,False
periscope_guide:tomm20_mito,main4,absolute:variance_ratio_max:tighter,single32,magnitude_spearman_min,quantitative_and_ranking_fidelity,magnitude_spearman,0.911908535650516,>=,0.7,0.7,False,True,True,False,not_identifiable,False
periscope_guide:tomm20_mito,main4,absolute:variance_ratio_max:tighter,single32,top5pct_quantitative_min,quantitative_fidelity,top5pct_recall,0.6911764705882353,>=,0.6,0.6,False,True,True,False,not_identifiable,False
periscope_guide:tomm20_mito,main4,absolute:variance_ratio_max:tighter,single32,top5pct_ranking_min,ranking_fidelity,top5pct_recall,0.6911764705882353,>=,0.5,0.5,False,True,True,False,not_identifiable,False
periscope_guide:tomm20_mito,main4,absolute:variance_ratio_max:tighter,single32,reliability_min,reference_identifiability,reliability,0.0473571535467417,>=,0.3,0.3,False,False,False,False,not_identifiable,False
periscope_guide:tomm20_mito,main4,absolute:variance_ratio_max:tighter,single32,measurement_recoverability_max_exclusive,measurement_required_eligibility_not_good_performance,recoverability_r,0.7244846405595476,<,0.6,0.6,False,False,False,False,not_identifiable,False
periscope_guide:tomm20_mito,main4,absolute:variance_ratio_max:tighter,single32,variance_ratio_min,quantitative_fidelity,variance_ratio,0.5587221227268911,>=,0.5,0.5,False,True,True,False,not_identifiable,False
periscope_guide:tomm20_mito,main4,absolute:variance_ratio_max:tighter,single32,variance_ratio_max,quantitative_fidelity,variance_ratio,0.5587221227268911,<=,1.45,1.5,True,True,True,False,not_identifiable,False
periscope_guide:tomm20_mito,main4,relative:all gates:looser,joint4,recoverability_min,quantitative_fidelity,recoverability_r,0.7244846405595476,>=,0.63,0.7,True,True,True,False,not_identifiable,False
periscope_guide:tomm20_mito,main4,relative:all gates:looser,joint4,magnitude_spearman_min,quantitative_and_ranking_fidelity,magnitude_spearman,0.911908535650516,>=,0.63,0.7,True,True,True,False,not_identifiable,False
periscope_guide:tomm20_mito,main4,relative:all gates:looser,joint4,top5pct_quantitative_min,quantitative_fidelity,top5pct_recall,0.6911764705882353,>=,0.54,0.6,True,True,True,False,not_identifiable,False
periscope_guide:tomm20_mito,main4,relative:all gates:looser,joint4,top5pct_ranking_min,ranking_fidelity,top5pct_recall,0.6911764705882353,>=,0.45,0.5,True,True,True,False,not_identifiable,False
periscope_guide:tomm20_mito,main4,relative:all gates:looser,joint4,reliability_min,reference_identifiability,reliability,0.0473571535467417,>=,0.27,0.3,True,False,False,False,not_identifiable,False
periscope_guide:tomm20_mito,main4,relative:all gates:looser,joint4,measurement_recoverability_max_exclusive,measurement_required_eligibility_not_good_performance,recoverability_r,0.7244846405595476,<,0.54,0.6,True,False,False,False,not_identifiable,False
periscope_guide:tomm20_mito,main4,relative:all gates:looser,joint4,variance_ratio_min,quantitative_fidelity,variance_ratio,0.5587221227268911,>=,0.45,0.5,True,True,True,False,not_identifiable,False
periscope_guide:tomm20_mito,main4,relative:all gates:looser,joint4,variance_ratio_max,quantitative_fidelity,variance_ratio,0.5587221227268911,<=,1.65,1.5,True,True,True,False,not_identifiable,False
periscope_guide:tomm20_mito,main4,relative:all gates:tighter,joint4,recoverability_min,quantitative_fidelity,recoverability_r,0.7244846405595476,>=,0.77,0.7,True,False,True,True,not_identifiable,False
periscope_guide:tomm20_mito,main4,relative:all gates:tighter,joint4,magnitude_spearman_min,quantitative_and_ranking_fidelity,magnitude_spearman,0.911908535650516,>=,0.77,0.7,True,True,True,False,not_identifiable,False
periscope_guide:tomm20_mito,main4,relative:all gates:tighter,joint4,top5pct_quantitative_min,quantitative_fidelity,top5pct_recall,0.6911764705882353,>=,0.66,0.6,True,True,True,False,not_identifiable,False
periscope_guide:tomm20_mito,main4,relative:all gates:tighter,joint4,top5pct_ranking_min,ranking_fidelity,top5pct_recall,0.6911764705882353,>=,0.55,0.5,True,True,True,False,not_identifiable,False
periscope_guide:tomm20_mito,main4,relative:all gates:tighter,joint4,reliability_min,reference_identifiability,reliability,0.0473571535467417,>=,0.33,0.3,True,False,False,False,not_identifiable,False
periscope_guide:tomm20_mito,main4,relative:all gates:tighter,joint4,measurement_recoverability_max_exclusive,measurement_required_eligibility_not_good_performance,recoverability_r,0.7244846405595476,<,0.66,0.6,True,False,False,False,not_identifiable,False
periscope_guide:tomm20_mito,main4,relative:all gates:tighter,joint4,variance_ratio_min,quantitative_fidelity,variance_ratio,0.5587221227268911,>=,0.55,0.5,True,True,True,False,not_identifiable,False
periscope_guide:tomm20_mito,main4,relative:all gates:tighter,joint4,variance_ratio_max,quantitative_fidelity,variance_ratio,0.5587221227268911,<=,1.35,1.5,True,True,True,False,not_identifiable,False
periscope_guide:tomm20_mito,main4,relative:recoverability_min:looser,single32,recoverability_min,quantitative_fidelity,recoverability_r,0.7244846405595476,>=,0.63,0.7,True,True,True,False,not_identifiable,False
periscope_guide:tomm20_mito,main4,relative:recoverability_min:looser,single32,magnitude_spearman_min,quantitative_and_ranking_fidelity,magnitude_spearman,0.911908535650516,>=,0.7,0.7,False,True,True,False,not_identifiable,False
periscope_guide:tomm20_mito,main4,relative:recoverability_min:looser,single32,top5pct_quantitative_min,quantitative_fidelity,top5pct_recall,0.6911764705882353,>=,0.6,0.6,False,True,True,False,not_identifiable,False
periscope_guide:tomm20_mito,main4,relative:recoverability_min:looser,single32,top5pct_ranking_min,ranking_fidelity,top5pct_recall,0.6911764705882353,>=,0.5,0.5,False,True,True,False,not_identifiable,False
periscope_guide:tomm20_mito,main4,relative:recoverability_min:looser,single32,reliability_min,reference_identifiability,reliability,0.0473571535467417,>=,0.3,0.3,False,False,False,False,not_identifiable,False
periscope_guide:tomm20_mito,main4,relative:recoverability_min:looser,single32,measurement_recoverability_max_exclusive,measurement_required_eligibility_not_good_performance,recoverability_r,0.7244846405595476,<,0.6,0.6,False,False,False,False,not_identifiable,False
periscope_guide:tomm20_mito,main4,relative:recoverability_min:looser,single32,variance_ratio_min,quantitative_fidelity,variance_ratio,0.5587221227268911,>=,0.5,0.5,False,True,True,False,not_identifiable,False
periscope_guide:tomm20_mito,main4,relative:recoverability_min:looser,single32,variance_ratio_max,quantitative_fidelity,variance_ratio,0.5587221227268911,<=,1.5,1.5,False,True,True,False,not_identifiable,False
periscope_guide:tomm20_mito,main4,relative:recoverability_min:tighter,single32,recoverability_min,quantitative_fidelity,recoverability_r,0.7244846405595476,>=,0.77,0.7,True,False,True,True,not_identifiable,False
periscope_guide:tomm20_mito,main4,relative:recoverability_min:tighter,single32,magnitude_spearman_min,quantitative_and_ranking_fidelity,magnitude_spearman,0.911908535650516,>=,0.7,0.7,False,True,True,False,not_identifiable,False
periscope_guide:tomm20_mito,main4,relative:recoverability_min:tighter,single32,top5pct_quantitative_min,quantitative_fidelity,top5pct_recall,0.6911764705882353,>=,0.6,0.6,False,True,True,False,not_identifiable,False
periscope_guide:tomm20_mito,main4,relative:recoverability_min:tighter,single32,top5pct_ranking_min,ranking_fidelity,top5pct_recall,0.6911764705882353,>=,0.5,0.5,False,True,True,False,not_identifiable,False
periscope_guide:tomm20_mito,main4,relative:recoverability_min:tighter,single32,reliability_min,reference_identifiability,reliability,0.0473571535467417,>=,0.3,0.3,False,False,False,False,not_identifiable,False
periscope_guide:tomm20_mito,main4,relative:recoverability_min:tighter,single32,measurement_recoverability_max_exclusive,measurement_required_eligibility_not_good_performance,recoverability_r,0.7244846405595476,<,0.6,0.6,False,False,False,False,not_identifiable,False
periscope_guide:tomm20_mito,main4,relative:recoverability_min:tighter,single32,variance_ratio_min,quantitative_fidelity,variance_ratio,0.5587221227268911,>=,0.5,0.5,False,True,True,False,not_identifiable,False
periscope_guide:tomm20_mito,main4,relative:recoverability_min:tighter,single32,variance_ratio_max,quantitative_fidelity,variance_ratio,0.5587221227268911,<=,1.5,1.5,False,True,True,False,not_identifiable,False
periscope_guide:tomm20_mito,main4,relative:magnitude_spearman_min:looser,single32,recoverability_min,quantitative_fidelity,recoverability_r,0.7244846405595476,>=,0.7,0.7,False,True,True,False,not_identifiable,False
periscope_guide:tomm20_mito,main4,relative:magnitude_spearman_min:looser,single32,magnitude_spearman_min,quantitative_and_ranking_fidelity,magnitude_spearman,0.911908535650516,>=,0.63,0.7,True,True,True,False,not_identifiable,False
periscope_guide:tomm20_mito,main4,relative:magnitude_spearman_min:looser,single32,top5pct_quantitative_min,quantitative_fidelity,top5pct_recall,0.6911764705882353,>=,0.6,0.6,False,True,True,False,not_identifiable,False
periscope_guide:tomm20_mito,main4,relative:magnitude_spearman_min:looser,single32,top5pct_ranking_min,ranking_fidelity,top5pct_recall,0.6911764705882353,>=,0.5,0.5,False,True,True,False,not_identifiable,False
periscope_guide:tomm20_mito,main4,relative:magnitude_spearman_min:looser,single32,reliability_min,reference_identifiability,reliability,0.0473571535467417,>=,0.3,0.3,False,False,False,False,not_identifiable,False
periscope_guide:tomm20_mito,main4,relative:magnitude_spearman_min:looser,single32,measurement_recoverability_max_exclusive,measurement_required_eligibility_not_good_performance,recoverability_r,0.7244846405595476,<,0.6,0.6,False,False,False,False,not_identifiable,False
periscope_guide:tomm20_mito,main4,relative:magnitude_spearman_min:looser,single32,variance_ratio_min,quantitative_fidelity,variance_ratio,0.5587221227268911,>=,0.5,0.5,False,True,True,False,not_identifiable,False
periscope_guide:tomm20_mito,main4,relative:magnitude_spearman_min:looser,single32,variance_ratio_max,quantitative_fidelity,variance_ratio,0.5587221227268911,<=,1.5,1.5,False,True,True,False,not_identifiable,False
periscope_guide:tomm20_mito,main4,relative:magnitude_spearman_min:tighter,single32,recoverability_min,quantitative_fidelity,recoverability_r,0.7244846405595476,>=,0.7,0.7,False,True,True,False,not_identifiable,False
periscope_guide:tomm20_mito,main4,relative:magnitude_spearman_min:tighter,single32,magnitude_spearman_min,quantitative_and_ranking_fidelity,magnitude_spearman,0.911908535650516,>=,0.77,0.7,True,True,True,False,not_identifiable,False
periscope_guide:tomm20_mito,main4,relative:magnitude_spearman_min:tighter,single32,top5pct_quantitative_min,quantitative_fidelity,top5pct_recall,0.6911764705882353,>=,0.6,0.6,False,True,True,False,not_identifiable,False
periscope_guide:tomm20_mito,main4,relative:magnitude_spearman_min:tighter,single32,top5pct_ranking_min,ranking_fidelity,top5pct_recall,0.6911764705882353,>=,0.5,0.5,False,True,True,False,not_identifiable,False
periscope_guide:tomm20_mito,main4,relative:magnitude_spearman_min:tighter,single32,reliability_min,reference_identifiability,reliability,0.0473571535467417,>=,0.3,0.3,False,False,False,False,not_identifiable,False
periscope_guide:tomm20_mito,main4,relative:magnitude_spearman_min:tighter,single32,measurement_recoverability_max_exclusive,measurement_required_eligibility_not_good_performance,recoverability_r,0.7244846405595476,<,0.6,0.6,False,False,False,False,not_identifiable,False
periscope_guide:tomm20_mito,main4,relative:magnitude_spearman_min:tighter,single32,variance_ratio_min,quantitative_fidelity,variance_ratio,0.5587221227268911,>=,0.5,0.5,False,True,True,False,not_identifiable,False
periscope_guide:tomm20_mito,main4,relative:magnitude_spearman_min:tighter,single32,variance_ratio_max,quantitative_fidelity,variance_ratio,0.5587221227268911,<=,1.5,1.5,False,True,True,False,not_identifiable,False
periscope_guide:tomm20_mito,main4,relative:top5pct_quantitative_min:looser,single32,recoverability_min,quantitative_fidelity,recoverability_r,0.7244846405595476,>=,0.7,0.7,False,True,True,False,not_identifiable,False
periscope_guide:tomm20_mito,main4,relative:top5pct_quantitative_min:looser,single32,magnitude_spearman_min,quantitative_and_ranking_fidelity,magnitude_spearman,0.911908535650516,>=,0.7,0.7,False,True,True,False,not_identifiable,False
periscope_guide:tomm20_mito,main4,relative:top5pct_quantitative_min:looser,single32,top5pct_quantitative_min,quantitative_fidelity,top5pct_recall,0.6911764705882353,>=,0.54,0.6,True,True,True,False,not_identifiable,False
periscope_guide:tomm20_mito,main4,relative:top5pct_quantitative_min:looser,single32,top5pct_ranking_min,ranking_fidelity,top5pct_recall,0.6911764705882353,>=,0.5,0.5,False,True,True,False,not_identifiable,False
periscope_guide:tomm20_mito,main4,relative:top5pct_quantitative_min:looser,single32,reliability_min,reference_identifiability,reliability,0.0473571535467417,>=,0.3,0.3,False,False,False,False,not_identifiable,False
periscope_guide:tomm20_mito,main4,relative:top5pct_quantitative_min:looser,single32,measurement_recoverability_max_exclusive,measurement_required_eligibility_not_good_performance,recoverability_r,0.7244846405595476,<,0.6,0.6,False,False,False,False,not_identifiable,False
periscope_guide:tomm20_mito,main4,relative:top5pct_quantitative_min:looser,single32,variance_ratio_min,quantitative_fidelity,variance_ratio,0.5587221227268911,>=,0.5,0.5,False,True,True,False,not_identifiable,False
periscope_guide:tomm20_mito,main4,relative:top5pct_quantitative_min:looser,single32,variance_ratio_max,quantitative_fidelity,variance_ratio,0.5587221227268911,<=,1.5,1.5,False,True,True,False,not_identifiable,False
periscope_guide:tomm20_mito,main4,relative:top5pct_quantitative_min:tighter,single32,recoverability_min,quantitative_fidelity,recoverability_r,0.7244846405595476,>=,0.7,0.7,False,True,True,False,not_identifiable,False
periscope_guide:tomm20_mito,main4,relative:top5pct_quantitative_min:tighter,single32,magnitude_spearman_min,quantitative_and_ranking_fidelity,magnitude_spearman,0.911908535650516,>=,0.7,0.7,False,True,True,False,not_identifiable,False
periscope_guide:tomm20_mito,main4,relative:top5pct_quantitative_min:tighter,single32,top5pct_quantitative_min,quantitative_fidelity,top5pct_recall,0.6911764705882353,>=,0.66,0.6,True,True,True,False,not_identifiable,False
periscope_guide:tomm20_mito,main4,relative:top5pct_quantitative_min:tighter,single32,top5pct_ranking_min,ranking_fidelity,top5pct_recall,0.6911764705882353,>=,0.5,0.5,False,True,True,False,not_identifiable,False
periscope_guide:tomm20_mito,main4,relative:top5pct_quantitative_min:tighter,single32,reliability_min,reference_identifiability,reliability,0.0473571535467417,>=,0.3,0.3,False,False,False,False,not_identifiable,False
periscope_guide:tomm20_mito,main4,relative:top5pct_quantitative_min:tighter,single32,measurement_recoverability_max_exclusive,measurement_required_eligibility_not_good_performance,recoverability_r,0.7244846405595476,<,0.6,0.6,False,False,False,False,not_identifiable,False
periscope_guide:tomm20_mito,main4,relative:top5pct_quantitative_min:tighter,single32,variance_ratio_min,quantitative_fidelity,variance_ratio,0.5587221227268911,>=,0.5,0.5,False,True,True,False,not_identifiable,False
periscope_guide:tomm20_mito,main4,relative:top5pct_quantitative_min:tighter,single32,variance_ratio_max,quantitative_fidelity,variance_ratio,0.5587221227268911,<=,1.5,1.5,False,True,True,False,not_identifiable,False
periscope_guide:tomm20_mito,main4,relative:top5pct_ranking_min:looser,single32,recoverability_min,quantitative_fidelity,recoverability_r,0.7244846405595476,>=,0.7,0.7,False,True,True,False,not_identifiable,False
periscope_guide:tomm20_mito,main4,relative:top5pct_ranking_min:looser,single32,magnitude_spearman_min,quantitative_and_ranking_fidelity,magnitude_spearman,0.911908535650516,>=,0.7,0.7,False,True,True,False,not_identifiable,False
periscope_guide:tomm20_mito,main4,relative:top5pct_ranking_min:looser,single32,top5pct_quantitative_min,quantitative_fidelity,top5pct_recall,0.6911764705882353,>=,0.6,0.6,False,True,True,False,not_identifiable,False
periscope_guide:tomm20_mito,main4,relative:top5pct_ranking_min:looser,single32,top5pct_ranking_min,ranking_fidelity,top5pct_recall,0.6911764705882353,>=,0.45,0.5,True,True,True,False,not_identifiable,False
periscope_guide:tomm20_mito,main4,relative:top5pct_ranking_min:looser,single32,reliability_min,reference_identifiability,reliability,0.0473571535467417,>=,0.3,0.3,False,False,False,False,not_identifiable,False
periscope_guide:tomm20_mito,main4,relative:top5pct_ranking_min:looser,single32,measurement_recoverability_max_exclusive,measurement_required_eligibility_not_good_performance,recoverability_r,0.7244846405595476,<,0.6,0.6,False,False,False,False,not_identifiable,False
periscope_guide:tomm20_mito,main4,relative:top5pct_ranking_min:looser,single32,variance_ratio_min,quantitative_fidelity,variance_ratio,0.5587221227268911,>=,0.5,0.5,False,True,True,False,not_identifiable,False
periscope_guide:tomm20_mito,main4,relative:top5pct_ranking_min:looser,single32,variance_ratio_max,quantitative_fidelity,variance_ratio,0.5587221227268911,<=,1.5,1.5,False,True,True,False,not_identifiable,False
periscope_guide:tomm20_mito,main4,relative:top5pct_ranking_min:tighter,single32,recoverability_min,quantitative_fidelity,recoverability_r,0.7244846405595476,>=,0.7,0.7,False,True,True,False,not_identifiable,False
periscope_guide:tomm20_mito,main4,relative:top5pct_ranking_min:tighter,single32,magnitude_spearman_min,quantitative_and_ranking_fidelity,magnitude_spearman,0.911908535650516,>=,0.7,0.7,False,True,True,False,not_identifiable,False
periscope_guide:tomm20_mito,main4,relative:top5pct_ranking_min:tighter,single32,top5pct_quantitative_min,quantitative_fidelity,top5pct_recall,0.6911764705882353,>=,0.6,0.6,False,True,True,False,not_identifiable,False
periscope_guide:tomm20_mito,main4,relative:top5pct_ranking_min:tighter,single32,top5pct_ranking_min,ranking_fidelity,top5pct_recall,0.6911764705882353,>=,0.55,0.5,True,True,True,False,not_identifiable,False
periscope_guide:tomm20_mito,main4,relative:top5pct_ranking_min:tighter,single32,reliability_min,reference_identifiability,reliability,0.0473571535467417,>=,0.3,0.3,False,False,False,False,not_identifiable,False
periscope_guide:tomm20_mito,main4,relative:top5pct_ranking_min:tighter,single32,measurement_recoverability_max_exclusive,measurement_required_eligibility_not_good_performance,recoverability_r,0.7244846405595476,<,0.6,0.6,False,False,False,False,not_identifiable,False
periscope_guide:tomm20_mito,main4,relative:top5pct_ranking_min:tighter,single32,variance_ratio_min,quantitative_fidelity,variance_ratio,0.5587221227268911,>=,0.5,0.5,False,True,True,False,not_identifiable,False
periscope_guide:tomm20_mito,main4,relative:top5pct_ranking_min:tighter,single32,variance_ratio_max,quantitative_fidelity,variance_ratio,0.5587221227268911,<=,1.5,1.5,False,True,True,False,not_identifiable,False
periscope_guide:tomm20_mito,main4,relative:reliability_min:looser,single32,recoverability_min,quantitative_fidelity,recoverability_r,0.7244846405595476,>=,0.7,0.7,False,True,True,False,not_identifiable,False
periscope_guide:tomm20_mito,main4,relative:reliability_min:looser,single32,magnitude_spearman_min,quantitative_and_ranking_fidelity,magnitude_spearman,0.911908535650516,>=,0.7,0.7,False,True,True,False,not_identifiable,False
periscope_guide:tomm20_mito,main4,relative:reliability_min:looser,single32,top5pct_quantitative_min,quantitative_fidelity,top5pct_recall,0.6911764705882353,>=,0.6,0.6,False,True,True,False,not_identifiable,False
periscope_guide:tomm20_mito,main4,relative:reliability_min:looser,single32,top5pct_ranking_min,ranking_fidelity,top5pct_recall,0.6911764705882353,>=,0.5,0.5,False,True,True,False,not_identifiable,False
periscope_guide:tomm20_mito,main4,relative:reliability_min:looser,single32,reliability_min,reference_identifiability,reliability,0.0473571535467417,>=,0.27,0.3,True,False,False,False,not_identifiable,False
periscope_guide:tomm20_mito,main4,relative:reliability_min:looser,single32,measurement_recoverability_max_exclusive,measurement_required_eligibility_not_good_performance,recoverability_r,0.7244846405595476,<,0.6,0.6,False,False,False,False,not_identifiable,False
periscope_guide:tomm20_mito,main4,relative:reliability_min:looser,single32,variance_ratio_min,quantitative_fidelity,variance_ratio,0.5587221227268911,>=,0.5,0.5,False,True,True,False,not_identifiable,False
periscope_guide:tomm20_mito,main4,relative:reliability_min:looser,single32,variance_ratio_max,quantitative_fidelity,variance_ratio,0.5587221227268911,<=,1.5,1.5,False,True,True,False,not_identifiable,False
periscope_guide:tomm20_mito,main4,relative:reliability_min:tighter,single32,recoverability_min,quantitative_fidelity,recoverability_r,0.7244846405595476,>=,0.7,0.7,False,True,True,False,not_identifiable,False
periscope_guide:tomm20_mito,main4,relative:reliability_min:tighter,single32,magnitude_spearman_min,quantitative_and_ranking_fidelity,magnitude_spearman,0.911908535650516,>=,0.7,0.7,False,True,True,False,not_identifiable,False
periscope_guide:tomm20_mito,main4,relative:reliability_min:tighter,single32,top5pct_quantitative_min,quantitative_fidelity,top5pct_recall,0.6911764705882353,>=,0.6,0.6,False,True,True,False,not_identifiable,False
periscope_guide:tomm20_mito,main4,relative:reliability_min:tighter,single32,top5pct_ranking_min,ranking_fidelity,top5pct_recall,0.6911764705882353,>=,0.5,0.5,False,True,True,False,not_identifiable,False
periscope_guide:tomm20_mito,main4,relative:reliability_min:tighter,single32,reliability_min,reference_identifiability,reliability,0.0473571535467417,>=,0.33,0.3,True,False,False,False,not_identifiable,False
periscope_guide:tomm20_mito,main4,relative:reliability_min:tighter,single32,measurement_recoverability_max_exclusive,measurement_required_eligibility_not_good_performance,recoverability_r,0.7244846405595476,<,0.6,0.6,False,False,False,False,not_identifiable,False
periscope_guide:tomm20_mito,main4,relative:reliability_min:tighter,single32,variance_ratio_min,quantitative_fidelity,variance_ratio,0.5587221227268911,>=,0.5,0.5,False,True,True,False,not_identifiable,False
periscope_guide:tomm20_mito,main4,relative:reliability_min:tighter,single32,variance_ratio_max,quantitative_fidelity,variance_ratio,0.5587221227268911,<=,1.5,1.5,False,True,True,False,not_identifiable,False
periscope_guide:tomm20_mito,main4,relative:measurement_recoverability_max_exclusive:looser,single32,recoverability_min,quantitative_fidelity,recoverability_r,0.7244846405595476,>=,0.7,0.7,False,True,True,False,not_identifiable,False
periscope_guide:tomm20_mito,main4,relative:measurement_recoverability_max_exclusive:looser,single32,magnitude_spearman_min,quantitative_and_ranking_fidelity,magnitude_spearman,0.911908535650516,>=,0.7,0.7,False,True,True,False,not_identifiable,False
periscope_guide:tomm20_mito,main4,relative:measurement_recoverability_max_exclusive:looser,single32,top5pct_quantitative_min,quantitative_fidelity,top5pct_recall,0.6911764705882353,>=,0.6,0.6,False,True,True,False,not_identifiable,False
periscope_guide:tomm20_mito,main4,relative:measurement_recoverability_max_exclusive:looser,single32,top5pct_ranking_min,ranking_fidelity,top5pct_recall,0.6911764705882353,>=,0.5,0.5,False,True,True,False,not_identifiable,False
periscope_guide:tomm20_mito,main4,relative:measurement_recoverability_max_exclusive:looser,single32,reliability_min,reference_identifiability,reliability,0.0473571535467417,>=,0.3,0.3,False,False,False,False,not_identifiable,False
periscope_guide:tomm20_mito,main4,relative:measurement_recoverability_max_exclusive:looser,single32,measurement_recoverability_max_exclusive,measurement_required_eligibility_not_good_performance,recoverability_r,0.7244846405595476,<,0.54,0.6,True,False,False,False,not_identifiable,False
periscope_guide:tomm20_mito,main4,relative:measurement_recoverability_max_exclusive:looser,single32,variance_ratio_min,quantitative_fidelity,variance_ratio,0.5587221227268911,>=,0.5,0.5,False,True,True,False,not_identifiable,False
periscope_guide:tomm20_mito,main4,relative:measurement_recoverability_max_exclusive:looser,single32,variance_ratio_max,quantitative_fidelity,variance_ratio,0.5587221227268911,<=,1.5,1.5,False,True,True,False,not_identifiable,False
periscope_guide:tomm20_mito,main4,relative:measurement_recoverability_max_exclusive:tighter,single32,recoverability_min,quantitative_fidelity,recoverability_r,0.7244846405595476,>=,0.7,0.7,False,True,True,False,not_identifiable,False
periscope_guide:tomm20_mito,main4,relative:measurement_recoverability_max_exclusive:tighter,single32,magnitude_spearman_min,quantitative_and_ranking_fidelity,magnitude_spearman,0.911908535650516,>=,0.7,0.7,False,True,True,False,not_identifiable,False
periscope_guide:tomm20_mito,main4,relative:measurement_recoverability_max_exclusive:tighter,single32,top5pct_quantitative_min,quantitative_fidelity,top5pct_recall,0.6911764705882353,>=,0.6,0.6,False,True,True,False,not_identifiable,False
periscope_guide:tomm20_mito,main4,relative:measurement_recoverability_max_exclusive:tighter,single32,top5pct_ranking_min,ranking_fidelity,top5pct_recall,0.6911764705882353,>=,0.5,0.5,False,True,True,False,not_identifiable,False
periscope_guide:tomm20_mito,main4,relative:measurement_recoverability_max_exclusive:tighter,single32,reliability_min,reference_identifiability,reliability,0.0473571535467417,>=,0.3,0.3,False,False,False,False,not_identifiable,False
periscope_guide:tomm20_mito,main4,relative:measurement_recoverability_max_exclusive:tighter,single32,measurement_recoverability_max_exclusive,measurement_required_eligibility_not_good_performance,recoverability_r,0.7244846405595476,<,0.66,0.6,True,False,False,False,not_identifiable,False
periscope_guide:tomm20_mito,main4,relative:measurement_recoverability_max_exclusive:tighter,single32,variance_ratio_min,quantitative_fidelity,variance_ratio,0.5587221227268911,>=,0.5,0.5,False,True,True,False,not_identifiable,False
periscope_guide:tomm20_mito,main4,relative:measurement_recoverability_max_exclusive:tighter,single32,variance_ratio_max,quantitative_fidelity,variance_ratio,0.5587221227268911,<=,1.5,1.5,False,True,True,False,not_identifiable,False
periscope_guide:tomm20_mito,main4,relative:variance_ratio_min:looser,single32,recoverability_min,quantitative_fidelity,recoverability_r,0.7244846405595476,>=,0.7,0.7,False,True,True,False,not_identifiable,False
periscope_guide:tomm20_mito,main4,relative:variance_ratio_min:looser,single32,magnitude_spearman_min,quantitative_and_ranking_fidelity,magnitude_spearman,0.911908535650516,>=,0.7,0.7,False,True,True,False,not_identifiable,False
periscope_guide:tomm20_mito,main4,relative:variance_ratio_min:looser,single32,top5pct_quantitative_min,quantitative_fidelity,top5pct_recall,0.6911764705882353,>=,0.6,0.6,False,True,True,False,not_identifiable,False
periscope_guide:tomm20_mito,main4,relative:variance_ratio_min:looser,single32,top5pct_ranking_min,ranking_fidelity,top5pct_recall,0.6911764705882353,>=,0.5,0.5,False,True,True,False,not_identifiable,False
periscope_guide:tomm20_mito,main4,relative:variance_ratio_min:looser,single32,reliability_min,reference_identifiability,reliability,0.0473571535467417,>=,0.3,0.3,False,False,False,False,not_identifiable,False
periscope_guide:tomm20_mito,main4,relative:variance_ratio_min:looser,single32,measurement_recoverability_max_exclusive,measurement_required_eligibility_not_good_performance,recoverability_r,0.7244846405595476,<,0.6,0.6,False,False,False,False,not_identifiable,False
periscope_guide:tomm20_mito,main4,relative:variance_ratio_min:looser,single32,variance_ratio_min,quantitative_fidelity,variance_ratio,0.5587221227268911,>=,0.45,0.5,True,True,True,False,not_identifiable,False
periscope_guide:tomm20_mito,main4,relative:variance_ratio_min:looser,single32,variance_ratio_max,quantitative_fidelity,variance_ratio,0.5587221227268911,<=,1.5,1.5,False,True,True,False,not_identifiable,False
periscope_guide:tomm20_mito,main4,relative:variance_ratio_min:tighter,single32,recoverability_min,quantitative_fidelity,recoverability_r,0.7244846405595476,>=,0.7,0.7,False,True,True,False,not_identifiable,False
periscope_guide:tomm20_mito,main4,relative:variance_ratio_min:tighter,single32,magnitude_spearman_min,quantitative_and_ranking_fidelity,magnitude_spearman,0.911908535650516,>=,0.7,0.7,False,True,True,False,not_identifiable,False
periscope_guide:tomm20_mito,main4,relative:variance_ratio_min:tighter,single32,top5pct_quantitative_min,quantitative_fidelity,top5pct_recall,0.6911764705882353,>=,0.6,0.6,False,True,True,False,not_identifiable,False
periscope_guide:tomm20_mito,main4,relative:variance_ratio_min:tighter,single32,top5pct_ranking_min,ranking_fidelity,top5pct_recall,0.6911764705882353,>=,0.5,0.5,False,True,True,False,not_identifiable,False
periscope_guide:tomm20_mito,main4,relative:variance_ratio_min:tighter,single32,reliability_min,reference_identifiability,reliability,0.0473571535467417,>=,0.3,0.3,False,False,False,False,not_identifiable,False
periscope_guide:tomm20_mito,main4,relative:variance_ratio_min:tighter,single32,measurement_recoverability_max_exclusive,measurement_required_eligibility_not_good_performance,recoverability_r,0.7244846405595476,<,0.6,0.6,False,False,False,False,not_identifiable,False
periscope_guide:tomm20_mito,main4,relative:variance_ratio_min:tighter,single32,variance_ratio_min,quantitative_fidelity,variance_ratio,0.5587221227268911,>=,0.55,0.5,True,True,True,False,not_identifiable,False
periscope_guide:tomm20_mito,main4,relative:variance_ratio_min:tighter,single32,variance_ratio_max,quantitative_fidelity,variance_ratio,0.5587221227268911,<=,1.5,1.5,False,True,True,False,not_identifiable,False
periscope_guide:tomm20_mito,main4,relative:variance_ratio_max:looser,single32,recoverability_min,quantitative_fidelity,recoverability_r,0.7244846405595476,>=,0.7,0.7,False,True,True,False,not_identifiable,False
periscope_guide:tomm20_mito,main4,relative:variance_ratio_max:looser,single32,magnitude_spearman_min,quantitative_and_ranking_fidelity,magnitude_spearman,0.911908535650516,>=,0.7,0.7,False,True,True,False,not_identifiable,False
periscope_guide:tomm20_mito,main4,relative:variance_ratio_max:looser,single32,top5pct_quantitative_min,quantitative_fidelity,top5pct_recall,0.6911764705882353,>=,0.6,0.6,False,True,True,False,not_identifiable,False
periscope_guide:tomm20_mito,main4,relative:variance_ratio_max:looser,single32,top5pct_ranking_min,ranking_fidelity,top5pct_recall,0.6911764705882353,>=,0.5,0.5,False,True,True,False,not_identifiable,False
periscope_guide:tomm20_mito,main4,relative:variance_ratio_max:looser,single32,reliability_min,reference_identifiability,reliability,0.0473571535467417,>=,0.3,0.3,False,False,False,False,not_identifiable,False
periscope_guide:tomm20_mito,main4,relative:variance_ratio_max:looser,single32,measurement_recoverability_max_exclusive,measurement_required_eligibility_not_good_performance,recoverability_r,0.7244846405595476,<,0.6,0.6,False,False,False,False,not_identifiable,False
periscope_guide:tomm20_mito,main4,relative:variance_ratio_max:looser,single32,variance_ratio_min,quantitative_fidelity,variance_ratio,0.5587221227268911,>=,0.5,0.5,False,True,True,False,not_identifiable,False
periscope_guide:tomm20_mito,main4,relative:variance_ratio_max:looser,single32,variance_ratio_max,quantitative_fidelity,variance_ratio,0.5587221227268911,<=,1.65,1.5,True,True,True,False,not_identifiable,False
periscope_guide:tomm20_mito,main4,relative:variance_ratio_max:tighter,single32,recoverability_min,quantitative_fidelity,recoverability_r,0.7244846405595476,>=,0.7,0.7,False,True,True,False,not_identifiable,False
periscope_guide:tomm20_mito,main4,relative:variance_ratio_max:tighter,single32,magnitude_spearman_min,quantitative_and_ranking_fidelity,magnitude_spearman,0.911908535650516,>=,0.7,0.7,False,True,True,False,not_identifiable,False
periscope_guide:tomm20_mito,main4,relative:variance_ratio_max:tighter,single32,top5pct_quantitative_min,quantitative_fidelity,top5pct_recall,0.6911764705882353,>=,0.6,0.6,False,True,True,False,not_identifiable,False
periscope_guide:tomm20_mito,main4,relative:variance_ratio_max:tighter,single32,top5pct_ranking_min,ranking_fidelity,top5pct_recall,0.6911764705882353,>=,0.5,0.5,False,True,True,False,not_identifiable,False
periscope_guide:tomm20_mito,main4,relative:variance_ratio_max:tighter,single32,reliability_min,reference_identifiability,reliability,0.0473571535467417,>=,0.3,0.3,False,False,False,False,not_identifiable,False
periscope_guide:tomm20_mito,main4,relative:variance_ratio_max:tighter,single32,measurement_recoverability_max_exclusive,measurement_required_eligibility_not_good_performance,recoverability_r,0.7244846405595476,<,0.6,0.6,False,False,False,False,not_identifiable,False
periscope_guide:tomm20_mito,main4,relative:variance_ratio_max:tighter,single32,variance_ratio_min,quantitative_fidelity,variance_ratio,0.5587221227268911,>=,0.5,0.5,False,True,True,False,not_identifiable,False
periscope_guide:tomm20_mito,main4,relative:variance_ratio_max:tighter,single32,variance_ratio_max,quantitative_fidelity,variance_ratio,0.5587221227268911,<=,1.35,1.5,True,True,True,False,not_identifiable,False
oasis:prod_25:mtt_viability,OASIS_batch8,baseline,baseline,recoverability_min,quantitative_fidelity,recoverability_r,0.7727466707147929,>=,0.7,0.7,False,True,True,False,unresolved,True
oasis:prod_25:mtt_viability,OASIS_batch8,baseline,baseline,magnitude_spearman_min,quantitative_and_ranking_fidelity,magnitude_spearman,0.6017697787776528,>=,0.7,0.7,False,False,False,False,unresolved,True
oasis:prod_25:mtt_viability,OASIS_batch8,baseline,baseline,top5pct_quantitative_min,quantitative_fidelity,top5pct_recall,0.5714285714285714,>=,0.6,0.6,False,False,False,False,unresolved,True
oasis:prod_25:mtt_viability,OASIS_batch8,baseline,baseline,top5pct_ranking_min,ranking_fidelity,top5pct_recall,0.5714285714285714,>=,0.5,0.5,False,True,True,False,unresolved,True
oasis:prod_25:mtt_viability,OASIS_batch8,baseline,baseline,reliability_min,reference_identifiability,reliability,0.5151597958203917,>=,0.3,0.3,False,True,True,False,unresolved,True
oasis:prod_25:mtt_viability,OASIS_batch8,baseline,baseline,measurement_recoverability_max_exclusive,measurement_required_eligibility_not_good_performance,recoverability_r,0.7727466707147929,<,0.6,0.6,False,False,False,False,unresolved,True
oasis:prod_25:mtt_viability,OASIS_batch8,baseline,baseline,variance_ratio_min,quantitative_fidelity,variance_ratio,1.26106272395305,>=,0.5,0.5,False,True,True,False,unresolved,True
oasis:prod_25:mtt_viability,OASIS_batch8,baseline,baseline,variance_ratio_max,quantitative_fidelity,variance_ratio,1.26106272395305,<=,1.5,1.5,False,True,True,False,unresolved,True
oasis:prod_25:mtt_viability,OASIS_batch8,absolute:all gates:looser,joint4,recoverability_min,quantitative_fidelity,recoverability_r,0.7727466707147929,>=,0.65,0.7,True,True,True,False,unresolved,True
oasis:prod_25:mtt_viability,OASIS_batch8,absolute:all gates:looser,joint4,magnitude_spearman_min,quantitative_and_ranking_fidelity,magnitude_spearman,0.6017697787776528,>=,0.65,0.7,True,False,False,False,unresolved,True
oasis:prod_25:mtt_viability,OASIS_batch8,absolute:all gates:looser,joint4,top5pct_quantitative_min,quantitative_fidelity,top5pct_recall,0.5714285714285714,>=,0.55,0.6,True,True,False,True,unresolved,True
oasis:prod_25:mtt_viability,OASIS_batch8,absolute:all gates:looser,joint4,top5pct_ranking_min,ranking_fidelity,top5pct_recall,0.5714285714285714,>=,0.45,0.5,True,True,True,False,unresolved,True
oasis:prod_25:mtt_viability,OASIS_batch8,absolute:all gates:looser,joint4,reliability_min,reference_identifiability,reliability,0.5151597958203917,>=,0.25,0.3,True,True,True,False,unresolved,True
oasis:prod_25:mtt_viability,OASIS_batch8,absolute:all gates:looser,joint4,measurement_recoverability_max_exclusive,measurement_required_eligibility_not_good_performance,recoverability_r,0.7727466707147929,<,0.55,0.6,True,False,False,False,unresolved,True
oasis:prod_25:mtt_viability,OASIS_batch8,absolute:all gates:looser,joint4,variance_ratio_min,quantitative_fidelity,variance_ratio,1.26106272395305,>=,0.45,0.5,True,True,True,False,unresolved,True
oasis:prod_25:mtt_viability,OASIS_batch8,absolute:all gates:looser,joint4,variance_ratio_max,quantitative_fidelity,variance_ratio,1.26106272395305,<=,1.55,1.5,True,True,True,False,unresolved,True
oasis:prod_25:mtt_viability,OASIS_batch8,absolute:all gates:tighter,joint4,recoverability_min,quantitative_fidelity,recoverability_r,0.7727466707147929,>=,0.75,0.7,True,True,True,False,unresolved,True
oasis:prod_25:mtt_viability,OASIS_batch8,absolute:all gates:tighter,joint4,magnitude_spearman_min,quantitative_and_ranking_fidelity,magnitude_spearman,0.6017697787776528,>=,0.75,0.7,True,False,False,False,unresolved,True
oasis:prod_25:mtt_viability,OASIS_batch8,absolute:all gates:tighter,joint4,top5pct_quantitative_min,quantitative_fidelity,top5pct_recall,0.5714285714285714,>=,0.65,0.6,True,False,False,False,unresolved,True
oasis:prod_25:mtt_viability,OASIS_batch8,absolute:all gates:tighter,joint4,top5pct_ranking_min,ranking_fidelity,top5pct_recall,0.5714285714285714,>=,0.55,0.5,True,True,True,False,unresolved,True
oasis:prod_25:mtt_viability,OASIS_batch8,absolute:all gates:tighter,joint4,reliability_min,reference_identifiability,reliability,0.5151597958203917,>=,0.35,0.3,True,True,True,False,unresolved,True
oasis:prod_25:mtt_viability,OASIS_batch8,absolute:all gates:tighter,joint4,measurement_recoverability_max_exclusive,measurement_required_eligibility_not_good_performance,recoverability_r,0.7727466707147929,<,0.65,0.6,True,False,False,False,unresolved,True
oasis:prod_25:mtt_viability,OASIS_batch8,absolute:all gates:tighter,joint4,variance_ratio_min,quantitative_fidelity,variance_ratio,1.26106272395305,>=,0.55,0.5,True,True,True,False,unresolved,True
oasis:prod_25:mtt_viability,OASIS_batch8,absolute:all gates:tighter,joint4,variance_ratio_max,quantitative_fidelity,variance_ratio,1.26106272395305,<=,1.45,1.5,True,True,True,False,unresolved,True
oasis:prod_25:mtt_viability,OASIS_batch8,absolute:recoverability_min:looser,single32,recoverability_min,quantitative_fidelity,recoverability_r,0.7727466707147929,>=,0.65,0.7,True,True,True,False,unresolved,True
oasis:prod_25:mtt_viability,OASIS_batch8,absolute:recoverability_min:looser,single32,magnitude_spearman_min,quantitative_and_ranking_fidelity,magnitude_spearman,0.6017697787776528,>=,0.7,0.7,False,False,False,False,unresolved,True
oasis:prod_25:mtt_viability,OASIS_batch8,absolute:recoverability_min:looser,single32,top5pct_quantitative_min,quantitative_fidelity,top5pct_recall,0.5714285714285714,>=,0.6,0.6,False,False,False,False,unresolved,True
oasis:prod_25:mtt_viability,OASIS_batch8,absolute:recoverability_min:looser,single32,top5pct_ranking_min,ranking_fidelity,top5pct_recall,0.5714285714285714,>=,0.5,0.5,False,True,True,False,unresolved,True
oasis:prod_25:mtt_viability,OASIS_batch8,absolute:recoverability_min:looser,single32,reliability_min,reference_identifiability,reliability,0.5151597958203917,>=,0.3,0.3,False,True,True,False,unresolved,True
oasis:prod_25:mtt_viability,OASIS_batch8,absolute:recoverability_min:looser,single32,measurement_recoverability_max_exclusive,measurement_required_eligibility_not_good_performance,recoverability_r,0.7727466707147929,<,0.6,0.6,False,False,False,False,unresolved,True
oasis:prod_25:mtt_viability,OASIS_batch8,absolute:recoverability_min:looser,single32,variance_ratio_min,quantitative_fidelity,variance_ratio,1.26106272395305,>=,0.5,0.5,False,True,True,False,unresolved,True
oasis:prod_25:mtt_viability,OASIS_batch8,absolute:recoverability_min:looser,single32,variance_ratio_max,quantitative_fidelity,variance_ratio,1.26106272395305,<=,1.5,1.5,False,True,True,False,unresolved,True
oasis:prod_25:mtt_viability,OASIS_batch8,absolute:recoverability_min:tighter,single32,recoverability_min,quantitative_fidelity,recoverability_r,0.7727466707147929,>=,0.75,0.7,True,True,True,False,unresolved,True
oasis:prod_25:mtt_viability,OASIS_batch8,absolute:recoverability_min:tighter,single32,magnitude_spearman_min,quantitative_and_ranking_fidelity,magnitude_spearman,0.6017697787776528,>=,0.7,0.7,False,False,False,False,unresolved,True
oasis:prod_25:mtt_viability,OASIS_batch8,absolute:recoverability_min:tighter,single32,top5pct_quantitative_min,quantitative_fidelity,top5pct_recall,0.5714285714285714,>=,0.6,0.6,False,False,False,False,unresolved,True
oasis:prod_25:mtt_viability,OASIS_batch8,absolute:recoverability_min:tighter,single32,top5pct_ranking_min,ranking_fidelity,top5pct_recall,0.5714285714285714,>=,0.5,0.5,False,True,True,False,unresolved,True
oasis:prod_25:mtt_viability,OASIS_batch8,absolute:recoverability_min:tighter,single32,reliability_min,reference_identifiability,reliability,0.5151597958203917,>=,0.3,0.3,False,True,True,False,unresolved,True
oasis:prod_25:mtt_viability,OASIS_batch8,absolute:recoverability_min:tighter,single32,measurement_recoverability_max_exclusive,measurement_required_eligibility_not_good_performance,recoverability_r,0.7727466707147929,<,0.6,0.6,False,False,False,False,unresolved,True
oasis:prod_25:mtt_viability,OASIS_batch8,absolute:recoverability_min:tighter,single32,variance_ratio_min,quantitative_fidelity,variance_ratio,1.26106272395305,>=,0.5,0.5,False,True,True,False,unresolved,True
oasis:prod_25:mtt_viability,OASIS_batch8,absolute:recoverability_min:tighter,single32,variance_ratio_max,quantitative_fidelity,variance_ratio,1.26106272395305,<=,1.5,1.5,False,True,True,False,unresolved,True
oasis:prod_25:mtt_viability,OASIS_batch8,absolute:magnitude_spearman_min:looser,single32,recoverability_min,quantitative_fidelity,recoverability_r,0.7727466707147929,>=,0.7,0.7,False,True,True,False,unresolved,True
oasis:prod_25:mtt_viability,OASIS_batch8,absolute:magnitude_spearman_min:looser,single32,magnitude_spearman_min,quantitative_and_ranking_fidelity,magnitude_spearman,0.6017697787776528,>=,0.65,0.7,True,False,False,False,unresolved,True
oasis:prod_25:mtt_viability,OASIS_batch8,absolute:magnitude_spearman_min:looser,single32,top5pct_quantitative_min,quantitative_fidelity,top5pct_recall,0.5714285714285714,>=,0.6,0.6,False,False,False,False,unresolved,True
oasis:prod_25:mtt_viability,OASIS_batch8,absolute:magnitude_spearman_min:looser,single32,top5pct_ranking_min,ranking_fidelity,top5pct_recall,0.5714285714285714,>=,0.5,0.5,False,True,True,False,unresolved,True
oasis:prod_25:mtt_viability,OASIS_batch8,absolute:magnitude_spearman_min:looser,single32,reliability_min,reference_identifiability,reliability,0.5151597958203917,>=,0.3,0.3,False,True,True,False,unresolved,True
oasis:prod_25:mtt_viability,OASIS_batch8,absolute:magnitude_spearman_min:looser,single32,measurement_recoverability_max_exclusive,measurement_required_eligibility_not_good_performance,recoverability_r,0.7727466707147929,<,0.6,0.6,False,False,False,False,unresolved,True
oasis:prod_25:mtt_viability,OASIS_batch8,absolute:magnitude_spearman_min:looser,single32,variance_ratio_min,quantitative_fidelity,variance_ratio,1.26106272395305,>=,0.5,0.5,False,True,True,False,unresolved,True
oasis:prod_25:mtt_viability,OASIS_batch8,absolute:magnitude_spearman_min:looser,single32,variance_ratio_max,quantitative_fidelity,variance_ratio,1.26106272395305,<=,1.5,1.5,False,True,True,False,unresolved,True
oasis:prod_25:mtt_viability,OASIS_batch8,absolute:magnitude_spearman_min:tighter,single32,recoverability_min,quantitative_fidelity,recoverability_r,0.7727466707147929,>=,0.7,0.7,False,True,True,False,unresolved,True
oasis:prod_25:mtt_viability,OASIS_batch8,absolute:magnitude_spearman_min:tighter,single32,magnitude_spearman_min,quantitative_and_ranking_fidelity,magnitude_spearman,0.6017697787776528,>=,0.75,0.7,True,False,False,False,unresolved,True
oasis:prod_25:mtt_viability,OASIS_batch8,absolute:magnitude_spearman_min:tighter,single32,top5pct_quantitative_min,quantitative_fidelity,top5pct_recall,0.5714285714285714,>=,0.6,0.6,False,False,False,False,unresolved,True
oasis:prod_25:mtt_viability,OASIS_batch8,absolute:magnitude_spearman_min:tighter,single32,top5pct_ranking_min,ranking_fidelity,top5pct_recall,0.5714285714285714,>=,0.5,0.5,False,True,True,False,unresolved,True
oasis:prod_25:mtt_viability,OASIS_batch8,absolute:magnitude_spearman_min:tighter,single32,reliability_min,reference_identifiability,reliability,0.5151597958203917,>=,0.3,0.3,False,True,True,False,unresolved,True
oasis:prod_25:mtt_viability,OASIS_batch8,absolute:magnitude_spearman_min:tighter,single32,measurement_recoverability_max_exclusive,measurement_required_eligibility_not_good_performance,recoverability_r,0.7727466707147929,<,0.6,0.6,False,False,False,False,unresolved,True
oasis:prod_25:mtt_viability,OASIS_batch8,absolute:magnitude_spearman_min:tighter,single32,variance_ratio_min,quantitative_fidelity,variance_ratio,1.26106272395305,>=,0.5,0.5,False,True,True,False,unresolved,True
oasis:prod_25:mtt_viability,OASIS_batch8,absolute:magnitude_spearman_min:tighter,single32,variance_ratio_max,quantitative_fidelity,variance_ratio,1.26106272395305,<=,1.5,1.5,False,True,True,False,unresolved,True
oasis:prod_25:mtt_viability,OASIS_batch8,absolute:top5pct_quantitative_min:looser,single32,recoverability_min,quantitative_fidelity,recoverability_r,0.7727466707147929,>=,0.7,0.7,False,True,True,False,unresolved,True
oasis:prod_25:mtt_viability,OASIS_batch8,absolute:top5pct_quantitative_min:looser,single32,magnitude_spearman_min,quantitative_and_ranking_fidelity,magnitude_spearman,0.6017697787776528,>=,0.7,0.7,False,False,False,False,unresolved,True
oasis:prod_25:mtt_viability,OASIS_batch8,absolute:top5pct_quantitative_min:looser,single32,top5pct_quantitative_min,quantitative_fidelity,top5pct_recall,0.5714285714285714,>=,0.55,0.6,True,True,False,True,unresolved,True
oasis:prod_25:mtt_viability,OASIS_batch8,absolute:top5pct_quantitative_min:looser,single32,top5pct_ranking_min,ranking_fidelity,top5pct_recall,0.5714285714285714,>=,0.5,0.5,False,True,True,False,unresolved,True
oasis:prod_25:mtt_viability,OASIS_batch8,absolute:top5pct_quantitative_min:looser,single32,reliability_min,reference_identifiability,reliability,0.5151597958203917,>=,0.3,0.3,False,True,True,False,unresolved,True
oasis:prod_25:mtt_viability,OASIS_batch8,absolute:top5pct_quantitative_min:looser,single32,measurement_recoverability_max_exclusive,measurement_required_eligibility_not_good_performance,recoverability_r,0.7727466707147929,<,0.6,0.6,False,False,False,False,unresolved,True
oasis:prod_25:mtt_viability,OASIS_batch8,absolute:top5pct_quantitative_min:looser,single32,variance_ratio_min,quantitative_fidelity,variance_ratio,1.26106272395305,>=,0.5,0.5,False,True,True,False,unresolved,True
oasis:prod_25:mtt_viability,OASIS_batch8,absolute:top5pct_quantitative_min:looser,single32,variance_ratio_max,quantitative_fidelity,variance_ratio,1.26106272395305,<=,1.5,1.5,False,True,True,False,unresolved,True
oasis:prod_25:mtt_viability,OASIS_batch8,absolute:top5pct_quantitative_min:tighter,single32,recoverability_min,quantitative_fidelity,recoverability_r,0.7727466707147929,>=,0.7,0.7,False,True,True,False,unresolved,True
oasis:prod_25:mtt_viability,OASIS_batch8,absolute:top5pct_quantitative_min:tighter,single32,magnitude_spearman_min,quantitative_and_ranking_fidelity,magnitude_spearman,0.6017697787776528,>=,0.7,0.7,False,False,False,False,unresolved,True
oasis:prod_25:mtt_viability,OASIS_batch8,absolute:top5pct_quantitative_min:tighter,single32,top5pct_quantitative_min,quantitative_fidelity,top5pct_recall,0.5714285714285714,>=,0.65,0.6,True,False,False,False,unresolved,True
oasis:prod_25:mtt_viability,OASIS_batch8,absolute:top5pct_quantitative_min:tighter,single32,top5pct_ranking_min,ranking_fidelity,top5pct_recall,0.5714285714285714,>=,0.5,0.5,False,True,True,False,unresolved,True
oasis:prod_25:mtt_viability,OASIS_batch8,absolute:top5pct_quantitative_min:tighter,single32,reliability_min,reference_identifiability,reliability,0.5151597958203917,>=,0.3,0.3,False,True,True,False,unresolved,True
oasis:prod_25:mtt_viability,OASIS_batch8,absolute:top5pct_quantitative_min:tighter,single32,measurement_recoverability_max_exclusive,measurement_required_eligibility_not_good_performance,recoverability_r,0.7727466707147929,<,0.6,0.6,False,False,False,False,unresolved,True
oasis:prod_25:mtt_viability,OASIS_batch8,absolute:top5pct_quantitative_min:tighter,single32,variance_ratio_min,quantitative_fidelity,variance_ratio,1.26106272395305,>=,0.5,0.5,False,True,True,False,unresolved,True
oasis:prod_25:mtt_viability,OASIS_batch8,absolute:top5pct_quantitative_min:tighter,single32,variance_ratio_max,quantitative_fidelity,variance_ratio,1.26106272395305,<=,1.5,1.5,False,True,True,False,unresolved,True
oasis:prod_25:mtt_viability,OASIS_batch8,absolute:top5pct_ranking_min:looser,single32,recoverability_min,quantitative_fidelity,recoverability_r,0.7727466707147929,>=,0.7,0.7,False,True,True,False,unresolved,True
oasis:prod_25:mtt_viability,OASIS_batch8,absolute:top5pct_ranking_min:looser,single32,magnitude_spearman_min,quantitative_and_ranking_fidelity,magnitude_spearman,0.6017697787776528,>=,0.7,0.7,False,False,False,False,unresolved,True
oasis:prod_25:mtt_viability,OASIS_batch8,absolute:top5pct_ranking_min:looser,single32,top5pct_quantitative_min,quantitative_fidelity,top5pct_recall,0.5714285714285714,>=,0.6,0.6,False,False,False,False,unresolved,True
oasis:prod_25:mtt_viability,OASIS_batch8,absolute:top5pct_ranking_min:looser,single32,top5pct_ranking_min,ranking_fidelity,top5pct_recall,0.5714285714285714,>=,0.45,0.5,True,True,True,False,unresolved,True
oasis:prod_25:mtt_viability,OASIS_batch8,absolute:top5pct_ranking_min:looser,single32,reliability_min,reference_identifiability,reliability,0.5151597958203917,>=,0.3,0.3,False,True,True,False,unresolved,True
oasis:prod_25:mtt_viability,OASIS_batch8,absolute:top5pct_ranking_min:looser,single32,measurement_recoverability_max_exclusive,measurement_required_eligibility_not_good_performance,recoverability_r,0.7727466707147929,<,0.6,0.6,False,False,False,False,unresolved,True
oasis:prod_25:mtt_viability,OASIS_batch8,absolute:top5pct_ranking_min:looser,single32,variance_ratio_min,quantitative_fidelity,variance_ratio,1.26106272395305,>=,0.5,0.5,False,True,True,False,unresolved,True
oasis:prod_25:mtt_viability,OASIS_batch8,absolute:top5pct_ranking_min:looser,single32,variance_ratio_max,quantitative_fidelity,variance_ratio,1.26106272395305,<=,1.5,1.5,False,True,True,False,unresolved,True
oasis:prod_25:mtt_viability,OASIS_batch8,absolute:top5pct_ranking_min:tighter,single32,recoverability_min,quantitative_fidelity,recoverability_r,0.7727466707147929,>=,0.7,0.7,False,True,True,False,unresolved,True
oasis:prod_25:mtt_viability,OASIS_batch8,absolute:top5pct_ranking_min:tighter,single32,magnitude_spearman_min,quantitative_and_ranking_fidelity,magnitude_spearman,0.6017697787776528,>=,0.7,0.7,False,False,False,False,unresolved,True
oasis:prod_25:mtt_viability,OASIS_batch8,absolute:top5pct_ranking_min:tighter,single32,top5pct_quantitative_min,quantitative_fidelity,top5pct_recall,0.5714285714285714,>=,0.6,0.6,False,False,False,False,unresolved,True
oasis:prod_25:mtt_viability,OASIS_batch8,absolute:top5pct_ranking_min:tighter,single32,top5pct_ranking_min,ranking_fidelity,top5pct_recall,0.5714285714285714,>=,0.55,0.5,True,True,True,False,unresolved,True
oasis:prod_25:mtt_viability,OASIS_batch8,absolute:top5pct_ranking_min:tighter,single32,reliability_min,reference_identifiability,reliability,0.5151597958203917,>=,0.3,0.3,False,True,True,False,unresolved,True
oasis:prod_25:mtt_viability,OASIS_batch8,absolute:top5pct_ranking_min:tighter,single32,measurement_recoverability_max_exclusive,measurement_required_eligibility_not_good_performance,recoverability_r,0.7727466707147929,<,0.6,0.6,False,False,False,False,unresolved,True
oasis:prod_25:mtt_viability,OASIS_batch8,absolute:top5pct_ranking_min:tighter,single32,variance_ratio_min,quantitative_fidelity,variance_ratio,1.26106272395305,>=,0.5,0.5,False,True,True,False,unresolved,True
oasis:prod_25:mtt_viability,OASIS_batch8,absolute:top5pct_ranking_min:tighter,single32,variance_ratio_max,quantitative_fidelity,variance_ratio,1.26106272395305,<=,1.5,1.5,False,True,True,False,unresolved,True
oasis:prod_25:mtt_viability,OASIS_batch8,absolute:reliability_min:looser,single32,recoverability_min,quantitative_fidelity,recoverability_r,0.7727466707147929,>=,0.7,0.7,False,True,True,False,unresolved,True
oasis:prod_25:mtt_viability,OASIS_batch8,absolute:reliability_min:looser,single32,magnitude_spearman_min,quantitative_and_ranking_fidelity,magnitude_spearman,0.6017697787776528,>=,0.7,0.7,False,False,False,False,unresolved,True
oasis:prod_25:mtt_viability,OASIS_batch8,absolute:reliability_min:looser,single32,top5pct_quantitative_min,quantitative_fidelity,top5pct_recall,0.5714285714285714,>=,0.6,0.6,False,False,False,False,unresolved,True
oasis:prod_25:mtt_viability,OASIS_batch8,absolute:reliability_min:looser,single32,top5pct_ranking_min,ranking_fidelity,top5pct_recall,0.5714285714285714,>=,0.5,0.5,False,True,True,False,unresolved,True
oasis:prod_25:mtt_viability,OASIS_batch8,absolute:reliability_min:looser,single32,reliability_min,reference_identifiability,reliability,0.5151597958203917,>=,0.25,0.3,True,True,True,False,unresolved,True
oasis:prod_25:mtt_viability,OASIS_batch8,absolute:reliability_min:looser,single32,measurement_recoverability_max_exclusive,measurement_required_eligibility_not_good_performance,recoverability_r,0.7727466707147929,<,0.6,0.6,False,False,False,False,unresolved,True
oasis:prod_25:mtt_viability,OASIS_batch8,absolute:reliability_min:looser,single32,variance_ratio_min,quantitative_fidelity,variance_ratio,1.26106272395305,>=,0.5,0.5,False,True,True,False,unresolved,True
oasis:prod_25:mtt_viability,OASIS_batch8,absolute:reliability_min:looser,single32,variance_ratio_max,quantitative_fidelity,variance_ratio,1.26106272395305,<=,1.5,1.5,False,True,True,False,unresolved,True
oasis:prod_25:mtt_viability,OASIS_batch8,absolute:reliability_min:tighter,single32,recoverability_min,quantitative_fidelity,recoverability_r,0.7727466707147929,>=,0.7,0.7,False,True,True,False,unresolved,True
oasis:prod_25:mtt_viability,OASIS_batch8,absolute:reliability_min:tighter,single32,magnitude_spearman_min,quantitative_and_ranking_fidelity,magnitude_spearman,0.6017697787776528,>=,0.7,0.7,False,False,False,False,unresolved,True
oasis:prod_25:mtt_viability,OASIS_batch8,absolute:reliability_min:tighter,single32,top5pct_quantitative_min,quantitative_fidelity,top5pct_recall,0.5714285714285714,>=,0.6,0.6,False,False,False,False,unresolved,True
oasis:prod_25:mtt_viability,OASIS_batch8,absolute:reliability_min:tighter,single32,top5pct_ranking_min,ranking_fidelity,top5pct_recall,0.5714285714285714,>=,0.5,0.5,False,True,True,False,unresolved,True
oasis:prod_25:mtt_viability,OASIS_batch8,absolute:reliability_min:tighter,single32,reliability_min,reference_identifiability,reliability,0.5151597958203917,>=,0.35,0.3,True,True,True,False,unresolved,True
oasis:prod_25:mtt_viability,OASIS_batch8,absolute:reliability_min:tighter,single32,measurement_recoverability_max_exclusive,measurement_required_eligibility_not_good_performance,recoverability_r,0.7727466707147929,<,0.6,0.6,False,False,False,False,unresolved,True
oasis:prod_25:mtt_viability,OASIS_batch8,absolute:reliability_min:tighter,single32,variance_ratio_min,quantitative_fidelity,variance_ratio,1.26106272395305,>=,0.5,0.5,False,True,True,False,unresolved,True
oasis:prod_25:mtt_viability,OASIS_batch8,absolute:reliability_min:tighter,single32,variance_ratio_max,quantitative_fidelity,variance_ratio,1.26106272395305,<=,1.5,1.5,False,True,True,False,unresolved,True
oasis:prod_25:mtt_viability,OASIS_batch8,absolute:measurement_recoverability_max_exclusive:looser,single32,recoverability_min,quantitative_fidelity,recoverability_r,0.7727466707147929,>=,0.7,0.7,False,True,True,False,unresolved,True
oasis:prod_25:mtt_viability,OASIS_batch8,absolute:measurement_recoverability_max_exclusive:looser,single32,magnitude_spearman_min,quantitative_and_ranking_fidelity,magnitude_spearman,0.6017697787776528,>=,0.7,0.7,False,False,False,False,unresolved,True
oasis:prod_25:mtt_viability,OASIS_batch8,absolute:measurement_recoverability_max_exclusive:looser,single32,top5pct_quantitative_min,quantitative_fidelity,top5pct_recall,0.5714285714285714,>=,0.6,0.6,False,False,False,False,unresolved,True
oasis:prod_25:mtt_viability,OASIS_batch8,absolute:measurement_recoverability_max_exclusive:looser,single32,top5pct_ranking_min,ranking_fidelity,top5pct_recall,0.5714285714285714,>=,0.5,0.5,False,True,True,False,unresolved,True
oasis:prod_25:mtt_viability,OASIS_batch8,absolute:measurement_recoverability_max_exclusive:looser,single32,reliability_min,reference_identifiability,reliability,0.5151597958203917,>=,0.3,0.3,False,True,True,False,unresolved,True
oasis:prod_25:mtt_viability,OASIS_batch8,absolute:measurement_recoverability_max_exclusive:looser,single32,measurement_recoverability_max_exclusive,measurement_required_eligibility_not_good_performance,recoverability_r,0.7727466707147929,<,0.55,0.6,True,False,False,False,unresolved,True
oasis:prod_25:mtt_viability,OASIS_batch8,absolute:measurement_recoverability_max_exclusive:looser,single32,variance_ratio_min,quantitative_fidelity,variance_ratio,1.26106272395305,>=,0.5,0.5,False,True,True,False,unresolved,True
oasis:prod_25:mtt_viability,OASIS_batch8,absolute:measurement_recoverability_max_exclusive:looser,single32,variance_ratio_max,quantitative_fidelity,variance_ratio,1.26106272395305,<=,1.5,1.5,False,True,True,False,unresolved,True
oasis:prod_25:mtt_viability,OASIS_batch8,absolute:measurement_recoverability_max_exclusive:tighter,single32,recoverability_min,quantitative_fidelity,recoverability_r,0.7727466707147929,>=,0.7,0.7,False,True,True,False,unresolved,True
oasis:prod_25:mtt_viability,OASIS_batch8,absolute:measurement_recoverability_max_exclusive:tighter,single32,magnitude_spearman_min,quantitative_and_ranking_fidelity,magnitude_spearman,0.6017697787776528,>=,0.7,0.7,False,False,False,False,unresolved,True
oasis:prod_25:mtt_viability,OASIS_batch8,absolute:measurement_recoverability_max_exclusive:tighter,single32,top5pct_quantitative_min,quantitative_fidelity,top5pct_recall,0.5714285714285714,>=,0.6,0.6,False,False,False,False,unresolved,True
oasis:prod_25:mtt_viability,OASIS_batch8,absolute:measurement_recoverability_max_exclusive:tighter,single32,top5pct_ranking_min,ranking_fidelity,top5pct_recall,0.5714285714285714,>=,0.5,0.5,False,True,True,False,unresolved,True
oasis:prod_25:mtt_viability,OASIS_batch8,absolute:measurement_recoverability_max_exclusive:tighter,single32,reliability_min,reference_identifiability,reliability,0.5151597958203917,>=,0.3,0.3,False,True,True,False,unresolved,True
oasis:prod_25:mtt_viability,OASIS_batch8,absolute:measurement_recoverability_max_exclusive:tighter,single32,measurement_recoverability_max_exclusive,measurement_required_eligibility_not_good_performance,recoverability_r,0.7727466707147929,<,0.65,0.6,True,False,False,False,unresolved,True
oasis:prod_25:mtt_viability,OASIS_batch8,absolute:measurement_recoverability_max_exclusive:tighter,single32,variance_ratio_min,quantitative_fidelity,variance_ratio,1.26106272395305,>=,0.5,0.5,False,True,True,False,unresolved,True
oasis:prod_25:mtt_viability,OASIS_batch8,absolute:measurement_recoverability_max_exclusive:tighter,single32,variance_ratio_max,quantitative_fidelity,variance_ratio,1.26106272395305,<=,1.5,1.5,False,True,True,False,unresolved,True
oasis:prod_25:mtt_viability,OASIS_batch8,absolute:variance_ratio_min:looser,single32,recoverability_min,quantitative_fidelity,recoverability_r,0.7727466707147929,>=,0.7,0.7,False,True,True,False,unresolved,True
oasis:prod_25:mtt_viability,OASIS_batch8,absolute:variance_ratio_min:looser,single32,magnitude_spearman_min,quantitative_and_ranking_fidelity,magnitude_spearman,0.6017697787776528,>=,0.7,0.7,False,False,False,False,unresolved,True
oasis:prod_25:mtt_viability,OASIS_batch8,absolute:variance_ratio_min:looser,single32,top5pct_quantitative_min,quantitative_fidelity,top5pct_recall,0.5714285714285714,>=,0.6,0.6,False,False,False,False,unresolved,True
oasis:prod_25:mtt_viability,OASIS_batch8,absolute:variance_ratio_min:looser,single32,top5pct_ranking_min,ranking_fidelity,top5pct_recall,0.5714285714285714,>=,0.5,0.5,False,True,True,False,unresolved,True
oasis:prod_25:mtt_viability,OASIS_batch8,absolute:variance_ratio_min:looser,single32,reliability_min,reference_identifiability,reliability,0.5151597958203917,>=,0.3,0.3,False,True,True,False,unresolved,True
oasis:prod_25:mtt_viability,OASIS_batch8,absolute:variance_ratio_min:looser,single32,measurement_recoverability_max_exclusive,measurement_required_eligibility_not_good_performance,recoverability_r,0.7727466707147929,<,0.6,0.6,False,False,False,False,unresolved,True
oasis:prod_25:mtt_viability,OASIS_batch8,absolute:variance_ratio_min:looser,single32,variance_ratio_min,quantitative_fidelity,variance_ratio,1.26106272395305,>=,0.45,0.5,True,True,True,False,unresolved,True
oasis:prod_25:mtt_viability,OASIS_batch8,absolute:variance_ratio_min:looser,single32,variance_ratio_max,quantitative_fidelity,variance_ratio,1.26106272395305,<=,1.5,1.5,False,True,True,False,unresolved,True
oasis:prod_25:mtt_viability,OASIS_batch8,absolute:variance_ratio_min:tighter,single32,recoverability_min,quantitative_fidelity,recoverability_r,0.7727466707147929,>=,0.7,0.7,False,True,True,False,unresolved,True
oasis:prod_25:mtt_viability,OASIS_batch8,absolute:variance_ratio_min:tighter,single32,magnitude_spearman_min,quantitative_and_ranking_fidelity,magnitude_spearman,0.6017697787776528,>=,0.7,0.7,False,False,False,False,unresolved,True
oasis:prod_25:mtt_viability,OASIS_batch8,absolute:variance_ratio_min:tighter,single32,top5pct_quantitative_min,quantitative_fidelity,top5pct_recall,0.5714285714285714,>=,0.6,0.6,False,False,False,False,unresolved,True
oasis:prod_25:mtt_viability,OASIS_batch8,absolute:variance_ratio_min:tighter,single32,top5pct_ranking_min,ranking_fidelity,top5pct_recall,0.5714285714285714,>=,0.5,0.5,False,True,True,False,unresolved,True
oasis:prod_25:mtt_viability,OASIS_batch8,absolute:variance_ratio_min:tighter,single32,reliability_min,reference_identifiability,reliability,0.5151597958203917,>=,0.3,0.3,False,True,True,False,unresolved,True
oasis:prod_25:mtt_viability,OASIS_batch8,absolute:variance_ratio_min:tighter,single32,measurement_recoverability_max_exclusive,measurement_required_eligibility_not_good_performance,recoverability_r,0.7727466707147929,<,0.6,0.6,False,False,False,False,unresolved,True
oasis:prod_25:mtt_viability,OASIS_batch8,absolute:variance_ratio_min:tighter,single32,variance_ratio_min,quantitative_fidelity,variance_ratio,1.26106272395305,>=,0.55,0.5,True,True,True,False,unresolved,True
oasis:prod_25:mtt_viability,OASIS_batch8,absolute:variance_ratio_min:tighter,single32,variance_ratio_max,quantitative_fidelity,variance_ratio,1.26106272395305,<=,1.5,1.5,False,True,True,False,unresolved,True
oasis:prod_25:mtt_viability,OASIS_batch8,absolute:variance_ratio_max:looser,single32,recoverability_min,quantitative_fidelity,recoverability_r,0.7727466707147929,>=,0.7,0.7,False,True,True,False,unresolved,True
oasis:prod_25:mtt_viability,OASIS_batch8,absolute:variance_ratio_max:looser,single32,magnitude_spearman_min,quantitative_and_ranking_fidelity,magnitude_spearman,0.6017697787776528,>=,0.7,0.7,False,False,False,False,unresolved,True
oasis:prod_25:mtt_viability,OASIS_batch8,absolute:variance_ratio_max:looser,single32,top5pct_quantitative_min,quantitative_fidelity,top5pct_recall,0.5714285714285714,>=,0.6,0.6,False,False,False,False,unresolved,True
oasis:prod_25:mtt_viability,OASIS_batch8,absolute:variance_ratio_max:looser,single32,top5pct_ranking_min,ranking_fidelity,top5pct_recall,0.5714285714285714,>=,0.5,0.5,False,True,True,False,unresolved,True
oasis:prod_25:mtt_viability,OASIS_batch8,absolute:variance_ratio_max:looser,single32,reliability_min,reference_identifiability,reliability,0.5151597958203917,>=,0.3,0.3,False,True,True,False,unresolved,True
oasis:prod_25:mtt_viability,OASIS_batch8,absolute:variance_ratio_max:looser,single32,measurement_recoverability_max_exclusive,measurement_required_eligibility_not_good_performance,recoverability_r,0.7727466707147929,<,0.6,0.6,False,False,False,False,unresolved,True
oasis:prod_25:mtt_viability,OASIS_batch8,absolute:variance_ratio_max:looser,single32,variance_ratio_min,quantitative_fidelity,variance_ratio,1.26106272395305,>=,0.5,0.5,False,True,True,False,unresolved,True
oasis:prod_25:mtt_viability,OASIS_batch8,absolute:variance_ratio_max:looser,single32,variance_ratio_max,quantitative_fidelity,variance_ratio,1.26106272395305,<=,1.55,1.5,True,True,True,False,unresolved,True
oasis:prod_25:mtt_viability,OASIS_batch8,absolute:variance_ratio_max:tighter,single32,recoverability_min,quantitative_fidelity,recoverability_r,0.7727466707147929,>=,0.7,0.7,False,True,True,False,unresolved,True
oasis:prod_25:mtt_viability,OASIS_batch8,absolute:variance_ratio_max:tighter,single32,magnitude_spearman_min,quantitative_and_ranking_fidelity,magnitude_spearman,0.6017697787776528,>=,0.7,0.7,False,False,False,False,unresolved,True
oasis:prod_25:mtt_viability,OASIS_batch8,absolute:variance_ratio_max:tighter,single32,top5pct_quantitative_min,quantitative_fidelity,top5pct_recall,0.5714285714285714,>=,0.6,0.6,False,False,False,False,unresolved,True
oasis:prod_25:mtt_viability,OASIS_batch8,absolute:variance_ratio_max:tighter,single32,top5pct_ranking_min,ranking_fidelity,top5pct_recall,0.5714285714285714,>=,0.5,0.5,False,True,True,False,unresolved,True
oasis:prod_25:mtt_viability,OASIS_batch8,absolute:variance_ratio_max:tighter,single32,reliability_min,reference_identifiability,reliability,0.5151597958203917,>=,0.3,0.3,False,True,True,False,unresolved,True
oasis:prod_25:mtt_viability,OASIS_batch8,absolute:variance_ratio_max:tighter,single32,measurement_recoverability_max_exclusive,measurement_required_eligibility_not_good_performance,recoverability_r,0.7727466707147929,<,0.6,0.6,False,False,False,False,unresolved,True
oasis:prod_25:mtt_viability,OASIS_batch8,absolute:variance_ratio_max:tighter,single32,variance_ratio_min,quantitative_fidelity,variance_ratio,1.26106272395305,>=,0.5,0.5,False,True,True,False,unresolved,True
oasis:prod_25:mtt_viability,OASIS_batch8,absolute:variance_ratio_max:tighter,single32,variance_ratio_max,quantitative_fidelity,variance_ratio,1.26106272395305,<=,1.45,1.5,True,True,True,False,unresolved,True
oasis:prod_25:mtt_viability,OASIS_batch8,relative:all gates:looser,joint4,recoverability_min,quantitative_fidelity,recoverability_r,0.7727466707147929,>=,0.63,0.7,True,True,True,False,unresolved,True
oasis:prod_25:mtt_viability,OASIS_batch8,relative:all gates:looser,joint4,magnitude_spearman_min,quantitative_and_ranking_fidelity,magnitude_spearman,0.6017697787776528,>=,0.63,0.7,True,False,False,False,unresolved,True
oasis:prod_25:mtt_viability,OASIS_batch8,relative:all gates:looser,joint4,top5pct_quantitative_min,quantitative_fidelity,top5pct_recall,0.5714285714285714,>=,0.54,0.6,True,True,False,True,unresolved,True
oasis:prod_25:mtt_viability,OASIS_batch8,relative:all gates:looser,joint4,top5pct_ranking_min,ranking_fidelity,top5pct_recall,0.5714285714285714,>=,0.45,0.5,True,True,True,False,unresolved,True
oasis:prod_25:mtt_viability,OASIS_batch8,relative:all gates:looser,joint4,reliability_min,reference_identifiability,reliability,0.5151597958203917,>=,0.27,0.3,True,True,True,False,unresolved,True
oasis:prod_25:mtt_viability,OASIS_batch8,relative:all gates:looser,joint4,measurement_recoverability_max_exclusive,measurement_required_eligibility_not_good_performance,recoverability_r,0.7727466707147929,<,0.54,0.6,True,False,False,False,unresolved,True
oasis:prod_25:mtt_viability,OASIS_batch8,relative:all gates:looser,joint4,variance_ratio_min,quantitative_fidelity,variance_ratio,1.26106272395305,>=,0.45,0.5,True,True,True,False,unresolved,True
oasis:prod_25:mtt_viability,OASIS_batch8,relative:all gates:looser,joint4,variance_ratio_max,quantitative_fidelity,variance_ratio,1.26106272395305,<=,1.65,1.5,True,True,True,False,unresolved,True
oasis:prod_25:mtt_viability,OASIS_batch8,relative:all gates:tighter,joint4,recoverability_min,quantitative_fidelity,recoverability_r,0.7727466707147929,>=,0.77,0.7,True,True,True,False,unresolved,True
oasis:prod_25:mtt_viability,OASIS_batch8,relative:all gates:tighter,joint4,magnitude_spearman_min,quantitative_and_ranking_fidelity,magnitude_spearman,0.6017697787776528,>=,0.77,0.7,True,False,False,False,unresolved,True
oasis:prod_25:mtt_viability,OASIS_batch8,relative:all gates:tighter,joint4,top5pct_quantitative_min,quantitative_fidelity,top5pct_recall,0.5714285714285714,>=,0.66,0.6,True,False,False,False,unresolved,True
oasis:prod_25:mtt_viability,OASIS_batch8,relative:all gates:tighter,joint4,top5pct_ranking_min,ranking_fidelity,top5pct_recall,0.5714285714285714,>=,0.55,0.5,True,True,True,False,unresolved,True
oasis:prod_25:mtt_viability,OASIS_batch8,relative:all gates:tighter,joint4,reliability_min,reference_identifiability,reliability,0.5151597958203917,>=,0.33,0.3,True,True,True,False,unresolved,True
oasis:prod_25:mtt_viability,OASIS_batch8,relative:all gates:tighter,joint4,measurement_recoverability_max_exclusive,measurement_required_eligibility_not_good_performance,recoverability_r,0.7727466707147929,<,0.66,0.6,True,False,False,False,unresolved,True
oasis:prod_25:mtt_viability,OASIS_batch8,relative:all gates:tighter,joint4,variance_ratio_min,quantitative_fidelity,variance_ratio,1.26106272395305,>=,0.55,0.5,True,True,True,False,unresolved,True
oasis:prod_25:mtt_viability,OASIS_batch8,relative:all gates:tighter,joint4,variance_ratio_max,quantitative_fidelity,variance_ratio,1.26106272395305,<=,1.35,1.5,True,True,True,False,unresolved,True
oasis:prod_25:mtt_viability,OASIS_batch8,relative:recoverability_min:looser,single32,recoverability_min,quantitative_fidelity,recoverability_r,0.7727466707147929,>=,0.63,0.7,True,True,True,False,unresolved,True
oasis:prod_25:mtt_viability,OASIS_batch8,relative:recoverability_min:looser,single32,magnitude_spearman_min,quantitative_and_ranking_fidelity,magnitude_spearman,0.6017697787776528,>=,0.7,0.7,False,False,False,False,unresolved,True
oasis:prod_25:mtt_viability,OASIS_batch8,relative:recoverability_min:looser,single32,top5pct_quantitative_min,quantitative_fidelity,top5pct_recall,0.5714285714285714,>=,0.6,0.6,False,False,False,False,unresolved,True
oasis:prod_25:mtt_viability,OASIS_batch8,relative:recoverability_min:looser,single32,top5pct_ranking_min,ranking_fidelity,top5pct_recall,0.5714285714285714,>=,0.5,0.5,False,True,True,False,unresolved,True
oasis:prod_25:mtt_viability,OASIS_batch8,relative:recoverability_min:looser,single32,reliability_min,reference_identifiability,reliability,0.5151597958203917,>=,0.3,0.3,False,True,True,False,unresolved,True
oasis:prod_25:mtt_viability,OASIS_batch8,relative:recoverability_min:looser,single32,measurement_recoverability_max_exclusive,measurement_required_eligibility_not_good_performance,recoverability_r,0.7727466707147929,<,0.6,0.6,False,False,False,False,unresolved,True
oasis:prod_25:mtt_viability,OASIS_batch8,relative:recoverability_min:looser,single32,variance_ratio_min,quantitative_fidelity,variance_ratio,1.26106272395305,>=,0.5,0.5,False,True,True,False,unresolved,True
oasis:prod_25:mtt_viability,OASIS_batch8,relative:recoverability_min:looser,single32,variance_ratio_max,quantitative_fidelity,variance_ratio,1.26106272395305,<=,1.5,1.5,False,True,True,False,unresolved,True
oasis:prod_25:mtt_viability,OASIS_batch8,relative:recoverability_min:tighter,single32,recoverability_min,quantitative_fidelity,recoverability_r,0.7727466707147929,>=,0.77,0.7,True,True,True,False,unresolved,True
oasis:prod_25:mtt_viability,OASIS_batch8,relative:recoverability_min:tighter,single32,magnitude_spearman_min,quantitative_and_ranking_fidelity,magnitude_spearman,0.6017697787776528,>=,0.7,0.7,False,False,False,False,unresolved,True
oasis:prod_25:mtt_viability,OASIS_batch8,relative:recoverability_min:tighter,single32,top5pct_quantitative_min,quantitative_fidelity,top5pct_recall,0.5714285714285714,>=,0.6,0.6,False,False,False,False,unresolved,True
oasis:prod_25:mtt_viability,OASIS_batch8,relative:recoverability_min:tighter,single32,top5pct_ranking_min,ranking_fidelity,top5pct_recall,0.5714285714285714,>=,0.5,0.5,False,True,True,False,unresolved,True
oasis:prod_25:mtt_viability,OASIS_batch8,relative:recoverability_min:tighter,single32,reliability_min,reference_identifiability,reliability,0.5151597958203917,>=,0.3,0.3,False,True,True,False,unresolved,True
oasis:prod_25:mtt_viability,OASIS_batch8,relative:recoverability_min:tighter,single32,measurement_recoverability_max_exclusive,measurement_required_eligibility_not_good_performance,recoverability_r,0.7727466707147929,<,0.6,0.6,False,False,False,False,unresolved,True
oasis:prod_25:mtt_viability,OASIS_batch8,relative:recoverability_min:tighter,single32,variance_ratio_min,quantitative_fidelity,variance_ratio,1.26106272395305,>=,0.5,0.5,False,True,True,False,unresolved,True
oasis:prod_25:mtt_viability,OASIS_batch8,relative:recoverability_min:tighter,single32,variance_ratio_max,quantitative_fidelity,variance_ratio,1.26106272395305,<=,1.5,1.5,False,True,True,False,unresolved,True
oasis:prod_25:mtt_viability,OASIS_batch8,relative:magnitude_spearman_min:looser,single32,recoverability_min,quantitative_fidelity,recoverability_r,0.7727466707147929,>=,0.7,0.7,False,True,True,False,unresolved,True
oasis:prod_25:mtt_viability,OASIS_batch8,relative:magnitude_spearman_min:looser,single32,magnitude_spearman_min,quantitative_and_ranking_fidelity,magnitude_spearman,0.6017697787776528,>=,0.63,0.7,True,False,False,False,unresolved,True
oasis:prod_25:mtt_viability,OASIS_batch8,relative:magnitude_spearman_min:looser,single32,top5pct_quantitative_min,quantitative_fidelity,top5pct_recall,0.5714285714285714,>=,0.6,0.6,False,False,False,False,unresolved,True
oasis:prod_25:mtt_viability,OASIS_batch8,relative:magnitude_spearman_min:looser,single32,top5pct_ranking_min,ranking_fidelity,top5pct_recall,0.5714285714285714,>=,0.5,0.5,False,True,True,False,unresolved,True
oasis:prod_25:mtt_viability,OASIS_batch8,relative:magnitude_spearman_min:looser,single32,reliability_min,reference_identifiability,reliability,0.5151597958203917,>=,0.3,0.3,False,True,True,False,unresolved,True
oasis:prod_25:mtt_viability,OASIS_batch8,relative:magnitude_spearman_min:looser,single32,measurement_recoverability_max_exclusive,measurement_required_eligibility_not_good_performance,recoverability_r,0.7727466707147929,<,0.6,0.6,False,False,False,False,unresolved,True
oasis:prod_25:mtt_viability,OASIS_batch8,relative:magnitude_spearman_min:looser,single32,variance_ratio_min,quantitative_fidelity,variance_ratio,1.26106272395305,>=,0.5,0.5,False,True,True,False,unresolved,True
oasis:prod_25:mtt_viability,OASIS_batch8,relative:magnitude_spearman_min:looser,single32,variance_ratio_max,quantitative_fidelity,variance_ratio,1.26106272395305,<=,1.5,1.5,False,True,True,False,unresolved,True
oasis:prod_25:mtt_viability,OASIS_batch8,relative:magnitude_spearman_min:tighter,single32,recoverability_min,quantitative_fidelity,recoverability_r,0.7727466707147929,>=,0.7,0.7,False,True,True,False,unresolved,True
oasis:prod_25:mtt_viability,OASIS_batch8,relative:magnitude_spearman_min:tighter,single32,magnitude_spearman_min,quantitative_and_ranking_fidelity,magnitude_spearman,0.6017697787776528,>=,0.77,0.7,True,False,False,False,unresolved,True
oasis:prod_25:mtt_viability,OASIS_batch8,relative:magnitude_spearman_min:tighter,single32,top5pct_quantitative_min,quantitative_fidelity,top5pct_recall,0.5714285714285714,>=,0.6,0.6,False,False,False,False,unresolved,True
oasis:prod_25:mtt_viability,OASIS_batch8,relative:magnitude_spearman_min:tighter,single32,top5pct_ranking_min,ranking_fidelity,top5pct_recall,0.5714285714285714,>=,0.5,0.5,False,True,True,False,unresolved,True
oasis:prod_25:mtt_viability,OASIS_batch8,relative:magnitude_spearman_min:tighter,single32,reliability_min,reference_identifiability,reliability,0.5151597958203917,>=,0.3,0.3,False,True,True,False,unresolved,True
oasis:prod_25:mtt_viability,OASIS_batch8,relative:magnitude_spearman_min:tighter,single32,measurement_recoverability_max_exclusive,measurement_required_eligibility_not_good_performance,recoverability_r,0.7727466707147929,<,0.6,0.6,False,False,False,False,unresolved,True
oasis:prod_25:mtt_viability,OASIS_batch8,relative:magnitude_spearman_min:tighter,single32,variance_ratio_min,quantitative_fidelity,variance_ratio,1.26106272395305,>=,0.5,0.5,False,True,True,False,unresolved,True
oasis:prod_25:mtt_viability,OASIS_batch8,relative:magnitude_spearman_min:tighter,single32,variance_ratio_max,quantitative_fidelity,variance_ratio,1.26106272395305,<=,1.5,1.5,False,True,True,False,unresolved,True
oasis:prod_25:mtt_viability,OASIS_batch8,relative:top5pct_quantitative_min:looser,single32,recoverability_min,quantitative_fidelity,recoverability_r,0.7727466707147929,>=,0.7,0.7,False,True,True,False,unresolved,True
oasis:prod_25:mtt_viability,OASIS_batch8,relative:top5pct_quantitative_min:looser,single32,magnitude_spearman_min,quantitative_and_ranking_fidelity,magnitude_spearman,0.6017697787776528,>=,0.7,0.7,False,False,False,False,unresolved,True
oasis:prod_25:mtt_viability,OASIS_batch8,relative:top5pct_quantitative_min:looser,single32,top5pct_quantitative_min,quantitative_fidelity,top5pct_recall,0.5714285714285714,>=,0.54,0.6,True,True,False,True,unresolved,True
oasis:prod_25:mtt_viability,OASIS_batch8,relative:top5pct_quantitative_min:looser,single32,top5pct_ranking_min,ranking_fidelity,top5pct_recall,0.5714285714285714,>=,0.5,0.5,False,True,True,False,unresolved,True
oasis:prod_25:mtt_viability,OASIS_batch8,relative:top5pct_quantitative_min:looser,single32,reliability_min,reference_identifiability,reliability,0.5151597958203917,>=,0.3,0.3,False,True,True,False,unresolved,True
oasis:prod_25:mtt_viability,OASIS_batch8,relative:top5pct_quantitative_min:looser,single32,measurement_recoverability_max_exclusive,measurement_required_eligibility_not_good_performance,recoverability_r,0.7727466707147929,<,0.6,0.6,False,False,False,False,unresolved,True
oasis:prod_25:mtt_viability,OASIS_batch8,relative:top5pct_quantitative_min:looser,single32,variance_ratio_min,quantitative_fidelity,variance_ratio,1.26106272395305,>=,0.5,0.5,False,True,True,False,unresolved,True
oasis:prod_25:mtt_viability,OASIS_batch8,relative:top5pct_quantitative_min:looser,single32,variance_ratio_max,quantitative_fidelity,variance_ratio,1.26106272395305,<=,1.5,1.5,False,True,True,False,unresolved,True
oasis:prod_25:mtt_viability,OASIS_batch8,relative:top5pct_quantitative_min:tighter,single32,recoverability_min,quantitative_fidelity,recoverability_r,0.7727466707147929,>=,0.7,0.7,False,True,True,False,unresolved,True
oasis:prod_25:mtt_viability,OASIS_batch8,relative:top5pct_quantitative_min:tighter,single32,magnitude_spearman_min,quantitative_and_ranking_fidelity,magnitude_spearman,0.6017697787776528,>=,0.7,0.7,False,False,False,False,unresolved,True
oasis:prod_25:mtt_viability,OASIS_batch8,relative:top5pct_quantitative_min:tighter,single32,top5pct_quantitative_min,quantitative_fidelity,top5pct_recall,0.5714285714285714,>=,0.66,0.6,True,False,False,False,unresolved,True
oasis:prod_25:mtt_viability,OASIS_batch8,relative:top5pct_quantitative_min:tighter,single32,top5pct_ranking_min,ranking_fidelity,top5pct_recall,0.5714285714285714,>=,0.5,0.5,False,True,True,False,unresolved,True
oasis:prod_25:mtt_viability,OASIS_batch8,relative:top5pct_quantitative_min:tighter,single32,reliability_min,reference_identifiability,reliability,0.5151597958203917,>=,0.3,0.3,False,True,True,False,unresolved,True
oasis:prod_25:mtt_viability,OASIS_batch8,relative:top5pct_quantitative_min:tighter,single32,measurement_recoverability_max_exclusive,measurement_required_eligibility_not_good_performance,recoverability_r,0.7727466707147929,<,0.6,0.6,False,False,False,False,unresolved,True
oasis:prod_25:mtt_viability,OASIS_batch8,relative:top5pct_quantitative_min:tighter,single32,variance_ratio_min,quantitative_fidelity,variance_ratio,1.26106272395305,>=,0.5,0.5,False,True,True,False,unresolved,True
oasis:prod_25:mtt_viability,OASIS_batch8,relative:top5pct_quantitative_min:tighter,single32,variance_ratio_max,quantitative_fidelity,variance_ratio,1.26106272395305,<=,1.5,1.5,False,True,True,False,unresolved,True
oasis:prod_25:mtt_viability,OASIS_batch8,relative:top5pct_ranking_min:looser,single32,recoverability_min,quantitative_fidelity,recoverability_r,0.7727466707147929,>=,0.7,0.7,False,True,True,False,unresolved,True
oasis:prod_25:mtt_viability,OASIS_batch8,relative:top5pct_ranking_min:looser,single32,magnitude_spearman_min,quantitative_and_ranking_fidelity,magnitude_spearman,0.6017697787776528,>=,0.7,0.7,False,False,False,False,unresolved,True
oasis:prod_25:mtt_viability,OASIS_batch8,relative:top5pct_ranking_min:looser,single32,top5pct_quantitative_min,quantitative_fidelity,top5pct_recall,0.5714285714285714,>=,0.6,0.6,False,False,False,False,unresolved,True
oasis:prod_25:mtt_viability,OASIS_batch8,relative:top5pct_ranking_min:looser,single32,top5pct_ranking_min,ranking_fidelity,top5pct_recall,0.5714285714285714,>=,0.45,0.5,True,True,True,False,unresolved,True
oasis:prod_25:mtt_viability,OASIS_batch8,relative:top5pct_ranking_min:looser,single32,reliability_min,reference_identifiability,reliability,0.5151597958203917,>=,0.3,0.3,False,True,True,False,unresolved,True
oasis:prod_25:mtt_viability,OASIS_batch8,relative:top5pct_ranking_min:looser,single32,measurement_recoverability_max_exclusive,measurement_required_eligibility_not_good_performance,recoverability_r,0.7727466707147929,<,0.6,0.6,False,False,False,False,unresolved,True
oasis:prod_25:mtt_viability,OASIS_batch8,relative:top5pct_ranking_min:looser,single32,variance_ratio_min,quantitative_fidelity,variance_ratio,1.26106272395305,>=,0.5,0.5,False,True,True,False,unresolved,True
oasis:prod_25:mtt_viability,OASIS_batch8,relative:top5pct_ranking_min:looser,single32,variance_ratio_max,quantitative_fidelity,variance_ratio,1.26106272395305,<=,1.5,1.5,False,True,True,False,unresolved,True
oasis:prod_25:mtt_viability,OASIS_batch8,relative:top5pct_ranking_min:tighter,single32,recoverability_min,quantitative_fidelity,recoverability_r,0.7727466707147929,>=,0.7,0.7,False,True,True,False,unresolved,True
oasis:prod_25:mtt_viability,OASIS_batch8,relative:top5pct_ranking_min:tighter,single32,magnitude_spearman_min,quantitative_and_ranking_fidelity,magnitude_spearman,0.6017697787776528,>=,0.7,0.7,False,False,False,False,unresolved,True
oasis:prod_25:mtt_viability,OASIS_batch8,relative:top5pct_ranking_min:tighter,single32,top5pct_quantitative_min,quantitative_fidelity,top5pct_recall,0.5714285714285714,>=,0.6,0.6,False,False,False,False,unresolved,True
oasis:prod_25:mtt_viability,OASIS_batch8,relative:top5pct_ranking_min:tighter,single32,top5pct_ranking_min,ranking_fidelity,top5pct_recall,0.5714285714285714,>=,0.55,0.5,True,True,True,False,unresolved,True
oasis:prod_25:mtt_viability,OASIS_batch8,relative:top5pct_ranking_min:tighter,single32,reliability_min,reference_identifiability,reliability,0.5151597958203917,>=,0.3,0.3,False,True,True,False,unresolved,True
oasis:prod_25:mtt_viability,OASIS_batch8,relative:top5pct_ranking_min:tighter,single32,measurement_recoverability_max_exclusive,measurement_required_eligibility_not_good_performance,recoverability_r,0.7727466707147929,<,0.6,0.6,False,False,False,False,unresolved,True
oasis:prod_25:mtt_viability,OASIS_batch8,relative:top5pct_ranking_min:tighter,single32,variance_ratio_min,quantitative_fidelity,variance_ratio,1.26106272395305,>=,0.5,0.5,False,True,True,False,unresolved,True
oasis:prod_25:mtt_viability,OASIS_batch8,relative:top5pct_ranking_min:tighter,single32,variance_ratio_max,quantitative_fidelity,variance_ratio,1.26106272395305,<=,1.5,1.5,False,True,True,False,unresolved,True
oasis:prod_25:mtt_viability,OASIS_batch8,relative:reliability_min:looser,single32,recoverability_min,quantitative_fidelity,recoverability_r,0.7727466707147929,>=,0.7,0.7,False,True,True,False,unresolved,True
oasis:prod_25:mtt_viability,OASIS_batch8,relative:reliability_min:looser,single32,magnitude_spearman_min,quantitative_and_ranking_fidelity,magnitude_spearman,0.6017697787776528,>=,0.7,0.7,False,False,False,False,unresolved,True
oasis:prod_25:mtt_viability,OASIS_batch8,relative:reliability_min:looser,single32,top5pct_quantitative_min,quantitative_fidelity,top5pct_recall,0.5714285714285714,>=,0.6,0.6,False,False,False,False,unresolved,True
oasis:prod_25:mtt_viability,OASIS_batch8,relative:reliability_min:looser,single32,top5pct_ranking_min,ranking_fidelity,top5pct_recall,0.5714285714285714,>=,0.5,0.5,False,True,True,False,unresolved,True
oasis:prod_25:mtt_viability,OASIS_batch8,relative:reliability_min:looser,single32,reliability_min,reference_identifiability,reliability,0.5151597958203917,>=,0.27,0.3,True,True,True,False,unresolved,True
oasis:prod_25:mtt_viability,OASIS_batch8,relative:reliability_min:looser,single32,measurement_recoverability_max_exclusive,measurement_required_eligibility_not_good_performance,recoverability_r,0.7727466707147929,<,0.6,0.6,False,False,False,False,unresolved,True
oasis:prod_25:mtt_viability,OASIS_batch8,relative:reliability_min:looser,single32,variance_ratio_min,quantitative_fidelity,variance_ratio,1.26106272395305,>=,0.5,0.5,False,True,True,False,unresolved,True
oasis:prod_25:mtt_viability,OASIS_batch8,relative:reliability_min:looser,single32,variance_ratio_max,quantitative_fidelity,variance_ratio,1.26106272395305,<=,1.5,1.5,False,True,True,False,unresolved,True
oasis:prod_25:mtt_viability,OASIS_batch8,relative:reliability_min:tighter,single32,recoverability_min,quantitative_fidelity,recoverability_r,0.7727466707147929,>=,0.7,0.7,False,True,True,False,unresolved,True
oasis:prod_25:mtt_viability,OASIS_batch8,relative:reliability_min:tighter,single32,magnitude_spearman_min,quantitative_and_ranking_fidelity,magnitude_spearman,0.6017697787776528,>=,0.7,0.7,False,False,False,False,unresolved,True
oasis:prod_25:mtt_viability,OASIS_batch8,relative:reliability_min:tighter,single32,top5pct_quantitative_min,quantitative_fidelity,top5pct_recall,0.5714285714285714,>=,0.6,0.6,False,False,False,False,unresolved,True
oasis:prod_25:mtt_viability,OASIS_batch8,relative:reliability_min:tighter,single32,top5pct_ranking_min,ranking_fidelity,top5pct_recall,0.5714285714285714,>=,0.5,0.5,False,True,True,False,unresolved,True
oasis:prod_25:mtt_viability,OASIS_batch8,relative:reliability_min:tighter,single32,reliability_min,reference_identifiability,reliability,0.5151597958203917,>=,0.33,0.3,True,True,True,False,unresolved,True
oasis:prod_25:mtt_viability,OASIS_batch8,relative:reliability_min:tighter,single32,measurement_recoverability_max_exclusive,measurement_required_eligibility_not_good_performance,recoverability_r,0.7727466707147929,<,0.6,0.6,False,False,False,False,unresolved,True
oasis:prod_25:mtt_viability,OASIS_batch8,relative:reliability_min:tighter,single32,variance_ratio_min,quantitative_fidelity,variance_ratio,1.26106272395305,>=,0.5,0.5,False,True,True,False,unresolved,True
oasis:prod_25:mtt_viability,OASIS_batch8,relative:reliability_min:tighter,single32,variance_ratio_max,quantitative_fidelity,variance_ratio,1.26106272395305,<=,1.5,1.5,False,True,True,False,unresolved,True
oasis:prod_25:mtt_viability,OASIS_batch8,relative:measurement_recoverability_max_exclusive:looser,single32,recoverability_min,quantitative_fidelity,recoverability_r,0.7727466707147929,>=,0.7,0.7,False,True,True,False,unresolved,True
oasis:prod_25:mtt_viability,OASIS_batch8,relative:measurement_recoverability_max_exclusive:looser,single32,magnitude_spearman_min,quantitative_and_ranking_fidelity,magnitude_spearman,0.6017697787776528,>=,0.7,0.7,False,False,False,False,unresolved,True
oasis:prod_25:mtt_viability,OASIS_batch8,relative:measurement_recoverability_max_exclusive:looser,single32,top5pct_quantitative_min,quantitative_fidelity,top5pct_recall,0.5714285714285714,>=,0.6,0.6,False,False,False,False,unresolved,True
oasis:prod_25:mtt_viability,OASIS_batch8,relative:measurement_recoverability_max_exclusive:looser,single32,top5pct_ranking_min,ranking_fidelity,top5pct_recall,0.5714285714285714,>=,0.5,0.5,False,True,True,False,unresolved,True
oasis:prod_25:mtt_viability,OASIS_batch8,relative:measurement_recoverability_max_exclusive:looser,single32,reliability_min,reference_identifiability,reliability,0.5151597958203917,>=,0.3,0.3,False,True,True,False,unresolved,True
oasis:prod_25:mtt_viability,OASIS_batch8,relative:measurement_recoverability_max_exclusive:looser,single32,measurement_recoverability_max_exclusive,measurement_required_eligibility_not_good_performance,recoverability_r,0.7727466707147929,<,0.54,0.6,True,False,False,False,unresolved,True
oasis:prod_25:mtt_viability,OASIS_batch8,relative:measurement_recoverability_max_exclusive:looser,single32,variance_ratio_min,quantitative_fidelity,variance_ratio,1.26106272395305,>=,0.5,0.5,False,True,True,False,unresolved,True
oasis:prod_25:mtt_viability,OASIS_batch8,relative:measurement_recoverability_max_exclusive:looser,single32,variance_ratio_max,quantitative_fidelity,variance_ratio,1.26106272395305,<=,1.5,1.5,False,True,True,False,unresolved,True
oasis:prod_25:mtt_viability,OASIS_batch8,relative:measurement_recoverability_max_exclusive:tighter,single32,recoverability_min,quantitative_fidelity,recoverability_r,0.7727466707147929,>=,0.7,0.7,False,True,True,False,unresolved,True
oasis:prod_25:mtt_viability,OASIS_batch8,relative:measurement_recoverability_max_exclusive:tighter,single32,magnitude_spearman_min,quantitative_and_ranking_fidelity,magnitude_spearman,0.6017697787776528,>=,0.7,0.7,False,False,False,False,unresolved,True
oasis:prod_25:mtt_viability,OASIS_batch8,relative:measurement_recoverability_max_exclusive:tighter,single32,top5pct_quantitative_min,quantitative_fidelity,top5pct_recall,0.5714285714285714,>=,0.6,0.6,False,False,False,False,unresolved,True
oasis:prod_25:mtt_viability,OASIS_batch8,relative:measurement_recoverability_max_exclusive:tighter,single32,top5pct_ranking_min,ranking_fidelity,top5pct_recall,0.5714285714285714,>=,0.5,0.5,False,True,True,False,unresolved,True
oasis:prod_25:mtt_viability,OASIS_batch8,relative:measurement_recoverability_max_exclusive:tighter,single32,reliability_min,reference_identifiability,reliability,0.5151597958203917,>=,0.3,0.3,False,True,True,False,unresolved,True
oasis:prod_25:mtt_viability,OASIS_batch8,relative:measurement_recoverability_max_exclusive:tighter,single32,measurement_recoverability_max_exclusive,measurement_required_eligibility_not_good_performance,recoverability_r,0.7727466707147929,<,0.66,0.6,True,False,False,False,unresolved,True
oasis:prod_25:mtt_viability,OASIS_batch8,relative:measurement_recoverability_max_exclusive:tighter,single32,variance_ratio_min,quantitative_fidelity,variance_ratio,1.26106272395305,>=,0.5,0.5,False,True,True,False,unresolved,True
oasis:prod_25:mtt_viability,OASIS_batch8,relative:measurement_recoverability_max_exclusive:tighter,single32,variance_ratio_max,quantitative_fidelity,variance_ratio,1.26106272395305,<=,1.5,1.5,False,True,True,False,unresolved,True
oasis:prod_25:mtt_viability,OASIS_batch8,relative:variance_ratio_min:looser,single32,recoverability_min,quantitative_fidelity,recoverability_r,0.7727466707147929,>=,0.7,0.7,False,True,True,False,unresolved,True
oasis:prod_25:mtt_viability,OASIS_batch8,relative:variance_ratio_min:looser,single32,magnitude_spearman_min,quantitative_and_ranking_fidelity,magnitude_spearman,0.6017697787776528,>=,0.7,0.7,False,False,False,False,unresolved,True
oasis:prod_25:mtt_viability,OASIS_batch8,relative:variance_ratio_min:looser,single32,top5pct_quantitative_min,quantitative_fidelity,top5pct_recall,0.5714285714285714,>=,0.6,0.6,False,False,False,False,unresolved,True
oasis:prod_25:mtt_viability,OASIS_batch8,relative:variance_ratio_min:looser,single32,top5pct_ranking_min,ranking_fidelity,top5pct_recall,0.5714285714285714,>=,0.5,0.5,False,True,True,False,unresolved,True
oasis:prod_25:mtt_viability,OASIS_batch8,relative:variance_ratio_min:looser,single32,reliability_min,reference_identifiability,reliability,0.5151597958203917,>=,0.3,0.3,False,True,True,False,unresolved,True
oasis:prod_25:mtt_viability,OASIS_batch8,relative:variance_ratio_min:looser,single32,measurement_recoverability_max_exclusive,measurement_required_eligibility_not_good_performance,recoverability_r,0.7727466707147929,<,0.6,0.6,False,False,False,False,unresolved,True
oasis:prod_25:mtt_viability,OASIS_batch8,relative:variance_ratio_min:looser,single32,variance_ratio_min,quantitative_fidelity,variance_ratio,1.26106272395305,>=,0.45,0.5,True,True,True,False,unresolved,True
oasis:prod_25:mtt_viability,OASIS_batch8,relative:variance_ratio_min:looser,single32,variance_ratio_max,quantitative_fidelity,variance_ratio,1.26106272395305,<=,1.5,1.5,False,True,True,False,unresolved,True
oasis:prod_25:mtt_viability,OASIS_batch8,relative:variance_ratio_min:tighter,single32,recoverability_min,quantitative_fidelity,recoverability_r,0.7727466707147929,>=,0.7,0.7,False,True,True,False,unresolved,True
oasis:prod_25:mtt_viability,OASIS_batch8,relative:variance_ratio_min:tighter,single32,magnitude_spearman_min,quantitative_and_ranking_fidelity,magnitude_spearman,0.6017697787776528,>=,0.7,0.7,False,False,False,False,unresolved,True
oasis:prod_25:mtt_viability,OASIS_batch8,relative:variance_ratio_min:tighter,single32,top5pct_quantitative_min,quantitative_fidelity,top5pct_recall,0.5714285714285714,>=,0.6,0.6,False,False,False,False,unresolved,True
oasis:prod_25:mtt_viability,OASIS_batch8,relative:variance_ratio_min:tighter,single32,top5pct_ranking_min,ranking_fidelity,top5pct_recall,0.5714285714285714,>=,0.5,0.5,False,True,True,False,unresolved,True
oasis:prod_25:mtt_viability,OASIS_batch8,relative:variance_ratio_min:tighter,single32,reliability_min,reference_identifiability,reliability,0.5151597958203917,>=,0.3,0.3,False,True,True,False,unresolved,True
oasis:prod_25:mtt_viability,OASIS_batch8,relative:variance_ratio_min:tighter,single32,measurement_recoverability_max_exclusive,measurement_required_eligibility_not_good_performance,recoverability_r,0.7727466707147929,<,0.6,0.6,False,False,False,False,unresolved,True
oasis:prod_25:mtt_viability,OASIS_batch8,relative:variance_ratio_min:tighter,single32,variance_ratio_min,quantitative_fidelity,variance_ratio,1.26106272395305,>=,0.55,0.5,True,True,True,False,unresolved,True
oasis:prod_25:mtt_viability,OASIS_batch8,relative:variance_ratio_min:tighter,single32,variance_ratio_max,quantitative_fidelity,variance_ratio,1.26106272395305,<=,1.5,1.5,False,True,True,False,unresolved,True
oasis:prod_25:mtt_viability,OASIS_batch8,relative:variance_ratio_max:looser,single32,recoverability_min,quantitative_fidelity,recoverability_r,0.7727466707147929,>=,0.7,0.7,False,True,True,False,unresolved,True
oasis:prod_25:mtt_viability,OASIS_batch8,relative:variance_ratio_max:looser,single32,magnitude_spearman_min,quantitative_and_ranking_fidelity,magnitude_spearman,0.6017697787776528,>=,0.7,0.7,False,False,False,False,unresolved,True
oasis:prod_25:mtt_viability,OASIS_batch8,relative:variance_ratio_max:looser,single32,top5pct_quantitative_min,quantitative_fidelity,top5pct_recall,0.5714285714285714,>=,0.6,0.6,False,False,False,False,unresolved,True
oasis:prod_25:mtt_viability,OASIS_batch8,relative:variance_ratio_max:looser,single32,top5pct_ranking_min,ranking_fidelity,top5pct_recall,0.5714285714285714,>=,0.5,0.5,False,True,True,False,unresolved,True
oasis:prod_25:mtt_viability,OASIS_batch8,relative:variance_ratio_max:looser,single32,reliability_min,reference_identifiability,reliability,0.5151597958203917,>=,0.3,0.3,False,True,True,False,unresolved,True
oasis:prod_25:mtt_viability,OASIS_batch8,relative:variance_ratio_max:looser,single32,measurement_recoverability_max_exclusive,measurement_required_eligibility_not_good_performance,recoverability_r,0.7727466707147929,<,0.6,0.6,False,False,False,False,unresolved,True
oasis:prod_25:mtt_viability,OASIS_batch8,relative:variance_ratio_max:looser,single32,variance_ratio_min,quantitative_fidelity,variance_ratio,1.26106272395305,>=,0.5,0.5,False,True,True,False,unresolved,True
oasis:prod_25:mtt_viability,OASIS_batch8,relative:variance_ratio_max:looser,single32,variance_ratio_max,quantitative_fidelity,variance_ratio,1.26106272395305,<=,1.65,1.5,True,True,True,False,unresolved,True
oasis:prod_25:mtt_viability,OASIS_batch8,relative:variance_ratio_max:tighter,single32,recoverability_min,quantitative_fidelity,recoverability_r,0.7727466707147929,>=,0.7,0.7,False,True,True,False,unresolved,True
oasis:prod_25:mtt_viability,OASIS_batch8,relative:variance_ratio_max:tighter,single32,magnitude_spearman_min,quantitative_and_ranking_fidelity,magnitude_spearman,0.6017697787776528,>=,0.7,0.7,False,False,False,False,unresolved,True
oasis:prod_25:mtt_viability,OASIS_batch8,relative:variance_ratio_max:tighter,single32,top5pct_quantitative_min,quantitative_fidelity,top5pct_recall,0.5714285714285714,>=,0.6,0.6,False,False,False,False,unresolved,True
oasis:prod_25:mtt_viability,OASIS_batch8,relative:variance_ratio_max:tighter,single32,top5pct_ranking_min,ranking_fidelity,top5pct_recall,0.5714285714285714,>=,0.5,0.5,False,True,True,False,unresolved,True
oasis:prod_25:mtt_viability,OASIS_batch8,relative:variance_ratio_max:tighter,single32,reliability_min,reference_identifiability,reliability,0.5151597958203917,>=,0.3,0.3,False,True,True,False,unresolved,True
oasis:prod_25:mtt_viability,OASIS_batch8,relative:variance_ratio_max:tighter,single32,measurement_recoverability_max_exclusive,measurement_required_eligibility_not_good_performance,recoverability_r,0.7727466707147929,<,0.6,0.6,False,False,False,False,unresolved,True
oasis:prod_25:mtt_viability,OASIS_batch8,relative:variance_ratio_max:tighter,single32,variance_ratio_min,quantitative_fidelity,variance_ratio,1.26106272395305,>=,0.5,0.5,False,True,True,False,unresolved,True
oasis:prod_25:mtt_viability,OASIS_batch8,relative:variance_ratio_max:tighter,single32,variance_ratio_max,quantitative_fidelity,variance_ratio,1.26106272395305,<=,1.35,1.5,True,True,True,False,unresolved,True
oasis:prod_25:ldh_release,OASIS_batch8,baseline,baseline,recoverability_min,quantitative_fidelity,recoverability_r,0.5710933905508183,>=,0.7,0.7,False,False,False,False,measurement_required,True
oasis:prod_25:ldh_release,OASIS_batch8,baseline,baseline,magnitude_spearman_min,quantitative_and_ranking_fidelity,magnitude_spearman,0.6693573303337083,>=,0.7,0.7,False,False,False,False,measurement_required,True
oasis:prod_25:ldh_release,OASIS_batch8,baseline,baseline,top5pct_quantitative_min,quantitative_fidelity,top5pct_recall,0.5714285714285714,>=,0.6,0.6,False,False,False,False,measurement_required,True
oasis:prod_25:ldh_release,OASIS_batch8,baseline,baseline,top5pct_ranking_min,ranking_fidelity,top5pct_recall,0.5714285714285714,>=,0.5,0.5,False,True,True,False,measurement_required,True
oasis:prod_25:ldh_release,OASIS_batch8,baseline,baseline,reliability_min,reference_identifiability,reliability,0.4317914218459194,>=,0.3,0.3,False,True,True,False,measurement_required,True
oasis:prod_25:ldh_release,OASIS_batch8,baseline,baseline,measurement_recoverability_max_exclusive,measurement_required_eligibility_not_good_performance,recoverability_r,0.5710933905508183,<,0.6,0.6,False,True,True,False,measurement_required,True
oasis:prod_25:ldh_release,OASIS_batch8,baseline,baseline,variance_ratio_min,quantitative_fidelity,variance_ratio,0.9202373285960148,>=,0.5,0.5,False,True,True,False,measurement_required,True
oasis:prod_25:ldh_release,OASIS_batch8,baseline,baseline,variance_ratio_max,quantitative_fidelity,variance_ratio,0.9202373285960148,<=,1.5,1.5,False,True,True,False,measurement_required,True
oasis:prod_25:ldh_release,OASIS_batch8,absolute:all gates:looser,joint4,recoverability_min,quantitative_fidelity,recoverability_r,0.5710933905508183,>=,0.65,0.7,True,False,False,False,ranking_proxy,True
oasis:prod_25:ldh_release,OASIS_batch8,absolute:all gates:looser,joint4,magnitude_spearman_min,quantitative_and_ranking_fidelity,magnitude_spearman,0.6693573303337083,>=,0.65,0.7,True,True,False,True,ranking_proxy,True
oasis:prod_25:ldh_release,OASIS_batch8,absolute:all gates:looser,joint4,top5pct_quantitative_min,quantitative_fidelity,top5pct_recall,0.5714285714285714,>=,0.55,0.6,True,True,False,True,ranking_proxy,True
oasis:prod_25:ldh_release,OASIS_batch8,absolute:all gates:looser,joint4,top5pct_ranking_min,ranking_fidelity,top5pct_recall,0.5714285714285714,>=,0.45,0.5,True,True,True,False,ranking_proxy,True
oasis:prod_25:ldh_release,OASIS_batch8,absolute:all gates:looser,joint4,reliability_min,reference_identifiability,reliability,0.4317914218459194,>=,0.25,0.3,True,True,True,False,ranking_proxy,True
oasis:prod_25:ldh_release,OASIS_batch8,absolute:all gates:looser,joint4,measurement_recoverability_max_exclusive,measurement_required_eligibility_not_good_performance,recoverability_r,0.5710933905508183,<,0.55,0.6,True,False,True,True,ranking_proxy,True
oasis:prod_25:ldh_release,OASIS_batch8,absolute:all gates:looser,joint4,variance_ratio_min,quantitative_fidelity,variance_ratio,0.9202373285960148,>=,0.45,0.5,True,True,True,False,ranking_proxy,True
oasis:prod_25:ldh_release,OASIS_batch8,absolute:all gates:looser,joint4,variance_ratio_max,quantitative_fidelity,variance_ratio,0.9202373285960148,<=,1.55,1.5,True,True,True,False,ranking_proxy,True
oasis:prod_25:ldh_release,OASIS_batch8,absolute:all gates:tighter,joint4,recoverability_min,quantitative_fidelity,recoverability_r,0.5710933905508183,>=,0.75,0.7,True,False,False,False,measurement_required,True
oasis:prod_25:ldh_release,OASIS_batch8,absolute:all gates:tighter,joint4,magnitude_spearman_min,quantitative_and_ranking_fidelity,magnitude_spearman,0.6693573303337083,>=,0.75,0.7,True,False,False,False,measurement_required,True
oasis:prod_25:ldh_release,OASIS_batch8,absolute:all gates:tighter,joint4,top5pct_quantitative_min,quantitative_fidelity,top5pct_recall,0.5714285714285714,>=,0.65,0.6,True,False,False,False,measurement_required,True
oasis:prod_25:ldh_release,OASIS_batch8,absolute:all gates:tighter,joint4,top5pct_ranking_min,ranking_fidelity,top5pct_recall,0.5714285714285714,>=,0.55,0.5,True,True,True,False,measurement_required,True
oasis:prod_25:ldh_release,OASIS_batch8,absolute:all gates:tighter,joint4,reliability_min,reference_identifiability,reliability,0.4317914218459194,>=,0.35,0.3,True,True,True,False,measurement_required,True
oasis:prod_25:ldh_release,OASIS_batch8,absolute:all gates:tighter,joint4,measurement_recoverability_max_exclusive,measurement_required_eligibility_not_good_performance,recoverability_r,0.5710933905508183,<,0.65,0.6,True,True,True,False,measurement_required,True
oasis:prod_25:ldh_release,OASIS_batch8,absolute:all gates:tighter,joint4,variance_ratio_min,quantitative_fidelity,variance_ratio,0.9202373285960148,>=,0.55,0.5,True,True,True,False,measurement_required,True
oasis:prod_25:ldh_release,OASIS_batch8,absolute:all gates:tighter,joint4,variance_ratio_max,quantitative_fidelity,variance_ratio,0.9202373285960148,<=,1.45,1.5,True,True,True,False,measurement_required,True
oasis:prod_25:ldh_release,OASIS_batch8,absolute:recoverability_min:looser,single32,recoverability_min,quantitative_fidelity,recoverability_r,0.5710933905508183,>=,0.65,0.7,True,False,False,False,measurement_required,True
oasis:prod_25:ldh_release,OASIS_batch8,absolute:recoverability_min:looser,single32,magnitude_spearman_min,quantitative_and_ranking_fidelity,magnitude_spearman,0.6693573303337083,>=,0.7,0.7,False,False,False,False,measurement_required,True
oasis:prod_25:ldh_release,OASIS_batch8,absolute:recoverability_min:looser,single32,top5pct_quantitative_min,quantitative_fidelity,top5pct_recall,0.5714285714285714,>=,0.6,0.6,False,False,False,False,measurement_required,True
oasis:prod_25:ldh_release,OASIS_batch8,absolute:recoverability_min:looser,single32,top5pct_ranking_min,ranking_fidelity,top5pct_recall,0.5714285714285714,>=,0.5,0.5,False,True,True,False,measurement_required,True
oasis:prod_25:ldh_release,OASIS_batch8,absolute:recoverability_min:looser,single32,reliability_min,reference_identifiability,reliability,0.4317914218459194,>=,0.3,0.3,False,True,True,False,measurement_required,True
oasis:prod_25:ldh_release,OASIS_batch8,absolute:recoverability_min:looser,single32,measurement_recoverability_max_exclusive,measurement_required_eligibility_not_good_performance,recoverability_r,0.5710933905508183,<,0.6,0.6,False,True,True,False,measurement_required,True
oasis:prod_25:ldh_release,OASIS_batch8,absolute:recoverability_min:looser,single32,variance_ratio_min,quantitative_fidelity,variance_ratio,0.9202373285960148,>=,0.5,0.5,False,True,True,False,measurement_required,True
oasis:prod_25:ldh_release,OASIS_batch8,absolute:recoverability_min:looser,single32,variance_ratio_max,quantitative_fidelity,variance_ratio,0.9202373285960148,<=,1.5,1.5,False,True,True,False,measurement_required,True
oasis:prod_25:ldh_release,OASIS_batch8,absolute:recoverability_min:tighter,single32,recoverability_min,quantitative_fidelity,recoverability_r,0.5710933905508183,>=,0.75,0.7,True,False,False,False,measurement_required,True
oasis:prod_25:ldh_release,OASIS_batch8,absolute:recoverability_min:tighter,single32,magnitude_spearman_min,quantitative_and_ranking_fidelity,magnitude_spearman,0.6693573303337083,>=,0.7,0.7,False,False,False,False,measurement_required,True
oasis:prod_25:ldh_release,OASIS_batch8,absolute:recoverability_min:tighter,single32,top5pct_quantitative_min,quantitative_fidelity,top5pct_recall,0.5714285714285714,>=,0.6,0.6,False,False,False,False,measurement_required,True
oasis:prod_25:ldh_release,OASIS_batch8,absolute:recoverability_min:tighter,single32,top5pct_ranking_min,ranking_fidelity,top5pct_recall,0.5714285714285714,>=,0.5,0.5,False,True,True,False,measurement_required,True
oasis:prod_25:ldh_release,OASIS_batch8,absolute:recoverability_min:tighter,single32,reliability_min,reference_identifiability,reliability,0.4317914218459194,>=,0.3,0.3,False,True,True,False,measurement_required,True
oasis:prod_25:ldh_release,OASIS_batch8,absolute:recoverability_min:tighter,single32,measurement_recoverability_max_exclusive,measurement_required_eligibility_not_good_performance,recoverability_r,0.5710933905508183,<,0.6,0.6,False,True,True,False,measurement_required,True
oasis:prod_25:ldh_release,OASIS_batch8,absolute:recoverability_min:tighter,single32,variance_ratio_min,quantitative_fidelity,variance_ratio,0.9202373285960148,>=,0.5,0.5,False,True,True,False,measurement_required,True
oasis:prod_25:ldh_release,OASIS_batch8,absolute:recoverability_min:tighter,single32,variance_ratio_max,quantitative_fidelity,variance_ratio,0.9202373285960148,<=,1.5,1.5,False,True,True,False,measurement_required,True
oasis:prod_25:ldh_release,OASIS_batch8,absolute:magnitude_spearman_min:looser,single32,recoverability_min,quantitative_fidelity,recoverability_r,0.5710933905508183,>=,0.7,0.7,False,False,False,False,ranking_proxy,True
oasis:prod_25:ldh_release,OASIS_batch8,absolute:magnitude_spearman_min:looser,single32,magnitude_spearman_min,quantitative_and_ranking_fidelity,magnitude_spearman,0.6693573303337083,>=,0.65,0.7,True,True,False,True,ranking_proxy,True
oasis:prod_25:ldh_release,OASIS_batch8,absolute:magnitude_spearman_min:looser,single32,top5pct_quantitative_min,quantitative_fidelity,top5pct_recall,0.5714285714285714,>=,0.6,0.6,False,False,False,False,ranking_proxy,True
oasis:prod_25:ldh_release,OASIS_batch8,absolute:magnitude_spearman_min:looser,single32,top5pct_ranking_min,ranking_fidelity,top5pct_recall,0.5714285714285714,>=,0.5,0.5,False,True,True,False,ranking_proxy,True
oasis:prod_25:ldh_release,OASIS_batch8,absolute:magnitude_spearman_min:looser,single32,reliability_min,reference_identifiability,reliability,0.4317914218459194,>=,0.3,0.3,False,True,True,False,ranking_proxy,True
oasis:prod_25:ldh_release,OASIS_batch8,absolute:magnitude_spearman_min:looser,single32,measurement_recoverability_max_exclusive,measurement_required_eligibility_not_good_performance,recoverability_r,0.5710933905508183,<,0.6,0.6,False,True,True,False,ranking_proxy,True
oasis:prod_25:ldh_release,OASIS_batch8,absolute:magnitude_spearman_min:looser,single32,variance_ratio_min,quantitative_fidelity,variance_ratio,0.9202373285960148,>=,0.5,0.5,False,True,True,False,ranking_proxy,True
oasis:prod_25:ldh_release,OASIS_batch8,absolute:magnitude_spearman_min:looser,single32,variance_ratio_max,quantitative_fidelity,variance_ratio,0.9202373285960148,<=,1.5,1.5,False,True,True,False,ranking_proxy,True
oasis:prod_25:ldh_release,OASIS_batch8,absolute:magnitude_spearman_min:tighter,single32,recoverability_min,quantitative_fidelity,recoverability_r,0.5710933905508183,>=,0.7,0.7,False,False,False,False,measurement_required,True
oasis:prod_25:ldh_release,OASIS_batch8,absolute:magnitude_spearman_min:tighter,single32,magnitude_spearman_min,quantitative_and_ranking_fidelity,magnitude_spearman,0.6693573303337083,>=,0.75,0.7,True,False,False,False,measurement_required,True
oasis:prod_25:ldh_release,OASIS_batch8,absolute:magnitude_spearman_min:tighter,single32,top5pct_quantitative_min,quantitative_fidelity,top5pct_recall,0.5714285714285714,>=,0.6,0.6,False,False,False,False,measurement_required,True
oasis:prod_25:ldh_release,OASIS_batch8,absolute:magnitude_spearman_min:tighter,single32,top5pct_ranking_min,ranking_fidelity,top5pct_recall,0.5714285714285714,>=,0.5,0.5,False,True,True,False,measurement_required,True
oasis:prod_25:ldh_release,OASIS_batch8,absolute:magnitude_spearman_min:tighter,single32,reliability_min,reference_identifiability,reliability,0.4317914218459194,>=,0.3,0.3,False,True,True,False,measurement_required,True
oasis:prod_25:ldh_release,OASIS_batch8,absolute:magnitude_spearman_min:tighter,single32,measurement_recoverability_max_exclusive,measurement_required_eligibility_not_good_performance,recoverability_r,0.5710933905508183,<,0.6,0.6,False,True,True,False,measurement_required,True
oasis:prod_25:ldh_release,OASIS_batch8,absolute:magnitude_spearman_min:tighter,single32,variance_ratio_min,quantitative_fidelity,variance_ratio,0.9202373285960148,>=,0.5,0.5,False,True,True,False,measurement_required,True
oasis:prod_25:ldh_release,OASIS_batch8,absolute:magnitude_spearman_min:tighter,single32,variance_ratio_max,quantitative_fidelity,variance_ratio,0.9202373285960148,<=,1.5,1.5,False,True,True,False,measurement_required,True
oasis:prod_25:ldh_release,OASIS_batch8,absolute:top5pct_quantitative_min:looser,single32,recoverability_min,quantitative_fidelity,recoverability_r,0.5710933905508183,>=,0.7,0.7,False,False,False,False,measurement_required,True
oasis:prod_25:ldh_release,OASIS_batch8,absolute:top5pct_quantitative_min:looser,single32,magnitude_spearman_min,quantitative_and_ranking_fidelity,magnitude_spearman,0.6693573303337083,>=,0.7,0.7,False,False,False,False,measurement_required,True
oasis:prod_25:ldh_release,OASIS_batch8,absolute:top5pct_quantitative_min:looser,single32,top5pct_quantitative_min,quantitative_fidelity,top5pct_recall,0.5714285714285714,>=,0.55,0.6,True,True,False,True,measurement_required,True
oasis:prod_25:ldh_release,OASIS_batch8,absolute:top5pct_quantitative_min:looser,single32,top5pct_ranking_min,ranking_fidelity,top5pct_recall,0.5714285714285714,>=,0.5,0.5,False,True,True,False,measurement_required,True
oasis:prod_25:ldh_release,OASIS_batch8,absolute:top5pct_quantitative_min:looser,single32,reliability_min,reference_identifiability,reliability,0.4317914218459194,>=,0.3,0.3,False,True,True,False,measurement_required,True
oasis:prod_25:ldh_release,OASIS_batch8,absolute:top5pct_quantitative_min:looser,single32,measurement_recoverability_max_exclusive,measurement_required_eligibility_not_good_performance,recoverability_r,0.5710933905508183,<,0.6,0.6,False,True,True,False,measurement_required,True
oasis:prod_25:ldh_release,OASIS_batch8,absolute:top5pct_quantitative_min:looser,single32,variance_ratio_min,quantitative_fidelity,variance_ratio,0.9202373285960148,>=,0.5,0.5,False,True,True,False,measurement_required,True
oasis:prod_25:ldh_release,OASIS_batch8,absolute:top5pct_quantitative_min:looser,single32,variance_ratio_max,quantitative_fidelity,variance_ratio,0.9202373285960148,<=,1.5,1.5,False,True,True,False,measurement_required,True
oasis:prod_25:ldh_release,OASIS_batch8,absolute:top5pct_quantitative_min:tighter,single32,recoverability_min,quantitative_fidelity,recoverability_r,0.5710933905508183,>=,0.7,0.7,False,False,False,False,measurement_required,True
oasis:prod_25:ldh_release,OASIS_batch8,absolute:top5pct_quantitative_min:tighter,single32,magnitude_spearman_min,quantitative_and_ranking_fidelity,magnitude_spearman,0.6693573303337083,>=,0.7,0.7,False,False,False,False,measurement_required,True
oasis:prod_25:ldh_release,OASIS_batch8,absolute:top5pct_quantitative_min:tighter,single32,top5pct_quantitative_min,quantitative_fidelity,top5pct_recall,0.5714285714285714,>=,0.65,0.6,True,False,False,False,measurement_required,True
oasis:prod_25:ldh_release,OASIS_batch8,absolute:top5pct_quantitative_min:tighter,single32,top5pct_ranking_min,ranking_fidelity,top5pct_recall,0.5714285714285714,>=,0.5,0.5,False,True,True,False,measurement_required,True
oasis:prod_25:ldh_release,OASIS_batch8,absolute:top5pct_quantitative_min:tighter,single32,reliability_min,reference_identifiability,reliability,0.4317914218459194,>=,0.3,0.3,False,True,True,False,measurement_required,True
oasis:prod_25:ldh_release,OASIS_batch8,absolute:top5pct_quantitative_min:tighter,single32,measurement_recoverability_max_exclusive,measurement_required_eligibility_not_good_performance,recoverability_r,0.5710933905508183,<,0.6,0.6,False,True,True,False,measurement_required,True
oasis:prod_25:ldh_release,OASIS_batch8,absolute:top5pct_quantitative_min:tighter,single32,variance_ratio_min,quantitative_fidelity,variance_ratio,0.9202373285960148,>=,0.5,0.5,False,True,True,False,measurement_required,True
oasis:prod_25:ldh_release,OASIS_batch8,absolute:top5pct_quantitative_min:tighter,single32,variance_ratio_max,quantitative_fidelity,variance_ratio,0.9202373285960148,<=,1.5,1.5,False,True,True,False,measurement_required,True
oasis:prod_25:ldh_release,OASIS_batch8,absolute:top5pct_ranking_min:looser,single32,recoverability_min,quantitative_fidelity,recoverability_r,0.5710933905508183,>=,0.7,0.7,False,False,False,False,measurement_required,True
oasis:prod_25:ldh_release,OASIS_batch8,absolute:top5pct_ranking_min:looser,single32,magnitude_spearman_min,quantitative_and_ranking_fidelity,magnitude_spearman,0.6693573303337083,>=,0.7,0.7,False,False,False,False,measurement_required,True
oasis:prod_25:ldh_release,OASIS_batch8,absolute:top5pct_ranking_min:looser,single32,top5pct_quantitative_min,quantitative_fidelity,top5pct_recall,0.5714285714285714,>=,0.6,0.6,False,False,False,False,measurement_required,True
oasis:prod_25:ldh_release,OASIS_batch8,absolute:top5pct_ranking_min:looser,single32,top5pct_ranking_min,ranking_fidelity,top5pct_recall,0.5714285714285714,>=,0.45,0.5,True,True,True,False,measurement_required,True
oasis:prod_25:ldh_release,OASIS_batch8,absolute:top5pct_ranking_min:looser,single32,reliability_min,reference_identifiability,reliability,0.4317914218459194,>=,0.3,0.3,False,True,True,False,measurement_required,True
oasis:prod_25:ldh_release,OASIS_batch8,absolute:top5pct_ranking_min:looser,single32,measurement_recoverability_max_exclusive,measurement_required_eligibility_not_good_performance,recoverability_r,0.5710933905508183,<,0.6,0.6,False,True,True,False,measurement_required,True
oasis:prod_25:ldh_release,OASIS_batch8,absolute:top5pct_ranking_min:looser,single32,variance_ratio_min,quantitative_fidelity,variance_ratio,0.9202373285960148,>=,0.5,0.5,False,True,True,False,measurement_required,True
oasis:prod_25:ldh_release,OASIS_batch8,absolute:top5pct_ranking_min:looser,single32,variance_ratio_max,quantitative_fidelity,variance_ratio,0.9202373285960148,<=,1.5,1.5,False,True,True,False,measurement_required,True
oasis:prod_25:ldh_release,OASIS_batch8,absolute:top5pct_ranking_min:tighter,single32,recoverability_min,quantitative_fidelity,recoverability_r,0.5710933905508183,>=,0.7,0.7,False,False,False,False,measurement_required,True
oasis:prod_25:ldh_release,OASIS_batch8,absolute:top5pct_ranking_min:tighter,single32,magnitude_spearman_min,quantitative_and_ranking_fidelity,magnitude_spearman,0.6693573303337083,>=,0.7,0.7,False,False,False,False,measurement_required,True
oasis:prod_25:ldh_release,OASIS_batch8,absolute:top5pct_ranking_min:tighter,single32,top5pct_quantitative_min,quantitative_fidelity,top5pct_recall,0.5714285714285714,>=,0.6,0.6,False,False,False,False,measurement_required,True
oasis:prod_25:ldh_release,OASIS_batch8,absolute:top5pct_ranking_min:tighter,single32,top5pct_ranking_min,ranking_fidelity,top5pct_recall,0.5714285714285714,>=,0.55,0.5,True,True,True,False,measurement_required,True
oasis:prod_25:ldh_release,OASIS_batch8,absolute:top5pct_ranking_min:tighter,single32,reliability_min,reference_identifiability,reliability,0.4317914218459194,>=,0.3,0.3,False,True,True,False,measurement_required,True
oasis:prod_25:ldh_release,OASIS_batch8,absolute:top5pct_ranking_min:tighter,single32,measurement_recoverability_max_exclusive,measurement_required_eligibility_not_good_performance,recoverability_r,0.5710933905508183,<,0.6,0.6,False,True,True,False,measurement_required,True
oasis:prod_25:ldh_release,OASIS_batch8,absolute:top5pct_ranking_min:tighter,single32,variance_ratio_min,quantitative_fidelity,variance_ratio,0.9202373285960148,>=,0.5,0.5,False,True,True,False,measurement_required,True
oasis:prod_25:ldh_release,OASIS_batch8,absolute:top5pct_ranking_min:tighter,single32,variance_ratio_max,quantitative_fidelity,variance_ratio,0.9202373285960148,<=,1.5,1.5,False,True,True,False,measurement_required,True
oasis:prod_25:ldh_release,OASIS_batch8,absolute:reliability_min:looser,single32,recoverability_min,quantitative_fidelity,recoverability_r,0.5710933905508183,>=,0.7,0.7,False,False,False,False,measurement_required,True
oasis:prod_25:ldh_release,OASIS_batch8,absolute:reliability_min:looser,single32,magnitude_spearman_min,quantitative_and_ranking_fidelity,magnitude_spearman,0.6693573303337083,>=,0.7,0.7,False,False,False,False,measurement_required,True
oasis:prod_25:ldh_release,OASIS_batch8,absolute:reliability_min:looser,single32,top5pct_quantitative_min,quantitative_fidelity,top5pct_recall,0.5714285714285714,>=,0.6,0.6,False,False,False,False,measurement_required,True
oasis:prod_25:ldh_release,OASIS_batch8,absolute:reliability_min:looser,single32,top5pct_ranking_min,ranking_fidelity,top5pct_recall,0.5714285714285714,>=,0.5,0.5,False,True,True,False,measurement_required,True
oasis:prod_25:ldh_release,OASIS_batch8,absolute:reliability_min:looser,single32,reliability_min,reference_identifiability,reliability,0.4317914218459194,>=,0.25,0.3,True,True,True,False,measurement_required,True
oasis:prod_25:ldh_release,OASIS_batch8,absolute:reliability_min:looser,single32,measurement_recoverability_max_exclusive,measurement_required_eligibility_not_good_performance,recoverability_r,0.5710933905508183,<,0.6,0.6,False,True,True,False,measurement_required,True
oasis:prod_25:ldh_release,OASIS_batch8,absolute:reliability_min:looser,single32,variance_ratio_min,quantitative_fidelity,variance_ratio,0.9202373285960148,>=,0.5,0.5,False,True,True,False,measurement_required,True
oasis:prod_25:ldh_release,OASIS_batch8,absolute:reliability_min:looser,single32,variance_ratio_max,quantitative_fidelity,variance_ratio,0.9202373285960148,<=,1.5,1.5,False,True,True,False,measurement_required,True
oasis:prod_25:ldh_release,OASIS_batch8,absolute:reliability_min:tighter,single32,recoverability_min,quantitative_fidelity,recoverability_r,0.5710933905508183,>=,0.7,0.7,False,False,False,False,measurement_required,True
oasis:prod_25:ldh_release,OASIS_batch8,absolute:reliability_min:tighter,single32,magnitude_spearman_min,quantitative_and_ranking_fidelity,magnitude_spearman,0.6693573303337083,>=,0.7,0.7,False,False,False,False,measurement_required,True
oasis:prod_25:ldh_release,OASIS_batch8,absolute:reliability_min:tighter,single32,top5pct_quantitative_min,quantitative_fidelity,top5pct_recall,0.5714285714285714,>=,0.6,0.6,False,False,False,False,measurement_required,True
oasis:prod_25:ldh_release,OASIS_batch8,absolute:reliability_min:tighter,single32,top5pct_ranking_min,ranking_fidelity,top5pct_recall,0.5714285714285714,>=,0.5,0.5,False,True,True,False,measurement_required,True
oasis:prod_25:ldh_release,OASIS_batch8,absolute:reliability_min:tighter,single32,reliability_min,reference_identifiability,reliability,0.4317914218459194,>=,0.35,0.3,True,True,True,False,measurement_required,True
oasis:prod_25:ldh_release,OASIS_batch8,absolute:reliability_min:tighter,single32,measurement_recoverability_max_exclusive,measurement_required_eligibility_not_good_performance,recoverability_r,0.5710933905508183,<,0.6,0.6,False,True,True,False,measurement_required,True
oasis:prod_25:ldh_release,OASIS_batch8,absolute:reliability_min:tighter,single32,variance_ratio_min,quantitative_fidelity,variance_ratio,0.9202373285960148,>=,0.5,0.5,False,True,True,False,measurement_required,True
oasis:prod_25:ldh_release,OASIS_batch8,absolute:reliability_min:tighter,single32,variance_ratio_max,quantitative_fidelity,variance_ratio,0.9202373285960148,<=,1.5,1.5,False,True,True,False,measurement_required,True
oasis:prod_25:ldh_release,OASIS_batch8,absolute:measurement_recoverability_max_exclusive:looser,single32,recoverability_min,quantitative_fidelity,recoverability_r,0.5710933905508183,>=,0.7,0.7,False,False,False,False,unresolved,True
oasis:prod_25:ldh_release,OASIS_batch8,absolute:measurement_recoverability_max_exclusive:looser,single32,magnitude_spearman_min,quantitative_and_ranking_fidelity,magnitude_spearman,0.6693573303337083,>=,0.7,0.7,False,False,False,False,unresolved,True
oasis:prod_25:ldh_release,OASIS_batch8,absolute:measurement_recoverability_max_exclusive:looser,single32,top5pct_quantitative_min,quantitative_fidelity,top5pct_recall,0.5714285714285714,>=,0.6,0.6,False,False,False,False,unresolved,True
oasis:prod_25:ldh_release,OASIS_batch8,absolute:measurement_recoverability_max_exclusive:looser,single32,top5pct_ranking_min,ranking_fidelity,top5pct_recall,0.5714285714285714,>=,0.5,0.5,False,True,True,False,unresolved,True
oasis:prod_25:ldh_release,OASIS_batch8,absolute:measurement_recoverability_max_exclusive:looser,single32,reliability_min,reference_identifiability,reliability,0.4317914218459194,>=,0.3,0.3,False,True,True,False,unresolved,True
oasis:prod_25:ldh_release,OASIS_batch8,absolute:measurement_recoverability_max_exclusive:looser,single32,measurement_recoverability_max_exclusive,measurement_required_eligibility_not_good_performance,recoverability_r,0.5710933905508183,<,0.55,0.6,True,False,True,True,unresolved,True
oasis:prod_25:ldh_release,OASIS_batch8,absolute:measurement_recoverability_max_exclusive:looser,single32,variance_ratio_min,quantitative_fidelity,variance_ratio,0.9202373285960148,>=,0.5,0.5,False,True,True,False,unresolved,True
oasis:prod_25:ldh_release,OASIS_batch8,absolute:measurement_recoverability_max_exclusive:looser,single32,variance_ratio_max,quantitative_fidelity,variance_ratio,0.9202373285960148,<=,1.5,1.5,False,True,True,False,unresolved,True
oasis:prod_25:ldh_release,OASIS_batch8,absolute:measurement_recoverability_max_exclusive:tighter,single32,recoverability_min,quantitative_fidelity,recoverability_r,0.5710933905508183,>=,0.7,0.7,False,False,False,False,measurement_required,True
oasis:prod_25:ldh_release,OASIS_batch8,absolute:measurement_recoverability_max_exclusive:tighter,single32,magnitude_spearman_min,quantitative_and_ranking_fidelity,magnitude_spearman,0.6693573303337083,>=,0.7,0.7,False,False,False,False,measurement_required,True
oasis:prod_25:ldh_release,OASIS_batch8,absolute:measurement_recoverability_max_exclusive:tighter,single32,top5pct_quantitative_min,quantitative_fidelity,top5pct_recall,0.5714285714285714,>=,0.6,0.6,False,False,False,False,measurement_required,True
oasis:prod_25:ldh_release,OASIS_batch8,absolute:measurement_recoverability_max_exclusive:tighter,single32,top5pct_ranking_min,ranking_fidelity,top5pct_recall,0.5714285714285714,>=,0.5,0.5,False,True,True,False,measurement_required,True
oasis:prod_25:ldh_release,OASIS_batch8,absolute:measurement_recoverability_max_exclusive:tighter,single32,reliability_min,reference_identifiability,reliability,0.4317914218459194,>=,0.3,0.3,False,True,True,False,measurement_required,True
oasis:prod_25:ldh_release,OASIS_batch8,absolute:measurement_recoverability_max_exclusive:tighter,single32,measurement_recoverability_max_exclusive,measurement_required_eligibility_not_good_performance,recoverability_r,0.5710933905508183,<,0.65,0.6,True,True,True,False,measurement_required,True
oasis:prod_25:ldh_release,OASIS_batch8,absolute:measurement_recoverability_max_exclusive:tighter,single32,variance_ratio_min,quantitative_fidelity,variance_ratio,0.9202373285960148,>=,0.5,0.5,False,True,True,False,measurement_required,True
oasis:prod_25:ldh_release,OASIS_batch8,absolute:measurement_recoverability_max_exclusive:tighter,single32,variance_ratio_max,quantitative_fidelity,variance_ratio,0.9202373285960148,<=,1.5,1.5,False,True,True,False,measurement_required,True
oasis:prod_25:ldh_release,OASIS_batch8,absolute:variance_ratio_min:looser,single32,recoverability_min,quantitative_fidelity,recoverability_r,0.5710933905508183,>=,0.7,0.7,False,False,False,False,measurement_required,True
oasis:prod_25:ldh_release,OASIS_batch8,absolute:variance_ratio_min:looser,single32,magnitude_spearman_min,quantitative_and_ranking_fidelity,magnitude_spearman,0.6693573303337083,>=,0.7,0.7,False,False,False,False,measurement_required,True
oasis:prod_25:ldh_release,OASIS_batch8,absolute:variance_ratio_min:looser,single32,top5pct_quantitative_min,quantitative_fidelity,top5pct_recall,0.5714285714285714,>=,0.6,0.6,False,False,False,False,measurement_required,True
oasis:prod_25:ldh_release,OASIS_batch8,absolute:variance_ratio_min:looser,single32,top5pct_ranking_min,ranking_fidelity,top5pct_recall,0.5714285714285714,>=,0.5,0.5,False,True,True,False,measurement_required,True
oasis:prod_25:ldh_release,OASIS_batch8,absolute:variance_ratio_min:looser,single32,reliability_min,reference_identifiability,reliability,0.4317914218459194,>=,0.3,0.3,False,True,True,False,measurement_required,True
oasis:prod_25:ldh_release,OASIS_batch8,absolute:variance_ratio_min:looser,single32,measurement_recoverability_max_exclusive,measurement_required_eligibility_not_good_performance,recoverability_r,0.5710933905508183,<,0.6,0.6,False,True,True,False,measurement_required,True
oasis:prod_25:ldh_release,OASIS_batch8,absolute:variance_ratio_min:looser,single32,variance_ratio_min,quantitative_fidelity,variance_ratio,0.9202373285960148,>=,0.45,0.5,True,True,True,False,measurement_required,True
oasis:prod_25:ldh_release,OASIS_batch8,absolute:variance_ratio_min:looser,single32,variance_ratio_max,quantitative_fidelity,variance_ratio,0.9202373285960148,<=,1.5,1.5,False,True,True,False,measurement_required,True
oasis:prod_25:ldh_release,OASIS_batch8,absolute:variance_ratio_min:tighter,single32,recoverability_min,quantitative_fidelity,recoverability_r,0.5710933905508183,>=,0.7,0.7,False,False,False,False,measurement_required,True
oasis:prod_25:ldh_release,OASIS_batch8,absolute:variance_ratio_min:tighter,single32,magnitude_spearman_min,quantitative_and_ranking_fidelity,magnitude_spearman,0.6693573303337083,>=,0.7,0.7,False,False,False,False,measurement_required,True
oasis:prod_25:ldh_release,OASIS_batch8,absolute:variance_ratio_min:tighter,single32,top5pct_quantitative_min,quantitative_fidelity,top5pct_recall,0.5714285714285714,>=,0.6,0.6,False,False,False,False,measurement_required,True
oasis:prod_25:ldh_release,OASIS_batch8,absolute:variance_ratio_min:tighter,single32,top5pct_ranking_min,ranking_fidelity,top5pct_recall,0.5714285714285714,>=,0.5,0.5,False,True,True,False,measurement_required,True
oasis:prod_25:ldh_release,OASIS_batch8,absolute:variance_ratio_min:tighter,single32,reliability_min,reference_identifiability,reliability,0.4317914218459194,>=,0.3,0.3,False,True,True,False,measurement_required,True
oasis:prod_25:ldh_release,OASIS_batch8,absolute:variance_ratio_min:tighter,single32,measurement_recoverability_max_exclusive,measurement_required_eligibility_not_good_performance,recoverability_r,0.5710933905508183,<,0.6,0.6,False,True,True,False,measurement_required,True
oasis:prod_25:ldh_release,OASIS_batch8,absolute:variance_ratio_min:tighter,single32,variance_ratio_min,quantitative_fidelity,variance_ratio,0.9202373285960148,>=,0.55,0.5,True,True,True,False,measurement_required,True
oasis:prod_25:ldh_release,OASIS_batch8,absolute:variance_ratio_min:tighter,single32,variance_ratio_max,quantitative_fidelity,variance_ratio,0.9202373285960148,<=,1.5,1.5,False,True,True,False,measurement_required,True
oasis:prod_25:ldh_release,OASIS_batch8,absolute:variance_ratio_max:looser,single32,recoverability_min,quantitative_fidelity,recoverability_r,0.5710933905508183,>=,0.7,0.7,False,False,False,False,measurement_required,True
oasis:prod_25:ldh_release,OASIS_batch8,absolute:variance_ratio_max:looser,single32,magnitude_spearman_min,quantitative_and_ranking_fidelity,magnitude_spearman,0.6693573303337083,>=,0.7,0.7,False,False,False,False,measurement_required,True
oasis:prod_25:ldh_release,OASIS_batch8,absolute:variance_ratio_max:looser,single32,top5pct_quantitative_min,quantitative_fidelity,top5pct_recall,0.5714285714285714,>=,0.6,0.6,False,False,False,False,measurement_required,True
oasis:prod_25:ldh_release,OASIS_batch8,absolute:variance_ratio_max:looser,single32,top5pct_ranking_min,ranking_fidelity,top5pct_recall,0.5714285714285714,>=,0.5,0.5,False,True,True,False,measurement_required,True
oasis:prod_25:ldh_release,OASIS_batch8,absolute:variance_ratio_max:looser,single32,reliability_min,reference_identifiability,reliability,0.4317914218459194,>=,0.3,0.3,False,True,True,False,measurement_required,True
oasis:prod_25:ldh_release,OASIS_batch8,absolute:variance_ratio_max:looser,single32,measurement_recoverability_max_exclusive,measurement_required_eligibility_not_good_performance,recoverability_r,0.5710933905508183,<,0.6,0.6,False,True,True,False,measurement_required,True
oasis:prod_25:ldh_release,OASIS_batch8,absolute:variance_ratio_max:looser,single32,variance_ratio_min,quantitative_fidelity,variance_ratio,0.9202373285960148,>=,0.5,0.5,False,True,True,False,measurement_required,True
oasis:prod_25:ldh_release,OASIS_batch8,absolute:variance_ratio_max:looser,single32,variance_ratio_max,quantitative_fidelity,variance_ratio,0.9202373285960148,<=,1.55,1.5,True,True,True,False,measurement_required,True
oasis:prod_25:ldh_release,OASIS_batch8,absolute:variance_ratio_max:tighter,single32,recoverability_min,quantitative_fidelity,recoverability_r,0.5710933905508183,>=,0.7,0.7,False,False,False,False,measurement_required,True
oasis:prod_25:ldh_release,OASIS_batch8,absolute:variance_ratio_max:tighter,single32,magnitude_spearman_min,quantitative_and_ranking_fidelity,magnitude_spearman,0.6693573303337083,>=,0.7,0.7,False,False,False,False,measurement_required,True
oasis:prod_25:ldh_release,OASIS_batch8,absolute:variance_ratio_max:tighter,single32,top5pct_quantitative_min,quantitative_fidelity,top5pct_recall,0.5714285714285714,>=,0.6,0.6,False,False,False,False,measurement_required,True
oasis:prod_25:ldh_release,OASIS_batch8,absolute:variance_ratio_max:tighter,single32,top5pct_ranking_min,ranking_fidelity,top5pct_recall,0.5714285714285714,>=,0.5,0.5,False,True,True,False,measurement_required,True
oasis:prod_25:ldh_release,OASIS_batch8,absolute:variance_ratio_max:tighter,single32,reliability_min,reference_identifiability,reliability,0.4317914218459194,>=,0.3,0.3,False,True,True,False,measurement_required,True
oasis:prod_25:ldh_release,OASIS_batch8,absolute:variance_ratio_max:tighter,single32,measurement_recoverability_max_exclusive,measurement_required_eligibility_not_good_performance,recoverability_r,0.5710933905508183,<,0.6,0.6,False,True,True,False,measurement_required,True
oasis:prod_25:ldh_release,OASIS_batch8,absolute:variance_ratio_max:tighter,single32,variance_ratio_min,quantitative_fidelity,variance_ratio,0.9202373285960148,>=,0.5,0.5,False,True,True,False,measurement_required,True
oasis:prod_25:ldh_release,OASIS_batch8,absolute:variance_ratio_max:tighter,single32,variance_ratio_max,quantitative_fidelity,variance_ratio,0.9202373285960148,<=,1.45,1.5,True,True,True,False,measurement_required,True
oasis:prod_25:ldh_release,OASIS_batch8,relative:all gates:looser,joint4,recoverability_min,quantitative_fidelity,recoverability_r,0.5710933905508183,>=,0.63,0.7,True,False,False,False,ranking_proxy,True
oasis:prod_25:ldh_release,OASIS_batch8,relative:all gates:looser,joint4,magnitude_spearman_min,quantitative_and_ranking_fidelity,magnitude_spearman,0.6693573303337083,>=,0.63,0.7,True,True,False,True,ranking_proxy,True
oasis:prod_25:ldh_release,OASIS_batch8,relative:all gates:looser,joint4,top5pct_quantitative_min,quantitative_fidelity,top5pct_recall,0.5714285714285714,>=,0.54,0.6,True,True,False,True,ranking_proxy,True
oasis:prod_25:ldh_release,OASIS_batch8,relative:all gates:looser,joint4,top5pct_ranking_min,ranking_fidelity,top5pct_recall,0.5714285714285714,>=,0.45,0.5,True,True,True,False,ranking_proxy,True
oasis:prod_25:ldh_release,OASIS_batch8,relative:all gates:looser,joint4,reliability_min,reference_identifiability,reliability,0.4317914218459194,>=,0.27,0.3,True,True,True,False,ranking_proxy,True
oasis:prod_25:ldh_release,OASIS_batch8,relative:all gates:looser,joint4,measurement_recoverability_max_exclusive,measurement_required_eligibility_not_good_performance,recoverability_r,0.5710933905508183,<,0.54,0.6,True,False,True,True,ranking_proxy,True
oasis:prod_25:ldh_release,OASIS_batch8,relative:all gates:looser,joint4,variance_ratio_min,quantitative_fidelity,variance_ratio,0.9202373285960148,>=,0.45,0.5,True,True,True,False,ranking_proxy,True
oasis:prod_25:ldh_release,OASIS_batch8,relative:all gates:looser,joint4,variance_ratio_max,quantitative_fidelity,variance_ratio,0.9202373285960148,<=,1.65,1.5,True,True,True,False,ranking_proxy,True
oasis:prod_25:ldh_release,OASIS_batch8,relative:all gates:tighter,joint4,recoverability_min,quantitative_fidelity,recoverability_r,0.5710933905508183,>=,0.77,0.7,True,False,False,False,measurement_required,True
oasis:prod_25:ldh_release,OASIS_batch8,relative:all gates:tighter,joint4,magnitude_spearman_min,quantitative_and_ranking_fidelity,magnitude_spearman,0.6693573303337083,>=,0.77,0.7,True,False,False,False,measurement_required,True
oasis:prod_25:ldh_release,OASIS_batch8,relative:all gates:tighter,joint4,top5pct_quantitative_min,quantitative_fidelity,top5pct_recall,0.5714285714285714,>=,0.66,0.6,True,False,False,False,measurement_required,True
oasis:prod_25:ldh_release,OASIS_batch8,relative:all gates:tighter,joint4,top5pct_ranking_min,ranking_fidelity,top5pct_recall,0.5714285714285714,>=,0.55,0.5,True,True,True,False,measurement_required,True
oasis:prod_25:ldh_release,OASIS_batch8,relative:all gates:tighter,joint4,reliability_min,reference_identifiability,reliability,0.4317914218459194,>=,0.33,0.3,True,True,True,False,measurement_required,True
oasis:prod_25:ldh_release,OASIS_batch8,relative:all gates:tighter,joint4,measurement_recoverability_max_exclusive,measurement_required_eligibility_not_good_performance,recoverability_r,0.5710933905508183,<,0.66,0.6,True,True,True,False,measurement_required,True
oasis:prod_25:ldh_release,OASIS_batch8,relative:all gates:tighter,joint4,variance_ratio_min,quantitative_fidelity,variance_ratio,0.9202373285960148,>=,0.55,0.5,True,True,True,False,measurement_required,True
oasis:prod_25:ldh_release,OASIS_batch8,relative:all gates:tighter,joint4,variance_ratio_max,quantitative_fidelity,variance_ratio,0.9202373285960148,<=,1.35,1.5,True,True,True,False,measurement_required,True
oasis:prod_25:ldh_release,OASIS_batch8,relative:recoverability_min:looser,single32,recoverability_min,quantitative_fidelity,recoverability_r,0.5710933905508183,>=,0.63,0.7,True,False,False,False,measurement_required,True
oasis:prod_25:ldh_release,OASIS_batch8,relative:recoverability_min:looser,single32,magnitude_spearman_min,quantitative_and_ranking_fidelity,magnitude_spearman,0.6693573303337083,>=,0.7,0.7,False,False,False,False,measurement_required,True
oasis:prod_25:ldh_release,OASIS_batch8,relative:recoverability_min:looser,single32,top5pct_quantitative_min,quantitative_fidelity,top5pct_recall,0.5714285714285714,>=,0.6,0.6,False,False,False,False,measurement_required,True
oasis:prod_25:ldh_release,OASIS_batch8,relative:recoverability_min:looser,single32,top5pct_ranking_min,ranking_fidelity,top5pct_recall,0.5714285714285714,>=,0.5,0.5,False,True,True,False,measurement_required,True
oasis:prod_25:ldh_release,OASIS_batch8,relative:recoverability_min:looser,single32,reliability_min,reference_identifiability,reliability,0.4317914218459194,>=,0.3,0.3,False,True,True,False,measurement_required,True
oasis:prod_25:ldh_release,OASIS_batch8,relative:recoverability_min:looser,single32,measurement_recoverability_max_exclusive,measurement_required_eligibility_not_good_performance,recoverability_r,0.5710933905508183,<,0.6,0.6,False,True,True,False,measurement_required,True
oasis:prod_25:ldh_release,OASIS_batch8,relative:recoverability_min:looser,single32,variance_ratio_min,quantitative_fidelity,variance_ratio,0.9202373285960148,>=,0.5,0.5,False,True,True,False,measurement_required,True
oasis:prod_25:ldh_release,OASIS_batch8,relative:recoverability_min:looser,single32,variance_ratio_max,quantitative_fidelity,variance_ratio,0.9202373285960148,<=,1.5,1.5,False,True,True,False,measurement_required,True
oasis:prod_25:ldh_release,OASIS_batch8,relative:recoverability_min:tighter,single32,recoverability_min,quantitative_fidelity,recoverability_r,0.5710933905508183,>=,0.77,0.7,True,False,False,False,measurement_required,True
oasis:prod_25:ldh_release,OASIS_batch8,relative:recoverability_min:tighter,single32,magnitude_spearman_min,quantitative_and_ranking_fidelity,magnitude_spearman,0.6693573303337083,>=,0.7,0.7,False,False,False,False,measurement_required,True
oasis:prod_25:ldh_release,OASIS_batch8,relative:recoverability_min:tighter,single32,top5pct_quantitative_min,quantitative_fidelity,top5pct_recall,0.5714285714285714,>=,0.6,0.6,False,False,False,False,measurement_required,True
oasis:prod_25:ldh_release,OASIS_batch8,relative:recoverability_min:tighter,single32,top5pct_ranking_min,ranking_fidelity,top5pct_recall,0.5714285714285714,>=,0.5,0.5,False,True,True,False,measurement_required,True
oasis:prod_25:ldh_release,OASIS_batch8,relative:recoverability_min:tighter,single32,reliability_min,reference_identifiability,reliability,0.4317914218459194,>=,0.3,0.3,False,True,True,False,measurement_required,True
oasis:prod_25:ldh_release,OASIS_batch8,relative:recoverability_min:tighter,single32,measurement_recoverability_max_exclusive,measurement_required_eligibility_not_good_performance,recoverability_r,0.5710933905508183,<,0.6,0.6,False,True,True,False,measurement_required,True
oasis:prod_25:ldh_release,OASIS_batch8,relative:recoverability_min:tighter,single32,variance_ratio_min,quantitative_fidelity,variance_ratio,0.9202373285960148,>=,0.5,0.5,False,True,True,False,measurement_required,True
oasis:prod_25:ldh_release,OASIS_batch8,relative:recoverability_min:tighter,single32,variance_ratio_max,quantitative_fidelity,variance_ratio,0.9202373285960148,<=,1.5,1.5,False,True,True,False,measurement_required,True
oasis:prod_25:ldh_release,OASIS_batch8,relative:magnitude_spearman_min:looser,single32,recoverability_min,quantitative_fidelity,recoverability_r,0.5710933905508183,>=,0.7,0.7,False,False,False,False,ranking_proxy,True
oasis:prod_25:ldh_release,OASIS_batch8,relative:magnitude_spearman_min:looser,single32,magnitude_spearman_min,quantitative_and_ranking_fidelity,magnitude_spearman,0.6693573303337083,>=,0.63,0.7,True,True,False,True,ranking_proxy,True
oasis:prod_25:ldh_release,OASIS_batch8,relative:magnitude_spearman_min:looser,single32,top5pct_quantitative_min,quantitative_fidelity,top5pct_recall,0.5714285714285714,>=,0.6,0.6,False,False,False,False,ranking_proxy,True
oasis:prod_25:ldh_release,OASIS_batch8,relative:magnitude_spearman_min:looser,single32,top5pct_ranking_min,ranking_fidelity,top5pct_recall,0.5714285714285714,>=,0.5,0.5,False,True,True,False,ranking_proxy,True
oasis:prod_25:ldh_release,OASIS_batch8,relative:magnitude_spearman_min:looser,single32,reliability_min,reference_identifiability,reliability,0.4317914218459194,>=,0.3,0.3,False,True,True,False,ranking_proxy,True
oasis:prod_25:ldh_release,OASIS_batch8,relative:magnitude_spearman_min:looser,single32,measurement_recoverability_max_exclusive,measurement_required_eligibility_not_good_performance,recoverability_r,0.5710933905508183,<,0.6,0.6,False,True,True,False,ranking_proxy,True
oasis:prod_25:ldh_release,OASIS_batch8,relative:magnitude_spearman_min:looser,single32,variance_ratio_min,quantitative_fidelity,variance_ratio,0.9202373285960148,>=,0.5,0.5,False,True,True,False,ranking_proxy,True
oasis:prod_25:ldh_release,OASIS_batch8,relative:magnitude_spearman_min:looser,single32,variance_ratio_max,quantitative_fidelity,variance_ratio,0.9202373285960148,<=,1.5,1.5,False,True,True,False,ranking_proxy,True
oasis:prod_25:ldh_release,OASIS_batch8,relative:magnitude_spearman_min:tighter,single32,recoverability_min,quantitative_fidelity,recoverability_r,0.5710933905508183,>=,0.7,0.7,False,False,False,False,measurement_required,True
oasis:prod_25:ldh_release,OASIS_batch8,relative:magnitude_spearman_min:tighter,single32,magnitude_spearman_min,quantitative_and_ranking_fidelity,magnitude_spearman,0.6693573303337083,>=,0.77,0.7,True,False,False,False,measurement_required,True
oasis:prod_25:ldh_release,OASIS_batch8,relative:magnitude_spearman_min:tighter,single32,top5pct_quantitative_min,quantitative_fidelity,top5pct_recall,0.5714285714285714,>=,0.6,0.6,False,False,False,False,measurement_required,True
oasis:prod_25:ldh_release,OASIS_batch8,relative:magnitude_spearman_min:tighter,single32,top5pct_ranking_min,ranking_fidelity,top5pct_recall,0.5714285714285714,>=,0.5,0.5,False,True,True,False,measurement_required,True
oasis:prod_25:ldh_release,OASIS_batch8,relative:magnitude_spearman_min:tighter,single32,reliability_min,reference_identifiability,reliability,0.4317914218459194,>=,0.3,0.3,False,True,True,False,measurement_required,True
oasis:prod_25:ldh_release,OASIS_batch8,relative:magnitude_spearman_min:tighter,single32,measurement_recoverability_max_exclusive,measurement_required_eligibility_not_good_performance,recoverability_r,0.5710933905508183,<,0.6,0.6,False,True,True,False,measurement_required,True
oasis:prod_25:ldh_release,OASIS_batch8,relative:magnitude_spearman_min:tighter,single32,variance_ratio_min,quantitative_fidelity,variance_ratio,0.9202373285960148,>=,0.5,0.5,False,True,True,False,measurement_required,True
oasis:prod_25:ldh_release,OASIS_batch8,relative:magnitude_spearman_min:tighter,single32,variance_ratio_max,quantitative_fidelity,variance_ratio,0.9202373285960148,<=,1.5,1.5,False,True,True,False,measurement_required,True
oasis:prod_25:ldh_release,OASIS_batch8,relative:top5pct_quantitative_min:looser,single32,recoverability_min,quantitative_fidelity,recoverability_r,0.5710933905508183,>=,0.7,0.7,False,False,False,False,measurement_required,True
oasis:prod_25:ldh_release,OASIS_batch8,relative:top5pct_quantitative_min:looser,single32,magnitude_spearman_min,quantitative_and_ranking_fidelity,magnitude_spearman,0.6693573303337083,>=,0.7,0.7,False,False,False,False,measurement_required,True
oasis:prod_25:ldh_release,OASIS_batch8,relative:top5pct_quantitative_min:looser,single32,top5pct_quantitative_min,quantitative_fidelity,top5pct_recall,0.5714285714285714,>=,0.54,0.6,True,True,False,True,measurement_required,True
oasis:prod_25:ldh_release,OASIS_batch8,relative:top5pct_quantitative_min:looser,single32,top5pct_ranking_min,ranking_fidelity,top5pct_recall,0.5714285714285714,>=,0.5,0.5,False,True,True,False,measurement_required,True
oasis:prod_25:ldh_release,OASIS_batch8,relative:top5pct_quantitative_min:looser,single32,reliability_min,reference_identifiability,reliability,0.4317914218459194,>=,0.3,0.3,False,True,True,False,measurement_required,True
oasis:prod_25:ldh_release,OASIS_batch8,relative:top5pct_quantitative_min:looser,single32,measurement_recoverability_max_exclusive,measurement_required_eligibility_not_good_performance,recoverability_r,0.5710933905508183,<,0.6,0.6,False,True,True,False,measurement_required,True
oasis:prod_25:ldh_release,OASIS_batch8,relative:top5pct_quantitative_min:looser,single32,variance_ratio_min,quantitative_fidelity,variance_ratio,0.9202373285960148,>=,0.5,0.5,False,True,True,False,measurement_required,True
oasis:prod_25:ldh_release,OASIS_batch8,relative:top5pct_quantitative_min:looser,single32,variance_ratio_max,quantitative_fidelity,variance_ratio,0.9202373285960148,<=,1.5,1.5,False,True,True,False,measurement_required,True
oasis:prod_25:ldh_release,OASIS_batch8,relative:top5pct_quantitative_min:tighter,single32,recoverability_min,quantitative_fidelity,recoverability_r,0.5710933905508183,>=,0.7,0.7,False,False,False,False,measurement_required,True
oasis:prod_25:ldh_release,OASIS_batch8,relative:top5pct_quantitative_min:tighter,single32,magnitude_spearman_min,quantitative_and_ranking_fidelity,magnitude_spearman,0.6693573303337083,>=,0.7,0.7,False,False,False,False,measurement_required,True
oasis:prod_25:ldh_release,OASIS_batch8,relative:top5pct_quantitative_min:tighter,single32,top5pct_quantitative_min,quantitative_fidelity,top5pct_recall,0.5714285714285714,>=,0.66,0.6,True,False,False,False,measurement_required,True
oasis:prod_25:ldh_release,OASIS_batch8,relative:top5pct_quantitative_min:tighter,single32,top5pct_ranking_min,ranking_fidelity,top5pct_recall,0.5714285714285714,>=,0.5,0.5,False,True,True,False,measurement_required,True
oasis:prod_25:ldh_release,OASIS_batch8,relative:top5pct_quantitative_min:tighter,single32,reliability_min,reference_identifiability,reliability,0.4317914218459194,>=,0.3,0.3,False,True,True,False,measurement_required,True
oasis:prod_25:ldh_release,OASIS_batch8,relative:top5pct_quantitative_min:tighter,single32,measurement_recoverability_max_exclusive,measurement_required_eligibility_not_good_performance,recoverability_r,0.5710933905508183,<,0.6,0.6,False,True,True,False,measurement_required,True
oasis:prod_25:ldh_release,OASIS_batch8,relative:top5pct_quantitative_min:tighter,single32,variance_ratio_min,quantitative_fidelity,variance_ratio,0.9202373285960148,>=,0.5,0.5,False,True,True,False,measurement_required,True
oasis:prod_25:ldh_release,OASIS_batch8,relative:top5pct_quantitative_min:tighter,single32,variance_ratio_max,quantitative_fidelity,variance_ratio,0.9202373285960148,<=,1.5,1.5,False,True,True,False,measurement_required,True
oasis:prod_25:ldh_release,OASIS_batch8,relative:top5pct_ranking_min:looser,single32,recoverability_min,quantitative_fidelity,recoverability_r,0.5710933905508183,>=,0.7,0.7,False,False,False,False,measurement_required,True
oasis:prod_25:ldh_release,OASIS_batch8,relative:top5pct_ranking_min:looser,single32,magnitude_spearman_min,quantitative_and_ranking_fidelity,magnitude_spearman,0.6693573303337083,>=,0.7,0.7,False,False,False,False,measurement_required,True
oasis:prod_25:ldh_release,OASIS_batch8,relative:top5pct_ranking_min:looser,single32,top5pct_quantitative_min,quantitative_fidelity,top5pct_recall,0.5714285714285714,>=,0.6,0.6,False,False,False,False,measurement_required,True
oasis:prod_25:ldh_release,OASIS_batch8,relative:top5pct_ranking_min:looser,single32,top5pct_ranking_min,ranking_fidelity,top5pct_recall,0.5714285714285714,>=,0.45,0.5,True,True,True,False,measurement_required,True
oasis:prod_25:ldh_release,OASIS_batch8,relative:top5pct_ranking_min:looser,single32,reliability_min,reference_identifiability,reliability,0.4317914218459194,>=,0.3,0.3,False,True,True,False,measurement_required,True
oasis:prod_25:ldh_release,OASIS_batch8,relative:top5pct_ranking_min:looser,single32,measurement_recoverability_max_exclusive,measurement_required_eligibility_not_good_performance,recoverability_r,0.5710933905508183,<,0.6,0.6,False,True,True,False,measurement_required,True
oasis:prod_25:ldh_release,OASIS_batch8,relative:top5pct_ranking_min:looser,single32,variance_ratio_min,quantitative_fidelity,variance_ratio,0.9202373285960148,>=,0.5,0.5,False,True,True,False,measurement_required,True
oasis:prod_25:ldh_release,OASIS_batch8,relative:top5pct_ranking_min:looser,single32,variance_ratio_max,quantitative_fidelity,variance_ratio,0.9202373285960148,<=,1.5,1.5,False,True,True,False,measurement_required,True
oasis:prod_25:ldh_release,OASIS_batch8,relative:top5pct_ranking_min:tighter,single32,recoverability_min,quantitative_fidelity,recoverability_r,0.5710933905508183,>=,0.7,0.7,False,False,False,False,measurement_required,True
oasis:prod_25:ldh_release,OASIS_batch8,relative:top5pct_ranking_min:tighter,single32,magnitude_spearman_min,quantitative_and_ranking_fidelity,magnitude_spearman,0.6693573303337083,>=,0.7,0.7,False,False,False,False,measurement_required,True
oasis:prod_25:ldh_release,OASIS_batch8,relative:top5pct_ranking_min:tighter,single32,top5pct_quantitative_min,quantitative_fidelity,top5pct_recall,0.5714285714285714,>=,0.6,0.6,False,False,False,False,measurement_required,True
oasis:prod_25:ldh_release,OASIS_batch8,relative:top5pct_ranking_min:tighter,single32,top5pct_ranking_min,ranking_fidelity,top5pct_recall,0.5714285714285714,>=,0.55,0.5,True,True,True,False,measurement_required,True
oasis:prod_25:ldh_release,OASIS_batch8,relative:top5pct_ranking_min:tighter,single32,reliability_min,reference_identifiability,reliability,0.4317914218459194,>=,0.3,0.3,False,True,True,False,measurement_required,True
oasis:prod_25:ldh_release,OASIS_batch8,relative:top5pct_ranking_min:tighter,single32,measurement_recoverability_max_exclusive,measurement_required_eligibility_not_good_performance,recoverability_r,0.5710933905508183,<,0.6,0.6,False,True,True,False,measurement_required,True
oasis:prod_25:ldh_release,OASIS_batch8,relative:top5pct_ranking_min:tighter,single32,variance_ratio_min,quantitative_fidelity,variance_ratio,0.9202373285960148,>=,0.5,0.5,False,True,True,False,measurement_required,True
oasis:prod_25:ldh_release,OASIS_batch8,relative:top5pct_ranking_min:tighter,single32,variance_ratio_max,quantitative_fidelity,variance_ratio,0.9202373285960148,<=,1.5,1.5,False,True,True,False,measurement_required,True
oasis:prod_25:ldh_release,OASIS_batch8,relative:reliability_min:looser,single32,recoverability_min,quantitative_fidelity,recoverability_r,0.5710933905508183,>=,0.7,0.7,False,False,False,False,measurement_required,True
oasis:prod_25:ldh_release,OASIS_batch8,relative:reliability_min:looser,single32,magnitude_spearman_min,quantitative_and_ranking_fidelity,magnitude_spearman,0.6693573303337083,>=,0.7,0.7,False,False,False,False,measurement_required,True
oasis:prod_25:ldh_release,OASIS_batch8,relative:reliability_min:looser,single32,top5pct_quantitative_min,quantitative_fidelity,top5pct_recall,0.5714285714285714,>=,0.6,0.6,False,False,False,False,measurement_required,True
oasis:prod_25:ldh_release,OASIS_batch8,relative:reliability_min:looser,single32,top5pct_ranking_min,ranking_fidelity,top5pct_recall,0.5714285714285714,>=,0.5,0.5,False,True,True,False,measurement_required,True
oasis:prod_25:ldh_release,OASIS_batch8,relative:reliability_min:looser,single32,reliability_min,reference_identifiability,reliability,0.4317914218459194,>=,0.27,0.3,True,True,True,False,measurement_required,True
oasis:prod_25:ldh_release,OASIS_batch8,relative:reliability_min:looser,single32,measurement_recoverability_max_exclusive,measurement_required_eligibility_not_good_performance,recoverability_r,0.5710933905508183,<,0.6,0.6,False,True,True,False,measurement_required,True
oasis:prod_25:ldh_release,OASIS_batch8,relative:reliability_min:looser,single32,variance_ratio_min,quantitative_fidelity,variance_ratio,0.9202373285960148,>=,0.5,0.5,False,True,True,False,measurement_required,True
oasis:prod_25:ldh_release,OASIS_batch8,relative:reliability_min:looser,single32,variance_ratio_max,quantitative_fidelity,variance_ratio,0.9202373285960148,<=,1.5,1.5,False,True,True,False,measurement_required,True
oasis:prod_25:ldh_release,OASIS_batch8,relative:reliability_min:tighter,single32,recoverability_min,quantitative_fidelity,recoverability_r,0.5710933905508183,>=,0.7,0.7,False,False,False,False,measurement_required,True
oasis:prod_25:ldh_release,OASIS_batch8,relative:reliability_min:tighter,single32,magnitude_spearman_min,quantitative_and_ranking_fidelity,magnitude_spearman,0.6693573303337083,>=,0.7,0.7,False,False,False,False,measurement_required,True
oasis:prod_25:ldh_release,OASIS_batch8,relative:reliability_min:tighter,single32,top5pct_quantitative_min,quantitative_fidelity,top5pct_recall,0.5714285714285714,>=,0.6,0.6,False,False,False,False,measurement_required,True
oasis:prod_25:ldh_release,OASIS_batch8,relative:reliability_min:tighter,single32,top5pct_ranking_min,ranking_fidelity,top5pct_recall,0.5714285714285714,>=,0.5,0.5,False,True,True,False,measurement_required,True
oasis:prod_25:ldh_release,OASIS_batch8,relative:reliability_min:tighter,single32,reliability_min,reference_identifiability,reliability,0.4317914218459194,>=,0.33,0.3,True,True,True,False,measurement_required,True
oasis:prod_25:ldh_release,OASIS_batch8,relative:reliability_min:tighter,single32,measurement_recoverability_max_exclusive,measurement_required_eligibility_not_good_performance,recoverability_r,0.5710933905508183,<,0.6,0.6,False,True,True,False,measurement_required,True
oasis:prod_25:ldh_release,OASIS_batch8,relative:reliability_min:tighter,single32,variance_ratio_min,quantitative_fidelity,variance_ratio,0.9202373285960148,>=,0.5,0.5,False,True,True,False,measurement_required,True
oasis:prod_25:ldh_release,OASIS_batch8,relative:reliability_min:tighter,single32,variance_ratio_max,quantitative_fidelity,variance_ratio,0.9202373285960148,<=,1.5,1.5,False,True,True,False,measurement_required,True
oasis:prod_25:ldh_release,OASIS_batch8,relative:measurement_recoverability_max_exclusive:looser,single32,recoverability_min,quantitative_fidelity,recoverability_r,0.5710933905508183,>=,0.7,0.7,False,False,False,False,unresolved,True
oasis:prod_25:ldh_release,OASIS_batch8,relative:measurement_recoverability_max_exclusive:looser,single32,magnitude_spearman_min,quantitative_and_ranking_fidelity,magnitude_spearman,0.6693573303337083,>=,0.7,0.7,False,False,False,False,unresolved,True
oasis:prod_25:ldh_release,OASIS_batch8,relative:measurement_recoverability_max_exclusive:looser,single32,top5pct_quantitative_min,quantitative_fidelity,top5pct_recall,0.5714285714285714,>=,0.6,0.6,False,False,False,False,unresolved,True
oasis:prod_25:ldh_release,OASIS_batch8,relative:measurement_recoverability_max_exclusive:looser,single32,top5pct_ranking_min,ranking_fidelity,top5pct_recall,0.5714285714285714,>=,0.5,0.5,False,True,True,False,unresolved,True
oasis:prod_25:ldh_release,OASIS_batch8,relative:measurement_recoverability_max_exclusive:looser,single32,reliability_min,reference_identifiability,reliability,0.4317914218459194,>=,0.3,0.3,False,True,True,False,unresolved,True
oasis:prod_25:ldh_release,OASIS_batch8,relative:measurement_recoverability_max_exclusive:looser,single32,measurement_recoverability_max_exclusive,measurement_required_eligibility_not_good_performance,recoverability_r,0.5710933905508183,<,0.54,0.6,True,False,True,True,unresolved,True
oasis:prod_25:ldh_release,OASIS_batch8,relative:measurement_recoverability_max_exclusive:looser,single32,variance_ratio_min,quantitative_fidelity,variance_ratio,0.9202373285960148,>=,0.5,0.5,False,True,True,False,unresolved,True
oasis:prod_25:ldh_release,OASIS_batch8,relative:measurement_recoverability_max_exclusive:looser,single32,variance_ratio_max,quantitative_fidelity,variance_ratio,0.9202373285960148,<=,1.5,1.5,False,True,True,False,unresolved,True
oasis:prod_25:ldh_release,OASIS_batch8,relative:measurement_recoverability_max_exclusive:tighter,single32,recoverability_min,quantitative_fidelity,recoverability_r,0.5710933905508183,>=,0.7,0.7,False,False,False,False,measurement_required,True
oasis:prod_25:ldh_release,OASIS_batch8,relative:measurement_recoverability_max_exclusive:tighter,single32,magnitude_spearman_min,quantitative_and_ranking_fidelity,magnitude_spearman,0.6693573303337083,>=,0.7,0.7,False,False,False,False,measurement_required,True
oasis:prod_25:ldh_release,OASIS_batch8,relative:measurement_recoverability_max_exclusive:tighter,single32,top5pct_quantitative_min,quantitative_fidelity,top5pct_recall,0.5714285714285714,>=,0.6,0.6,False,False,False,False,measurement_required,True
oasis:prod_25:ldh_release,OASIS_batch8,relative:measurement_recoverability_max_exclusive:tighter,single32,top5pct_ranking_min,ranking_fidelity,top5pct_recall,0.5714285714285714,>=,0.5,0.5,False,True,True,False,measurement_required,True
oasis:prod_25:ldh_release,OASIS_batch8,relative:measurement_recoverability_max_exclusive:tighter,single32,reliability_min,reference_identifiability,reliability,0.4317914218459194,>=,0.3,0.3,False,True,True,False,measurement_required,True
oasis:prod_25:ldh_release,OASIS_batch8,relative:measurement_recoverability_max_exclusive:tighter,single32,measurement_recoverability_max_exclusive,measurement_required_eligibility_not_good_performance,recoverability_r,0.5710933905508183,<,0.66,0.6,True,True,True,False,measurement_required,True
oasis:prod_25:ldh_release,OASIS_batch8,relative:measurement_recoverability_max_exclusive:tighter,single32,variance_ratio_min,quantitative_fidelity,variance_ratio,0.9202373285960148,>=,0.5,0.5,False,True,True,False,measurement_required,True
oasis:prod_25:ldh_release,OASIS_batch8,relative:measurement_recoverability_max_exclusive:tighter,single32,variance_ratio_max,quantitative_fidelity,variance_ratio,0.9202373285960148,<=,1.5,1.5,False,True,True,False,measurement_required,True
oasis:prod_25:ldh_release,OASIS_batch8,relative:variance_ratio_min:looser,single32,recoverability_min,quantitative_fidelity,recoverability_r,0.5710933905508183,>=,0.7,0.7,False,False,False,False,measurement_required,True
oasis:prod_25:ldh_release,OASIS_batch8,relative:variance_ratio_min:looser,single32,magnitude_spearman_min,quantitative_and_ranking_fidelity,magnitude_spearman,0.6693573303337083,>=,0.7,0.7,False,False,False,False,measurement_required,True
oasis:prod_25:ldh_release,OASIS_batch8,relative:variance_ratio_min:looser,single32,top5pct_quantitative_min,quantitative_fidelity,top5pct_recall,0.5714285714285714,>=,0.6,0.6,False,False,False,False,measurement_required,True
oasis:prod_25:ldh_release,OASIS_batch8,relative:variance_ratio_min:looser,single32,top5pct_ranking_min,ranking_fidelity,top5pct_recall,0.5714285714285714,>=,0.5,0.5,False,True,True,False,measurement_required,True
oasis:prod_25:ldh_release,OASIS_batch8,relative:variance_ratio_min:looser,single32,reliability_min,reference_identifiability,reliability,0.4317914218459194,>=,0.3,0.3,False,True,True,False,measurement_required,True
oasis:prod_25:ldh_release,OASIS_batch8,relative:variance_ratio_min:looser,single32,measurement_recoverability_max_exclusive,measurement_required_eligibility_not_good_performance,recoverability_r,0.5710933905508183,<,0.6,0.6,False,True,True,False,measurement_required,True
oasis:prod_25:ldh_release,OASIS_batch8,relative:variance_ratio_min:looser,single32,variance_ratio_min,quantitative_fidelity,variance_ratio,0.9202373285960148,>=,0.45,0.5,True,True,True,False,measurement_required,True
oasis:prod_25:ldh_release,OASIS_batch8,relative:variance_ratio_min:looser,single32,variance_ratio_max,quantitative_fidelity,variance_ratio,0.9202373285960148,<=,1.5,1.5,False,True,True,False,measurement_required,True
oasis:prod_25:ldh_release,OASIS_batch8,relative:variance_ratio_min:tighter,single32,recoverability_min,quantitative_fidelity,recoverability_r,0.5710933905508183,>=,0.7,0.7,False,False,False,False,measurement_required,True
oasis:prod_25:ldh_release,OASIS_batch8,relative:variance_ratio_min:tighter,single32,magnitude_spearman_min,quantitative_and_ranking_fidelity,magnitude_spearman,0.6693573303337083,>=,0.7,0.7,False,False,False,False,measurement_required,True
oasis:prod_25:ldh_release,OASIS_batch8,relative:variance_ratio_min:tighter,single32,top5pct_quantitative_min,quantitative_fidelity,top5pct_recall,0.5714285714285714,>=,0.6,0.6,False,False,False,False,measurement_required,True
oasis:prod_25:ldh_release,OASIS_batch8,relative:variance_ratio_min:tighter,single32,top5pct_ranking_min,ranking_fidelity,top5pct_recall,0.5714285714285714,>=,0.5,0.5,False,True,True,False,measurement_required,True
oasis:prod_25:ldh_release,OASIS_batch8,relative:variance_ratio_min:tighter,single32,reliability_min,reference_identifiability,reliability,0.4317914218459194,>=,0.3,0.3,False,True,True,False,measurement_required,True
oasis:prod_25:ldh_release,OASIS_batch8,relative:variance_ratio_min:tighter,single32,measurement_recoverability_max_exclusive,measurement_required_eligibility_not_good_performance,recoverability_r,0.5710933905508183,<,0.6,0.6,False,True,True,False,measurement_required,True
oasis:prod_25:ldh_release,OASIS_batch8,relative:variance_ratio_min:tighter,single32,variance_ratio_min,quantitative_fidelity,variance_ratio,0.9202373285960148,>=,0.55,0.5,True,True,True,False,measurement_required,True
oasis:prod_25:ldh_release,OASIS_batch8,relative:variance_ratio_min:tighter,single32,variance_ratio_max,quantitative_fidelity,variance_ratio,0.9202373285960148,<=,1.5,1.5,False,True,True,False,measurement_required,True
oasis:prod_25:ldh_release,OASIS_batch8,relative:variance_ratio_max:looser,single32,recoverability_min,quantitative_fidelity,recoverability_r,0.5710933905508183,>=,0.7,0.7,False,False,False,False,measurement_required,True
oasis:prod_25:ldh_release,OASIS_batch8,relative:variance_ratio_max:looser,single32,magnitude_spearman_min,quantitative_and_ranking_fidelity,magnitude_spearman,0.6693573303337083,>=,0.7,0.7,False,False,False,False,measurement_required,True
oasis:prod_25:ldh_release,OASIS_batch8,relative:variance_ratio_max:looser,single32,top5pct_quantitative_min,quantitative_fidelity,top5pct_recall,0.5714285714285714,>=,0.6,0.6,False,False,False,False,measurement_required,True
oasis:prod_25:ldh_release,OASIS_batch8,relative:variance_ratio_max:looser,single32,top5pct_ranking_min,ranking_fidelity,top5pct_recall,0.5714285714285714,>=,0.5,0.5,False,True,True,False,measurement_required,True
oasis:prod_25:ldh_release,OASIS_batch8,relative:variance_ratio_max:looser,single32,reliability_min,reference_identifiability,reliability,0.4317914218459194,>=,0.3,0.3,False,True,True,False,measurement_required,True
oasis:prod_25:ldh_release,OASIS_batch8,relative:variance_ratio_max:looser,single32,measurement_recoverability_max_exclusive,measurement_required_eligibility_not_good_performance,recoverability_r,0.5710933905508183,<,0.6,0.6,False,True,True,False,measurement_required,True
oasis:prod_25:ldh_release,OASIS_batch8,relative:variance_ratio_max:looser,single32,variance_ratio_min,quantitative_fidelity,variance_ratio,0.9202373285960148,>=,0.5,0.5,False,True,True,False,measurement_required,True
oasis:prod_25:ldh_release,OASIS_batch8,relative:variance_ratio_max:looser,single32,variance_ratio_max,quantitative_fidelity,variance_ratio,0.9202373285960148,<=,1.65,1.5,True,True,True,False,measurement_required,True
oasis:prod_25:ldh_release,OASIS_batch8,relative:variance_ratio_max:tighter,single32,recoverability_min,quantitative_fidelity,recoverability_r,0.5710933905508183,>=,0.7,0.7,False,False,False,False,measurement_required,True
oasis:prod_25:ldh_release,OASIS_batch8,relative:variance_ratio_max:tighter,single32,magnitude_spearman_min,quantitative_and_ranking_fidelity,magnitude_spearman,0.6693573303337083,>=,0.7,0.7,False,False,False,False,measurement_required,True
oasis:prod_25:ldh_release,OASIS_batch8,relative:variance_ratio_max:tighter,single32,top5pct_quantitative_min,quantitative_fidelity,top5pct_recall,0.5714285714285714,>=,0.6,0.6,False,False,False,False,measurement_required,True
oasis:prod_25:ldh_release,OASIS_batch8,relative:variance_ratio_max:tighter,single32,top5pct_ranking_min,ranking_fidelity,top5pct_recall,0.5714285714285714,>=,0.5,0.5,False,True,True,False,measurement_required,True
oasis:prod_25:ldh_release,OASIS_batch8,relative:variance_ratio_max:tighter,single32,reliability_min,reference_identifiability,reliability,0.4317914218459194,>=,0.3,0.3,False,True,True,False,measurement_required,True
oasis:prod_25:ldh_release,OASIS_batch8,relative:variance_ratio_max:tighter,single32,measurement_recoverability_max_exclusive,measurement_required_eligibility_not_good_performance,recoverability_r,0.5710933905508183,<,0.6,0.6,False,True,True,False,measurement_required,True
oasis:prod_25:ldh_release,OASIS_batch8,relative:variance_ratio_max:tighter,single32,variance_ratio_min,quantitative_fidelity,variance_ratio,0.9202373285960148,>=,0.5,0.5,False,True,True,False,measurement_required,True
oasis:prod_25:ldh_release,OASIS_batch8,relative:variance_ratio_max:tighter,single32,variance_ratio_max,quantitative_fidelity,variance_ratio,0.9202373285960148,<=,1.35,1.5,True,True,True,False,measurement_required,True
oasis:prod_26:mtt_viability,OASIS_batch8,baseline,baseline,recoverability_min,quantitative_fidelity,recoverability_r,0.8300868070157964,>=,0.7,0.7,False,True,True,False,unresolved,True
oasis:prod_26:mtt_viability,OASIS_batch8,baseline,baseline,magnitude_spearman_min,quantitative_and_ranking_fidelity,magnitude_spearman,0.6322211981566819,>=,0.7,0.7,False,False,False,False,unresolved,True
oasis:prod_26:mtt_viability,OASIS_batch8,baseline,baseline,top5pct_quantitative_min,quantitative_fidelity,top5pct_recall,0.8571428571428571,>=,0.6,0.6,False,True,True,False,unresolved,True
oasis:prod_26:mtt_viability,OASIS_batch8,baseline,baseline,top5pct_ranking_min,ranking_fidelity,top5pct_recall,0.8571428571428571,>=,0.5,0.5,False,True,True,False,unresolved,True
oasis:prod_26:mtt_viability,OASIS_batch8,baseline,baseline,reliability_min,reference_identifiability,reliability,0.6113974863478906,>=,0.3,0.3,False,True,True,False,unresolved,True
oasis:prod_26:mtt_viability,OASIS_batch8,baseline,baseline,measurement_recoverability_max_exclusive,measurement_required_eligibility_not_good_performance,recoverability_r,0.8300868070157964,<,0.6,0.6,False,False,False,False,unresolved,True
oasis:prod_26:mtt_viability,OASIS_batch8,baseline,baseline,variance_ratio_min,quantitative_fidelity,variance_ratio,0.9621864532826164,>=,0.5,0.5,False,True,True,False,unresolved,True
oasis:prod_26:mtt_viability,OASIS_batch8,baseline,baseline,variance_ratio_max,quantitative_fidelity,variance_ratio,0.9621864532826164,<=,1.5,1.5,False,True,True,False,unresolved,True
oasis:prod_26:mtt_viability,OASIS_batch8,absolute:all gates:looser,joint4,recoverability_min,quantitative_fidelity,recoverability_r,0.8300868070157964,>=,0.65,0.7,True,True,True,False,unresolved,True
oasis:prod_26:mtt_viability,OASIS_batch8,absolute:all gates:looser,joint4,magnitude_spearman_min,quantitative_and_ranking_fidelity,magnitude_spearman,0.6322211981566819,>=,0.65,0.7,True,False,False,False,unresolved,True
oasis:prod_26:mtt_viability,OASIS_batch8,absolute:all gates:looser,joint4,top5pct_quantitative_min,quantitative_fidelity,top5pct_recall,0.8571428571428571,>=,0.55,0.6,True,True,True,False,unresolved,True
oasis:prod_26:mtt_viability,OASIS_batch8,absolute:all gates:looser,joint4,top5pct_ranking_min,ranking_fidelity,top5pct_recall,0.8571428571428571,>=,0.45,0.5,True,True,True,False,unresolved,True
oasis:prod_26:mtt_viability,OASIS_batch8,absolute:all gates:looser,joint4,reliability_min,reference_identifiability,reliability,0.6113974863478906,>=,0.25,0.3,True,True,True,False,unresolved,True
oasis:prod_26:mtt_viability,OASIS_batch8,absolute:all gates:looser,joint4,measurement_recoverability_max_exclusive,measurement_required_eligibility_not_good_performance,recoverability_r,0.8300868070157964,<,0.55,0.6,True,False,False,False,unresolved,True
oasis:prod_26:mtt_viability,OASIS_batch8,absolute:all gates:looser,joint4,variance_ratio_min,quantitative_fidelity,variance_ratio,0.9621864532826164,>=,0.45,0.5,True,True,True,False,unresolved,True
oasis:prod_26:mtt_viability,OASIS_batch8,absolute:all gates:looser,joint4,variance_ratio_max,quantitative_fidelity,variance_ratio,0.9621864532826164,<=,1.55,1.5,True,True,True,False,unresolved,True
oasis:prod_26:mtt_viability,OASIS_batch8,absolute:all gates:tighter,joint4,recoverability_min,quantitative_fidelity,recoverability_r,0.8300868070157964,>=,0.75,0.7,True,True,True,False,unresolved,True
oasis:prod_26:mtt_viability,OASIS_batch8,absolute:all gates:tighter,joint4,magnitude_spearman_min,quantitative_and_ranking_fidelity,magnitude_spearman,0.6322211981566819,>=,0.75,0.7,True,False,False,False,unresolved,True
oasis:prod_26:mtt_viability,OASIS_batch8,absolute:all gates:tighter,joint4,top5pct_quantitative_min,quantitative_fidelity,top5pct_recall,0.8571428571428571,>=,0.65,0.6,True,True,True,False,unresolved,True
oasis:prod_26:mtt_viability,OASIS_batch8,absolute:all gates:tighter,joint4,top5pct_ranking_min,ranking_fidelity,top5pct_recall,0.8571428571428571,>=,0.55,0.5,True,True,True,False,unresolved,True
oasis:prod_26:mtt_viability,OASIS_batch8,absolute:all gates:tighter,joint4,reliability_min,reference_identifiability,reliability,0.6113974863478906,>=,0.35,0.3,True,True,True,False,unresolved,True
oasis:prod_26:mtt_viability,OASIS_batch8,absolute:all gates:tighter,joint4,measurement_recoverability_max_exclusive,measurement_required_eligibility_not_good_performance,recoverability_r,0.8300868070157964,<,0.65,0.6,True,False,False,False,unresolved,True
oasis:prod_26:mtt_viability,OASIS_batch8,absolute:all gates:tighter,joint4,variance_ratio_min,quantitative_fidelity,variance_ratio,0.9621864532826164,>=,0.55,0.5,True,True,True,False,unresolved,True
oasis:prod_26:mtt_viability,OASIS_batch8,absolute:all gates:tighter,joint4,variance_ratio_max,quantitative_fidelity,variance_ratio,0.9621864532826164,<=,1.45,1.5,True,True,True,False,unresolved,True
oasis:prod_26:mtt_viability,OASIS_batch8,absolute:recoverability_min:looser,single32,recoverability_min,quantitative_fidelity,recoverability_r,0.8300868070157964,>=,0.65,0.7,True,True,True,False,unresolved,True
oasis:prod_26:mtt_viability,OASIS_batch8,absolute:recoverability_min:looser,single32,magnitude_spearman_min,quantitative_and_ranking_fidelity,magnitude_spearman,0.6322211981566819,>=,0.7,0.7,False,False,False,False,unresolved,True
oasis:prod_26:mtt_viability,OASIS_batch8,absolute:recoverability_min:looser,single32,top5pct_quantitative_min,quantitative_fidelity,top5pct_recall,0.8571428571428571,>=,0.6,0.6,False,True,True,False,unresolved,True
oasis:prod_26:mtt_viability,OASIS_batch8,absolute:recoverability_min:looser,single32,top5pct_ranking_min,ranking_fidelity,top5pct_recall,0.8571428571428571,>=,0.5,0.5,False,True,True,False,unresolved,True
oasis:prod_26:mtt_viability,OASIS_batch8,absolute:recoverability_min:looser,single32,reliability_min,reference_identifiability,reliability,0.6113974863478906,>=,0.3,0.3,False,True,True,False,unresolved,True
oasis:prod_26:mtt_viability,OASIS_batch8,absolute:recoverability_min:looser,single32,measurement_recoverability_max_exclusive,measurement_required_eligibility_not_good_performance,recoverability_r,0.8300868070157964,<,0.6,0.6,False,False,False,False,unresolved,True
oasis:prod_26:mtt_viability,OASIS_batch8,absolute:recoverability_min:looser,single32,variance_ratio_min,quantitative_fidelity,variance_ratio,0.9621864532826164,>=,0.5,0.5,False,True,True,False,unresolved,True
oasis:prod_26:mtt_viability,OASIS_batch8,absolute:recoverability_min:looser,single32,variance_ratio_max,quantitative_fidelity,variance_ratio,0.9621864532826164,<=,1.5,1.5,False,True,True,False,unresolved,True
oasis:prod_26:mtt_viability,OASIS_batch8,absolute:recoverability_min:tighter,single32,recoverability_min,quantitative_fidelity,recoverability_r,0.8300868070157964,>=,0.75,0.7,True,True,True,False,unresolved,True
oasis:prod_26:mtt_viability,OASIS_batch8,absolute:recoverability_min:tighter,single32,magnitude_spearman_min,quantitative_and_ranking_fidelity,magnitude_spearman,0.6322211981566819,>=,0.7,0.7,False,False,False,False,unresolved,True
oasis:prod_26:mtt_viability,OASIS_batch8,absolute:recoverability_min:tighter,single32,top5pct_quantitative_min,quantitative_fidelity,top5pct_recall,0.8571428571428571,>=,0.6,0.6,False,True,True,False,unresolved,True
oasis:prod_26:mtt_viability,OASIS_batch8,absolute:recoverability_min:tighter,single32,top5pct_ranking_min,ranking_fidelity,top5pct_recall,0.8571428571428571,>=,0.5,0.5,False,True,True,False,unresolved,True
oasis:prod_26:mtt_viability,OASIS_batch8,absolute:recoverability_min:tighter,single32,reliability_min,reference_identifiability,reliability,0.6113974863478906,>=,0.3,0.3,False,True,True,False,unresolved,True
oasis:prod_26:mtt_viability,OASIS_batch8,absolute:recoverability_min:tighter,single32,measurement_recoverability_max_exclusive,measurement_required_eligibility_not_good_performance,recoverability_r,0.8300868070157964,<,0.6,0.6,False,False,False,False,unresolved,True
oasis:prod_26:mtt_viability,OASIS_batch8,absolute:recoverability_min:tighter,single32,variance_ratio_min,quantitative_fidelity,variance_ratio,0.9621864532826164,>=,0.5,0.5,False,True,True,False,unresolved,True
oasis:prod_26:mtt_viability,OASIS_batch8,absolute:recoverability_min:tighter,single32,variance_ratio_max,quantitative_fidelity,variance_ratio,0.9621864532826164,<=,1.5,1.5,False,True,True,False,unresolved,True
oasis:prod_26:mtt_viability,OASIS_batch8,absolute:magnitude_spearman_min:looser,single32,recoverability_min,quantitative_fidelity,recoverability_r,0.8300868070157964,>=,0.7,0.7,False,True,True,False,unresolved,True
oasis:prod_26:mtt_viability,OASIS_batch8,absolute:magnitude_spearman_min:looser,single32,magnitude_spearman_min,quantitative_and_ranking_fidelity,magnitude_spearman,0.6322211981566819,>=,0.65,0.7,True,False,False,False,unresolved,True
oasis:prod_26:mtt_viability,OASIS_batch8,absolute:magnitude_spearman_min:looser,single32,top5pct_quantitative_min,quantitative_fidelity,top5pct_recall,0.8571428571428571,>=,0.6,0.6,False,True,True,False,unresolved,True
oasis:prod_26:mtt_viability,OASIS_batch8,absolute:magnitude_spearman_min:looser,single32,top5pct_ranking_min,ranking_fidelity,top5pct_recall,0.8571428571428571,>=,0.5,0.5,False,True,True,False,unresolved,True
oasis:prod_26:mtt_viability,OASIS_batch8,absolute:magnitude_spearman_min:looser,single32,reliability_min,reference_identifiability,reliability,0.6113974863478906,>=,0.3,0.3,False,True,True,False,unresolved,True
oasis:prod_26:mtt_viability,OASIS_batch8,absolute:magnitude_spearman_min:looser,single32,measurement_recoverability_max_exclusive,measurement_required_eligibility_not_good_performance,recoverability_r,0.8300868070157964,<,0.6,0.6,False,False,False,False,unresolved,True
oasis:prod_26:mtt_viability,OASIS_batch8,absolute:magnitude_spearman_min:looser,single32,variance_ratio_min,quantitative_fidelity,variance_ratio,0.9621864532826164,>=,0.5,0.5,False,True,True,False,unresolved,True
oasis:prod_26:mtt_viability,OASIS_batch8,absolute:magnitude_spearman_min:looser,single32,variance_ratio_max,quantitative_fidelity,variance_ratio,0.9621864532826164,<=,1.5,1.5,False,True,True,False,unresolved,True
oasis:prod_26:mtt_viability,OASIS_batch8,absolute:magnitude_spearman_min:tighter,single32,recoverability_min,quantitative_fidelity,recoverability_r,0.8300868070157964,>=,0.7,0.7,False,True,True,False,unresolved,True
oasis:prod_26:mtt_viability,OASIS_batch8,absolute:magnitude_spearman_min:tighter,single32,magnitude_spearman_min,quantitative_and_ranking_fidelity,magnitude_spearman,0.6322211981566819,>=,0.75,0.7,True,False,False,False,unresolved,True
oasis:prod_26:mtt_viability,OASIS_batch8,absolute:magnitude_spearman_min:tighter,single32,top5pct_quantitative_min,quantitative_fidelity,top5pct_recall,0.8571428571428571,>=,0.6,0.6,False,True,True,False,unresolved,True
oasis:prod_26:mtt_viability,OASIS_batch8,absolute:magnitude_spearman_min:tighter,single32,top5pct_ranking_min,ranking_fidelity,top5pct_recall,0.8571428571428571,>=,0.5,0.5,False,True,True,False,unresolved,True
oasis:prod_26:mtt_viability,OASIS_batch8,absolute:magnitude_spearman_min:tighter,single32,reliability_min,reference_identifiability,reliability,0.6113974863478906,>=,0.3,0.3,False,True,True,False,unresolved,True
oasis:prod_26:mtt_viability,OASIS_batch8,absolute:magnitude_spearman_min:tighter,single32,measurement_recoverability_max_exclusive,measurement_required_eligibility_not_good_performance,recoverability_r,0.8300868070157964,<,0.6,0.6,False,False,False,False,unresolved,True
oasis:prod_26:mtt_viability,OASIS_batch8,absolute:magnitude_spearman_min:tighter,single32,variance_ratio_min,quantitative_fidelity,variance_ratio,0.9621864532826164,>=,0.5,0.5,False,True,True,False,unresolved,True
oasis:prod_26:mtt_viability,OASIS_batch8,absolute:magnitude_spearman_min:tighter,single32,variance_ratio_max,quantitative_fidelity,variance_ratio,0.9621864532826164,<=,1.5,1.5,False,True,True,False,unresolved,True
oasis:prod_26:mtt_viability,OASIS_batch8,absolute:top5pct_quantitative_min:looser,single32,recoverability_min,quantitative_fidelity,recoverability_r,0.8300868070157964,>=,0.7,0.7,False,True,True,False,unresolved,True
oasis:prod_26:mtt_viability,OASIS_batch8,absolute:top5pct_quantitative_min:looser,single32,magnitude_spearman_min,quantitative_and_ranking_fidelity,magnitude_spearman,0.6322211981566819,>=,0.7,0.7,False,False,False,False,unresolved,True
oasis:prod_26:mtt_viability,OASIS_batch8,absolute:top5pct_quantitative_min:looser,single32,top5pct_quantitative_min,quantitative_fidelity,top5pct_recall,0.8571428571428571,>=,0.55,0.6,True,True,True,False,unresolved,True
oasis:prod_26:mtt_viability,OASIS_batch8,absolute:top5pct_quantitative_min:looser,single32,top5pct_ranking_min,ranking_fidelity,top5pct_recall,0.8571428571428571,>=,0.5,0.5,False,True,True,False,unresolved,True
oasis:prod_26:mtt_viability,OASIS_batch8,absolute:top5pct_quantitative_min:looser,single32,reliability_min,reference_identifiability,reliability,0.6113974863478906,>=,0.3,0.3,False,True,True,False,unresolved,True
oasis:prod_26:mtt_viability,OASIS_batch8,absolute:top5pct_quantitative_min:looser,single32,measurement_recoverability_max_exclusive,measurement_required_eligibility_not_good_performance,recoverability_r,0.8300868070157964,<,0.6,0.6,False,False,False,False,unresolved,True
oasis:prod_26:mtt_viability,OASIS_batch8,absolute:top5pct_quantitative_min:looser,single32,variance_ratio_min,quantitative_fidelity,variance_ratio,0.9621864532826164,>=,0.5,0.5,False,True,True,False,unresolved,True
oasis:prod_26:mtt_viability,OASIS_batch8,absolute:top5pct_quantitative_min:looser,single32,variance_ratio_max,quantitative_fidelity,variance_ratio,0.9621864532826164,<=,1.5,1.5,False,True,True,False,unresolved,True
oasis:prod_26:mtt_viability,OASIS_batch8,absolute:top5pct_quantitative_min:tighter,single32,recoverability_min,quantitative_fidelity,recoverability_r,0.8300868070157964,>=,0.7,0.7,False,True,True,False,unresolved,True
oasis:prod_26:mtt_viability,OASIS_batch8,absolute:top5pct_quantitative_min:tighter,single32,magnitude_spearman_min,quantitative_and_ranking_fidelity,magnitude_spearman,0.6322211981566819,>=,0.7,0.7,False,False,False,False,unresolved,True
oasis:prod_26:mtt_viability,OASIS_batch8,absolute:top5pct_quantitative_min:tighter,single32,top5pct_quantitative_min,quantitative_fidelity,top5pct_recall,0.8571428571428571,>=,0.65,0.6,True,True,True,False,unresolved,True
oasis:prod_26:mtt_viability,OASIS_batch8,absolute:top5pct_quantitative_min:tighter,single32,top5pct_ranking_min,ranking_fidelity,top5pct_recall,0.8571428571428571,>=,0.5,0.5,False,True,True,False,unresolved,True
oasis:prod_26:mtt_viability,OASIS_batch8,absolute:top5pct_quantitative_min:tighter,single32,reliability_min,reference_identifiability,reliability,0.6113974863478906,>=,0.3,0.3,False,True,True,False,unresolved,True
oasis:prod_26:mtt_viability,OASIS_batch8,absolute:top5pct_quantitative_min:tighter,single32,measurement_recoverability_max_exclusive,measurement_required_eligibility_not_good_performance,recoverability_r,0.8300868070157964,<,0.6,0.6,False,False,False,False,unresolved,True
oasis:prod_26:mtt_viability,OASIS_batch8,absolute:top5pct_quantitative_min:tighter,single32,variance_ratio_min,quantitative_fidelity,variance_ratio,0.9621864532826164,>=,0.5,0.5,False,True,True,False,unresolved,True
oasis:prod_26:mtt_viability,OASIS_batch8,absolute:top5pct_quantitative_min:tighter,single32,variance_ratio_max,quantitative_fidelity,variance_ratio,0.9621864532826164,<=,1.5,1.5,False,True,True,False,unresolved,True
oasis:prod_26:mtt_viability,OASIS_batch8,absolute:top5pct_ranking_min:looser,single32,recoverability_min,quantitative_fidelity,recoverability_r,0.8300868070157964,>=,0.7,0.7,False,True,True,False,unresolved,True
oasis:prod_26:mtt_viability,OASIS_batch8,absolute:top5pct_ranking_min:looser,single32,magnitude_spearman_min,quantitative_and_ranking_fidelity,magnitude_spearman,0.6322211981566819,>=,0.7,0.7,False,False,False,False,unresolved,True
oasis:prod_26:mtt_viability,OASIS_batch8,absolute:top5pct_ranking_min:looser,single32,top5pct_quantitative_min,quantitative_fidelity,top5pct_recall,0.8571428571428571,>=,0.6,0.6,False,True,True,False,unresolved,True
oasis:prod_26:mtt_viability,OASIS_batch8,absolute:top5pct_ranking_min:looser,single32,top5pct_ranking_min,ranking_fidelity,top5pct_recall,0.8571428571428571,>=,0.45,0.5,True,True,True,False,unresolved,True
oasis:prod_26:mtt_viability,OASIS_batch8,absolute:top5pct_ranking_min:looser,single32,reliability_min,reference_identifiability,reliability,0.6113974863478906,>=,0.3,0.3,False,True,True,False,unresolved,True
oasis:prod_26:mtt_viability,OASIS_batch8,absolute:top5pct_ranking_min:looser,single32,measurement_recoverability_max_exclusive,measurement_required_eligibility_not_good_performance,recoverability_r,0.8300868070157964,<,0.6,0.6,False,False,False,False,unresolved,True
oasis:prod_26:mtt_viability,OASIS_batch8,absolute:top5pct_ranking_min:looser,single32,variance_ratio_min,quantitative_fidelity,variance_ratio,0.9621864532826164,>=,0.5,0.5,False,True,True,False,unresolved,True
oasis:prod_26:mtt_viability,OASIS_batch8,absolute:top5pct_ranking_min:looser,single32,variance_ratio_max,quantitative_fidelity,variance_ratio,0.9621864532826164,<=,1.5,1.5,False,True,True,False,unresolved,True
oasis:prod_26:mtt_viability,OASIS_batch8,absolute:top5pct_ranking_min:tighter,single32,recoverability_min,quantitative_fidelity,recoverability_r,0.8300868070157964,>=,0.7,0.7,False,True,True,False,unresolved,True
oasis:prod_26:mtt_viability,OASIS_batch8,absolute:top5pct_ranking_min:tighter,single32,magnitude_spearman_min,quantitative_and_ranking_fidelity,magnitude_spearman,0.6322211981566819,>=,0.7,0.7,False,False,False,False,unresolved,True
oasis:prod_26:mtt_viability,OASIS_batch8,absolute:top5pct_ranking_min:tighter,single32,top5pct_quantitative_min,quantitative_fidelity,top5pct_recall,0.8571428571428571,>=,0.6,0.6,False,True,True,False,unresolved,True
oasis:prod_26:mtt_viability,OASIS_batch8,absolute:top5pct_ranking_min:tighter,single32,top5pct_ranking_min,ranking_fidelity,top5pct_recall,0.8571428571428571,>=,0.55,0.5,True,True,True,False,unresolved,True
oasis:prod_26:mtt_viability,OASIS_batch8,absolute:top5pct_ranking_min:tighter,single32,reliability_min,reference_identifiability,reliability,0.6113974863478906,>=,0.3,0.3,False,True,True,False,unresolved,True
oasis:prod_26:mtt_viability,OASIS_batch8,absolute:top5pct_ranking_min:tighter,single32,measurement_recoverability_max_exclusive,measurement_required_eligibility_not_good_performance,recoverability_r,0.8300868070157964,<,0.6,0.6,False,False,False,False,unresolved,True
oasis:prod_26:mtt_viability,OASIS_batch8,absolute:top5pct_ranking_min:tighter,single32,variance_ratio_min,quantitative_fidelity,variance_ratio,0.9621864532826164,>=,0.5,0.5,False,True,True,False,unresolved,True
oasis:prod_26:mtt_viability,OASIS_batch8,absolute:top5pct_ranking_min:tighter,single32,variance_ratio_max,quantitative_fidelity,variance_ratio,0.9621864532826164,<=,1.5,1.5,False,True,True,False,unresolved,True
oasis:prod_26:mtt_viability,OASIS_batch8,absolute:reliability_min:looser,single32,recoverability_min,quantitative_fidelity,recoverability_r,0.8300868070157964,>=,0.7,0.7,False,True,True,False,unresolved,True
oasis:prod_26:mtt_viability,OASIS_batch8,absolute:reliability_min:looser,single32,magnitude_spearman_min,quantitative_and_ranking_fidelity,magnitude_spearman,0.6322211981566819,>=,0.7,0.7,False,False,False,False,unresolved,True
oasis:prod_26:mtt_viability,OASIS_batch8,absolute:reliability_min:looser,single32,top5pct_quantitative_min,quantitative_fidelity,top5pct_recall,0.8571428571428571,>=,0.6,0.6,False,True,True,False,unresolved,True
oasis:prod_26:mtt_viability,OASIS_batch8,absolute:reliability_min:looser,single32,top5pct_ranking_min,ranking_fidelity,top5pct_recall,0.8571428571428571,>=,0.5,0.5,False,True,True,False,unresolved,True
oasis:prod_26:mtt_viability,OASIS_batch8,absolute:reliability_min:looser,single32,reliability_min,reference_identifiability,reliability,0.6113974863478906,>=,0.25,0.3,True,True,True,False,unresolved,True
oasis:prod_26:mtt_viability,OASIS_batch8,absolute:reliability_min:looser,single32,measurement_recoverability_max_exclusive,measurement_required_eligibility_not_good_performance,recoverability_r,0.8300868070157964,<,0.6,0.6,False,False,False,False,unresolved,True
oasis:prod_26:mtt_viability,OASIS_batch8,absolute:reliability_min:looser,single32,variance_ratio_min,quantitative_fidelity,variance_ratio,0.9621864532826164,>=,0.5,0.5,False,True,True,False,unresolved,True
oasis:prod_26:mtt_viability,OASIS_batch8,absolute:reliability_min:looser,single32,variance_ratio_max,quantitative_fidelity,variance_ratio,0.9621864532826164,<=,1.5,1.5,False,True,True,False,unresolved,True
oasis:prod_26:mtt_viability,OASIS_batch8,absolute:reliability_min:tighter,single32,recoverability_min,quantitative_fidelity,recoverability_r,0.8300868070157964,>=,0.7,0.7,False,True,True,False,unresolved,True
oasis:prod_26:mtt_viability,OASIS_batch8,absolute:reliability_min:tighter,single32,magnitude_spearman_min,quantitative_and_ranking_fidelity,magnitude_spearman,0.6322211981566819,>=,0.7,0.7,False,False,False,False,unresolved,True
oasis:prod_26:mtt_viability,OASIS_batch8,absolute:reliability_min:tighter,single32,top5pct_quantitative_min,quantitative_fidelity,top5pct_recall,0.8571428571428571,>=,0.6,0.6,False,True,True,False,unresolved,True
oasis:prod_26:mtt_viability,OASIS_batch8,absolute:reliability_min:tighter,single32,top5pct_ranking_min,ranking_fidelity,top5pct_recall,0.8571428571428571,>=,0.5,0.5,False,True,True,False,unresolved,True
oasis:prod_26:mtt_viability,OASIS_batch8,absolute:reliability_min:tighter,single32,reliability_min,reference_identifiability,reliability,0.6113974863478906,>=,0.35,0.3,True,True,True,False,unresolved,True
oasis:prod_26:mtt_viability,OASIS_batch8,absolute:reliability_min:tighter,single32,measurement_recoverability_max_exclusive,measurement_required_eligibility_not_good_performance,recoverability_r,0.8300868070157964,<,0.6,0.6,False,False,False,False,unresolved,True
oasis:prod_26:mtt_viability,OASIS_batch8,absolute:reliability_min:tighter,single32,variance_ratio_min,quantitative_fidelity,variance_ratio,0.9621864532826164,>=,0.5,0.5,False,True,True,False,unresolved,True
oasis:prod_26:mtt_viability,OASIS_batch8,absolute:reliability_min:tighter,single32,variance_ratio_max,quantitative_fidelity,variance_ratio,0.9621864532826164,<=,1.5,1.5,False,True,True,False,unresolved,True
oasis:prod_26:mtt_viability,OASIS_batch8,absolute:measurement_recoverability_max_exclusive:looser,single32,recoverability_min,quantitative_fidelity,recoverability_r,0.8300868070157964,>=,0.7,0.7,False,True,True,False,unresolved,True
oasis:prod_26:mtt_viability,OASIS_batch8,absolute:measurement_recoverability_max_exclusive:looser,single32,magnitude_spearman_min,quantitative_and_ranking_fidelity,magnitude_spearman,0.6322211981566819,>=,0.7,0.7,False,False,False,False,unresolved,True
oasis:prod_26:mtt_viability,OASIS_batch8,absolute:measurement_recoverability_max_exclusive:looser,single32,top5pct_quantitative_min,quantitative_fidelity,top5pct_recall,0.8571428571428571,>=,0.6,0.6,False,True,True,False,unresolved,True
oasis:prod_26:mtt_viability,OASIS_batch8,absolute:measurement_recoverability_max_exclusive:looser,single32,top5pct_ranking_min,ranking_fidelity,top5pct_recall,0.8571428571428571,>=,0.5,0.5,False,True,True,False,unresolved,True
oasis:prod_26:mtt_viability,OASIS_batch8,absolute:measurement_recoverability_max_exclusive:looser,single32,reliability_min,reference_identifiability,reliability,0.6113974863478906,>=,0.3,0.3,False,True,True,False,unresolved,True
oasis:prod_26:mtt_viability,OASIS_batch8,absolute:measurement_recoverability_max_exclusive:looser,single32,measurement_recoverability_max_exclusive,measurement_required_eligibility_not_good_performance,recoverability_r,0.8300868070157964,<,0.55,0.6,True,False,False,False,unresolved,True
oasis:prod_26:mtt_viability,OASIS_batch8,absolute:measurement_recoverability_max_exclusive:looser,single32,variance_ratio_min,quantitative_fidelity,variance_ratio,0.9621864532826164,>=,0.5,0.5,False,True,True,False,unresolved,True
oasis:prod_26:mtt_viability,OASIS_batch8,absolute:measurement_recoverability_max_exclusive:looser,single32,variance_ratio_max,quantitative_fidelity,variance_ratio,0.9621864532826164,<=,1.5,1.5,False,True,True,False,unresolved,True
oasis:prod_26:mtt_viability,OASIS_batch8,absolute:measurement_recoverability_max_exclusive:tighter,single32,recoverability_min,quantitative_fidelity,recoverability_r,0.8300868070157964,>=,0.7,0.7,False,True,True,False,unresolved,True
oasis:prod_26:mtt_viability,OASIS_batch8,absolute:measurement_recoverability_max_exclusive:tighter,single32,magnitude_spearman_min,quantitative_and_ranking_fidelity,magnitude_spearman,0.6322211981566819,>=,0.7,0.7,False,False,False,False,unresolved,True
oasis:prod_26:mtt_viability,OASIS_batch8,absolute:measurement_recoverability_max_exclusive:tighter,single32,top5pct_quantitative_min,quantitative_fidelity,top5pct_recall,0.8571428571428571,>=,0.6,0.6,False,True,True,False,unresolved,True
oasis:prod_26:mtt_viability,OASIS_batch8,absolute:measurement_recoverability_max_exclusive:tighter,single32,top5pct_ranking_min,ranking_fidelity,top5pct_recall,0.8571428571428571,>=,0.5,0.5,False,True,True,False,unresolved,True
oasis:prod_26:mtt_viability,OASIS_batch8,absolute:measurement_recoverability_max_exclusive:tighter,single32,reliability_min,reference_identifiability,reliability,0.6113974863478906,>=,0.3,0.3,False,True,True,False,unresolved,True
oasis:prod_26:mtt_viability,OASIS_batch8,absolute:measurement_recoverability_max_exclusive:tighter,single32,measurement_recoverability_max_exclusive,measurement_required_eligibility_not_good_performance,recoverability_r,0.8300868070157964,<,0.65,0.6,True,False,False,False,unresolved,True
oasis:prod_26:mtt_viability,OASIS_batch8,absolute:measurement_recoverability_max_exclusive:tighter,single32,variance_ratio_min,quantitative_fidelity,variance_ratio,0.9621864532826164,>=,0.5,0.5,False,True,True,False,unresolved,True
oasis:prod_26:mtt_viability,OASIS_batch8,absolute:measurement_recoverability_max_exclusive:tighter,single32,variance_ratio_max,quantitative_fidelity,variance_ratio,0.9621864532826164,<=,1.5,1.5,False,True,True,False,unresolved,True
oasis:prod_26:mtt_viability,OASIS_batch8,absolute:variance_ratio_min:looser,single32,recoverability_min,quantitative_fidelity,recoverability_r,0.8300868070157964,>=,0.7,0.7,False,True,True,False,unresolved,True
oasis:prod_26:mtt_viability,OASIS_batch8,absolute:variance_ratio_min:looser,single32,magnitude_spearman_min,quantitative_and_ranking_fidelity,magnitude_spearman,0.6322211981566819,>=,0.7,0.7,False,False,False,False,unresolved,True
oasis:prod_26:mtt_viability,OASIS_batch8,absolute:variance_ratio_min:looser,single32,top5pct_quantitative_min,quantitative_fidelity,top5pct_recall,0.8571428571428571,>=,0.6,0.6,False,True,True,False,unresolved,True
oasis:prod_26:mtt_viability,OASIS_batch8,absolute:variance_ratio_min:looser,single32,top5pct_ranking_min,ranking_fidelity,top5pct_recall,0.8571428571428571,>=,0.5,0.5,False,True,True,False,unresolved,True
oasis:prod_26:mtt_viability,OASIS_batch8,absolute:variance_ratio_min:looser,single32,reliability_min,reference_identifiability,reliability,0.6113974863478906,>=,0.3,0.3,False,True,True,False,unresolved,True
oasis:prod_26:mtt_viability,OASIS_batch8,absolute:variance_ratio_min:looser,single32,measurement_recoverability_max_exclusive,measurement_required_eligibility_not_good_performance,recoverability_r,0.8300868070157964,<,0.6,0.6,False,False,False,False,unresolved,True
oasis:prod_26:mtt_viability,OASIS_batch8,absolute:variance_ratio_min:looser,single32,variance_ratio_min,quantitative_fidelity,variance_ratio,0.9621864532826164,>=,0.45,0.5,True,True,True,False,unresolved,True
oasis:prod_26:mtt_viability,OASIS_batch8,absolute:variance_ratio_min:looser,single32,variance_ratio_max,quantitative_fidelity,variance_ratio,0.9621864532826164,<=,1.5,1.5,False,True,True,False,unresolved,True
oasis:prod_26:mtt_viability,OASIS_batch8,absolute:variance_ratio_min:tighter,single32,recoverability_min,quantitative_fidelity,recoverability_r,0.8300868070157964,>=,0.7,0.7,False,True,True,False,unresolved,True
oasis:prod_26:mtt_viability,OASIS_batch8,absolute:variance_ratio_min:tighter,single32,magnitude_spearman_min,quantitative_and_ranking_fidelity,magnitude_spearman,0.6322211981566819,>=,0.7,0.7,False,False,False,False,unresolved,True
oasis:prod_26:mtt_viability,OASIS_batch8,absolute:variance_ratio_min:tighter,single32,top5pct_quantitative_min,quantitative_fidelity,top5pct_recall,0.8571428571428571,>=,0.6,0.6,False,True,True,False,unresolved,True
oasis:prod_26:mtt_viability,OASIS_batch8,absolute:variance_ratio_min:tighter,single32,top5pct_ranking_min,ranking_fidelity,top5pct_recall,0.8571428571428571,>=,0.5,0.5,False,True,True,False,unresolved,True
oasis:prod_26:mtt_viability,OASIS_batch8,absolute:variance_ratio_min:tighter,single32,reliability_min,reference_identifiability,reliability,0.6113974863478906,>=,0.3,0.3,False,True,True,False,unresolved,True
oasis:prod_26:mtt_viability,OASIS_batch8,absolute:variance_ratio_min:tighter,single32,measurement_recoverability_max_exclusive,measurement_required_eligibility_not_good_performance,recoverability_r,0.8300868070157964,<,0.6,0.6,False,False,False,False,unresolved,True
oasis:prod_26:mtt_viability,OASIS_batch8,absolute:variance_ratio_min:tighter,single32,variance_ratio_min,quantitative_fidelity,variance_ratio,0.9621864532826164,>=,0.55,0.5,True,True,True,False,unresolved,True
oasis:prod_26:mtt_viability,OASIS_batch8,absolute:variance_ratio_min:tighter,single32,variance_ratio_max,quantitative_fidelity,variance_ratio,0.9621864532826164,<=,1.5,1.5,False,True,True,False,unresolved,True
oasis:prod_26:mtt_viability,OASIS_batch8,absolute:variance_ratio_max:looser,single32,recoverability_min,quantitative_fidelity,recoverability_r,0.8300868070157964,>=,0.7,0.7,False,True,True,False,unresolved,True
oasis:prod_26:mtt_viability,OASIS_batch8,absolute:variance_ratio_max:looser,single32,magnitude_spearman_min,quantitative_and_ranking_fidelity,magnitude_spearman,0.6322211981566819,>=,0.7,0.7,False,False,False,False,unresolved,True
oasis:prod_26:mtt_viability,OASIS_batch8,absolute:variance_ratio_max:looser,single32,top5pct_quantitative_min,quantitative_fidelity,top5pct_recall,0.8571428571428571,>=,0.6,0.6,False,True,True,False,unresolved,True
oasis:prod_26:mtt_viability,OASIS_batch8,absolute:variance_ratio_max:looser,single32,top5pct_ranking_min,ranking_fidelity,top5pct_recall,0.8571428571428571,>=,0.5,0.5,False,True,True,False,unresolved,True
oasis:prod_26:mtt_viability,OASIS_batch8,absolute:variance_ratio_max:looser,single32,reliability_min,reference_identifiability,reliability,0.6113974863478906,>=,0.3,0.3,False,True,True,False,unresolved,True
oasis:prod_26:mtt_viability,OASIS_batch8,absolute:variance_ratio_max:looser,single32,measurement_recoverability_max_exclusive,measurement_required_eligibility_not_good_performance,recoverability_r,0.8300868070157964,<,0.6,0.6,False,False,False,False,unresolved,True
oasis:prod_26:mtt_viability,OASIS_batch8,absolute:variance_ratio_max:looser,single32,variance_ratio_min,quantitative_fidelity,variance_ratio,0.9621864532826164,>=,0.5,0.5,False,True,True,False,unresolved,True
oasis:prod_26:mtt_viability,OASIS_batch8,absolute:variance_ratio_max:looser,single32,variance_ratio_max,quantitative_fidelity,variance_ratio,0.9621864532826164,<=,1.55,1.5,True,True,True,False,unresolved,True
oasis:prod_26:mtt_viability,OASIS_batch8,absolute:variance_ratio_max:tighter,single32,recoverability_min,quantitative_fidelity,recoverability_r,0.8300868070157964,>=,0.7,0.7,False,True,True,False,unresolved,True
oasis:prod_26:mtt_viability,OASIS_batch8,absolute:variance_ratio_max:tighter,single32,magnitude_spearman_min,quantitative_and_ranking_fidelity,magnitude_spearman,0.6322211981566819,>=,0.7,0.7,False,False,False,False,unresolved,True
oasis:prod_26:mtt_viability,OASIS_batch8,absolute:variance_ratio_max:tighter,single32,top5pct_quantitative_min,quantitative_fidelity,top5pct_recall,0.8571428571428571,>=,0.6,0.6,False,True,True,False,unresolved,True
oasis:prod_26:mtt_viability,OASIS_batch8,absolute:variance_ratio_max:tighter,single32,top5pct_ranking_min,ranking_fidelity,top5pct_recall,0.8571428571428571,>=,0.5,0.5,False,True,True,False,unresolved,True
oasis:prod_26:mtt_viability,OASIS_batch8,absolute:variance_ratio_max:tighter,single32,reliability_min,reference_identifiability,reliability,0.6113974863478906,>=,0.3,0.3,False,True,True,False,unresolved,True
oasis:prod_26:mtt_viability,OASIS_batch8,absolute:variance_ratio_max:tighter,single32,measurement_recoverability_max_exclusive,measurement_required_eligibility_not_good_performance,recoverability_r,0.8300868070157964,<,0.6,0.6,False,False,False,False,unresolved,True
oasis:prod_26:mtt_viability,OASIS_batch8,absolute:variance_ratio_max:tighter,single32,variance_ratio_min,quantitative_fidelity,variance_ratio,0.9621864532826164,>=,0.5,0.5,False,True,True,False,unresolved,True
oasis:prod_26:mtt_viability,OASIS_batch8,absolute:variance_ratio_max:tighter,single32,variance_ratio_max,quantitative_fidelity,variance_ratio,0.9621864532826164,<=,1.45,1.5,True,True,True,False,unresolved,True
oasis:prod_26:mtt_viability,OASIS_batch8,relative:all gates:looser,joint4,recoverability_min,quantitative_fidelity,recoverability_r,0.8300868070157964,>=,0.63,0.7,True,True,True,False,quantitative_proxy,True
oasis:prod_26:mtt_viability,OASIS_batch8,relative:all gates:looser,joint4,magnitude_spearman_min,quantitative_and_ranking_fidelity,magnitude_spearman,0.6322211981566819,>=,0.63,0.7,True,True,False,True,quantitative_proxy,True
oasis:prod_26:mtt_viability,OASIS_batch8,relative:all gates:looser,joint4,top5pct_quantitative_min,quantitative_fidelity,top5pct_recall,0.8571428571428571,>=,0.54,0.6,True,True,True,False,quantitative_proxy,True
oasis:prod_26:mtt_viability,OASIS_batch8,relative:all gates:looser,joint4,top5pct_ranking_min,ranking_fidelity,top5pct_recall,0.8571428571428571,>=,0.45,0.5,True,True,True,False,quantitative_proxy,True
oasis:prod_26:mtt_viability,OASIS_batch8,relative:all gates:looser,joint4,reliability_min,reference_identifiability,reliability,0.6113974863478906,>=,0.27,0.3,True,True,True,False,quantitative_proxy,True
oasis:prod_26:mtt_viability,OASIS_batch8,relative:all gates:looser,joint4,measurement_recoverability_max_exclusive,measurement_required_eligibility_not_good_performance,recoverability_r,0.8300868070157964,<,0.54,0.6,True,False,False,False,quantitative_proxy,True
oasis:prod_26:mtt_viability,OASIS_batch8,relative:all gates:looser,joint4,variance_ratio_min,quantitative_fidelity,variance_ratio,0.9621864532826164,>=,0.45,0.5,True,True,True,False,quantitative_proxy,True
oasis:prod_26:mtt_viability,OASIS_batch8,relative:all gates:looser,joint4,variance_ratio_max,quantitative_fidelity,variance_ratio,0.9621864532826164,<=,1.65,1.5,True,True,True,False,quantitative_proxy,True
oasis:prod_26:mtt_viability,OASIS_batch8,relative:all gates:tighter,joint4,recoverability_min,quantitative_fidelity,recoverability_r,0.8300868070157964,>=,0.77,0.7,True,True,True,False,unresolved,True
oasis:prod_26:mtt_viability,OASIS_batch8,relative:all gates:tighter,joint4,magnitude_spearman_min,quantitative_and_ranking_fidelity,magnitude_spearman,0.6322211981566819,>=,0.77,0.7,True,False,False,False,unresolved,True
oasis:prod_26:mtt_viability,OASIS_batch8,relative:all gates:tighter,joint4,top5pct_quantitative_min,quantitative_fidelity,top5pct_recall,0.8571428571428571,>=,0.66,0.6,True,True,True,False,unresolved,True
oasis:prod_26:mtt_viability,OASIS_batch8,relative:all gates:tighter,joint4,top5pct_ranking_min,ranking_fidelity,top5pct_recall,0.8571428571428571,>=,0.55,0.5,True,True,True,False,unresolved,True
oasis:prod_26:mtt_viability,OASIS_batch8,relative:all gates:tighter,joint4,reliability_min,reference_identifiability,reliability,0.6113974863478906,>=,0.33,0.3,True,True,True,False,unresolved,True
oasis:prod_26:mtt_viability,OASIS_batch8,relative:all gates:tighter,joint4,measurement_recoverability_max_exclusive,measurement_required_eligibility_not_good_performance,recoverability_r,0.8300868070157964,<,0.66,0.6,True,False,False,False,unresolved,True
oasis:prod_26:mtt_viability,OASIS_batch8,relative:all gates:tighter,joint4,variance_ratio_min,quantitative_fidelity,variance_ratio,0.9621864532826164,>=,0.55,0.5,True,True,True,False,unresolved,True
oasis:prod_26:mtt_viability,OASIS_batch8,relative:all gates:tighter,joint4,variance_ratio_max,quantitative_fidelity,variance_ratio,0.9621864532826164,<=,1.35,1.5,True,True,True,False,unresolved,True
oasis:prod_26:mtt_viability,OASIS_batch8,relative:recoverability_min:looser,single32,recoverability_min,quantitative_fidelity,recoverability_r,0.8300868070157964,>=,0.63,0.7,True,True,True,False,unresolved,True
oasis:prod_26:mtt_viability,OASIS_batch8,relative:recoverability_min:looser,single32,magnitude_spearman_min,quantitative_and_ranking_fidelity,magnitude_spearman,0.6322211981566819,>=,0.7,0.7,False,False,False,False,unresolved,True
oasis:prod_26:mtt_viability,OASIS_batch8,relative:recoverability_min:looser,single32,top5pct_quantitative_min,quantitative_fidelity,top5pct_recall,0.8571428571428571,>=,0.6,0.6,False,True,True,False,unresolved,True
oasis:prod_26:mtt_viability,OASIS_batch8,relative:recoverability_min:looser,single32,top5pct_ranking_min,ranking_fidelity,top5pct_recall,0.8571428571428571,>=,0.5,0.5,False,True,True,False,unresolved,True
oasis:prod_26:mtt_viability,OASIS_batch8,relative:recoverability_min:looser,single32,reliability_min,reference_identifiability,reliability,0.6113974863478906,>=,0.3,0.3,False,True,True,False,unresolved,True
oasis:prod_26:mtt_viability,OASIS_batch8,relative:recoverability_min:looser,single32,measurement_recoverability_max_exclusive,measurement_required_eligibility_not_good_performance,recoverability_r,0.8300868070157964,<,0.6,0.6,False,False,False,False,unresolved,True
oasis:prod_26:mtt_viability,OASIS_batch8,relative:recoverability_min:looser,single32,variance_ratio_min,quantitative_fidelity,variance_ratio,0.9621864532826164,>=,0.5,0.5,False,True,True,False,unresolved,True
oasis:prod_26:mtt_viability,OASIS_batch8,relative:recoverability_min:looser,single32,variance_ratio_max,quantitative_fidelity,variance_ratio,0.9621864532826164,<=,1.5,1.5,False,True,True,False,unresolved,True
oasis:prod_26:mtt_viability,OASIS_batch8,relative:recoverability_min:tighter,single32,recoverability_min,quantitative_fidelity,recoverability_r,0.8300868070157964,>=,0.77,0.7,True,True,True,False,unresolved,True
oasis:prod_26:mtt_viability,OASIS_batch8,relative:recoverability_min:tighter,single32,magnitude_spearman_min,quantitative_and_ranking_fidelity,magnitude_spearman,0.6322211981566819,>=,0.7,0.7,False,False,False,False,unresolved,True
oasis:prod_26:mtt_viability,OASIS_batch8,relative:recoverability_min:tighter,single32,top5pct_quantitative_min,quantitative_fidelity,top5pct_recall,0.8571428571428571,>=,0.6,0.6,False,True,True,False,unresolved,True
oasis:prod_26:mtt_viability,OASIS_batch8,relative:recoverability_min:tighter,single32,top5pct_ranking_min,ranking_fidelity,top5pct_recall,0.8571428571428571,>=,0.5,0.5,False,True,True,False,unresolved,True
oasis:prod_26:mtt_viability,OASIS_batch8,relative:recoverability_min:tighter,single32,reliability_min,reference_identifiability,reliability,0.6113974863478906,>=,0.3,0.3,False,True,True,False,unresolved,True
oasis:prod_26:mtt_viability,OASIS_batch8,relative:recoverability_min:tighter,single32,measurement_recoverability_max_exclusive,measurement_required_eligibility_not_good_performance,recoverability_r,0.8300868070157964,<,0.6,0.6,False,False,False,False,unresolved,True
oasis:prod_26:mtt_viability,OASIS_batch8,relative:recoverability_min:tighter,single32,variance_ratio_min,quantitative_fidelity,variance_ratio,0.9621864532826164,>=,0.5,0.5,False,True,True,False,unresolved,True
oasis:prod_26:mtt_viability,OASIS_batch8,relative:recoverability_min:tighter,single32,variance_ratio_max,quantitative_fidelity,variance_ratio,0.9621864532826164,<=,1.5,1.5,False,True,True,False,unresolved,True
oasis:prod_26:mtt_viability,OASIS_batch8,relative:magnitude_spearman_min:looser,single32,recoverability_min,quantitative_fidelity,recoverability_r,0.8300868070157964,>=,0.7,0.7,False,True,True,False,quantitative_proxy,True
oasis:prod_26:mtt_viability,OASIS_batch8,relative:magnitude_spearman_min:looser,single32,magnitude_spearman_min,quantitative_and_ranking_fidelity,magnitude_spearman,0.6322211981566819,>=,0.63,0.7,True,True,False,True,quantitative_proxy,True
oasis:prod_26:mtt_viability,OASIS_batch8,relative:magnitude_spearman_min:looser,single32,top5pct_quantitative_min,quantitative_fidelity,top5pct_recall,0.8571428571428571,>=,0.6,0.6,False,True,True,False,quantitative_proxy,True
oasis:prod_26:mtt_viability,OASIS_batch8,relative:magnitude_spearman_min:looser,single32,top5pct_ranking_min,ranking_fidelity,top5pct_recall,0.8571428571428571,>=,0.5,0.5,False,True,True,False,quantitative_proxy,True
oasis:prod_26:mtt_viability,OASIS_batch8,relative:magnitude_spearman_min:looser,single32,reliability_min,reference_identifiability,reliability,0.6113974863478906,>=,0.3,0.3,False,True,True,False,quantitative_proxy,True
oasis:prod_26:mtt_viability,OASIS_batch8,relative:magnitude_spearman_min:looser,single32,measurement_recoverability_max_exclusive,measurement_required_eligibility_not_good_performance,recoverability_r,0.8300868070157964,<,0.6,0.6,False,False,False,False,quantitative_proxy,True
oasis:prod_26:mtt_viability,OASIS_batch8,relative:magnitude_spearman_min:looser,single32,variance_ratio_min,quantitative_fidelity,variance_ratio,0.9621864532826164,>=,0.5,0.5,False,True,True,False,quantitative_proxy,True
oasis:prod_26:mtt_viability,OASIS_batch8,relative:magnitude_spearman_min:looser,single32,variance_ratio_max,quantitative_fidelity,variance_ratio,0.9621864532826164,<=,1.5,1.5,False,True,True,False,quantitative_proxy,True
oasis:prod_26:mtt_viability,OASIS_batch8,relative:magnitude_spearman_min:tighter,single32,recoverability_min,quantitative_fidelity,recoverability_r,0.8300868070157964,>=,0.7,0.7,False,True,True,False,unresolved,True
oasis:prod_26:mtt_viability,OASIS_batch8,relative:magnitude_spearman_min:tighter,single32,magnitude_spearman_min,quantitative_and_ranking_fidelity,magnitude_spearman,0.6322211981566819,>=,0.77,0.7,True,False,False,False,unresolved,True
oasis:prod_26:mtt_viability,OASIS_batch8,relative:magnitude_spearman_min:tighter,single32,top5pct_quantitative_min,quantitative_fidelity,top5pct_recall,0.8571428571428571,>=,0.6,0.6,False,True,True,False,unresolved,True
oasis:prod_26:mtt_viability,OASIS_batch8,relative:magnitude_spearman_min:tighter,single32,top5pct_ranking_min,ranking_fidelity,top5pct_recall,0.8571428571428571,>=,0.5,0.5,False,True,True,False,unresolved,True
oasis:prod_26:mtt_viability,OASIS_batch8,relative:magnitude_spearman_min:tighter,single32,reliability_min,reference_identifiability,reliability,0.6113974863478906,>=,0.3,0.3,False,True,True,False,unresolved,True
oasis:prod_26:mtt_viability,OASIS_batch8,relative:magnitude_spearman_min:tighter,single32,measurement_recoverability_max_exclusive,measurement_required_eligibility_not_good_performance,recoverability_r,0.8300868070157964,<,0.6,0.6,False,False,False,False,unresolved,True
oasis:prod_26:mtt_viability,OASIS_batch8,relative:magnitude_spearman_min:tighter,single32,variance_ratio_min,quantitative_fidelity,variance_ratio,0.9621864532826164,>=,0.5,0.5,False,True,True,False,unresolved,True
oasis:prod_26:mtt_viability,OASIS_batch8,relative:magnitude_spearman_min:tighter,single32,variance_ratio_max,quantitative_fidelity,variance_ratio,0.9621864532826164,<=,1.5,1.5,False,True,True,False,unresolved,True
oasis:prod_26:mtt_viability,OASIS_batch8,relative:top5pct_quantitative_min:looser,single32,recoverability_min,quantitative_fidelity,recoverability_r,0.8300868070157964,>=,0.7,0.7,False,True,True,False,unresolved,True
oasis:prod_26:mtt_viability,OASIS_batch8,relative:top5pct_quantitative_min:looser,single32,magnitude_spearman_min,quantitative_and_ranking_fidelity,magnitude_spearman,0.6322211981566819,>=,0.7,0.7,False,False,False,False,unresolved,True
oasis:prod_26:mtt_viability,OASIS_batch8,relative:top5pct_quantitative_min:looser,single32,top5pct_quantitative_min,quantitative_fidelity,top5pct_recall,0.8571428571428571,>=,0.54,0.6,True,True,True,False,unresolved,True
oasis:prod_26:mtt_viability,OASIS_batch8,relative:top5pct_quantitative_min:looser,single32,top5pct_ranking_min,ranking_fidelity,top5pct_recall,0.8571428571428571,>=,0.5,0.5,False,True,True,False,unresolved,True
oasis:prod_26:mtt_viability,OASIS_batch8,relative:top5pct_quantitative_min:looser,single32,reliability_min,reference_identifiability,reliability,0.6113974863478906,>=,0.3,0.3,False,True,True,False,unresolved,True
oasis:prod_26:mtt_viability,OASIS_batch8,relative:top5pct_quantitative_min:looser,single32,measurement_recoverability_max_exclusive,measurement_required_eligibility_not_good_performance,recoverability_r,0.8300868070157964,<,0.6,0.6,False,False,False,False,unresolved,True
oasis:prod_26:mtt_viability,OASIS_batch8,relative:top5pct_quantitative_min:looser,single32,variance_ratio_min,quantitative_fidelity,variance_ratio,0.9621864532826164,>=,0.5,0.5,False,True,True,False,unresolved,True
oasis:prod_26:mtt_viability,OASIS_batch8,relative:top5pct_quantitative_min:looser,single32,variance_ratio_max,quantitative_fidelity,variance_ratio,0.9621864532826164,<=,1.5,1.5,False,True,True,False,unresolved,True
oasis:prod_26:mtt_viability,OASIS_batch8,relative:top5pct_quantitative_min:tighter,single32,recoverability_min,quantitative_fidelity,recoverability_r,0.8300868070157964,>=,0.7,0.7,False,True,True,False,unresolved,True
oasis:prod_26:mtt_viability,OASIS_batch8,relative:top5pct_quantitative_min:tighter,single32,magnitude_spearman_min,quantitative_and_ranking_fidelity,magnitude_spearman,0.6322211981566819,>=,0.7,0.7,False,False,False,False,unresolved,True
oasis:prod_26:mtt_viability,OASIS_batch8,relative:top5pct_quantitative_min:tighter,single32,top5pct_quantitative_min,quantitative_fidelity,top5pct_recall,0.8571428571428571,>=,0.66,0.6,True,True,True,False,unresolved,True
oasis:prod_26:mtt_viability,OASIS_batch8,relative:top5pct_quantitative_min:tighter,single32,top5pct_ranking_min,ranking_fidelity,top5pct_recall,0.8571428571428571,>=,0.5,0.5,False,True,True,False,unresolved,True
oasis:prod_26:mtt_viability,OASIS_batch8,relative:top5pct_quantitative_min:tighter,single32,reliability_min,reference_identifiability,reliability,0.6113974863478906,>=,0.3,0.3,False,True,True,False,unresolved,True
oasis:prod_26:mtt_viability,OASIS_batch8,relative:top5pct_quantitative_min:tighter,single32,measurement_recoverability_max_exclusive,measurement_required_eligibility_not_good_performance,recoverability_r,0.8300868070157964,<,0.6,0.6,False,False,False,False,unresolved,True
oasis:prod_26:mtt_viability,OASIS_batch8,relative:top5pct_quantitative_min:tighter,single32,variance_ratio_min,quantitative_fidelity,variance_ratio,0.9621864532826164,>=,0.5,0.5,False,True,True,False,unresolved,True
oasis:prod_26:mtt_viability,OASIS_batch8,relative:top5pct_quantitative_min:tighter,single32,variance_ratio_max,quantitative_fidelity,variance_ratio,0.9621864532826164,<=,1.5,1.5,False,True,True,False,unresolved,True
oasis:prod_26:mtt_viability,OASIS_batch8,relative:top5pct_ranking_min:looser,single32,recoverability_min,quantitative_fidelity,recoverability_r,0.8300868070157964,>=,0.7,0.7,False,True,True,False,unresolved,True
oasis:prod_26:mtt_viability,OASIS_batch8,relative:top5pct_ranking_min:looser,single32,magnitude_spearman_min,quantitative_and_ranking_fidelity,magnitude_spearman,0.6322211981566819,>=,0.7,0.7,False,False,False,False,unresolved,True
oasis:prod_26:mtt_viability,OASIS_batch8,relative:top5pct_ranking_min:looser,single32,top5pct_quantitative_min,quantitative_fidelity,top5pct_recall,0.8571428571428571,>=,0.6,0.6,False,True,True,False,unresolved,True
oasis:prod_26:mtt_viability,OASIS_batch8,relative:top5pct_ranking_min:looser,single32,top5pct_ranking_min,ranking_fidelity,top5pct_recall,0.8571428571428571,>=,0.45,0.5,True,True,True,False,unresolved,True
oasis:prod_26:mtt_viability,OASIS_batch8,relative:top5pct_ranking_min:looser,single32,reliability_min,reference_identifiability,reliability,0.6113974863478906,>=,0.3,0.3,False,True,True,False,unresolved,True
oasis:prod_26:mtt_viability,OASIS_batch8,relative:top5pct_ranking_min:looser,single32,measurement_recoverability_max_exclusive,measurement_required_eligibility_not_good_performance,recoverability_r,0.8300868070157964,<,0.6,0.6,False,False,False,False,unresolved,True
oasis:prod_26:mtt_viability,OASIS_batch8,relative:top5pct_ranking_min:looser,single32,variance_ratio_min,quantitative_fidelity,variance_ratio,0.9621864532826164,>=,0.5,0.5,False,True,True,False,unresolved,True
oasis:prod_26:mtt_viability,OASIS_batch8,relative:top5pct_ranking_min:looser,single32,variance_ratio_max,quantitative_fidelity,variance_ratio,0.9621864532826164,<=,1.5,1.5,False,True,True,False,unresolved,True
oasis:prod_26:mtt_viability,OASIS_batch8,relative:top5pct_ranking_min:tighter,single32,recoverability_min,quantitative_fidelity,recoverability_r,0.8300868070157964,>=,0.7,0.7,False,True,True,False,unresolved,True
oasis:prod_26:mtt_viability,OASIS_batch8,relative:top5pct_ranking_min:tighter,single32,magnitude_spearman_min,quantitative_and_ranking_fidelity,magnitude_spearman,0.6322211981566819,>=,0.7,0.7,False,False,False,False,unresolved,True
oasis:prod_26:mtt_viability,OASIS_batch8,relative:top5pct_ranking_min:tighter,single32,top5pct_quantitative_min,quantitative_fidelity,top5pct_recall,0.8571428571428571,>=,0.6,0.6,False,True,True,False,unresolved,True
oasis:prod_26:mtt_viability,OASIS_batch8,relative:top5pct_ranking_min:tighter,single32,top5pct_ranking_min,ranking_fidelity,top5pct_recall,0.8571428571428571,>=,0.55,0.5,True,True,True,False,unresolved,True
oasis:prod_26:mtt_viability,OASIS_batch8,relative:top5pct_ranking_min:tighter,single32,reliability_min,reference_identifiability,reliability,0.6113974863478906,>=,0.3,0.3,False,True,True,False,unresolved,True
oasis:prod_26:mtt_viability,OASIS_batch8,relative:top5pct_ranking_min:tighter,single32,measurement_recoverability_max_exclusive,measurement_required_eligibility_not_good_performance,recoverability_r,0.8300868070157964,<,0.6,0.6,False,False,False,False,unresolved,True
oasis:prod_26:mtt_viability,OASIS_batch8,relative:top5pct_ranking_min:tighter,single32,variance_ratio_min,quantitative_fidelity,variance_ratio,0.9621864532826164,>=,0.5,0.5,False,True,True,False,unresolved,True
oasis:prod_26:mtt_viability,OASIS_batch8,relative:top5pct_ranking_min:tighter,single32,variance_ratio_max,quantitative_fidelity,variance_ratio,0.9621864532826164,<=,1.5,1.5,False,True,True,False,unresolved,True
oasis:prod_26:mtt_viability,OASIS_batch8,relative:reliability_min:looser,single32,recoverability_min,quantitative_fidelity,recoverability_r,0.8300868070157964,>=,0.7,0.7,False,True,True,False,unresolved,True
oasis:prod_26:mtt_viability,OASIS_batch8,relative:reliability_min:looser,single32,magnitude_spearman_min,quantitative_and_ranking_fidelity,magnitude_spearman,0.6322211981566819,>=,0.7,0.7,False,False,False,False,unresolved,True
oasis:prod_26:mtt_viability,OASIS_batch8,relative:reliability_min:looser,single32,top5pct_quantitative_min,quantitative_fidelity,top5pct_recall,0.8571428571428571,>=,0.6,0.6,False,True,True,False,unresolved,True
oasis:prod_26:mtt_viability,OASIS_batch8,relative:reliability_min:looser,single32,top5pct_ranking_min,ranking_fidelity,top5pct_recall,0.8571428571428571,>=,0.5,0.5,False,True,True,False,unresolved,True
oasis:prod_26:mtt_viability,OASIS_batch8,relative:reliability_min:looser,single32,reliability_min,reference_identifiability,reliability,0.6113974863478906,>=,0.27,0.3,True,True,True,False,unresolved,True
oasis:prod_26:mtt_viability,OASIS_batch8,relative:reliability_min:looser,single32,measurement_recoverability_max_exclusive,measurement_required_eligibility_not_good_performance,recoverability_r,0.8300868070157964,<,0.6,0.6,False,False,False,False,unresolved,True
oasis:prod_26:mtt_viability,OASIS_batch8,relative:reliability_min:looser,single32,variance_ratio_min,quantitative_fidelity,variance_ratio,0.9621864532826164,>=,0.5,0.5,False,True,True,False,unresolved,True
oasis:prod_26:mtt_viability,OASIS_batch8,relative:reliability_min:looser,single32,variance_ratio_max,quantitative_fidelity,variance_ratio,0.9621864532826164,<=,1.5,1.5,False,True,True,False,unresolved,True
oasis:prod_26:mtt_viability,OASIS_batch8,relative:reliability_min:tighter,single32,recoverability_min,quantitative_fidelity,recoverability_r,0.8300868070157964,>=,0.7,0.7,False,True,True,False,unresolved,True
oasis:prod_26:mtt_viability,OASIS_batch8,relative:reliability_min:tighter,single32,magnitude_spearman_min,quantitative_and_ranking_fidelity,magnitude_spearman,0.6322211981566819,>=,0.7,0.7,False,False,False,False,unresolved,True
oasis:prod_26:mtt_viability,OASIS_batch8,relative:reliability_min:tighter,single32,top5pct_quantitative_min,quantitative_fidelity,top5pct_recall,0.8571428571428571,>=,0.6,0.6,False,True,True,False,unresolved,True
oasis:prod_26:mtt_viability,OASIS_batch8,relative:reliability_min:tighter,single32,top5pct_ranking_min,ranking_fidelity,top5pct_recall,0.8571428571428571,>=,0.5,0.5,False,True,True,False,unresolved,True
oasis:prod_26:mtt_viability,OASIS_batch8,relative:reliability_min:tighter,single32,reliability_min,reference_identifiability,reliability,0.6113974863478906,>=,0.33,0.3,True,True,True,False,unresolved,True
oasis:prod_26:mtt_viability,OASIS_batch8,relative:reliability_min:tighter,single32,measurement_recoverability_max_exclusive,measurement_required_eligibility_not_good_performance,recoverability_r,0.8300868070157964,<,0.6,0.6,False,False,False,False,unresolved,True
oasis:prod_26:mtt_viability,OASIS_batch8,relative:reliability_min:tighter,single32,variance_ratio_min,quantitative_fidelity,variance_ratio,0.9621864532826164,>=,0.5,0.5,False,True,True,False,unresolved,True
oasis:prod_26:mtt_viability,OASIS_batch8,relative:reliability_min:tighter,single32,variance_ratio_max,quantitative_fidelity,variance_ratio,0.9621864532826164,<=,1.5,1.5,False,True,True,False,unresolved,True
oasis:prod_26:mtt_viability,OASIS_batch8,relative:measurement_recoverability_max_exclusive:looser,single32,recoverability_min,quantitative_fidelity,recoverability_r,0.8300868070157964,>=,0.7,0.7,False,True,True,False,unresolved,True
oasis:prod_26:mtt_viability,OASIS_batch8,relative:measurement_recoverability_max_exclusive:looser,single32,magnitude_spearman_min,quantitative_and_ranking_fidelity,magnitude_spearman,0.6322211981566819,>=,0.7,0.7,False,False,False,False,unresolved,True
oasis:prod_26:mtt_viability,OASIS_batch8,relative:measurement_recoverability_max_exclusive:looser,single32,top5pct_quantitative_min,quantitative_fidelity,top5pct_recall,0.8571428571428571,>=,0.6,0.6,False,True,True,False,unresolved,True
oasis:prod_26:mtt_viability,OASIS_batch8,relative:measurement_recoverability_max_exclusive:looser,single32,top5pct_ranking_min,ranking_fidelity,top5pct_recall,0.8571428571428571,>=,0.5,0.5,False,True,True,False,unresolved,True
oasis:prod_26:mtt_viability,OASIS_batch8,relative:measurement_recoverability_max_exclusive:looser,single32,reliability_min,reference_identifiability,reliability,0.6113974863478906,>=,0.3,0.3,False,True,True,False,unresolved,True
oasis:prod_26:mtt_viability,OASIS_batch8,relative:measurement_recoverability_max_exclusive:looser,single32,measurement_recoverability_max_exclusive,measurement_required_eligibility_not_good_performance,recoverability_r,0.8300868070157964,<,0.54,0.6,True,False,False,False,unresolved,True
oasis:prod_26:mtt_viability,OASIS_batch8,relative:measurement_recoverability_max_exclusive:looser,single32,variance_ratio_min,quantitative_fidelity,variance_ratio,0.9621864532826164,>=,0.5,0.5,False,True,True,False,unresolved,True
oasis:prod_26:mtt_viability,OASIS_batch8,relative:measurement_recoverability_max_exclusive:looser,single32,variance_ratio_max,quantitative_fidelity,variance_ratio,0.9621864532826164,<=,1.5,1.5,False,True,True,False,unresolved,True
oasis:prod_26:mtt_viability,OASIS_batch8,relative:measurement_recoverability_max_exclusive:tighter,single32,recoverability_min,quantitative_fidelity,recoverability_r,0.8300868070157964,>=,0.7,0.7,False,True,True,False,unresolved,True
oasis:prod_26:mtt_viability,OASIS_batch8,relative:measurement_recoverability_max_exclusive:tighter,single32,magnitude_spearman_min,quantitative_and_ranking_fidelity,magnitude_spearman,0.6322211981566819,>=,0.7,0.7,False,False,False,False,unresolved,True
oasis:prod_26:mtt_viability,OASIS_batch8,relative:measurement_recoverability_max_exclusive:tighter,single32,top5pct_quantitative_min,quantitative_fidelity,top5pct_recall,0.8571428571428571,>=,0.6,0.6,False,True,True,False,unresolved,True
oasis:prod_26:mtt_viability,OASIS_batch8,relative:measurement_recoverability_max_exclusive:tighter,single32,top5pct_ranking_min,ranking_fidelity,top5pct_recall,0.8571428571428571,>=,0.5,0.5,False,True,True,False,unresolved,True
oasis:prod_26:mtt_viability,OASIS_batch8,relative:measurement_recoverability_max_exclusive:tighter,single32,reliability_min,reference_identifiability,reliability,0.6113974863478906,>=,0.3,0.3,False,True,True,False,unresolved,True
oasis:prod_26:mtt_viability,OASIS_batch8,relative:measurement_recoverability_max_exclusive:tighter,single32,measurement_recoverability_max_exclusive,measurement_required_eligibility_not_good_performance,recoverability_r,0.8300868070157964,<,0.66,0.6,True,False,False,False,unresolved,True
oasis:prod_26:mtt_viability,OASIS_batch8,relative:measurement_recoverability_max_exclusive:tighter,single32,variance_ratio_min,quantitative_fidelity,variance_ratio,0.9621864532826164,>=,0.5,0.5,False,True,True,False,unresolved,True
oasis:prod_26:mtt_viability,OASIS_batch8,relative:measurement_recoverability_max_exclusive:tighter,single32,variance_ratio_max,quantitative_fidelity,variance_ratio,0.9621864532826164,<=,1.5,1.5,False,True,True,False,unresolved,True
oasis:prod_26:mtt_viability,OASIS_batch8,relative:variance_ratio_min:looser,single32,recoverability_min,quantitative_fidelity,recoverability_r,0.8300868070157964,>=,0.7,0.7,False,True,True,False,unresolved,True
oasis:prod_26:mtt_viability,OASIS_batch8,relative:variance_ratio_min:looser,single32,magnitude_spearman_min,quantitative_and_ranking_fidelity,magnitude_spearman,0.6322211981566819,>=,0.7,0.7,False,False,False,False,unresolved,True
oasis:prod_26:mtt_viability,OASIS_batch8,relative:variance_ratio_min:looser,single32,top5pct_quantitative_min,quantitative_fidelity,top5pct_recall,0.8571428571428571,>=,0.6,0.6,False,True,True,False,unresolved,True
oasis:prod_26:mtt_viability,OASIS_batch8,relative:variance_ratio_min:looser,single32,top5pct_ranking_min,ranking_fidelity,top5pct_recall,0.8571428571428571,>=,0.5,0.5,False,True,True,False,unresolved,True
oasis:prod_26:mtt_viability,OASIS_batch8,relative:variance_ratio_min:looser,single32,reliability_min,reference_identifiability,reliability,0.6113974863478906,>=,0.3,0.3,False,True,True,False,unresolved,True
oasis:prod_26:mtt_viability,OASIS_batch8,relative:variance_ratio_min:looser,single32,measurement_recoverability_max_exclusive,measurement_required_eligibility_not_good_performance,recoverability_r,0.8300868070157964,<,0.6,0.6,False,False,False,False,unresolved,True
oasis:prod_26:mtt_viability,OASIS_batch8,relative:variance_ratio_min:looser,single32,variance_ratio_min,quantitative_fidelity,variance_ratio,0.9621864532826164,>=,0.45,0.5,True,True,True,False,unresolved,True
oasis:prod_26:mtt_viability,OASIS_batch8,relative:variance_ratio_min:looser,single32,variance_ratio_max,quantitative_fidelity,variance_ratio,0.9621864532826164,<=,1.5,1.5,False,True,True,False,unresolved,True
oasis:prod_26:mtt_viability,OASIS_batch8,relative:variance_ratio_min:tighter,single32,recoverability_min,quantitative_fidelity,recoverability_r,0.8300868070157964,>=,0.7,0.7,False,True,True,False,unresolved,True
oasis:prod_26:mtt_viability,OASIS_batch8,relative:variance_ratio_min:tighter,single32,magnitude_spearman_min,quantitative_and_ranking_fidelity,magnitude_spearman,0.6322211981566819,>=,0.7,0.7,False,False,False,False,unresolved,True
oasis:prod_26:mtt_viability,OASIS_batch8,relative:variance_ratio_min:tighter,single32,top5pct_quantitative_min,quantitative_fidelity,top5pct_recall,0.8571428571428571,>=,0.6,0.6,False,True,True,False,unresolved,True
oasis:prod_26:mtt_viability,OASIS_batch8,relative:variance_ratio_min:tighter,single32,top5pct_ranking_min,ranking_fidelity,top5pct_recall,0.8571428571428571,>=,0.5,0.5,False,True,True,False,unresolved,True
oasis:prod_26:mtt_viability,OASIS_batch8,relative:variance_ratio_min:tighter,single32,reliability_min,reference_identifiability,reliability,0.6113974863478906,>=,0.3,0.3,False,True,True,False,unresolved,True
oasis:prod_26:mtt_viability,OASIS_batch8,relative:variance_ratio_min:tighter,single32,measurement_recoverability_max_exclusive,measurement_required_eligibility_not_good_performance,recoverability_r,0.8300868070157964,<,0.6,0.6,False,False,False,False,unresolved,True
oasis:prod_26:mtt_viability,OASIS_batch8,relative:variance_ratio_min:tighter,single32,variance_ratio_min,quantitative_fidelity,variance_ratio,0.9621864532826164,>=,0.55,0.5,True,True,True,False,unresolved,True
oasis:prod_26:mtt_viability,OASIS_batch8,relative:variance_ratio_min:tighter,single32,variance_ratio_max,quantitative_fidelity,variance_ratio,0.9621864532826164,<=,1.5,1.5,False,True,True,False,unresolved,True
oasis:prod_26:mtt_viability,OASIS_batch8,relative:variance_ratio_max:looser,single32,recoverability_min,quantitative_fidelity,recoverability_r,0.8300868070157964,>=,0.7,0.7,False,True,True,False,unresolved,True
oasis:prod_26:mtt_viability,OASIS_batch8,relative:variance_ratio_max:looser,single32,magnitude_spearman_min,quantitative_and_ranking_fidelity,magnitude_spearman,0.6322211981566819,>=,0.7,0.7,False,False,False,False,unresolved,True
oasis:prod_26:mtt_viability,OASIS_batch8,relative:variance_ratio_max:looser,single32,top5pct_quantitative_min,quantitative_fidelity,top5pct_recall,0.8571428571428571,>=,0.6,0.6,False,True,True,False,unresolved,True
oasis:prod_26:mtt_viability,OASIS_batch8,relative:variance_ratio_max:looser,single32,top5pct_ranking_min,ranking_fidelity,top5pct_recall,0.8571428571428571,>=,0.5,0.5,False,True,True,False,unresolved,True
oasis:prod_26:mtt_viability,OASIS_batch8,relative:variance_ratio_max:looser,single32,reliability_min,reference_identifiability,reliability,0.6113974863478906,>=,0.3,0.3,False,True,True,False,unresolved,True
oasis:prod_26:mtt_viability,OASIS_batch8,relative:variance_ratio_max:looser,single32,measurement_recoverability_max_exclusive,measurement_required_eligibility_not_good_performance,recoverability_r,0.8300868070157964,<,0.6,0.6,False,False,False,False,unresolved,True
oasis:prod_26:mtt_viability,OASIS_batch8,relative:variance_ratio_max:looser,single32,variance_ratio_min,quantitative_fidelity,variance_ratio,0.9621864532826164,>=,0.5,0.5,False,True,True,False,unresolved,True
oasis:prod_26:mtt_viability,OASIS_batch8,relative:variance_ratio_max:looser,single32,variance_ratio_max,quantitative_fidelity,variance_ratio,0.9621864532826164,<=,1.65,1.5,True,True,True,False,unresolved,True
oasis:prod_26:mtt_viability,OASIS_batch8,relative:variance_ratio_max:tighter,single32,recoverability_min,quantitative_fidelity,recoverability_r,0.8300868070157964,>=,0.7,0.7,False,True,True,False,unresolved,True
oasis:prod_26:mtt_viability,OASIS_batch8,relative:variance_ratio_max:tighter,single32,magnitude_spearman_min,quantitative_and_ranking_fidelity,magnitude_spearman,0.6322211981566819,>=,0.7,0.7,False,False,False,False,unresolved,True
oasis:prod_26:mtt_viability,OASIS_batch8,relative:variance_ratio_max:tighter,single32,top5pct_quantitative_min,quantitative_fidelity,top5pct_recall,0.8571428571428571,>=,0.6,0.6,False,True,True,False,unresolved,True
oasis:prod_26:mtt_viability,OASIS_batch8,relative:variance_ratio_max:tighter,single32,top5pct_ranking_min,ranking_fidelity,top5pct_recall,0.8571428571428571,>=,0.5,0.5,False,True,True,False,unresolved,True
oasis:prod_26:mtt_viability,OASIS_batch8,relative:variance_ratio_max:tighter,single32,reliability_min,reference_identifiability,reliability,0.6113974863478906,>=,0.3,0.3,False,True,True,False,unresolved,True
oasis:prod_26:mtt_viability,OASIS_batch8,relative:variance_ratio_max:tighter,single32,measurement_recoverability_max_exclusive,measurement_required_eligibility_not_good_performance,recoverability_r,0.8300868070157964,<,0.6,0.6,False,False,False,False,unresolved,True
oasis:prod_26:mtt_viability,OASIS_batch8,relative:variance_ratio_max:tighter,single32,variance_ratio_min,quantitative_fidelity,variance_ratio,0.9621864532826164,>=,0.5,0.5,False,True,True,False,unresolved,True
oasis:prod_26:mtt_viability,OASIS_batch8,relative:variance_ratio_max:tighter,single32,variance_ratio_max,quantitative_fidelity,variance_ratio,0.9621864532826164,<=,1.35,1.5,True,True,True,False,unresolved,True
oasis:prod_26:ldh_release,OASIS_batch8,baseline,baseline,recoverability_min,quantitative_fidelity,recoverability_r,0.6888483507256162,>=,0.7,0.7,False,False,False,False,unresolved,True
oasis:prod_26:ldh_release,OASIS_batch8,baseline,baseline,magnitude_spearman_min,quantitative_and_ranking_fidelity,magnitude_spearman,0.6224551931008624,>=,0.7,0.7,False,False,False,False,unresolved,True
oasis:prod_26:ldh_release,OASIS_batch8,baseline,baseline,top5pct_quantitative_min,quantitative_fidelity,top5pct_recall,0.8571428571428571,>=,0.6,0.6,False,True,True,False,unresolved,True
oasis:prod_26:ldh_release,OASIS_batch8,baseline,baseline,top5pct_ranking_min,ranking_fidelity,top5pct_recall,0.8571428571428571,>=,0.5,0.5,False,True,True,False,unresolved,True
oasis:prod_26:ldh_release,OASIS_batch8,baseline,baseline,reliability_min,reference_identifiability,reliability,0.561407563538768,>=,0.3,0.3,False,True,True,False,unresolved,True
oasis:prod_26:ldh_release,OASIS_batch8,baseline,baseline,measurement_recoverability_max_exclusive,measurement_required_eligibility_not_good_performance,recoverability_r,0.6888483507256162,<,0.6,0.6,False,False,False,False,unresolved,True
oasis:prod_26:ldh_release,OASIS_batch8,baseline,baseline,variance_ratio_min,quantitative_fidelity,variance_ratio,0.7622623875107509,>=,0.5,0.5,False,True,True,False,unresolved,True
oasis:prod_26:ldh_release,OASIS_batch8,baseline,baseline,variance_ratio_max,quantitative_fidelity,variance_ratio,0.7622623875107509,<=,1.5,1.5,False,True,True,False,unresolved,True
oasis:prod_26:ldh_release,OASIS_batch8,absolute:all gates:looser,joint4,recoverability_min,quantitative_fidelity,recoverability_r,0.6888483507256162,>=,0.65,0.7,True,True,False,True,unresolved,True
oasis:prod_26:ldh_release,OASIS_batch8,absolute:all gates:looser,joint4,magnitude_spearman_min,quantitative_and_ranking_fidelity,magnitude_spearman,0.6224551931008624,>=,0.65,0.7,True,False,False,False,unresolved,True
oasis:prod_26:ldh_release,OASIS_batch8,absolute:all gates:looser,joint4,top5pct_quantitative_min,quantitative_fidelity,top5pct_recall,0.8571428571428571,>=,0.55,0.6,True,True,True,False,unresolved,True
oasis:prod_26:ldh_release,OASIS_batch8,absolute:all gates:looser,joint4,top5pct_ranking_min,ranking_fidelity,top5pct_recall,0.8571428571428571,>=,0.45,0.5,True,True,True,False,unresolved,True
oasis:prod_26:ldh_release,OASIS_batch8,absolute:all gates:looser,joint4,reliability_min,reference_identifiability,reliability,0.561407563538768,>=,0.25,0.3,True,True,True,False,unresolved,True
oasis:prod_26:ldh_release,OASIS_batch8,absolute:all gates:looser,joint4,measurement_recoverability_max_exclusive,measurement_required_eligibility_not_good_performance,recoverability_r,0.6888483507256162,<,0.55,0.6,True,False,False,False,unresolved,True
oasis:prod_26:ldh_release,OASIS_batch8,absolute:all gates:looser,joint4,variance_ratio_min,quantitative_fidelity,variance_ratio,0.7622623875107509,>=,0.45,0.5,True,True,True,False,unresolved,True
oasis:prod_26:ldh_release,OASIS_batch8,absolute:all gates:looser,joint4,variance_ratio_max,quantitative_fidelity,variance_ratio,0.7622623875107509,<=,1.55,1.5,True,True,True,False,unresolved,True
oasis:prod_26:ldh_release,OASIS_batch8,absolute:all gates:tighter,joint4,recoverability_min,quantitative_fidelity,recoverability_r,0.6888483507256162,>=,0.75,0.7,True,False,False,False,unresolved,True
oasis:prod_26:ldh_release,OASIS_batch8,absolute:all gates:tighter,joint4,magnitude_spearman_min,quantitative_and_ranking_fidelity,magnitude_spearman,0.6224551931008624,>=,0.75,0.7,True,False,False,False,unresolved,True
oasis:prod_26:ldh_release,OASIS_batch8,absolute:all gates:tighter,joint4,top5pct_quantitative_min,quantitative_fidelity,top5pct_recall,0.8571428571428571,>=,0.65,0.6,True,True,True,False,unresolved,True
oasis:prod_26:ldh_release,OASIS_batch8,absolute:all gates:tighter,joint4,top5pct_ranking_min,ranking_fidelity,top5pct_recall,0.8571428571428571,>=,0.55,0.5,True,True,True,False,unresolved,True
oasis:prod_26:ldh_release,OASIS_batch8,absolute:all gates:tighter,joint4,reliability_min,reference_identifiability,reliability,0.561407563538768,>=,0.35,0.3,True,True,True,False,unresolved,True
oasis:prod_26:ldh_release,OASIS_batch8,absolute:all gates:tighter,joint4,measurement_recoverability_max_exclusive,measurement_required_eligibility_not_good_performance,recoverability_r,0.6888483507256162,<,0.65,0.6,True,False,False,False,unresolved,True
oasis:prod_26:ldh_release,OASIS_batch8,absolute:all gates:tighter,joint4,variance_ratio_min,quantitative_fidelity,variance_ratio,0.7622623875107509,>=,0.55,0.5,True,True,True,False,unresolved,True
oasis:prod_26:ldh_release,OASIS_batch8,absolute:all gates:tighter,joint4,variance_ratio_max,quantitative_fidelity,variance_ratio,0.7622623875107509,<=,1.45,1.5,True,True,True,False,unresolved,True
oasis:prod_26:ldh_release,OASIS_batch8,absolute:recoverability_min:looser,single32,recoverability_min,quantitative_fidelity,recoverability_r,0.6888483507256162,>=,0.65,0.7,True,True,False,True,unresolved,True
oasis:prod_26:ldh_release,OASIS_batch8,absolute:recoverability_min:looser,single32,magnitude_spearman_min,quantitative_and_ranking_fidelity,magnitude_spearman,0.6224551931008624,>=,0.7,0.7,False,False,False,False,unresolved,True
oasis:prod_26:ldh_release,OASIS_batch8,absolute:recoverability_min:looser,single32,top5pct_quantitative_min,quantitative_fidelity,top5pct_recall,0.8571428571428571,>=,0.6,0.6,False,True,True,False,unresolved,True
oasis:prod_26:ldh_release,OASIS_batch8,absolute:recoverability_min:looser,single32,top5pct_ranking_min,ranking_fidelity,top5pct_recall,0.8571428571428571,>=,0.5,0.5,False,True,True,False,unresolved,True
oasis:prod_26:ldh_release,OASIS_batch8,absolute:recoverability_min:looser,single32,reliability_min,reference_identifiability,reliability,0.561407563538768,>=,0.3,0.3,False,True,True,False,unresolved,True
oasis:prod_26:ldh_release,OASIS_batch8,absolute:recoverability_min:looser,single32,measurement_recoverability_max_exclusive,measurement_required_eligibility_not_good_performance,recoverability_r,0.6888483507256162,<,0.6,0.6,False,False,False,False,unresolved,True
oasis:prod_26:ldh_release,OASIS_batch8,absolute:recoverability_min:looser,single32,variance_ratio_min,quantitative_fidelity,variance_ratio,0.7622623875107509,>=,0.5,0.5,False,True,True,False,unresolved,True
oasis:prod_26:ldh_release,OASIS_batch8,absolute:recoverability_min:looser,single32,variance_ratio_max,quantitative_fidelity,variance_ratio,0.7622623875107509,<=,1.5,1.5,False,True,True,False,unresolved,True
oasis:prod_26:ldh_release,OASIS_batch8,absolute:recoverability_min:tighter,single32,recoverability_min,quantitative_fidelity,recoverability_r,0.6888483507256162,>=,0.75,0.7,True,False,False,False,unresolved,True
oasis:prod_26:ldh_release,OASIS_batch8,absolute:recoverability_min:tighter,single32,magnitude_spearman_min,quantitative_and_ranking_fidelity,magnitude_spearman,0.6224551931008624,>=,0.7,0.7,False,False,False,False,unresolved,True
oasis:prod_26:ldh_release,OASIS_batch8,absolute:recoverability_min:tighter,single32,top5pct_quantitative_min,quantitative_fidelity,top5pct_recall,0.8571428571428571,>=,0.6,0.6,False,True,True,False,unresolved,True
oasis:prod_26:ldh_release,OASIS_batch8,absolute:recoverability_min:tighter,single32,top5pct_ranking_min,ranking_fidelity,top5pct_recall,0.8571428571428571,>=,0.5,0.5,False,True,True,False,unresolved,True
oasis:prod_26:ldh_release,OASIS_batch8,absolute:recoverability_min:tighter,single32,reliability_min,reference_identifiability,reliability,0.561407563538768,>=,0.3,0.3,False,True,True,False,unresolved,True
oasis:prod_26:ldh_release,OASIS_batch8,absolute:recoverability_min:tighter,single32,measurement_recoverability_max_exclusive,measurement_required_eligibility_not_good_performance,recoverability_r,0.6888483507256162,<,0.6,0.6,False,False,False,False,unresolved,True
oasis:prod_26:ldh_release,OASIS_batch8,absolute:recoverability_min:tighter,single32,variance_ratio_min,quantitative_fidelity,variance_ratio,0.7622623875107509,>=,0.5,0.5,False,True,True,False,unresolved,True
oasis:prod_26:ldh_release,OASIS_batch8,absolute:recoverability_min:tighter,single32,variance_ratio_max,quantitative_fidelity,variance_ratio,0.7622623875107509,<=,1.5,1.5,False,True,True,False,unresolved,True
oasis:prod_26:ldh_release,OASIS_batch8,absolute:magnitude_spearman_min:looser,single32,recoverability_min,quantitative_fidelity,recoverability_r,0.6888483507256162,>=,0.7,0.7,False,False,False,False,unresolved,True
oasis:prod_26:ldh_release,OASIS_batch8,absolute:magnitude_spearman_min:looser,single32,magnitude_spearman_min,quantitative_and_ranking_fidelity,magnitude_spearman,0.6224551931008624,>=,0.65,0.7,True,False,False,False,unresolved,True
oasis:prod_26:ldh_release,OASIS_batch8,absolute:magnitude_spearman_min:looser,single32,top5pct_quantitative_min,quantitative_fidelity,top5pct_recall,0.8571428571428571,>=,0.6,0.6,False,True,True,False,unresolved,True
oasis:prod_26:ldh_release,OASIS_batch8,absolute:magnitude_spearman_min:looser,single32,top5pct_ranking_min,ranking_fidelity,top5pct_recall,0.8571428571428571,>=,0.5,0.5,False,True,True,False,unresolved,True
oasis:prod_26:ldh_release,OASIS_batch8,absolute:magnitude_spearman_min:looser,single32,reliability_min,reference_identifiability,reliability,0.561407563538768,>=,0.3,0.3,False,True,True,False,unresolved,True
oasis:prod_26:ldh_release,OASIS_batch8,absolute:magnitude_spearman_min:looser,single32,measurement_recoverability_max_exclusive,measurement_required_eligibility_not_good_performance,recoverability_r,0.6888483507256162,<,0.6,0.6,False,False,False,False,unresolved,True
oasis:prod_26:ldh_release,OASIS_batch8,absolute:magnitude_spearman_min:looser,single32,variance_ratio_min,quantitative_fidelity,variance_ratio,0.7622623875107509,>=,0.5,0.5,False,True,True,False,unresolved,True
oasis:prod_26:ldh_release,OASIS_batch8,absolute:magnitude_spearman_min:looser,single32,variance_ratio_max,quantitative_fidelity,variance_ratio,0.7622623875107509,<=,1.5,1.5,False,True,True,False,unresolved,True
oasis:prod_26:ldh_release,OASIS_batch8,absolute:magnitude_spearman_min:tighter,single32,recoverability_min,quantitative_fidelity,recoverability_r,0.6888483507256162,>=,0.7,0.7,False,False,False,False,unresolved,True
oasis:prod_26:ldh_release,OASIS_batch8,absolute:magnitude_spearman_min:tighter,single32,magnitude_spearman_min,quantitative_and_ranking_fidelity,magnitude_spearman,0.6224551931008624,>=,0.75,0.7,True,False,False,False,unresolved,True
oasis:prod_26:ldh_release,OASIS_batch8,absolute:magnitude_spearman_min:tighter,single32,top5pct_quantitative_min,quantitative_fidelity,top5pct_recall,0.8571428571428571,>=,0.6,0.6,False,True,True,False,unresolved,True
oasis:prod_26:ldh_release,OASIS_batch8,absolute:magnitude_spearman_min:tighter,single32,top5pct_ranking_min,ranking_fidelity,top5pct_recall,0.8571428571428571,>=,0.5,0.5,False,True,True,False,unresolved,True
oasis:prod_26:ldh_release,OASIS_batch8,absolute:magnitude_spearman_min:tighter,single32,reliability_min,reference_identifiability,reliability,0.561407563538768,>=,0.3,0.3,False,True,True,False,unresolved,True
oasis:prod_26:ldh_release,OASIS_batch8,absolute:magnitude_spearman_min:tighter,single32,measurement_recoverability_max_exclusive,measurement_required_eligibility_not_good_performance,recoverability_r,0.6888483507256162,<,0.6,0.6,False,False,False,False,unresolved,True
oasis:prod_26:ldh_release,OASIS_batch8,absolute:magnitude_spearman_min:tighter,single32,variance_ratio_min,quantitative_fidelity,variance_ratio,0.7622623875107509,>=,0.5,0.5,False,True,True,False,unresolved,True
oasis:prod_26:ldh_release,OASIS_batch8,absolute:magnitude_spearman_min:tighter,single32,variance_ratio_max,quantitative_fidelity,variance_ratio,0.7622623875107509,<=,1.5,1.5,False,True,True,False,unresolved,True
oasis:prod_26:ldh_release,OASIS_batch8,absolute:top5pct_quantitative_min:looser,single32,recoverability_min,quantitative_fidelity,recoverability_r,0.6888483507256162,>=,0.7,0.7,False,False,False,False,unresolved,True
oasis:prod_26:ldh_release,OASIS_batch8,absolute:top5pct_quantitative_min:looser,single32,magnitude_spearman_min,quantitative_and_ranking_fidelity,magnitude_spearman,0.6224551931008624,>=,0.7,0.7,False,False,False,False,unresolved,True
oasis:prod_26:ldh_release,OASIS_batch8,absolute:top5pct_quantitative_min:looser,single32,top5pct_quantitative_min,quantitative_fidelity,top5pct_recall,0.8571428571428571,>=,0.55,0.6,True,True,True,False,unresolved,True
oasis:prod_26:ldh_release,OASIS_batch8,absolute:top5pct_quantitative_min:looser,single32,top5pct_ranking_min,ranking_fidelity,top5pct_recall,0.8571428571428571,>=,0.5,0.5,False,True,True,False,unresolved,True
oasis:prod_26:ldh_release,OASIS_batch8,absolute:top5pct_quantitative_min:looser,single32,reliability_min,reference_identifiability,reliability,0.561407563538768,>=,0.3,0.3,False,True,True,False,unresolved,True
oasis:prod_26:ldh_release,OASIS_batch8,absolute:top5pct_quantitative_min:looser,single32,measurement_recoverability_max_exclusive,measurement_required_eligibility_not_good_performance,recoverability_r,0.6888483507256162,<,0.6,0.6,False,False,False,False,unresolved,True
oasis:prod_26:ldh_release,OASIS_batch8,absolute:top5pct_quantitative_min:looser,single32,variance_ratio_min,quantitative_fidelity,variance_ratio,0.7622623875107509,>=,0.5,0.5,False,True,True,False,unresolved,True
oasis:prod_26:ldh_release,OASIS_batch8,absolute:top5pct_quantitative_min:looser,single32,variance_ratio_max,quantitative_fidelity,variance_ratio,0.7622623875107509,<=,1.5,1.5,False,True,True,False,unresolved,True
oasis:prod_26:ldh_release,OASIS_batch8,absolute:top5pct_quantitative_min:tighter,single32,recoverability_min,quantitative_fidelity,recoverability_r,0.6888483507256162,>=,0.7,0.7,False,False,False,False,unresolved,True
oasis:prod_26:ldh_release,OASIS_batch8,absolute:top5pct_quantitative_min:tighter,single32,magnitude_spearman_min,quantitative_and_ranking_fidelity,magnitude_spearman,0.6224551931008624,>=,0.7,0.7,False,False,False,False,unresolved,True
oasis:prod_26:ldh_release,OASIS_batch8,absolute:top5pct_quantitative_min:tighter,single32,top5pct_quantitative_min,quantitative_fidelity,top5pct_recall,0.8571428571428571,>=,0.65,0.6,True,True,True,False,unresolved,True
oasis:prod_26:ldh_release,OASIS_batch8,absolute:top5pct_quantitative_min:tighter,single32,top5pct_ranking_min,ranking_fidelity,top5pct_recall,0.8571428571428571,>=,0.5,0.5,False,True,True,False,unresolved,True
oasis:prod_26:ldh_release,OASIS_batch8,absolute:top5pct_quantitative_min:tighter,single32,reliability_min,reference_identifiability,reliability,0.561407563538768,>=,0.3,0.3,False,True,True,False,unresolved,True
oasis:prod_26:ldh_release,OASIS_batch8,absolute:top5pct_quantitative_min:tighter,single32,measurement_recoverability_max_exclusive,measurement_required_eligibility_not_good_performance,recoverability_r,0.6888483507256162,<,0.6,0.6,False,False,False,False,unresolved,True
oasis:prod_26:ldh_release,OASIS_batch8,absolute:top5pct_quantitative_min:tighter,single32,variance_ratio_min,quantitative_fidelity,variance_ratio,0.7622623875107509,>=,0.5,0.5,False,True,True,False,unresolved,True
oasis:prod_26:ldh_release,OASIS_batch8,absolute:top5pct_quantitative_min:tighter,single32,variance_ratio_max,quantitative_fidelity,variance_ratio,0.7622623875107509,<=,1.5,1.5,False,True,True,False,unresolved,True
oasis:prod_26:ldh_release,OASIS_batch8,absolute:top5pct_ranking_min:looser,single32,recoverability_min,quantitative_fidelity,recoverability_r,0.6888483507256162,>=,0.7,0.7,False,False,False,False,unresolved,True
oasis:prod_26:ldh_release,OASIS_batch8,absolute:top5pct_ranking_min:looser,single32,magnitude_spearman_min,quantitative_and_ranking_fidelity,magnitude_spearman,0.6224551931008624,>=,0.7,0.7,False,False,False,False,unresolved,True
oasis:prod_26:ldh_release,OASIS_batch8,absolute:top5pct_ranking_min:looser,single32,top5pct_quantitative_min,quantitative_fidelity,top5pct_recall,0.8571428571428571,>=,0.6,0.6,False,True,True,False,unresolved,True
oasis:prod_26:ldh_release,OASIS_batch8,absolute:top5pct_ranking_min:looser,single32,top5pct_ranking_min,ranking_fidelity,top5pct_recall,0.8571428571428571,>=,0.45,0.5,True,True,True,False,unresolved,True
oasis:prod_26:ldh_release,OASIS_batch8,absolute:top5pct_ranking_min:looser,single32,reliability_min,reference_identifiability,reliability,0.561407563538768,>=,0.3,0.3,False,True,True,False,unresolved,True
oasis:prod_26:ldh_release,OASIS_batch8,absolute:top5pct_ranking_min:looser,single32,measurement_recoverability_max_exclusive,measurement_required_eligibility_not_good_performance,recoverability_r,0.6888483507256162,<,0.6,0.6,False,False,False,False,unresolved,True
oasis:prod_26:ldh_release,OASIS_batch8,absolute:top5pct_ranking_min:looser,single32,variance_ratio_min,quantitative_fidelity,variance_ratio,0.7622623875107509,>=,0.5,0.5,False,True,True,False,unresolved,True
oasis:prod_26:ldh_release,OASIS_batch8,absolute:top5pct_ranking_min:looser,single32,variance_ratio_max,quantitative_fidelity,variance_ratio,0.7622623875107509,<=,1.5,1.5,False,True,True,False,unresolved,True
oasis:prod_26:ldh_release,OASIS_batch8,absolute:top5pct_ranking_min:tighter,single32,recoverability_min,quantitative_fidelity,recoverability_r,0.6888483507256162,>=,0.7,0.7,False,False,False,False,unresolved,True
oasis:prod_26:ldh_release,OASIS_batch8,absolute:top5pct_ranking_min:tighter,single32,magnitude_spearman_min,quantitative_and_ranking_fidelity,magnitude_spearman,0.6224551931008624,>=,0.7,0.7,False,False,False,False,unresolved,True
oasis:prod_26:ldh_release,OASIS_batch8,absolute:top5pct_ranking_min:tighter,single32,top5pct_quantitative_min,quantitative_fidelity,top5pct_recall,0.8571428571428571,>=,0.6,0.6,False,True,True,False,unresolved,True
oasis:prod_26:ldh_release,OASIS_batch8,absolute:top5pct_ranking_min:tighter,single32,top5pct_ranking_min,ranking_fidelity,top5pct_recall,0.8571428571428571,>=,0.55,0.5,True,True,True,False,unresolved,True
oasis:prod_26:ldh_release,OASIS_batch8,absolute:top5pct_ranking_min:tighter,single32,reliability_min,reference_identifiability,reliability,0.561407563538768,>=,0.3,0.3,False,True,True,False,unresolved,True
oasis:prod_26:ldh_release,OASIS_batch8,absolute:top5pct_ranking_min:tighter,single32,measurement_recoverability_max_exclusive,measurement_required_eligibility_not_good_performance,recoverability_r,0.6888483507256162,<,0.6,0.6,False,False,False,False,unresolved,True
oasis:prod_26:ldh_release,OASIS_batch8,absolute:top5pct_ranking_min:tighter,single32,variance_ratio_min,quantitative_fidelity,variance_ratio,0.7622623875107509,>=,0.5,0.5,False,True,True,False,unresolved,True
oasis:prod_26:ldh_release,OASIS_batch8,absolute:top5pct_ranking_min:tighter,single32,variance_ratio_max,quantitative_fidelity,variance_ratio,0.7622623875107509,<=,1.5,1.5,False,True,True,False,unresolved,True
oasis:prod_26:ldh_release,OASIS_batch8,absolute:reliability_min:looser,single32,recoverability_min,quantitative_fidelity,recoverability_r,0.6888483507256162,>=,0.7,0.7,False,False,False,False,unresolved,True
oasis:prod_26:ldh_release,OASIS_batch8,absolute:reliability_min:looser,single32,magnitude_spearman_min,quantitative_and_ranking_fidelity,magnitude_spearman,0.6224551931008624,>=,0.7,0.7,False,False,False,False,unresolved,True
oasis:prod_26:ldh_release,OASIS_batch8,absolute:reliability_min:looser,single32,top5pct_quantitative_min,quantitative_fidelity,top5pct_recall,0.8571428571428571,>=,0.6,0.6,False,True,True,False,unresolved,True
oasis:prod_26:ldh_release,OASIS_batch8,absolute:reliability_min:looser,single32,top5pct_ranking_min,ranking_fidelity,top5pct_recall,0.8571428571428571,>=,0.5,0.5,False,True,True,False,unresolved,True
oasis:prod_26:ldh_release,OASIS_batch8,absolute:reliability_min:looser,single32,reliability_min,reference_identifiability,reliability,0.561407563538768,>=,0.25,0.3,True,True,True,False,unresolved,True
oasis:prod_26:ldh_release,OASIS_batch8,absolute:reliability_min:looser,single32,measurement_recoverability_max_exclusive,measurement_required_eligibility_not_good_performance,recoverability_r,0.6888483507256162,<,0.6,0.6,False,False,False,False,unresolved,True
oasis:prod_26:ldh_release,OASIS_batch8,absolute:reliability_min:looser,single32,variance_ratio_min,quantitative_fidelity,variance_ratio,0.7622623875107509,>=,0.5,0.5,False,True,True,False,unresolved,True
oasis:prod_26:ldh_release,OASIS_batch8,absolute:reliability_min:looser,single32,variance_ratio_max,quantitative_fidelity,variance_ratio,0.7622623875107509,<=,1.5,1.5,False,True,True,False,unresolved,True
oasis:prod_26:ldh_release,OASIS_batch8,absolute:reliability_min:tighter,single32,recoverability_min,quantitative_fidelity,recoverability_r,0.6888483507256162,>=,0.7,0.7,False,False,False,False,unresolved,True
oasis:prod_26:ldh_release,OASIS_batch8,absolute:reliability_min:tighter,single32,magnitude_spearman_min,quantitative_and_ranking_fidelity,magnitude_spearman,0.6224551931008624,>=,0.7,0.7,False,False,False,False,unresolved,True
oasis:prod_26:ldh_release,OASIS_batch8,absolute:reliability_min:tighter,single32,top5pct_quantitative_min,quantitative_fidelity,top5pct_recall,0.8571428571428571,>=,0.6,0.6,False,True,True,False,unresolved,True
oasis:prod_26:ldh_release,OASIS_batch8,absolute:reliability_min:tighter,single32,top5pct_ranking_min,ranking_fidelity,top5pct_recall,0.8571428571428571,>=,0.5,0.5,False,True,True,False,unresolved,True
oasis:prod_26:ldh_release,OASIS_batch8,absolute:reliability_min:tighter,single32,reliability_min,reference_identifiability,reliability,0.561407563538768,>=,0.35,0.3,True,True,True,False,unresolved,True
oasis:prod_26:ldh_release,OASIS_batch8,absolute:reliability_min:tighter,single32,measurement_recoverability_max_exclusive,measurement_required_eligibility_not_good_performance,recoverability_r,0.6888483507256162,<,0.6,0.6,False,False,False,False,unresolved,True
oasis:prod_26:ldh_release,OASIS_batch8,absolute:reliability_min:tighter,single32,variance_ratio_min,quantitative_fidelity,variance_ratio,0.7622623875107509,>=,0.5,0.5,False,True,True,False,unresolved,True
oasis:prod_26:ldh_release,OASIS_batch8,absolute:reliability_min:tighter,single32,variance_ratio_max,quantitative_fidelity,variance_ratio,0.7622623875107509,<=,1.5,1.5,False,True,True,False,unresolved,True
oasis:prod_26:ldh_release,OASIS_batch8,absolute:measurement_recoverability_max_exclusive:looser,single32,recoverability_min,quantitative_fidelity,recoverability_r,0.6888483507256162,>=,0.7,0.7,False,False,False,False,unresolved,True
oasis:prod_26:ldh_release,OASIS_batch8,absolute:measurement_recoverability_max_exclusive:looser,single32,magnitude_spearman_min,quantitative_and_ranking_fidelity,magnitude_spearman,0.6224551931008624,>=,0.7,0.7,False,False,False,False,unresolved,True
oasis:prod_26:ldh_release,OASIS_batch8,absolute:measurement_recoverability_max_exclusive:looser,single32,top5pct_quantitative_min,quantitative_fidelity,top5pct_recall,0.8571428571428571,>=,0.6,0.6,False,True,True,False,unresolved,True
oasis:prod_26:ldh_release,OASIS_batch8,absolute:measurement_recoverability_max_exclusive:looser,single32,top5pct_ranking_min,ranking_fidelity,top5pct_recall,0.8571428571428571,>=,0.5,0.5,False,True,True,False,unresolved,True
oasis:prod_26:ldh_release,OASIS_batch8,absolute:measurement_recoverability_max_exclusive:looser,single32,reliability_min,reference_identifiability,reliability,0.561407563538768,>=,0.3,0.3,False,True,True,False,unresolved,True
oasis:prod_26:ldh_release,OASIS_batch8,absolute:measurement_recoverability_max_exclusive:looser,single32,measurement_recoverability_max_exclusive,measurement_required_eligibility_not_good_performance,recoverability_r,0.6888483507256162,<,0.55,0.6,True,False,False,False,unresolved,True
oasis:prod_26:ldh_release,OASIS_batch8,absolute:measurement_recoverability_max_exclusive:looser,single32,variance_ratio_min,quantitative_fidelity,variance_ratio,0.7622623875107509,>=,0.5,0.5,False,True,True,False,unresolved,True
oasis:prod_26:ldh_release,OASIS_batch8,absolute:measurement_recoverability_max_exclusive:looser,single32,variance_ratio_max,quantitative_fidelity,variance_ratio,0.7622623875107509,<=,1.5,1.5,False,True,True,False,unresolved,True
oasis:prod_26:ldh_release,OASIS_batch8,absolute:measurement_recoverability_max_exclusive:tighter,single32,recoverability_min,quantitative_fidelity,recoverability_r,0.6888483507256162,>=,0.7,0.7,False,False,False,False,unresolved,True
oasis:prod_26:ldh_release,OASIS_batch8,absolute:measurement_recoverability_max_exclusive:tighter,single32,magnitude_spearman_min,quantitative_and_ranking_fidelity,magnitude_spearman,0.6224551931008624,>=,0.7,0.7,False,False,False,False,unresolved,True
oasis:prod_26:ldh_release,OASIS_batch8,absolute:measurement_recoverability_max_exclusive:tighter,single32,top5pct_quantitative_min,quantitative_fidelity,top5pct_recall,0.8571428571428571,>=,0.6,0.6,False,True,True,False,unresolved,True
oasis:prod_26:ldh_release,OASIS_batch8,absolute:measurement_recoverability_max_exclusive:tighter,single32,top5pct_ranking_min,ranking_fidelity,top5pct_recall,0.8571428571428571,>=,0.5,0.5,False,True,True,False,unresolved,True
oasis:prod_26:ldh_release,OASIS_batch8,absolute:measurement_recoverability_max_exclusive:tighter,single32,reliability_min,reference_identifiability,reliability,0.561407563538768,>=,0.3,0.3,False,True,True,False,unresolved,True
oasis:prod_26:ldh_release,OASIS_batch8,absolute:measurement_recoverability_max_exclusive:tighter,single32,measurement_recoverability_max_exclusive,measurement_required_eligibility_not_good_performance,recoverability_r,0.6888483507256162,<,0.65,0.6,True,False,False,False,unresolved,True
oasis:prod_26:ldh_release,OASIS_batch8,absolute:measurement_recoverability_max_exclusive:tighter,single32,variance_ratio_min,quantitative_fidelity,variance_ratio,0.7622623875107509,>=,0.5,0.5,False,True,True,False,unresolved,True
oasis:prod_26:ldh_release,OASIS_batch8,absolute:measurement_recoverability_max_exclusive:tighter,single32,variance_ratio_max,quantitative_fidelity,variance_ratio,0.7622623875107509,<=,1.5,1.5,False,True,True,False,unresolved,True
oasis:prod_26:ldh_release,OASIS_batch8,absolute:variance_ratio_min:looser,single32,recoverability_min,quantitative_fidelity,recoverability_r,0.6888483507256162,>=,0.7,0.7,False,False,False,False,unresolved,True
oasis:prod_26:ldh_release,OASIS_batch8,absolute:variance_ratio_min:looser,single32,magnitude_spearman_min,quantitative_and_ranking_fidelity,magnitude_spearman,0.6224551931008624,>=,0.7,0.7,False,False,False,False,unresolved,True
oasis:prod_26:ldh_release,OASIS_batch8,absolute:variance_ratio_min:looser,single32,top5pct_quantitative_min,quantitative_fidelity,top5pct_recall,0.8571428571428571,>=,0.6,0.6,False,True,True,False,unresolved,True
oasis:prod_26:ldh_release,OASIS_batch8,absolute:variance_ratio_min:looser,single32,top5pct_ranking_min,ranking_fidelity,top5pct_recall,0.8571428571428571,>=,0.5,0.5,False,True,True,False,unresolved,True
oasis:prod_26:ldh_release,OASIS_batch8,absolute:variance_ratio_min:looser,single32,reliability_min,reference_identifiability,reliability,0.561407563538768,>=,0.3,0.3,False,True,True,False,unresolved,True
oasis:prod_26:ldh_release,OASIS_batch8,absolute:variance_ratio_min:looser,single32,measurement_recoverability_max_exclusive,measurement_required_eligibility_not_good_performance,recoverability_r,0.6888483507256162,<,0.6,0.6,False,False,False,False,unresolved,True
oasis:prod_26:ldh_release,OASIS_batch8,absolute:variance_ratio_min:looser,single32,variance_ratio_min,quantitative_fidelity,variance_ratio,0.7622623875107509,>=,0.45,0.5,True,True,True,False,unresolved,True
oasis:prod_26:ldh_release,OASIS_batch8,absolute:variance_ratio_min:looser,single32,variance_ratio_max,quantitative_fidelity,variance_ratio,0.7622623875107509,<=,1.5,1.5,False,True,True,False,unresolved,True
oasis:prod_26:ldh_release,OASIS_batch8,absolute:variance_ratio_min:tighter,single32,recoverability_min,quantitative_fidelity,recoverability_r,0.6888483507256162,>=,0.7,0.7,False,False,False,False,unresolved,True
oasis:prod_26:ldh_release,OASIS_batch8,absolute:variance_ratio_min:tighter,single32,magnitude_spearman_min,quantitative_and_ranking_fidelity,magnitude_spearman,0.6224551931008624,>=,0.7,0.7,False,False,False,False,unresolved,True
oasis:prod_26:ldh_release,OASIS_batch8,absolute:variance_ratio_min:tighter,single32,top5pct_quantitative_min,quantitative_fidelity,top5pct_recall,0.8571428571428571,>=,0.6,0.6,False,True,True,False,unresolved,True
oasis:prod_26:ldh_release,OASIS_batch8,absolute:variance_ratio_min:tighter,single32,top5pct_ranking_min,ranking_fidelity,top5pct_recall,0.8571428571428571,>=,0.5,0.5,False,True,True,False,unresolved,True
oasis:prod_26:ldh_release,OASIS_batch8,absolute:variance_ratio_min:tighter,single32,reliability_min,reference_identifiability,reliability,0.561407563538768,>=,0.3,0.3,False,True,True,False,unresolved,True
oasis:prod_26:ldh_release,OASIS_batch8,absolute:variance_ratio_min:tighter,single32,measurement_recoverability_max_exclusive,measurement_required_eligibility_not_good_performance,recoverability_r,0.6888483507256162,<,0.6,0.6,False,False,False,False,unresolved,True
oasis:prod_26:ldh_release,OASIS_batch8,absolute:variance_ratio_min:tighter,single32,variance_ratio_min,quantitative_fidelity,variance_ratio,0.7622623875107509,>=,0.55,0.5,True,True,True,False,unresolved,True
oasis:prod_26:ldh_release,OASIS_batch8,absolute:variance_ratio_min:tighter,single32,variance_ratio_max,quantitative_fidelity,variance_ratio,0.7622623875107509,<=,1.5,1.5,False,True,True,False,unresolved,True
oasis:prod_26:ldh_release,OASIS_batch8,absolute:variance_ratio_max:looser,single32,recoverability_min,quantitative_fidelity,recoverability_r,0.6888483507256162,>=,0.7,0.7,False,False,False,False,unresolved,True
oasis:prod_26:ldh_release,OASIS_batch8,absolute:variance_ratio_max:looser,single32,magnitude_spearman_min,quantitative_and_ranking_fidelity,magnitude_spearman,0.6224551931008624,>=,0.7,0.7,False,False,False,False,unresolved,True
oasis:prod_26:ldh_release,OASIS_batch8,absolute:variance_ratio_max:looser,single32,top5pct_quantitative_min,quantitative_fidelity,top5pct_recall,0.8571428571428571,>=,0.6,0.6,False,True,True,False,unresolved,True
oasis:prod_26:ldh_release,OASIS_batch8,absolute:variance_ratio_max:looser,single32,top5pct_ranking_min,ranking_fidelity,top5pct_recall,0.8571428571428571,>=,0.5,0.5,False,True,True,False,unresolved,True
oasis:prod_26:ldh_release,OASIS_batch8,absolute:variance_ratio_max:looser,single32,reliability_min,reference_identifiability,reliability,0.561407563538768,>=,0.3,0.3,False,True,True,False,unresolved,True
oasis:prod_26:ldh_release,OASIS_batch8,absolute:variance_ratio_max:looser,single32,measurement_recoverability_max_exclusive,measurement_required_eligibility_not_good_performance,recoverability_r,0.6888483507256162,<,0.6,0.6,False,False,False,False,unresolved,True
oasis:prod_26:ldh_release,OASIS_batch8,absolute:variance_ratio_max:looser,single32,variance_ratio_min,quantitative_fidelity,variance_ratio,0.7622623875107509,>=,0.5,0.5,False,True,True,False,unresolved,True
oasis:prod_26:ldh_release,OASIS_batch8,absolute:variance_ratio_max:looser,single32,variance_ratio_max,quantitative_fidelity,variance_ratio,0.7622623875107509,<=,1.55,1.5,True,True,True,False,unresolved,True
oasis:prod_26:ldh_release,OASIS_batch8,absolute:variance_ratio_max:tighter,single32,recoverability_min,quantitative_fidelity,recoverability_r,0.6888483507256162,>=,0.7,0.7,False,False,False,False,unresolved,True
oasis:prod_26:ldh_release,OASIS_batch8,absolute:variance_ratio_max:tighter,single32,magnitude_spearman_min,quantitative_and_ranking_fidelity,magnitude_spearman,0.6224551931008624,>=,0.7,0.7,False,False,False,False,unresolved,True
oasis:prod_26:ldh_release,OASIS_batch8,absolute:variance_ratio_max:tighter,single32,top5pct_quantitative_min,quantitative_fidelity,top5pct_recall,0.8571428571428571,>=,0.6,0.6,False,True,True,False,unresolved,True
oasis:prod_26:ldh_release,OASIS_batch8,absolute:variance_ratio_max:tighter,single32,top5pct_ranking_min,ranking_fidelity,top5pct_recall,0.8571428571428571,>=,0.5,0.5,False,True,True,False,unresolved,True
oasis:prod_26:ldh_release,OASIS_batch8,absolute:variance_ratio_max:tighter,single32,reliability_min,reference_identifiability,reliability,0.561407563538768,>=,0.3,0.3,False,True,True,False,unresolved,True
oasis:prod_26:ldh_release,OASIS_batch8,absolute:variance_ratio_max:tighter,single32,measurement_recoverability_max_exclusive,measurement_required_eligibility_not_good_performance,recoverability_r,0.6888483507256162,<,0.6,0.6,False,False,False,False,unresolved,True
oasis:prod_26:ldh_release,OASIS_batch8,absolute:variance_ratio_max:tighter,single32,variance_ratio_min,quantitative_fidelity,variance_ratio,0.7622623875107509,>=,0.5,0.5,False,True,True,False,unresolved,True
oasis:prod_26:ldh_release,OASIS_batch8,absolute:variance_ratio_max:tighter,single32,variance_ratio_max,quantitative_fidelity,variance_ratio,0.7622623875107509,<=,1.45,1.5,True,True,True,False,unresolved,True
oasis:prod_26:ldh_release,OASIS_batch8,relative:all gates:looser,joint4,recoverability_min,quantitative_fidelity,recoverability_r,0.6888483507256162,>=,0.63,0.7,True,True,False,True,unresolved,True
oasis:prod_26:ldh_release,OASIS_batch8,relative:all gates:looser,joint4,magnitude_spearman_min,quantitative_and_ranking_fidelity,magnitude_spearman,0.6224551931008624,>=,0.63,0.7,True,False,False,False,unresolved,True
oasis:prod_26:ldh_release,OASIS_batch8,relative:all gates:looser,joint4,top5pct_quantitative_min,quantitative_fidelity,top5pct_recall,0.8571428571428571,>=,0.54,0.6,True,True,True,False,unresolved,True
oasis:prod_26:ldh_release,OASIS_batch8,relative:all gates:looser,joint4,top5pct_ranking_min,ranking_fidelity,top5pct_recall,0.8571428571428571,>=,0.45,0.5,True,True,True,False,unresolved,True
oasis:prod_26:ldh_release,OASIS_batch8,relative:all gates:looser,joint4,reliability_min,reference_identifiability,reliability,0.561407563538768,>=,0.27,0.3,True,True,True,False,unresolved,True
oasis:prod_26:ldh_release,OASIS_batch8,relative:all gates:looser,joint4,measurement_recoverability_max_exclusive,measurement_required_eligibility_not_good_performance,recoverability_r,0.6888483507256162,<,0.54,0.6,True,False,False,False,unresolved,True
oasis:prod_26:ldh_release,OASIS_batch8,relative:all gates:looser,joint4,variance_ratio_min,quantitative_fidelity,variance_ratio,0.7622623875107509,>=,0.45,0.5,True,True,True,False,unresolved,True
oasis:prod_26:ldh_release,OASIS_batch8,relative:all gates:looser,joint4,variance_ratio_max,quantitative_fidelity,variance_ratio,0.7622623875107509,<=,1.65,1.5,True,True,True,False,unresolved,True
oasis:prod_26:ldh_release,OASIS_batch8,relative:all gates:tighter,joint4,recoverability_min,quantitative_fidelity,recoverability_r,0.6888483507256162,>=,0.77,0.7,True,False,False,False,unresolved,True
oasis:prod_26:ldh_release,OASIS_batch8,relative:all gates:tighter,joint4,magnitude_spearman_min,quantitative_and_ranking_fidelity,magnitude_spearman,0.6224551931008624,>=,0.77,0.7,True,False,False,False,unresolved,True
oasis:prod_26:ldh_release,OASIS_batch8,relative:all gates:tighter,joint4,top5pct_quantitative_min,quantitative_fidelity,top5pct_recall,0.8571428571428571,>=,0.66,0.6,True,True,True,False,unresolved,True
oasis:prod_26:ldh_release,OASIS_batch8,relative:all gates:tighter,joint4,top5pct_ranking_min,ranking_fidelity,top5pct_recall,0.8571428571428571,>=,0.55,0.5,True,True,True,False,unresolved,True
oasis:prod_26:ldh_release,OASIS_batch8,relative:all gates:tighter,joint4,reliability_min,reference_identifiability,reliability,0.561407563538768,>=,0.33,0.3,True,True,True,False,unresolved,True
oasis:prod_26:ldh_release,OASIS_batch8,relative:all gates:tighter,joint4,measurement_recoverability_max_exclusive,measurement_required_eligibility_not_good_performance,recoverability_r,0.6888483507256162,<,0.66,0.6,True,False,False,False,unresolved,True
oasis:prod_26:ldh_release,OASIS_batch8,relative:all gates:tighter,joint4,variance_ratio_min,quantitative_fidelity,variance_ratio,0.7622623875107509,>=,0.55,0.5,True,True,True,False,unresolved,True
oasis:prod_26:ldh_release,OASIS_batch8,relative:all gates:tighter,joint4,variance_ratio_max,quantitative_fidelity,variance_ratio,0.7622623875107509,<=,1.35,1.5,True,True,True,False,unresolved,True
oasis:prod_26:ldh_release,OASIS_batch8,relative:recoverability_min:looser,single32,recoverability_min,quantitative_fidelity,recoverability_r,0.6888483507256162,>=,0.63,0.7,True,True,False,True,unresolved,True
oasis:prod_26:ldh_release,OASIS_batch8,relative:recoverability_min:looser,single32,magnitude_spearman_min,quantitative_and_ranking_fidelity,magnitude_spearman,0.6224551931008624,>=,0.7,0.7,False,False,False,False,unresolved,True
oasis:prod_26:ldh_release,OASIS_batch8,relative:recoverability_min:looser,single32,top5pct_quantitative_min,quantitative_fidelity,top5pct_recall,0.8571428571428571,>=,0.6,0.6,False,True,True,False,unresolved,True
oasis:prod_26:ldh_release,OASIS_batch8,relative:recoverability_min:looser,single32,top5pct_ranking_min,ranking_fidelity,top5pct_recall,0.8571428571428571,>=,0.5,0.5,False,True,True,False,unresolved,True
oasis:prod_26:ldh_release,OASIS_batch8,relative:recoverability_min:looser,single32,reliability_min,reference_identifiability,reliability,0.561407563538768,>=,0.3,0.3,False,True,True,False,unresolved,True
oasis:prod_26:ldh_release,OASIS_batch8,relative:recoverability_min:looser,single32,measurement_recoverability_max_exclusive,measurement_required_eligibility_not_good_performance,recoverability_r,0.6888483507256162,<,0.6,0.6,False,False,False,False,unresolved,True
oasis:prod_26:ldh_release,OASIS_batch8,relative:recoverability_min:looser,single32,variance_ratio_min,quantitative_fidelity,variance_ratio,0.7622623875107509,>=,0.5,0.5,False,True,True,False,unresolved,True
oasis:prod_26:ldh_release,OASIS_batch8,relative:recoverability_min:looser,single32,variance_ratio_max,quantitative_fidelity,variance_ratio,0.7622623875107509,<=,1.5,1.5,False,True,True,False,unresolved,True
oasis:prod_26:ldh_release,OASIS_batch8,relative:recoverability_min:tighter,single32,recoverability_min,quantitative_fidelity,recoverability_r,0.6888483507256162,>=,0.77,0.7,True,False,False,False,unresolved,True
oasis:prod_26:ldh_release,OASIS_batch8,relative:recoverability_min:tighter,single32,magnitude_spearman_min,quantitative_and_ranking_fidelity,magnitude_spearman,0.6224551931008624,>=,0.7,0.7,False,False,False,False,unresolved,True
oasis:prod_26:ldh_release,OASIS_batch8,relative:recoverability_min:tighter,single32,top5pct_quantitative_min,quantitative_fidelity,top5pct_recall,0.8571428571428571,>=,0.6,0.6,False,True,True,False,unresolved,True
oasis:prod_26:ldh_release,OASIS_batch8,relative:recoverability_min:tighter,single32,top5pct_ranking_min,ranking_fidelity,top5pct_recall,0.8571428571428571,>=,0.5,0.5,False,True,True,False,unresolved,True
oasis:prod_26:ldh_release,OASIS_batch8,relative:recoverability_min:tighter,single32,reliability_min,reference_identifiability,reliability,0.561407563538768,>=,0.3,0.3,False,True,True,False,unresolved,True
oasis:prod_26:ldh_release,OASIS_batch8,relative:recoverability_min:tighter,single32,measurement_recoverability_max_exclusive,measurement_required_eligibility_not_good_performance,recoverability_r,0.6888483507256162,<,0.6,0.6,False,False,False,False,unresolved,True
oasis:prod_26:ldh_release,OASIS_batch8,relative:recoverability_min:tighter,single32,variance_ratio_min,quantitative_fidelity,variance_ratio,0.7622623875107509,>=,0.5,0.5,False,True,True,False,unresolved,True
oasis:prod_26:ldh_release,OASIS_batch8,relative:recoverability_min:tighter,single32,variance_ratio_max,quantitative_fidelity,variance_ratio,0.7622623875107509,<=,1.5,1.5,False,True,True,False,unresolved,True
oasis:prod_26:ldh_release,OASIS_batch8,relative:magnitude_spearman_min:looser,single32,recoverability_min,quantitative_fidelity,recoverability_r,0.6888483507256162,>=,0.7,0.7,False,False,False,False,unresolved,True
oasis:prod_26:ldh_release,OASIS_batch8,relative:magnitude_spearman_min:looser,single32,magnitude_spearman_min,quantitative_and_ranking_fidelity,magnitude_spearman,0.6224551931008624,>=,0.63,0.7,True,False,False,False,unresolved,True
oasis:prod_26:ldh_release,OASIS_batch8,relative:magnitude_spearman_min:looser,single32,top5pct_quantitative_min,quantitative_fidelity,top5pct_recall,0.8571428571428571,>=,0.6,0.6,False,True,True,False,unresolved,True
oasis:prod_26:ldh_release,OASIS_batch8,relative:magnitude_spearman_min:looser,single32,top5pct_ranking_min,ranking_fidelity,top5pct_recall,0.8571428571428571,>=,0.5,0.5,False,True,True,False,unresolved,True
oasis:prod_26:ldh_release,OASIS_batch8,relative:magnitude_spearman_min:looser,single32,reliability_min,reference_identifiability,reliability,0.561407563538768,>=,0.3,0.3,False,True,True,False,unresolved,True
oasis:prod_26:ldh_release,OASIS_batch8,relative:magnitude_spearman_min:looser,single32,measurement_recoverability_max_exclusive,measurement_required_eligibility_not_good_performance,recoverability_r,0.6888483507256162,<,0.6,0.6,False,False,False,False,unresolved,True
oasis:prod_26:ldh_release,OASIS_batch8,relative:magnitude_spearman_min:looser,single32,variance_ratio_min,quantitative_fidelity,variance_ratio,0.7622623875107509,>=,0.5,0.5,False,True,True,False,unresolved,True
oasis:prod_26:ldh_release,OASIS_batch8,relative:magnitude_spearman_min:looser,single32,variance_ratio_max,quantitative_fidelity,variance_ratio,0.7622623875107509,<=,1.5,1.5,False,True,True,False,unresolved,True
oasis:prod_26:ldh_release,OASIS_batch8,relative:magnitude_spearman_min:tighter,single32,recoverability_min,quantitative_fidelity,recoverability_r,0.6888483507256162,>=,0.7,0.7,False,False,False,False,unresolved,True
oasis:prod_26:ldh_release,OASIS_batch8,relative:magnitude_spearman_min:tighter,single32,magnitude_spearman_min,quantitative_and_ranking_fidelity,magnitude_spearman,0.6224551931008624,>=,0.77,0.7,True,False,False,False,unresolved,True
oasis:prod_26:ldh_release,OASIS_batch8,relative:magnitude_spearman_min:tighter,single32,top5pct_quantitative_min,quantitative_fidelity,top5pct_recall,0.8571428571428571,>=,0.6,0.6,False,True,True,False,unresolved,True
oasis:prod_26:ldh_release,OASIS_batch8,relative:magnitude_spearman_min:tighter,single32,top5pct_ranking_min,ranking_fidelity,top5pct_recall,0.8571428571428571,>=,0.5,0.5,False,True,True,False,unresolved,True
oasis:prod_26:ldh_release,OASIS_batch8,relative:magnitude_spearman_min:tighter,single32,reliability_min,reference_identifiability,reliability,0.561407563538768,>=,0.3,0.3,False,True,True,False,unresolved,True
oasis:prod_26:ldh_release,OASIS_batch8,relative:magnitude_spearman_min:tighter,single32,measurement_recoverability_max_exclusive,measurement_required_eligibility_not_good_performance,recoverability_r,0.6888483507256162,<,0.6,0.6,False,False,False,False,unresolved,True
oasis:prod_26:ldh_release,OASIS_batch8,relative:magnitude_spearman_min:tighter,single32,variance_ratio_min,quantitative_fidelity,variance_ratio,0.7622623875107509,>=,0.5,0.5,False,True,True,False,unresolved,True
oasis:prod_26:ldh_release,OASIS_batch8,relative:magnitude_spearman_min:tighter,single32,variance_ratio_max,quantitative_fidelity,variance_ratio,0.7622623875107509,<=,1.5,1.5,False,True,True,False,unresolved,True
oasis:prod_26:ldh_release,OASIS_batch8,relative:top5pct_quantitative_min:looser,single32,recoverability_min,quantitative_fidelity,recoverability_r,0.6888483507256162,>=,0.7,0.7,False,False,False,False,unresolved,True
oasis:prod_26:ldh_release,OASIS_batch8,relative:top5pct_quantitative_min:looser,single32,magnitude_spearman_min,quantitative_and_ranking_fidelity,magnitude_spearman,0.6224551931008624,>=,0.7,0.7,False,False,False,False,unresolved,True
oasis:prod_26:ldh_release,OASIS_batch8,relative:top5pct_quantitative_min:looser,single32,top5pct_quantitative_min,quantitative_fidelity,top5pct_recall,0.8571428571428571,>=,0.54,0.6,True,True,True,False,unresolved,True
oasis:prod_26:ldh_release,OASIS_batch8,relative:top5pct_quantitative_min:looser,single32,top5pct_ranking_min,ranking_fidelity,top5pct_recall,0.8571428571428571,>=,0.5,0.5,False,True,True,False,unresolved,True
oasis:prod_26:ldh_release,OASIS_batch8,relative:top5pct_quantitative_min:looser,single32,reliability_min,reference_identifiability,reliability,0.561407563538768,>=,0.3,0.3,False,True,True,False,unresolved,True
oasis:prod_26:ldh_release,OASIS_batch8,relative:top5pct_quantitative_min:looser,single32,measurement_recoverability_max_exclusive,measurement_required_eligibility_not_good_performance,recoverability_r,0.6888483507256162,<,0.6,0.6,False,False,False,False,unresolved,True
oasis:prod_26:ldh_release,OASIS_batch8,relative:top5pct_quantitative_min:looser,single32,variance_ratio_min,quantitative_fidelity,variance_ratio,0.7622623875107509,>=,0.5,0.5,False,True,True,False,unresolved,True
oasis:prod_26:ldh_release,OASIS_batch8,relative:top5pct_quantitative_min:looser,single32,variance_ratio_max,quantitative_fidelity,variance_ratio,0.7622623875107509,<=,1.5,1.5,False,True,True,False,unresolved,True
oasis:prod_26:ldh_release,OASIS_batch8,relative:top5pct_quantitative_min:tighter,single32,recoverability_min,quantitative_fidelity,recoverability_r,0.6888483507256162,>=,0.7,0.7,False,False,False,False,unresolved,True
oasis:prod_26:ldh_release,OASIS_batch8,relative:top5pct_quantitative_min:tighter,single32,magnitude_spearman_min,quantitative_and_ranking_fidelity,magnitude_spearman,0.6224551931008624,>=,0.7,0.7,False,False,False,False,unresolved,True
oasis:prod_26:ldh_release,OASIS_batch8,relative:top5pct_quantitative_min:tighter,single32,top5pct_quantitative_min,quantitative_fidelity,top5pct_recall,0.8571428571428571,>=,0.66,0.6,True,True,True,False,unresolved,True
oasis:prod_26:ldh_release,OASIS_batch8,relative:top5pct_quantitative_min:tighter,single32,top5pct_ranking_min,ranking_fidelity,top5pct_recall,0.8571428571428571,>=,0.5,0.5,False,True,True,False,unresolved,True
oasis:prod_26:ldh_release,OASIS_batch8,relative:top5pct_quantitative_min:tighter,single32,reliability_min,reference_identifiability,reliability,0.561407563538768,>=,0.3,0.3,False,True,True,False,unresolved,True
oasis:prod_26:ldh_release,OASIS_batch8,relative:top5pct_quantitative_min:tighter,single32,measurement_recoverability_max_exclusive,measurement_required_eligibility_not_good_performance,recoverability_r,0.6888483507256162,<,0.6,0.6,False,False,False,False,unresolved,True
oasis:prod_26:ldh_release,OASIS_batch8,relative:top5pct_quantitative_min:tighter,single32,variance_ratio_min,quantitative_fidelity,variance_ratio,0.7622623875107509,>=,0.5,0.5,False,True,True,False,unresolved,True
oasis:prod_26:ldh_release,OASIS_batch8,relative:top5pct_quantitative_min:tighter,single32,variance_ratio_max,quantitative_fidelity,variance_ratio,0.7622623875107509,<=,1.5,1.5,False,True,True,False,unresolved,True
oasis:prod_26:ldh_release,OASIS_batch8,relative:top5pct_ranking_min:looser,single32,recoverability_min,quantitative_fidelity,recoverability_r,0.6888483507256162,>=,0.7,0.7,False,False,False,False,unresolved,True
oasis:prod_26:ldh_release,OASIS_batch8,relative:top5pct_ranking_min:looser,single32,magnitude_spearman_min,quantitative_and_ranking_fidelity,magnitude_spearman,0.6224551931008624,>=,0.7,0.7,False,False,False,False,unresolved,True
oasis:prod_26:ldh_release,OASIS_batch8,relative:top5pct_ranking_min:looser,single32,top5pct_quantitative_min,quantitative_fidelity,top5pct_recall,0.8571428571428571,>=,0.6,0.6,False,True,True,False,unresolved,True
oasis:prod_26:ldh_release,OASIS_batch8,relative:top5pct_ranking_min:looser,single32,top5pct_ranking_min,ranking_fidelity,top5pct_recall,0.8571428571428571,>=,0.45,0.5,True,True,True,False,unresolved,True
oasis:prod_26:ldh_release,OASIS_batch8,relative:top5pct_ranking_min:looser,single32,reliability_min,reference_identifiability,reliability,0.561407563538768,>=,0.3,0.3,False,True,True,False,unresolved,True
oasis:prod_26:ldh_release,OASIS_batch8,relative:top5pct_ranking_min:looser,single32,measurement_recoverability_max_exclusive,measurement_required_eligibility_not_good_performance,recoverability_r,0.6888483507256162,<,0.6,0.6,False,False,False,False,unresolved,True
oasis:prod_26:ldh_release,OASIS_batch8,relative:top5pct_ranking_min:looser,single32,variance_ratio_min,quantitative_fidelity,variance_ratio,0.7622623875107509,>=,0.5,0.5,False,True,True,False,unresolved,True
oasis:prod_26:ldh_release,OASIS_batch8,relative:top5pct_ranking_min:looser,single32,variance_ratio_max,quantitative_fidelity,variance_ratio,0.7622623875107509,<=,1.5,1.5,False,True,True,False,unresolved,True
oasis:prod_26:ldh_release,OASIS_batch8,relative:top5pct_ranking_min:tighter,single32,recoverability_min,quantitative_fidelity,recoverability_r,0.6888483507256162,>=,0.7,0.7,False,False,False,False,unresolved,True
oasis:prod_26:ldh_release,OASIS_batch8,relative:top5pct_ranking_min:tighter,single32,magnitude_spearman_min,quantitative_and_ranking_fidelity,magnitude_spearman,0.6224551931008624,>=,0.7,0.7,False,False,False,False,unresolved,True
oasis:prod_26:ldh_release,OASIS_batch8,relative:top5pct_ranking_min:tighter,single32,top5pct_quantitative_min,quantitative_fidelity,top5pct_recall,0.8571428571428571,>=,0.6,0.6,False,True,True,False,unresolved,True
oasis:prod_26:ldh_release,OASIS_batch8,relative:top5pct_ranking_min:tighter,single32,top5pct_ranking_min,ranking_fidelity,top5pct_recall,0.8571428571428571,>=,0.55,0.5,True,True,True,False,unresolved,True
oasis:prod_26:ldh_release,OASIS_batch8,relative:top5pct_ranking_min:tighter,single32,reliability_min,reference_identifiability,reliability,0.561407563538768,>=,0.3,0.3,False,True,True,False,unresolved,True
oasis:prod_26:ldh_release,OASIS_batch8,relative:top5pct_ranking_min:tighter,single32,measurement_recoverability_max_exclusive,measurement_required_eligibility_not_good_performance,recoverability_r,0.6888483507256162,<,0.6,0.6,False,False,False,False,unresolved,True
oasis:prod_26:ldh_release,OASIS_batch8,relative:top5pct_ranking_min:tighter,single32,variance_ratio_min,quantitative_fidelity,variance_ratio,0.7622623875107509,>=,0.5,0.5,False,True,True,False,unresolved,True
oasis:prod_26:ldh_release,OASIS_batch8,relative:top5pct_ranking_min:tighter,single32,variance_ratio_max,quantitative_fidelity,variance_ratio,0.7622623875107509,<=,1.5,1.5,False,True,True,False,unresolved,True
oasis:prod_26:ldh_release,OASIS_batch8,relative:reliability_min:looser,single32,recoverability_min,quantitative_fidelity,recoverability_r,0.6888483507256162,>=,0.7,0.7,False,False,False,False,unresolved,True
oasis:prod_26:ldh_release,OASIS_batch8,relative:reliability_min:looser,single32,magnitude_spearman_min,quantitative_and_ranking_fidelity,magnitude_spearman,0.6224551931008624,>=,0.7,0.7,False,False,False,False,unresolved,True
oasis:prod_26:ldh_release,OASIS_batch8,relative:reliability_min:looser,single32,top5pct_quantitative_min,quantitative_fidelity,top5pct_recall,0.8571428571428571,>=,0.6,0.6,False,True,True,False,unresolved,True
oasis:prod_26:ldh_release,OASIS_batch8,relative:reliability_min:looser,single32,top5pct_ranking_min,ranking_fidelity,top5pct_recall,0.8571428571428571,>=,0.5,0.5,False,True,True,False,unresolved,True
oasis:prod_26:ldh_release,OASIS_batch8,relative:reliability_min:looser,single32,reliability_min,reference_identifiability,reliability,0.561407563538768,>=,0.27,0.3,True,True,True,False,unresolved,True
oasis:prod_26:ldh_release,OASIS_batch8,relative:reliability_min:looser,single32,measurement_recoverability_max_exclusive,measurement_required_eligibility_not_good_performance,recoverability_r,0.6888483507256162,<,0.6,0.6,False,False,False,False,unresolved,True
oasis:prod_26:ldh_release,OASIS_batch8,relative:reliability_min:looser,single32,variance_ratio_min,quantitative_fidelity,variance_ratio,0.7622623875107509,>=,0.5,0.5,False,True,True,False,unresolved,True
oasis:prod_26:ldh_release,OASIS_batch8,relative:reliability_min:looser,single32,variance_ratio_max,quantitative_fidelity,variance_ratio,0.7622623875107509,<=,1.5,1.5,False,True,True,False,unresolved,True
oasis:prod_26:ldh_release,OASIS_batch8,relative:reliability_min:tighter,single32,recoverability_min,quantitative_fidelity,recoverability_r,0.6888483507256162,>=,0.7,0.7,False,False,False,False,unresolved,True
oasis:prod_26:ldh_release,OASIS_batch8,relative:reliability_min:tighter,single32,magnitude_spearman_min,quantitative_and_ranking_fidelity,magnitude_spearman,0.6224551931008624,>=,0.7,0.7,False,False,False,False,unresolved,True
oasis:prod_26:ldh_release,OASIS_batch8,relative:reliability_min:tighter,single32,top5pct_quantitative_min,quantitative_fidelity,top5pct_recall,0.8571428571428571,>=,0.6,0.6,False,True,True,False,unresolved,True
oasis:prod_26:ldh_release,OASIS_batch8,relative:reliability_min:tighter,single32,top5pct_ranking_min,ranking_fidelity,top5pct_recall,0.8571428571428571,>=,0.5,0.5,False,True,True,False,unresolved,True
oasis:prod_26:ldh_release,OASIS_batch8,relative:reliability_min:tighter,single32,reliability_min,reference_identifiability,reliability,0.561407563538768,>=,0.33,0.3,True,True,True,False,unresolved,True
oasis:prod_26:ldh_release,OASIS_batch8,relative:reliability_min:tighter,single32,measurement_recoverability_max_exclusive,measurement_required_eligibility_not_good_performance,recoverability_r,0.6888483507256162,<,0.6,0.6,False,False,False,False,unresolved,True
oasis:prod_26:ldh_release,OASIS_batch8,relative:reliability_min:tighter,single32,variance_ratio_min,quantitative_fidelity,variance_ratio,0.7622623875107509,>=,0.5,0.5,False,True,True,False,unresolved,True
oasis:prod_26:ldh_release,OASIS_batch8,relative:reliability_min:tighter,single32,variance_ratio_max,quantitative_fidelity,variance_ratio,0.7622623875107509,<=,1.5,1.5,False,True,True,False,unresolved,True
oasis:prod_26:ldh_release,OASIS_batch8,relative:measurement_recoverability_max_exclusive:looser,single32,recoverability_min,quantitative_fidelity,recoverability_r,0.6888483507256162,>=,0.7,0.7,False,False,False,False,unresolved,True
oasis:prod_26:ldh_release,OASIS_batch8,relative:measurement_recoverability_max_exclusive:looser,single32,magnitude_spearman_min,quantitative_and_ranking_fidelity,magnitude_spearman,0.6224551931008624,>=,0.7,0.7,False,False,False,False,unresolved,True
oasis:prod_26:ldh_release,OASIS_batch8,relative:measurement_recoverability_max_exclusive:looser,single32,top5pct_quantitative_min,quantitative_fidelity,top5pct_recall,0.8571428571428571,>=,0.6,0.6,False,True,True,False,unresolved,True
oasis:prod_26:ldh_release,OASIS_batch8,relative:measurement_recoverability_max_exclusive:looser,single32,top5pct_ranking_min,ranking_fidelity,top5pct_recall,0.8571428571428571,>=,0.5,0.5,False,True,True,False,unresolved,True
oasis:prod_26:ldh_release,OASIS_batch8,relative:measurement_recoverability_max_exclusive:looser,single32,reliability_min,reference_identifiability,reliability,0.561407563538768,>=,0.3,0.3,False,True,True,False,unresolved,True
oasis:prod_26:ldh_release,OASIS_batch8,relative:measurement_recoverability_max_exclusive:looser,single32,measurement_recoverability_max_exclusive,measurement_required_eligibility_not_good_performance,recoverability_r,0.6888483507256162,<,0.54,0.6,True,False,False,False,unresolved,True
oasis:prod_26:ldh_release,OASIS_batch8,relative:measurement_recoverability_max_exclusive:looser,single32,variance_ratio_min,quantitative_fidelity,variance_ratio,0.7622623875107509,>=,0.5,0.5,False,True,True,False,unresolved,True
oasis:prod_26:ldh_release,OASIS_batch8,relative:measurement_recoverability_max_exclusive:looser,single32,variance_ratio_max,quantitative_fidelity,variance_ratio,0.7622623875107509,<=,1.5,1.5,False,True,True,False,unresolved,True
oasis:prod_26:ldh_release,OASIS_batch8,relative:measurement_recoverability_max_exclusive:tighter,single32,recoverability_min,quantitative_fidelity,recoverability_r,0.6888483507256162,>=,0.7,0.7,False,False,False,False,unresolved,True
oasis:prod_26:ldh_release,OASIS_batch8,relative:measurement_recoverability_max_exclusive:tighter,single32,magnitude_spearman_min,quantitative_and_ranking_fidelity,magnitude_spearman,0.6224551931008624,>=,0.7,0.7,False,False,False,False,unresolved,True
oasis:prod_26:ldh_release,OASIS_batch8,relative:measurement_recoverability_max_exclusive:tighter,single32,top5pct_quantitative_min,quantitative_fidelity,top5pct_recall,0.8571428571428571,>=,0.6,0.6,False,True,True,False,unresolved,True
oasis:prod_26:ldh_release,OASIS_batch8,relative:measurement_recoverability_max_exclusive:tighter,single32,top5pct_ranking_min,ranking_fidelity,top5pct_recall,0.8571428571428571,>=,0.5,0.5,False,True,True,False,unresolved,True
oasis:prod_26:ldh_release,OASIS_batch8,relative:measurement_recoverability_max_exclusive:tighter,single32,reliability_min,reference_identifiability,reliability,0.561407563538768,>=,0.3,0.3,False,True,True,False,unresolved,True
oasis:prod_26:ldh_release,OASIS_batch8,relative:measurement_recoverability_max_exclusive:tighter,single32,measurement_recoverability_max_exclusive,measurement_required_eligibility_not_good_performance,recoverability_r,0.6888483507256162,<,0.66,0.6,True,False,False,False,unresolved,True
oasis:prod_26:ldh_release,OASIS_batch8,relative:measurement_recoverability_max_exclusive:tighter,single32,variance_ratio_min,quantitative_fidelity,variance_ratio,0.7622623875107509,>=,0.5,0.5,False,True,True,False,unresolved,True
oasis:prod_26:ldh_release,OASIS_batch8,relative:measurement_recoverability_max_exclusive:tighter,single32,variance_ratio_max,quantitative_fidelity,variance_ratio,0.7622623875107509,<=,1.5,1.5,False,True,True,False,unresolved,True
oasis:prod_26:ldh_release,OASIS_batch8,relative:variance_ratio_min:looser,single32,recoverability_min,quantitative_fidelity,recoverability_r,0.6888483507256162,>=,0.7,0.7,False,False,False,False,unresolved,True
oasis:prod_26:ldh_release,OASIS_batch8,relative:variance_ratio_min:looser,single32,magnitude_spearman_min,quantitative_and_ranking_fidelity,magnitude_spearman,0.6224551931008624,>=,0.7,0.7,False,False,False,False,unresolved,True
oasis:prod_26:ldh_release,OASIS_batch8,relative:variance_ratio_min:looser,single32,top5pct_quantitative_min,quantitative_fidelity,top5pct_recall,0.8571428571428571,>=,0.6,0.6,False,True,True,False,unresolved,True
oasis:prod_26:ldh_release,OASIS_batch8,relative:variance_ratio_min:looser,single32,top5pct_ranking_min,ranking_fidelity,top5pct_recall,0.8571428571428571,>=,0.5,0.5,False,True,True,False,unresolved,True
oasis:prod_26:ldh_release,OASIS_batch8,relative:variance_ratio_min:looser,single32,reliability_min,reference_identifiability,reliability,0.561407563538768,>=,0.3,0.3,False,True,True,False,unresolved,True
oasis:prod_26:ldh_release,OASIS_batch8,relative:variance_ratio_min:looser,single32,measurement_recoverability_max_exclusive,measurement_required_eligibility_not_good_performance,recoverability_r,0.6888483507256162,<,0.6,0.6,False,False,False,False,unresolved,True
oasis:prod_26:ldh_release,OASIS_batch8,relative:variance_ratio_min:looser,single32,variance_ratio_min,quantitative_fidelity,variance_ratio,0.7622623875107509,>=,0.45,0.5,True,True,True,False,unresolved,True
oasis:prod_26:ldh_release,OASIS_batch8,relative:variance_ratio_min:looser,single32,variance_ratio_max,quantitative_fidelity,variance_ratio,0.7622623875107509,<=,1.5,1.5,False,True,True,False,unresolved,True
oasis:prod_26:ldh_release,OASIS_batch8,relative:variance_ratio_min:tighter,single32,recoverability_min,quantitative_fidelity,recoverability_r,0.6888483507256162,>=,0.7,0.7,False,False,False,False,unresolved,True
oasis:prod_26:ldh_release,OASIS_batch8,relative:variance_ratio_min:tighter,single32,magnitude_spearman_min,quantitative_and_ranking_fidelity,magnitude_spearman,0.6224551931008624,>=,0.7,0.7,False,False,False,False,unresolved,True
oasis:prod_26:ldh_release,OASIS_batch8,relative:variance_ratio_min:tighter,single32,top5pct_quantitative_min,quantitative_fidelity,top5pct_recall,0.8571428571428571,>=,0.6,0.6,False,True,True,False,unresolved,True
oasis:prod_26:ldh_release,OASIS_batch8,relative:variance_ratio_min:tighter,single32,top5pct_ranking_min,ranking_fidelity,top5pct_recall,0.8571428571428571,>=,0.5,0.5,False,True,True,False,unresolved,True
oasis:prod_26:ldh_release,OASIS_batch8,relative:variance_ratio_min:tighter,single32,reliability_min,reference_identifiability,reliability,0.561407563538768,>=,0.3,0.3,False,True,True,False,unresolved,True
oasis:prod_26:ldh_release,OASIS_batch8,relative:variance_ratio_min:tighter,single32,measurement_recoverability_max_exclusive,measurement_required_eligibility_not_good_performance,recoverability_r,0.6888483507256162,<,0.6,0.6,False,False,False,False,unresolved,True
oasis:prod_26:ldh_release,OASIS_batch8,relative:variance_ratio_min:tighter,single32,variance_ratio_min,quantitative_fidelity,variance_ratio,0.7622623875107509,>=,0.55,0.5,True,True,True,False,unresolved,True
oasis:prod_26:ldh_release,OASIS_batch8,relative:variance_ratio_min:tighter,single32,variance_ratio_max,quantitative_fidelity,variance_ratio,0.7622623875107509,<=,1.5,1.5,False,True,True,False,unresolved,True
oasis:prod_26:ldh_release,OASIS_batch8,relative:variance_ratio_max:looser,single32,recoverability_min,quantitative_fidelity,recoverability_r,0.6888483507256162,>=,0.7,0.7,False,False,False,False,unresolved,True
oasis:prod_26:ldh_release,OASIS_batch8,relative:variance_ratio_max:looser,single32,magnitude_spearman_min,quantitative_and_ranking_fidelity,magnitude_spearman,0.6224551931008624,>=,0.7,0.7,False,False,False,False,unresolved,True
oasis:prod_26:ldh_release,OASIS_batch8,relative:variance_ratio_max:looser,single32,top5pct_quantitative_min,quantitative_fidelity,top5pct_recall,0.8571428571428571,>=,0.6,0.6,False,True,True,False,unresolved,True
oasis:prod_26:ldh_release,OASIS_batch8,relative:variance_ratio_max:looser,single32,top5pct_ranking_min,ranking_fidelity,top5pct_recall,0.8571428571428571,>=,0.5,0.5,False,True,True,False,unresolved,True
oasis:prod_26:ldh_release,OASIS_batch8,relative:variance_ratio_max:looser,single32,reliability_min,reference_identifiability,reliability,0.561407563538768,>=,0.3,0.3,False,True,True,False,unresolved,True
oasis:prod_26:ldh_release,OASIS_batch8,relative:variance_ratio_max:looser,single32,measurement_recoverability_max_exclusive,measurement_required_eligibility_not_good_performance,recoverability_r,0.6888483507256162,<,0.6,0.6,False,False,False,False,unresolved,True
oasis:prod_26:ldh_release,OASIS_batch8,relative:variance_ratio_max:looser,single32,variance_ratio_min,quantitative_fidelity,variance_ratio,0.7622623875107509,>=,0.5,0.5,False,True,True,False,unresolved,True
oasis:prod_26:ldh_release,OASIS_batch8,relative:variance_ratio_max:looser,single32,variance_ratio_max,quantitative_fidelity,variance_ratio,0.7622623875107509,<=,1.65,1.5,True,True,True,False,unresolved,True
oasis:prod_26:ldh_release,OASIS_batch8,relative:variance_ratio_max:tighter,single32,recoverability_min,quantitative_fidelity,recoverability_r,0.6888483507256162,>=,0.7,0.7,False,False,False,False,unresolved,True
oasis:prod_26:ldh_release,OASIS_batch8,relative:variance_ratio_max:tighter,single32,magnitude_spearman_min,quantitative_and_ranking_fidelity,magnitude_spearman,0.6224551931008624,>=,0.7,0.7,False,False,False,False,unresolved,True
oasis:prod_26:ldh_release,OASIS_batch8,relative:variance_ratio_max:tighter,single32,top5pct_quantitative_min,quantitative_fidelity,top5pct_recall,0.8571428571428571,>=,0.6,0.6,False,True,True,False,unresolved,True
oasis:prod_26:ldh_release,OASIS_batch8,relative:variance_ratio_max:tighter,single32,top5pct_ranking_min,ranking_fidelity,top5pct_recall,0.8571428571428571,>=,0.5,0.5,False,True,True,False,unresolved,True
oasis:prod_26:ldh_release,OASIS_batch8,relative:variance_ratio_max:tighter,single32,reliability_min,reference_identifiability,reliability,0.561407563538768,>=,0.3,0.3,False,True,True,False,unresolved,True
oasis:prod_26:ldh_release,OASIS_batch8,relative:variance_ratio_max:tighter,single32,measurement_recoverability_max_exclusive,measurement_required_eligibility_not_good_performance,recoverability_r,0.6888483507256162,<,0.6,0.6,False,False,False,False,unresolved,True
oasis:prod_26:ldh_release,OASIS_batch8,relative:variance_ratio_max:tighter,single32,variance_ratio_min,quantitative_fidelity,variance_ratio,0.7622623875107509,>=,0.5,0.5,False,True,True,False,unresolved,True
oasis:prod_26:ldh_release,OASIS_batch8,relative:variance_ratio_max:tighter,single32,variance_ratio_max,quantitative_fidelity,variance_ratio,0.7622623875107509,<=,1.35,1.5,True,True,True,False,unresolved,True
oasis:prod_27:mtt_viability,OASIS_batch8,baseline,baseline,recoverability_min,quantitative_fidelity,recoverability_r,0.8059193165802689,>=,0.7,0.7,False,True,True,False,unresolved,True
oasis:prod_27:mtt_viability,OASIS_batch8,baseline,baseline,magnitude_spearman_min,quantitative_and_ranking_fidelity,magnitude_spearman,0.4890998463901689,>=,0.7,0.7,False,False,False,False,unresolved,True
oasis:prod_27:mtt_viability,OASIS_batch8,baseline,baseline,top5pct_quantitative_min,quantitative_fidelity,top5pct_recall,0.7142857142857143,>=,0.6,0.6,False,True,True,False,unresolved,True
oasis:prod_27:mtt_viability,OASIS_batch8,baseline,baseline,top5pct_ranking_min,ranking_fidelity,top5pct_recall,0.7142857142857143,>=,0.5,0.5,False,True,True,False,unresolved,True
oasis:prod_27:mtt_viability,OASIS_batch8,baseline,baseline,reliability_min,reference_identifiability,reliability,0.5803422599392686,>=,0.3,0.3,False,True,True,False,unresolved,True
oasis:prod_27:mtt_viability,OASIS_batch8,baseline,baseline,measurement_recoverability_max_exclusive,measurement_required_eligibility_not_good_performance,recoverability_r,0.8059193165802689,<,0.6,0.6,False,False,False,False,unresolved,True
oasis:prod_27:mtt_viability,OASIS_batch8,baseline,baseline,variance_ratio_min,quantitative_fidelity,variance_ratio,1.0476105836733316,>=,0.5,0.5,False,True,True,False,unresolved,True
oasis:prod_27:mtt_viability,OASIS_batch8,baseline,baseline,variance_ratio_max,quantitative_fidelity,variance_ratio,1.0476105836733316,<=,1.5,1.5,False,True,True,False,unresolved,True
oasis:prod_27:mtt_viability,OASIS_batch8,absolute:all gates:looser,joint4,recoverability_min,quantitative_fidelity,recoverability_r,0.8059193165802689,>=,0.65,0.7,True,True,True,False,unresolved,True
oasis:prod_27:mtt_viability,OASIS_batch8,absolute:all gates:looser,joint4,magnitude_spearman_min,quantitative_and_ranking_fidelity,magnitude_spearman,0.4890998463901689,>=,0.65,0.7,True,False,False,False,unresolved,True
oasis:prod_27:mtt_viability,OASIS_batch8,absolute:all gates:looser,joint4,top5pct_quantitative_min,quantitative_fidelity,top5pct_recall,0.7142857142857143,>=,0.55,0.6,True,True,True,False,unresolved,True
oasis:prod_27:mtt_viability,OASIS_batch8,absolute:all gates:looser,joint4,top5pct_ranking_min,ranking_fidelity,top5pct_recall,0.7142857142857143,>=,0.45,0.5,True,True,True,False,unresolved,True
oasis:prod_27:mtt_viability,OASIS_batch8,absolute:all gates:looser,joint4,reliability_min,reference_identifiability,reliability,0.5803422599392686,>=,0.25,0.3,True,True,True,False,unresolved,True
oasis:prod_27:mtt_viability,OASIS_batch8,absolute:all gates:looser,joint4,measurement_recoverability_max_exclusive,measurement_required_eligibility_not_good_performance,recoverability_r,0.8059193165802689,<,0.55,0.6,True,False,False,False,unresolved,True
oasis:prod_27:mtt_viability,OASIS_batch8,absolute:all gates:looser,joint4,variance_ratio_min,quantitative_fidelity,variance_ratio,1.0476105836733316,>=,0.45,0.5,True,True,True,False,unresolved,True
oasis:prod_27:mtt_viability,OASIS_batch8,absolute:all gates:looser,joint4,variance_ratio_max,quantitative_fidelity,variance_ratio,1.0476105836733316,<=,1.55,1.5,True,True,True,False,unresolved,True
oasis:prod_27:mtt_viability,OASIS_batch8,absolute:all gates:tighter,joint4,recoverability_min,quantitative_fidelity,recoverability_r,0.8059193165802689,>=,0.75,0.7,True,True,True,False,unresolved,True
oasis:prod_27:mtt_viability,OASIS_batch8,absolute:all gates:tighter,joint4,magnitude_spearman_min,quantitative_and_ranking_fidelity,magnitude_spearman,0.4890998463901689,>=,0.75,0.7,True,False,False,False,unresolved,True
oasis:prod_27:mtt_viability,OASIS_batch8,absolute:all gates:tighter,joint4,top5pct_quantitative_min,quantitative_fidelity,top5pct_recall,0.7142857142857143,>=,0.65,0.6,True,True,True,False,unresolved,True
oasis:prod_27:mtt_viability,OASIS_batch8,absolute:all gates:tighter,joint4,top5pct_ranking_min,ranking_fidelity,top5pct_recall,0.7142857142857143,>=,0.55,0.5,True,True,True,False,unresolved,True
oasis:prod_27:mtt_viability,OASIS_batch8,absolute:all gates:tighter,joint4,reliability_min,reference_identifiability,reliability,0.5803422599392686,>=,0.35,0.3,True,True,True,False,unresolved,True
oasis:prod_27:mtt_viability,OASIS_batch8,absolute:all gates:tighter,joint4,measurement_recoverability_max_exclusive,measurement_required_eligibility_not_good_performance,recoverability_r,0.8059193165802689,<,0.65,0.6,True,False,False,False,unresolved,True
oasis:prod_27:mtt_viability,OASIS_batch8,absolute:all gates:tighter,joint4,variance_ratio_min,quantitative_fidelity,variance_ratio,1.0476105836733316,>=,0.55,0.5,True,True,True,False,unresolved,True
oasis:prod_27:mtt_viability,OASIS_batch8,absolute:all gates:tighter,joint4,variance_ratio_max,quantitative_fidelity,variance_ratio,1.0476105836733316,<=,1.45,1.5,True,True,True,False,unresolved,True
oasis:prod_27:mtt_viability,OASIS_batch8,absolute:recoverability_min:looser,single32,recoverability_min,quantitative_fidelity,recoverability_r,0.8059193165802689,>=,0.65,0.7,True,True,True,False,unresolved,True
oasis:prod_27:mtt_viability,OASIS_batch8,absolute:recoverability_min:looser,single32,magnitude_spearman_min,quantitative_and_ranking_fidelity,magnitude_spearman,0.4890998463901689,>=,0.7,0.7,False,False,False,False,unresolved,True
oasis:prod_27:mtt_viability,OASIS_batch8,absolute:recoverability_min:looser,single32,top5pct_quantitative_min,quantitative_fidelity,top5pct_recall,0.7142857142857143,>=,0.6,0.6,False,True,True,False,unresolved,True
oasis:prod_27:mtt_viability,OASIS_batch8,absolute:recoverability_min:looser,single32,top5pct_ranking_min,ranking_fidelity,top5pct_recall,0.7142857142857143,>=,0.5,0.5,False,True,True,False,unresolved,True
oasis:prod_27:mtt_viability,OASIS_batch8,absolute:recoverability_min:looser,single32,reliability_min,reference_identifiability,reliability,0.5803422599392686,>=,0.3,0.3,False,True,True,False,unresolved,True
oasis:prod_27:mtt_viability,OASIS_batch8,absolute:recoverability_min:looser,single32,measurement_recoverability_max_exclusive,measurement_required_eligibility_not_good_performance,recoverability_r,0.8059193165802689,<,0.6,0.6,False,False,False,False,unresolved,True
oasis:prod_27:mtt_viability,OASIS_batch8,absolute:recoverability_min:looser,single32,variance_ratio_min,quantitative_fidelity,variance_ratio,1.0476105836733316,>=,0.5,0.5,False,True,True,False,unresolved,True
oasis:prod_27:mtt_viability,OASIS_batch8,absolute:recoverability_min:looser,single32,variance_ratio_max,quantitative_fidelity,variance_ratio,1.0476105836733316,<=,1.5,1.5,False,True,True,False,unresolved,True
oasis:prod_27:mtt_viability,OASIS_batch8,absolute:recoverability_min:tighter,single32,recoverability_min,quantitative_fidelity,recoverability_r,0.8059193165802689,>=,0.75,0.7,True,True,True,False,unresolved,True
oasis:prod_27:mtt_viability,OASIS_batch8,absolute:recoverability_min:tighter,single32,magnitude_spearman_min,quantitative_and_ranking_fidelity,magnitude_spearman,0.4890998463901689,>=,0.7,0.7,False,False,False,False,unresolved,True
oasis:prod_27:mtt_viability,OASIS_batch8,absolute:recoverability_min:tighter,single32,top5pct_quantitative_min,quantitative_fidelity,top5pct_recall,0.7142857142857143,>=,0.6,0.6,False,True,True,False,unresolved,True
oasis:prod_27:mtt_viability,OASIS_batch8,absolute:recoverability_min:tighter,single32,top5pct_ranking_min,ranking_fidelity,top5pct_recall,0.7142857142857143,>=,0.5,0.5,False,True,True,False,unresolved,True
oasis:prod_27:mtt_viability,OASIS_batch8,absolute:recoverability_min:tighter,single32,reliability_min,reference_identifiability,reliability,0.5803422599392686,>=,0.3,0.3,False,True,True,False,unresolved,True
oasis:prod_27:mtt_viability,OASIS_batch8,absolute:recoverability_min:tighter,single32,measurement_recoverability_max_exclusive,measurement_required_eligibility_not_good_performance,recoverability_r,0.8059193165802689,<,0.6,0.6,False,False,False,False,unresolved,True
oasis:prod_27:mtt_viability,OASIS_batch8,absolute:recoverability_min:tighter,single32,variance_ratio_min,quantitative_fidelity,variance_ratio,1.0476105836733316,>=,0.5,0.5,False,True,True,False,unresolved,True
oasis:prod_27:mtt_viability,OASIS_batch8,absolute:recoverability_min:tighter,single32,variance_ratio_max,quantitative_fidelity,variance_ratio,1.0476105836733316,<=,1.5,1.5,False,True,True,False,unresolved,True
oasis:prod_27:mtt_viability,OASIS_batch8,absolute:magnitude_spearman_min:looser,single32,recoverability_min,quantitative_fidelity,recoverability_r,0.8059193165802689,>=,0.7,0.7,False,True,True,False,unresolved,True
oasis:prod_27:mtt_viability,OASIS_batch8,absolute:magnitude_spearman_min:looser,single32,magnitude_spearman_min,quantitative_and_ranking_fidelity,magnitude_spearman,0.4890998463901689,>=,0.65,0.7,True,False,False,False,unresolved,True
oasis:prod_27:mtt_viability,OASIS_batch8,absolute:magnitude_spearman_min:looser,single32,top5pct_quantitative_min,quantitative_fidelity,top5pct_recall,0.7142857142857143,>=,0.6,0.6,False,True,True,False,unresolved,True
oasis:prod_27:mtt_viability,OASIS_batch8,absolute:magnitude_spearman_min:looser,single32,top5pct_ranking_min,ranking_fidelity,top5pct_recall,0.7142857142857143,>=,0.5,0.5,False,True,True,False,unresolved,True
oasis:prod_27:mtt_viability,OASIS_batch8,absolute:magnitude_spearman_min:looser,single32,reliability_min,reference_identifiability,reliability,0.5803422599392686,>=,0.3,0.3,False,True,True,False,unresolved,True
oasis:prod_27:mtt_viability,OASIS_batch8,absolute:magnitude_spearman_min:looser,single32,measurement_recoverability_max_exclusive,measurement_required_eligibility_not_good_performance,recoverability_r,0.8059193165802689,<,0.6,0.6,False,False,False,False,unresolved,True
oasis:prod_27:mtt_viability,OASIS_batch8,absolute:magnitude_spearman_min:looser,single32,variance_ratio_min,quantitative_fidelity,variance_ratio,1.0476105836733316,>=,0.5,0.5,False,True,True,False,unresolved,True
oasis:prod_27:mtt_viability,OASIS_batch8,absolute:magnitude_spearman_min:looser,single32,variance_ratio_max,quantitative_fidelity,variance_ratio,1.0476105836733316,<=,1.5,1.5,False,True,True,False,unresolved,True
oasis:prod_27:mtt_viability,OASIS_batch8,absolute:magnitude_spearman_min:tighter,single32,recoverability_min,quantitative_fidelity,recoverability_r,0.8059193165802689,>=,0.7,0.7,False,True,True,False,unresolved,True
oasis:prod_27:mtt_viability,OASIS_batch8,absolute:magnitude_spearman_min:tighter,single32,magnitude_spearman_min,quantitative_and_ranking_fidelity,magnitude_spearman,0.4890998463901689,>=,0.75,0.7,True,False,False,False,unresolved,True
oasis:prod_27:mtt_viability,OASIS_batch8,absolute:magnitude_spearman_min:tighter,single32,top5pct_quantitative_min,quantitative_fidelity,top5pct_recall,0.7142857142857143,>=,0.6,0.6,False,True,True,False,unresolved,True
oasis:prod_27:mtt_viability,OASIS_batch8,absolute:magnitude_spearman_min:tighter,single32,top5pct_ranking_min,ranking_fidelity,top5pct_recall,0.7142857142857143,>=,0.5,0.5,False,True,True,False,unresolved,True
oasis:prod_27:mtt_viability,OASIS_batch8,absolute:magnitude_spearman_min:tighter,single32,reliability_min,reference_identifiability,reliability,0.5803422599392686,>=,0.3,0.3,False,True,True,False,unresolved,True
oasis:prod_27:mtt_viability,OASIS_batch8,absolute:magnitude_spearman_min:tighter,single32,measurement_recoverability_max_exclusive,measurement_required_eligibility_not_good_performance,recoverability_r,0.8059193165802689,<,0.6,0.6,False,False,False,False,unresolved,True
oasis:prod_27:mtt_viability,OASIS_batch8,absolute:magnitude_spearman_min:tighter,single32,variance_ratio_min,quantitative_fidelity,variance_ratio,1.0476105836733316,>=,0.5,0.5,False,True,True,False,unresolved,True
oasis:prod_27:mtt_viability,OASIS_batch8,absolute:magnitude_spearman_min:tighter,single32,variance_ratio_max,quantitative_fidelity,variance_ratio,1.0476105836733316,<=,1.5,1.5,False,True,True,False,unresolved,True
oasis:prod_27:mtt_viability,OASIS_batch8,absolute:top5pct_quantitative_min:looser,single32,recoverability_min,quantitative_fidelity,recoverability_r,0.8059193165802689,>=,0.7,0.7,False,True,True,False,unresolved,True
oasis:prod_27:mtt_viability,OASIS_batch8,absolute:top5pct_quantitative_min:looser,single32,magnitude_spearman_min,quantitative_and_ranking_fidelity,magnitude_spearman,0.4890998463901689,>=,0.7,0.7,False,False,False,False,unresolved,True
oasis:prod_27:mtt_viability,OASIS_batch8,absolute:top5pct_quantitative_min:looser,single32,top5pct_quantitative_min,quantitative_fidelity,top5pct_recall,0.7142857142857143,>=,0.55,0.6,True,True,True,False,unresolved,True
oasis:prod_27:mtt_viability,OASIS_batch8,absolute:top5pct_quantitative_min:looser,single32,top5pct_ranking_min,ranking_fidelity,top5pct_recall,0.7142857142857143,>=,0.5,0.5,False,True,True,False,unresolved,True
oasis:prod_27:mtt_viability,OASIS_batch8,absolute:top5pct_quantitative_min:looser,single32,reliability_min,reference_identifiability,reliability,0.5803422599392686,>=,0.3,0.3,False,True,True,False,unresolved,True
oasis:prod_27:mtt_viability,OASIS_batch8,absolute:top5pct_quantitative_min:looser,single32,measurement_recoverability_max_exclusive,measurement_required_eligibility_not_good_performance,recoverability_r,0.8059193165802689,<,0.6,0.6,False,False,False,False,unresolved,True
oasis:prod_27:mtt_viability,OASIS_batch8,absolute:top5pct_quantitative_min:looser,single32,variance_ratio_min,quantitative_fidelity,variance_ratio,1.0476105836733316,>=,0.5,0.5,False,True,True,False,unresolved,True
oasis:prod_27:mtt_viability,OASIS_batch8,absolute:top5pct_quantitative_min:looser,single32,variance_ratio_max,quantitative_fidelity,variance_ratio,1.0476105836733316,<=,1.5,1.5,False,True,True,False,unresolved,True
oasis:prod_27:mtt_viability,OASIS_batch8,absolute:top5pct_quantitative_min:tighter,single32,recoverability_min,quantitative_fidelity,recoverability_r,0.8059193165802689,>=,0.7,0.7,False,True,True,False,unresolved,True
oasis:prod_27:mtt_viability,OASIS_batch8,absolute:top5pct_quantitative_min:tighter,single32,magnitude_spearman_min,quantitative_and_ranking_fidelity,magnitude_spearman,0.4890998463901689,>=,0.7,0.7,False,False,False,False,unresolved,True
oasis:prod_27:mtt_viability,OASIS_batch8,absolute:top5pct_quantitative_min:tighter,single32,top5pct_quantitative_min,quantitative_fidelity,top5pct_recall,0.7142857142857143,>=,0.65,0.6,True,True,True,False,unresolved,True
oasis:prod_27:mtt_viability,OASIS_batch8,absolute:top5pct_quantitative_min:tighter,single32,top5pct_ranking_min,ranking_fidelity,top5pct_recall,0.7142857142857143,>=,0.5,0.5,False,True,True,False,unresolved,True
oasis:prod_27:mtt_viability,OASIS_batch8,absolute:top5pct_quantitative_min:tighter,single32,reliability_min,reference_identifiability,reliability,0.5803422599392686,>=,0.3,0.3,False,True,True,False,unresolved,True
oasis:prod_27:mtt_viability,OASIS_batch8,absolute:top5pct_quantitative_min:tighter,single32,measurement_recoverability_max_exclusive,measurement_required_eligibility_not_good_performance,recoverability_r,0.8059193165802689,<,0.6,0.6,False,False,False,False,unresolved,True
oasis:prod_27:mtt_viability,OASIS_batch8,absolute:top5pct_quantitative_min:tighter,single32,variance_ratio_min,quantitative_fidelity,variance_ratio,1.0476105836733316,>=,0.5,0.5,False,True,True,False,unresolved,True
oasis:prod_27:mtt_viability,OASIS_batch8,absolute:top5pct_quantitative_min:tighter,single32,variance_ratio_max,quantitative_fidelity,variance_ratio,1.0476105836733316,<=,1.5,1.5,False,True,True,False,unresolved,True
oasis:prod_27:mtt_viability,OASIS_batch8,absolute:top5pct_ranking_min:looser,single32,recoverability_min,quantitative_fidelity,recoverability_r,0.8059193165802689,>=,0.7,0.7,False,True,True,False,unresolved,True
oasis:prod_27:mtt_viability,OASIS_batch8,absolute:top5pct_ranking_min:looser,single32,magnitude_spearman_min,quantitative_and_ranking_fidelity,magnitude_spearman,0.4890998463901689,>=,0.7,0.7,False,False,False,False,unresolved,True
oasis:prod_27:mtt_viability,OASIS_batch8,absolute:top5pct_ranking_min:looser,single32,top5pct_quantitative_min,quantitative_fidelity,top5pct_recall,0.7142857142857143,>=,0.6,0.6,False,True,True,False,unresolved,True
oasis:prod_27:mtt_viability,OASIS_batch8,absolute:top5pct_ranking_min:looser,single32,top5pct_ranking_min,ranking_fidelity,top5pct_recall,0.7142857142857143,>=,0.45,0.5,True,True,True,False,unresolved,True
oasis:prod_27:mtt_viability,OASIS_batch8,absolute:top5pct_ranking_min:looser,single32,reliability_min,reference_identifiability,reliability,0.5803422599392686,>=,0.3,0.3,False,True,True,False,unresolved,True
oasis:prod_27:mtt_viability,OASIS_batch8,absolute:top5pct_ranking_min:looser,single32,measurement_recoverability_max_exclusive,measurement_required_eligibility_not_good_performance,recoverability_r,0.8059193165802689,<,0.6,0.6,False,False,False,False,unresolved,True
oasis:prod_27:mtt_viability,OASIS_batch8,absolute:top5pct_ranking_min:looser,single32,variance_ratio_min,quantitative_fidelity,variance_ratio,1.0476105836733316,>=,0.5,0.5,False,True,True,False,unresolved,True
oasis:prod_27:mtt_viability,OASIS_batch8,absolute:top5pct_ranking_min:looser,single32,variance_ratio_max,quantitative_fidelity,variance_ratio,1.0476105836733316,<=,1.5,1.5,False,True,True,False,unresolved,True
oasis:prod_27:mtt_viability,OASIS_batch8,absolute:top5pct_ranking_min:tighter,single32,recoverability_min,quantitative_fidelity,recoverability_r,0.8059193165802689,>=,0.7,0.7,False,True,True,False,unresolved,True
oasis:prod_27:mtt_viability,OASIS_batch8,absolute:top5pct_ranking_min:tighter,single32,magnitude_spearman_min,quantitative_and_ranking_fidelity,magnitude_spearman,0.4890998463901689,>=,0.7,0.7,False,False,False,False,unresolved,True
oasis:prod_27:mtt_viability,OASIS_batch8,absolute:top5pct_ranking_min:tighter,single32,top5pct_quantitative_min,quantitative_fidelity,top5pct_recall,0.7142857142857143,>=,0.6,0.6,False,True,True,False,unresolved,True
oasis:prod_27:mtt_viability,OASIS_batch8,absolute:top5pct_ranking_min:tighter,single32,top5pct_ranking_min,ranking_fidelity,top5pct_recall,0.7142857142857143,>=,0.55,0.5,True,True,True,False,unresolved,True
oasis:prod_27:mtt_viability,OASIS_batch8,absolute:top5pct_ranking_min:tighter,single32,reliability_min,reference_identifiability,reliability,0.5803422599392686,>=,0.3,0.3,False,True,True,False,unresolved,True
oasis:prod_27:mtt_viability,OASIS_batch8,absolute:top5pct_ranking_min:tighter,single32,measurement_recoverability_max_exclusive,measurement_required_eligibility_not_good_performance,recoverability_r,0.8059193165802689,<,0.6,0.6,False,False,False,False,unresolved,True
oasis:prod_27:mtt_viability,OASIS_batch8,absolute:top5pct_ranking_min:tighter,single32,variance_ratio_min,quantitative_fidelity,variance_ratio,1.0476105836733316,>=,0.5,0.5,False,True,True,False,unresolved,True
oasis:prod_27:mtt_viability,OASIS_batch8,absolute:top5pct_ranking_min:tighter,single32,variance_ratio_max,quantitative_fidelity,variance_ratio,1.0476105836733316,<=,1.5,1.5,False,True,True,False,unresolved,True
oasis:prod_27:mtt_viability,OASIS_batch8,absolute:reliability_min:looser,single32,recoverability_min,quantitative_fidelity,recoverability_r,0.8059193165802689,>=,0.7,0.7,False,True,True,False,unresolved,True
oasis:prod_27:mtt_viability,OASIS_batch8,absolute:reliability_min:looser,single32,magnitude_spearman_min,quantitative_and_ranking_fidelity,magnitude_spearman,0.4890998463901689,>=,0.7,0.7,False,False,False,False,unresolved,True
oasis:prod_27:mtt_viability,OASIS_batch8,absolute:reliability_min:looser,single32,top5pct_quantitative_min,quantitative_fidelity,top5pct_recall,0.7142857142857143,>=,0.6,0.6,False,True,True,False,unresolved,True
oasis:prod_27:mtt_viability,OASIS_batch8,absolute:reliability_min:looser,single32,top5pct_ranking_min,ranking_fidelity,top5pct_recall,0.7142857142857143,>=,0.5,0.5,False,True,True,False,unresolved,True
oasis:prod_27:mtt_viability,OASIS_batch8,absolute:reliability_min:looser,single32,reliability_min,reference_identifiability,reliability,0.5803422599392686,>=,0.25,0.3,True,True,True,False,unresolved,True
oasis:prod_27:mtt_viability,OASIS_batch8,absolute:reliability_min:looser,single32,measurement_recoverability_max_exclusive,measurement_required_eligibility_not_good_performance,recoverability_r,0.8059193165802689,<,0.6,0.6,False,False,False,False,unresolved,True
oasis:prod_27:mtt_viability,OASIS_batch8,absolute:reliability_min:looser,single32,variance_ratio_min,quantitative_fidelity,variance_ratio,1.0476105836733316,>=,0.5,0.5,False,True,True,False,unresolved,True
oasis:prod_27:mtt_viability,OASIS_batch8,absolute:reliability_min:looser,single32,variance_ratio_max,quantitative_fidelity,variance_ratio,1.0476105836733316,<=,1.5,1.5,False,True,True,False,unresolved,True
oasis:prod_27:mtt_viability,OASIS_batch8,absolute:reliability_min:tighter,single32,recoverability_min,quantitative_fidelity,recoverability_r,0.8059193165802689,>=,0.7,0.7,False,True,True,False,unresolved,True
oasis:prod_27:mtt_viability,OASIS_batch8,absolute:reliability_min:tighter,single32,magnitude_spearman_min,quantitative_and_ranking_fidelity,magnitude_spearman,0.4890998463901689,>=,0.7,0.7,False,False,False,False,unresolved,True
oasis:prod_27:mtt_viability,OASIS_batch8,absolute:reliability_min:tighter,single32,top5pct_quantitative_min,quantitative_fidelity,top5pct_recall,0.7142857142857143,>=,0.6,0.6,False,True,True,False,unresolved,True
oasis:prod_27:mtt_viability,OASIS_batch8,absolute:reliability_min:tighter,single32,top5pct_ranking_min,ranking_fidelity,top5pct_recall,0.7142857142857143,>=,0.5,0.5,False,True,True,False,unresolved,True
oasis:prod_27:mtt_viability,OASIS_batch8,absolute:reliability_min:tighter,single32,reliability_min,reference_identifiability,reliability,0.5803422599392686,>=,0.35,0.3,True,True,True,False,unresolved,True
oasis:prod_27:mtt_viability,OASIS_batch8,absolute:reliability_min:tighter,single32,measurement_recoverability_max_exclusive,measurement_required_eligibility_not_good_performance,recoverability_r,0.8059193165802689,<,0.6,0.6,False,False,False,False,unresolved,True
oasis:prod_27:mtt_viability,OASIS_batch8,absolute:reliability_min:tighter,single32,variance_ratio_min,quantitative_fidelity,variance_ratio,1.0476105836733316,>=,0.5,0.5,False,True,True,False,unresolved,True
oasis:prod_27:mtt_viability,OASIS_batch8,absolute:reliability_min:tighter,single32,variance_ratio_max,quantitative_fidelity,variance_ratio,1.0476105836733316,<=,1.5,1.5,False,True,True,False,unresolved,True
oasis:prod_27:mtt_viability,OASIS_batch8,absolute:measurement_recoverability_max_exclusive:looser,single32,recoverability_min,quantitative_fidelity,recoverability_r,0.8059193165802689,>=,0.7,0.7,False,True,True,False,unresolved,True
oasis:prod_27:mtt_viability,OASIS_batch8,absolute:measurement_recoverability_max_exclusive:looser,single32,magnitude_spearman_min,quantitative_and_ranking_fidelity,magnitude_spearman,0.4890998463901689,>=,0.7,0.7,False,False,False,False,unresolved,True
oasis:prod_27:mtt_viability,OASIS_batch8,absolute:measurement_recoverability_max_exclusive:looser,single32,top5pct_quantitative_min,quantitative_fidelity,top5pct_recall,0.7142857142857143,>=,0.6,0.6,False,True,True,False,unresolved,True
oasis:prod_27:mtt_viability,OASIS_batch8,absolute:measurement_recoverability_max_exclusive:looser,single32,top5pct_ranking_min,ranking_fidelity,top5pct_recall,0.7142857142857143,>=,0.5,0.5,False,True,True,False,unresolved,True
oasis:prod_27:mtt_viability,OASIS_batch8,absolute:measurement_recoverability_max_exclusive:looser,single32,reliability_min,reference_identifiability,reliability,0.5803422599392686,>=,0.3,0.3,False,True,True,False,unresolved,True
oasis:prod_27:mtt_viability,OASIS_batch8,absolute:measurement_recoverability_max_exclusive:looser,single32,measurement_recoverability_max_exclusive,measurement_required_eligibility_not_good_performance,recoverability_r,0.8059193165802689,<,0.55,0.6,True,False,False,False,unresolved,True
oasis:prod_27:mtt_viability,OASIS_batch8,absolute:measurement_recoverability_max_exclusive:looser,single32,variance_ratio_min,quantitative_fidelity,variance_ratio,1.0476105836733316,>=,0.5,0.5,False,True,True,False,unresolved,True
oasis:prod_27:mtt_viability,OASIS_batch8,absolute:measurement_recoverability_max_exclusive:looser,single32,variance_ratio_max,quantitative_fidelity,variance_ratio,1.0476105836733316,<=,1.5,1.5,False,True,True,False,unresolved,True
oasis:prod_27:mtt_viability,OASIS_batch8,absolute:measurement_recoverability_max_exclusive:tighter,single32,recoverability_min,quantitative_fidelity,recoverability_r,0.8059193165802689,>=,0.7,0.7,False,True,True,False,unresolved,True
oasis:prod_27:mtt_viability,OASIS_batch8,absolute:measurement_recoverability_max_exclusive:tighter,single32,magnitude_spearman_min,quantitative_and_ranking_fidelity,magnitude_spearman,0.4890998463901689,>=,0.7,0.7,False,False,False,False,unresolved,True
oasis:prod_27:mtt_viability,OASIS_batch8,absolute:measurement_recoverability_max_exclusive:tighter,single32,top5pct_quantitative_min,quantitative_fidelity,top5pct_recall,0.7142857142857143,>=,0.6,0.6,False,True,True,False,unresolved,True
oasis:prod_27:mtt_viability,OASIS_batch8,absolute:measurement_recoverability_max_exclusive:tighter,single32,top5pct_ranking_min,ranking_fidelity,top5pct_recall,0.7142857142857143,>=,0.5,0.5,False,True,True,False,unresolved,True
oasis:prod_27:mtt_viability,OASIS_batch8,absolute:measurement_recoverability_max_exclusive:tighter,single32,reliability_min,reference_identifiability,reliability,0.5803422599392686,>=,0.3,0.3,False,True,True,False,unresolved,True
oasis:prod_27:mtt_viability,OASIS_batch8,absolute:measurement_recoverability_max_exclusive:tighter,single32,measurement_recoverability_max_exclusive,measurement_required_eligibility_not_good_performance,recoverability_r,0.8059193165802689,<,0.65,0.6,True,False,False,False,unresolved,True
oasis:prod_27:mtt_viability,OASIS_batch8,absolute:measurement_recoverability_max_exclusive:tighter,single32,variance_ratio_min,quantitative_fidelity,variance_ratio,1.0476105836733316,>=,0.5,0.5,False,True,True,False,unresolved,True
oasis:prod_27:mtt_viability,OASIS_batch8,absolute:measurement_recoverability_max_exclusive:tighter,single32,variance_ratio_max,quantitative_fidelity,variance_ratio,1.0476105836733316,<=,1.5,1.5,False,True,True,False,unresolved,True
oasis:prod_27:mtt_viability,OASIS_batch8,absolute:variance_ratio_min:looser,single32,recoverability_min,quantitative_fidelity,recoverability_r,0.8059193165802689,>=,0.7,0.7,False,True,True,False,unresolved,True
oasis:prod_27:mtt_viability,OASIS_batch8,absolute:variance_ratio_min:looser,single32,magnitude_spearman_min,quantitative_and_ranking_fidelity,magnitude_spearman,0.4890998463901689,>=,0.7,0.7,False,False,False,False,unresolved,True
oasis:prod_27:mtt_viability,OASIS_batch8,absolute:variance_ratio_min:looser,single32,top5pct_quantitative_min,quantitative_fidelity,top5pct_recall,0.7142857142857143,>=,0.6,0.6,False,True,True,False,unresolved,True
oasis:prod_27:mtt_viability,OASIS_batch8,absolute:variance_ratio_min:looser,single32,top5pct_ranking_min,ranking_fidelity,top5pct_recall,0.7142857142857143,>=,0.5,0.5,False,True,True,False,unresolved,True
oasis:prod_27:mtt_viability,OASIS_batch8,absolute:variance_ratio_min:looser,single32,reliability_min,reference_identifiability,reliability,0.5803422599392686,>=,0.3,0.3,False,True,True,False,unresolved,True
oasis:prod_27:mtt_viability,OASIS_batch8,absolute:variance_ratio_min:looser,single32,measurement_recoverability_max_exclusive,measurement_required_eligibility_not_good_performance,recoverability_r,0.8059193165802689,<,0.6,0.6,False,False,False,False,unresolved,True
oasis:prod_27:mtt_viability,OASIS_batch8,absolute:variance_ratio_min:looser,single32,variance_ratio_min,quantitative_fidelity,variance_ratio,1.0476105836733316,>=,0.45,0.5,True,True,True,False,unresolved,True
oasis:prod_27:mtt_viability,OASIS_batch8,absolute:variance_ratio_min:looser,single32,variance_ratio_max,quantitative_fidelity,variance_ratio,1.0476105836733316,<=,1.5,1.5,False,True,True,False,unresolved,True
oasis:prod_27:mtt_viability,OASIS_batch8,absolute:variance_ratio_min:tighter,single32,recoverability_min,quantitative_fidelity,recoverability_r,0.8059193165802689,>=,0.7,0.7,False,True,True,False,unresolved,True
oasis:prod_27:mtt_viability,OASIS_batch8,absolute:variance_ratio_min:tighter,single32,magnitude_spearman_min,quantitative_and_ranking_fidelity,magnitude_spearman,0.4890998463901689,>=,0.7,0.7,False,False,False,False,unresolved,True
oasis:prod_27:mtt_viability,OASIS_batch8,absolute:variance_ratio_min:tighter,single32,top5pct_quantitative_min,quantitative_fidelity,top5pct_recall,0.7142857142857143,>=,0.6,0.6,False,True,True,False,unresolved,True
oasis:prod_27:mtt_viability,OASIS_batch8,absolute:variance_ratio_min:tighter,single32,top5pct_ranking_min,ranking_fidelity,top5pct_recall,0.7142857142857143,>=,0.5,0.5,False,True,True,False,unresolved,True
oasis:prod_27:mtt_viability,OASIS_batch8,absolute:variance_ratio_min:tighter,single32,reliability_min,reference_identifiability,reliability,0.5803422599392686,>=,0.3,0.3,False,True,True,False,unresolved,True
oasis:prod_27:mtt_viability,OASIS_batch8,absolute:variance_ratio_min:tighter,single32,measurement_recoverability_max_exclusive,measurement_required_eligibility_not_good_performance,recoverability_r,0.8059193165802689,<,0.6,0.6,False,False,False,False,unresolved,True
oasis:prod_27:mtt_viability,OASIS_batch8,absolute:variance_ratio_min:tighter,single32,variance_ratio_min,quantitative_fidelity,variance_ratio,1.0476105836733316,>=,0.55,0.5,True,True,True,False,unresolved,True
oasis:prod_27:mtt_viability,OASIS_batch8,absolute:variance_ratio_min:tighter,single32,variance_ratio_max,quantitative_fidelity,variance_ratio,1.0476105836733316,<=,1.5,1.5,False,True,True,False,unresolved,True
oasis:prod_27:mtt_viability,OASIS_batch8,absolute:variance_ratio_max:looser,single32,recoverability_min,quantitative_fidelity,recoverability_r,0.8059193165802689,>=,0.7,0.7,False,True,True,False,unresolved,True
oasis:prod_27:mtt_viability,OASIS_batch8,absolute:variance_ratio_max:looser,single32,magnitude_spearman_min,quantitative_and_ranking_fidelity,magnitude_spearman,0.4890998463901689,>=,0.7,0.7,False,False,False,False,unresolved,True
oasis:prod_27:mtt_viability,OASIS_batch8,absolute:variance_ratio_max:looser,single32,top5pct_quantitative_min,quantitative_fidelity,top5pct_recall,0.7142857142857143,>=,0.6,0.6,False,True,True,False,unresolved,True
oasis:prod_27:mtt_viability,OASIS_batch8,absolute:variance_ratio_max:looser,single32,top5pct_ranking_min,ranking_fidelity,top5pct_recall,0.7142857142857143,>=,0.5,0.5,False,True,True,False,unresolved,True
oasis:prod_27:mtt_viability,OASIS_batch8,absolute:variance_ratio_max:looser,single32,reliability_min,reference_identifiability,reliability,0.5803422599392686,>=,0.3,0.3,False,True,True,False,unresolved,True
oasis:prod_27:mtt_viability,OASIS_batch8,absolute:variance_ratio_max:looser,single32,measurement_recoverability_max_exclusive,measurement_required_eligibility_not_good_performance,recoverability_r,0.8059193165802689,<,0.6,0.6,False,False,False,False,unresolved,True
oasis:prod_27:mtt_viability,OASIS_batch8,absolute:variance_ratio_max:looser,single32,variance_ratio_min,quantitative_fidelity,variance_ratio,1.0476105836733316,>=,0.5,0.5,False,True,True,False,unresolved,True
oasis:prod_27:mtt_viability,OASIS_batch8,absolute:variance_ratio_max:looser,single32,variance_ratio_max,quantitative_fidelity,variance_ratio,1.0476105836733316,<=,1.55,1.5,True,True,True,False,unresolved,True
oasis:prod_27:mtt_viability,OASIS_batch8,absolute:variance_ratio_max:tighter,single32,recoverability_min,quantitative_fidelity,recoverability_r,0.8059193165802689,>=,0.7,0.7,False,True,True,False,unresolved,True
oasis:prod_27:mtt_viability,OASIS_batch8,absolute:variance_ratio_max:tighter,single32,magnitude_spearman_min,quantitative_and_ranking_fidelity,magnitude_spearman,0.4890998463901689,>=,0.7,0.7,False,False,False,False,unresolved,True
oasis:prod_27:mtt_viability,OASIS_batch8,absolute:variance_ratio_max:tighter,single32,top5pct_quantitative_min,quantitative_fidelity,top5pct_recall,0.7142857142857143,>=,0.6,0.6,False,True,True,False,unresolved,True
oasis:prod_27:mtt_viability,OASIS_batch8,absolute:variance_ratio_max:tighter,single32,top5pct_ranking_min,ranking_fidelity,top5pct_recall,0.7142857142857143,>=,0.5,0.5,False,True,True,False,unresolved,True
oasis:prod_27:mtt_viability,OASIS_batch8,absolute:variance_ratio_max:tighter,single32,reliability_min,reference_identifiability,reliability,0.5803422599392686,>=,0.3,0.3,False,True,True,False,unresolved,True
oasis:prod_27:mtt_viability,OASIS_batch8,absolute:variance_ratio_max:tighter,single32,measurement_recoverability_max_exclusive,measurement_required_eligibility_not_good_performance,recoverability_r,0.8059193165802689,<,0.6,0.6,False,False,False,False,unresolved,True
oasis:prod_27:mtt_viability,OASIS_batch8,absolute:variance_ratio_max:tighter,single32,variance_ratio_min,quantitative_fidelity,variance_ratio,1.0476105836733316,>=,0.5,0.5,False,True,True,False,unresolved,True
oasis:prod_27:mtt_viability,OASIS_batch8,absolute:variance_ratio_max:tighter,single32,variance_ratio_max,quantitative_fidelity,variance_ratio,1.0476105836733316,<=,1.45,1.5,True,True,True,False,unresolved,True
oasis:prod_27:mtt_viability,OASIS_batch8,relative:all gates:looser,joint4,recoverability_min,quantitative_fidelity,recoverability_r,0.8059193165802689,>=,0.63,0.7,True,True,True,False,unresolved,True
oasis:prod_27:mtt_viability,OASIS_batch8,relative:all gates:looser,joint4,magnitude_spearman_min,quantitative_and_ranking_fidelity,magnitude_spearman,0.4890998463901689,>=,0.63,0.7,True,False,False,False,unresolved,True
oasis:prod_27:mtt_viability,OASIS_batch8,relative:all gates:looser,joint4,top5pct_quantitative_min,quantitative_fidelity,top5pct_recall,0.7142857142857143,>=,0.54,0.6,True,True,True,False,unresolved,True
oasis:prod_27:mtt_viability,OASIS_batch8,relative:all gates:looser,joint4,top5pct_ranking_min,ranking_fidelity,top5pct_recall,0.7142857142857143,>=,0.45,0.5,True,True,True,False,unresolved,True
oasis:prod_27:mtt_viability,OASIS_batch8,relative:all gates:looser,joint4,reliability_min,reference_identifiability,reliability,0.5803422599392686,>=,0.27,0.3,True,True,True,False,unresolved,True
oasis:prod_27:mtt_viability,OASIS_batch8,relative:all gates:looser,joint4,measurement_recoverability_max_exclusive,measurement_required_eligibility_not_good_performance,recoverability_r,0.8059193165802689,<,0.54,0.6,True,False,False,False,unresolved,True
oasis:prod_27:mtt_viability,OASIS_batch8,relative:all gates:looser,joint4,variance_ratio_min,quantitative_fidelity,variance_ratio,1.0476105836733316,>=,0.45,0.5,True,True,True,False,unresolved,True
oasis:prod_27:mtt_viability,OASIS_batch8,relative:all gates:looser,joint4,variance_ratio_max,quantitative_fidelity,variance_ratio,1.0476105836733316,<=,1.65,1.5,True,True,True,False,unresolved,True
oasis:prod_27:mtt_viability,OASIS_batch8,relative:all gates:tighter,joint4,recoverability_min,quantitative_fidelity,recoverability_r,0.8059193165802689,>=,0.77,0.7,True,True,True,False,unresolved,True
oasis:prod_27:mtt_viability,OASIS_batch8,relative:all gates:tighter,joint4,magnitude_spearman_min,quantitative_and_ranking_fidelity,magnitude_spearman,0.4890998463901689,>=,0.77,0.7,True,False,False,False,unresolved,True
oasis:prod_27:mtt_viability,OASIS_batch8,relative:all gates:tighter,joint4,top5pct_quantitative_min,quantitative_fidelity,top5pct_recall,0.7142857142857143,>=,0.66,0.6,True,True,True,False,unresolved,True
oasis:prod_27:mtt_viability,OASIS_batch8,relative:all gates:tighter,joint4,top5pct_ranking_min,ranking_fidelity,top5pct_recall,0.7142857142857143,>=,0.55,0.5,True,True,True,False,unresolved,True
oasis:prod_27:mtt_viability,OASIS_batch8,relative:all gates:tighter,joint4,reliability_min,reference_identifiability,reliability,0.5803422599392686,>=,0.33,0.3,True,True,True,False,unresolved,True
oasis:prod_27:mtt_viability,OASIS_batch8,relative:all gates:tighter,joint4,measurement_recoverability_max_exclusive,measurement_required_eligibility_not_good_performance,recoverability_r,0.8059193165802689,<,0.66,0.6,True,False,False,False,unresolved,True
oasis:prod_27:mtt_viability,OASIS_batch8,relative:all gates:tighter,joint4,variance_ratio_min,quantitative_fidelity,variance_ratio,1.0476105836733316,>=,0.55,0.5,True,True,True,False,unresolved,True
oasis:prod_27:mtt_viability,OASIS_batch8,relative:all gates:tighter,joint4,variance_ratio_max,quantitative_fidelity,variance_ratio,1.0476105836733316,<=,1.35,1.5,True,True,True,False,unresolved,True
oasis:prod_27:mtt_viability,OASIS_batch8,relative:recoverability_min:looser,single32,recoverability_min,quantitative_fidelity,recoverability_r,0.8059193165802689,>=,0.63,0.7,True,True,True,False,unresolved,True
oasis:prod_27:mtt_viability,OASIS_batch8,relative:recoverability_min:looser,single32,magnitude_spearman_min,quantitative_and_ranking_fidelity,magnitude_spearman,0.4890998463901689,>=,0.7,0.7,False,False,False,False,unresolved,True
oasis:prod_27:mtt_viability,OASIS_batch8,relative:recoverability_min:looser,single32,top5pct_quantitative_min,quantitative_fidelity,top5pct_recall,0.7142857142857143,>=,0.6,0.6,False,True,True,False,unresolved,True
oasis:prod_27:mtt_viability,OASIS_batch8,relative:recoverability_min:looser,single32,top5pct_ranking_min,ranking_fidelity,top5pct_recall,0.7142857142857143,>=,0.5,0.5,False,True,True,False,unresolved,True
oasis:prod_27:mtt_viability,OASIS_batch8,relative:recoverability_min:looser,single32,reliability_min,reference_identifiability,reliability,0.5803422599392686,>=,0.3,0.3,False,True,True,False,unresolved,True
oasis:prod_27:mtt_viability,OASIS_batch8,relative:recoverability_min:looser,single32,measurement_recoverability_max_exclusive,measurement_required_eligibility_not_good_performance,recoverability_r,0.8059193165802689,<,0.6,0.6,False,False,False,False,unresolved,True
oasis:prod_27:mtt_viability,OASIS_batch8,relative:recoverability_min:looser,single32,variance_ratio_min,quantitative_fidelity,variance_ratio,1.0476105836733316,>=,0.5,0.5,False,True,True,False,unresolved,True
oasis:prod_27:mtt_viability,OASIS_batch8,relative:recoverability_min:looser,single32,variance_ratio_max,quantitative_fidelity,variance_ratio,1.0476105836733316,<=,1.5,1.5,False,True,True,False,unresolved,True
oasis:prod_27:mtt_viability,OASIS_batch8,relative:recoverability_min:tighter,single32,recoverability_min,quantitative_fidelity,recoverability_r,0.8059193165802689,>=,0.77,0.7,True,True,True,False,unresolved,True
oasis:prod_27:mtt_viability,OASIS_batch8,relative:recoverability_min:tighter,single32,magnitude_spearman_min,quantitative_and_ranking_fidelity,magnitude_spearman,0.4890998463901689,>=,0.7,0.7,False,False,False,False,unresolved,True
oasis:prod_27:mtt_viability,OASIS_batch8,relative:recoverability_min:tighter,single32,top5pct_quantitative_min,quantitative_fidelity,top5pct_recall,0.7142857142857143,>=,0.6,0.6,False,True,True,False,unresolved,True
oasis:prod_27:mtt_viability,OASIS_batch8,relative:recoverability_min:tighter,single32,top5pct_ranking_min,ranking_fidelity,top5pct_recall,0.7142857142857143,>=,0.5,0.5,False,True,True,False,unresolved,True
oasis:prod_27:mtt_viability,OASIS_batch8,relative:recoverability_min:tighter,single32,reliability_min,reference_identifiability,reliability,0.5803422599392686,>=,0.3,0.3,False,True,True,False,unresolved,True
oasis:prod_27:mtt_viability,OASIS_batch8,relative:recoverability_min:tighter,single32,measurement_recoverability_max_exclusive,measurement_required_eligibility_not_good_performance,recoverability_r,0.8059193165802689,<,0.6,0.6,False,False,False,False,unresolved,True
oasis:prod_27:mtt_viability,OASIS_batch8,relative:recoverability_min:tighter,single32,variance_ratio_min,quantitative_fidelity,variance_ratio,1.0476105836733316,>=,0.5,0.5,False,True,True,False,unresolved,True
oasis:prod_27:mtt_viability,OASIS_batch8,relative:recoverability_min:tighter,single32,variance_ratio_max,quantitative_fidelity,variance_ratio,1.0476105836733316,<=,1.5,1.5,False,True,True,False,unresolved,True
oasis:prod_27:mtt_viability,OASIS_batch8,relative:magnitude_spearman_min:looser,single32,recoverability_min,quantitative_fidelity,recoverability_r,0.8059193165802689,>=,0.7,0.7,False,True,True,False,unresolved,True
oasis:prod_27:mtt_viability,OASIS_batch8,relative:magnitude_spearman_min:looser,single32,magnitude_spearman_min,quantitative_and_ranking_fidelity,magnitude_spearman,0.4890998463901689,>=,0.63,0.7,True,False,False,False,unresolved,True
oasis:prod_27:mtt_viability,OASIS_batch8,relative:magnitude_spearman_min:looser,single32,top5pct_quantitative_min,quantitative_fidelity,top5pct_recall,0.7142857142857143,>=,0.6,0.6,False,True,True,False,unresolved,True
oasis:prod_27:mtt_viability,OASIS_batch8,relative:magnitude_spearman_min:looser,single32,top5pct_ranking_min,ranking_fidelity,top5pct_recall,0.7142857142857143,>=,0.5,0.5,False,True,True,False,unresolved,True
oasis:prod_27:mtt_viability,OASIS_batch8,relative:magnitude_spearman_min:looser,single32,reliability_min,reference_identifiability,reliability,0.5803422599392686,>=,0.3,0.3,False,True,True,False,unresolved,True
oasis:prod_27:mtt_viability,OASIS_batch8,relative:magnitude_spearman_min:looser,single32,measurement_recoverability_max_exclusive,measurement_required_eligibility_not_good_performance,recoverability_r,0.8059193165802689,<,0.6,0.6,False,False,False,False,unresolved,True
oasis:prod_27:mtt_viability,OASIS_batch8,relative:magnitude_spearman_min:looser,single32,variance_ratio_min,quantitative_fidelity,variance_ratio,1.0476105836733316,>=,0.5,0.5,False,True,True,False,unresolved,True
oasis:prod_27:mtt_viability,OASIS_batch8,relative:magnitude_spearman_min:looser,single32,variance_ratio_max,quantitative_fidelity,variance_ratio,1.0476105836733316,<=,1.5,1.5,False,True,True,False,unresolved,True
oasis:prod_27:mtt_viability,OASIS_batch8,relative:magnitude_spearman_min:tighter,single32,recoverability_min,quantitative_fidelity,recoverability_r,0.8059193165802689,>=,0.7,0.7,False,True,True,False,unresolved,True
oasis:prod_27:mtt_viability,OASIS_batch8,relative:magnitude_spearman_min:tighter,single32,magnitude_spearman_min,quantitative_and_ranking_fidelity,magnitude_spearman,0.4890998463901689,>=,0.77,0.7,True,False,False,False,unresolved,True
oasis:prod_27:mtt_viability,OASIS_batch8,relative:magnitude_spearman_min:tighter,single32,top5pct_quantitative_min,quantitative_fidelity,top5pct_recall,0.7142857142857143,>=,0.6,0.6,False,True,True,False,unresolved,True
oasis:prod_27:mtt_viability,OASIS_batch8,relative:magnitude_spearman_min:tighter,single32,top5pct_ranking_min,ranking_fidelity,top5pct_recall,0.7142857142857143,>=,0.5,0.5,False,True,True,False,unresolved,True
oasis:prod_27:mtt_viability,OASIS_batch8,relative:magnitude_spearman_min:tighter,single32,reliability_min,reference_identifiability,reliability,0.5803422599392686,>=,0.3,0.3,False,True,True,False,unresolved,True
oasis:prod_27:mtt_viability,OASIS_batch8,relative:magnitude_spearman_min:tighter,single32,measurement_recoverability_max_exclusive,measurement_required_eligibility_not_good_performance,recoverability_r,0.8059193165802689,<,0.6,0.6,False,False,False,False,unresolved,True
oasis:prod_27:mtt_viability,OASIS_batch8,relative:magnitude_spearman_min:tighter,single32,variance_ratio_min,quantitative_fidelity,variance_ratio,1.0476105836733316,>=,0.5,0.5,False,True,True,False,unresolved,True
oasis:prod_27:mtt_viability,OASIS_batch8,relative:magnitude_spearman_min:tighter,single32,variance_ratio_max,quantitative_fidelity,variance_ratio,1.0476105836733316,<=,1.5,1.5,False,True,True,False,unresolved,True
oasis:prod_27:mtt_viability,OASIS_batch8,relative:top5pct_quantitative_min:looser,single32,recoverability_min,quantitative_fidelity,recoverability_r,0.8059193165802689,>=,0.7,0.7,False,True,True,False,unresolved,True
oasis:prod_27:mtt_viability,OASIS_batch8,relative:top5pct_quantitative_min:looser,single32,magnitude_spearman_min,quantitative_and_ranking_fidelity,magnitude_spearman,0.4890998463901689,>=,0.7,0.7,False,False,False,False,unresolved,True
oasis:prod_27:mtt_viability,OASIS_batch8,relative:top5pct_quantitative_min:looser,single32,top5pct_quantitative_min,quantitative_fidelity,top5pct_recall,0.7142857142857143,>=,0.54,0.6,True,True,True,False,unresolved,True
oasis:prod_27:mtt_viability,OASIS_batch8,relative:top5pct_quantitative_min:looser,single32,top5pct_ranking_min,ranking_fidelity,top5pct_recall,0.7142857142857143,>=,0.5,0.5,False,True,True,False,unresolved,True
oasis:prod_27:mtt_viability,OASIS_batch8,relative:top5pct_quantitative_min:looser,single32,reliability_min,reference_identifiability,reliability,0.5803422599392686,>=,0.3,0.3,False,True,True,False,unresolved,True
oasis:prod_27:mtt_viability,OASIS_batch8,relative:top5pct_quantitative_min:looser,single32,measurement_recoverability_max_exclusive,measurement_required_eligibility_not_good_performance,recoverability_r,0.8059193165802689,<,0.6,0.6,False,False,False,False,unresolved,True
oasis:prod_27:mtt_viability,OASIS_batch8,relative:top5pct_quantitative_min:looser,single32,variance_ratio_min,quantitative_fidelity,variance_ratio,1.0476105836733316,>=,0.5,0.5,False,True,True,False,unresolved,True
oasis:prod_27:mtt_viability,OASIS_batch8,relative:top5pct_quantitative_min:looser,single32,variance_ratio_max,quantitative_fidelity,variance_ratio,1.0476105836733316,<=,1.5,1.5,False,True,True,False,unresolved,True
oasis:prod_27:mtt_viability,OASIS_batch8,relative:top5pct_quantitative_min:tighter,single32,recoverability_min,quantitative_fidelity,recoverability_r,0.8059193165802689,>=,0.7,0.7,False,True,True,False,unresolved,True
oasis:prod_27:mtt_viability,OASIS_batch8,relative:top5pct_quantitative_min:tighter,single32,magnitude_spearman_min,quantitative_and_ranking_fidelity,magnitude_spearman,0.4890998463901689,>=,0.7,0.7,False,False,False,False,unresolved,True
oasis:prod_27:mtt_viability,OASIS_batch8,relative:top5pct_quantitative_min:tighter,single32,top5pct_quantitative_min,quantitative_fidelity,top5pct_recall,0.7142857142857143,>=,0.66,0.6,True,True,True,False,unresolved,True
oasis:prod_27:mtt_viability,OASIS_batch8,relative:top5pct_quantitative_min:tighter,single32,top5pct_ranking_min,ranking_fidelity,top5pct_recall,0.7142857142857143,>=,0.5,0.5,False,True,True,False,unresolved,True
oasis:prod_27:mtt_viability,OASIS_batch8,relative:top5pct_quantitative_min:tighter,single32,reliability_min,reference_identifiability,reliability,0.5803422599392686,>=,0.3,0.3,False,True,True,False,unresolved,True
oasis:prod_27:mtt_viability,OASIS_batch8,relative:top5pct_quantitative_min:tighter,single32,measurement_recoverability_max_exclusive,measurement_required_eligibility_not_good_performance,recoverability_r,0.8059193165802689,<,0.6,0.6,False,False,False,False,unresolved,True
oasis:prod_27:mtt_viability,OASIS_batch8,relative:top5pct_quantitative_min:tighter,single32,variance_ratio_min,quantitative_fidelity,variance_ratio,1.0476105836733316,>=,0.5,0.5,False,True,True,False,unresolved,True
oasis:prod_27:mtt_viability,OASIS_batch8,relative:top5pct_quantitative_min:tighter,single32,variance_ratio_max,quantitative_fidelity,variance_ratio,1.0476105836733316,<=,1.5,1.5,False,True,True,False,unresolved,True
oasis:prod_27:mtt_viability,OASIS_batch8,relative:top5pct_ranking_min:looser,single32,recoverability_min,quantitative_fidelity,recoverability_r,0.8059193165802689,>=,0.7,0.7,False,True,True,False,unresolved,True
oasis:prod_27:mtt_viability,OASIS_batch8,relative:top5pct_ranking_min:looser,single32,magnitude_spearman_min,quantitative_and_ranking_fidelity,magnitude_spearman,0.4890998463901689,>=,0.7,0.7,False,False,False,False,unresolved,True
oasis:prod_27:mtt_viability,OASIS_batch8,relative:top5pct_ranking_min:looser,single32,top5pct_quantitative_min,quantitative_fidelity,top5pct_recall,0.7142857142857143,>=,0.6,0.6,False,True,True,False,unresolved,True
oasis:prod_27:mtt_viability,OASIS_batch8,relative:top5pct_ranking_min:looser,single32,top5pct_ranking_min,ranking_fidelity,top5pct_recall,0.7142857142857143,>=,0.45,0.5,True,True,True,False,unresolved,True
oasis:prod_27:mtt_viability,OASIS_batch8,relative:top5pct_ranking_min:looser,single32,reliability_min,reference_identifiability,reliability,0.5803422599392686,>=,0.3,0.3,False,True,True,False,unresolved,True
oasis:prod_27:mtt_viability,OASIS_batch8,relative:top5pct_ranking_min:looser,single32,measurement_recoverability_max_exclusive,measurement_required_eligibility_not_good_performance,recoverability_r,0.8059193165802689,<,0.6,0.6,False,False,False,False,unresolved,True
oasis:prod_27:mtt_viability,OASIS_batch8,relative:top5pct_ranking_min:looser,single32,variance_ratio_min,quantitative_fidelity,variance_ratio,1.0476105836733316,>=,0.5,0.5,False,True,True,False,unresolved,True
oasis:prod_27:mtt_viability,OASIS_batch8,relative:top5pct_ranking_min:looser,single32,variance_ratio_max,quantitative_fidelity,variance_ratio,1.0476105836733316,<=,1.5,1.5,False,True,True,False,unresolved,True
oasis:prod_27:mtt_viability,OASIS_batch8,relative:top5pct_ranking_min:tighter,single32,recoverability_min,quantitative_fidelity,recoverability_r,0.8059193165802689,>=,0.7,0.7,False,True,True,False,unresolved,True
oasis:prod_27:mtt_viability,OASIS_batch8,relative:top5pct_ranking_min:tighter,single32,magnitude_spearman_min,quantitative_and_ranking_fidelity,magnitude_spearman,0.4890998463901689,>=,0.7,0.7,False,False,False,False,unresolved,True
oasis:prod_27:mtt_viability,OASIS_batch8,relative:top5pct_ranking_min:tighter,single32,top5pct_quantitative_min,quantitative_fidelity,top5pct_recall,0.7142857142857143,>=,0.6,0.6,False,True,True,False,unresolved,True
oasis:prod_27:mtt_viability,OASIS_batch8,relative:top5pct_ranking_min:tighter,single32,top5pct_ranking_min,ranking_fidelity,top5pct_recall,0.7142857142857143,>=,0.55,0.5,True,True,True,False,unresolved,True
oasis:prod_27:mtt_viability,OASIS_batch8,relative:top5pct_ranking_min:tighter,single32,reliability_min,reference_identifiability,reliability,0.5803422599392686,>=,0.3,0.3,False,True,True,False,unresolved,True
oasis:prod_27:mtt_viability,OASIS_batch8,relative:top5pct_ranking_min:tighter,single32,measurement_recoverability_max_exclusive,measurement_required_eligibility_not_good_performance,recoverability_r,0.8059193165802689,<,0.6,0.6,False,False,False,False,unresolved,True
oasis:prod_27:mtt_viability,OASIS_batch8,relative:top5pct_ranking_min:tighter,single32,variance_ratio_min,quantitative_fidelity,variance_ratio,1.0476105836733316,>=,0.5,0.5,False,True,True,False,unresolved,True
oasis:prod_27:mtt_viability,OASIS_batch8,relative:top5pct_ranking_min:tighter,single32,variance_ratio_max,quantitative_fidelity,variance_ratio,1.0476105836733316,<=,1.5,1.5,False,True,True,False,unresolved,True
oasis:prod_27:mtt_viability,OASIS_batch8,relative:reliability_min:looser,single32,recoverability_min,quantitative_fidelity,recoverability_r,0.8059193165802689,>=,0.7,0.7,False,True,True,False,unresolved,True
oasis:prod_27:mtt_viability,OASIS_batch8,relative:reliability_min:looser,single32,magnitude_spearman_min,quantitative_and_ranking_fidelity,magnitude_spearman,0.4890998463901689,>=,0.7,0.7,False,False,False,False,unresolved,True
oasis:prod_27:mtt_viability,OASIS_batch8,relative:reliability_min:looser,single32,top5pct_quantitative_min,quantitative_fidelity,top5pct_recall,0.7142857142857143,>=,0.6,0.6,False,True,True,False,unresolved,True
oasis:prod_27:mtt_viability,OASIS_batch8,relative:reliability_min:looser,single32,top5pct_ranking_min,ranking_fidelity,top5pct_recall,0.7142857142857143,>=,0.5,0.5,False,True,True,False,unresolved,True
oasis:prod_27:mtt_viability,OASIS_batch8,relative:reliability_min:looser,single32,reliability_min,reference_identifiability,reliability,0.5803422599392686,>=,0.27,0.3,True,True,True,False,unresolved,True
oasis:prod_27:mtt_viability,OASIS_batch8,relative:reliability_min:looser,single32,measurement_recoverability_max_exclusive,measurement_required_eligibility_not_good_performance,recoverability_r,0.8059193165802689,<,0.6,0.6,False,False,False,False,unresolved,True
oasis:prod_27:mtt_viability,OASIS_batch8,relative:reliability_min:looser,single32,variance_ratio_min,quantitative_fidelity,variance_ratio,1.0476105836733316,>=,0.5,0.5,False,True,True,False,unresolved,True
oasis:prod_27:mtt_viability,OASIS_batch8,relative:reliability_min:looser,single32,variance_ratio_max,quantitative_fidelity,variance_ratio,1.0476105836733316,<=,1.5,1.5,False,True,True,False,unresolved,True
oasis:prod_27:mtt_viability,OASIS_batch8,relative:reliability_min:tighter,single32,recoverability_min,quantitative_fidelity,recoverability_r,0.8059193165802689,>=,0.7,0.7,False,True,True,False,unresolved,True
oasis:prod_27:mtt_viability,OASIS_batch8,relative:reliability_min:tighter,single32,magnitude_spearman_min,quantitative_and_ranking_fidelity,magnitude_spearman,0.4890998463901689,>=,0.7,0.7,False,False,False,False,unresolved,True
oasis:prod_27:mtt_viability,OASIS_batch8,relative:reliability_min:tighter,single32,top5pct_quantitative_min,quantitative_fidelity,top5pct_recall,0.7142857142857143,>=,0.6,0.6,False,True,True,False,unresolved,True
oasis:prod_27:mtt_viability,OASIS_batch8,relative:reliability_min:tighter,single32,top5pct_ranking_min,ranking_fidelity,top5pct_recall,0.7142857142857143,>=,0.5,0.5,False,True,True,False,unresolved,True
oasis:prod_27:mtt_viability,OASIS_batch8,relative:reliability_min:tighter,single32,reliability_min,reference_identifiability,reliability,0.5803422599392686,>=,0.33,0.3,True,True,True,False,unresolved,True
oasis:prod_27:mtt_viability,OASIS_batch8,relative:reliability_min:tighter,single32,measurement_recoverability_max_exclusive,measurement_required_eligibility_not_good_performance,recoverability_r,0.8059193165802689,<,0.6,0.6,False,False,False,False,unresolved,True
oasis:prod_27:mtt_viability,OASIS_batch8,relative:reliability_min:tighter,single32,variance_ratio_min,quantitative_fidelity,variance_ratio,1.0476105836733316,>=,0.5,0.5,False,True,True,False,unresolved,True
oasis:prod_27:mtt_viability,OASIS_batch8,relative:reliability_min:tighter,single32,variance_ratio_max,quantitative_fidelity,variance_ratio,1.0476105836733316,<=,1.5,1.5,False,True,True,False,unresolved,True
oasis:prod_27:mtt_viability,OASIS_batch8,relative:measurement_recoverability_max_exclusive:looser,single32,recoverability_min,quantitative_fidelity,recoverability_r,0.8059193165802689,>=,0.7,0.7,False,True,True,False,unresolved,True
oasis:prod_27:mtt_viability,OASIS_batch8,relative:measurement_recoverability_max_exclusive:looser,single32,magnitude_spearman_min,quantitative_and_ranking_fidelity,magnitude_spearman,0.4890998463901689,>=,0.7,0.7,False,False,False,False,unresolved,True
oasis:prod_27:mtt_viability,OASIS_batch8,relative:measurement_recoverability_max_exclusive:looser,single32,top5pct_quantitative_min,quantitative_fidelity,top5pct_recall,0.7142857142857143,>=,0.6,0.6,False,True,True,False,unresolved,True
oasis:prod_27:mtt_viability,OASIS_batch8,relative:measurement_recoverability_max_exclusive:looser,single32,top5pct_ranking_min,ranking_fidelity,top5pct_recall,0.7142857142857143,>=,0.5,0.5,False,True,True,False,unresolved,True
oasis:prod_27:mtt_viability,OASIS_batch8,relative:measurement_recoverability_max_exclusive:looser,single32,reliability_min,reference_identifiability,reliability,0.5803422599392686,>=,0.3,0.3,False,True,True,False,unresolved,True
oasis:prod_27:mtt_viability,OASIS_batch8,relative:measurement_recoverability_max_exclusive:looser,single32,measurement_recoverability_max_exclusive,measurement_required_eligibility_not_good_performance,recoverability_r,0.8059193165802689,<,0.54,0.6,True,False,False,False,unresolved,True
oasis:prod_27:mtt_viability,OASIS_batch8,relative:measurement_recoverability_max_exclusive:looser,single32,variance_ratio_min,quantitative_fidelity,variance_ratio,1.0476105836733316,>=,0.5,0.5,False,True,True,False,unresolved,True
oasis:prod_27:mtt_viability,OASIS_batch8,relative:measurement_recoverability_max_exclusive:looser,single32,variance_ratio_max,quantitative_fidelity,variance_ratio,1.0476105836733316,<=,1.5,1.5,False,True,True,False,unresolved,True
oasis:prod_27:mtt_viability,OASIS_batch8,relative:measurement_recoverability_max_exclusive:tighter,single32,recoverability_min,quantitative_fidelity,recoverability_r,0.8059193165802689,>=,0.7,0.7,False,True,True,False,unresolved,True
oasis:prod_27:mtt_viability,OASIS_batch8,relative:measurement_recoverability_max_exclusive:tighter,single32,magnitude_spearman_min,quantitative_and_ranking_fidelity,magnitude_spearman,0.4890998463901689,>=,0.7,0.7,False,False,False,False,unresolved,True
oasis:prod_27:mtt_viability,OASIS_batch8,relative:measurement_recoverability_max_exclusive:tighter,single32,top5pct_quantitative_min,quantitative_fidelity,top5pct_recall,0.7142857142857143,>=,0.6,0.6,False,True,True,False,unresolved,True
oasis:prod_27:mtt_viability,OASIS_batch8,relative:measurement_recoverability_max_exclusive:tighter,single32,top5pct_ranking_min,ranking_fidelity,top5pct_recall,0.7142857142857143,>=,0.5,0.5,False,True,True,False,unresolved,True
oasis:prod_27:mtt_viability,OASIS_batch8,relative:measurement_recoverability_max_exclusive:tighter,single32,reliability_min,reference_identifiability,reliability,0.5803422599392686,>=,0.3,0.3,False,True,True,False,unresolved,True
oasis:prod_27:mtt_viability,OASIS_batch8,relative:measurement_recoverability_max_exclusive:tighter,single32,measurement_recoverability_max_exclusive,measurement_required_eligibility_not_good_performance,recoverability_r,0.8059193165802689,<,0.66,0.6,True,False,False,False,unresolved,True
oasis:prod_27:mtt_viability,OASIS_batch8,relative:measurement_recoverability_max_exclusive:tighter,single32,variance_ratio_min,quantitative_fidelity,variance_ratio,1.0476105836733316,>=,0.5,0.5,False,True,True,False,unresolved,True
oasis:prod_27:mtt_viability,OASIS_batch8,relative:measurement_recoverability_max_exclusive:tighter,single32,variance_ratio_max,quantitative_fidelity,variance_ratio,1.0476105836733316,<=,1.5,1.5,False,True,True,False,unresolved,True
oasis:prod_27:mtt_viability,OASIS_batch8,relative:variance_ratio_min:looser,single32,recoverability_min,quantitative_fidelity,recoverability_r,0.8059193165802689,>=,0.7,0.7,False,True,True,False,unresolved,True
oasis:prod_27:mtt_viability,OASIS_batch8,relative:variance_ratio_min:looser,single32,magnitude_spearman_min,quantitative_and_ranking_fidelity,magnitude_spearman,0.4890998463901689,>=,0.7,0.7,False,False,False,False,unresolved,True
oasis:prod_27:mtt_viability,OASIS_batch8,relative:variance_ratio_min:looser,single32,top5pct_quantitative_min,quantitative_fidelity,top5pct_recall,0.7142857142857143,>=,0.6,0.6,False,True,True,False,unresolved,True
oasis:prod_27:mtt_viability,OASIS_batch8,relative:variance_ratio_min:looser,single32,top5pct_ranking_min,ranking_fidelity,top5pct_recall,0.7142857142857143,>=,0.5,0.5,False,True,True,False,unresolved,True
oasis:prod_27:mtt_viability,OASIS_batch8,relative:variance_ratio_min:looser,single32,reliability_min,reference_identifiability,reliability,0.5803422599392686,>=,0.3,0.3,False,True,True,False,unresolved,True
oasis:prod_27:mtt_viability,OASIS_batch8,relative:variance_ratio_min:looser,single32,measurement_recoverability_max_exclusive,measurement_required_eligibility_not_good_performance,recoverability_r,0.8059193165802689,<,0.6,0.6,False,False,False,False,unresolved,True
oasis:prod_27:mtt_viability,OASIS_batch8,relative:variance_ratio_min:looser,single32,variance_ratio_min,quantitative_fidelity,variance_ratio,1.0476105836733316,>=,0.45,0.5,True,True,True,False,unresolved,True
oasis:prod_27:mtt_viability,OASIS_batch8,relative:variance_ratio_min:looser,single32,variance_ratio_max,quantitative_fidelity,variance_ratio,1.0476105836733316,<=,1.5,1.5,False,True,True,False,unresolved,True
oasis:prod_27:mtt_viability,OASIS_batch8,relative:variance_ratio_min:tighter,single32,recoverability_min,quantitative_fidelity,recoverability_r,0.8059193165802689,>=,0.7,0.7,False,True,True,False,unresolved,True
oasis:prod_27:mtt_viability,OASIS_batch8,relative:variance_ratio_min:tighter,single32,magnitude_spearman_min,quantitative_and_ranking_fidelity,magnitude_spearman,0.4890998463901689,>=,0.7,0.7,False,False,False,False,unresolved,True
oasis:prod_27:mtt_viability,OASIS_batch8,relative:variance_ratio_min:tighter,single32,top5pct_quantitative_min,quantitative_fidelity,top5pct_recall,0.7142857142857143,>=,0.6,0.6,False,True,True,False,unresolved,True
oasis:prod_27:mtt_viability,OASIS_batch8,relative:variance_ratio_min:tighter,single32,top5pct_ranking_min,ranking_fidelity,top5pct_recall,0.7142857142857143,>=,0.5,0.5,False,True,True,False,unresolved,True
oasis:prod_27:mtt_viability,OASIS_batch8,relative:variance_ratio_min:tighter,single32,reliability_min,reference_identifiability,reliability,0.5803422599392686,>=,0.3,0.3,False,True,True,False,unresolved,True
oasis:prod_27:mtt_viability,OASIS_batch8,relative:variance_ratio_min:tighter,single32,measurement_recoverability_max_exclusive,measurement_required_eligibility_not_good_performance,recoverability_r,0.8059193165802689,<,0.6,0.6,False,False,False,False,unresolved,True
oasis:prod_27:mtt_viability,OASIS_batch8,relative:variance_ratio_min:tighter,single32,variance_ratio_min,quantitative_fidelity,variance_ratio,1.0476105836733316,>=,0.55,0.5,True,True,True,False,unresolved,True
oasis:prod_27:mtt_viability,OASIS_batch8,relative:variance_ratio_min:tighter,single32,variance_ratio_max,quantitative_fidelity,variance_ratio,1.0476105836733316,<=,1.5,1.5,False,True,True,False,unresolved,True
oasis:prod_27:mtt_viability,OASIS_batch8,relative:variance_ratio_max:looser,single32,recoverability_min,quantitative_fidelity,recoverability_r,0.8059193165802689,>=,0.7,0.7,False,True,True,False,unresolved,True
oasis:prod_27:mtt_viability,OASIS_batch8,relative:variance_ratio_max:looser,single32,magnitude_spearman_min,quantitative_and_ranking_fidelity,magnitude_spearman,0.4890998463901689,>=,0.7,0.7,False,False,False,False,unresolved,True
oasis:prod_27:mtt_viability,OASIS_batch8,relative:variance_ratio_max:looser,single32,top5pct_quantitative_min,quantitative_fidelity,top5pct_recall,0.7142857142857143,>=,0.6,0.6,False,True,True,False,unresolved,True
oasis:prod_27:mtt_viability,OASIS_batch8,relative:variance_ratio_max:looser,single32,top5pct_ranking_min,ranking_fidelity,top5pct_recall,0.7142857142857143,>=,0.5,0.5,False,True,True,False,unresolved,True
oasis:prod_27:mtt_viability,OASIS_batch8,relative:variance_ratio_max:looser,single32,reliability_min,reference_identifiability,reliability,0.5803422599392686,>=,0.3,0.3,False,True,True,False,unresolved,True
oasis:prod_27:mtt_viability,OASIS_batch8,relative:variance_ratio_max:looser,single32,measurement_recoverability_max_exclusive,measurement_required_eligibility_not_good_performance,recoverability_r,0.8059193165802689,<,0.6,0.6,False,False,False,False,unresolved,True
oasis:prod_27:mtt_viability,OASIS_batch8,relative:variance_ratio_max:looser,single32,variance_ratio_min,quantitative_fidelity,variance_ratio,1.0476105836733316,>=,0.5,0.5,False,True,True,False,unresolved,True
oasis:prod_27:mtt_viability,OASIS_batch8,relative:variance_ratio_max:looser,single32,variance_ratio_max,quantitative_fidelity,variance_ratio,1.0476105836733316,<=,1.65,1.5,True,True,True,False,unresolved,True
oasis:prod_27:mtt_viability,OASIS_batch8,relative:variance_ratio_max:tighter,single32,recoverability_min,quantitative_fidelity,recoverability_r,0.8059193165802689,>=,0.7,0.7,False,True,True,False,unresolved,True
oasis:prod_27:mtt_viability,OASIS_batch8,relative:variance_ratio_max:tighter,single32,magnitude_spearman_min,quantitative_and_ranking_fidelity,magnitude_spearman,0.4890998463901689,>=,0.7,0.7,False,False,False,False,unresolved,True
oasis:prod_27:mtt_viability,OASIS_batch8,relative:variance_ratio_max:tighter,single32,top5pct_quantitative_min,quantitative_fidelity,top5pct_recall,0.7142857142857143,>=,0.6,0.6,False,True,True,False,unresolved,True
oasis:prod_27:mtt_viability,OASIS_batch8,relative:variance_ratio_max:tighter,single32,top5pct_ranking_min,ranking_fidelity,top5pct_recall,0.7142857142857143,>=,0.5,0.5,False,True,True,False,unresolved,True
oasis:prod_27:mtt_viability,OASIS_batch8,relative:variance_ratio_max:tighter,single32,reliability_min,reference_identifiability,reliability,0.5803422599392686,>=,0.3,0.3,False,True,True,False,unresolved,True
oasis:prod_27:mtt_viability,OASIS_batch8,relative:variance_ratio_max:tighter,single32,measurement_recoverability_max_exclusive,measurement_required_eligibility_not_good_performance,recoverability_r,0.8059193165802689,<,0.6,0.6,False,False,False,False,unresolved,True
oasis:prod_27:mtt_viability,OASIS_batch8,relative:variance_ratio_max:tighter,single32,variance_ratio_min,quantitative_fidelity,variance_ratio,1.0476105836733316,>=,0.5,0.5,False,True,True,False,unresolved,True
oasis:prod_27:mtt_viability,OASIS_batch8,relative:variance_ratio_max:tighter,single32,variance_ratio_max,quantitative_fidelity,variance_ratio,1.0476105836733316,<=,1.35,1.5,True,True,True,False,unresolved,True
oasis:prod_27:ldh_release,OASIS_batch8,baseline,baseline,recoverability_min,quantitative_fidelity,recoverability_r,0.6847795104689672,>=,0.7,0.7,False,False,False,False,unresolved,True
oasis:prod_27:ldh_release,OASIS_batch8,baseline,baseline,magnitude_spearman_min,quantitative_and_ranking_fidelity,magnitude_spearman,0.5289148856392951,>=,0.7,0.7,False,False,False,False,unresolved,True
oasis:prod_27:ldh_release,OASIS_batch8,baseline,baseline,top5pct_quantitative_min,quantitative_fidelity,top5pct_recall,0.5714285714285714,>=,0.6,0.6,False,False,False,False,unresolved,True
oasis:prod_27:ldh_release,OASIS_batch8,baseline,baseline,top5pct_ranking_min,ranking_fidelity,top5pct_recall,0.5714285714285714,>=,0.5,0.5,False,True,True,False,unresolved,True
oasis:prod_27:ldh_release,OASIS_batch8,baseline,baseline,reliability_min,reference_identifiability,reliability,0.3424704461002013,>=,0.3,0.3,False,True,True,False,unresolved,True
oasis:prod_27:ldh_release,OASIS_batch8,baseline,baseline,measurement_recoverability_max_exclusive,measurement_required_eligibility_not_good_performance,recoverability_r,0.6847795104689672,<,0.6,0.6,False,False,False,False,unresolved,True
oasis:prod_27:ldh_release,OASIS_batch8,baseline,baseline,variance_ratio_min,quantitative_fidelity,variance_ratio,0.9924851039695776,>=,0.5,0.5,False,True,True,False,unresolved,True
oasis:prod_27:ldh_release,OASIS_batch8,baseline,baseline,variance_ratio_max,quantitative_fidelity,variance_ratio,0.9924851039695776,<=,1.5,1.5,False,True,True,False,unresolved,True
oasis:prod_27:ldh_release,OASIS_batch8,absolute:all gates:looser,joint4,recoverability_min,quantitative_fidelity,recoverability_r,0.6847795104689672,>=,0.65,0.7,True,True,False,True,unresolved,True
oasis:prod_27:ldh_release,OASIS_batch8,absolute:all gates:looser,joint4,magnitude_spearman_min,quantitative_and_ranking_fidelity,magnitude_spearman,0.5289148856392951,>=,0.65,0.7,True,False,False,False,unresolved,True
oasis:prod_27:ldh_release,OASIS_batch8,absolute:all gates:looser,joint4,top5pct_quantitative_min,quantitative_fidelity,top5pct_recall,0.5714285714285714,>=,0.55,0.6,True,True,False,True,unresolved,True
oasis:prod_27:ldh_release,OASIS_batch8,absolute:all gates:looser,joint4,top5pct_ranking_min,ranking_fidelity,top5pct_recall,0.5714285714285714,>=,0.45,0.5,True,True,True,False,unresolved,True
oasis:prod_27:ldh_release,OASIS_batch8,absolute:all gates:looser,joint4,reliability_min,reference_identifiability,reliability,0.3424704461002013,>=,0.25,0.3,True,True,True,False,unresolved,True
oasis:prod_27:ldh_release,OASIS_batch8,absolute:all gates:looser,joint4,measurement_recoverability_max_exclusive,measurement_required_eligibility_not_good_performance,recoverability_r,0.6847795104689672,<,0.55,0.6,True,False,False,False,unresolved,True
oasis:prod_27:ldh_release,OASIS_batch8,absolute:all gates:looser,joint4,variance_ratio_min,quantitative_fidelity,variance_ratio,0.9924851039695776,>=,0.45,0.5,True,True,True,False,unresolved,True
oasis:prod_27:ldh_release,OASIS_batch8,absolute:all gates:looser,joint4,variance_ratio_max,quantitative_fidelity,variance_ratio,0.9924851039695776,<=,1.55,1.5,True,True,True,False,unresolved,True
oasis:prod_27:ldh_release,OASIS_batch8,absolute:all gates:tighter,joint4,recoverability_min,quantitative_fidelity,recoverability_r,0.6847795104689672,>=,0.75,0.7,True,False,False,False,not_identifiable,False
oasis:prod_27:ldh_release,OASIS_batch8,absolute:all gates:tighter,joint4,magnitude_spearman_min,quantitative_and_ranking_fidelity,magnitude_spearman,0.5289148856392951,>=,0.75,0.7,True,False,False,False,not_identifiable,False
oasis:prod_27:ldh_release,OASIS_batch8,absolute:all gates:tighter,joint4,top5pct_quantitative_min,quantitative_fidelity,top5pct_recall,0.5714285714285714,>=,0.65,0.6,True,False,False,False,not_identifiable,False
oasis:prod_27:ldh_release,OASIS_batch8,absolute:all gates:tighter,joint4,top5pct_ranking_min,ranking_fidelity,top5pct_recall,0.5714285714285714,>=,0.55,0.5,True,True,True,False,not_identifiable,False
oasis:prod_27:ldh_release,OASIS_batch8,absolute:all gates:tighter,joint4,reliability_min,reference_identifiability,reliability,0.3424704461002013,>=,0.35,0.3,True,False,True,True,not_identifiable,False
oasis:prod_27:ldh_release,OASIS_batch8,absolute:all gates:tighter,joint4,measurement_recoverability_max_exclusive,measurement_required_eligibility_not_good_performance,recoverability_r,0.6847795104689672,<,0.65,0.6,True,False,False,False,not_identifiable,False
oasis:prod_27:ldh_release,OASIS_batch8,absolute:all gates:tighter,joint4,variance_ratio_min,quantitative_fidelity,variance_ratio,0.9924851039695776,>=,0.55,0.5,True,True,True,False,not_identifiable,False
oasis:prod_27:ldh_release,OASIS_batch8,absolute:all gates:tighter,joint4,variance_ratio_max,quantitative_fidelity,variance_ratio,0.9924851039695776,<=,1.45,1.5,True,True,True,False,not_identifiable,False
oasis:prod_27:ldh_release,OASIS_batch8,absolute:recoverability_min:looser,single32,recoverability_min,quantitative_fidelity,recoverability_r,0.6847795104689672,>=,0.65,0.7,True,True,False,True,unresolved,True
oasis:prod_27:ldh_release,OASIS_batch8,absolute:recoverability_min:looser,single32,magnitude_spearman_min,quantitative_and_ranking_fidelity,magnitude_spearman,0.5289148856392951,>=,0.7,0.7,False,False,False,False,unresolved,True
oasis:prod_27:ldh_release,OASIS_batch8,absolute:recoverability_min:looser,single32,top5pct_quantitative_min,quantitative_fidelity,top5pct_recall,0.5714285714285714,>=,0.6,0.6,False,False,False,False,unresolved,True
oasis:prod_27:ldh_release,OASIS_batch8,absolute:recoverability_min:looser,single32,top5pct_ranking_min,ranking_fidelity,top5pct_recall,0.5714285714285714,>=,0.5,0.5,False,True,True,False,unresolved,True
oasis:prod_27:ldh_release,OASIS_batch8,absolute:recoverability_min:looser,single32,reliability_min,reference_identifiability,reliability,0.3424704461002013,>=,0.3,0.3,False,True,True,False,unresolved,True
oasis:prod_27:ldh_release,OASIS_batch8,absolute:recoverability_min:looser,single32,measurement_recoverability_max_exclusive,measurement_required_eligibility_not_good_performance,recoverability_r,0.6847795104689672,<,0.6,0.6,False,False,False,False,unresolved,True
oasis:prod_27:ldh_release,OASIS_batch8,absolute:recoverability_min:looser,single32,variance_ratio_min,quantitative_fidelity,variance_ratio,0.9924851039695776,>=,0.5,0.5,False,True,True,False,unresolved,True
oasis:prod_27:ldh_release,OASIS_batch8,absolute:recoverability_min:looser,single32,variance_ratio_max,quantitative_fidelity,variance_ratio,0.9924851039695776,<=,1.5,1.5,False,True,True,False,unresolved,True
oasis:prod_27:ldh_release,OASIS_batch8,absolute:recoverability_min:tighter,single32,recoverability_min,quantitative_fidelity,recoverability_r,0.6847795104689672,>=,0.75,0.7,True,False,False,False,unresolved,True
oasis:prod_27:ldh_release,OASIS_batch8,absolute:recoverability_min:tighter,single32,magnitude_spearman_min,quantitative_and_ranking_fidelity,magnitude_spearman,0.5289148856392951,>=,0.7,0.7,False,False,False,False,unresolved,True
oasis:prod_27:ldh_release,OASIS_batch8,absolute:recoverability_min:tighter,single32,top5pct_quantitative_min,quantitative_fidelity,top5pct_recall,0.5714285714285714,>=,0.6,0.6,False,False,False,False,unresolved,True
oasis:prod_27:ldh_release,OASIS_batch8,absolute:recoverability_min:tighter,single32,top5pct_ranking_min,ranking_fidelity,top5pct_recall,0.5714285714285714,>=,0.5,0.5,False,True,True,False,unresolved,True
oasis:prod_27:ldh_release,OASIS_batch8,absolute:recoverability_min:tighter,single32,reliability_min,reference_identifiability,reliability,0.3424704461002013,>=,0.3,0.3,False,True,True,False,unresolved,True
oasis:prod_27:ldh_release,OASIS_batch8,absolute:recoverability_min:tighter,single32,measurement_recoverability_max_exclusive,measurement_required_eligibility_not_good_performance,recoverability_r,0.6847795104689672,<,0.6,0.6,False,False,False,False,unresolved,True
oasis:prod_27:ldh_release,OASIS_batch8,absolute:recoverability_min:tighter,single32,variance_ratio_min,quantitative_fidelity,variance_ratio,0.9924851039695776,>=,0.5,0.5,False,True,True,False,unresolved,True
oasis:prod_27:ldh_release,OASIS_batch8,absolute:recoverability_min:tighter,single32,variance_ratio_max,quantitative_fidelity,variance_ratio,0.9924851039695776,<=,1.5,1.5,False,True,True,False,unresolved,True
oasis:prod_27:ldh_release,OASIS_batch8,absolute:magnitude_spearman_min:looser,single32,recoverability_min,quantitative_fidelity,recoverability_r,0.6847795104689672,>=,0.7,0.7,False,False,False,False,unresolved,True
oasis:prod_27:ldh_release,OASIS_batch8,absolute:magnitude_spearman_min:looser,single32,magnitude_spearman_min,quantitative_and_ranking_fidelity,magnitude_spearman,0.5289148856392951,>=,0.65,0.7,True,False,False,False,unresolved,True
oasis:prod_27:ldh_release,OASIS_batch8,absolute:magnitude_spearman_min:looser,single32,top5pct_quantitative_min,quantitative_fidelity,top5pct_recall,0.5714285714285714,>=,0.6,0.6,False,False,False,False,unresolved,True
oasis:prod_27:ldh_release,OASIS_batch8,absolute:magnitude_spearman_min:looser,single32,top5pct_ranking_min,ranking_fidelity,top5pct_recall,0.5714285714285714,>=,0.5,0.5,False,True,True,False,unresolved,True
oasis:prod_27:ldh_release,OASIS_batch8,absolute:magnitude_spearman_min:looser,single32,reliability_min,reference_identifiability,reliability,0.3424704461002013,>=,0.3,0.3,False,True,True,False,unresolved,True
oasis:prod_27:ldh_release,OASIS_batch8,absolute:magnitude_spearman_min:looser,single32,measurement_recoverability_max_exclusive,measurement_required_eligibility_not_good_performance,recoverability_r,0.6847795104689672,<,0.6,0.6,False,False,False,False,unresolved,True
oasis:prod_27:ldh_release,OASIS_batch8,absolute:magnitude_spearman_min:looser,single32,variance_ratio_min,quantitative_fidelity,variance_ratio,0.9924851039695776,>=,0.5,0.5,False,True,True,False,unresolved,True
oasis:prod_27:ldh_release,OASIS_batch8,absolute:magnitude_spearman_min:looser,single32,variance_ratio_max,quantitative_fidelity,variance_ratio,0.9924851039695776,<=,1.5,1.5,False,True,True,False,unresolved,True
oasis:prod_27:ldh_release,OASIS_batch8,absolute:magnitude_spearman_min:tighter,single32,recoverability_min,quantitative_fidelity,recoverability_r,0.6847795104689672,>=,0.7,0.7,False,False,False,False,unresolved,True
oasis:prod_27:ldh_release,OASIS_batch8,absolute:magnitude_spearman_min:tighter,single32,magnitude_spearman_min,quantitative_and_ranking_fidelity,magnitude_spearman,0.5289148856392951,>=,0.75,0.7,True,False,False,False,unresolved,True
oasis:prod_27:ldh_release,OASIS_batch8,absolute:magnitude_spearman_min:tighter,single32,top5pct_quantitative_min,quantitative_fidelity,top5pct_recall,0.5714285714285714,>=,0.6,0.6,False,False,False,False,unresolved,True
oasis:prod_27:ldh_release,OASIS_batch8,absolute:magnitude_spearman_min:tighter,single32,top5pct_ranking_min,ranking_fidelity,top5pct_recall,0.5714285714285714,>=,0.5,0.5,False,True,True,False,unresolved,True
oasis:prod_27:ldh_release,OASIS_batch8,absolute:magnitude_spearman_min:tighter,single32,reliability_min,reference_identifiability,reliability,0.3424704461002013,>=,0.3,0.3,False,True,True,False,unresolved,True
oasis:prod_27:ldh_release,OASIS_batch8,absolute:magnitude_spearman_min:tighter,single32,measurement_recoverability_max_exclusive,measurement_required_eligibility_not_good_performance,recoverability_r,0.6847795104689672,<,0.6,0.6,False,False,False,False,unresolved,True
oasis:prod_27:ldh_release,OASIS_batch8,absolute:magnitude_spearman_min:tighter,single32,variance_ratio_min,quantitative_fidelity,variance_ratio,0.9924851039695776,>=,0.5,0.5,False,True,True,False,unresolved,True
oasis:prod_27:ldh_release,OASIS_batch8,absolute:magnitude_spearman_min:tighter,single32,variance_ratio_max,quantitative_fidelity,variance_ratio,0.9924851039695776,<=,1.5,1.5,False,True,True,False,unresolved,True
oasis:prod_27:ldh_release,OASIS_batch8,absolute:top5pct_quantitative_min:looser,single32,recoverability_min,quantitative_fidelity,recoverability_r,0.6847795104689672,>=,0.7,0.7,False,False,False,False,unresolved,True
oasis:prod_27:ldh_release,OASIS_batch8,absolute:top5pct_quantitative_min:looser,single32,magnitude_spearman_min,quantitative_and_ranking_fidelity,magnitude_spearman,0.5289148856392951,>=,0.7,0.7,False,False,False,False,unresolved,True
oasis:prod_27:ldh_release,OASIS_batch8,absolute:top5pct_quantitative_min:looser,single32,top5pct_quantitative_min,quantitative_fidelity,top5pct_recall,0.5714285714285714,>=,0.55,0.6,True,True,False,True,unresolved,True
oasis:prod_27:ldh_release,OASIS_batch8,absolute:top5pct_quantitative_min:looser,single32,top5pct_ranking_min,ranking_fidelity,top5pct_recall,0.5714285714285714,>=,0.5,0.5,False,True,True,False,unresolved,True
oasis:prod_27:ldh_release,OASIS_batch8,absolute:top5pct_quantitative_min:looser,single32,reliability_min,reference_identifiability,reliability,0.3424704461002013,>=,0.3,0.3,False,True,True,False,unresolved,True
oasis:prod_27:ldh_release,OASIS_batch8,absolute:top5pct_quantitative_min:looser,single32,measurement_recoverability_max_exclusive,measurement_required_eligibility_not_good_performance,recoverability_r,0.6847795104689672,<,0.6,0.6,False,False,False,False,unresolved,True
oasis:prod_27:ldh_release,OASIS_batch8,absolute:top5pct_quantitative_min:looser,single32,variance_ratio_min,quantitative_fidelity,variance_ratio,0.9924851039695776,>=,0.5,0.5,False,True,True,False,unresolved,True
oasis:prod_27:ldh_release,OASIS_batch8,absolute:top5pct_quantitative_min:looser,single32,variance_ratio_max,quantitative_fidelity,variance_ratio,0.9924851039695776,<=,1.5,1.5,False,True,True,False,unresolved,True
oasis:prod_27:ldh_release,OASIS_batch8,absolute:top5pct_quantitative_min:tighter,single32,recoverability_min,quantitative_fidelity,recoverability_r,0.6847795104689672,>=,0.7,0.7,False,False,False,False,unresolved,True
oasis:prod_27:ldh_release,OASIS_batch8,absolute:top5pct_quantitative_min:tighter,single32,magnitude_spearman_min,quantitative_and_ranking_fidelity,magnitude_spearman,0.5289148856392951,>=,0.7,0.7,False,False,False,False,unresolved,True
oasis:prod_27:ldh_release,OASIS_batch8,absolute:top5pct_quantitative_min:tighter,single32,top5pct_quantitative_min,quantitative_fidelity,top5pct_recall,0.5714285714285714,>=,0.65,0.6,True,False,False,False,unresolved,True
oasis:prod_27:ldh_release,OASIS_batch8,absolute:top5pct_quantitative_min:tighter,single32,top5pct_ranking_min,ranking_fidelity,top5pct_recall,0.5714285714285714,>=,0.5,0.5,False,True,True,False,unresolved,True
oasis:prod_27:ldh_release,OASIS_batch8,absolute:top5pct_quantitative_min:tighter,single32,reliability_min,reference_identifiability,reliability,0.3424704461002013,>=,0.3,0.3,False,True,True,False,unresolved,True
oasis:prod_27:ldh_release,OASIS_batch8,absolute:top5pct_quantitative_min:tighter,single32,measurement_recoverability_max_exclusive,measurement_required_eligibility_not_good_performance,recoverability_r,0.6847795104689672,<,0.6,0.6,False,False,False,False,unresolved,True
oasis:prod_27:ldh_release,OASIS_batch8,absolute:top5pct_quantitative_min:tighter,single32,variance_ratio_min,quantitative_fidelity,variance_ratio,0.9924851039695776,>=,0.5,0.5,False,True,True,False,unresolved,True
oasis:prod_27:ldh_release,OASIS_batch8,absolute:top5pct_quantitative_min:tighter,single32,variance_ratio_max,quantitative_fidelity,variance_ratio,0.9924851039695776,<=,1.5,1.5,False,True,True,False,unresolved,True
oasis:prod_27:ldh_release,OASIS_batch8,absolute:top5pct_ranking_min:looser,single32,recoverability_min,quantitative_fidelity,recoverability_r,0.6847795104689672,>=,0.7,0.7,False,False,False,False,unresolved,True
oasis:prod_27:ldh_release,OASIS_batch8,absolute:top5pct_ranking_min:looser,single32,magnitude_spearman_min,quantitative_and_ranking_fidelity,magnitude_spearman,0.5289148856392951,>=,0.7,0.7,False,False,False,False,unresolved,True
oasis:prod_27:ldh_release,OASIS_batch8,absolute:top5pct_ranking_min:looser,single32,top5pct_quantitative_min,quantitative_fidelity,top5pct_recall,0.5714285714285714,>=,0.6,0.6,False,False,False,False,unresolved,True
oasis:prod_27:ldh_release,OASIS_batch8,absolute:top5pct_ranking_min:looser,single32,top5pct_ranking_min,ranking_fidelity,top5pct_recall,0.5714285714285714,>=,0.45,0.5,True,True,True,False,unresolved,True
oasis:prod_27:ldh_release,OASIS_batch8,absolute:top5pct_ranking_min:looser,single32,reliability_min,reference_identifiability,reliability,0.3424704461002013,>=,0.3,0.3,False,True,True,False,unresolved,True
oasis:prod_27:ldh_release,OASIS_batch8,absolute:top5pct_ranking_min:looser,single32,measurement_recoverability_max_exclusive,measurement_required_eligibility_not_good_performance,recoverability_r,0.6847795104689672,<,0.6,0.6,False,False,False,False,unresolved,True
oasis:prod_27:ldh_release,OASIS_batch8,absolute:top5pct_ranking_min:looser,single32,variance_ratio_min,quantitative_fidelity,variance_ratio,0.9924851039695776,>=,0.5,0.5,False,True,True,False,unresolved,True
oasis:prod_27:ldh_release,OASIS_batch8,absolute:top5pct_ranking_min:looser,single32,variance_ratio_max,quantitative_fidelity,variance_ratio,0.9924851039695776,<=,1.5,1.5,False,True,True,False,unresolved,True
oasis:prod_27:ldh_release,OASIS_batch8,absolute:top5pct_ranking_min:tighter,single32,recoverability_min,quantitative_fidelity,recoverability_r,0.6847795104689672,>=,0.7,0.7,False,False,False,False,unresolved,True
oasis:prod_27:ldh_release,OASIS_batch8,absolute:top5pct_ranking_min:tighter,single32,magnitude_spearman_min,quantitative_and_ranking_fidelity,magnitude_spearman,0.5289148856392951,>=,0.7,0.7,False,False,False,False,unresolved,True
oasis:prod_27:ldh_release,OASIS_batch8,absolute:top5pct_ranking_min:tighter,single32,top5pct_quantitative_min,quantitative_fidelity,top5pct_recall,0.5714285714285714,>=,0.6,0.6,False,False,False,False,unresolved,True
oasis:prod_27:ldh_release,OASIS_batch8,absolute:top5pct_ranking_min:tighter,single32,top5pct_ranking_min,ranking_fidelity,top5pct_recall,0.5714285714285714,>=,0.55,0.5,True,True,True,False,unresolved,True
oasis:prod_27:ldh_release,OASIS_batch8,absolute:top5pct_ranking_min:tighter,single32,reliability_min,reference_identifiability,reliability,0.3424704461002013,>=,0.3,0.3,False,True,True,False,unresolved,True
oasis:prod_27:ldh_release,OASIS_batch8,absolute:top5pct_ranking_min:tighter,single32,measurement_recoverability_max_exclusive,measurement_required_eligibility_not_good_performance,recoverability_r,0.6847795104689672,<,0.6,0.6,False,False,False,False,unresolved,True
oasis:prod_27:ldh_release,OASIS_batch8,absolute:top5pct_ranking_min:tighter,single32,variance_ratio_min,quantitative_fidelity,variance_ratio,0.9924851039695776,>=,0.5,0.5,False,True,True,False,unresolved,True
oasis:prod_27:ldh_release,OASIS_batch8,absolute:top5pct_ranking_min:tighter,single32,variance_ratio_max,quantitative_fidelity,variance_ratio,0.9924851039695776,<=,1.5,1.5,False,True,True,False,unresolved,True
oasis:prod_27:ldh_release,OASIS_batch8,absolute:reliability_min:looser,single32,recoverability_min,quantitative_fidelity,recoverability_r,0.6847795104689672,>=,0.7,0.7,False,False,False,False,unresolved,True
oasis:prod_27:ldh_release,OASIS_batch8,absolute:reliability_min:looser,single32,magnitude_spearman_min,quantitative_and_ranking_fidelity,magnitude_spearman,0.5289148856392951,>=,0.7,0.7,False,False,False,False,unresolved,True
oasis:prod_27:ldh_release,OASIS_batch8,absolute:reliability_min:looser,single32,top5pct_quantitative_min,quantitative_fidelity,top5pct_recall,0.5714285714285714,>=,0.6,0.6,False,False,False,False,unresolved,True
oasis:prod_27:ldh_release,OASIS_batch8,absolute:reliability_min:looser,single32,top5pct_ranking_min,ranking_fidelity,top5pct_recall,0.5714285714285714,>=,0.5,0.5,False,True,True,False,unresolved,True
oasis:prod_27:ldh_release,OASIS_batch8,absolute:reliability_min:looser,single32,reliability_min,reference_identifiability,reliability,0.3424704461002013,>=,0.25,0.3,True,True,True,False,unresolved,True
oasis:prod_27:ldh_release,OASIS_batch8,absolute:reliability_min:looser,single32,measurement_recoverability_max_exclusive,measurement_required_eligibility_not_good_performance,recoverability_r,0.6847795104689672,<,0.6,0.6,False,False,False,False,unresolved,True
oasis:prod_27:ldh_release,OASIS_batch8,absolute:reliability_min:looser,single32,variance_ratio_min,quantitative_fidelity,variance_ratio,0.9924851039695776,>=,0.5,0.5,False,True,True,False,unresolved,True
oasis:prod_27:ldh_release,OASIS_batch8,absolute:reliability_min:looser,single32,variance_ratio_max,quantitative_fidelity,variance_ratio,0.9924851039695776,<=,1.5,1.5,False,True,True,False,unresolved,True
oasis:prod_27:ldh_release,OASIS_batch8,absolute:reliability_min:tighter,single32,recoverability_min,quantitative_fidelity,recoverability_r,0.6847795104689672,>=,0.7,0.7,False,False,False,False,not_identifiable,False
oasis:prod_27:ldh_release,OASIS_batch8,absolute:reliability_min:tighter,single32,magnitude_spearman_min,quantitative_and_ranking_fidelity,magnitude_spearman,0.5289148856392951,>=,0.7,0.7,False,False,False,False,not_identifiable,False
oasis:prod_27:ldh_release,OASIS_batch8,absolute:reliability_min:tighter,single32,top5pct_quantitative_min,quantitative_fidelity,top5pct_recall,0.5714285714285714,>=,0.6,0.6,False,False,False,False,not_identifiable,False
oasis:prod_27:ldh_release,OASIS_batch8,absolute:reliability_min:tighter,single32,top5pct_ranking_min,ranking_fidelity,top5pct_recall,0.5714285714285714,>=,0.5,0.5,False,True,True,False,not_identifiable,False
oasis:prod_27:ldh_release,OASIS_batch8,absolute:reliability_min:tighter,single32,reliability_min,reference_identifiability,reliability,0.3424704461002013,>=,0.35,0.3,True,False,True,True,not_identifiable,False
oasis:prod_27:ldh_release,OASIS_batch8,absolute:reliability_min:tighter,single32,measurement_recoverability_max_exclusive,measurement_required_eligibility_not_good_performance,recoverability_r,0.6847795104689672,<,0.6,0.6,False,False,False,False,not_identifiable,False
oasis:prod_27:ldh_release,OASIS_batch8,absolute:reliability_min:tighter,single32,variance_ratio_min,quantitative_fidelity,variance_ratio,0.9924851039695776,>=,0.5,0.5,False,True,True,False,not_identifiable,False
oasis:prod_27:ldh_release,OASIS_batch8,absolute:reliability_min:tighter,single32,variance_ratio_max,quantitative_fidelity,variance_ratio,0.9924851039695776,<=,1.5,1.5,False,True,True,False,not_identifiable,False
oasis:prod_27:ldh_release,OASIS_batch8,absolute:measurement_recoverability_max_exclusive:looser,single32,recoverability_min,quantitative_fidelity,recoverability_r,0.6847795104689672,>=,0.7,0.7,False,False,False,False,unresolved,True
oasis:prod_27:ldh_release,OASIS_batch8,absolute:measurement_recoverability_max_exclusive:looser,single32,magnitude_spearman_min,quantitative_and_ranking_fidelity,magnitude_spearman,0.5289148856392951,>=,0.7,0.7,False,False,False,False,unresolved,True
oasis:prod_27:ldh_release,OASIS_batch8,absolute:measurement_recoverability_max_exclusive:looser,single32,top5pct_quantitative_min,quantitative_fidelity,top5pct_recall,0.5714285714285714,>=,0.6,0.6,False,False,False,False,unresolved,True
oasis:prod_27:ldh_release,OASIS_batch8,absolute:measurement_recoverability_max_exclusive:looser,single32,top5pct_ranking_min,ranking_fidelity,top5pct_recall,0.5714285714285714,>=,0.5,0.5,False,True,True,False,unresolved,True
oasis:prod_27:ldh_release,OASIS_batch8,absolute:measurement_recoverability_max_exclusive:looser,single32,reliability_min,reference_identifiability,reliability,0.3424704461002013,>=,0.3,0.3,False,True,True,False,unresolved,True
oasis:prod_27:ldh_release,OASIS_batch8,absolute:measurement_recoverability_max_exclusive:looser,single32,measurement_recoverability_max_exclusive,measurement_required_eligibility_not_good_performance,recoverability_r,0.6847795104689672,<,0.55,0.6,True,False,False,False,unresolved,True
oasis:prod_27:ldh_release,OASIS_batch8,absolute:measurement_recoverability_max_exclusive:looser,single32,variance_ratio_min,quantitative_fidelity,variance_ratio,0.9924851039695776,>=,0.5,0.5,False,True,True,False,unresolved,True
oasis:prod_27:ldh_release,OASIS_batch8,absolute:measurement_recoverability_max_exclusive:looser,single32,variance_ratio_max,quantitative_fidelity,variance_ratio,0.9924851039695776,<=,1.5,1.5,False,True,True,False,unresolved,True
oasis:prod_27:ldh_release,OASIS_batch8,absolute:measurement_recoverability_max_exclusive:tighter,single32,recoverability_min,quantitative_fidelity,recoverability_r,0.6847795104689672,>=,0.7,0.7,False,False,False,False,unresolved,True
oasis:prod_27:ldh_release,OASIS_batch8,absolute:measurement_recoverability_max_exclusive:tighter,single32,magnitude_spearman_min,quantitative_and_ranking_fidelity,magnitude_spearman,0.5289148856392951,>=,0.7,0.7,False,False,False,False,unresolved,True
oasis:prod_27:ldh_release,OASIS_batch8,absolute:measurement_recoverability_max_exclusive:tighter,single32,top5pct_quantitative_min,quantitative_fidelity,top5pct_recall,0.5714285714285714,>=,0.6,0.6,False,False,False,False,unresolved,True
oasis:prod_27:ldh_release,OASIS_batch8,absolute:measurement_recoverability_max_exclusive:tighter,single32,top5pct_ranking_min,ranking_fidelity,top5pct_recall,0.5714285714285714,>=,0.5,0.5,False,True,True,False,unresolved,True
oasis:prod_27:ldh_release,OASIS_batch8,absolute:measurement_recoverability_max_exclusive:tighter,single32,reliability_min,reference_identifiability,reliability,0.3424704461002013,>=,0.3,0.3,False,True,True,False,unresolved,True
oasis:prod_27:ldh_release,OASIS_batch8,absolute:measurement_recoverability_max_exclusive:tighter,single32,measurement_recoverability_max_exclusive,measurement_required_eligibility_not_good_performance,recoverability_r,0.6847795104689672,<,0.65,0.6,True,False,False,False,unresolved,True
oasis:prod_27:ldh_release,OASIS_batch8,absolute:measurement_recoverability_max_exclusive:tighter,single32,variance_ratio_min,quantitative_fidelity,variance_ratio,0.9924851039695776,>=,0.5,0.5,False,True,True,False,unresolved,True
oasis:prod_27:ldh_release,OASIS_batch8,absolute:measurement_recoverability_max_exclusive:tighter,single32,variance_ratio_max,quantitative_fidelity,variance_ratio,0.9924851039695776,<=,1.5,1.5,False,True,True,False,unresolved,True
oasis:prod_27:ldh_release,OASIS_batch8,absolute:variance_ratio_min:looser,single32,recoverability_min,quantitative_fidelity,recoverability_r,0.6847795104689672,>=,0.7,0.7,False,False,False,False,unresolved,True
oasis:prod_27:ldh_release,OASIS_batch8,absolute:variance_ratio_min:looser,single32,magnitude_spearman_min,quantitative_and_ranking_fidelity,magnitude_spearman,0.5289148856392951,>=,0.7,0.7,False,False,False,False,unresolved,True
oasis:prod_27:ldh_release,OASIS_batch8,absolute:variance_ratio_min:looser,single32,top5pct_quantitative_min,quantitative_fidelity,top5pct_recall,0.5714285714285714,>=,0.6,0.6,False,False,False,False,unresolved,True
oasis:prod_27:ldh_release,OASIS_batch8,absolute:variance_ratio_min:looser,single32,top5pct_ranking_min,ranking_fidelity,top5pct_recall,0.5714285714285714,>=,0.5,0.5,False,True,True,False,unresolved,True
oasis:prod_27:ldh_release,OASIS_batch8,absolute:variance_ratio_min:looser,single32,reliability_min,reference_identifiability,reliability,0.3424704461002013,>=,0.3,0.3,False,True,True,False,unresolved,True
oasis:prod_27:ldh_release,OASIS_batch8,absolute:variance_ratio_min:looser,single32,measurement_recoverability_max_exclusive,measurement_required_eligibility_not_good_performance,recoverability_r,0.6847795104689672,<,0.6,0.6,False,False,False,False,unresolved,True
oasis:prod_27:ldh_release,OASIS_batch8,absolute:variance_ratio_min:looser,single32,variance_ratio_min,quantitative_fidelity,variance_ratio,0.9924851039695776,>=,0.45,0.5,True,True,True,False,unresolved,True
oasis:prod_27:ldh_release,OASIS_batch8,absolute:variance_ratio_min:looser,single32,variance_ratio_max,quantitative_fidelity,variance_ratio,0.9924851039695776,<=,1.5,1.5,False,True,True,False,unresolved,True
oasis:prod_27:ldh_release,OASIS_batch8,absolute:variance_ratio_min:tighter,single32,recoverability_min,quantitative_fidelity,recoverability_r,0.6847795104689672,>=,0.7,0.7,False,False,False,False,unresolved,True
oasis:prod_27:ldh_release,OASIS_batch8,absolute:variance_ratio_min:tighter,single32,magnitude_spearman_min,quantitative_and_ranking_fidelity,magnitude_spearman,0.5289148856392951,>=,0.7,0.7,False,False,False,False,unresolved,True
oasis:prod_27:ldh_release,OASIS_batch8,absolute:variance_ratio_min:tighter,single32,top5pct_quantitative_min,quantitative_fidelity,top5pct_recall,0.5714285714285714,>=,0.6,0.6,False,False,False,False,unresolved,True
oasis:prod_27:ldh_release,OASIS_batch8,absolute:variance_ratio_min:tighter,single32,top5pct_ranking_min,ranking_fidelity,top5pct_recall,0.5714285714285714,>=,0.5,0.5,False,True,True,False,unresolved,True
oasis:prod_27:ldh_release,OASIS_batch8,absolute:variance_ratio_min:tighter,single32,reliability_min,reference_identifiability,reliability,0.3424704461002013,>=,0.3,0.3,False,True,True,False,unresolved,True
oasis:prod_27:ldh_release,OASIS_batch8,absolute:variance_ratio_min:tighter,single32,measurement_recoverability_max_exclusive,measurement_required_eligibility_not_good_performance,recoverability_r,0.6847795104689672,<,0.6,0.6,False,False,False,False,unresolved,True
oasis:prod_27:ldh_release,OASIS_batch8,absolute:variance_ratio_min:tighter,single32,variance_ratio_min,quantitative_fidelity,variance_ratio,0.9924851039695776,>=,0.55,0.5,True,True,True,False,unresolved,True
oasis:prod_27:ldh_release,OASIS_batch8,absolute:variance_ratio_min:tighter,single32,variance_ratio_max,quantitative_fidelity,variance_ratio,0.9924851039695776,<=,1.5,1.5,False,True,True,False,unresolved,True
oasis:prod_27:ldh_release,OASIS_batch8,absolute:variance_ratio_max:looser,single32,recoverability_min,quantitative_fidelity,recoverability_r,0.6847795104689672,>=,0.7,0.7,False,False,False,False,unresolved,True
oasis:prod_27:ldh_release,OASIS_batch8,absolute:variance_ratio_max:looser,single32,magnitude_spearman_min,quantitative_and_ranking_fidelity,magnitude_spearman,0.5289148856392951,>=,0.7,0.7,False,False,False,False,unresolved,True
oasis:prod_27:ldh_release,OASIS_batch8,absolute:variance_ratio_max:looser,single32,top5pct_quantitative_min,quantitative_fidelity,top5pct_recall,0.5714285714285714,>=,0.6,0.6,False,False,False,False,unresolved,True
oasis:prod_27:ldh_release,OASIS_batch8,absolute:variance_ratio_max:looser,single32,top5pct_ranking_min,ranking_fidelity,top5pct_recall,0.5714285714285714,>=,0.5,0.5,False,True,True,False,unresolved,True
oasis:prod_27:ldh_release,OASIS_batch8,absolute:variance_ratio_max:looser,single32,reliability_min,reference_identifiability,reliability,0.3424704461002013,>=,0.3,0.3,False,True,True,False,unresolved,True
oasis:prod_27:ldh_release,OASIS_batch8,absolute:variance_ratio_max:looser,single32,measurement_recoverability_max_exclusive,measurement_required_eligibility_not_good_performance,recoverability_r,0.6847795104689672,<,0.6,0.6,False,False,False,False,unresolved,True
oasis:prod_27:ldh_release,OASIS_batch8,absolute:variance_ratio_max:looser,single32,variance_ratio_min,quantitative_fidelity,variance_ratio,0.9924851039695776,>=,0.5,0.5,False,True,True,False,unresolved,True
oasis:prod_27:ldh_release,OASIS_batch8,absolute:variance_ratio_max:looser,single32,variance_ratio_max,quantitative_fidelity,variance_ratio,0.9924851039695776,<=,1.55,1.5,True,True,True,False,unresolved,True
oasis:prod_27:ldh_release,OASIS_batch8,absolute:variance_ratio_max:tighter,single32,recoverability_min,quantitative_fidelity,recoverability_r,0.6847795104689672,>=,0.7,0.7,False,False,False,False,unresolved,True
oasis:prod_27:ldh_release,OASIS_batch8,absolute:variance_ratio_max:tighter,single32,magnitude_spearman_min,quantitative_and_ranking_fidelity,magnitude_spearman,0.5289148856392951,>=,0.7,0.7,False,False,False,False,unresolved,True
oasis:prod_27:ldh_release,OASIS_batch8,absolute:variance_ratio_max:tighter,single32,top5pct_quantitative_min,quantitative_fidelity,top5pct_recall,0.5714285714285714,>=,0.6,0.6,False,False,False,False,unresolved,True
oasis:prod_27:ldh_release,OASIS_batch8,absolute:variance_ratio_max:tighter,single32,top5pct_ranking_min,ranking_fidelity,top5pct_recall,0.5714285714285714,>=,0.5,0.5,False,True,True,False,unresolved,True
oasis:prod_27:ldh_release,OASIS_batch8,absolute:variance_ratio_max:tighter,single32,reliability_min,reference_identifiability,reliability,0.3424704461002013,>=,0.3,0.3,False,True,True,False,unresolved,True
oasis:prod_27:ldh_release,OASIS_batch8,absolute:variance_ratio_max:tighter,single32,measurement_recoverability_max_exclusive,measurement_required_eligibility_not_good_performance,recoverability_r,0.6847795104689672,<,0.6,0.6,False,False,False,False,unresolved,True
oasis:prod_27:ldh_release,OASIS_batch8,absolute:variance_ratio_max:tighter,single32,variance_ratio_min,quantitative_fidelity,variance_ratio,0.9924851039695776,>=,0.5,0.5,False,True,True,False,unresolved,True
oasis:prod_27:ldh_release,OASIS_batch8,absolute:variance_ratio_max:tighter,single32,variance_ratio_max,quantitative_fidelity,variance_ratio,0.9924851039695776,<=,1.45,1.5,True,True,True,False,unresolved,True
oasis:prod_27:ldh_release,OASIS_batch8,relative:all gates:looser,joint4,recoverability_min,quantitative_fidelity,recoverability_r,0.6847795104689672,>=,0.63,0.7,True,True,False,True,unresolved,True
oasis:prod_27:ldh_release,OASIS_batch8,relative:all gates:looser,joint4,magnitude_spearman_min,quantitative_and_ranking_fidelity,magnitude_spearman,0.5289148856392951,>=,0.63,0.7,True,False,False,False,unresolved,True
oasis:prod_27:ldh_release,OASIS_batch8,relative:all gates:looser,joint4,top5pct_quantitative_min,quantitative_fidelity,top5pct_recall,0.5714285714285714,>=,0.54,0.6,True,True,False,True,unresolved,True
oasis:prod_27:ldh_release,OASIS_batch8,relative:all gates:looser,joint4,top5pct_ranking_min,ranking_fidelity,top5pct_recall,0.5714285714285714,>=,0.45,0.5,True,True,True,False,unresolved,True
oasis:prod_27:ldh_release,OASIS_batch8,relative:all gates:looser,joint4,reliability_min,reference_identifiability,reliability,0.3424704461002013,>=,0.27,0.3,True,True,True,False,unresolved,True
oasis:prod_27:ldh_release,OASIS_batch8,relative:all gates:looser,joint4,measurement_recoverability_max_exclusive,measurement_required_eligibility_not_good_performance,recoverability_r,0.6847795104689672,<,0.54,0.6,True,False,False,False,unresolved,True
oasis:prod_27:ldh_release,OASIS_batch8,relative:all gates:looser,joint4,variance_ratio_min,quantitative_fidelity,variance_ratio,0.9924851039695776,>=,0.45,0.5,True,True,True,False,unresolved,True
oasis:prod_27:ldh_release,OASIS_batch8,relative:all gates:looser,joint4,variance_ratio_max,quantitative_fidelity,variance_ratio,0.9924851039695776,<=,1.65,1.5,True,True,True,False,unresolved,True
oasis:prod_27:ldh_release,OASIS_batch8,relative:all gates:tighter,joint4,recoverability_min,quantitative_fidelity,recoverability_r,0.6847795104689672,>=,0.77,0.7,True,False,False,False,unresolved,True
oasis:prod_27:ldh_release,OASIS_batch8,relative:all gates:tighter,joint4,magnitude_spearman_min,quantitative_and_ranking_fidelity,magnitude_spearman,0.5289148856392951,>=,0.77,0.7,True,False,False,False,unresolved,True
oasis:prod_27:ldh_release,OASIS_batch8,relative:all gates:tighter,joint4,top5pct_quantitative_min,quantitative_fidelity,top5pct_recall,0.5714285714285714,>=,0.66,0.6,True,False,False,False,unresolved,True
oasis:prod_27:ldh_release,OASIS_batch8,relative:all gates:tighter,joint4,top5pct_ranking_min,ranking_fidelity,top5pct_recall,0.5714285714285714,>=,0.55,0.5,True,True,True,False,unresolved,True
oasis:prod_27:ldh_release,OASIS_batch8,relative:all gates:tighter,joint4,reliability_min,reference_identifiability,reliability,0.3424704461002013,>=,0.33,0.3,True,True,True,False,unresolved,True
oasis:prod_27:ldh_release,OASIS_batch8,relative:all gates:tighter,joint4,measurement_recoverability_max_exclusive,measurement_required_eligibility_not_good_performance,recoverability_r,0.6847795104689672,<,0.66,0.6,True,False,False,False,unresolved,True
oasis:prod_27:ldh_release,OASIS_batch8,relative:all gates:tighter,joint4,variance_ratio_min,quantitative_fidelity,variance_ratio,0.9924851039695776,>=,0.55,0.5,True,True,True,False,unresolved,True
oasis:prod_27:ldh_release,OASIS_batch8,relative:all gates:tighter,joint4,variance_ratio_max,quantitative_fidelity,variance_ratio,0.9924851039695776,<=,1.35,1.5,True,True,True,False,unresolved,True
oasis:prod_27:ldh_release,OASIS_batch8,relative:recoverability_min:looser,single32,recoverability_min,quantitative_fidelity,recoverability_r,0.6847795104689672,>=,0.63,0.7,True,True,False,True,unresolved,True
oasis:prod_27:ldh_release,OASIS_batch8,relative:recoverability_min:looser,single32,magnitude_spearman_min,quantitative_and_ranking_fidelity,magnitude_spearman,0.5289148856392951,>=,0.7,0.7,False,False,False,False,unresolved,True
oasis:prod_27:ldh_release,OASIS_batch8,relative:recoverability_min:looser,single32,top5pct_quantitative_min,quantitative_fidelity,top5pct_recall,0.5714285714285714,>=,0.6,0.6,False,False,False,False,unresolved,True
oasis:prod_27:ldh_release,OASIS_batch8,relative:recoverability_min:looser,single32,top5pct_ranking_min,ranking_fidelity,top5pct_recall,0.5714285714285714,>=,0.5,0.5,False,True,True,False,unresolved,True
oasis:prod_27:ldh_release,OASIS_batch8,relative:recoverability_min:looser,single32,reliability_min,reference_identifiability,reliability,0.3424704461002013,>=,0.3,0.3,False,True,True,False,unresolved,True
oasis:prod_27:ldh_release,OASIS_batch8,relative:recoverability_min:looser,single32,measurement_recoverability_max_exclusive,measurement_required_eligibility_not_good_performance,recoverability_r,0.6847795104689672,<,0.6,0.6,False,False,False,False,unresolved,True
oasis:prod_27:ldh_release,OASIS_batch8,relative:recoverability_min:looser,single32,variance_ratio_min,quantitative_fidelity,variance_ratio,0.9924851039695776,>=,0.5,0.5,False,True,True,False,unresolved,True
oasis:prod_27:ldh_release,OASIS_batch8,relative:recoverability_min:looser,single32,variance_ratio_max,quantitative_fidelity,variance_ratio,0.9924851039695776,<=,1.5,1.5,False,True,True,False,unresolved,True
oasis:prod_27:ldh_release,OASIS_batch8,relative:recoverability_min:tighter,single32,recoverability_min,quantitative_fidelity,recoverability_r,0.6847795104689672,>=,0.77,0.7,True,False,False,False,unresolved,True
oasis:prod_27:ldh_release,OASIS_batch8,relative:recoverability_min:tighter,single32,magnitude_spearman_min,quantitative_and_ranking_fidelity,magnitude_spearman,0.5289148856392951,>=,0.7,0.7,False,False,False,False,unresolved,True
oasis:prod_27:ldh_release,OASIS_batch8,relative:recoverability_min:tighter,single32,top5pct_quantitative_min,quantitative_fidelity,top5pct_recall,0.5714285714285714,>=,0.6,0.6,False,False,False,False,unresolved,True
oasis:prod_27:ldh_release,OASIS_batch8,relative:recoverability_min:tighter,single32,top5pct_ranking_min,ranking_fidelity,top5pct_recall,0.5714285714285714,>=,0.5,0.5,False,True,True,False,unresolved,True
oasis:prod_27:ldh_release,OASIS_batch8,relative:recoverability_min:tighter,single32,reliability_min,reference_identifiability,reliability,0.3424704461002013,>=,0.3,0.3,False,True,True,False,unresolved,True
oasis:prod_27:ldh_release,OASIS_batch8,relative:recoverability_min:tighter,single32,measurement_recoverability_max_exclusive,measurement_required_eligibility_not_good_performance,recoverability_r,0.6847795104689672,<,0.6,0.6,False,False,False,False,unresolved,True
oasis:prod_27:ldh_release,OASIS_batch8,relative:recoverability_min:tighter,single32,variance_ratio_min,quantitative_fidelity,variance_ratio,0.9924851039695776,>=,0.5,0.5,False,True,True,False,unresolved,True
oasis:prod_27:ldh_release,OASIS_batch8,relative:recoverability_min:tighter,single32,variance_ratio_max,quantitative_fidelity,variance_ratio,0.9924851039695776,<=,1.5,1.5,False,True,True,False,unresolved,True
oasis:prod_27:ldh_release,OASIS_batch8,relative:magnitude_spearman_min:looser,single32,recoverability_min,quantitative_fidelity,recoverability_r,0.6847795104689672,>=,0.7,0.7,False,False,False,False,unresolved,True
oasis:prod_27:ldh_release,OASIS_batch8,relative:magnitude_spearman_min:looser,single32,magnitude_spearman_min,quantitative_and_ranking_fidelity,magnitude_spearman,0.5289148856392951,>=,0.63,0.7,True,False,False,False,unresolved,True
oasis:prod_27:ldh_release,OASIS_batch8,relative:magnitude_spearman_min:looser,single32,top5pct_quantitative_min,quantitative_fidelity,top5pct_recall,0.5714285714285714,>=,0.6,0.6,False,False,False,False,unresolved,True
oasis:prod_27:ldh_release,OASIS_batch8,relative:magnitude_spearman_min:looser,single32,top5pct_ranking_min,ranking_fidelity,top5pct_recall,0.5714285714285714,>=,0.5,0.5,False,True,True,False,unresolved,True
oasis:prod_27:ldh_release,OASIS_batch8,relative:magnitude_spearman_min:looser,single32,reliability_min,reference_identifiability,reliability,0.3424704461002013,>=,0.3,0.3,False,True,True,False,unresolved,True
oasis:prod_27:ldh_release,OASIS_batch8,relative:magnitude_spearman_min:looser,single32,measurement_recoverability_max_exclusive,measurement_required_eligibility_not_good_performance,recoverability_r,0.6847795104689672,<,0.6,0.6,False,False,False,False,unresolved,True
oasis:prod_27:ldh_release,OASIS_batch8,relative:magnitude_spearman_min:looser,single32,variance_ratio_min,quantitative_fidelity,variance_ratio,0.9924851039695776,>=,0.5,0.5,False,True,True,False,unresolved,True
oasis:prod_27:ldh_release,OASIS_batch8,relative:magnitude_spearman_min:looser,single32,variance_ratio_max,quantitative_fidelity,variance_ratio,0.9924851039695776,<=,1.5,1.5,False,True,True,False,unresolved,True
oasis:prod_27:ldh_release,OASIS_batch8,relative:magnitude_spearman_min:tighter,single32,recoverability_min,quantitative_fidelity,recoverability_r,0.6847795104689672,>=,0.7,0.7,False,False,False,False,unresolved,True
oasis:prod_27:ldh_release,OASIS_batch8,relative:magnitude_spearman_min:tighter,single32,magnitude_spearman_min,quantitative_and_ranking_fidelity,magnitude_spearman,0.5289148856392951,>=,0.77,0.7,True,False,False,False,unresolved,True
oasis:prod_27:ldh_release,OASIS_batch8,relative:magnitude_spearman_min:tighter,single32,top5pct_quantitative_min,quantitative_fidelity,top5pct_recall,0.5714285714285714,>=,0.6,0.6,False,False,False,False,unresolved,True
oasis:prod_27:ldh_release,OASIS_batch8,relative:magnitude_spearman_min:tighter,single32,top5pct_ranking_min,ranking_fidelity,top5pct_recall,0.5714285714285714,>=,0.5,0.5,False,True,True,False,unresolved,True
oasis:prod_27:ldh_release,OASIS_batch8,relative:magnitude_spearman_min:tighter,single32,reliability_min,reference_identifiability,reliability,0.3424704461002013,>=,0.3,0.3,False,True,True,False,unresolved,True
oasis:prod_27:ldh_release,OASIS_batch8,relative:magnitude_spearman_min:tighter,single32,measurement_recoverability_max_exclusive,measurement_required_eligibility_not_good_performance,recoverability_r,0.6847795104689672,<,0.6,0.6,False,False,False,False,unresolved,True
oasis:prod_27:ldh_release,OASIS_batch8,relative:magnitude_spearman_min:tighter,single32,variance_ratio_min,quantitative_fidelity,variance_ratio,0.9924851039695776,>=,0.5,0.5,False,True,True,False,unresolved,True
oasis:prod_27:ldh_release,OASIS_batch8,relative:magnitude_spearman_min:tighter,single32,variance_ratio_max,quantitative_fidelity,variance_ratio,0.9924851039695776,<=,1.5,1.5,False,True,True,False,unresolved,True
oasis:prod_27:ldh_release,OASIS_batch8,relative:top5pct_quantitative_min:looser,single32,recoverability_min,quantitative_fidelity,recoverability_r,0.6847795104689672,>=,0.7,0.7,False,False,False,False,unresolved,True
oasis:prod_27:ldh_release,OASIS_batch8,relative:top5pct_quantitative_min:looser,single32,magnitude_spearman_min,quantitative_and_ranking_fidelity,magnitude_spearman,0.5289148856392951,>=,0.7,0.7,False,False,False,False,unresolved,True
oasis:prod_27:ldh_release,OASIS_batch8,relative:top5pct_quantitative_min:looser,single32,top5pct_quantitative_min,quantitative_fidelity,top5pct_recall,0.5714285714285714,>=,0.54,0.6,True,True,False,True,unresolved,True
oasis:prod_27:ldh_release,OASIS_batch8,relative:top5pct_quantitative_min:looser,single32,top5pct_ranking_min,ranking_fidelity,top5pct_recall,0.5714285714285714,>=,0.5,0.5,False,True,True,False,unresolved,True
oasis:prod_27:ldh_release,OASIS_batch8,relative:top5pct_quantitative_min:looser,single32,reliability_min,reference_identifiability,reliability,0.3424704461002013,>=,0.3,0.3,False,True,True,False,unresolved,True
oasis:prod_27:ldh_release,OASIS_batch8,relative:top5pct_quantitative_min:looser,single32,measurement_recoverability_max_exclusive,measurement_required_eligibility_not_good_performance,recoverability_r,0.6847795104689672,<,0.6,0.6,False,False,False,False,unresolved,True
oasis:prod_27:ldh_release,OASIS_batch8,relative:top5pct_quantitative_min:looser,single32,variance_ratio_min,quantitative_fidelity,variance_ratio,0.9924851039695776,>=,0.5,0.5,False,True,True,False,unresolved,True
oasis:prod_27:ldh_release,OASIS_batch8,relative:top5pct_quantitative_min:looser,single32,variance_ratio_max,quantitative_fidelity,variance_ratio,0.9924851039695776,<=,1.5,1.5,False,True,True,False,unresolved,True
oasis:prod_27:ldh_release,OASIS_batch8,relative:top5pct_quantitative_min:tighter,single32,recoverability_min,quantitative_fidelity,recoverability_r,0.6847795104689672,>=,0.7,0.7,False,False,False,False,unresolved,True
oasis:prod_27:ldh_release,OASIS_batch8,relative:top5pct_quantitative_min:tighter,single32,magnitude_spearman_min,quantitative_and_ranking_fidelity,magnitude_spearman,0.5289148856392951,>=,0.7,0.7,False,False,False,False,unresolved,True
oasis:prod_27:ldh_release,OASIS_batch8,relative:top5pct_quantitative_min:tighter,single32,top5pct_quantitative_min,quantitative_fidelity,top5pct_recall,0.5714285714285714,>=,0.66,0.6,True,False,False,False,unresolved,True
oasis:prod_27:ldh_release,OASIS_batch8,relative:top5pct_quantitative_min:tighter,single32,top5pct_ranking_min,ranking_fidelity,top5pct_recall,0.5714285714285714,>=,0.5,0.5,False,True,True,False,unresolved,True
oasis:prod_27:ldh_release,OASIS_batch8,relative:top5pct_quantitative_min:tighter,single32,reliability_min,reference_identifiability,reliability,0.3424704461002013,>=,0.3,0.3,False,True,True,False,unresolved,True
oasis:prod_27:ldh_release,OASIS_batch8,relative:top5pct_quantitative_min:tighter,single32,measurement_recoverability_max_exclusive,measurement_required_eligibility_not_good_performance,recoverability_r,0.6847795104689672,<,0.6,0.6,False,False,False,False,unresolved,True
oasis:prod_27:ldh_release,OASIS_batch8,relative:top5pct_quantitative_min:tighter,single32,variance_ratio_min,quantitative_fidelity,variance_ratio,0.9924851039695776,>=,0.5,0.5,False,True,True,False,unresolved,True
oasis:prod_27:ldh_release,OASIS_batch8,relative:top5pct_quantitative_min:tighter,single32,variance_ratio_max,quantitative_fidelity,variance_ratio,0.9924851039695776,<=,1.5,1.5,False,True,True,False,unresolved,True
oasis:prod_27:ldh_release,OASIS_batch8,relative:top5pct_ranking_min:looser,single32,recoverability_min,quantitative_fidelity,recoverability_r,0.6847795104689672,>=,0.7,0.7,False,False,False,False,unresolved,True
oasis:prod_27:ldh_release,OASIS_batch8,relative:top5pct_ranking_min:looser,single32,magnitude_spearman_min,quantitative_and_ranking_fidelity,magnitude_spearman,0.5289148856392951,>=,0.7,0.7,False,False,False,False,unresolved,True
oasis:prod_27:ldh_release,OASIS_batch8,relative:top5pct_ranking_min:looser,single32,top5pct_quantitative_min,quantitative_fidelity,top5pct_recall,0.5714285714285714,>=,0.6,0.6,False,False,False,False,unresolved,True
oasis:prod_27:ldh_release,OASIS_batch8,relative:top5pct_ranking_min:looser,single32,top5pct_ranking_min,ranking_fidelity,top5pct_recall,0.5714285714285714,>=,0.45,0.5,True,True,True,False,unresolved,True
oasis:prod_27:ldh_release,OASIS_batch8,relative:top5pct_ranking_min:looser,single32,reliability_min,reference_identifiability,reliability,0.3424704461002013,>=,0.3,0.3,False,True,True,False,unresolved,True
oasis:prod_27:ldh_release,OASIS_batch8,relative:top5pct_ranking_min:looser,single32,measurement_recoverability_max_exclusive,measurement_required_eligibility_not_good_performance,recoverability_r,0.6847795104689672,<,0.6,0.6,False,False,False,False,unresolved,True
oasis:prod_27:ldh_release,OASIS_batch8,relative:top5pct_ranking_min:looser,single32,variance_ratio_min,quantitative_fidelity,variance_ratio,0.9924851039695776,>=,0.5,0.5,False,True,True,False,unresolved,True
oasis:prod_27:ldh_release,OASIS_batch8,relative:top5pct_ranking_min:looser,single32,variance_ratio_max,quantitative_fidelity,variance_ratio,0.9924851039695776,<=,1.5,1.5,False,True,True,False,unresolved,True
oasis:prod_27:ldh_release,OASIS_batch8,relative:top5pct_ranking_min:tighter,single32,recoverability_min,quantitative_fidelity,recoverability_r,0.6847795104689672,>=,0.7,0.7,False,False,False,False,unresolved,True
oasis:prod_27:ldh_release,OASIS_batch8,relative:top5pct_ranking_min:tighter,single32,magnitude_spearman_min,quantitative_and_ranking_fidelity,magnitude_spearman,0.5289148856392951,>=,0.7,0.7,False,False,False,False,unresolved,True
oasis:prod_27:ldh_release,OASIS_batch8,relative:top5pct_ranking_min:tighter,single32,top5pct_quantitative_min,quantitative_fidelity,top5pct_recall,0.5714285714285714,>=,0.6,0.6,False,False,False,False,unresolved,True
oasis:prod_27:ldh_release,OASIS_batch8,relative:top5pct_ranking_min:tighter,single32,top5pct_ranking_min,ranking_fidelity,top5pct_recall,0.5714285714285714,>=,0.55,0.5,True,True,True,False,unresolved,True
oasis:prod_27:ldh_release,OASIS_batch8,relative:top5pct_ranking_min:tighter,single32,reliability_min,reference_identifiability,reliability,0.3424704461002013,>=,0.3,0.3,False,True,True,False,unresolved,True
oasis:prod_27:ldh_release,OASIS_batch8,relative:top5pct_ranking_min:tighter,single32,measurement_recoverability_max_exclusive,measurement_required_eligibility_not_good_performance,recoverability_r,0.6847795104689672,<,0.6,0.6,False,False,False,False,unresolved,True
oasis:prod_27:ldh_release,OASIS_batch8,relative:top5pct_ranking_min:tighter,single32,variance_ratio_min,quantitative_fidelity,variance_ratio,0.9924851039695776,>=,0.5,0.5,False,True,True,False,unresolved,True
oasis:prod_27:ldh_release,OASIS_batch8,relative:top5pct_ranking_min:tighter,single32,variance_ratio_max,quantitative_fidelity,variance_ratio,0.9924851039695776,<=,1.5,1.5,False,True,True,False,unresolved,True
oasis:prod_27:ldh_release,OASIS_batch8,relative:reliability_min:looser,single32,recoverability_min,quantitative_fidelity,recoverability_r,0.6847795104689672,>=,0.7,0.7,False,False,False,False,unresolved,True
oasis:prod_27:ldh_release,OASIS_batch8,relative:reliability_min:looser,single32,magnitude_spearman_min,quantitative_and_ranking_fidelity,magnitude_spearman,0.5289148856392951,>=,0.7,0.7,False,False,False,False,unresolved,True
oasis:prod_27:ldh_release,OASIS_batch8,relative:reliability_min:looser,single32,top5pct_quantitative_min,quantitative_fidelity,top5pct_recall,0.5714285714285714,>=,0.6,0.6,False,False,False,False,unresolved,True
oasis:prod_27:ldh_release,OASIS_batch8,relative:reliability_min:looser,single32,top5pct_ranking_min,ranking_fidelity,top5pct_recall,0.5714285714285714,>=,0.5,0.5,False,True,True,False,unresolved,True
oasis:prod_27:ldh_release,OASIS_batch8,relative:reliability_min:looser,single32,reliability_min,reference_identifiability,reliability,0.3424704461002013,>=,0.27,0.3,True,True,True,False,unresolved,True
oasis:prod_27:ldh_release,OASIS_batch8,relative:reliability_min:looser,single32,measurement_recoverability_max_exclusive,measurement_required_eligibility_not_good_performance,recoverability_r,0.6847795104689672,<,0.6,0.6,False,False,False,False,unresolved,True
oasis:prod_27:ldh_release,OASIS_batch8,relative:reliability_min:looser,single32,variance_ratio_min,quantitative_fidelity,variance_ratio,0.9924851039695776,>=,0.5,0.5,False,True,True,False,unresolved,True
oasis:prod_27:ldh_release,OASIS_batch8,relative:reliability_min:looser,single32,variance_ratio_max,quantitative_fidelity,variance_ratio,0.9924851039695776,<=,1.5,1.5,False,True,True,False,unresolved,True
oasis:prod_27:ldh_release,OASIS_batch8,relative:reliability_min:tighter,single32,recoverability_min,quantitative_fidelity,recoverability_r,0.6847795104689672,>=,0.7,0.7,False,False,False,False,unresolved,True
oasis:prod_27:ldh_release,OASIS_batch8,relative:reliability_min:tighter,single32,magnitude_spearman_min,quantitative_and_ranking_fidelity,magnitude_spearman,0.5289148856392951,>=,0.7,0.7,False,False,False,False,unresolved,True
oasis:prod_27:ldh_release,OASIS_batch8,relative:reliability_min:tighter,single32,top5pct_quantitative_min,quantitative_fidelity,top5pct_recall,0.5714285714285714,>=,0.6,0.6,False,False,False,False,unresolved,True
oasis:prod_27:ldh_release,OASIS_batch8,relative:reliability_min:tighter,single32,top5pct_ranking_min,ranking_fidelity,top5pct_recall,0.5714285714285714,>=,0.5,0.5,False,True,True,False,unresolved,True
oasis:prod_27:ldh_release,OASIS_batch8,relative:reliability_min:tighter,single32,reliability_min,reference_identifiability,reliability,0.3424704461002013,>=,0.33,0.3,True,True,True,False,unresolved,True
oasis:prod_27:ldh_release,OASIS_batch8,relative:reliability_min:tighter,single32,measurement_recoverability_max_exclusive,measurement_required_eligibility_not_good_performance,recoverability_r,0.6847795104689672,<,0.6,0.6,False,False,False,False,unresolved,True
oasis:prod_27:ldh_release,OASIS_batch8,relative:reliability_min:tighter,single32,variance_ratio_min,quantitative_fidelity,variance_ratio,0.9924851039695776,>=,0.5,0.5,False,True,True,False,unresolved,True
oasis:prod_27:ldh_release,OASIS_batch8,relative:reliability_min:tighter,single32,variance_ratio_max,quantitative_fidelity,variance_ratio,0.9924851039695776,<=,1.5,1.5,False,True,True,False,unresolved,True
oasis:prod_27:ldh_release,OASIS_batch8,relative:measurement_recoverability_max_exclusive:looser,single32,recoverability_min,quantitative_fidelity,recoverability_r,0.6847795104689672,>=,0.7,0.7,False,False,False,False,unresolved,True
oasis:prod_27:ldh_release,OASIS_batch8,relative:measurement_recoverability_max_exclusive:looser,single32,magnitude_spearman_min,quantitative_and_ranking_fidelity,magnitude_spearman,0.5289148856392951,>=,0.7,0.7,False,False,False,False,unresolved,True
oasis:prod_27:ldh_release,OASIS_batch8,relative:measurement_recoverability_max_exclusive:looser,single32,top5pct_quantitative_min,quantitative_fidelity,top5pct_recall,0.5714285714285714,>=,0.6,0.6,False,False,False,False,unresolved,True
oasis:prod_27:ldh_release,OASIS_batch8,relative:measurement_recoverability_max_exclusive:looser,single32,top5pct_ranking_min,ranking_fidelity,top5pct_recall,0.5714285714285714,>=,0.5,0.5,False,True,True,False,unresolved,True
oasis:prod_27:ldh_release,OASIS_batch8,relative:measurement_recoverability_max_exclusive:looser,single32,reliability_min,reference_identifiability,reliability,0.3424704461002013,>=,0.3,0.3,False,True,True,False,unresolved,True
oasis:prod_27:ldh_release,OASIS_batch8,relative:measurement_recoverability_max_exclusive:looser,single32,measurement_recoverability_max_exclusive,measurement_required_eligibility_not_good_performance,recoverability_r,0.6847795104689672,<,0.54,0.6,True,False,False,False,unresolved,True
oasis:prod_27:ldh_release,OASIS_batch8,relative:measurement_recoverability_max_exclusive:looser,single32,variance_ratio_min,quantitative_fidelity,variance_ratio,0.9924851039695776,>=,0.5,0.5,False,True,True,False,unresolved,True
oasis:prod_27:ldh_release,OASIS_batch8,relative:measurement_recoverability_max_exclusive:looser,single32,variance_ratio_max,quantitative_fidelity,variance_ratio,0.9924851039695776,<=,1.5,1.5,False,True,True,False,unresolved,True
oasis:prod_27:ldh_release,OASIS_batch8,relative:measurement_recoverability_max_exclusive:tighter,single32,recoverability_min,quantitative_fidelity,recoverability_r,0.6847795104689672,>=,0.7,0.7,False,False,False,False,unresolved,True
oasis:prod_27:ldh_release,OASIS_batch8,relative:measurement_recoverability_max_exclusive:tighter,single32,magnitude_spearman_min,quantitative_and_ranking_fidelity,magnitude_spearman,0.5289148856392951,>=,0.7,0.7,False,False,False,False,unresolved,True
oasis:prod_27:ldh_release,OASIS_batch8,relative:measurement_recoverability_max_exclusive:tighter,single32,top5pct_quantitative_min,quantitative_fidelity,top5pct_recall,0.5714285714285714,>=,0.6,0.6,False,False,False,False,unresolved,True
oasis:prod_27:ldh_release,OASIS_batch8,relative:measurement_recoverability_max_exclusive:tighter,single32,top5pct_ranking_min,ranking_fidelity,top5pct_recall,0.5714285714285714,>=,0.5,0.5,False,True,True,False,unresolved,True
oasis:prod_27:ldh_release,OASIS_batch8,relative:measurement_recoverability_max_exclusive:tighter,single32,reliability_min,reference_identifiability,reliability,0.3424704461002013,>=,0.3,0.3,False,True,True,False,unresolved,True
oasis:prod_27:ldh_release,OASIS_batch8,relative:measurement_recoverability_max_exclusive:tighter,single32,measurement_recoverability_max_exclusive,measurement_required_eligibility_not_good_performance,recoverability_r,0.6847795104689672,<,0.66,0.6,True,False,False,False,unresolved,True
oasis:prod_27:ldh_release,OASIS_batch8,relative:measurement_recoverability_max_exclusive:tighter,single32,variance_ratio_min,quantitative_fidelity,variance_ratio,0.9924851039695776,>=,0.5,0.5,False,True,True,False,unresolved,True
oasis:prod_27:ldh_release,OASIS_batch8,relative:measurement_recoverability_max_exclusive:tighter,single32,variance_ratio_max,quantitative_fidelity,variance_ratio,0.9924851039695776,<=,1.5,1.5,False,True,True,False,unresolved,True
oasis:prod_27:ldh_release,OASIS_batch8,relative:variance_ratio_min:looser,single32,recoverability_min,quantitative_fidelity,recoverability_r,0.6847795104689672,>=,0.7,0.7,False,False,False,False,unresolved,True
oasis:prod_27:ldh_release,OASIS_batch8,relative:variance_ratio_min:looser,single32,magnitude_spearman_min,quantitative_and_ranking_fidelity,magnitude_spearman,0.5289148856392951,>=,0.7,0.7,False,False,False,False,unresolved,True
oasis:prod_27:ldh_release,OASIS_batch8,relative:variance_ratio_min:looser,single32,top5pct_quantitative_min,quantitative_fidelity,top5pct_recall,0.5714285714285714,>=,0.6,0.6,False,False,False,False,unresolved,True
oasis:prod_27:ldh_release,OASIS_batch8,relative:variance_ratio_min:looser,single32,top5pct_ranking_min,ranking_fidelity,top5pct_recall,0.5714285714285714,>=,0.5,0.5,False,True,True,False,unresolved,True
oasis:prod_27:ldh_release,OASIS_batch8,relative:variance_ratio_min:looser,single32,reliability_min,reference_identifiability,reliability,0.3424704461002013,>=,0.3,0.3,False,True,True,False,unresolved,True
oasis:prod_27:ldh_release,OASIS_batch8,relative:variance_ratio_min:looser,single32,measurement_recoverability_max_exclusive,measurement_required_eligibility_not_good_performance,recoverability_r,0.6847795104689672,<,0.6,0.6,False,False,False,False,unresolved,True
oasis:prod_27:ldh_release,OASIS_batch8,relative:variance_ratio_min:looser,single32,variance_ratio_min,quantitative_fidelity,variance_ratio,0.9924851039695776,>=,0.45,0.5,True,True,True,False,unresolved,True
oasis:prod_27:ldh_release,OASIS_batch8,relative:variance_ratio_min:looser,single32,variance_ratio_max,quantitative_fidelity,variance_ratio,0.9924851039695776,<=,1.5,1.5,False,True,True,False,unresolved,True
oasis:prod_27:ldh_release,OASIS_batch8,relative:variance_ratio_min:tighter,single32,recoverability_min,quantitative_fidelity,recoverability_r,0.6847795104689672,>=,0.7,0.7,False,False,False,False,unresolved,True
oasis:prod_27:ldh_release,OASIS_batch8,relative:variance_ratio_min:tighter,single32,magnitude_spearman_min,quantitative_and_ranking_fidelity,magnitude_spearman,0.5289148856392951,>=,0.7,0.7,False,False,False,False,unresolved,True
oasis:prod_27:ldh_release,OASIS_batch8,relative:variance_ratio_min:tighter,single32,top5pct_quantitative_min,quantitative_fidelity,top5pct_recall,0.5714285714285714,>=,0.6,0.6,False,False,False,False,unresolved,True
oasis:prod_27:ldh_release,OASIS_batch8,relative:variance_ratio_min:tighter,single32,top5pct_ranking_min,ranking_fidelity,top5pct_recall,0.5714285714285714,>=,0.5,0.5,False,True,True,False,unresolved,True
oasis:prod_27:ldh_release,OASIS_batch8,relative:variance_ratio_min:tighter,single32,reliability_min,reference_identifiability,reliability,0.3424704461002013,>=,0.3,0.3,False,True,True,False,unresolved,True
oasis:prod_27:ldh_release,OASIS_batch8,relative:variance_ratio_min:tighter,single32,measurement_recoverability_max_exclusive,measurement_required_eligibility_not_good_performance,recoverability_r,0.6847795104689672,<,0.6,0.6,False,False,False,False,unresolved,True
oasis:prod_27:ldh_release,OASIS_batch8,relative:variance_ratio_min:tighter,single32,variance_ratio_min,quantitative_fidelity,variance_ratio,0.9924851039695776,>=,0.55,0.5,True,True,True,False,unresolved,True
oasis:prod_27:ldh_release,OASIS_batch8,relative:variance_ratio_min:tighter,single32,variance_ratio_max,quantitative_fidelity,variance_ratio,0.9924851039695776,<=,1.5,1.5,False,True,True,False,unresolved,True
oasis:prod_27:ldh_release,OASIS_batch8,relative:variance_ratio_max:looser,single32,recoverability_min,quantitative_fidelity,recoverability_r,0.6847795104689672,>=,0.7,0.7,False,False,False,False,unresolved,True
oasis:prod_27:ldh_release,OASIS_batch8,relative:variance_ratio_max:looser,single32,magnitude_spearman_min,quantitative_and_ranking_fidelity,magnitude_spearman,0.5289148856392951,>=,0.7,0.7,False,False,False,False,unresolved,True
oasis:prod_27:ldh_release,OASIS_batch8,relative:variance_ratio_max:looser,single32,top5pct_quantitative_min,quantitative_fidelity,top5pct_recall,0.5714285714285714,>=,0.6,0.6,False,False,False,False,unresolved,True
oasis:prod_27:ldh_release,OASIS_batch8,relative:variance_ratio_max:looser,single32,top5pct_ranking_min,ranking_fidelity,top5pct_recall,0.5714285714285714,>=,0.5,0.5,False,True,True,False,unresolved,True
oasis:prod_27:ldh_release,OASIS_batch8,relative:variance_ratio_max:looser,single32,reliability_min,reference_identifiability,reliability,0.3424704461002013,>=,0.3,0.3,False,True,True,False,unresolved,True
oasis:prod_27:ldh_release,OASIS_batch8,relative:variance_ratio_max:looser,single32,measurement_recoverability_max_exclusive,measurement_required_eligibility_not_good_performance,recoverability_r,0.6847795104689672,<,0.6,0.6,False,False,False,False,unresolved,True
oasis:prod_27:ldh_release,OASIS_batch8,relative:variance_ratio_max:looser,single32,variance_ratio_min,quantitative_fidelity,variance_ratio,0.9924851039695776,>=,0.5,0.5,False,True,True,False,unresolved,True
oasis:prod_27:ldh_release,OASIS_batch8,relative:variance_ratio_max:looser,single32,variance_ratio_max,quantitative_fidelity,variance_ratio,0.9924851039695776,<=,1.65,1.5,True,True,True,False,unresolved,True
oasis:prod_27:ldh_release,OASIS_batch8,relative:variance_ratio_max:tighter,single32,recoverability_min,quantitative_fidelity,recoverability_r,0.6847795104689672,>=,0.7,0.7,False,False,False,False,unresolved,True
oasis:prod_27:ldh_release,OASIS_batch8,relative:variance_ratio_max:tighter,single32,magnitude_spearman_min,quantitative_and_ranking_fidelity,magnitude_spearman,0.5289148856392951,>=,0.7,0.7,False,False,False,False,unresolved,True
oasis:prod_27:ldh_release,OASIS_batch8,relative:variance_ratio_max:tighter,single32,top5pct_quantitative_min,quantitative_fidelity,top5pct_recall,0.5714285714285714,>=,0.6,0.6,False,False,False,False,unresolved,True
oasis:prod_27:ldh_release,OASIS_batch8,relative:variance_ratio_max:tighter,single32,top5pct_ranking_min,ranking_fidelity,top5pct_recall,0.5714285714285714,>=,0.5,0.5,False,True,True,False,unresolved,True
oasis:prod_27:ldh_release,OASIS_batch8,relative:variance_ratio_max:tighter,single32,reliability_min,reference_identifiability,reliability,0.3424704461002013,>=,0.3,0.3,False,True,True,False,unresolved,True
oasis:prod_27:ldh_release,OASIS_batch8,relative:variance_ratio_max:tighter,single32,measurement_recoverability_max_exclusive,measurement_required_eligibility_not_good_performance,recoverability_r,0.6847795104689672,<,0.6,0.6,False,False,False,False,unresolved,True
oasis:prod_27:ldh_release,OASIS_batch8,relative:variance_ratio_max:tighter,single32,variance_ratio_min,quantitative_fidelity,variance_ratio,0.9924851039695776,>=,0.5,0.5,False,True,True,False,unresolved,True
oasis:prod_27:ldh_release,OASIS_batch8,relative:variance_ratio_max:tighter,single32,variance_ratio_max,quantitative_fidelity,variance_ratio,0.9924851039695776,<=,1.35,1.5,True,True,True,False,unresolved,True
oasis:prod_30:mtt_viability,OASIS_batch8,baseline,baseline,recoverability_min,quantitative_fidelity,recoverability_r,0.8052871858620463,>=,0.7,0.7,False,True,True,False,unresolved,True
oasis:prod_30:mtt_viability,OASIS_batch8,baseline,baseline,magnitude_spearman_min,quantitative_and_ranking_fidelity,magnitude_spearman,0.5219082188229194,>=,0.7,0.7,False,False,False,False,unresolved,True
oasis:prod_30:mtt_viability,OASIS_batch8,baseline,baseline,top5pct_quantitative_min,quantitative_fidelity,top5pct_recall,0.6666666666666666,>=,0.6,0.6,False,True,True,False,unresolved,True
oasis:prod_30:mtt_viability,OASIS_batch8,baseline,baseline,top5pct_ranking_min,ranking_fidelity,top5pct_recall,0.6666666666666666,>=,0.5,0.5,False,True,True,False,unresolved,True
oasis:prod_30:mtt_viability,OASIS_batch8,baseline,baseline,reliability_min,reference_identifiability,reliability,0.454501598608551,>=,0.3,0.3,False,True,True,False,unresolved,True
oasis:prod_30:mtt_viability,OASIS_batch8,baseline,baseline,measurement_recoverability_max_exclusive,measurement_required_eligibility_not_good_performance,recoverability_r,0.8052871858620463,<,0.6,0.6,False,False,False,False,unresolved,True
oasis:prod_30:mtt_viability,OASIS_batch8,baseline,baseline,variance_ratio_min,quantitative_fidelity,variance_ratio,0.6788106861745933,>=,0.5,0.5,False,True,True,False,unresolved,True
oasis:prod_30:mtt_viability,OASIS_batch8,baseline,baseline,variance_ratio_max,quantitative_fidelity,variance_ratio,0.6788106861745933,<=,1.5,1.5,False,True,True,False,unresolved,True
oasis:prod_30:mtt_viability,OASIS_batch8,absolute:all gates:looser,joint4,recoverability_min,quantitative_fidelity,recoverability_r,0.8052871858620463,>=,0.65,0.7,True,True,True,False,unresolved,True
oasis:prod_30:mtt_viability,OASIS_batch8,absolute:all gates:looser,joint4,magnitude_spearman_min,quantitative_and_ranking_fidelity,magnitude_spearman,0.5219082188229194,>=,0.65,0.7,True,False,False,False,unresolved,True
oasis:prod_30:mtt_viability,OASIS_batch8,absolute:all gates:looser,joint4,top5pct_quantitative_min,quantitative_fidelity,top5pct_recall,0.6666666666666666,>=,0.55,0.6,True,True,True,False,unresolved,True
oasis:prod_30:mtt_viability,OASIS_batch8,absolute:all gates:looser,joint4,top5pct_ranking_min,ranking_fidelity,top5pct_recall,0.6666666666666666,>=,0.45,0.5,True,True,True,False,unresolved,True
oasis:prod_30:mtt_viability,OASIS_batch8,absolute:all gates:looser,joint4,reliability_min,reference_identifiability,reliability,0.454501598608551,>=,0.25,0.3,True,True,True,False,unresolved,True
oasis:prod_30:mtt_viability,OASIS_batch8,absolute:all gates:looser,joint4,measurement_recoverability_max_exclusive,measurement_required_eligibility_not_good_performance,recoverability_r,0.8052871858620463,<,0.55,0.6,True,False,False,False,unresolved,True
oasis:prod_30:mtt_viability,OASIS_batch8,absolute:all gates:looser,joint4,variance_ratio_min,quantitative_fidelity,variance_ratio,0.6788106861745933,>=,0.45,0.5,True,True,True,False,unresolved,True
oasis:prod_30:mtt_viability,OASIS_batch8,absolute:all gates:looser,joint4,variance_ratio_max,quantitative_fidelity,variance_ratio,0.6788106861745933,<=,1.55,1.5,True,True,True,False,unresolved,True
oasis:prod_30:mtt_viability,OASIS_batch8,absolute:all gates:tighter,joint4,recoverability_min,quantitative_fidelity,recoverability_r,0.8052871858620463,>=,0.75,0.7,True,True,True,False,unresolved,True
oasis:prod_30:mtt_viability,OASIS_batch8,absolute:all gates:tighter,joint4,magnitude_spearman_min,quantitative_and_ranking_fidelity,magnitude_spearman,0.5219082188229194,>=,0.75,0.7,True,False,False,False,unresolved,True
oasis:prod_30:mtt_viability,OASIS_batch8,absolute:all gates:tighter,joint4,top5pct_quantitative_min,quantitative_fidelity,top5pct_recall,0.6666666666666666,>=,0.65,0.6,True,True,True,False,unresolved,True
oasis:prod_30:mtt_viability,OASIS_batch8,absolute:all gates:tighter,joint4,top5pct_ranking_min,ranking_fidelity,top5pct_recall,0.6666666666666666,>=,0.55,0.5,True,True,True,False,unresolved,True
oasis:prod_30:mtt_viability,OASIS_batch8,absolute:all gates:tighter,joint4,reliability_min,reference_identifiability,reliability,0.454501598608551,>=,0.35,0.3,True,True,True,False,unresolved,True
oasis:prod_30:mtt_viability,OASIS_batch8,absolute:all gates:tighter,joint4,measurement_recoverability_max_exclusive,measurement_required_eligibility_not_good_performance,recoverability_r,0.8052871858620463,<,0.65,0.6,True,False,False,False,unresolved,True
oasis:prod_30:mtt_viability,OASIS_batch8,absolute:all gates:tighter,joint4,variance_ratio_min,quantitative_fidelity,variance_ratio,0.6788106861745933,>=,0.55,0.5,True,True,True,False,unresolved,True
oasis:prod_30:mtt_viability,OASIS_batch8,absolute:all gates:tighter,joint4,variance_ratio_max,quantitative_fidelity,variance_ratio,0.6788106861745933,<=,1.45,1.5,True,True,True,False,unresolved,True
oasis:prod_30:mtt_viability,OASIS_batch8,absolute:recoverability_min:looser,single32,recoverability_min,quantitative_fidelity,recoverability_r,0.8052871858620463,>=,0.65,0.7,True,True,True,False,unresolved,True
oasis:prod_30:mtt_viability,OASIS_batch8,absolute:recoverability_min:looser,single32,magnitude_spearman_min,quantitative_and_ranking_fidelity,magnitude_spearman,0.5219082188229194,>=,0.7,0.7,False,False,False,False,unresolved,True
oasis:prod_30:mtt_viability,OASIS_batch8,absolute:recoverability_min:looser,single32,top5pct_quantitative_min,quantitative_fidelity,top5pct_recall,0.6666666666666666,>=,0.6,0.6,False,True,True,False,unresolved,True
oasis:prod_30:mtt_viability,OASIS_batch8,absolute:recoverability_min:looser,single32,top5pct_ranking_min,ranking_fidelity,top5pct_recall,0.6666666666666666,>=,0.5,0.5,False,True,True,False,unresolved,True
oasis:prod_30:mtt_viability,OASIS_batch8,absolute:recoverability_min:looser,single32,reliability_min,reference_identifiability,reliability,0.454501598608551,>=,0.3,0.3,False,True,True,False,unresolved,True
oasis:prod_30:mtt_viability,OASIS_batch8,absolute:recoverability_min:looser,single32,measurement_recoverability_max_exclusive,measurement_required_eligibility_not_good_performance,recoverability_r,0.8052871858620463,<,0.6,0.6,False,False,False,False,unresolved,True
oasis:prod_30:mtt_viability,OASIS_batch8,absolute:recoverability_min:looser,single32,variance_ratio_min,quantitative_fidelity,variance_ratio,0.6788106861745933,>=,0.5,0.5,False,True,True,False,unresolved,True
oasis:prod_30:mtt_viability,OASIS_batch8,absolute:recoverability_min:looser,single32,variance_ratio_max,quantitative_fidelity,variance_ratio,0.6788106861745933,<=,1.5,1.5,False,True,True,False,unresolved,True
oasis:prod_30:mtt_viability,OASIS_batch8,absolute:recoverability_min:tighter,single32,recoverability_min,quantitative_fidelity,recoverability_r,0.8052871858620463,>=,0.75,0.7,True,True,True,False,unresolved,True
oasis:prod_30:mtt_viability,OASIS_batch8,absolute:recoverability_min:tighter,single32,magnitude_spearman_min,quantitative_and_ranking_fidelity,magnitude_spearman,0.5219082188229194,>=,0.7,0.7,False,False,False,False,unresolved,True
oasis:prod_30:mtt_viability,OASIS_batch8,absolute:recoverability_min:tighter,single32,top5pct_quantitative_min,quantitative_fidelity,top5pct_recall,0.6666666666666666,>=,0.6,0.6,False,True,True,False,unresolved,True
oasis:prod_30:mtt_viability,OASIS_batch8,absolute:recoverability_min:tighter,single32,top5pct_ranking_min,ranking_fidelity,top5pct_recall,0.6666666666666666,>=,0.5,0.5,False,True,True,False,unresolved,True
oasis:prod_30:mtt_viability,OASIS_batch8,absolute:recoverability_min:tighter,single32,reliability_min,reference_identifiability,reliability,0.454501598608551,>=,0.3,0.3,False,True,True,False,unresolved,True
oasis:prod_30:mtt_viability,OASIS_batch8,absolute:recoverability_min:tighter,single32,measurement_recoverability_max_exclusive,measurement_required_eligibility_not_good_performance,recoverability_r,0.8052871858620463,<,0.6,0.6,False,False,False,False,unresolved,True
oasis:prod_30:mtt_viability,OASIS_batch8,absolute:recoverability_min:tighter,single32,variance_ratio_min,quantitative_fidelity,variance_ratio,0.6788106861745933,>=,0.5,0.5,False,True,True,False,unresolved,True
oasis:prod_30:mtt_viability,OASIS_batch8,absolute:recoverability_min:tighter,single32,variance_ratio_max,quantitative_fidelity,variance_ratio,0.6788106861745933,<=,1.5,1.5,False,True,True,False,unresolved,True
oasis:prod_30:mtt_viability,OASIS_batch8,absolute:magnitude_spearman_min:looser,single32,recoverability_min,quantitative_fidelity,recoverability_r,0.8052871858620463,>=,0.7,0.7,False,True,True,False,unresolved,True
oasis:prod_30:mtt_viability,OASIS_batch8,absolute:magnitude_spearman_min:looser,single32,magnitude_spearman_min,quantitative_and_ranking_fidelity,magnitude_spearman,0.5219082188229194,>=,0.65,0.7,True,False,False,False,unresolved,True
oasis:prod_30:mtt_viability,OASIS_batch8,absolute:magnitude_spearman_min:looser,single32,top5pct_quantitative_min,quantitative_fidelity,top5pct_recall,0.6666666666666666,>=,0.6,0.6,False,True,True,False,unresolved,True
oasis:prod_30:mtt_viability,OASIS_batch8,absolute:magnitude_spearman_min:looser,single32,top5pct_ranking_min,ranking_fidelity,top5pct_recall,0.6666666666666666,>=,0.5,0.5,False,True,True,False,unresolved,True
oasis:prod_30:mtt_viability,OASIS_batch8,absolute:magnitude_spearman_min:looser,single32,reliability_min,reference_identifiability,reliability,0.454501598608551,>=,0.3,0.3,False,True,True,False,unresolved,True
oasis:prod_30:mtt_viability,OASIS_batch8,absolute:magnitude_spearman_min:looser,single32,measurement_recoverability_max_exclusive,measurement_required_eligibility_not_good_performance,recoverability_r,0.8052871858620463,<,0.6,0.6,False,False,False,False,unresolved,True
oasis:prod_30:mtt_viability,OASIS_batch8,absolute:magnitude_spearman_min:looser,single32,variance_ratio_min,quantitative_fidelity,variance_ratio,0.6788106861745933,>=,0.5,0.5,False,True,True,False,unresolved,True
oasis:prod_30:mtt_viability,OASIS_batch8,absolute:magnitude_spearman_min:looser,single32,variance_ratio_max,quantitative_fidelity,variance_ratio,0.6788106861745933,<=,1.5,1.5,False,True,True,False,unresolved,True
oasis:prod_30:mtt_viability,OASIS_batch8,absolute:magnitude_spearman_min:tighter,single32,recoverability_min,quantitative_fidelity,recoverability_r,0.8052871858620463,>=,0.7,0.7,False,True,True,False,unresolved,True
oasis:prod_30:mtt_viability,OASIS_batch8,absolute:magnitude_spearman_min:tighter,single32,magnitude_spearman_min,quantitative_and_ranking_fidelity,magnitude_spearman,0.5219082188229194,>=,0.75,0.7,True,False,False,False,unresolved,True
oasis:prod_30:mtt_viability,OASIS_batch8,absolute:magnitude_spearman_min:tighter,single32,top5pct_quantitative_min,quantitative_fidelity,top5pct_recall,0.6666666666666666,>=,0.6,0.6,False,True,True,False,unresolved,True
oasis:prod_30:mtt_viability,OASIS_batch8,absolute:magnitude_spearman_min:tighter,single32,top5pct_ranking_min,ranking_fidelity,top5pct_recall,0.6666666666666666,>=,0.5,0.5,False,True,True,False,unresolved,True
oasis:prod_30:mtt_viability,OASIS_batch8,absolute:magnitude_spearman_min:tighter,single32,reliability_min,reference_identifiability,reliability,0.454501598608551,>=,0.3,0.3,False,True,True,False,unresolved,True
oasis:prod_30:mtt_viability,OASIS_batch8,absolute:magnitude_spearman_min:tighter,single32,measurement_recoverability_max_exclusive,measurement_required_eligibility_not_good_performance,recoverability_r,0.8052871858620463,<,0.6,0.6,False,False,False,False,unresolved,True
oasis:prod_30:mtt_viability,OASIS_batch8,absolute:magnitude_spearman_min:tighter,single32,variance_ratio_min,quantitative_fidelity,variance_ratio,0.6788106861745933,>=,0.5,0.5,False,True,True,False,unresolved,True
oasis:prod_30:mtt_viability,OASIS_batch8,absolute:magnitude_spearman_min:tighter,single32,variance_ratio_max,quantitative_fidelity,variance_ratio,0.6788106861745933,<=,1.5,1.5,False,True,True,False,unresolved,True
oasis:prod_30:mtt_viability,OASIS_batch8,absolute:top5pct_quantitative_min:looser,single32,recoverability_min,quantitative_fidelity,recoverability_r,0.8052871858620463,>=,0.7,0.7,False,True,True,False,unresolved,True
oasis:prod_30:mtt_viability,OASIS_batch8,absolute:top5pct_quantitative_min:looser,single32,magnitude_spearman_min,quantitative_and_ranking_fidelity,magnitude_spearman,0.5219082188229194,>=,0.7,0.7,False,False,False,False,unresolved,True
oasis:prod_30:mtt_viability,OASIS_batch8,absolute:top5pct_quantitative_min:looser,single32,top5pct_quantitative_min,quantitative_fidelity,top5pct_recall,0.6666666666666666,>=,0.55,0.6,True,True,True,False,unresolved,True
oasis:prod_30:mtt_viability,OASIS_batch8,absolute:top5pct_quantitative_min:looser,single32,top5pct_ranking_min,ranking_fidelity,top5pct_recall,0.6666666666666666,>=,0.5,0.5,False,True,True,False,unresolved,True
oasis:prod_30:mtt_viability,OASIS_batch8,absolute:top5pct_quantitative_min:looser,single32,reliability_min,reference_identifiability,reliability,0.454501598608551,>=,0.3,0.3,False,True,True,False,unresolved,True
oasis:prod_30:mtt_viability,OASIS_batch8,absolute:top5pct_quantitative_min:looser,single32,measurement_recoverability_max_exclusive,measurement_required_eligibility_not_good_performance,recoverability_r,0.8052871858620463,<,0.6,0.6,False,False,False,False,unresolved,True
oasis:prod_30:mtt_viability,OASIS_batch8,absolute:top5pct_quantitative_min:looser,single32,variance_ratio_min,quantitative_fidelity,variance_ratio,0.6788106861745933,>=,0.5,0.5,False,True,True,False,unresolved,True
oasis:prod_30:mtt_viability,OASIS_batch8,absolute:top5pct_quantitative_min:looser,single32,variance_ratio_max,quantitative_fidelity,variance_ratio,0.6788106861745933,<=,1.5,1.5,False,True,True,False,unresolved,True
oasis:prod_30:mtt_viability,OASIS_batch8,absolute:top5pct_quantitative_min:tighter,single32,recoverability_min,quantitative_fidelity,recoverability_r,0.8052871858620463,>=,0.7,0.7,False,True,True,False,unresolved,True
oasis:prod_30:mtt_viability,OASIS_batch8,absolute:top5pct_quantitative_min:tighter,single32,magnitude_spearman_min,quantitative_and_ranking_fidelity,magnitude_spearman,0.5219082188229194,>=,0.7,0.7,False,False,False,False,unresolved,True
oasis:prod_30:mtt_viability,OASIS_batch8,absolute:top5pct_quantitative_min:tighter,single32,top5pct_quantitative_min,quantitative_fidelity,top5pct_recall,0.6666666666666666,>=,0.65,0.6,True,True,True,False,unresolved,True
oasis:prod_30:mtt_viability,OASIS_batch8,absolute:top5pct_quantitative_min:tighter,single32,top5pct_ranking_min,ranking_fidelity,top5pct_recall,0.6666666666666666,>=,0.5,0.5,False,True,True,False,unresolved,True
oasis:prod_30:mtt_viability,OASIS_batch8,absolute:top5pct_quantitative_min:tighter,single32,reliability_min,reference_identifiability,reliability,0.454501598608551,>=,0.3,0.3,False,True,True,False,unresolved,True
oasis:prod_30:mtt_viability,OASIS_batch8,absolute:top5pct_quantitative_min:tighter,single32,measurement_recoverability_max_exclusive,measurement_required_eligibility_not_good_performance,recoverability_r,0.8052871858620463,<,0.6,0.6,False,False,False,False,unresolved,True
oasis:prod_30:mtt_viability,OASIS_batch8,absolute:top5pct_quantitative_min:tighter,single32,variance_ratio_min,quantitative_fidelity,variance_ratio,0.6788106861745933,>=,0.5,0.5,False,True,True,False,unresolved,True
oasis:prod_30:mtt_viability,OASIS_batch8,absolute:top5pct_quantitative_min:tighter,single32,variance_ratio_max,quantitative_fidelity,variance_ratio,0.6788106861745933,<=,1.5,1.5,False,True,True,False,unresolved,True
oasis:prod_30:mtt_viability,OASIS_batch8,absolute:top5pct_ranking_min:looser,single32,recoverability_min,quantitative_fidelity,recoverability_r,0.8052871858620463,>=,0.7,0.7,False,True,True,False,unresolved,True
oasis:prod_30:mtt_viability,OASIS_batch8,absolute:top5pct_ranking_min:looser,single32,magnitude_spearman_min,quantitative_and_ranking_fidelity,magnitude_spearman,0.5219082188229194,>=,0.7,0.7,False,False,False,False,unresolved,True
oasis:prod_30:mtt_viability,OASIS_batch8,absolute:top5pct_ranking_min:looser,single32,top5pct_quantitative_min,quantitative_fidelity,top5pct_recall,0.6666666666666666,>=,0.6,0.6,False,True,True,False,unresolved,True
oasis:prod_30:mtt_viability,OASIS_batch8,absolute:top5pct_ranking_min:looser,single32,top5pct_ranking_min,ranking_fidelity,top5pct_recall,0.6666666666666666,>=,0.45,0.5,True,True,True,False,unresolved,True
oasis:prod_30:mtt_viability,OASIS_batch8,absolute:top5pct_ranking_min:looser,single32,reliability_min,reference_identifiability,reliability,0.454501598608551,>=,0.3,0.3,False,True,True,False,unresolved,True
oasis:prod_30:mtt_viability,OASIS_batch8,absolute:top5pct_ranking_min:looser,single32,measurement_recoverability_max_exclusive,measurement_required_eligibility_not_good_performance,recoverability_r,0.8052871858620463,<,0.6,0.6,False,False,False,False,unresolved,True
oasis:prod_30:mtt_viability,OASIS_batch8,absolute:top5pct_ranking_min:looser,single32,variance_ratio_min,quantitative_fidelity,variance_ratio,0.6788106861745933,>=,0.5,0.5,False,True,True,False,unresolved,True
oasis:prod_30:mtt_viability,OASIS_batch8,absolute:top5pct_ranking_min:looser,single32,variance_ratio_max,quantitative_fidelity,variance_ratio,0.6788106861745933,<=,1.5,1.5,False,True,True,False,unresolved,True
oasis:prod_30:mtt_viability,OASIS_batch8,absolute:top5pct_ranking_min:tighter,single32,recoverability_min,quantitative_fidelity,recoverability_r,0.8052871858620463,>=,0.7,0.7,False,True,True,False,unresolved,True
oasis:prod_30:mtt_viability,OASIS_batch8,absolute:top5pct_ranking_min:tighter,single32,magnitude_spearman_min,quantitative_and_ranking_fidelity,magnitude_spearman,0.5219082188229194,>=,0.7,0.7,False,False,False,False,unresolved,True
oasis:prod_30:mtt_viability,OASIS_batch8,absolute:top5pct_ranking_min:tighter,single32,top5pct_quantitative_min,quantitative_fidelity,top5pct_recall,0.6666666666666666,>=,0.6,0.6,False,True,True,False,unresolved,True
oasis:prod_30:mtt_viability,OASIS_batch8,absolute:top5pct_ranking_min:tighter,single32,top5pct_ranking_min,ranking_fidelity,top5pct_recall,0.6666666666666666,>=,0.55,0.5,True,True,True,False,unresolved,True
oasis:prod_30:mtt_viability,OASIS_batch8,absolute:top5pct_ranking_min:tighter,single32,reliability_min,reference_identifiability,reliability,0.454501598608551,>=,0.3,0.3,False,True,True,False,unresolved,True
oasis:prod_30:mtt_viability,OASIS_batch8,absolute:top5pct_ranking_min:tighter,single32,measurement_recoverability_max_exclusive,measurement_required_eligibility_not_good_performance,recoverability_r,0.8052871858620463,<,0.6,0.6,False,False,False,False,unresolved,True
oasis:prod_30:mtt_viability,OASIS_batch8,absolute:top5pct_ranking_min:tighter,single32,variance_ratio_min,quantitative_fidelity,variance_ratio,0.6788106861745933,>=,0.5,0.5,False,True,True,False,unresolved,True
oasis:prod_30:mtt_viability,OASIS_batch8,absolute:top5pct_ranking_min:tighter,single32,variance_ratio_max,quantitative_fidelity,variance_ratio,0.6788106861745933,<=,1.5,1.5,False,True,True,False,unresolved,True
oasis:prod_30:mtt_viability,OASIS_batch8,absolute:reliability_min:looser,single32,recoverability_min,quantitative_fidelity,recoverability_r,0.8052871858620463,>=,0.7,0.7,False,True,True,False,unresolved,True
oasis:prod_30:mtt_viability,OASIS_batch8,absolute:reliability_min:looser,single32,magnitude_spearman_min,quantitative_and_ranking_fidelity,magnitude_spearman,0.5219082188229194,>=,0.7,0.7,False,False,False,False,unresolved,True
oasis:prod_30:mtt_viability,OASIS_batch8,absolute:reliability_min:looser,single32,top5pct_quantitative_min,quantitative_fidelity,top5pct_recall,0.6666666666666666,>=,0.6,0.6,False,True,True,False,unresolved,True
oasis:prod_30:mtt_viability,OASIS_batch8,absolute:reliability_min:looser,single32,top5pct_ranking_min,ranking_fidelity,top5pct_recall,0.6666666666666666,>=,0.5,0.5,False,True,True,False,unresolved,True
oasis:prod_30:mtt_viability,OASIS_batch8,absolute:reliability_min:looser,single32,reliability_min,reference_identifiability,reliability,0.454501598608551,>=,0.25,0.3,True,True,True,False,unresolved,True
oasis:prod_30:mtt_viability,OASIS_batch8,absolute:reliability_min:looser,single32,measurement_recoverability_max_exclusive,measurement_required_eligibility_not_good_performance,recoverability_r,0.8052871858620463,<,0.6,0.6,False,False,False,False,unresolved,True
oasis:prod_30:mtt_viability,OASIS_batch8,absolute:reliability_min:looser,single32,variance_ratio_min,quantitative_fidelity,variance_ratio,0.6788106861745933,>=,0.5,0.5,False,True,True,False,unresolved,True
oasis:prod_30:mtt_viability,OASIS_batch8,absolute:reliability_min:looser,single32,variance_ratio_max,quantitative_fidelity,variance_ratio,0.6788106861745933,<=,1.5,1.5,False,True,True,False,unresolved,True
oasis:prod_30:mtt_viability,OASIS_batch8,absolute:reliability_min:tighter,single32,recoverability_min,quantitative_fidelity,recoverability_r,0.8052871858620463,>=,0.7,0.7,False,True,True,False,unresolved,True
oasis:prod_30:mtt_viability,OASIS_batch8,absolute:reliability_min:tighter,single32,magnitude_spearman_min,quantitative_and_ranking_fidelity,magnitude_spearman,0.5219082188229194,>=,0.7,0.7,False,False,False,False,unresolved,True
oasis:prod_30:mtt_viability,OASIS_batch8,absolute:reliability_min:tighter,single32,top5pct_quantitative_min,quantitative_fidelity,top5pct_recall,0.6666666666666666,>=,0.6,0.6,False,True,True,False,unresolved,True
oasis:prod_30:mtt_viability,OASIS_batch8,absolute:reliability_min:tighter,single32,top5pct_ranking_min,ranking_fidelity,top5pct_recall,0.6666666666666666,>=,0.5,0.5,False,True,True,False,unresolved,True
oasis:prod_30:mtt_viability,OASIS_batch8,absolute:reliability_min:tighter,single32,reliability_min,reference_identifiability,reliability,0.454501598608551,>=,0.35,0.3,True,True,True,False,unresolved,True
oasis:prod_30:mtt_viability,OASIS_batch8,absolute:reliability_min:tighter,single32,measurement_recoverability_max_exclusive,measurement_required_eligibility_not_good_performance,recoverability_r,0.8052871858620463,<,0.6,0.6,False,False,False,False,unresolved,True
oasis:prod_30:mtt_viability,OASIS_batch8,absolute:reliability_min:tighter,single32,variance_ratio_min,quantitative_fidelity,variance_ratio,0.6788106861745933,>=,0.5,0.5,False,True,True,False,unresolved,True
oasis:prod_30:mtt_viability,OASIS_batch8,absolute:reliability_min:tighter,single32,variance_ratio_max,quantitative_fidelity,variance_ratio,0.6788106861745933,<=,1.5,1.5,False,True,True,False,unresolved,True
oasis:prod_30:mtt_viability,OASIS_batch8,absolute:measurement_recoverability_max_exclusive:looser,single32,recoverability_min,quantitative_fidelity,recoverability_r,0.8052871858620463,>=,0.7,0.7,False,True,True,False,unresolved,True
oasis:prod_30:mtt_viability,OASIS_batch8,absolute:measurement_recoverability_max_exclusive:looser,single32,magnitude_spearman_min,quantitative_and_ranking_fidelity,magnitude_spearman,0.5219082188229194,>=,0.7,0.7,False,False,False,False,unresolved,True
oasis:prod_30:mtt_viability,OASIS_batch8,absolute:measurement_recoverability_max_exclusive:looser,single32,top5pct_quantitative_min,quantitative_fidelity,top5pct_recall,0.6666666666666666,>=,0.6,0.6,False,True,True,False,unresolved,True
oasis:prod_30:mtt_viability,OASIS_batch8,absolute:measurement_recoverability_max_exclusive:looser,single32,top5pct_ranking_min,ranking_fidelity,top5pct_recall,0.6666666666666666,>=,0.5,0.5,False,True,True,False,unresolved,True
oasis:prod_30:mtt_viability,OASIS_batch8,absolute:measurement_recoverability_max_exclusive:looser,single32,reliability_min,reference_identifiability,reliability,0.454501598608551,>=,0.3,0.3,False,True,True,False,unresolved,True
oasis:prod_30:mtt_viability,OASIS_batch8,absolute:measurement_recoverability_max_exclusive:looser,single32,measurement_recoverability_max_exclusive,measurement_required_eligibility_not_good_performance,recoverability_r,0.8052871858620463,<,0.55,0.6,True,False,False,False,unresolved,True
oasis:prod_30:mtt_viability,OASIS_batch8,absolute:measurement_recoverability_max_exclusive:looser,single32,variance_ratio_min,quantitative_fidelity,variance_ratio,0.6788106861745933,>=,0.5,0.5,False,True,True,False,unresolved,True
oasis:prod_30:mtt_viability,OASIS_batch8,absolute:measurement_recoverability_max_exclusive:looser,single32,variance_ratio_max,quantitative_fidelity,variance_ratio,0.6788106861745933,<=,1.5,1.5,False,True,True,False,unresolved,True
oasis:prod_30:mtt_viability,OASIS_batch8,absolute:measurement_recoverability_max_exclusive:tighter,single32,recoverability_min,quantitative_fidelity,recoverability_r,0.8052871858620463,>=,0.7,0.7,False,True,True,False,unresolved,True
oasis:prod_30:mtt_viability,OASIS_batch8,absolute:measurement_recoverability_max_exclusive:tighter,single32,magnitude_spearman_min,quantitative_and_ranking_fidelity,magnitude_spearman,0.5219082188229194,>=,0.7,0.7,False,False,False,False,unresolved,True
oasis:prod_30:mtt_viability,OASIS_batch8,absolute:measurement_recoverability_max_exclusive:tighter,single32,top5pct_quantitative_min,quantitative_fidelity,top5pct_recall,0.6666666666666666,>=,0.6,0.6,False,True,True,False,unresolved,True
oasis:prod_30:mtt_viability,OASIS_batch8,absolute:measurement_recoverability_max_exclusive:tighter,single32,top5pct_ranking_min,ranking_fidelity,top5pct_recall,0.6666666666666666,>=,0.5,0.5,False,True,True,False,unresolved,True
oasis:prod_30:mtt_viability,OASIS_batch8,absolute:measurement_recoverability_max_exclusive:tighter,single32,reliability_min,reference_identifiability,reliability,0.454501598608551,>=,0.3,0.3,False,True,True,False,unresolved,True
oasis:prod_30:mtt_viability,OASIS_batch8,absolute:measurement_recoverability_max_exclusive:tighter,single32,measurement_recoverability_max_exclusive,measurement_required_eligibility_not_good_performance,recoverability_r,0.8052871858620463,<,0.65,0.6,True,False,False,False,unresolved,True
oasis:prod_30:mtt_viability,OASIS_batch8,absolute:measurement_recoverability_max_exclusive:tighter,single32,variance_ratio_min,quantitative_fidelity,variance_ratio,0.6788106861745933,>=,0.5,0.5,False,True,True,False,unresolved,True
oasis:prod_30:mtt_viability,OASIS_batch8,absolute:measurement_recoverability_max_exclusive:tighter,single32,variance_ratio_max,quantitative_fidelity,variance_ratio,0.6788106861745933,<=,1.5,1.5,False,True,True,False,unresolved,True
oasis:prod_30:mtt_viability,OASIS_batch8,absolute:variance_ratio_min:looser,single32,recoverability_min,quantitative_fidelity,recoverability_r,0.8052871858620463,>=,0.7,0.7,False,True,True,False,unresolved,True
oasis:prod_30:mtt_viability,OASIS_batch8,absolute:variance_ratio_min:looser,single32,magnitude_spearman_min,quantitative_and_ranking_fidelity,magnitude_spearman,0.5219082188229194,>=,0.7,0.7,False,False,False,False,unresolved,True
oasis:prod_30:mtt_viability,OASIS_batch8,absolute:variance_ratio_min:looser,single32,top5pct_quantitative_min,quantitative_fidelity,top5pct_recall,0.6666666666666666,>=,0.6,0.6,False,True,True,False,unresolved,True
oasis:prod_30:mtt_viability,OASIS_batch8,absolute:variance_ratio_min:looser,single32,top5pct_ranking_min,ranking_fidelity,top5pct_recall,0.6666666666666666,>=,0.5,0.5,False,True,True,False,unresolved,True
oasis:prod_30:mtt_viability,OASIS_batch8,absolute:variance_ratio_min:looser,single32,reliability_min,reference_identifiability,reliability,0.454501598608551,>=,0.3,0.3,False,True,True,False,unresolved,True
oasis:prod_30:mtt_viability,OASIS_batch8,absolute:variance_ratio_min:looser,single32,measurement_recoverability_max_exclusive,measurement_required_eligibility_not_good_performance,recoverability_r,0.8052871858620463,<,0.6,0.6,False,False,False,False,unresolved,True
oasis:prod_30:mtt_viability,OASIS_batch8,absolute:variance_ratio_min:looser,single32,variance_ratio_min,quantitative_fidelity,variance_ratio,0.6788106861745933,>=,0.45,0.5,True,True,True,False,unresolved,True
oasis:prod_30:mtt_viability,OASIS_batch8,absolute:variance_ratio_min:looser,single32,variance_ratio_max,quantitative_fidelity,variance_ratio,0.6788106861745933,<=,1.5,1.5,False,True,True,False,unresolved,True
oasis:prod_30:mtt_viability,OASIS_batch8,absolute:variance_ratio_min:tighter,single32,recoverability_min,quantitative_fidelity,recoverability_r,0.8052871858620463,>=,0.7,0.7,False,True,True,False,unresolved,True
oasis:prod_30:mtt_viability,OASIS_batch8,absolute:variance_ratio_min:tighter,single32,magnitude_spearman_min,quantitative_and_ranking_fidelity,magnitude_spearman,0.5219082188229194,>=,0.7,0.7,False,False,False,False,unresolved,True
oasis:prod_30:mtt_viability,OASIS_batch8,absolute:variance_ratio_min:tighter,single32,top5pct_quantitative_min,quantitative_fidelity,top5pct_recall,0.6666666666666666,>=,0.6,0.6,False,True,True,False,unresolved,True
oasis:prod_30:mtt_viability,OASIS_batch8,absolute:variance_ratio_min:tighter,single32,top5pct_ranking_min,ranking_fidelity,top5pct_recall,0.6666666666666666,>=,0.5,0.5,False,True,True,False,unresolved,True
oasis:prod_30:mtt_viability,OASIS_batch8,absolute:variance_ratio_min:tighter,single32,reliability_min,reference_identifiability,reliability,0.454501598608551,>=,0.3,0.3,False,True,True,False,unresolved,True
oasis:prod_30:mtt_viability,OASIS_batch8,absolute:variance_ratio_min:tighter,single32,measurement_recoverability_max_exclusive,measurement_required_eligibility_not_good_performance,recoverability_r,0.8052871858620463,<,0.6,0.6,False,False,False,False,unresolved,True
oasis:prod_30:mtt_viability,OASIS_batch8,absolute:variance_ratio_min:tighter,single32,variance_ratio_min,quantitative_fidelity,variance_ratio,0.6788106861745933,>=,0.55,0.5,True,True,True,False,unresolved,True
oasis:prod_30:mtt_viability,OASIS_batch8,absolute:variance_ratio_min:tighter,single32,variance_ratio_max,quantitative_fidelity,variance_ratio,0.6788106861745933,<=,1.5,1.5,False,True,True,False,unresolved,True
oasis:prod_30:mtt_viability,OASIS_batch8,absolute:variance_ratio_max:looser,single32,recoverability_min,quantitative_fidelity,recoverability_r,0.8052871858620463,>=,0.7,0.7,False,True,True,False,unresolved,True
oasis:prod_30:mtt_viability,OASIS_batch8,absolute:variance_ratio_max:looser,single32,magnitude_spearman_min,quantitative_and_ranking_fidelity,magnitude_spearman,0.5219082188229194,>=,0.7,0.7,False,False,False,False,unresolved,True
oasis:prod_30:mtt_viability,OASIS_batch8,absolute:variance_ratio_max:looser,single32,top5pct_quantitative_min,quantitative_fidelity,top5pct_recall,0.6666666666666666,>=,0.6,0.6,False,True,True,False,unresolved,True
oasis:prod_30:mtt_viability,OASIS_batch8,absolute:variance_ratio_max:looser,single32,top5pct_ranking_min,ranking_fidelity,top5pct_recall,0.6666666666666666,>=,0.5,0.5,False,True,True,False,unresolved,True
oasis:prod_30:mtt_viability,OASIS_batch8,absolute:variance_ratio_max:looser,single32,reliability_min,reference_identifiability,reliability,0.454501598608551,>=,0.3,0.3,False,True,True,False,unresolved,True
oasis:prod_30:mtt_viability,OASIS_batch8,absolute:variance_ratio_max:looser,single32,measurement_recoverability_max_exclusive,measurement_required_eligibility_not_good_performance,recoverability_r,0.8052871858620463,<,0.6,0.6,False,False,False,False,unresolved,True
oasis:prod_30:mtt_viability,OASIS_batch8,absolute:variance_ratio_max:looser,single32,variance_ratio_min,quantitative_fidelity,variance_ratio,0.6788106861745933,>=,0.5,0.5,False,True,True,False,unresolved,True
oasis:prod_30:mtt_viability,OASIS_batch8,absolute:variance_ratio_max:looser,single32,variance_ratio_max,quantitative_fidelity,variance_ratio,0.6788106861745933,<=,1.55,1.5,True,True,True,False,unresolved,True
oasis:prod_30:mtt_viability,OASIS_batch8,absolute:variance_ratio_max:tighter,single32,recoverability_min,quantitative_fidelity,recoverability_r,0.8052871858620463,>=,0.7,0.7,False,True,True,False,unresolved,True
oasis:prod_30:mtt_viability,OASIS_batch8,absolute:variance_ratio_max:tighter,single32,magnitude_spearman_min,quantitative_and_ranking_fidelity,magnitude_spearman,0.5219082188229194,>=,0.7,0.7,False,False,False,False,unresolved,True
oasis:prod_30:mtt_viability,OASIS_batch8,absolute:variance_ratio_max:tighter,single32,top5pct_quantitative_min,quantitative_fidelity,top5pct_recall,0.6666666666666666,>=,0.6,0.6,False,True,True,False,unresolved,True
oasis:prod_30:mtt_viability,OASIS_batch8,absolute:variance_ratio_max:tighter,single32,top5pct_ranking_min,ranking_fidelity,top5pct_recall,0.6666666666666666,>=,0.5,0.5,False,True,True,False,unresolved,True
oasis:prod_30:mtt_viability,OASIS_batch8,absolute:variance_ratio_max:tighter,single32,reliability_min,reference_identifiability,reliability,0.454501598608551,>=,0.3,0.3,False,True,True,False,unresolved,True
oasis:prod_30:mtt_viability,OASIS_batch8,absolute:variance_ratio_max:tighter,single32,measurement_recoverability_max_exclusive,measurement_required_eligibility_not_good_performance,recoverability_r,0.8052871858620463,<,0.6,0.6,False,False,False,False,unresolved,True
oasis:prod_30:mtt_viability,OASIS_batch8,absolute:variance_ratio_max:tighter,single32,variance_ratio_min,quantitative_fidelity,variance_ratio,0.6788106861745933,>=,0.5,0.5,False,True,True,False,unresolved,True
oasis:prod_30:mtt_viability,OASIS_batch8,absolute:variance_ratio_max:tighter,single32,variance_ratio_max,quantitative_fidelity,variance_ratio,0.6788106861745933,<=,1.45,1.5,True,True,True,False,unresolved,True
oasis:prod_30:mtt_viability,OASIS_batch8,relative:all gates:looser,joint4,recoverability_min,quantitative_fidelity,recoverability_r,0.8052871858620463,>=,0.63,0.7,True,True,True,False,unresolved,True
oasis:prod_30:mtt_viability,OASIS_batch8,relative:all gates:looser,joint4,magnitude_spearman_min,quantitative_and_ranking_fidelity,magnitude_spearman,0.5219082188229194,>=,0.63,0.7,True,False,False,False,unresolved,True
oasis:prod_30:mtt_viability,OASIS_batch8,relative:all gates:looser,joint4,top5pct_quantitative_min,quantitative_fidelity,top5pct_recall,0.6666666666666666,>=,0.54,0.6,True,True,True,False,unresolved,True
oasis:prod_30:mtt_viability,OASIS_batch8,relative:all gates:looser,joint4,top5pct_ranking_min,ranking_fidelity,top5pct_recall,0.6666666666666666,>=,0.45,0.5,True,True,True,False,unresolved,True
oasis:prod_30:mtt_viability,OASIS_batch8,relative:all gates:looser,joint4,reliability_min,reference_identifiability,reliability,0.454501598608551,>=,0.27,0.3,True,True,True,False,unresolved,True
oasis:prod_30:mtt_viability,OASIS_batch8,relative:all gates:looser,joint4,measurement_recoverability_max_exclusive,measurement_required_eligibility_not_good_performance,recoverability_r,0.8052871858620463,<,0.54,0.6,True,False,False,False,unresolved,True
oasis:prod_30:mtt_viability,OASIS_batch8,relative:all gates:looser,joint4,variance_ratio_min,quantitative_fidelity,variance_ratio,0.6788106861745933,>=,0.45,0.5,True,True,True,False,unresolved,True
oasis:prod_30:mtt_viability,OASIS_batch8,relative:all gates:looser,joint4,variance_ratio_max,quantitative_fidelity,variance_ratio,0.6788106861745933,<=,1.65,1.5,True,True,True,False,unresolved,True
oasis:prod_30:mtt_viability,OASIS_batch8,relative:all gates:tighter,joint4,recoverability_min,quantitative_fidelity,recoverability_r,0.8052871858620463,>=,0.77,0.7,True,True,True,False,unresolved,True
oasis:prod_30:mtt_viability,OASIS_batch8,relative:all gates:tighter,joint4,magnitude_spearman_min,quantitative_and_ranking_fidelity,magnitude_spearman,0.5219082188229194,>=,0.77,0.7,True,False,False,False,unresolved,True
oasis:prod_30:mtt_viability,OASIS_batch8,relative:all gates:tighter,joint4,top5pct_quantitative_min,quantitative_fidelity,top5pct_recall,0.6666666666666666,>=,0.66,0.6,True,True,True,False,unresolved,True
oasis:prod_30:mtt_viability,OASIS_batch8,relative:all gates:tighter,joint4,top5pct_ranking_min,ranking_fidelity,top5pct_recall,0.6666666666666666,>=,0.55,0.5,True,True,True,False,unresolved,True
oasis:prod_30:mtt_viability,OASIS_batch8,relative:all gates:tighter,joint4,reliability_min,reference_identifiability,reliability,0.454501598608551,>=,0.33,0.3,True,True,True,False,unresolved,True
oasis:prod_30:mtt_viability,OASIS_batch8,relative:all gates:tighter,joint4,measurement_recoverability_max_exclusive,measurement_required_eligibility_not_good_performance,recoverability_r,0.8052871858620463,<,0.66,0.6,True,False,False,False,unresolved,True
oasis:prod_30:mtt_viability,OASIS_batch8,relative:all gates:tighter,joint4,variance_ratio_min,quantitative_fidelity,variance_ratio,0.6788106861745933,>=,0.55,0.5,True,True,True,False,unresolved,True
oasis:prod_30:mtt_viability,OASIS_batch8,relative:all gates:tighter,joint4,variance_ratio_max,quantitative_fidelity,variance_ratio,0.6788106861745933,<=,1.35,1.5,True,True,True,False,unresolved,True
oasis:prod_30:mtt_viability,OASIS_batch8,relative:recoverability_min:looser,single32,recoverability_min,quantitative_fidelity,recoverability_r,0.8052871858620463,>=,0.63,0.7,True,True,True,False,unresolved,True
oasis:prod_30:mtt_viability,OASIS_batch8,relative:recoverability_min:looser,single32,magnitude_spearman_min,quantitative_and_ranking_fidelity,magnitude_spearman,0.5219082188229194,>=,0.7,0.7,False,False,False,False,unresolved,True
oasis:prod_30:mtt_viability,OASIS_batch8,relative:recoverability_min:looser,single32,top5pct_quantitative_min,quantitative_fidelity,top5pct_recall,0.6666666666666666,>=,0.6,0.6,False,True,True,False,unresolved,True
oasis:prod_30:mtt_viability,OASIS_batch8,relative:recoverability_min:looser,single32,top5pct_ranking_min,ranking_fidelity,top5pct_recall,0.6666666666666666,>=,0.5,0.5,False,True,True,False,unresolved,True
oasis:prod_30:mtt_viability,OASIS_batch8,relative:recoverability_min:looser,single32,reliability_min,reference_identifiability,reliability,0.454501598608551,>=,0.3,0.3,False,True,True,False,unresolved,True
oasis:prod_30:mtt_viability,OASIS_batch8,relative:recoverability_min:looser,single32,measurement_recoverability_max_exclusive,measurement_required_eligibility_not_good_performance,recoverability_r,0.8052871858620463,<,0.6,0.6,False,False,False,False,unresolved,True
oasis:prod_30:mtt_viability,OASIS_batch8,relative:recoverability_min:looser,single32,variance_ratio_min,quantitative_fidelity,variance_ratio,0.6788106861745933,>=,0.5,0.5,False,True,True,False,unresolved,True
oasis:prod_30:mtt_viability,OASIS_batch8,relative:recoverability_min:looser,single32,variance_ratio_max,quantitative_fidelity,variance_ratio,0.6788106861745933,<=,1.5,1.5,False,True,True,False,unresolved,True
oasis:prod_30:mtt_viability,OASIS_batch8,relative:recoverability_min:tighter,single32,recoverability_min,quantitative_fidelity,recoverability_r,0.8052871858620463,>=,0.77,0.7,True,True,True,False,unresolved,True
oasis:prod_30:mtt_viability,OASIS_batch8,relative:recoverability_min:tighter,single32,magnitude_spearman_min,quantitative_and_ranking_fidelity,magnitude_spearman,0.5219082188229194,>=,0.7,0.7,False,False,False,False,unresolved,True
oasis:prod_30:mtt_viability,OASIS_batch8,relative:recoverability_min:tighter,single32,top5pct_quantitative_min,quantitative_fidelity,top5pct_recall,0.6666666666666666,>=,0.6,0.6,False,True,True,False,unresolved,True
oasis:prod_30:mtt_viability,OASIS_batch8,relative:recoverability_min:tighter,single32,top5pct_ranking_min,ranking_fidelity,top5pct_recall,0.6666666666666666,>=,0.5,0.5,False,True,True,False,unresolved,True
oasis:prod_30:mtt_viability,OASIS_batch8,relative:recoverability_min:tighter,single32,reliability_min,reference_identifiability,reliability,0.454501598608551,>=,0.3,0.3,False,True,True,False,unresolved,True
oasis:prod_30:mtt_viability,OASIS_batch8,relative:recoverability_min:tighter,single32,measurement_recoverability_max_exclusive,measurement_required_eligibility_not_good_performance,recoverability_r,0.8052871858620463,<,0.6,0.6,False,False,False,False,unresolved,True
oasis:prod_30:mtt_viability,OASIS_batch8,relative:recoverability_min:tighter,single32,variance_ratio_min,quantitative_fidelity,variance_ratio,0.6788106861745933,>=,0.5,0.5,False,True,True,False,unresolved,True
oasis:prod_30:mtt_viability,OASIS_batch8,relative:recoverability_min:tighter,single32,variance_ratio_max,quantitative_fidelity,variance_ratio,0.6788106861745933,<=,1.5,1.5,False,True,True,False,unresolved,True
oasis:prod_30:mtt_viability,OASIS_batch8,relative:magnitude_spearman_min:looser,single32,recoverability_min,quantitative_fidelity,recoverability_r,0.8052871858620463,>=,0.7,0.7,False,True,True,False,unresolved,True
oasis:prod_30:mtt_viability,OASIS_batch8,relative:magnitude_spearman_min:looser,single32,magnitude_spearman_min,quantitative_and_ranking_fidelity,magnitude_spearman,0.5219082188229194,>=,0.63,0.7,True,False,False,False,unresolved,True
oasis:prod_30:mtt_viability,OASIS_batch8,relative:magnitude_spearman_min:looser,single32,top5pct_quantitative_min,quantitative_fidelity,top5pct_recall,0.6666666666666666,>=,0.6,0.6,False,True,True,False,unresolved,True
oasis:prod_30:mtt_viability,OASIS_batch8,relative:magnitude_spearman_min:looser,single32,top5pct_ranking_min,ranking_fidelity,top5pct_recall,0.6666666666666666,>=,0.5,0.5,False,True,True,False,unresolved,True
oasis:prod_30:mtt_viability,OASIS_batch8,relative:magnitude_spearman_min:looser,single32,reliability_min,reference_identifiability,reliability,0.454501598608551,>=,0.3,0.3,False,True,True,False,unresolved,True
oasis:prod_30:mtt_viability,OASIS_batch8,relative:magnitude_spearman_min:looser,single32,measurement_recoverability_max_exclusive,measurement_required_eligibility_not_good_performance,recoverability_r,0.8052871858620463,<,0.6,0.6,False,False,False,False,unresolved,True
oasis:prod_30:mtt_viability,OASIS_batch8,relative:magnitude_spearman_min:looser,single32,variance_ratio_min,quantitative_fidelity,variance_ratio,0.6788106861745933,>=,0.5,0.5,False,True,True,False,unresolved,True
oasis:prod_30:mtt_viability,OASIS_batch8,relative:magnitude_spearman_min:looser,single32,variance_ratio_max,quantitative_fidelity,variance_ratio,0.6788106861745933,<=,1.5,1.5,False,True,True,False,unresolved,True
oasis:prod_30:mtt_viability,OASIS_batch8,relative:magnitude_spearman_min:tighter,single32,recoverability_min,quantitative_fidelity,recoverability_r,0.8052871858620463,>=,0.7,0.7,False,True,True,False,unresolved,True
oasis:prod_30:mtt_viability,OASIS_batch8,relative:magnitude_spearman_min:tighter,single32,magnitude_spearman_min,quantitative_and_ranking_fidelity,magnitude_spearman,0.5219082188229194,>=,0.77,0.7,True,False,False,False,unresolved,True
oasis:prod_30:mtt_viability,OASIS_batch8,relative:magnitude_spearman_min:tighter,single32,top5pct_quantitative_min,quantitative_fidelity,top5pct_recall,0.6666666666666666,>=,0.6,0.6,False,True,True,False,unresolved,True
oasis:prod_30:mtt_viability,OASIS_batch8,relative:magnitude_spearman_min:tighter,single32,top5pct_ranking_min,ranking_fidelity,top5pct_recall,0.6666666666666666,>=,0.5,0.5,False,True,True,False,unresolved,True
oasis:prod_30:mtt_viability,OASIS_batch8,relative:magnitude_spearman_min:tighter,single32,reliability_min,reference_identifiability,reliability,0.454501598608551,>=,0.3,0.3,False,True,True,False,unresolved,True
oasis:prod_30:mtt_viability,OASIS_batch8,relative:magnitude_spearman_min:tighter,single32,measurement_recoverability_max_exclusive,measurement_required_eligibility_not_good_performance,recoverability_r,0.8052871858620463,<,0.6,0.6,False,False,False,False,unresolved,True
oasis:prod_30:mtt_viability,OASIS_batch8,relative:magnitude_spearman_min:tighter,single32,variance_ratio_min,quantitative_fidelity,variance_ratio,0.6788106861745933,>=,0.5,0.5,False,True,True,False,unresolved,True
oasis:prod_30:mtt_viability,OASIS_batch8,relative:magnitude_spearman_min:tighter,single32,variance_ratio_max,quantitative_fidelity,variance_ratio,0.6788106861745933,<=,1.5,1.5,False,True,True,False,unresolved,True
oasis:prod_30:mtt_viability,OASIS_batch8,relative:top5pct_quantitative_min:looser,single32,recoverability_min,quantitative_fidelity,recoverability_r,0.8052871858620463,>=,0.7,0.7,False,True,True,False,unresolved,True
oasis:prod_30:mtt_viability,OASIS_batch8,relative:top5pct_quantitative_min:looser,single32,magnitude_spearman_min,quantitative_and_ranking_fidelity,magnitude_spearman,0.5219082188229194,>=,0.7,0.7,False,False,False,False,unresolved,True
oasis:prod_30:mtt_viability,OASIS_batch8,relative:top5pct_quantitative_min:looser,single32,top5pct_quantitative_min,quantitative_fidelity,top5pct_recall,0.6666666666666666,>=,0.54,0.6,True,True,True,False,unresolved,True
oasis:prod_30:mtt_viability,OASIS_batch8,relative:top5pct_quantitative_min:looser,single32,top5pct_ranking_min,ranking_fidelity,top5pct_recall,0.6666666666666666,>=,0.5,0.5,False,True,True,False,unresolved,True
oasis:prod_30:mtt_viability,OASIS_batch8,relative:top5pct_quantitative_min:looser,single32,reliability_min,reference_identifiability,reliability,0.454501598608551,>=,0.3,0.3,False,True,True,False,unresolved,True
oasis:prod_30:mtt_viability,OASIS_batch8,relative:top5pct_quantitative_min:looser,single32,measurement_recoverability_max_exclusive,measurement_required_eligibility_not_good_performance,recoverability_r,0.8052871858620463,<,0.6,0.6,False,False,False,False,unresolved,True
oasis:prod_30:mtt_viability,OASIS_batch8,relative:top5pct_quantitative_min:looser,single32,variance_ratio_min,quantitative_fidelity,variance_ratio,0.6788106861745933,>=,0.5,0.5,False,True,True,False,unresolved,True
oasis:prod_30:mtt_viability,OASIS_batch8,relative:top5pct_quantitative_min:looser,single32,variance_ratio_max,quantitative_fidelity,variance_ratio,0.6788106861745933,<=,1.5,1.5,False,True,True,False,unresolved,True
oasis:prod_30:mtt_viability,OASIS_batch8,relative:top5pct_quantitative_min:tighter,single32,recoverability_min,quantitative_fidelity,recoverability_r,0.8052871858620463,>=,0.7,0.7,False,True,True,False,unresolved,True
oasis:prod_30:mtt_viability,OASIS_batch8,relative:top5pct_quantitative_min:tighter,single32,magnitude_spearman_min,quantitative_and_ranking_fidelity,magnitude_spearman,0.5219082188229194,>=,0.7,0.7,False,False,False,False,unresolved,True
oasis:prod_30:mtt_viability,OASIS_batch8,relative:top5pct_quantitative_min:tighter,single32,top5pct_quantitative_min,quantitative_fidelity,top5pct_recall,0.6666666666666666,>=,0.66,0.6,True,True,True,False,unresolved,True
oasis:prod_30:mtt_viability,OASIS_batch8,relative:top5pct_quantitative_min:tighter,single32,top5pct_ranking_min,ranking_fidelity,top5pct_recall,0.6666666666666666,>=,0.5,0.5,False,True,True,False,unresolved,True
oasis:prod_30:mtt_viability,OASIS_batch8,relative:top5pct_quantitative_min:tighter,single32,reliability_min,reference_identifiability,reliability,0.454501598608551,>=,0.3,0.3,False,True,True,False,unresolved,True
oasis:prod_30:mtt_viability,OASIS_batch8,relative:top5pct_quantitative_min:tighter,single32,measurement_recoverability_max_exclusive,measurement_required_eligibility_not_good_performance,recoverability_r,0.8052871858620463,<,0.6,0.6,False,False,False,False,unresolved,True
oasis:prod_30:mtt_viability,OASIS_batch8,relative:top5pct_quantitative_min:tighter,single32,variance_ratio_min,quantitative_fidelity,variance_ratio,0.6788106861745933,>=,0.5,0.5,False,True,True,False,unresolved,True
oasis:prod_30:mtt_viability,OASIS_batch8,relative:top5pct_quantitative_min:tighter,single32,variance_ratio_max,quantitative_fidelity,variance_ratio,0.6788106861745933,<=,1.5,1.5,False,True,True,False,unresolved,True
oasis:prod_30:mtt_viability,OASIS_batch8,relative:top5pct_ranking_min:looser,single32,recoverability_min,quantitative_fidelity,recoverability_r,0.8052871858620463,>=,0.7,0.7,False,True,True,False,unresolved,True
oasis:prod_30:mtt_viability,OASIS_batch8,relative:top5pct_ranking_min:looser,single32,magnitude_spearman_min,quantitative_and_ranking_fidelity,magnitude_spearman,0.5219082188229194,>=,0.7,0.7,False,False,False,False,unresolved,True
oasis:prod_30:mtt_viability,OASIS_batch8,relative:top5pct_ranking_min:looser,single32,top5pct_quantitative_min,quantitative_fidelity,top5pct_recall,0.6666666666666666,>=,0.6,0.6,False,True,True,False,unresolved,True
oasis:prod_30:mtt_viability,OASIS_batch8,relative:top5pct_ranking_min:looser,single32,top5pct_ranking_min,ranking_fidelity,top5pct_recall,0.6666666666666666,>=,0.45,0.5,True,True,True,False,unresolved,True
oasis:prod_30:mtt_viability,OASIS_batch8,relative:top5pct_ranking_min:looser,single32,reliability_min,reference_identifiability,reliability,0.454501598608551,>=,0.3,0.3,False,True,True,False,unresolved,True
oasis:prod_30:mtt_viability,OASIS_batch8,relative:top5pct_ranking_min:looser,single32,measurement_recoverability_max_exclusive,measurement_required_eligibility_not_good_performance,recoverability_r,0.8052871858620463,<,0.6,0.6,False,False,False,False,unresolved,True
oasis:prod_30:mtt_viability,OASIS_batch8,relative:top5pct_ranking_min:looser,single32,variance_ratio_min,quantitative_fidelity,variance_ratio,0.6788106861745933,>=,0.5,0.5,False,True,True,False,unresolved,True
oasis:prod_30:mtt_viability,OASIS_batch8,relative:top5pct_ranking_min:looser,single32,variance_ratio_max,quantitative_fidelity,variance_ratio,0.6788106861745933,<=,1.5,1.5,False,True,True,False,unresolved,True
oasis:prod_30:mtt_viability,OASIS_batch8,relative:top5pct_ranking_min:tighter,single32,recoverability_min,quantitative_fidelity,recoverability_r,0.8052871858620463,>=,0.7,0.7,False,True,True,False,unresolved,True
oasis:prod_30:mtt_viability,OASIS_batch8,relative:top5pct_ranking_min:tighter,single32,magnitude_spearman_min,quantitative_and_ranking_fidelity,magnitude_spearman,0.5219082188229194,>=,0.7,0.7,False,False,False,False,unresolved,True
oasis:prod_30:mtt_viability,OASIS_batch8,relative:top5pct_ranking_min:tighter,single32,top5pct_quantitative_min,quantitative_fidelity,top5pct_recall,0.6666666666666666,>=,0.6,0.6,False,True,True,False,unresolved,True
oasis:prod_30:mtt_viability,OASIS_batch8,relative:top5pct_ranking_min:tighter,single32,top5pct_ranking_min,ranking_fidelity,top5pct_recall,0.6666666666666666,>=,0.55,0.5,True,True,True,False,unresolved,True
oasis:prod_30:mtt_viability,OASIS_batch8,relative:top5pct_ranking_min:tighter,single32,reliability_min,reference_identifiability,reliability,0.454501598608551,>=,0.3,0.3,False,True,True,False,unresolved,True
oasis:prod_30:mtt_viability,OASIS_batch8,relative:top5pct_ranking_min:tighter,single32,measurement_recoverability_max_exclusive,measurement_required_eligibility_not_good_performance,recoverability_r,0.8052871858620463,<,0.6,0.6,False,False,False,False,unresolved,True
oasis:prod_30:mtt_viability,OASIS_batch8,relative:top5pct_ranking_min:tighter,single32,variance_ratio_min,quantitative_fidelity,variance_ratio,0.6788106861745933,>=,0.5,0.5,False,True,True,False,unresolved,True
oasis:prod_30:mtt_viability,OASIS_batch8,relative:top5pct_ranking_min:tighter,single32,variance_ratio_max,quantitative_fidelity,variance_ratio,0.6788106861745933,<=,1.5,1.5,False,True,True,False,unresolved,True
oasis:prod_30:mtt_viability,OASIS_batch8,relative:reliability_min:looser,single32,recoverability_min,quantitative_fidelity,recoverability_r,0.8052871858620463,>=,0.7,0.7,False,True,True,False,unresolved,True
oasis:prod_30:mtt_viability,OASIS_batch8,relative:reliability_min:looser,single32,magnitude_spearman_min,quantitative_and_ranking_fidelity,magnitude_spearman,0.5219082188229194,>=,0.7,0.7,False,False,False,False,unresolved,True
oasis:prod_30:mtt_viability,OASIS_batch8,relative:reliability_min:looser,single32,top5pct_quantitative_min,quantitative_fidelity,top5pct_recall,0.6666666666666666,>=,0.6,0.6,False,True,True,False,unresolved,True
oasis:prod_30:mtt_viability,OASIS_batch8,relative:reliability_min:looser,single32,top5pct_ranking_min,ranking_fidelity,top5pct_recall,0.6666666666666666,>=,0.5,0.5,False,True,True,False,unresolved,True
oasis:prod_30:mtt_viability,OASIS_batch8,relative:reliability_min:looser,single32,reliability_min,reference_identifiability,reliability,0.454501598608551,>=,0.27,0.3,True,True,True,False,unresolved,True
oasis:prod_30:mtt_viability,OASIS_batch8,relative:reliability_min:looser,single32,measurement_recoverability_max_exclusive,measurement_required_eligibility_not_good_performance,recoverability_r,0.8052871858620463,<,0.6,0.6,False,False,False,False,unresolved,True
oasis:prod_30:mtt_viability,OASIS_batch8,relative:reliability_min:looser,single32,variance_ratio_min,quantitative_fidelity,variance_ratio,0.6788106861745933,>=,0.5,0.5,False,True,True,False,unresolved,True
oasis:prod_30:mtt_viability,OASIS_batch8,relative:reliability_min:looser,single32,variance_ratio_max,quantitative_fidelity,variance_ratio,0.6788106861745933,<=,1.5,1.5,False,True,True,False,unresolved,True
oasis:prod_30:mtt_viability,OASIS_batch8,relative:reliability_min:tighter,single32,recoverability_min,quantitative_fidelity,recoverability_r,0.8052871858620463,>=,0.7,0.7,False,True,True,False,unresolved,True
oasis:prod_30:mtt_viability,OASIS_batch8,relative:reliability_min:tighter,single32,magnitude_spearman_min,quantitative_and_ranking_fidelity,magnitude_spearman,0.5219082188229194,>=,0.7,0.7,False,False,False,False,unresolved,True
oasis:prod_30:mtt_viability,OASIS_batch8,relative:reliability_min:tighter,single32,top5pct_quantitative_min,quantitative_fidelity,top5pct_recall,0.6666666666666666,>=,0.6,0.6,False,True,True,False,unresolved,True
oasis:prod_30:mtt_viability,OASIS_batch8,relative:reliability_min:tighter,single32,top5pct_ranking_min,ranking_fidelity,top5pct_recall,0.6666666666666666,>=,0.5,0.5,False,True,True,False,unresolved,True
oasis:prod_30:mtt_viability,OASIS_batch8,relative:reliability_min:tighter,single32,reliability_min,reference_identifiability,reliability,0.454501598608551,>=,0.33,0.3,True,True,True,False,unresolved,True
oasis:prod_30:mtt_viability,OASIS_batch8,relative:reliability_min:tighter,single32,measurement_recoverability_max_exclusive,measurement_required_eligibility_not_good_performance,recoverability_r,0.8052871858620463,<,0.6,0.6,False,False,False,False,unresolved,True
oasis:prod_30:mtt_viability,OASIS_batch8,relative:reliability_min:tighter,single32,variance_ratio_min,quantitative_fidelity,variance_ratio,0.6788106861745933,>=,0.5,0.5,False,True,True,False,unresolved,True
oasis:prod_30:mtt_viability,OASIS_batch8,relative:reliability_min:tighter,single32,variance_ratio_max,quantitative_fidelity,variance_ratio,0.6788106861745933,<=,1.5,1.5,False,True,True,False,unresolved,True
oasis:prod_30:mtt_viability,OASIS_batch8,relative:measurement_recoverability_max_exclusive:looser,single32,recoverability_min,quantitative_fidelity,recoverability_r,0.8052871858620463,>=,0.7,0.7,False,True,True,False,unresolved,True
oasis:prod_30:mtt_viability,OASIS_batch8,relative:measurement_recoverability_max_exclusive:looser,single32,magnitude_spearman_min,quantitative_and_ranking_fidelity,magnitude_spearman,0.5219082188229194,>=,0.7,0.7,False,False,False,False,unresolved,True
oasis:prod_30:mtt_viability,OASIS_batch8,relative:measurement_recoverability_max_exclusive:looser,single32,top5pct_quantitative_min,quantitative_fidelity,top5pct_recall,0.6666666666666666,>=,0.6,0.6,False,True,True,False,unresolved,True
oasis:prod_30:mtt_viability,OASIS_batch8,relative:measurement_recoverability_max_exclusive:looser,single32,top5pct_ranking_min,ranking_fidelity,top5pct_recall,0.6666666666666666,>=,0.5,0.5,False,True,True,False,unresolved,True
oasis:prod_30:mtt_viability,OASIS_batch8,relative:measurement_recoverability_max_exclusive:looser,single32,reliability_min,reference_identifiability,reliability,0.454501598608551,>=,0.3,0.3,False,True,True,False,unresolved,True
oasis:prod_30:mtt_viability,OASIS_batch8,relative:measurement_recoverability_max_exclusive:looser,single32,measurement_recoverability_max_exclusive,measurement_required_eligibility_not_good_performance,recoverability_r,0.8052871858620463,<,0.54,0.6,True,False,False,False,unresolved,True
oasis:prod_30:mtt_viability,OASIS_batch8,relative:measurement_recoverability_max_exclusive:looser,single32,variance_ratio_min,quantitative_fidelity,variance_ratio,0.6788106861745933,>=,0.5,0.5,False,True,True,False,unresolved,True
oasis:prod_30:mtt_viability,OASIS_batch8,relative:measurement_recoverability_max_exclusive:looser,single32,variance_ratio_max,quantitative_fidelity,variance_ratio,0.6788106861745933,<=,1.5,1.5,False,True,True,False,unresolved,True
oasis:prod_30:mtt_viability,OASIS_batch8,relative:measurement_recoverability_max_exclusive:tighter,single32,recoverability_min,quantitative_fidelity,recoverability_r,0.8052871858620463,>=,0.7,0.7,False,True,True,False,unresolved,True
oasis:prod_30:mtt_viability,OASIS_batch8,relative:measurement_recoverability_max_exclusive:tighter,single32,magnitude_spearman_min,quantitative_and_ranking_fidelity,magnitude_spearman,0.5219082188229194,>=,0.7,0.7,False,False,False,False,unresolved,True
oasis:prod_30:mtt_viability,OASIS_batch8,relative:measurement_recoverability_max_exclusive:tighter,single32,top5pct_quantitative_min,quantitative_fidelity,top5pct_recall,0.6666666666666666,>=,0.6,0.6,False,True,True,False,unresolved,True
oasis:prod_30:mtt_viability,OASIS_batch8,relative:measurement_recoverability_max_exclusive:tighter,single32,top5pct_ranking_min,ranking_fidelity,top5pct_recall,0.6666666666666666,>=,0.5,0.5,False,True,True,False,unresolved,True
oasis:prod_30:mtt_viability,OASIS_batch8,relative:measurement_recoverability_max_exclusive:tighter,single32,reliability_min,reference_identifiability,reliability,0.454501598608551,>=,0.3,0.3,False,True,True,False,unresolved,True
oasis:prod_30:mtt_viability,OASIS_batch8,relative:measurement_recoverability_max_exclusive:tighter,single32,measurement_recoverability_max_exclusive,measurement_required_eligibility_not_good_performance,recoverability_r,0.8052871858620463,<,0.66,0.6,True,False,False,False,unresolved,True
oasis:prod_30:mtt_viability,OASIS_batch8,relative:measurement_recoverability_max_exclusive:tighter,single32,variance_ratio_min,quantitative_fidelity,variance_ratio,0.6788106861745933,>=,0.5,0.5,False,True,True,False,unresolved,True
oasis:prod_30:mtt_viability,OASIS_batch8,relative:measurement_recoverability_max_exclusive:tighter,single32,variance_ratio_max,quantitative_fidelity,variance_ratio,0.6788106861745933,<=,1.5,1.5,False,True,True,False,unresolved,True
oasis:prod_30:mtt_viability,OASIS_batch8,relative:variance_ratio_min:looser,single32,recoverability_min,quantitative_fidelity,recoverability_r,0.8052871858620463,>=,0.7,0.7,False,True,True,False,unresolved,True
oasis:prod_30:mtt_viability,OASIS_batch8,relative:variance_ratio_min:looser,single32,magnitude_spearman_min,quantitative_and_ranking_fidelity,magnitude_spearman,0.5219082188229194,>=,0.7,0.7,False,False,False,False,unresolved,True
oasis:prod_30:mtt_viability,OASIS_batch8,relative:variance_ratio_min:looser,single32,top5pct_quantitative_min,quantitative_fidelity,top5pct_recall,0.6666666666666666,>=,0.6,0.6,False,True,True,False,unresolved,True
oasis:prod_30:mtt_viability,OASIS_batch8,relative:variance_ratio_min:looser,single32,top5pct_ranking_min,ranking_fidelity,top5pct_recall,0.6666666666666666,>=,0.5,0.5,False,True,True,False,unresolved,True
oasis:prod_30:mtt_viability,OASIS_batch8,relative:variance_ratio_min:looser,single32,reliability_min,reference_identifiability,reliability,0.454501598608551,>=,0.3,0.3,False,True,True,False,unresolved,True
oasis:prod_30:mtt_viability,OASIS_batch8,relative:variance_ratio_min:looser,single32,measurement_recoverability_max_exclusive,measurement_required_eligibility_not_good_performance,recoverability_r,0.8052871858620463,<,0.6,0.6,False,False,False,False,unresolved,True
oasis:prod_30:mtt_viability,OASIS_batch8,relative:variance_ratio_min:looser,single32,variance_ratio_min,quantitative_fidelity,variance_ratio,0.6788106861745933,>=,0.45,0.5,True,True,True,False,unresolved,True
oasis:prod_30:mtt_viability,OASIS_batch8,relative:variance_ratio_min:looser,single32,variance_ratio_max,quantitative_fidelity,variance_ratio,0.6788106861745933,<=,1.5,1.5,False,True,True,False,unresolved,True
oasis:prod_30:mtt_viability,OASIS_batch8,relative:variance_ratio_min:tighter,single32,recoverability_min,quantitative_fidelity,recoverability_r,0.8052871858620463,>=,0.7,0.7,False,True,True,False,unresolved,True
oasis:prod_30:mtt_viability,OASIS_batch8,relative:variance_ratio_min:tighter,single32,magnitude_spearman_min,quantitative_and_ranking_fidelity,magnitude_spearman,0.5219082188229194,>=,0.7,0.7,False,False,False,False,unresolved,True
oasis:prod_30:mtt_viability,OASIS_batch8,relative:variance_ratio_min:tighter,single32,top5pct_quantitative_min,quantitative_fidelity,top5pct_recall,0.6666666666666666,>=,0.6,0.6,False,True,True,False,unresolved,True
oasis:prod_30:mtt_viability,OASIS_batch8,relative:variance_ratio_min:tighter,single32,top5pct_ranking_min,ranking_fidelity,top5pct_recall,0.6666666666666666,>=,0.5,0.5,False,True,True,False,unresolved,True
oasis:prod_30:mtt_viability,OASIS_batch8,relative:variance_ratio_min:tighter,single32,reliability_min,reference_identifiability,reliability,0.454501598608551,>=,0.3,0.3,False,True,True,False,unresolved,True
oasis:prod_30:mtt_viability,OASIS_batch8,relative:variance_ratio_min:tighter,single32,measurement_recoverability_max_exclusive,measurement_required_eligibility_not_good_performance,recoverability_r,0.8052871858620463,<,0.6,0.6,False,False,False,False,unresolved,True
oasis:prod_30:mtt_viability,OASIS_batch8,relative:variance_ratio_min:tighter,single32,variance_ratio_min,quantitative_fidelity,variance_ratio,0.6788106861745933,>=,0.55,0.5,True,True,True,False,unresolved,True
oasis:prod_30:mtt_viability,OASIS_batch8,relative:variance_ratio_min:tighter,single32,variance_ratio_max,quantitative_fidelity,variance_ratio,0.6788106861745933,<=,1.5,1.5,False,True,True,False,unresolved,True
oasis:prod_30:mtt_viability,OASIS_batch8,relative:variance_ratio_max:looser,single32,recoverability_min,quantitative_fidelity,recoverability_r,0.8052871858620463,>=,0.7,0.7,False,True,True,False,unresolved,True
oasis:prod_30:mtt_viability,OASIS_batch8,relative:variance_ratio_max:looser,single32,magnitude_spearman_min,quantitative_and_ranking_fidelity,magnitude_spearman,0.5219082188229194,>=,0.7,0.7,False,False,False,False,unresolved,True
oasis:prod_30:mtt_viability,OASIS_batch8,relative:variance_ratio_max:looser,single32,top5pct_quantitative_min,quantitative_fidelity,top5pct_recall,0.6666666666666666,>=,0.6,0.6,False,True,True,False,unresolved,True
oasis:prod_30:mtt_viability,OASIS_batch8,relative:variance_ratio_max:looser,single32,top5pct_ranking_min,ranking_fidelity,top5pct_recall,0.6666666666666666,>=,0.5,0.5,False,True,True,False,unresolved,True
oasis:prod_30:mtt_viability,OASIS_batch8,relative:variance_ratio_max:looser,single32,reliability_min,reference_identifiability,reliability,0.454501598608551,>=,0.3,0.3,False,True,True,False,unresolved,True
oasis:prod_30:mtt_viability,OASIS_batch8,relative:variance_ratio_max:looser,single32,measurement_recoverability_max_exclusive,measurement_required_eligibility_not_good_performance,recoverability_r,0.8052871858620463,<,0.6,0.6,False,False,False,False,unresolved,True
oasis:prod_30:mtt_viability,OASIS_batch8,relative:variance_ratio_max:looser,single32,variance_ratio_min,quantitative_fidelity,variance_ratio,0.6788106861745933,>=,0.5,0.5,False,True,True,False,unresolved,True
oasis:prod_30:mtt_viability,OASIS_batch8,relative:variance_ratio_max:looser,single32,variance_ratio_max,quantitative_fidelity,variance_ratio,0.6788106861745933,<=,1.65,1.5,True,True,True,False,unresolved,True
oasis:prod_30:mtt_viability,OASIS_batch8,relative:variance_ratio_max:tighter,single32,recoverability_min,quantitative_fidelity,recoverability_r,0.8052871858620463,>=,0.7,0.7,False,True,True,False,unresolved,True
oasis:prod_30:mtt_viability,OASIS_batch8,relative:variance_ratio_max:tighter,single32,magnitude_spearman_min,quantitative_and_ranking_fidelity,magnitude_spearman,0.5219082188229194,>=,0.7,0.7,False,False,False,False,unresolved,True
oasis:prod_30:mtt_viability,OASIS_batch8,relative:variance_ratio_max:tighter,single32,top5pct_quantitative_min,quantitative_fidelity,top5pct_recall,0.6666666666666666,>=,0.6,0.6,False,True,True,False,unresolved,True
oasis:prod_30:mtt_viability,OASIS_batch8,relative:variance_ratio_max:tighter,single32,top5pct_ranking_min,ranking_fidelity,top5pct_recall,0.6666666666666666,>=,0.5,0.5,False,True,True,False,unresolved,True
oasis:prod_30:mtt_viability,OASIS_batch8,relative:variance_ratio_max:tighter,single32,reliability_min,reference_identifiability,reliability,0.454501598608551,>=,0.3,0.3,False,True,True,False,unresolved,True
oasis:prod_30:mtt_viability,OASIS_batch8,relative:variance_ratio_max:tighter,single32,measurement_recoverability_max_exclusive,measurement_required_eligibility_not_good_performance,recoverability_r,0.8052871858620463,<,0.6,0.6,False,False,False,False,unresolved,True
oasis:prod_30:mtt_viability,OASIS_batch8,relative:variance_ratio_max:tighter,single32,variance_ratio_min,quantitative_fidelity,variance_ratio,0.6788106861745933,>=,0.5,0.5,False,True,True,False,unresolved,True
oasis:prod_30:mtt_viability,OASIS_batch8,relative:variance_ratio_max:tighter,single32,variance_ratio_max,quantitative_fidelity,variance_ratio,0.6788106861745933,<=,1.35,1.5,True,True,True,False,unresolved,True
oasis:prod_30:ldh_release,OASIS_batch8,baseline,baseline,recoverability_min,quantitative_fidelity,recoverability_r,0.4068058892876557,>=,0.7,0.7,False,False,False,False,measurement_required,True
oasis:prod_30:ldh_release,OASIS_batch8,baseline,baseline,magnitude_spearman_min,quantitative_and_ranking_fidelity,magnitude_spearman,0.4428960331864143,>=,0.7,0.7,False,False,False,False,measurement_required,True
oasis:prod_30:ldh_release,OASIS_batch8,baseline,baseline,top5pct_quantitative_min,quantitative_fidelity,top5pct_recall,0.3333333333333333,>=,0.6,0.6,False,False,False,False,measurement_required,True
oasis:prod_30:ldh_release,OASIS_batch8,baseline,baseline,top5pct_ranking_min,ranking_fidelity,top5pct_recall,0.3333333333333333,>=,0.5,0.5,False,False,False,False,measurement_required,True
oasis:prod_30:ldh_release,OASIS_batch8,baseline,baseline,reliability_min,reference_identifiability,reliability,0.314623922430076,>=,0.3,0.3,False,True,True,False,measurement_required,True
oasis:prod_30:ldh_release,OASIS_batch8,baseline,baseline,measurement_recoverability_max_exclusive,measurement_required_eligibility_not_good_performance,recoverability_r,0.4068058892876557,<,0.6,0.6,False,True,True,False,measurement_required,True
oasis:prod_30:ldh_release,OASIS_batch8,baseline,baseline,variance_ratio_min,quantitative_fidelity,variance_ratio,0.5350517622729964,>=,0.5,0.5,False,True,True,False,measurement_required,True
oasis:prod_30:ldh_release,OASIS_batch8,baseline,baseline,variance_ratio_max,quantitative_fidelity,variance_ratio,0.5350517622729964,<=,1.5,1.5,False,True,True,False,measurement_required,True
oasis:prod_30:ldh_release,OASIS_batch8,absolute:all gates:looser,joint4,recoverability_min,quantitative_fidelity,recoverability_r,0.4068058892876557,>=,0.65,0.7,True,False,False,False,measurement_required,True
oasis:prod_30:ldh_release,OASIS_batch8,absolute:all gates:looser,joint4,magnitude_spearman_min,quantitative_and_ranking_fidelity,magnitude_spearman,0.4428960331864143,>=,0.65,0.7,True,False,False,False,measurement_required,True
oasis:prod_30:ldh_release,OASIS_batch8,absolute:all gates:looser,joint4,top5pct_quantitative_min,quantitative_fidelity,top5pct_recall,0.3333333333333333,>=,0.55,0.6,True,False,False,False,measurement_required,True
oasis:prod_30:ldh_release,OASIS_batch8,absolute:all gates:looser,joint4,top5pct_ranking_min,ranking_fidelity,top5pct_recall,0.3333333333333333,>=,0.45,0.5,True,False,False,False,measurement_required,True
oasis:prod_30:ldh_release,OASIS_batch8,absolute:all gates:looser,joint4,reliability_min,reference_identifiability,reliability,0.314623922430076,>=,0.25,0.3,True,True,True,False,measurement_required,True
oasis:prod_30:ldh_release,OASIS_batch8,absolute:all gates:looser,joint4,measurement_recoverability_max_exclusive,measurement_required_eligibility_not_good_performance,recoverability_r,0.4068058892876557,<,0.55,0.6,True,True,True,False,measurement_required,True
oasis:prod_30:ldh_release,OASIS_batch8,absolute:all gates:looser,joint4,variance_ratio_min,quantitative_fidelity,variance_ratio,0.5350517622729964,>=,0.45,0.5,True,True,True,False,measurement_required,True
oasis:prod_30:ldh_release,OASIS_batch8,absolute:all gates:looser,joint4,variance_ratio_max,quantitative_fidelity,variance_ratio,0.5350517622729964,<=,1.55,1.5,True,True,True,False,measurement_required,True
oasis:prod_30:ldh_release,OASIS_batch8,absolute:all gates:tighter,joint4,recoverability_min,quantitative_fidelity,recoverability_r,0.4068058892876557,>=,0.75,0.7,True,False,False,False,not_identifiable,False
oasis:prod_30:ldh_release,OASIS_batch8,absolute:all gates:tighter,joint4,magnitude_spearman_min,quantitative_and_ranking_fidelity,magnitude_spearman,0.4428960331864143,>=,0.75,0.7,True,False,False,False,not_identifiable,False
oasis:prod_30:ldh_release,OASIS_batch8,absolute:all gates:tighter,joint4,top5pct_quantitative_min,quantitative_fidelity,top5pct_recall,0.3333333333333333,>=,0.65,0.6,True,False,False,False,not_identifiable,False
oasis:prod_30:ldh_release,OASIS_batch8,absolute:all gates:tighter,joint4,top5pct_ranking_min,ranking_fidelity,top5pct_recall,0.3333333333333333,>=,0.55,0.5,True,False,False,False,not_identifiable,False
oasis:prod_30:ldh_release,OASIS_batch8,absolute:all gates:tighter,joint4,reliability_min,reference_identifiability,reliability,0.314623922430076,>=,0.35,0.3,True,False,True,True,not_identifiable,False
oasis:prod_30:ldh_release,OASIS_batch8,absolute:all gates:tighter,joint4,measurement_recoverability_max_exclusive,measurement_required_eligibility_not_good_performance,recoverability_r,0.4068058892876557,<,0.65,0.6,True,True,True,False,not_identifiable,False
oasis:prod_30:ldh_release,OASIS_batch8,absolute:all gates:tighter,joint4,variance_ratio_min,quantitative_fidelity,variance_ratio,0.5350517622729964,>=,0.55,0.5,True,False,True,True,not_identifiable,False
oasis:prod_30:ldh_release,OASIS_batch8,absolute:all gates:tighter,joint4,variance_ratio_max,quantitative_fidelity,variance_ratio,0.5350517622729964,<=,1.45,1.5,True,True,True,False,not_identifiable,False
oasis:prod_30:ldh_release,OASIS_batch8,absolute:recoverability_min:looser,single32,recoverability_min,quantitative_fidelity,recoverability_r,0.4068058892876557,>=,0.65,0.7,True,False,False,False,measurement_required,True
oasis:prod_30:ldh_release,OASIS_batch8,absolute:recoverability_min:looser,single32,magnitude_spearman_min,quantitative_and_ranking_fidelity,magnitude_spearman,0.4428960331864143,>=,0.7,0.7,False,False,False,False,measurement_required,True
oasis:prod_30:ldh_release,OASIS_batch8,absolute:recoverability_min:looser,single32,top5pct_quantitative_min,quantitative_fidelity,top5pct_recall,0.3333333333333333,>=,0.6,0.6,False,False,False,False,measurement_required,True
oasis:prod_30:ldh_release,OASIS_batch8,absolute:recoverability_min:looser,single32,top5pct_ranking_min,ranking_fidelity,top5pct_recall,0.3333333333333333,>=,0.5,0.5,False,False,False,False,measurement_required,True
oasis:prod_30:ldh_release,OASIS_batch8,absolute:recoverability_min:looser,single32,reliability_min,reference_identifiability,reliability,0.314623922430076,>=,0.3,0.3,False,True,True,False,measurement_required,True
oasis:prod_30:ldh_release,OASIS_batch8,absolute:recoverability_min:looser,single32,measurement_recoverability_max_exclusive,measurement_required_eligibility_not_good_performance,recoverability_r,0.4068058892876557,<,0.6,0.6,False,True,True,False,measurement_required,True
oasis:prod_30:ldh_release,OASIS_batch8,absolute:recoverability_min:looser,single32,variance_ratio_min,quantitative_fidelity,variance_ratio,0.5350517622729964,>=,0.5,0.5,False,True,True,False,measurement_required,True
oasis:prod_30:ldh_release,OASIS_batch8,absolute:recoverability_min:looser,single32,variance_ratio_max,quantitative_fidelity,variance_ratio,0.5350517622729964,<=,1.5,1.5,False,True,True,False,measurement_required,True
oasis:prod_30:ldh_release,OASIS_batch8,absolute:recoverability_min:tighter,single32,recoverability_min,quantitative_fidelity,recoverability_r,0.4068058892876557,>=,0.75,0.7,True,False,False,False,measurement_required,True
oasis:prod_30:ldh_release,OASIS_batch8,absolute:recoverability_min:tighter,single32,magnitude_spearman_min,quantitative_and_ranking_fidelity,magnitude_spearman,0.4428960331864143,>=,0.7,0.7,False,False,False,False,measurement_required,True
oasis:prod_30:ldh_release,OASIS_batch8,absolute:recoverability_min:tighter,single32,top5pct_quantitative_min,quantitative_fidelity,top5pct_recall,0.3333333333333333,>=,0.6,0.6,False,False,False,False,measurement_required,True
oasis:prod_30:ldh_release,OASIS_batch8,absolute:recoverability_min:tighter,single32,top5pct_ranking_min,ranking_fidelity,top5pct_recall,0.3333333333333333,>=,0.5,0.5,False,False,False,False,measurement_required,True
oasis:prod_30:ldh_release,OASIS_batch8,absolute:recoverability_min:tighter,single32,reliability_min,reference_identifiability,reliability,0.314623922430076,>=,0.3,0.3,False,True,True,False,measurement_required,True
oasis:prod_30:ldh_release,OASIS_batch8,absolute:recoverability_min:tighter,single32,measurement_recoverability_max_exclusive,measurement_required_eligibility_not_good_performance,recoverability_r,0.4068058892876557,<,0.6,0.6,False,True,True,False,measurement_required,True
oasis:prod_30:ldh_release,OASIS_batch8,absolute:recoverability_min:tighter,single32,variance_ratio_min,quantitative_fidelity,variance_ratio,0.5350517622729964,>=,0.5,0.5,False,True,True,False,measurement_required,True
oasis:prod_30:ldh_release,OASIS_batch8,absolute:recoverability_min:tighter,single32,variance_ratio_max,quantitative_fidelity,variance_ratio,0.5350517622729964,<=,1.5,1.5,False,True,True,False,measurement_required,True
oasis:prod_30:ldh_release,OASIS_batch8,absolute:magnitude_spearman_min:looser,single32,recoverability_min,quantitative_fidelity,recoverability_r,0.4068058892876557,>=,0.7,0.7,False,False,False,False,measurement_required,True
oasis:prod_30:ldh_release,OASIS_batch8,absolute:magnitude_spearman_min:looser,single32,magnitude_spearman_min,quantitative_and_ranking_fidelity,magnitude_spearman,0.4428960331864143,>=,0.65,0.7,True,False,False,False,measurement_required,True
oasis:prod_30:ldh_release,OASIS_batch8,absolute:magnitude_spearman_min:looser,single32,top5pct_quantitative_min,quantitative_fidelity,top5pct_recall,0.3333333333333333,>=,0.6,0.6,False,False,False,False,measurement_required,True
oasis:prod_30:ldh_release,OASIS_batch8,absolute:magnitude_spearman_min:looser,single32,top5pct_ranking_min,ranking_fidelity,top5pct_recall,0.3333333333333333,>=,0.5,0.5,False,False,False,False,measurement_required,True
oasis:prod_30:ldh_release,OASIS_batch8,absolute:magnitude_spearman_min:looser,single32,reliability_min,reference_identifiability,reliability,0.314623922430076,>=,0.3,0.3,False,True,True,False,measurement_required,True
oasis:prod_30:ldh_release,OASIS_batch8,absolute:magnitude_spearman_min:looser,single32,measurement_recoverability_max_exclusive,measurement_required_eligibility_not_good_performance,recoverability_r,0.4068058892876557,<,0.6,0.6,False,True,True,False,measurement_required,True
oasis:prod_30:ldh_release,OASIS_batch8,absolute:magnitude_spearman_min:looser,single32,variance_ratio_min,quantitative_fidelity,variance_ratio,0.5350517622729964,>=,0.5,0.5,False,True,True,False,measurement_required,True
oasis:prod_30:ldh_release,OASIS_batch8,absolute:magnitude_spearman_min:looser,single32,variance_ratio_max,quantitative_fidelity,variance_ratio,0.5350517622729964,<=,1.5,1.5,False,True,True,False,measurement_required,True
oasis:prod_30:ldh_release,OASIS_batch8,absolute:magnitude_spearman_min:tighter,single32,recoverability_min,quantitative_fidelity,recoverability_r,0.4068058892876557,>=,0.7,0.7,False,False,False,False,measurement_required,True
oasis:prod_30:ldh_release,OASIS_batch8,absolute:magnitude_spearman_min:tighter,single32,magnitude_spearman_min,quantitative_and_ranking_fidelity,magnitude_spearman,0.4428960331864143,>=,0.75,0.7,True,False,False,False,measurement_required,True
oasis:prod_30:ldh_release,OASIS_batch8,absolute:magnitude_spearman_min:tighter,single32,top5pct_quantitative_min,quantitative_fidelity,top5pct_recall,0.3333333333333333,>=,0.6,0.6,False,False,False,False,measurement_required,True
oasis:prod_30:ldh_release,OASIS_batch8,absolute:magnitude_spearman_min:tighter,single32,top5pct_ranking_min,ranking_fidelity,top5pct_recall,0.3333333333333333,>=,0.5,0.5,False,False,False,False,measurement_required,True
oasis:prod_30:ldh_release,OASIS_batch8,absolute:magnitude_spearman_min:tighter,single32,reliability_min,reference_identifiability,reliability,0.314623922430076,>=,0.3,0.3,False,True,True,False,measurement_required,True
oasis:prod_30:ldh_release,OASIS_batch8,absolute:magnitude_spearman_min:tighter,single32,measurement_recoverability_max_exclusive,measurement_required_eligibility_not_good_performance,recoverability_r,0.4068058892876557,<,0.6,0.6,False,True,True,False,measurement_required,True
oasis:prod_30:ldh_release,OASIS_batch8,absolute:magnitude_spearman_min:tighter,single32,variance_ratio_min,quantitative_fidelity,variance_ratio,0.5350517622729964,>=,0.5,0.5,False,True,True,False,measurement_required,True
oasis:prod_30:ldh_release,OASIS_batch8,absolute:magnitude_spearman_min:tighter,single32,variance_ratio_max,quantitative_fidelity,variance_ratio,0.5350517622729964,<=,1.5,1.5,False,True,True,False,measurement_required,True
oasis:prod_30:ldh_release,OASIS_batch8,absolute:top5pct_quantitative_min:looser,single32,recoverability_min,quantitative_fidelity,recoverability_r,0.4068058892876557,>=,0.7,0.7,False,False,False,False,measurement_required,True
oasis:prod_30:ldh_release,OASIS_batch8,absolute:top5pct_quantitative_min:looser,single32,magnitude_spearman_min,quantitative_and_ranking_fidelity,magnitude_spearman,0.4428960331864143,>=,0.7,0.7,False,False,False,False,measurement_required,True
oasis:prod_30:ldh_release,OASIS_batch8,absolute:top5pct_quantitative_min:looser,single32,top5pct_quantitative_min,quantitative_fidelity,top5pct_recall,0.3333333333333333,>=,0.55,0.6,True,False,False,False,measurement_required,True
oasis:prod_30:ldh_release,OASIS_batch8,absolute:top5pct_quantitative_min:looser,single32,top5pct_ranking_min,ranking_fidelity,top5pct_recall,0.3333333333333333,>=,0.5,0.5,False,False,False,False,measurement_required,True
oasis:prod_30:ldh_release,OASIS_batch8,absolute:top5pct_quantitative_min:looser,single32,reliability_min,reference_identifiability,reliability,0.314623922430076,>=,0.3,0.3,False,True,True,False,measurement_required,True
oasis:prod_30:ldh_release,OASIS_batch8,absolute:top5pct_quantitative_min:looser,single32,measurement_recoverability_max_exclusive,measurement_required_eligibility_not_good_performance,recoverability_r,0.4068058892876557,<,0.6,0.6,False,True,True,False,measurement_required,True
oasis:prod_30:ldh_release,OASIS_batch8,absolute:top5pct_quantitative_min:looser,single32,variance_ratio_min,quantitative_fidelity,variance_ratio,0.5350517622729964,>=,0.5,0.5,False,True,True,False,measurement_required,True
oasis:prod_30:ldh_release,OASIS_batch8,absolute:top5pct_quantitative_min:looser,single32,variance_ratio_max,quantitative_fidelity,variance_ratio,0.5350517622729964,<=,1.5,1.5,False,True,True,False,measurement_required,True
oasis:prod_30:ldh_release,OASIS_batch8,absolute:top5pct_quantitative_min:tighter,single32,recoverability_min,quantitative_fidelity,recoverability_r,0.4068058892876557,>=,0.7,0.7,False,False,False,False,measurement_required,True
oasis:prod_30:ldh_release,OASIS_batch8,absolute:top5pct_quantitative_min:tighter,single32,magnitude_spearman_min,quantitative_and_ranking_fidelity,magnitude_spearman,0.4428960331864143,>=,0.7,0.7,False,False,False,False,measurement_required,True
oasis:prod_30:ldh_release,OASIS_batch8,absolute:top5pct_quantitative_min:tighter,single32,top5pct_quantitative_min,quantitative_fidelity,top5pct_recall,0.3333333333333333,>=,0.65,0.6,True,False,False,False,measurement_required,True
oasis:prod_30:ldh_release,OASIS_batch8,absolute:top5pct_quantitative_min:tighter,single32,top5pct_ranking_min,ranking_fidelity,top5pct_recall,0.3333333333333333,>=,0.5,0.5,False,False,False,False,measurement_required,True
oasis:prod_30:ldh_release,OASIS_batch8,absolute:top5pct_quantitative_min:tighter,single32,reliability_min,reference_identifiability,reliability,0.314623922430076,>=,0.3,0.3,False,True,True,False,measurement_required,True
oasis:prod_30:ldh_release,OASIS_batch8,absolute:top5pct_quantitative_min:tighter,single32,measurement_recoverability_max_exclusive,measurement_required_eligibility_not_good_performance,recoverability_r,0.4068058892876557,<,0.6,0.6,False,True,True,False,measurement_required,True
oasis:prod_30:ldh_release,OASIS_batch8,absolute:top5pct_quantitative_min:tighter,single32,variance_ratio_min,quantitative_fidelity,variance_ratio,0.5350517622729964,>=,0.5,0.5,False,True,True,False,measurement_required,True
oasis:prod_30:ldh_release,OASIS_batch8,absolute:top5pct_quantitative_min:tighter,single32,variance_ratio_max,quantitative_fidelity,variance_ratio,0.5350517622729964,<=,1.5,1.5,False,True,True,False,measurement_required,True
oasis:prod_30:ldh_release,OASIS_batch8,absolute:top5pct_ranking_min:looser,single32,recoverability_min,quantitative_fidelity,recoverability_r,0.4068058892876557,>=,0.7,0.7,False,False,False,False,measurement_required,True
oasis:prod_30:ldh_release,OASIS_batch8,absolute:top5pct_ranking_min:looser,single32,magnitude_spearman_min,quantitative_and_ranking_fidelity,magnitude_spearman,0.4428960331864143,>=,0.7,0.7,False,False,False,False,measurement_required,True
oasis:prod_30:ldh_release,OASIS_batch8,absolute:top5pct_ranking_min:looser,single32,top5pct_quantitative_min,quantitative_fidelity,top5pct_recall,0.3333333333333333,>=,0.6,0.6,False,False,False,False,measurement_required,True
oasis:prod_30:ldh_release,OASIS_batch8,absolute:top5pct_ranking_min:looser,single32,top5pct_ranking_min,ranking_fidelity,top5pct_recall,0.3333333333333333,>=,0.45,0.5,True,False,False,False,measurement_required,True
oasis:prod_30:ldh_release,OASIS_batch8,absolute:top5pct_ranking_min:looser,single32,reliability_min,reference_identifiability,reliability,0.314623922430076,>=,0.3,0.3,False,True,True,False,measurement_required,True
oasis:prod_30:ldh_release,OASIS_batch8,absolute:top5pct_ranking_min:looser,single32,measurement_recoverability_max_exclusive,measurement_required_eligibility_not_good_performance,recoverability_r,0.4068058892876557,<,0.6,0.6,False,True,True,False,measurement_required,True
oasis:prod_30:ldh_release,OASIS_batch8,absolute:top5pct_ranking_min:looser,single32,variance_ratio_min,quantitative_fidelity,variance_ratio,0.5350517622729964,>=,0.5,0.5,False,True,True,False,measurement_required,True
oasis:prod_30:ldh_release,OASIS_batch8,absolute:top5pct_ranking_min:looser,single32,variance_ratio_max,quantitative_fidelity,variance_ratio,0.5350517622729964,<=,1.5,1.5,False,True,True,False,measurement_required,True
oasis:prod_30:ldh_release,OASIS_batch8,absolute:top5pct_ranking_min:tighter,single32,recoverability_min,quantitative_fidelity,recoverability_r,0.4068058892876557,>=,0.7,0.7,False,False,False,False,measurement_required,True
oasis:prod_30:ldh_release,OASIS_batch8,absolute:top5pct_ranking_min:tighter,single32,magnitude_spearman_min,quantitative_and_ranking_fidelity,magnitude_spearman,0.4428960331864143,>=,0.7,0.7,False,False,False,False,measurement_required,True
oasis:prod_30:ldh_release,OASIS_batch8,absolute:top5pct_ranking_min:tighter,single32,top5pct_quantitative_min,quantitative_fidelity,top5pct_recall,0.3333333333333333,>=,0.6,0.6,False,False,False,False,measurement_required,True
oasis:prod_30:ldh_release,OASIS_batch8,absolute:top5pct_ranking_min:tighter,single32,top5pct_ranking_min,ranking_fidelity,top5pct_recall,0.3333333333333333,>=,0.55,0.5,True,False,False,False,measurement_required,True
oasis:prod_30:ldh_release,OASIS_batch8,absolute:top5pct_ranking_min:tighter,single32,reliability_min,reference_identifiability,reliability,0.314623922430076,>=,0.3,0.3,False,True,True,False,measurement_required,True
oasis:prod_30:ldh_release,OASIS_batch8,absolute:top5pct_ranking_min:tighter,single32,measurement_recoverability_max_exclusive,measurement_required_eligibility_not_good_performance,recoverability_r,0.4068058892876557,<,0.6,0.6,False,True,True,False,measurement_required,True
oasis:prod_30:ldh_release,OASIS_batch8,absolute:top5pct_ranking_min:tighter,single32,variance_ratio_min,quantitative_fidelity,variance_ratio,0.5350517622729964,>=,0.5,0.5,False,True,True,False,measurement_required,True
oasis:prod_30:ldh_release,OASIS_batch8,absolute:top5pct_ranking_min:tighter,single32,variance_ratio_max,quantitative_fidelity,variance_ratio,0.5350517622729964,<=,1.5,1.5,False,True,True,False,measurement_required,True
oasis:prod_30:ldh_release,OASIS_batch8,absolute:reliability_min:looser,single32,recoverability_min,quantitative_fidelity,recoverability_r,0.4068058892876557,>=,0.7,0.7,False,False,False,False,measurement_required,True
oasis:prod_30:ldh_release,OASIS_batch8,absolute:reliability_min:looser,single32,magnitude_spearman_min,quantitative_and_ranking_fidelity,magnitude_spearman,0.4428960331864143,>=,0.7,0.7,False,False,False,False,measurement_required,True
oasis:prod_30:ldh_release,OASIS_batch8,absolute:reliability_min:looser,single32,top5pct_quantitative_min,quantitative_fidelity,top5pct_recall,0.3333333333333333,>=,0.6,0.6,False,False,False,False,measurement_required,True
oasis:prod_30:ldh_release,OASIS_batch8,absolute:reliability_min:looser,single32,top5pct_ranking_min,ranking_fidelity,top5pct_recall,0.3333333333333333,>=,0.5,0.5,False,False,False,False,measurement_required,True
oasis:prod_30:ldh_release,OASIS_batch8,absolute:reliability_min:looser,single32,reliability_min,reference_identifiability,reliability,0.314623922430076,>=,0.25,0.3,True,True,True,False,measurement_required,True
oasis:prod_30:ldh_release,OASIS_batch8,absolute:reliability_min:looser,single32,measurement_recoverability_max_exclusive,measurement_required_eligibility_not_good_performance,recoverability_r,0.4068058892876557,<,0.6,0.6,False,True,True,False,measurement_required,True
oasis:prod_30:ldh_release,OASIS_batch8,absolute:reliability_min:looser,single32,variance_ratio_min,quantitative_fidelity,variance_ratio,0.5350517622729964,>=,0.5,0.5,False,True,True,False,measurement_required,True
oasis:prod_30:ldh_release,OASIS_batch8,absolute:reliability_min:looser,single32,variance_ratio_max,quantitative_fidelity,variance_ratio,0.5350517622729964,<=,1.5,1.5,False,True,True,False,measurement_required,True
oasis:prod_30:ldh_release,OASIS_batch8,absolute:reliability_min:tighter,single32,recoverability_min,quantitative_fidelity,recoverability_r,0.4068058892876557,>=,0.7,0.7,False,False,False,False,not_identifiable,False
oasis:prod_30:ldh_release,OASIS_batch8,absolute:reliability_min:tighter,single32,magnitude_spearman_min,quantitative_and_ranking_fidelity,magnitude_spearman,0.4428960331864143,>=,0.7,0.7,False,False,False,False,not_identifiable,False
oasis:prod_30:ldh_release,OASIS_batch8,absolute:reliability_min:tighter,single32,top5pct_quantitative_min,quantitative_fidelity,top5pct_recall,0.3333333333333333,>=,0.6,0.6,False,False,False,False,not_identifiable,False
oasis:prod_30:ldh_release,OASIS_batch8,absolute:reliability_min:tighter,single32,top5pct_ranking_min,ranking_fidelity,top5pct_recall,0.3333333333333333,>=,0.5,0.5,False,False,False,False,not_identifiable,False
oasis:prod_30:ldh_release,OASIS_batch8,absolute:reliability_min:tighter,single32,reliability_min,reference_identifiability,reliability,0.314623922430076,>=,0.35,0.3,True,False,True,True,not_identifiable,False
oasis:prod_30:ldh_release,OASIS_batch8,absolute:reliability_min:tighter,single32,measurement_recoverability_max_exclusive,measurement_required_eligibility_not_good_performance,recoverability_r,0.4068058892876557,<,0.6,0.6,False,True,True,False,not_identifiable,False
oasis:prod_30:ldh_release,OASIS_batch8,absolute:reliability_min:tighter,single32,variance_ratio_min,quantitative_fidelity,variance_ratio,0.5350517622729964,>=,0.5,0.5,False,True,True,False,not_identifiable,False
oasis:prod_30:ldh_release,OASIS_batch8,absolute:reliability_min:tighter,single32,variance_ratio_max,quantitative_fidelity,variance_ratio,0.5350517622729964,<=,1.5,1.5,False,True,True,False,not_identifiable,False
oasis:prod_30:ldh_release,OASIS_batch8,absolute:measurement_recoverability_max_exclusive:looser,single32,recoverability_min,quantitative_fidelity,recoverability_r,0.4068058892876557,>=,0.7,0.7,False,False,False,False,measurement_required,True
oasis:prod_30:ldh_release,OASIS_batch8,absolute:measurement_recoverability_max_exclusive:looser,single32,magnitude_spearman_min,quantitative_and_ranking_fidelity,magnitude_spearman,0.4428960331864143,>=,0.7,0.7,False,False,False,False,measurement_required,True
oasis:prod_30:ldh_release,OASIS_batch8,absolute:measurement_recoverability_max_exclusive:looser,single32,top5pct_quantitative_min,quantitative_fidelity,top5pct_recall,0.3333333333333333,>=,0.6,0.6,False,False,False,False,measurement_required,True
oasis:prod_30:ldh_release,OASIS_batch8,absolute:measurement_recoverability_max_exclusive:looser,single32,top5pct_ranking_min,ranking_fidelity,top5pct_recall,0.3333333333333333,>=,0.5,0.5,False,False,False,False,measurement_required,True
oasis:prod_30:ldh_release,OASIS_batch8,absolute:measurement_recoverability_max_exclusive:looser,single32,reliability_min,reference_identifiability,reliability,0.314623922430076,>=,0.3,0.3,False,True,True,False,measurement_required,True
oasis:prod_30:ldh_release,OASIS_batch8,absolute:measurement_recoverability_max_exclusive:looser,single32,measurement_recoverability_max_exclusive,measurement_required_eligibility_not_good_performance,recoverability_r,0.4068058892876557,<,0.55,0.6,True,True,True,False,measurement_required,True
oasis:prod_30:ldh_release,OASIS_batch8,absolute:measurement_recoverability_max_exclusive:looser,single32,variance_ratio_min,quantitative_fidelity,variance_ratio,0.5350517622729964,>=,0.5,0.5,False,True,True,False,measurement_required,True
oasis:prod_30:ldh_release,OASIS_batch8,absolute:measurement_recoverability_max_exclusive:looser,single32,variance_ratio_max,quantitative_fidelity,variance_ratio,0.5350517622729964,<=,1.5,1.5,False,True,True,False,measurement_required,True
oasis:prod_30:ldh_release,OASIS_batch8,absolute:measurement_recoverability_max_exclusive:tighter,single32,recoverability_min,quantitative_fidelity,recoverability_r,0.4068058892876557,>=,0.7,0.7,False,False,False,False,measurement_required,True
oasis:prod_30:ldh_release,OASIS_batch8,absolute:measurement_recoverability_max_exclusive:tighter,single32,magnitude_spearman_min,quantitative_and_ranking_fidelity,magnitude_spearman,0.4428960331864143,>=,0.7,0.7,False,False,False,False,measurement_required,True
oasis:prod_30:ldh_release,OASIS_batch8,absolute:measurement_recoverability_max_exclusive:tighter,single32,top5pct_quantitative_min,quantitative_fidelity,top5pct_recall,0.3333333333333333,>=,0.6,0.6,False,False,False,False,measurement_required,True
oasis:prod_30:ldh_release,OASIS_batch8,absolute:measurement_recoverability_max_exclusive:tighter,single32,top5pct_ranking_min,ranking_fidelity,top5pct_recall,0.3333333333333333,>=,0.5,0.5,False,False,False,False,measurement_required,True
oasis:prod_30:ldh_release,OASIS_batch8,absolute:measurement_recoverability_max_exclusive:tighter,single32,reliability_min,reference_identifiability,reliability,0.314623922430076,>=,0.3,0.3,False,True,True,False,measurement_required,True
oasis:prod_30:ldh_release,OASIS_batch8,absolute:measurement_recoverability_max_exclusive:tighter,single32,measurement_recoverability_max_exclusive,measurement_required_eligibility_not_good_performance,recoverability_r,0.4068058892876557,<,0.65,0.6,True,True,True,False,measurement_required,True
oasis:prod_30:ldh_release,OASIS_batch8,absolute:measurement_recoverability_max_exclusive:tighter,single32,variance_ratio_min,quantitative_fidelity,variance_ratio,0.5350517622729964,>=,0.5,0.5,False,True,True,False,measurement_required,True
oasis:prod_30:ldh_release,OASIS_batch8,absolute:measurement_recoverability_max_exclusive:tighter,single32,variance_ratio_max,quantitative_fidelity,variance_ratio,0.5350517622729964,<=,1.5,1.5,False,True,True,False,measurement_required,True
oasis:prod_30:ldh_release,OASIS_batch8,absolute:variance_ratio_min:looser,single32,recoverability_min,quantitative_fidelity,recoverability_r,0.4068058892876557,>=,0.7,0.7,False,False,False,False,measurement_required,True
oasis:prod_30:ldh_release,OASIS_batch8,absolute:variance_ratio_min:looser,single32,magnitude_spearman_min,quantitative_and_ranking_fidelity,magnitude_spearman,0.4428960331864143,>=,0.7,0.7,False,False,False,False,measurement_required,True
oasis:prod_30:ldh_release,OASIS_batch8,absolute:variance_ratio_min:looser,single32,top5pct_quantitative_min,quantitative_fidelity,top5pct_recall,0.3333333333333333,>=,0.6,0.6,False,False,False,False,measurement_required,True
oasis:prod_30:ldh_release,OASIS_batch8,absolute:variance_ratio_min:looser,single32,top5pct_ranking_min,ranking_fidelity,top5pct_recall,0.3333333333333333,>=,0.5,0.5,False,False,False,False,measurement_required,True
oasis:prod_30:ldh_release,OASIS_batch8,absolute:variance_ratio_min:looser,single32,reliability_min,reference_identifiability,reliability,0.314623922430076,>=,0.3,0.3,False,True,True,False,measurement_required,True
oasis:prod_30:ldh_release,OASIS_batch8,absolute:variance_ratio_min:looser,single32,measurement_recoverability_max_exclusive,measurement_required_eligibility_not_good_performance,recoverability_r,0.4068058892876557,<,0.6,0.6,False,True,True,False,measurement_required,True
oasis:prod_30:ldh_release,OASIS_batch8,absolute:variance_ratio_min:looser,single32,variance_ratio_min,quantitative_fidelity,variance_ratio,0.5350517622729964,>=,0.45,0.5,True,True,True,False,measurement_required,True
oasis:prod_30:ldh_release,OASIS_batch8,absolute:variance_ratio_min:looser,single32,variance_ratio_max,quantitative_fidelity,variance_ratio,0.5350517622729964,<=,1.5,1.5,False,True,True,False,measurement_required,True
oasis:prod_30:ldh_release,OASIS_batch8,absolute:variance_ratio_min:tighter,single32,recoverability_min,quantitative_fidelity,recoverability_r,0.4068058892876557,>=,0.7,0.7,False,False,False,False,measurement_required,True
oasis:prod_30:ldh_release,OASIS_batch8,absolute:variance_ratio_min:tighter,single32,magnitude_spearman_min,quantitative_and_ranking_fidelity,magnitude_spearman,0.4428960331864143,>=,0.7,0.7,False,False,False,False,measurement_required,True
oasis:prod_30:ldh_release,OASIS_batch8,absolute:variance_ratio_min:tighter,single32,top5pct_quantitative_min,quantitative_fidelity,top5pct_recall,0.3333333333333333,>=,0.6,0.6,False,False,False,False,measurement_required,True
oasis:prod_30:ldh_release,OASIS_batch8,absolute:variance_ratio_min:tighter,single32,top5pct_ranking_min,ranking_fidelity,top5pct_recall,0.3333333333333333,>=,0.5,0.5,False,False,False,False,measurement_required,True
oasis:prod_30:ldh_release,OASIS_batch8,absolute:variance_ratio_min:tighter,single32,reliability_min,reference_identifiability,reliability,0.314623922430076,>=,0.3,0.3,False,True,True,False,measurement_required,True
oasis:prod_30:ldh_release,OASIS_batch8,absolute:variance_ratio_min:tighter,single32,measurement_recoverability_max_exclusive,measurement_required_eligibility_not_good_performance,recoverability_r,0.4068058892876557,<,0.6,0.6,False,True,True,False,measurement_required,True
oasis:prod_30:ldh_release,OASIS_batch8,absolute:variance_ratio_min:tighter,single32,variance_ratio_min,quantitative_fidelity,variance_ratio,0.5350517622729964,>=,0.55,0.5,True,False,True,True,measurement_required,True
oasis:prod_30:ldh_release,OASIS_batch8,absolute:variance_ratio_min:tighter,single32,variance_ratio_max,quantitative_fidelity,variance_ratio,0.5350517622729964,<=,1.5,1.5,False,True,True,False,measurement_required,True
oasis:prod_30:ldh_release,OASIS_batch8,absolute:variance_ratio_max:looser,single32,recoverability_min,quantitative_fidelity,recoverability_r,0.4068058892876557,>=,0.7,0.7,False,False,False,False,measurement_required,True
oasis:prod_30:ldh_release,OASIS_batch8,absolute:variance_ratio_max:looser,single32,magnitude_spearman_min,quantitative_and_ranking_fidelity,magnitude_spearman,0.4428960331864143,>=,0.7,0.7,False,False,False,False,measurement_required,True
oasis:prod_30:ldh_release,OASIS_batch8,absolute:variance_ratio_max:looser,single32,top5pct_quantitative_min,quantitative_fidelity,top5pct_recall,0.3333333333333333,>=,0.6,0.6,False,False,False,False,measurement_required,True
oasis:prod_30:ldh_release,OASIS_batch8,absolute:variance_ratio_max:looser,single32,top5pct_ranking_min,ranking_fidelity,top5pct_recall,0.3333333333333333,>=,0.5,0.5,False,False,False,False,measurement_required,True
oasis:prod_30:ldh_release,OASIS_batch8,absolute:variance_ratio_max:looser,single32,reliability_min,reference_identifiability,reliability,0.314623922430076,>=,0.3,0.3,False,True,True,False,measurement_required,True
oasis:prod_30:ldh_release,OASIS_batch8,absolute:variance_ratio_max:looser,single32,measurement_recoverability_max_exclusive,measurement_required_eligibility_not_good_performance,recoverability_r,0.4068058892876557,<,0.6,0.6,False,True,True,False,measurement_required,True
oasis:prod_30:ldh_release,OASIS_batch8,absolute:variance_ratio_max:looser,single32,variance_ratio_min,quantitative_fidelity,variance_ratio,0.5350517622729964,>=,0.5,0.5,False,True,True,False,measurement_required,True
oasis:prod_30:ldh_release,OASIS_batch8,absolute:variance_ratio_max:looser,single32,variance_ratio_max,quantitative_fidelity,variance_ratio,0.5350517622729964,<=,1.55,1.5,True,True,True,False,measurement_required,True
oasis:prod_30:ldh_release,OASIS_batch8,absolute:variance_ratio_max:tighter,single32,recoverability_min,quantitative_fidelity,recoverability_r,0.4068058892876557,>=,0.7,0.7,False,False,False,False,measurement_required,True
oasis:prod_30:ldh_release,OASIS_batch8,absolute:variance_ratio_max:tighter,single32,magnitude_spearman_min,quantitative_and_ranking_fidelity,magnitude_spearman,0.4428960331864143,>=,0.7,0.7,False,False,False,False,measurement_required,True
oasis:prod_30:ldh_release,OASIS_batch8,absolute:variance_ratio_max:tighter,single32,top5pct_quantitative_min,quantitative_fidelity,top5pct_recall,0.3333333333333333,>=,0.6,0.6,False,False,False,False,measurement_required,True
oasis:prod_30:ldh_release,OASIS_batch8,absolute:variance_ratio_max:tighter,single32,top5pct_ranking_min,ranking_fidelity,top5pct_recall,0.3333333333333333,>=,0.5,0.5,False,False,False,False,measurement_required,True
oasis:prod_30:ldh_release,OASIS_batch8,absolute:variance_ratio_max:tighter,single32,reliability_min,reference_identifiability,reliability,0.314623922430076,>=,0.3,0.3,False,True,True,False,measurement_required,True
oasis:prod_30:ldh_release,OASIS_batch8,absolute:variance_ratio_max:tighter,single32,measurement_recoverability_max_exclusive,measurement_required_eligibility_not_good_performance,recoverability_r,0.4068058892876557,<,0.6,0.6,False,True,True,False,measurement_required,True
oasis:prod_30:ldh_release,OASIS_batch8,absolute:variance_ratio_max:tighter,single32,variance_ratio_min,quantitative_fidelity,variance_ratio,0.5350517622729964,>=,0.5,0.5,False,True,True,False,measurement_required,True
oasis:prod_30:ldh_release,OASIS_batch8,absolute:variance_ratio_max:tighter,single32,variance_ratio_max,quantitative_fidelity,variance_ratio,0.5350517622729964,<=,1.45,1.5,True,True,True,False,measurement_required,True
oasis:prod_30:ldh_release,OASIS_batch8,relative:all gates:looser,joint4,recoverability_min,quantitative_fidelity,recoverability_r,0.4068058892876557,>=,0.63,0.7,True,False,False,False,measurement_required,True
oasis:prod_30:ldh_release,OASIS_batch8,relative:all gates:looser,joint4,magnitude_spearman_min,quantitative_and_ranking_fidelity,magnitude_spearman,0.4428960331864143,>=,0.63,0.7,True,False,False,False,measurement_required,True
oasis:prod_30:ldh_release,OASIS_batch8,relative:all gates:looser,joint4,top5pct_quantitative_min,quantitative_fidelity,top5pct_recall,0.3333333333333333,>=,0.54,0.6,True,False,False,False,measurement_required,True
oasis:prod_30:ldh_release,OASIS_batch8,relative:all gates:looser,joint4,top5pct_ranking_min,ranking_fidelity,top5pct_recall,0.3333333333333333,>=,0.45,0.5,True,False,False,False,measurement_required,True
oasis:prod_30:ldh_release,OASIS_batch8,relative:all gates:looser,joint4,reliability_min,reference_identifiability,reliability,0.314623922430076,>=,0.27,0.3,True,True,True,False,measurement_required,True
oasis:prod_30:ldh_release,OASIS_batch8,relative:all gates:looser,joint4,measurement_recoverability_max_exclusive,measurement_required_eligibility_not_good_performance,recoverability_r,0.4068058892876557,<,0.54,0.6,True,True,True,False,measurement_required,True
oasis:prod_30:ldh_release,OASIS_batch8,relative:all gates:looser,joint4,variance_ratio_min,quantitative_fidelity,variance_ratio,0.5350517622729964,>=,0.45,0.5,True,True,True,False,measurement_required,True
oasis:prod_30:ldh_release,OASIS_batch8,relative:all gates:looser,joint4,variance_ratio_max,quantitative_fidelity,variance_ratio,0.5350517622729964,<=,1.65,1.5,True,True,True,False,measurement_required,True
oasis:prod_30:ldh_release,OASIS_batch8,relative:all gates:tighter,joint4,recoverability_min,quantitative_fidelity,recoverability_r,0.4068058892876557,>=,0.77,0.7,True,False,False,False,not_identifiable,False
oasis:prod_30:ldh_release,OASIS_batch8,relative:all gates:tighter,joint4,magnitude_spearman_min,quantitative_and_ranking_fidelity,magnitude_spearman,0.4428960331864143,>=,0.77,0.7,True,False,False,False,not_identifiable,False
oasis:prod_30:ldh_release,OASIS_batch8,relative:all gates:tighter,joint4,top5pct_quantitative_min,quantitative_fidelity,top5pct_recall,0.3333333333333333,>=,0.66,0.6,True,False,False,False,not_identifiable,False
oasis:prod_30:ldh_release,OASIS_batch8,relative:all gates:tighter,joint4,top5pct_ranking_min,ranking_fidelity,top5pct_recall,0.3333333333333333,>=,0.55,0.5,True,False,False,False,not_identifiable,False
oasis:prod_30:ldh_release,OASIS_batch8,relative:all gates:tighter,joint4,reliability_min,reference_identifiability,reliability,0.314623922430076,>=,0.33,0.3,True,False,True,True,not_identifiable,False
oasis:prod_30:ldh_release,OASIS_batch8,relative:all gates:tighter,joint4,measurement_recoverability_max_exclusive,measurement_required_eligibility_not_good_performance,recoverability_r,0.4068058892876557,<,0.66,0.6,True,True,True,False,not_identifiable,False
oasis:prod_30:ldh_release,OASIS_batch8,relative:all gates:tighter,joint4,variance_ratio_min,quantitative_fidelity,variance_ratio,0.5350517622729964,>=,0.55,0.5,True,False,True,True,not_identifiable,False
oasis:prod_30:ldh_release,OASIS_batch8,relative:all gates:tighter,joint4,variance_ratio_max,quantitative_fidelity,variance_ratio,0.5350517622729964,<=,1.35,1.5,True,True,True,False,not_identifiable,False
oasis:prod_30:ldh_release,OASIS_batch8,relative:recoverability_min:looser,single32,recoverability_min,quantitative_fidelity,recoverability_r,0.4068058892876557,>=,0.63,0.7,True,False,False,False,measurement_required,True
oasis:prod_30:ldh_release,OASIS_batch8,relative:recoverability_min:looser,single32,magnitude_spearman_min,quantitative_and_ranking_fidelity,magnitude_spearman,0.4428960331864143,>=,0.7,0.7,False,False,False,False,measurement_required,True
oasis:prod_30:ldh_release,OASIS_batch8,relative:recoverability_min:looser,single32,top5pct_quantitative_min,quantitative_fidelity,top5pct_recall,0.3333333333333333,>=,0.6,0.6,False,False,False,False,measurement_required,True
oasis:prod_30:ldh_release,OASIS_batch8,relative:recoverability_min:looser,single32,top5pct_ranking_min,ranking_fidelity,top5pct_recall,0.3333333333333333,>=,0.5,0.5,False,False,False,False,measurement_required,True
oasis:prod_30:ldh_release,OASIS_batch8,relative:recoverability_min:looser,single32,reliability_min,reference_identifiability,reliability,0.314623922430076,>=,0.3,0.3,False,True,True,False,measurement_required,True
oasis:prod_30:ldh_release,OASIS_batch8,relative:recoverability_min:looser,single32,measurement_recoverability_max_exclusive,measurement_required_eligibility_not_good_performance,recoverability_r,0.4068058892876557,<,0.6,0.6,False,True,True,False,measurement_required,True
oasis:prod_30:ldh_release,OASIS_batch8,relative:recoverability_min:looser,single32,variance_ratio_min,quantitative_fidelity,variance_ratio,0.5350517622729964,>=,0.5,0.5,False,True,True,False,measurement_required,True
oasis:prod_30:ldh_release,OASIS_batch8,relative:recoverability_min:looser,single32,variance_ratio_max,quantitative_fidelity,variance_ratio,0.5350517622729964,<=,1.5,1.5,False,True,True,False,measurement_required,True
oasis:prod_30:ldh_release,OASIS_batch8,relative:recoverability_min:tighter,single32,recoverability_min,quantitative_fidelity,recoverability_r,0.4068058892876557,>=,0.77,0.7,True,False,False,False,measurement_required,True
oasis:prod_30:ldh_release,OASIS_batch8,relative:recoverability_min:tighter,single32,magnitude_spearman_min,quantitative_and_ranking_fidelity,magnitude_spearman,0.4428960331864143,>=,0.7,0.7,False,False,False,False,measurement_required,True
oasis:prod_30:ldh_release,OASIS_batch8,relative:recoverability_min:tighter,single32,top5pct_quantitative_min,quantitative_fidelity,top5pct_recall,0.3333333333333333,>=,0.6,0.6,False,False,False,False,measurement_required,True
oasis:prod_30:ldh_release,OASIS_batch8,relative:recoverability_min:tighter,single32,top5pct_ranking_min,ranking_fidelity,top5pct_recall,0.3333333333333333,>=,0.5,0.5,False,False,False,False,measurement_required,True
oasis:prod_30:ldh_release,OASIS_batch8,relative:recoverability_min:tighter,single32,reliability_min,reference_identifiability,reliability,0.314623922430076,>=,0.3,0.3,False,True,True,False,measurement_required,True
oasis:prod_30:ldh_release,OASIS_batch8,relative:recoverability_min:tighter,single32,measurement_recoverability_max_exclusive,measurement_required_eligibility_not_good_performance,recoverability_r,0.4068058892876557,<,0.6,0.6,False,True,True,False,measurement_required,True
oasis:prod_30:ldh_release,OASIS_batch8,relative:recoverability_min:tighter,single32,variance_ratio_min,quantitative_fidelity,variance_ratio,0.5350517622729964,>=,0.5,0.5,False,True,True,False,measurement_required,True
oasis:prod_30:ldh_release,OASIS_batch8,relative:recoverability_min:tighter,single32,variance_ratio_max,quantitative_fidelity,variance_ratio,0.5350517622729964,<=,1.5,1.5,False,True,True,False,measurement_required,True
oasis:prod_30:ldh_release,OASIS_batch8,relative:magnitude_spearman_min:looser,single32,recoverability_min,quantitative_fidelity,recoverability_r,0.4068058892876557,>=,0.7,0.7,False,False,False,False,measurement_required,True
oasis:prod_30:ldh_release,OASIS_batch8,relative:magnitude_spearman_min:looser,single32,magnitude_spearman_min,quantitative_and_ranking_fidelity,magnitude_spearman,0.4428960331864143,>=,0.63,0.7,True,False,False,False,measurement_required,True
oasis:prod_30:ldh_release,OASIS_batch8,relative:magnitude_spearman_min:looser,single32,top5pct_quantitative_min,quantitative_fidelity,top5pct_recall,0.3333333333333333,>=,0.6,0.6,False,False,False,False,measurement_required,True
oasis:prod_30:ldh_release,OASIS_batch8,relative:magnitude_spearman_min:looser,single32,top5pct_ranking_min,ranking_fidelity,top5pct_recall,0.3333333333333333,>=,0.5,0.5,False,False,False,False,measurement_required,True
oasis:prod_30:ldh_release,OASIS_batch8,relative:magnitude_spearman_min:looser,single32,reliability_min,reference_identifiability,reliability,0.314623922430076,>=,0.3,0.3,False,True,True,False,measurement_required,True
oasis:prod_30:ldh_release,OASIS_batch8,relative:magnitude_spearman_min:looser,single32,measurement_recoverability_max_exclusive,measurement_required_eligibility_not_good_performance,recoverability_r,0.4068058892876557,<,0.6,0.6,False,True,True,False,measurement_required,True
oasis:prod_30:ldh_release,OASIS_batch8,relative:magnitude_spearman_min:looser,single32,variance_ratio_min,quantitative_fidelity,variance_ratio,0.5350517622729964,>=,0.5,0.5,False,True,True,False,measurement_required,True
oasis:prod_30:ldh_release,OASIS_batch8,relative:magnitude_spearman_min:looser,single32,variance_ratio_max,quantitative_fidelity,variance_ratio,0.5350517622729964,<=,1.5,1.5,False,True,True,False,measurement_required,True
oasis:prod_30:ldh_release,OASIS_batch8,relative:magnitude_spearman_min:tighter,single32,recoverability_min,quantitative_fidelity,recoverability_r,0.4068058892876557,>=,0.7,0.7,False,False,False,False,measurement_required,True
oasis:prod_30:ldh_release,OASIS_batch8,relative:magnitude_spearman_min:tighter,single32,magnitude_spearman_min,quantitative_and_ranking_fidelity,magnitude_spearman,0.4428960331864143,>=,0.77,0.7,True,False,False,False,measurement_required,True
oasis:prod_30:ldh_release,OASIS_batch8,relative:magnitude_spearman_min:tighter,single32,top5pct_quantitative_min,quantitative_fidelity,top5pct_recall,0.3333333333333333,>=,0.6,0.6,False,False,False,False,measurement_required,True
oasis:prod_30:ldh_release,OASIS_batch8,relative:magnitude_spearman_min:tighter,single32,top5pct_ranking_min,ranking_fidelity,top5pct_recall,0.3333333333333333,>=,0.5,0.5,False,False,False,False,measurement_required,True
oasis:prod_30:ldh_release,OASIS_batch8,relative:magnitude_spearman_min:tighter,single32,reliability_min,reference_identifiability,reliability,0.314623922430076,>=,0.3,0.3,False,True,True,False,measurement_required,True
oasis:prod_30:ldh_release,OASIS_batch8,relative:magnitude_spearman_min:tighter,single32,measurement_recoverability_max_exclusive,measurement_required_eligibility_not_good_performance,recoverability_r,0.4068058892876557,<,0.6,0.6,False,True,True,False,measurement_required,True
oasis:prod_30:ldh_release,OASIS_batch8,relative:magnitude_spearman_min:tighter,single32,variance_ratio_min,quantitative_fidelity,variance_ratio,0.5350517622729964,>=,0.5,0.5,False,True,True,False,measurement_required,True
oasis:prod_30:ldh_release,OASIS_batch8,relative:magnitude_spearman_min:tighter,single32,variance_ratio_max,quantitative_fidelity,variance_ratio,0.5350517622729964,<=,1.5,1.5,False,True,True,False,measurement_required,True
oasis:prod_30:ldh_release,OASIS_batch8,relative:top5pct_quantitative_min:looser,single32,recoverability_min,quantitative_fidelity,recoverability_r,0.4068058892876557,>=,0.7,0.7,False,False,False,False,measurement_required,True
oasis:prod_30:ldh_release,OASIS_batch8,relative:top5pct_quantitative_min:looser,single32,magnitude_spearman_min,quantitative_and_ranking_fidelity,magnitude_spearman,0.4428960331864143,>=,0.7,0.7,False,False,False,False,measurement_required,True
oasis:prod_30:ldh_release,OASIS_batch8,relative:top5pct_quantitative_min:looser,single32,top5pct_quantitative_min,quantitative_fidelity,top5pct_recall,0.3333333333333333,>=,0.54,0.6,True,False,False,False,measurement_required,True
oasis:prod_30:ldh_release,OASIS_batch8,relative:top5pct_quantitative_min:looser,single32,top5pct_ranking_min,ranking_fidelity,top5pct_recall,0.3333333333333333,>=,0.5,0.5,False,False,False,False,measurement_required,True
oasis:prod_30:ldh_release,OASIS_batch8,relative:top5pct_quantitative_min:looser,single32,reliability_min,reference_identifiability,reliability,0.314623922430076,>=,0.3,0.3,False,True,True,False,measurement_required,True
oasis:prod_30:ldh_release,OASIS_batch8,relative:top5pct_quantitative_min:looser,single32,measurement_recoverability_max_exclusive,measurement_required_eligibility_not_good_performance,recoverability_r,0.4068058892876557,<,0.6,0.6,False,True,True,False,measurement_required,True
oasis:prod_30:ldh_release,OASIS_batch8,relative:top5pct_quantitative_min:looser,single32,variance_ratio_min,quantitative_fidelity,variance_ratio,0.5350517622729964,>=,0.5,0.5,False,True,True,False,measurement_required,True
oasis:prod_30:ldh_release,OASIS_batch8,relative:top5pct_quantitative_min:looser,single32,variance_ratio_max,quantitative_fidelity,variance_ratio,0.5350517622729964,<=,1.5,1.5,False,True,True,False,measurement_required,True
oasis:prod_30:ldh_release,OASIS_batch8,relative:top5pct_quantitative_min:tighter,single32,recoverability_min,quantitative_fidelity,recoverability_r,0.4068058892876557,>=,0.7,0.7,False,False,False,False,measurement_required,True
oasis:prod_30:ldh_release,OASIS_batch8,relative:top5pct_quantitative_min:tighter,single32,magnitude_spearman_min,quantitative_and_ranking_fidelity,magnitude_spearman,0.4428960331864143,>=,0.7,0.7,False,False,False,False,measurement_required,True
oasis:prod_30:ldh_release,OASIS_batch8,relative:top5pct_quantitative_min:tighter,single32,top5pct_quantitative_min,quantitative_fidelity,top5pct_recall,0.3333333333333333,>=,0.66,0.6,True,False,False,False,measurement_required,True
oasis:prod_30:ldh_release,OASIS_batch8,relative:top5pct_quantitative_min:tighter,single32,top5pct_ranking_min,ranking_fidelity,top5pct_recall,0.3333333333333333,>=,0.5,0.5,False,False,False,False,measurement_required,True
oasis:prod_30:ldh_release,OASIS_batch8,relative:top5pct_quantitative_min:tighter,single32,reliability_min,reference_identifiability,reliability,0.314623922430076,>=,0.3,0.3,False,True,True,False,measurement_required,True
oasis:prod_30:ldh_release,OASIS_batch8,relative:top5pct_quantitative_min:tighter,single32,measurement_recoverability_max_exclusive,measurement_required_eligibility_not_good_performance,recoverability_r,0.4068058892876557,<,0.6,0.6,False,True,True,False,measurement_required,True
oasis:prod_30:ldh_release,OASIS_batch8,relative:top5pct_quantitative_min:tighter,single32,variance_ratio_min,quantitative_fidelity,variance_ratio,0.5350517622729964,>=,0.5,0.5,False,True,True,False,measurement_required,True
oasis:prod_30:ldh_release,OASIS_batch8,relative:top5pct_quantitative_min:tighter,single32,variance_ratio_max,quantitative_fidelity,variance_ratio,0.5350517622729964,<=,1.5,1.5,False,True,True,False,measurement_required,True
oasis:prod_30:ldh_release,OASIS_batch8,relative:top5pct_ranking_min:looser,single32,recoverability_min,quantitative_fidelity,recoverability_r,0.4068058892876557,>=,0.7,0.7,False,False,False,False,measurement_required,True
oasis:prod_30:ldh_release,OASIS_batch8,relative:top5pct_ranking_min:looser,single32,magnitude_spearman_min,quantitative_and_ranking_fidelity,magnitude_spearman,0.4428960331864143,>=,0.7,0.7,False,False,False,False,measurement_required,True
oasis:prod_30:ldh_release,OASIS_batch8,relative:top5pct_ranking_min:looser,single32,top5pct_quantitative_min,quantitative_fidelity,top5pct_recall,0.3333333333333333,>=,0.6,0.6,False,False,False,False,measurement_required,True
oasis:prod_30:ldh_release,OASIS_batch8,relative:top5pct_ranking_min:looser,single32,top5pct_ranking_min,ranking_fidelity,top5pct_recall,0.3333333333333333,>=,0.45,0.5,True,False,False,False,measurement_required,True
oasis:prod_30:ldh_release,OASIS_batch8,relative:top5pct_ranking_min:looser,single32,reliability_min,reference_identifiability,reliability,0.314623922430076,>=,0.3,0.3,False,True,True,False,measurement_required,True
oasis:prod_30:ldh_release,OASIS_batch8,relative:top5pct_ranking_min:looser,single32,measurement_recoverability_max_exclusive,measurement_required_eligibility_not_good_performance,recoverability_r,0.4068058892876557,<,0.6,0.6,False,True,True,False,measurement_required,True
oasis:prod_30:ldh_release,OASIS_batch8,relative:top5pct_ranking_min:looser,single32,variance_ratio_min,quantitative_fidelity,variance_ratio,0.5350517622729964,>=,0.5,0.5,False,True,True,False,measurement_required,True
oasis:prod_30:ldh_release,OASIS_batch8,relative:top5pct_ranking_min:looser,single32,variance_ratio_max,quantitative_fidelity,variance_ratio,0.5350517622729964,<=,1.5,1.5,False,True,True,False,measurement_required,True
oasis:prod_30:ldh_release,OASIS_batch8,relative:top5pct_ranking_min:tighter,single32,recoverability_min,quantitative_fidelity,recoverability_r,0.4068058892876557,>=,0.7,0.7,False,False,False,False,measurement_required,True
oasis:prod_30:ldh_release,OASIS_batch8,relative:top5pct_ranking_min:tighter,single32,magnitude_spearman_min,quantitative_and_ranking_fidelity,magnitude_spearman,0.4428960331864143,>=,0.7,0.7,False,False,False,False,measurement_required,True
oasis:prod_30:ldh_release,OASIS_batch8,relative:top5pct_ranking_min:tighter,single32,top5pct_quantitative_min,quantitative_fidelity,top5pct_recall,0.3333333333333333,>=,0.6,0.6,False,False,False,False,measurement_required,True
oasis:prod_30:ldh_release,OASIS_batch8,relative:top5pct_ranking_min:tighter,single32,top5pct_ranking_min,ranking_fidelity,top5pct_recall,0.3333333333333333,>=,0.55,0.5,True,False,False,False,measurement_required,True
oasis:prod_30:ldh_release,OASIS_batch8,relative:top5pct_ranking_min:tighter,single32,reliability_min,reference_identifiability,reliability,0.314623922430076,>=,0.3,0.3,False,True,True,False,measurement_required,True
oasis:prod_30:ldh_release,OASIS_batch8,relative:top5pct_ranking_min:tighter,single32,measurement_recoverability_max_exclusive,measurement_required_eligibility_not_good_performance,recoverability_r,0.4068058892876557,<,0.6,0.6,False,True,True,False,measurement_required,True
oasis:prod_30:ldh_release,OASIS_batch8,relative:top5pct_ranking_min:tighter,single32,variance_ratio_min,quantitative_fidelity,variance_ratio,0.5350517622729964,>=,0.5,0.5,False,True,True,False,measurement_required,True
oasis:prod_30:ldh_release,OASIS_batch8,relative:top5pct_ranking_min:tighter,single32,variance_ratio_max,quantitative_fidelity,variance_ratio,0.5350517622729964,<=,1.5,1.5,False,True,True,False,measurement_required,True
oasis:prod_30:ldh_release,OASIS_batch8,relative:reliability_min:looser,single32,recoverability_min,quantitative_fidelity,recoverability_r,0.4068058892876557,>=,0.7,0.7,False,False,False,False,measurement_required,True
oasis:prod_30:ldh_release,OASIS_batch8,relative:reliability_min:looser,single32,magnitude_spearman_min,quantitative_and_ranking_fidelity,magnitude_spearman,0.4428960331864143,>=,0.7,0.7,False,False,False,False,measurement_required,True
oasis:prod_30:ldh_release,OASIS_batch8,relative:reliability_min:looser,single32,top5pct_quantitative_min,quantitative_fidelity,top5pct_recall,0.3333333333333333,>=,0.6,0.6,False,False,False,False,measurement_required,True
oasis:prod_30:ldh_release,OASIS_batch8,relative:reliability_min:looser,single32,top5pct_ranking_min,ranking_fidelity,top5pct_recall,0.3333333333333333,>=,0.5,0.5,False,False,False,False,measurement_required,True
oasis:prod_30:ldh_release,OASIS_batch8,relative:reliability_min:looser,single32,reliability_min,reference_identifiability,reliability,0.314623922430076,>=,0.27,0.3,True,True,True,False,measurement_required,True
oasis:prod_30:ldh_release,OASIS_batch8,relative:reliability_min:looser,single32,measurement_recoverability_max_exclusive,measurement_required_eligibility_not_good_performance,recoverability_r,0.4068058892876557,<,0.6,0.6,False,True,True,False,measurement_required,True
oasis:prod_30:ldh_release,OASIS_batch8,relative:reliability_min:looser,single32,variance_ratio_min,quantitative_fidelity,variance_ratio,0.5350517622729964,>=,0.5,0.5,False,True,True,False,measurement_required,True
oasis:prod_30:ldh_release,OASIS_batch8,relative:reliability_min:looser,single32,variance_ratio_max,quantitative_fidelity,variance_ratio,0.5350517622729964,<=,1.5,1.5,False,True,True,False,measurement_required,True
oasis:prod_30:ldh_release,OASIS_batch8,relative:reliability_min:tighter,single32,recoverability_min,quantitative_fidelity,recoverability_r,0.4068058892876557,>=,0.7,0.7,False,False,False,False,not_identifiable,False
oasis:prod_30:ldh_release,OASIS_batch8,relative:reliability_min:tighter,single32,magnitude_spearman_min,quantitative_and_ranking_fidelity,magnitude_spearman,0.4428960331864143,>=,0.7,0.7,False,False,False,False,not_identifiable,False
oasis:prod_30:ldh_release,OASIS_batch8,relative:reliability_min:tighter,single32,top5pct_quantitative_min,quantitative_fidelity,top5pct_recall,0.3333333333333333,>=,0.6,0.6,False,False,False,False,not_identifiable,False
oasis:prod_30:ldh_release,OASIS_batch8,relative:reliability_min:tighter,single32,top5pct_ranking_min,ranking_fidelity,top5pct_recall,0.3333333333333333,>=,0.5,0.5,False,False,False,False,not_identifiable,False
oasis:prod_30:ldh_release,OASIS_batch8,relative:reliability_min:tighter,single32,reliability_min,reference_identifiability,reliability,0.314623922430076,>=,0.33,0.3,True,False,True,True,not_identifiable,False
oasis:prod_30:ldh_release,OASIS_batch8,relative:reliability_min:tighter,single32,measurement_recoverability_max_exclusive,measurement_required_eligibility_not_good_performance,recoverability_r,0.4068058892876557,<,0.6,0.6,False,True,True,False,not_identifiable,False
oasis:prod_30:ldh_release,OASIS_batch8,relative:reliability_min:tighter,single32,variance_ratio_min,quantitative_fidelity,variance_ratio,0.5350517622729964,>=,0.5,0.5,False,True,True,False,not_identifiable,False
oasis:prod_30:ldh_release,OASIS_batch8,relative:reliability_min:tighter,single32,variance_ratio_max,quantitative_fidelity,variance_ratio,0.5350517622729964,<=,1.5,1.5,False,True,True,False,not_identifiable,False
oasis:prod_30:ldh_release,OASIS_batch8,relative:measurement_recoverability_max_exclusive:looser,single32,recoverability_min,quantitative_fidelity,recoverability_r,0.4068058892876557,>=,0.7,0.7,False,False,False,False,measurement_required,True
oasis:prod_30:ldh_release,OASIS_batch8,relative:measurement_recoverability_max_exclusive:looser,single32,magnitude_spearman_min,quantitative_and_ranking_fidelity,magnitude_spearman,0.4428960331864143,>=,0.7,0.7,False,False,False,False,measurement_required,True
oasis:prod_30:ldh_release,OASIS_batch8,relative:measurement_recoverability_max_exclusive:looser,single32,top5pct_quantitative_min,quantitative_fidelity,top5pct_recall,0.3333333333333333,>=,0.6,0.6,False,False,False,False,measurement_required,True
oasis:prod_30:ldh_release,OASIS_batch8,relative:measurement_recoverability_max_exclusive:looser,single32,top5pct_ranking_min,ranking_fidelity,top5pct_recall,0.3333333333333333,>=,0.5,0.5,False,False,False,False,measurement_required,True
oasis:prod_30:ldh_release,OASIS_batch8,relative:measurement_recoverability_max_exclusive:looser,single32,reliability_min,reference_identifiability,reliability,0.314623922430076,>=,0.3,0.3,False,True,True,False,measurement_required,True
oasis:prod_30:ldh_release,OASIS_batch8,relative:measurement_recoverability_max_exclusive:looser,single32,measurement_recoverability_max_exclusive,measurement_required_eligibility_not_good_performance,recoverability_r,0.4068058892876557,<,0.54,0.6,True,True,True,False,measurement_required,True
oasis:prod_30:ldh_release,OASIS_batch8,relative:measurement_recoverability_max_exclusive:looser,single32,variance_ratio_min,quantitative_fidelity,variance_ratio,0.5350517622729964,>=,0.5,0.5,False,True,True,False,measurement_required,True
oasis:prod_30:ldh_release,OASIS_batch8,relative:measurement_recoverability_max_exclusive:looser,single32,variance_ratio_max,quantitative_fidelity,variance_ratio,0.5350517622729964,<=,1.5,1.5,False,True,True,False,measurement_required,True
oasis:prod_30:ldh_release,OASIS_batch8,relative:measurement_recoverability_max_exclusive:tighter,single32,recoverability_min,quantitative_fidelity,recoverability_r,0.4068058892876557,>=,0.7,0.7,False,False,False,False,measurement_required,True
oasis:prod_30:ldh_release,OASIS_batch8,relative:measurement_recoverability_max_exclusive:tighter,single32,magnitude_spearman_min,quantitative_and_ranking_fidelity,magnitude_spearman,0.4428960331864143,>=,0.7,0.7,False,False,False,False,measurement_required,True
oasis:prod_30:ldh_release,OASIS_batch8,relative:measurement_recoverability_max_exclusive:tighter,single32,top5pct_quantitative_min,quantitative_fidelity,top5pct_recall,0.3333333333333333,>=,0.6,0.6,False,False,False,False,measurement_required,True
oasis:prod_30:ldh_release,OASIS_batch8,relative:measurement_recoverability_max_exclusive:tighter,single32,top5pct_ranking_min,ranking_fidelity,top5pct_recall,0.3333333333333333,>=,0.5,0.5,False,False,False,False,measurement_required,True
oasis:prod_30:ldh_release,OASIS_batch8,relative:measurement_recoverability_max_exclusive:tighter,single32,reliability_min,reference_identifiability,reliability,0.314623922430076,>=,0.3,0.3,False,True,True,False,measurement_required,True
oasis:prod_30:ldh_release,OASIS_batch8,relative:measurement_recoverability_max_exclusive:tighter,single32,measurement_recoverability_max_exclusive,measurement_required_eligibility_not_good_performance,recoverability_r,0.4068058892876557,<,0.66,0.6,True,True,True,False,measurement_required,True
oasis:prod_30:ldh_release,OASIS_batch8,relative:measurement_recoverability_max_exclusive:tighter,single32,variance_ratio_min,quantitative_fidelity,variance_ratio,0.5350517622729964,>=,0.5,0.5,False,True,True,False,measurement_required,True
oasis:prod_30:ldh_release,OASIS_batch8,relative:measurement_recoverability_max_exclusive:tighter,single32,variance_ratio_max,quantitative_fidelity,variance_ratio,0.5350517622729964,<=,1.5,1.5,False,True,True,False,measurement_required,True
oasis:prod_30:ldh_release,OASIS_batch8,relative:variance_ratio_min:looser,single32,recoverability_min,quantitative_fidelity,recoverability_r,0.4068058892876557,>=,0.7,0.7,False,False,False,False,measurement_required,True
oasis:prod_30:ldh_release,OASIS_batch8,relative:variance_ratio_min:looser,single32,magnitude_spearman_min,quantitative_and_ranking_fidelity,magnitude_spearman,0.4428960331864143,>=,0.7,0.7,False,False,False,False,measurement_required,True
oasis:prod_30:ldh_release,OASIS_batch8,relative:variance_ratio_min:looser,single32,top5pct_quantitative_min,quantitative_fidelity,top5pct_recall,0.3333333333333333,>=,0.6,0.6,False,False,False,False,measurement_required,True
oasis:prod_30:ldh_release,OASIS_batch8,relative:variance_ratio_min:looser,single32,top5pct_ranking_min,ranking_fidelity,top5pct_recall,0.3333333333333333,>=,0.5,0.5,False,False,False,False,measurement_required,True
oasis:prod_30:ldh_release,OASIS_batch8,relative:variance_ratio_min:looser,single32,reliability_min,reference_identifiability,reliability,0.314623922430076,>=,0.3,0.3,False,True,True,False,measurement_required,True
oasis:prod_30:ldh_release,OASIS_batch8,relative:variance_ratio_min:looser,single32,measurement_recoverability_max_exclusive,measurement_required_eligibility_not_good_performance,recoverability_r,0.4068058892876557,<,0.6,0.6,False,True,True,False,measurement_required,True
oasis:prod_30:ldh_release,OASIS_batch8,relative:variance_ratio_min:looser,single32,variance_ratio_min,quantitative_fidelity,variance_ratio,0.5350517622729964,>=,0.45,0.5,True,True,True,False,measurement_required,True
oasis:prod_30:ldh_release,OASIS_batch8,relative:variance_ratio_min:looser,single32,variance_ratio_max,quantitative_fidelity,variance_ratio,0.5350517622729964,<=,1.5,1.5,False,True,True,False,measurement_required,True
oasis:prod_30:ldh_release,OASIS_batch8,relative:variance_ratio_min:tighter,single32,recoverability_min,quantitative_fidelity,recoverability_r,0.4068058892876557,>=,0.7,0.7,False,False,False,False,measurement_required,True
oasis:prod_30:ldh_release,OASIS_batch8,relative:variance_ratio_min:tighter,single32,magnitude_spearman_min,quantitative_and_ranking_fidelity,magnitude_spearman,0.4428960331864143,>=,0.7,0.7,False,False,False,False,measurement_required,True
oasis:prod_30:ldh_release,OASIS_batch8,relative:variance_ratio_min:tighter,single32,top5pct_quantitative_min,quantitative_fidelity,top5pct_recall,0.3333333333333333,>=,0.6,0.6,False,False,False,False,measurement_required,True
oasis:prod_30:ldh_release,OASIS_batch8,relative:variance_ratio_min:tighter,single32,top5pct_ranking_min,ranking_fidelity,top5pct_recall,0.3333333333333333,>=,0.5,0.5,False,False,False,False,measurement_required,True
oasis:prod_30:ldh_release,OASIS_batch8,relative:variance_ratio_min:tighter,single32,reliability_min,reference_identifiability,reliability,0.314623922430076,>=,0.3,0.3,False,True,True,False,measurement_required,True
oasis:prod_30:ldh_release,OASIS_batch8,relative:variance_ratio_min:tighter,single32,measurement_recoverability_max_exclusive,measurement_required_eligibility_not_good_performance,recoverability_r,0.4068058892876557,<,0.6,0.6,False,True,True,False,measurement_required,True
oasis:prod_30:ldh_release,OASIS_batch8,relative:variance_ratio_min:tighter,single32,variance_ratio_min,quantitative_fidelity,variance_ratio,0.5350517622729964,>=,0.55,0.5,True,False,True,True,measurement_required,True
oasis:prod_30:ldh_release,OASIS_batch8,relative:variance_ratio_min:tighter,single32,variance_ratio_max,quantitative_fidelity,variance_ratio,0.5350517622729964,<=,1.5,1.5,False,True,True,False,measurement_required,True
oasis:prod_30:ldh_release,OASIS_batch8,relative:variance_ratio_max:looser,single32,recoverability_min,quantitative_fidelity,recoverability_r,0.4068058892876557,>=,0.7,0.7,False,False,False,False,measurement_required,True
oasis:prod_30:ldh_release,OASIS_batch8,relative:variance_ratio_max:looser,single32,magnitude_spearman_min,quantitative_and_ranking_fidelity,magnitude_spearman,0.4428960331864143,>=,0.7,0.7,False,False,False,False,measurement_required,True
oasis:prod_30:ldh_release,OASIS_batch8,relative:variance_ratio_max:looser,single32,top5pct_quantitative_min,quantitative_fidelity,top5pct_recall,0.3333333333333333,>=,0.6,0.6,False,False,False,False,measurement_required,True
oasis:prod_30:ldh_release,OASIS_batch8,relative:variance_ratio_max:looser,single32,top5pct_ranking_min,ranking_fidelity,top5pct_recall,0.3333333333333333,>=,0.5,0.5,False,False,False,False,measurement_required,True
oasis:prod_30:ldh_release,OASIS_batch8,relative:variance_ratio_max:looser,single32,reliability_min,reference_identifiability,reliability,0.314623922430076,>=,0.3,0.3,False,True,True,False,measurement_required,True
oasis:prod_30:ldh_release,OASIS_batch8,relative:variance_ratio_max:looser,single32,measurement_recoverability_max_exclusive,measurement_required_eligibility_not_good_performance,recoverability_r,0.4068058892876557,<,0.6,0.6,False,True,True,False,measurement_required,True
oasis:prod_30:ldh_release,OASIS_batch8,relative:variance_ratio_max:looser,single32,variance_ratio_min,quantitative_fidelity,variance_ratio,0.5350517622729964,>=,0.5,0.5,False,True,True,False,measurement_required,True
oasis:prod_30:ldh_release,OASIS_batch8,relative:variance_ratio_max:looser,single32,variance_ratio_max,quantitative_fidelity,variance_ratio,0.5350517622729964,<=,1.65,1.5,True,True,True,False,measurement_required,True
oasis:prod_30:ldh_release,OASIS_batch8,relative:variance_ratio_max:tighter,single32,recoverability_min,quantitative_fidelity,recoverability_r,0.4068058892876557,>=,0.7,0.7,False,False,False,False,measurement_required,True
oasis:prod_30:ldh_release,OASIS_batch8,relative:variance_ratio_max:tighter,single32,magnitude_spearman_min,quantitative_and_ranking_fidelity,magnitude_spearman,0.4428960331864143,>=,0.7,0.7,False,False,False,False,measurement_required,True
oasis:prod_30:ldh_release,OASIS_batch8,relative:variance_ratio_max:tighter,single32,top5pct_quantitative_min,quantitative_fidelity,top5pct_recall,0.3333333333333333,>=,0.6,0.6,False,False,False,False,measurement_required,True
oasis:prod_30:ldh_release,OASIS_batch8,relative:variance_ratio_max:tighter,single32,top5pct_ranking_min,ranking_fidelity,top5pct_recall,0.3333333333333333,>=,0.5,0.5,False,False,False,False,measurement_required,True
oasis:prod_30:ldh_release,OASIS_batch8,relative:variance_ratio_max:tighter,single32,reliability_min,reference_identifiability,reliability,0.314623922430076,>=,0.3,0.3,False,True,True,False,measurement_required,True
oasis:prod_30:ldh_release,OASIS_batch8,relative:variance_ratio_max:tighter,single32,measurement_recoverability_max_exclusive,measurement_required_eligibility_not_good_performance,recoverability_r,0.4068058892876557,<,0.6,0.6,False,True,True,False,measurement_required,True
oasis:prod_30:ldh_release,OASIS_batch8,relative:variance_ratio_max:tighter,single32,variance_ratio_min,quantitative_fidelity,variance_ratio,0.5350517622729964,>=,0.5,0.5,False,True,True,False,measurement_required,True
oasis:prod_30:ldh_release,OASIS_batch8,relative:variance_ratio_max:tighter,single32,variance_ratio_max,quantitative_fidelity,variance_ratio,0.5350517622729964,<=,1.35,1.5,True,True,True,False,measurement_required,True
