reporter_slug,reporter,image_gene,selected_gene,display_row,phase_response_rms,selection_rule
fe2+_ferhonox_live-cell_dye,FeRhoNox,ALG12,COPS4,0,0.7420594924257633,all KO rows in frozen KO-cluster order
fe2+_ferhonox_live-cell_dye,FeRhoNox,ALG12,CTPS2,1,0.5949772958355197,all KO rows in frozen KO-cluster order
fe2+_ferhonox_live-cell_dye,FeRhoNox,ALG12,CTDSPL2,2,0.6927144347358585,all KO rows in frozen KO-cluster order
fe2+_ferhonox_live-cell_dye,FeRhoNox,ALG12,PPIA,3,0.5179138333888892,all KO rows in frozen KO-cluster order
fe2+_ferhonox_live-cell_dye,FeRhoNox,ALG12,TRAPPC2L,4,0.8470613448525245,all KO rows in frozen KO-cluster order
fe2+_ferhonox_live-cell_dye,FeRhoNox,ALG12,MAD2L2,5,0.6359710217745341,all KO rows in frozen KO-cluster order
fe2+_ferhonox_live-cell_dye,FeRhoNox,ALG12,TUBGCP6,6,0.6910169673265081,all KO rows in frozen KO-cluster order
fe2+_ferhonox_live-cell_dye,FeRhoNox,ALG12,DYNLL1,7,0.7355796036678554,all KO rows in frozen KO-cluster order
fe2+_ferhonox_live-cell_dye,FeRhoNox,ALG12,DDI2,8,0.6333729857603426,all KO rows in frozen KO-cluster order
fe2+_ferhonox_live-cell_dye,FeRhoNox,ALG12,C1QBP,9,0.9571523149485102,all KO rows in frozen KO-cluster order
fe2+_ferhonox_live-cell_dye,FeRhoNox,ALG12,FTL,10,0.5895116370278108,all KO rows in frozen KO-cluster order
fe2+_ferhonox_live-cell_dye,FeRhoNox,ALG12,ERN1,11,0.6481839351049329,all KO rows in frozen KO-cluster order
fe2+_ferhonox_live-cell_dye,FeRhoNox,ALG12,GNPNAT1,12,0.7930327684679924,all KO rows in frozen KO-cluster order
fe2+_ferhonox_live-cell_dye,FeRhoNox,ALG12,P4HB,13,0.7921924690495998,all KO rows in frozen KO-cluster order
fe2+_ferhonox_live-cell_dye,FeRhoNox,ALG12,PRAMEF6,14,1.2700758438042292,all KO rows in frozen KO-cluster order
fe2+_ferhonox_live-cell_dye,FeRhoNox,ALG12,MCM3,15,0.8007796653288932,all KO rows in frozen KO-cluster order
fe2+_ferhonox_live-cell_dye,FeRhoNox,ALG12,ATG9A,16,0.6267429189011442,all KO rows in frozen KO-cluster order
fe2+_ferhonox_live-cell_dye,FeRhoNox,ALG12,YAE1,17,0.6158299097368602,all KO rows in frozen KO-cluster order
fe2+_ferhonox_live-cell_dye,FeRhoNox,ALG12,MBTD1,18,0.5844879957924562,all KO rows in frozen KO-cluster order
fe2+_ferhonox_live-cell_dye,FeRhoNox,ALG12,GTF3C1,19,0.5379946398529118,all KO rows in frozen KO-cluster order
fe2+_ferhonox_live-cell_dye,FeRhoNox,ALG12,CLDN15,20,0.6236653045661964,all KO rows in frozen KO-cluster order
fe2+_ferhonox_live-cell_dye,FeRhoNox,ALG12,ELAVL1,21,0.5552810763688478,all KO rows in frozen KO-cluster order
fe2+_ferhonox_live-cell_dye,FeRhoNox,ALG12,AP1S1,22,0.8907683898025902,all KO rows in frozen KO-cluster order
fe2+_ferhonox_live-cell_dye,FeRhoNox,ALG12,UFSP2,23,0.6831687718765198,all KO rows in frozen KO-cluster order
fe2+_ferhonox_live-cell_dye,FeRhoNox,ALG12,SALL3,24,0.5812427872155675,all KO rows in frozen KO-cluster order
fe2+_ferhonox_live-cell_dye,FeRhoNox,ALG12,RNF41,25,0.7623778195133175,all KO rows in frozen KO-cluster order
fe2+_ferhonox_live-cell_dye,FeRhoNox,ALG12,PXN,26,0.88705006460902,all KO rows in frozen KO-cluster order
fe2+_ferhonox_live-cell_dye,FeRhoNox,ALG12,NUP37,27,0.8793133187799174,all KO rows in frozen KO-cluster order
fe2+_ferhonox_live-cell_dye,FeRhoNox,ALG12,DENR,28,0.724286343332685,all KO rows in frozen KO-cluster order
fe2+_ferhonox_live-cell_dye,FeRhoNox,ALG12,PKMYT1,29,0.734722416556153,all KO rows in frozen KO-cluster order
fe2+_ferhonox_live-cell_dye,FeRhoNox,ALG12,ADAMTS4,30,0.771983949315564,all KO rows in frozen KO-cluster order
fe2+_ferhonox_live-cell_dye,FeRhoNox,ALG12,PCID2,31,1.0148010790985025,all KO rows in frozen KO-cluster order
fe2+_ferhonox_live-cell_dye,FeRhoNox,ALG12,CPSF2,32,0.7891416757782191,all KO rows in frozen KO-cluster order
fe2+_ferhonox_live-cell_dye,FeRhoNox,ALG12,CIAO1,33,0.5614072418646895,all KO rows in frozen KO-cluster order
fe2+_ferhonox_live-cell_dye,FeRhoNox,ALG12,COA5,34,0.62010973212215,all KO rows in frozen KO-cluster order
fe2+_ferhonox_live-cell_dye,FeRhoNox,ALG12,METTL7B,35,0.9288895236233703,all KO rows in frozen KO-cluster order
fe2+_ferhonox_live-cell_dye,FeRhoNox,ALG12,TERF1,36,0.8240081890900408,all KO rows in frozen KO-cluster order
fe2+_ferhonox_live-cell_dye,FeRhoNox,ALG12,PHF23,37,0.97864914874095,all KO rows in frozen KO-cluster order
fe2+_ferhonox_live-cell_dye,FeRhoNox,ALG12,NOL7,38,0.6639491462988334,all KO rows in frozen KO-cluster order
fe2+_ferhonox_live-cell_dye,FeRhoNox,ALG12,PUF60,39,1.1433138801360632,all KO rows in frozen KO-cluster order
fe2+_ferhonox_live-cell_dye,FeRhoNox,ALG12,SEC22A,40,0.644271203522307,all KO rows in frozen KO-cluster order
fe2+_ferhonox_live-cell_dye,FeRhoNox,ALG12,IDH3A,41,0.6980029268708785,all KO rows in frozen KO-cluster order
fe2+_ferhonox_live-cell_dye,FeRhoNox,ALG12,PPAT,42,0.6383201114607967,all KO rows in frozen KO-cluster order
fe2+_ferhonox_live-cell_dye,FeRhoNox,ALG12,CHMP7,43,0.9920512685108293,all KO rows in frozen KO-cluster order
fe2+_ferhonox_live-cell_dye,FeRhoNox,ALG12,EMC1,44,1.1842021917534713,all KO rows in frozen KO-cluster order
fe2+_ferhonox_live-cell_dye,FeRhoNox,ALG12,ILF3,45,1.0969420820768863,all KO rows in frozen KO-cluster order
fe2+_ferhonox_live-cell_dye,FeRhoNox,ALG12,CENPW,46,0.9587638767159553,all KO rows in frozen KO-cluster order
fe2+_ferhonox_live-cell_dye,FeRhoNox,ALG12,SNAPC2,47,0.8738845916093655,all KO rows in frozen KO-cluster order
fe2+_ferhonox_live-cell_dye,FeRhoNox,ALG12,RFWD3,48,0.9739492320399109,all KO rows in frozen KO-cluster order
fe2+_ferhonox_live-cell_dye,FeRhoNox,ALG12,CHMP6,49,1.5919010361184152,all KO rows in frozen KO-cluster order
fe2+_ferhonox_live-cell_dye,FeRhoNox,ALG12,TSR1,50,1.4379424180465121,all KO rows in frozen KO-cluster order
fe2+_ferhonox_live-cell_dye,FeRhoNox,ALG12,PRCC,51,0.9016830346629003,all KO rows in frozen KO-cluster order
fe2+_ferhonox_live-cell_dye,FeRhoNox,ALG12,GMPPB,52,0.988338005017083,all KO rows in frozen KO-cluster order
fe2+_ferhonox_live-cell_dye,FeRhoNox,ALG12,COX11,53,0.6670408477839399,all KO rows in frozen KO-cluster order
fe2+_ferhonox_live-cell_dye,FeRhoNox,ALG12,AP2A1,54,0.893270126560912,all KO rows in frozen KO-cluster order
fe2+_ferhonox_live-cell_dye,FeRhoNox,ALG12,CACNB1,55,0.7802380068352487,all KO rows in frozen KO-cluster order
fe2+_ferhonox_live-cell_dye,FeRhoNox,ALG12,HSPD1,56,1.431867805740316,all KO rows in frozen KO-cluster order
fe2+_ferhonox_live-cell_dye,FeRhoNox,ALG12,SKAP1,57,1.0326743997263996,all KO rows in frozen KO-cluster order
fe2+_ferhonox_live-cell_dye,FeRhoNox,ALG12,LIMD2,58,0.8579665117881269,all KO rows in frozen KO-cluster order
fe2+_ferhonox_live-cell_dye,FeRhoNox,ALG12,UBN1,59,0.686211262603064,all KO rows in frozen KO-cluster order
fe2+_ferhonox_live-cell_dye,FeRhoNox,ALG12,HOXB2,60,0.7000610197592091,all KO rows in frozen KO-cluster order
fe2+_ferhonox_live-cell_dye,FeRhoNox,ALG12,RAP1GAP2,61,0.8612299878942604,all KO rows in frozen KO-cluster order
fe2+_ferhonox_live-cell_dye,FeRhoNox,ALG12,SLC38A2,62,0.9801370735241897,all KO rows in frozen KO-cluster order
fe2+_ferhonox_live-cell_dye,FeRhoNox,ALG12,OSBPL7,63,1.0663019666900528,all KO rows in frozen KO-cluster order
fe2+_ferhonox_live-cell_dye,FeRhoNox,ALG12,CENPA,64,1.0587342174445924,all KO rows in frozen KO-cluster order
fe2+_ferhonox_live-cell_dye,FeRhoNox,ALG12,TOR2A,65,0.9436375813248191,all KO rows in frozen KO-cluster order
fe2+_ferhonox_live-cell_dye,FeRhoNox,ALG12,PEX19,66,0.9502194107557254,all KO rows in frozen KO-cluster order
fe2+_ferhonox_live-cell_dye,FeRhoNox,ALG12,LAMTOR2,67,0.6824530023658093,all KO rows in frozen KO-cluster order
fe2+_ferhonox_live-cell_dye,FeRhoNox,ALG12,CHTF8,68,0.5119873809326104,all KO rows in frozen KO-cluster order
fe2+_ferhonox_live-cell_dye,FeRhoNox,ALG12,F2,69,0.7392104987140454,all KO rows in frozen KO-cluster order
fe2+_ferhonox_live-cell_dye,FeRhoNox,ALG12,SOCS1,70,0.96149982697138,all KO rows in frozen KO-cluster order
fe2+_ferhonox_live-cell_dye,FeRhoNox,ALG12,GARS,71,0.7538697253987916,all KO rows in frozen KO-cluster order
fe2+_ferhonox_live-cell_dye,FeRhoNox,ALG12,MSH3,72,0.7339791383093307,all KO rows in frozen KO-cluster order
fe2+_ferhonox_live-cell_dye,FeRhoNox,ALG12,PLOD3,73,0.5153475322774501,all KO rows in frozen KO-cluster order
fe2+_ferhonox_live-cell_dye,FeRhoNox,ALG12,TRAPPC4,74,0.7187080415743604,all KO rows in frozen KO-cluster order
fe2+_ferhonox_live-cell_dye,FeRhoNox,ALG12,MRPL39,75,0.9634392968232068,all KO rows in frozen KO-cluster order
fe2+_ferhonox_live-cell_dye,FeRhoNox,ALG12,PTPRH,76,0.7647600215058504,all KO rows in frozen KO-cluster order
fe2+_ferhonox_live-cell_dye,FeRhoNox,ALG12,TM7SF3,77,0.629790603354648,all KO rows in frozen KO-cluster order
fe2+_ferhonox_live-cell_dye,FeRhoNox,ALG12,FOXK1,78,0.9474930487898384,all KO rows in frozen KO-cluster order
fe2+_ferhonox_live-cell_dye,FeRhoNox,ALG12,SLC2A1,79,0.9602642867908835,all KO rows in frozen KO-cluster order
fe2+_ferhonox_live-cell_dye,FeRhoNox,ALG12,TRPC1,80,0.7926239547885271,all KO rows in frozen KO-cluster order
fe2+_ferhonox_live-cell_dye,FeRhoNox,ALG12,IMPDH2,81,0.730939322727722,all KO rows in frozen KO-cluster order
fe2+_ferhonox_live-cell_dye,FeRhoNox,ALG12,WBP4,82,0.7498110047607458,all KO rows in frozen KO-cluster order
fe2+_ferhonox_live-cell_dye,FeRhoNox,ALG12,CALM3,83,0.7549536151670225,all KO rows in frozen KO-cluster order
fe2+_ferhonox_live-cell_dye,FeRhoNox,ALG12,RAB5C,84,1.2330406910263954,all KO rows in frozen KO-cluster order
fe2+_ferhonox_live-cell_dye,FeRhoNox,ALG12,GRB2,85,1.555526119350599,all KO rows in frozen KO-cluster order
fe2+_ferhonox_live-cell_dye,FeRhoNox,ALG12,AP2M1,86,1.5152638320390333,all KO rows in frozen KO-cluster order
fe2+_ferhonox_live-cell_dye,FeRhoNox,ALG12,DHX30,87,1.0213665387879918,all KO rows in frozen KO-cluster order
fe2+_ferhonox_live-cell_dye,FeRhoNox,ALG12,NCOA4,88,0.8842347960799694,all KO rows in frozen KO-cluster order
fe2+_ferhonox_live-cell_dye,FeRhoNox,ALG12,CTU1,89,1.1436185316089529,all KO rows in frozen KO-cluster order
fe2+_ferhonox_live-cell_dye,FeRhoNox,ALG12,UBE2N,90,0.8085544967290594,all KO rows in frozen KO-cluster order
fe2+_ferhonox_live-cell_dye,FeRhoNox,ALG12,ADSS,91,0.8864549349324672,all KO rows in frozen KO-cluster order
fe2+_ferhonox_live-cell_dye,FeRhoNox,ALG12,TSEN2,92,0.7527505669017437,all KO rows in frozen KO-cluster order
fe2+_ferhonox_live-cell_dye,FeRhoNox,ALG12,ATXN10,93,0.9992034407868862,all KO rows in frozen KO-cluster order
fe2+_ferhonox_live-cell_dye,FeRhoNox,ALG12,SRSF8,94,0.7190254754307907,all KO rows in frozen KO-cluster order
fe2+_ferhonox_live-cell_dye,FeRhoNox,ALG12,RABGGTB,95,0.8891044946030138,all KO rows in frozen KO-cluster order
fe2+_ferhonox_live-cell_dye,FeRhoNox,ALG12,B4GALT5,96,0.7591568292191594,all KO rows in frozen KO-cluster order
fe2+_ferhonox_live-cell_dye,FeRhoNox,ALG12,COG6,97,0.7341982676874547,all KO rows in frozen KO-cluster order
fe2+_ferhonox_live-cell_dye,FeRhoNox,ALG12,KCNG1,98,0.6807942704649202,all KO rows in frozen KO-cluster order
fe2+_ferhonox_live-cell_dye,FeRhoNox,ALG12,SLC4A1,99,0.6857498616800393,all KO rows in frozen KO-cluster order
fe2+_ferhonox_live-cell_dye,FeRhoNox,ALG12,CHMP4C,100,0.7054728556815667,all KO rows in frozen KO-cluster order
fe2+_ferhonox_live-cell_dye,FeRhoNox,ALG12,RAB14,101,0.8156250348226569,all KO rows in frozen KO-cluster order
fe2+_ferhonox_live-cell_dye,FeRhoNox,ALG12,COQ7,102,0.6983289101306558,all KO rows in frozen KO-cluster order
fe2+_ferhonox_live-cell_dye,FeRhoNox,ALG12,CA13,103,0.5875644332963997,all KO rows in frozen KO-cluster order
fe2+_ferhonox_live-cell_dye,FeRhoNox,ALG12,TMED4,104,0.8606055292328749,all KO rows in frozen KO-cluster order
fe2+_ferhonox_live-cell_dye,FeRhoNox,ALG12,RICTOR,105,0.8557637066025509,all KO rows in frozen KO-cluster order
fe2+_ferhonox_live-cell_dye,FeRhoNox,ALG12,FAM83H,106,0.5873241123779587,all KO rows in frozen KO-cluster order
fe2+_ferhonox_live-cell_dye,FeRhoNox,ALG12,SH3GL1,107,0.8070646595216161,all KO rows in frozen KO-cluster order
fe2+_ferhonox_live-cell_dye,FeRhoNox,ALG12,RBM14,108,0.8921838113694279,all KO rows in frozen KO-cluster order
fe2+_ferhonox_live-cell_dye,FeRhoNox,ALG12,UHRF1,109,0.8805473029385467,all KO rows in frozen KO-cluster order
fe2+_ferhonox_live-cell_dye,FeRhoNox,ALG12,KCTD16,110,0.6515715560248686,all KO rows in frozen KO-cluster order
fe2+_ferhonox_live-cell_dye,FeRhoNox,ALG12,CHST12,111,0.666208781264513,all KO rows in frozen KO-cluster order
fe2+_ferhonox_live-cell_dye,FeRhoNox,ALG12,SNRPB2,112,1.0356721068860177,all KO rows in frozen KO-cluster order
fe2+_ferhonox_live-cell_dye,FeRhoNox,ALG12,DUT,113,0.888555733148372,all KO rows in frozen KO-cluster order
fe2+_ferhonox_live-cell_dye,FeRhoNox,ALG12,INTS2,114,0.9174852514020884,all KO rows in frozen KO-cluster order
fe2+_ferhonox_live-cell_dye,FeRhoNox,ALG12,CCNB1,115,0.7952890648511791,all KO rows in frozen KO-cluster order
fe2+_ferhonox_live-cell_dye,FeRhoNox,ALG12,USP36,116,0.6040893958781709,all KO rows in frozen KO-cluster order
fe2+_ferhonox_live-cell_dye,FeRhoNox,ALG12,TAS2R40,117,0.816365960065203,all KO rows in frozen KO-cluster order
fe2+_ferhonox_live-cell_dye,FeRhoNox,ALG12,KRT10,118,1.0003260111962933,all KO rows in frozen KO-cluster order
fe2+_ferhonox_live-cell_dye,FeRhoNox,ALG12,RPS6KA4,119,0.6669094964913114,all KO rows in frozen KO-cluster order
fe2+_ferhonox_live-cell_dye,FeRhoNox,ALG12,THRA,120,0.7359660502197717,all KO rows in frozen KO-cluster order
fe2+_ferhonox_live-cell_dye,FeRhoNox,ALG12,MCTS1,121,0.5862082363206249,all KO rows in frozen KO-cluster order
fe2+_ferhonox_live-cell_dye,FeRhoNox,ALG12,EXOC7,122,0.5781215575069897,all KO rows in frozen KO-cluster order
fe2+_ferhonox_live-cell_dye,FeRhoNox,ALG12,KIF14,123,0.6575803193197344,all KO rows in frozen KO-cluster order
fe2+_ferhonox_live-cell_dye,FeRhoNox,ALG12,CD9,124,0.5782494631940847,all KO rows in frozen KO-cluster order
fe2+_ferhonox_live-cell_dye,FeRhoNox,ALG12,NMT1,125,0.8443155039335337,all KO rows in frozen KO-cluster order
fe2+_ferhonox_live-cell_dye,FeRhoNox,ALG12,CEP135,126,0.6727130036288084,all KO rows in frozen KO-cluster order
fe2+_ferhonox_live-cell_dye,FeRhoNox,ALG12,PAICS,127,0.7284689890737093,all KO rows in frozen KO-cluster order
fe2+_ferhonox_live-cell_dye,FeRhoNox,ALG12,TEFM,128,1.0764045272387313,all KO rows in frozen KO-cluster order
fe2+_ferhonox_live-cell_dye,FeRhoNox,ALG12,ANP32B,129,0.6784851420782082,all KO rows in frozen KO-cluster order
fe2+_ferhonox_live-cell_dye,FeRhoNox,ALG12,NEK1,130,0.7381825273086262,all KO rows in frozen KO-cluster order
fe2+_ferhonox_live-cell_dye,FeRhoNox,ALG12,MAX,131,0.950442793318675,all KO rows in frozen KO-cluster order
fe2+_ferhonox_live-cell_dye,FeRhoNox,ALG12,B3GAT3,132,0.656951623694851,all KO rows in frozen KO-cluster order
fe2+_ferhonox_live-cell_dye,FeRhoNox,ALG12,TFIP11,133,0.6935722939363338,all KO rows in frozen KO-cluster order
fe2+_ferhonox_live-cell_dye,FeRhoNox,ALG12,MOB4,134,1.0384419498927875,all KO rows in frozen KO-cluster order
fe2+_ferhonox_live-cell_dye,FeRhoNox,ALG12,THOC3,135,0.7195286137716725,all KO rows in frozen KO-cluster order
fe2+_ferhonox_live-cell_dye,FeRhoNox,ALG12,RBM22,136,1.354094836595462,all KO rows in frozen KO-cluster order
fe2+_ferhonox_live-cell_dye,FeRhoNox,ALG12,POLR2E,137,0.7858808202346123,all KO rows in frozen KO-cluster order
fe2+_ferhonox_live-cell_dye,FeRhoNox,ALG12,PTDSS1,138,0.7185996775787965,all KO rows in frozen KO-cluster order
fe2+_ferhonox_live-cell_dye,FeRhoNox,ALG12,NR2E1,139,0.7876658669942724,all KO rows in frozen KO-cluster order
fe2+_ferhonox_live-cell_dye,FeRhoNox,ALG12,USP18,140,0.6404477009932236,all KO rows in frozen KO-cluster order
fe2+_ferhonox_live-cell_dye,FeRhoNox,ALG12,GLB1,141,0.7450903028241544,all KO rows in frozen KO-cluster order
fe2+_ferhonox_live-cell_dye,FeRhoNox,ALG12,GGTLC2,142,0.7471678293356592,all KO rows in frozen KO-cluster order
fe2+_ferhonox_live-cell_dye,FeRhoNox,ALG12,KANSL1,143,1.1956579703325856,all KO rows in frozen KO-cluster order
fe2+_ferhonox_live-cell_dye,FeRhoNox,ALG12,SF3B5,144,1.3532793820464304,all KO rows in frozen KO-cluster order
fe2+_ferhonox_live-cell_dye,FeRhoNox,ALG12,SF3B3,145,1.8879285693241337,all KO rows in frozen KO-cluster order
fe2+_ferhonox_live-cell_dye,FeRhoNox,ALG12,LARS,146,0.8871902406969988,all KO rows in frozen KO-cluster order
fe2+_ferhonox_live-cell_dye,FeRhoNox,ALG12,RPLP1,147,1.2123438048658655,all KO rows in frozen KO-cluster order
fe2+_ferhonox_live-cell_dye,FeRhoNox,ALG12,CENPH,148,0.737860465355202,all KO rows in frozen KO-cluster order
fe2+_ferhonox_live-cell_dye,FeRhoNox,ALG12,PPP2CA,149,1.0014961602888945,all KO rows in frozen KO-cluster order
fe2+_ferhonox_live-cell_dye,FeRhoNox,ALG12,PDCD7,150,0.9731517957805067,all KO rows in frozen KO-cluster order
fe2+_ferhonox_live-cell_dye,FeRhoNox,ALG12,DHX9,151,1.0842094088730854,all KO rows in frozen KO-cluster order
fe2+_ferhonox_live-cell_dye,FeRhoNox,ALG12,UBR4,152,0.872841940257267,all KO rows in frozen KO-cluster order
fe2+_ferhonox_live-cell_dye,FeRhoNox,ALG12,MARS,153,1.069377440925131,all KO rows in frozen KO-cluster order
fe2+_ferhonox_live-cell_dye,FeRhoNox,ALG12,WDR73,154,0.9404785844454499,all KO rows in frozen KO-cluster order
fe2+_ferhonox_live-cell_dye,FeRhoNox,ALG12,COX7C,155,0.7875187864403039,all KO rows in frozen KO-cluster order
fe2+_ferhonox_live-cell_dye,FeRhoNox,ALG12,STAT5B,156,1.0890403438049716,all KO rows in frozen KO-cluster order
fe2+_ferhonox_live-cell_dye,FeRhoNox,ALG12,SNRNP70,157,1.1444300797579101,all KO rows in frozen KO-cluster order
fe2+_ferhonox_live-cell_dye,FeRhoNox,ALG12,GINS2,158,1.0282054017904565,all KO rows in frozen KO-cluster order
fe2+_ferhonox_live-cell_dye,FeRhoNox,ALG12,INTS11,159,1.2355827537020212,all KO rows in frozen KO-cluster order
fe2+_ferhonox_live-cell_dye,FeRhoNox,ALG12,CD2BP2,160,0.7570180458454375,all KO rows in frozen KO-cluster order
fe2+_ferhonox_live-cell_dye,FeRhoNox,ALG12,HSF1,161,0.8658905913520198,all KO rows in frozen KO-cluster order
fe2+_ferhonox_live-cell_dye,FeRhoNox,ALG12,POLE2,162,1.4751675496695789,all KO rows in frozen KO-cluster order
fe2+_ferhonox_live-cell_dye,FeRhoNox,ALG12,RPTOR,163,1.3249005455703446,all KO rows in frozen KO-cluster order
fe2+_ferhonox_live-cell_dye,FeRhoNox,ALG12,EXOSC8,164,1.1009683464876536,all KO rows in frozen KO-cluster order
fe2+_ferhonox_live-cell_dye,FeRhoNox,ALG12,COMMD4,165,0.6311449015655253,all KO rows in frozen KO-cluster order
fe2+_ferhonox_live-cell_dye,FeRhoNox,ALG12,ARHGAP22,166,0.723932601497336,all KO rows in frozen KO-cluster order
fe2+_ferhonox_live-cell_dye,FeRhoNox,ALG12,VAMP2,167,0.8282493182734673,all KO rows in frozen KO-cluster order
fe2+_ferhonox_live-cell_dye,FeRhoNox,ALG12,HMGB3,168,0.5824983411092198,all KO rows in frozen KO-cluster order
fe2+_ferhonox_live-cell_dye,FeRhoNox,ALG12,DMRTC2,169,1.2088920041567148,all KO rows in frozen KO-cluster order
fe2+_ferhonox_live-cell_dye,FeRhoNox,ALG12,VPS26A,170,0.7264957214780421,all KO rows in frozen KO-cluster order
fe2+_ferhonox_live-cell_dye,FeRhoNox,ALG12,COMTD1,171,0.8878932700360285,all KO rows in frozen KO-cluster order
fe2+_ferhonox_live-cell_dye,FeRhoNox,ALG12,AP3M2,172,0.9451670811161602,all KO rows in frozen KO-cluster order
fe2+_ferhonox_live-cell_dye,FeRhoNox,ALG12,COX14,173,1.0795978514545652,all KO rows in frozen KO-cluster order
fe2+_ferhonox_live-cell_dye,FeRhoNox,ALG12,ATP6V0A1,174,1.1853588089304712,all KO rows in frozen KO-cluster order
fe2+_ferhonox_live-cell_dye,FeRhoNox,ALG12,CDC5L,175,1.0703707540377485,all KO rows in frozen KO-cluster order
fe2+_ferhonox_live-cell_dye,FeRhoNox,ALG12,CHMP1A,176,0.8511925865748338,all KO rows in frozen KO-cluster order
fe2+_ferhonox_live-cell_dye,FeRhoNox,ALG12,DDX52,177,0.9697103194040045,all KO rows in frozen KO-cluster order
fe2+_ferhonox_live-cell_dye,FeRhoNox,ALG12,MRPL42,178,0.9519201053010274,all KO rows in frozen KO-cluster order
fe2+_ferhonox_live-cell_dye,FeRhoNox,ALG12,EIF2B2,179,0.74650442926905,all KO rows in frozen KO-cluster order
fe2+_ferhonox_live-cell_dye,FeRhoNox,ALG12,ARPP19,180,0.7764246420223065,all KO rows in frozen KO-cluster order
fe2+_ferhonox_live-cell_dye,FeRhoNox,ALG12,RAE1,181,1.345343865778691,all KO rows in frozen KO-cluster order
fe2+_ferhonox_live-cell_dye,FeRhoNox,ALG12,KRTAP2-3,182,1.0910016815031685,all KO rows in frozen KO-cluster order
fe2+_ferhonox_live-cell_dye,FeRhoNox,ALG12,PUM1,183,0.954719554354379,all KO rows in frozen KO-cluster order
fe2+_ferhonox_live-cell_dye,FeRhoNox,ALG12,GPS1,184,1.7464464359267788,all KO rows in frozen KO-cluster order
fe2+_ferhonox_live-cell_dye,FeRhoNox,ALG12,COPS8,185,0.8020328069347904,all KO rows in frozen KO-cluster order
fe2+_ferhonox_live-cell_dye,FeRhoNox,ALG12,PIAS1,186,1.201326932037236,all KO rows in frozen KO-cluster order
fe2+_ferhonox_live-cell_dye,FeRhoNox,ALG12,CTSG,187,0.9982628389673919,all KO rows in frozen KO-cluster order
fe2+_ferhonox_live-cell_dye,FeRhoNox,ALG12,NOLC1,188,1.089569997521505,all KO rows in frozen KO-cluster order
fe2+_ferhonox_live-cell_dye,FeRhoNox,ALG12,EIF6,189,1.644114276542988,all KO rows in frozen KO-cluster order
fe2+_ferhonox_live-cell_dye,FeRhoNox,ALG12,VPS29,190,0.9796097114773111,all KO rows in frozen KO-cluster order
fe2+_ferhonox_live-cell_dye,FeRhoNox,ALG12,NOL10,191,1.0996699996526285,all KO rows in frozen KO-cluster order
fe2+_ferhonox_live-cell_dye,FeRhoNox,ALG12,RCL1,192,1.1950097896840672,all KO rows in frozen KO-cluster order
fe2+_ferhonox_live-cell_dye,FeRhoNox,ALG12,C12orf45,193,1.0582752556245634,all KO rows in frozen KO-cluster order
fe2+_ferhonox_live-cell_dye,FeRhoNox,ALG12,AATF,194,0.7618081886647055,all KO rows in frozen KO-cluster order
fe2+_ferhonox_live-cell_dye,FeRhoNox,ALG12,INO80D,195,0.7092491691515572,all KO rows in frozen KO-cluster order
fe2+_ferhonox_live-cell_dye,FeRhoNox,ALG12,URB2,196,0.5834271367991158,all KO rows in frozen KO-cluster order
fe2+_ferhonox_live-cell_dye,FeRhoNox,ALG12,MED21,197,1.3360728063601992,all KO rows in frozen KO-cluster order
fe2+_ferhonox_live-cell_dye,FeRhoNox,ALG12,MED6,198,1.8051842641619797,all KO rows in frozen KO-cluster order
fe2+_ferhonox_live-cell_dye,FeRhoNox,ALG12,MED18,199,1.272898140444989,all KO rows in frozen KO-cluster order
fe2+_ferhonox_live-cell_dye,FeRhoNox,ALG12,CNOT1,200,0.9457661326437031,all KO rows in frozen KO-cluster order
fe2+_ferhonox_live-cell_dye,FeRhoNox,ALG12,SNRNP200,201,1.4983452210663473,all KO rows in frozen KO-cluster order
fe2+_ferhonox_live-cell_dye,FeRhoNox,ALG12,FTSJ3,202,0.7416153618289789,all KO rows in frozen KO-cluster order
fe2+_ferhonox_live-cell_dye,FeRhoNox,ALG12,PSMB6,203,1.0984856093540534,all KO rows in frozen KO-cluster order
fe2+_ferhonox_live-cell_dye,FeRhoNox,ALG12,CEP85,204,1.3657508037751591,all KO rows in frozen KO-cluster order
fe2+_ferhonox_live-cell_dye,FeRhoNox,ALG12,AGAP9,205,1.987649154059236,all KO rows in frozen KO-cluster order
fe2+_ferhonox_live-cell_dye,FeRhoNox,ALG12,CDC27,206,1.3258519397036044,all KO rows in frozen KO-cluster order
fe2+_ferhonox_live-cell_dye,FeRhoNox,ALG12,CNOT2,207,1.0606470278377576,all KO rows in frozen KO-cluster order
fe2+_ferhonox_live-cell_dye,FeRhoNox,ALG12,TBC1D3G,208,1.7981605945228316,all KO rows in frozen KO-cluster order
fe2+_ferhonox_live-cell_dye,FeRhoNox,ALG12,PLGLB2,209,1.3620904734245483,all KO rows in frozen KO-cluster order
fe2+_ferhonox_live-cell_dye,FeRhoNox,ALG12,POLA2,210,2.092825795428051,all KO rows in frozen KO-cluster order
fe2+_ferhonox_live-cell_dye,FeRhoNox,ALG12,RPS25,211,2.243686947415422,all KO rows in frozen KO-cluster order
fe2+_ferhonox_live-cell_dye,FeRhoNox,ALG12,GOLGA6L1,212,2.202153431689685,all KO rows in frozen KO-cluster order
fe2+_ferhonox_live-cell_dye,FeRhoNox,ALG12,RSL24D1,213,2.2733370417428382,all KO rows in frozen KO-cluster order
fe2+_ferhonox_live-cell_dye,FeRhoNox,ALG12,NSA2,214,2.164229866631419,all KO rows in frozen KO-cluster order
fe2+_ferhonox_live-cell_dye,FeRhoNox,ALG12,RBBP8,215,2.1424834796033165,all KO rows in frozen KO-cluster order
fe2+_ferhonox_live-cell_dye,FeRhoNox,ALG12,NOL6,216,1.4736582512252596,all KO rows in frozen KO-cluster order
fe2+_ferhonox_live-cell_dye,FeRhoNox,ALG12,TRIM43,217,2.154240042414922,all KO rows in frozen KO-cluster order
fe2+_ferhonox_live-cell_dye,FeRhoNox,ALG12,BTF3L4,218,1.6782527460919585,all KO rows in frozen KO-cluster order
fe2+_ferhonox_live-cell_dye,FeRhoNox,ALG12,FOXD4L5,219,1.8947191360651419,all KO rows in frozen KO-cluster order
fe2+_ferhonox_live-cell_dye,FeRhoNox,ALG12,CBWD1,220,2.2263945715609,all KO rows in frozen KO-cluster order
fe2+_ferhonox_live-cell_dye,FeRhoNox,ALG12,AQP7,221,2.0094858636574076,all KO rows in frozen KO-cluster order
fe2+_ferhonox_live-cell_dye,FeRhoNox,ALG12,C2orf27B,222,2.2962657539551063,all KO rows in frozen KO-cluster order
fe2+_ferhonox_live-cell_dye,FeRhoNox,ALG12,KRT18,223,2.295798388099969,all KO rows in frozen KO-cluster order
fe2+_ferhonox_live-cell_dye,FeRhoNox,ALG12,CBWD3,224,2.1683120463204975,all KO rows in frozen KO-cluster order
fe2+_ferhonox_live-cell_dye,FeRhoNox,ALG12,SPRR2A,225,2.1074618873193867,all KO rows in frozen KO-cluster order
fe2+_ferhonox_live-cell_dye,FeRhoNox,ALG12,USP17L5,226,2.27553125131669,all KO rows in frozen KO-cluster order
fe2+_ferhonox_live-cell_dye,FeRhoNox,ALG12,GOLGA8K,227,2.4369524332752857,all KO rows in frozen KO-cluster order
fe2+_ferhonox_live-cell_dye,FeRhoNox,ALG12,KIF23,228,2.3641015794466687,all KO rows in frozen KO-cluster order
fe2+_ferhonox_live-cell_dye,FeRhoNox,ALG12,AURKB,229,2.2407950655617404,all KO rows in frozen KO-cluster order
fe2+_ferhonox_live-cell_dye,FeRhoNox,ALG12,CDC45,230,2.372158616798509,all KO rows in frozen KO-cluster order
fe2+_ferhonox_live-cell_dye,FeRhoNox,ALG12,NBPF15,231,2.393035370216848,all KO rows in frozen KO-cluster order
fe2+_ferhonox_live-cell_dye,FeRhoNox,ALG12,PSMD4,232,2.2818688998962173,all KO rows in frozen KO-cluster order
fe2+_ferhonox_live-cell_dye,FeRhoNox,ALG12,SPATA31A3,233,1.6668912831891762,all KO rows in frozen KO-cluster order
fe2+_ferhonox_live-cell_dye,FeRhoNox,ALG12,TUBB8,234,2.045583415918504,all KO rows in frozen KO-cluster order
fe2+_ferhonox_live-cell_dye,FeRhoNox,ALG12,TBC1D3B,235,2.2043624750936726,all KO rows in frozen KO-cluster order
fe2+_ferhonox_live-cell_dye,FeRhoNox,ALG12,INCENP,236,2.1925519325385165,all KO rows in frozen KO-cluster order
fe2+_ferhonox_live-cell_dye,FeRhoNox,ALG12,ORC6,237,1.9688003498095277,all KO rows in frozen KO-cluster order
fe2+_ferhonox_live-cell_dye,FeRhoNox,ALG12,FOXD4L1,238,2.0808879520195434,all KO rows in frozen KO-cluster order
fe2+_ferhonox_live-cell_dye,FeRhoNox,ALG12,ELOC,239,1.919968661938842,all KO rows in frozen KO-cluster order
fe2+_ferhonox_live-cell_dye,FeRhoNox,ALG12,CBWD2,240,1.7913512540529686,all KO rows in frozen KO-cluster order
fe2+_ferhonox_live-cell_dye,FeRhoNox,ALG12,VTI1B,241,1.7454427616463914,all KO rows in frozen KO-cluster order
fe2+_ferhonox_live-cell_dye,FeRhoNox,ALG12,SNRPD1,242,2.2399351871721196,all KO rows in frozen KO-cluster order
fe2+_ferhonox_live-cell_dye,FeRhoNox,ALG12,SNRPG,243,2.511526880460361,all KO rows in frozen KO-cluster order
fe2+_ferhonox_live-cell_dye,FeRhoNox,ALG12,AGAP4,244,2.298811296966885,all KO rows in frozen KO-cluster order
fe2+_ferhonox_live-cell_dye,FeRhoNox,ALG12,SNRPD2,245,2.066258468265712,all KO rows in frozen KO-cluster order
fe2+_ferhonox_live-cell_dye,FeRhoNox,ALG12,SNRPC,246,1.5946324392938307,all KO rows in frozen KO-cluster order
fe2+_ferhonox_live-cell_dye,FeRhoNox,ALG12,FCGR1A,247,1.2816534352331241,all KO rows in frozen KO-cluster order
fe2+_ferhonox_live-cell_dye,FeRhoNox,ALG12,GTPBP4,248,2.029185685780498,all KO rows in frozen KO-cluster order
fe2+_ferhonox_live-cell_dye,FeRhoNox,ALG12,BMS1,249,1.8970307631763417,all KO rows in frozen KO-cluster order
fe2+_ferhonox_live-cell_dye,FeRhoNox,ALG12,WDR36,250,1.7228615620929768,all KO rows in frozen KO-cluster order
fe2+_ferhonox_live-cell_dye,FeRhoNox,ALG12,DDB1,251,1.894335511228091,all KO rows in frozen KO-cluster order
fe2+_ferhonox_live-cell_dye,FeRhoNox,ALG12,HAUS4,252,2.1132974753826996,all KO rows in frozen KO-cluster order
fe2+_ferhonox_live-cell_dye,FeRhoNox,ALG12,RPA2,253,1.980706310572129,all KO rows in frozen KO-cluster order
fe2+_ferhonox_live-cell_dye,FeRhoNox,ALG12,NOP56,254,2.150997669509005,all KO rows in frozen KO-cluster order
fe2+_ferhonox_live-cell_dye,FeRhoNox,ALG12,NLE1,255,1.656378140091008,all KO rows in frozen KO-cluster order
fe2+_ferhonox_live-cell_dye,FeRhoNox,ALG12,WDR12,256,1.4393287423738674,all KO rows in frozen KO-cluster order
fe2+_ferhonox_live-cell_dye,FeRhoNox,ALG12,LENG8,257,1.119900094851237,all KO rows in frozen KO-cluster order
fe2+_ferhonox_live-cell_dye,FeRhoNox,ALG12,CCND3,258,1.106396099116573,all KO rows in frozen KO-cluster order
fe2+_ferhonox_live-cell_dye,FeRhoNox,ALG12,PRIM1,259,1.4729814022660077,all KO rows in frozen KO-cluster order
fe2+_ferhonox_live-cell_dye,FeRhoNox,ALG12,HIST1H2AI,260,1.9893161729304745,all KO rows in frozen KO-cluster order
fe2+_ferhonox_live-cell_dye,FeRhoNox,ALG12,HIST2H3D,261,2.2566541713538486,all KO rows in frozen KO-cluster order
fe2+_ferhonox_live-cell_dye,FeRhoNox,ALG12,OTOP1,262,1.5746449593771061,all KO rows in frozen KO-cluster order
fe2+_ferhonox_live-cell_dye,FeRhoNox,ALG12,HAUS5,263,1.6347928731695147,all KO rows in frozen KO-cluster order
fe2+_ferhonox_live-cell_dye,FeRhoNox,ALG12,ZNF638,264,1.308080663405696,all KO rows in frozen KO-cluster order
fe2+_ferhonox_live-cell_dye,FeRhoNox,ALG12,PPIAL4D,265,1.497740499057803,all KO rows in frozen KO-cluster order
fe2+_ferhonox_live-cell_dye,FeRhoNox,ALG12,USP39,266,1.7301991523909412,all KO rows in frozen KO-cluster order
fe2+_ferhonox_live-cell_dye,FeRhoNox,ALG12,MCM7,267,1.5652695886576942,all KO rows in frozen KO-cluster order
fe2+_ferhonox_live-cell_dye,FeRhoNox,ALG12,LYPD2,268,1.4588383429304077,all KO rows in frozen KO-cluster order
fe2+_ferhonox_live-cell_dye,FeRhoNox,ALG12,SPATA31A5,269,1.677378142104598,all KO rows in frozen KO-cluster order
fe2+_ferhonox_live-cell_dye,FeRhoNox,ALG12,TONSL,270,1.9220241922499957,all KO rows in frozen KO-cluster order
fe2+_ferhonox_live-cell_dye,FeRhoNox,ALG12,TIMELESS,271,1.252194401809727,all KO rows in frozen KO-cluster order
fe2+_ferhonox_live-cell_dye,FeRhoNox,ALG12,LSM4,272,1.1993087646242198,all KO rows in frozen KO-cluster order
fe2+_ferhonox_live-cell_dye,FeRhoNox,ALG12,MFAP1,273,0.9695473726807821,all KO rows in frozen KO-cluster order
fe2+_ferhonox_live-cell_dye,FeRhoNox,ALG12,NUP214,274,1.1606284362829467,all KO rows in frozen KO-cluster order
fe2+_ferhonox_live-cell_dye,FeRhoNox,ALG12,CDK7,275,1.2288717949264345,all KO rows in frozen KO-cluster order
fe2+_ferhonox_live-cell_dye,FeRhoNox,ALG12,SPCS2,276,0.7388658865758397,all KO rows in frozen KO-cluster order
fe2+_ferhonox_live-cell_dye,FeRhoNox,ALG12,METTL7A,277,1.0973808787043173,all KO rows in frozen KO-cluster order
fe2+_ferhonox_live-cell_dye,FeRhoNox,ALG12,TIPIN,278,1.0978453407641782,all KO rows in frozen KO-cluster order
fe2+_ferhonox_live-cell_dye,FeRhoNox,ALG12,TUBA1A,279,0.929325845791665,all KO rows in frozen KO-cluster order
fe2+_ferhonox_live-cell_dye,FeRhoNox,ALG12,TBL3,280,1.1727172433345845,all KO rows in frozen KO-cluster order
fe2+_ferhonox_live-cell_dye,FeRhoNox,ALG12,PPY,281,1.155784829033148,all KO rows in frozen KO-cluster order
fe2+_ferhonox_live-cell_dye,FeRhoNox,ALG12,SLU7,282,1.351131473991495,all KO rows in frozen KO-cluster order
fe2+_ferhonox_live-cell_dye,FeRhoNox,ALG12,RBM42,283,0.9727130851061396,all KO rows in frozen KO-cluster order
fe2+_ferhonox_live-cell_dye,FeRhoNox,ALG12,PRPF6,284,1.1243783181773133,all KO rows in frozen KO-cluster order
fe2+_ferhonox_live-cell_dye,FeRhoNox,ALG12,EGFL7,285,0.8090316474863932,all KO rows in frozen KO-cluster order
fe2+_ferhonox_live-cell_dye,FeRhoNox,ALG12,ZC3H4,286,0.8787583818583631,all KO rows in frozen KO-cluster order
fe2+_ferhonox_live-cell_dye,FeRhoNox,ALG12,KRTAP4-2,287,1.5892881526070062,all KO rows in frozen KO-cluster order
fe2+_ferhonox_live-cell_dye,FeRhoNox,ALG12,KRTAP2-4,288,1.5827537712844564,all KO rows in frozen KO-cluster order
fe2+_ferhonox_live-cell_dye,FeRhoNox,ALG12,TWF1,289,1.8240394188369082,all KO rows in frozen KO-cluster order
fe2+_ferhonox_live-cell_dye,FeRhoNox,ALG12,HSPB9,290,1.046644755131509,all KO rows in frozen KO-cluster order
fe2+_ferhonox_live-cell_dye,FeRhoNox,ALG12,HNRNPH1,291,1.2820468273834167,all KO rows in frozen KO-cluster order
fe2+_ferhonox_live-cell_dye,FeRhoNox,ALG12,SKP2,292,1.5012016666431782,all KO rows in frozen KO-cluster order
fe2+_ferhonox_live-cell_dye,FeRhoNox,ALG12,KRAS,293,2.032119525964745,all KO rows in frozen KO-cluster order
fe2+_ferhonox_live-cell_dye,FeRhoNox,ALG12,LSM6,294,1.9089921449719978,all KO rows in frozen KO-cluster order
fe2+_ferhonox_live-cell_dye,FeRhoNox,ALG12,POP4,295,1.249624437027126,all KO rows in frozen KO-cluster order
fe2+_ferhonox_live-cell_dye,FeRhoNox,ALG12,AP2S1,296,1.1673816788596714,all KO rows in frozen KO-cluster order
fe2+_ferhonox_live-cell_dye,FeRhoNox,ALG12,BRD8,297,1.598112904649786,all KO rows in frozen KO-cluster order
fe2+_ferhonox_live-cell_dye,FeRhoNox,ALG12,BRCA1,298,1.2356377819391755,all KO rows in frozen KO-cluster order
fe2+_ferhonox_live-cell_dye,FeRhoNox,ALG12,NCAPG2,299,1.7543337733939257,all KO rows in frozen KO-cluster order
fe2+_ferhonox_live-cell_dye,FeRhoNox,ALG12,RHOQ,300,1.898447527080821,all KO rows in frozen KO-cluster order
fe2+_ferhonox_live-cell_dye,FeRhoNox,ALG12,GOLGA6D,301,2.1173748614534,all KO rows in frozen KO-cluster order
fe2+_ferhonox_live-cell_dye,FeRhoNox,ALG12,SMC2,302,1.630366662691885,all KO rows in frozen KO-cluster order
fe2+_ferhonox_live-cell_dye,FeRhoNox,ALG12,SMU1,303,2.3998143936345437,all KO rows in frozen KO-cluster order
fe2+_ferhonox_live-cell_dye,FeRhoNox,ALG12,PRPF4,304,1.3289147275881745,all KO rows in frozen KO-cluster order
fe2+_ferhonox_live-cell_dye,FeRhoNox,ALG12,LSM5,305,1.7425889657534943,all KO rows in frozen KO-cluster order
fe2+_ferhonox_live-cell_dye,FeRhoNox,ALG12,EFTUD2,306,2.054800349526602,all KO rows in frozen KO-cluster order
fe2+_ferhonox_live-cell_dye,FeRhoNox,ALG12,BUD31,307,2.374911068960077,all KO rows in frozen KO-cluster order
fe2+_ferhonox_live-cell_dye,FeRhoNox,ALG12,PEF1,308,1.3168116273387185,all KO rows in frozen KO-cluster order
fe2+_ferhonox_live-cell_dye,FeRhoNox,ALG12,GINS1,309,1.114086861050069,all KO rows in frozen KO-cluster order
fe2+_ferhonox_live-cell_dye,FeRhoNox,ALG12,CAPN12,310,1.3219557170672793,all KO rows in frozen KO-cluster order
fe2+_ferhonox_live-cell_dye,FeRhoNox,ALG12,SPHK2,311,0.9869314407257778,all KO rows in frozen KO-cluster order
fe2+_ferhonox_live-cell_dye,FeRhoNox,ALG12,PIGS,312,1.14094860505155,all KO rows in frozen KO-cluster order
fe2+_ferhonox_live-cell_dye,FeRhoNox,ALG12,EXOSC5,313,0.8987574693933319,all KO rows in frozen KO-cluster order
fe2+_ferhonox_live-cell_dye,FeRhoNox,ALG12,TELO2,314,0.798637493295977,all KO rows in frozen KO-cluster order
fe2+_ferhonox_live-cell_dye,FeRhoNox,ALG12,BEND3,315,0.916296968573442,all KO rows in frozen KO-cluster order
fe2+_ferhonox_live-cell_dye,FeRhoNox,ALG12,CHD4,316,1.4784675355641845,all KO rows in frozen KO-cluster order
fe2+_ferhonox_live-cell_dye,FeRhoNox,ALG12,SMARCD1,317,0.91596347868371,all KO rows in frozen KO-cluster order
fe2+_ferhonox_live-cell_dye,FeRhoNox,ALG12,TPT1,318,0.7707982109789535,all KO rows in frozen KO-cluster order
fe2+_ferhonox_live-cell_dye,FeRhoNox,ALG12,NOL8,319,0.7923456972585773,all KO rows in frozen KO-cluster order
fe2+_ferhonox_live-cell_dye,FeRhoNox,ALG12,PTEN,320,0.8667229763878432,all KO rows in frozen KO-cluster order
fe2+_ferhonox_live-cell_dye,FeRhoNox,ALG12,SPRR2B,321,1.2175939339727107,all KO rows in frozen KO-cluster order
fe2+_ferhonox_live-cell_dye,FeRhoNox,ALG12,XPO1,322,2.2196122558670233,all KO rows in frozen KO-cluster order
fe2+_ferhonox_live-cell_dye,FeRhoNox,ALG12,MTBP,323,2.015182893886904,all KO rows in frozen KO-cluster order
fe2+_ferhonox_live-cell_dye,FeRhoNox,ALG12,ECT2,324,2.030185176446239,all KO rows in frozen KO-cluster order
fe2+_ferhonox_live-cell_dye,FeRhoNox,ALG12,SNRPD3,325,1.9474878655665655,all KO rows in frozen KO-cluster order
fe2+_ferhonox_live-cell_dye,FeRhoNox,ALG12,COPS5,326,0.9434910286004561,all KO rows in frozen KO-cluster order
fe2+_ferhonox_live-cell_dye,FeRhoNox,ALG12,CEP55,327,0.8754041973864932,all KO rows in frozen KO-cluster order
fe2+_ferhonox_live-cell_dye,FeRhoNox,ALG12,TARDBP,328,0.7993292493457556,all KO rows in frozen KO-cluster order
fe2+_ferhonox_live-cell_dye,FeRhoNox,ALG12,ZNF574,329,0.7834065013776504,all KO rows in frozen KO-cluster order
fe2+_ferhonox_live-cell_dye,FeRhoNox,ALG12,CA5A,330,0.9192861332403843,all KO rows in frozen KO-cluster order
fe2+_ferhonox_live-cell_dye,FeRhoNox,ALG12,RPL41,331,1.1466902790173945,all KO rows in frozen KO-cluster order
fe2+_ferhonox_live-cell_dye,FeRhoNox,ALG12,COMMD5,332,1.3166021632561193,all KO rows in frozen KO-cluster order
fe2+_ferhonox_live-cell_dye,FeRhoNox,ALG12,NOP9,333,0.8388903713681294,all KO rows in frozen KO-cluster order
fe2+_ferhonox_live-cell_dye,FeRhoNox,ALG12,AMIGO3,334,0.5027244513617904,all KO rows in frozen KO-cluster order
fe2+_ferhonox_live-cell_dye,FeRhoNox,ALG12,DDX46,335,0.7836069247405153,all KO rows in frozen KO-cluster order
fe2+_ferhonox_live-cell_dye,FeRhoNox,ALG12,CCDC174,336,0.8653718187129179,all KO rows in frozen KO-cluster order
fe2+_ferhonox_live-cell_dye,FeRhoNox,ALG12,LMX1B,337,0.49760564239346455,all KO rows in frozen KO-cluster order
fe2+_ferhonox_live-cell_dye,FeRhoNox,ALG12,CLASP1,338,0.603451838925576,all KO rows in frozen KO-cluster order
fe2+_ferhonox_live-cell_dye,FeRhoNox,ALG12,C5orf30,339,0.7113834171345432,all KO rows in frozen KO-cluster order
fe2+_ferhonox_live-cell_dye,FeRhoNox,ALG12,REV3L,340,0.9504485510862156,all KO rows in frozen KO-cluster order
fe2+_ferhonox_live-cell_dye,FeRhoNox,ALG12,HDAC3,341,0.7641357045410421,all KO rows in frozen KO-cluster order
fe2+_ferhonox_live-cell_dye,FeRhoNox,ALG12,UTP14A,342,1.0833280280209712,all KO rows in frozen KO-cluster order
fe2+_ferhonox_live-cell_dye,FeRhoNox,ALG12,SKA3,343,1.2765523356327853,all KO rows in frozen KO-cluster order
fe2+_ferhonox_live-cell_dye,FeRhoNox,ALG12,NUDT21,344,0.7409518819341666,all KO rows in frozen KO-cluster order
fe2+_ferhonox_live-cell_dye,FeRhoNox,ALG12,ASNS,345,0.7664871463163911,all KO rows in frozen KO-cluster order
fe2+_ferhonox_live-cell_dye,FeRhoNox,ALG12,IMPDH1,346,0.6082963332030277,all KO rows in frozen KO-cluster order
fe2+_ferhonox_live-cell_dye,FeRhoNox,ALG12,AP3S1,347,0.9369078147131025,all KO rows in frozen KO-cluster order
fe2+_ferhonox_live-cell_dye,FeRhoNox,ALG12,LTB4R,348,0.9179185512674084,all KO rows in frozen KO-cluster order
fe2+_ferhonox_live-cell_dye,FeRhoNox,ALG12,PROS1,349,0.6219891649029772,all KO rows in frozen KO-cluster order
fe2+_ferhonox_live-cell_dye,FeRhoNox,ALG12,CUL2,350,0.6117985277405154,all KO rows in frozen KO-cluster order
fe2+_ferhonox_live-cell_dye,FeRhoNox,ALG12,FTH1,351,0.7061870783989949,all KO rows in frozen KO-cluster order
fe2+_ferhonox_live-cell_dye,FeRhoNox,ALG12,IARS2,352,0.7809237497808761,all KO rows in frozen KO-cluster order
fe2+_ferhonox_live-cell_dye,FeRhoNox,ALG12,EIF2B4,353,0.8922349284138368,all KO rows in frozen KO-cluster order
fe2+_ferhonox_live-cell_dye,FeRhoNox,ALG12,NOP16,354,0.9358199495941778,all KO rows in frozen KO-cluster order
fe2+_ferhonox_live-cell_dye,FeRhoNox,ALG12,DDX47,355,1.053179043069344,all KO rows in frozen KO-cluster order
fe2+_ferhonox_live-cell_dye,FeRhoNox,ALG12,MDN1,356,0.9760907669702107,all KO rows in frozen KO-cluster order
fe2+_ferhonox_live-cell_dye,FeRhoNox,ALG12,EIF2B5,357,1.4042725078804568,all KO rows in frozen KO-cluster order
fe2+_ferhonox_live-cell_dye,FeRhoNox,ALG12,EIF2S1,358,2.144611612513327,all KO rows in frozen KO-cluster order
fe2+_ferhonox_live-cell_dye,FeRhoNox,ALG12,EIF2B3,359,1.3779478994131669,all KO rows in frozen KO-cluster order
fe2+_ferhonox_live-cell_dye,FeRhoNox,ALG12,GNL3L,360,1.2423542136574255,all KO rows in frozen KO-cluster order
fe2+_ferhonox_live-cell_dye,FeRhoNox,ALG12,TMA16,361,0.9065390927031056,all KO rows in frozen KO-cluster order
fe2+_ferhonox_live-cell_dye,FeRhoNox,ALG12,TSR2,362,0.9864335961392633,all KO rows in frozen KO-cluster order
fe2+_ferhonox_live-cell_dye,FeRhoNox,ALG12,POLR2B,363,1.1064650134827445,all KO rows in frozen KO-cluster order
fe2+_ferhonox_live-cell_dye,FeRhoNox,ALG12,PSMD11,364,1.302516753126855,all KO rows in frozen KO-cluster order
fe2+_ferhonox_live-cell_dye,FeRhoNox,ALG12,HSPA9,365,1.5796003768805684,all KO rows in frozen KO-cluster order
fe2+_ferhonox_live-cell_dye,FeRhoNox,ALG12,UBA52,366,1.8776876281592625,all KO rows in frozen KO-cluster order
fe2+_ferhonox_live-cell_dye,FeRhoNox,ALG12,RPL27A,367,1.982457279671843,all KO rows in frozen KO-cluster order
fe2+_ferhonox_live-cell_dye,FeRhoNox,ALG12,RPL37A,368,2.1428766326071758,all KO rows in frozen KO-cluster order
fe2+_ferhonox_live-cell_dye,FeRhoNox,ALG12,RPL32,369,2.2423803784751044,all KO rows in frozen KO-cluster order
fe2+_ferhonox_live-cell_dye,FeRhoNox,ALG12,RPL18,370,2.1796696645341602,all KO rows in frozen KO-cluster order
fe2+_ferhonox_live-cell_dye,FeRhoNox,ALG12,PSMD14,371,1.8068371250450626,all KO rows in frozen KO-cluster order
fe2+_ferhonox_live-cell_dye,FeRhoNox,ALG12,RRN3,372,1.7267811998226588,all KO rows in frozen KO-cluster order
fe2+_ferhonox_live-cell_dye,FeRhoNox,ALG12,POLR2C,373,1.8735736951282242,all KO rows in frozen KO-cluster order
fe2+_ferhonox_live-cell_dye,FeRhoNox,ALG12,RPLP2,374,2.1122994510580506,all KO rows in frozen KO-cluster order
fe2+_ferhonox_live-cell_dye,FeRhoNox,ALG12,RPL34,375,2.586499920212496,all KO rows in frozen KO-cluster order
fe2+_ferhonox_live-cell_dye,FeRhoNox,ALG12,RPL23,376,2.1713169758802895,all KO rows in frozen KO-cluster order
fe2+_ferhonox_live-cell_dye,FeRhoNox,ALG12,RPL9,377,2.448414321108931,all KO rows in frozen KO-cluster order
fe2+_ferhonox_live-cell_dye,FeRhoNox,ALG12,RPL30,378,2.3267568254641913,all KO rows in frozen KO-cluster order
fe2+_ferhonox_live-cell_dye,FeRhoNox,ALG12,POLR2D,379,2.040067198487751,all KO rows in frozen KO-cluster order
fe2+_ferhonox_live-cell_dye,FeRhoNox,ALG12,NCL,380,1.8440841635197405,all KO rows in frozen KO-cluster order
fe2+_ferhonox_live-cell_dye,FeRhoNox,ALG12,HAUS6,381,1.895537498530591,all KO rows in frozen KO-cluster order
fe2+_ferhonox_live-cell_dye,FeRhoNox,ALG12,RRM1,382,2.572194940311486,all KO rows in frozen KO-cluster order
fe2+_ferhonox_live-cell_dye,FeRhoNox,ALG12,KIF11,383,2.4595896937361528,all KO rows in frozen KO-cluster order
fe2+_ferhonox_live-cell_dye,FeRhoNox,ALG12,HMGB1,384,1.612750210152466,all KO rows in frozen KO-cluster order
fe2+_ferhonox_live-cell_dye,FeRhoNox,ALG12,POLE,385,2.3932072416656207,all KO rows in frozen KO-cluster order
fe2+_ferhonox_live-cell_dye,FeRhoNox,ALG12,POLA1,386,2.1121625230036924,all KO rows in frozen KO-cluster order
fe2+_ferhonox_live-cell_dye,FeRhoNox,ALG12,RPL15,387,1.9238594122150343,all KO rows in frozen KO-cluster order
fe2+_ferhonox_live-cell_dye,FeRhoNox,ALG12,EIF2S2,388,1.9491587982444378,all KO rows in frozen KO-cluster order
fe2+_ferhonox_live-cell_dye,FeRhoNox,ALG12,RPS28,389,2.0234243964405207,all KO rows in frozen KO-cluster order
fe2+_ferhonox_live-cell_dye,FeRhoNox,ALG12,RPS6,390,2.318799065655199,all KO rows in frozen KO-cluster order
fe2+_ferhonox_live-cell_dye,FeRhoNox,ALG12,RPS14,391,1.9500889702790383,all KO rows in frozen KO-cluster order
fe2+_ferhonox_live-cell_dye,FeRhoNox,ALG12,RPS10,392,2.107406396661779,all KO rows in frozen KO-cluster order
fe2+_ferhonox_live-cell_dye,FeRhoNox,ALG12,RPS29,393,2.2217216171726686,all KO rows in frozen KO-cluster order
fe2+_ferhonox_live-cell_dye,FeRhoNox,ALG12,RPSA,394,1.8731594296778318,all KO rows in frozen KO-cluster order
fe2+_ferhonox_live-cell_dye,FeRhoNox,ALG12,RPS16,395,2.097023198942333,all KO rows in frozen KO-cluster order
fe2+_ferhonox_live-cell_dye,FeRhoNox,ALG12,FAU,396,2.036493538360039,all KO rows in frozen KO-cluster order
fe2+_ferhonox_live-cell_dye,FeRhoNox,ALG12,RPL26,397,2.2961703490219527,all KO rows in frozen KO-cluster order
fe2+_ferhonox_live-cell_dye,FeRhoNox,ALG12,RPS4X,398,2.1197548878342247,all KO rows in frozen KO-cluster order
fe2+_ferhonox_live-cell_dye,FeRhoNox,ALG12,RPS5,399,1.7324811869158387,all KO rows in frozen KO-cluster order
fe2+_ferhonox_live-cell_dye,FeRhoNox,ALG12,DDX18,400,1.7117129028245484,all KO rows in frozen KO-cluster order
fe2+_ferhonox_live-cell_dye,FeRhoNox,ALG12,RPS3A,401,1.869249451570777,all KO rows in frozen KO-cluster order
fe2+_ferhonox_live-cell_dye,FeRhoNox,ALG12,PPAN,402,1.689387762903022,all KO rows in frozen KO-cluster order
fe2+_ferhonox_live-cell_dye,FeRhoNox,ALG12,RPF2,403,2.114004339379978,all KO rows in frozen KO-cluster order
fe2+_ferhonox_live-cell_dye,FeRhoNox,ALG12,RPS27A,404,2.3627613285125393,all KO rows in frozen KO-cluster order
fe2+_ferhonox_live-cell_dye,FeRhoNox,ALG12,RPS8,405,2.556716149611286,all KO rows in frozen KO-cluster order
fe2+_ferhonox_live-cell_dye,FeRhoNox,ALG12,GNL3,406,1.913060763459548,all KO rows in frozen KO-cluster order
fe2+_ferhonox_live-cell_dye,FeRhoNox,ALG12,NOP58,407,1.9548690481580355,all KO rows in frozen KO-cluster order
fe2+_ferhonox_live-cell_dye,FeRhoNox,ALG12,RPS9,408,2.296086873770144,all KO rows in frozen KO-cluster order
fe2+_ferhonox_live-cell_dye,FeRhoNox,ALG12,POLR1B,409,1.8634224605305503,all KO rows in frozen KO-cluster order
fe2+_ferhonox_live-cell_dye,FeRhoNox,ALG12,GNL2,410,1.7180037599836875,all KO rows in frozen KO-cluster order
fe2+_ferhonox_live-cell_dye,FeRhoNox,ALG12,TERF2,411,1.0455670984997705,all KO rows in frozen KO-cluster order
fe2+_ferhonox_live-cell_dye,FeRhoNox,ALG12,RGPD8,412,1.1883772310668992,all KO rows in frozen KO-cluster order
fe2+_ferhonox_live-cell_dye,FeRhoNox,ALG12,USP17L12,413,0.8111960881263918,all KO rows in frozen KO-cluster order
fe2+_ferhonox_live-cell_dye,FeRhoNox,ALG12,POLR2H,414,0.9689308652000435,all KO rows in frozen KO-cluster order
fe2+_ferhonox_live-cell_dye,FeRhoNox,ALG12,COPS2,415,1.0542827876262781,all KO rows in frozen KO-cluster order
fe2+_ferhonox_live-cell_dye,FeRhoNox,ALG12,HDAC6,416,0.6734527009641399,all KO rows in frozen KO-cluster order
fe2+_ferhonox_live-cell_dye,FeRhoNox,ALG12,FARSA,417,0.7221800437003996,all KO rows in frozen KO-cluster order
fe2+_ferhonox_live-cell_dye,FeRhoNox,ALG12,SEC61B,418,1.0483077785003394,all KO rows in frozen KO-cluster order
fe2+_ferhonox_live-cell_dye,FeRhoNox,ALG12,OGT,419,0.9430423404096492,all KO rows in frozen KO-cluster order
fe2+_ferhonox_live-cell_dye,FeRhoNox,ALG12,SRP19,420,0.827642353198304,all KO rows in frozen KO-cluster order
fe2+_ferhonox_live-cell_dye,FeRhoNox,ALG12,PFN1,421,0.6392138517966988,all KO rows in frozen KO-cluster order
fe2+_ferhonox_live-cell_dye,FeRhoNox,ALG12,SRP72,422,0.6087826201631245,all KO rows in frozen KO-cluster order
fe2+_ferhonox_live-cell_dye,FeRhoNox,ALG12,GPN1,423,0.6648573771120502,all KO rows in frozen KO-cluster order
fe2+_ferhonox_live-cell_dye,FeRhoNox,ALG12,CARS,424,0.6904184010868598,all KO rows in frozen KO-cluster order
fe2+_ferhonox_live-cell_dye,FeRhoNox,ALG12,COX7B,425,1.0057390906194195,all KO rows in frozen KO-cluster order
fe2+_ferhonox_live-cell_dye,FeRhoNox,ALG12,HMGCR,426,1.0989637021228895,all KO rows in frozen KO-cluster order
fe2+_ferhonox_live-cell_dye,FeRhoNox,ALG12,USP10,427,0.779471146121915,all KO rows in frozen KO-cluster order
fe2+_ferhonox_live-cell_dye,FeRhoNox,ALG12,PSPC1,428,0.7141123055404796,all KO rows in frozen KO-cluster order
fe2+_ferhonox_live-cell_dye,FeRhoNox,ALG12,DLG4,429,0.749042270900144,all KO rows in frozen KO-cluster order
fe2+_ferhonox_live-cell_dye,FeRhoNox,ALG12,MUC13,430,0.7178934442653635,all KO rows in frozen KO-cluster order
fe2+_ferhonox_live-cell_dye,FeRhoNox,ALG12,SCN8A,431,0.8176557086390648,all KO rows in frozen KO-cluster order
fe2+_ferhonox_live-cell_dye,FeRhoNox,ALG12,USH1G,432,0.8554437965188278,all KO rows in frozen KO-cluster order
fe2+_ferhonox_live-cell_dye,FeRhoNox,ALG12,TIMM23,433,0.8545044348604833,all KO rows in frozen KO-cluster order
fe2+_ferhonox_live-cell_dye,FeRhoNox,ALG12,ARPC3,434,1.0581281408095429,all KO rows in frozen KO-cluster order
fe2+_ferhonox_live-cell_dye,FeRhoNox,ALG12,MYBPHL,435,0.7538785118779641,all KO rows in frozen KO-cluster order
fe2+_ferhonox_live-cell_dye,FeRhoNox,ALG12,LTV1,436,0.8838153231797137,all KO rows in frozen KO-cluster order
fe2+_ferhonox_live-cell_dye,FeRhoNox,ALG12,EIF4A1,437,1.5627663229378224,all KO rows in frozen KO-cluster order
fe2+_ferhonox_live-cell_dye,FeRhoNox,ALG12,COPS6,438,1.1932085248367776,all KO rows in frozen KO-cluster order
fe2+_ferhonox_live-cell_dye,FeRhoNox,ALG12,PHB,439,1.1589310093507708,all KO rows in frozen KO-cluster order
fe2+_ferhonox_live-cell_dye,FeRhoNox,ALG12,EIF1AD,440,0.8265720900004525,all KO rows in frozen KO-cluster order
fe2+_ferhonox_live-cell_dye,FeRhoNox,ALG12,RARS,441,0.756101801542497,all KO rows in frozen KO-cluster order
fe2+_ferhonox_live-cell_dye,FeRhoNox,ALG12,NOB1,442,0.6899234645685074,all KO rows in frozen KO-cluster order
fe2+_ferhonox_live-cell_dye,FeRhoNox,ALG12,CD4,443,0.5627474756525838,all KO rows in frozen KO-cluster order
fe2+_ferhonox_live-cell_dye,FeRhoNox,ALG12,KRT8,444,0.5395897504572243,all KO rows in frozen KO-cluster order
fe2+_ferhonox_live-cell_dye,FeRhoNox,ALG12,MAP7D1,445,0.5515927818735309,all KO rows in frozen KO-cluster order
fe2+_ferhonox_live-cell_dye,FeRhoNox,ALG12,RHOA,446,0.9621669788641967,all KO rows in frozen KO-cluster order
fe2+_ferhonox_live-cell_dye,FeRhoNox,ALG12,TBP,447,0.7493815639533371,all KO rows in frozen KO-cluster order
fe2+_ferhonox_live-cell_dye,FeRhoNox,ALG12,TYK2,448,0.8477696813668607,all KO rows in frozen KO-cluster order
fe2+_ferhonox_live-cell_dye,FeRhoNox,ALG12,GOLGA2,449,0.6895099557885119,all KO rows in frozen KO-cluster order
fe2+_ferhonox_live-cell_dye,FeRhoNox,ALG12,POLR3B,450,0.8808010447899489,all KO rows in frozen KO-cluster order
fe2+_ferhonox_live-cell_dye,FeRhoNox,ALG12,SON,451,0.7682964823094869,all KO rows in frozen KO-cluster order
fe2+_ferhonox_live-cell_dye,FeRhoNox,ALG12,GPN2,452,0.6886218187673891,all KO rows in frozen KO-cluster order
fe2+_ferhonox_live-cell_dye,FeRhoNox,ALG12,AMMECR1,453,0.6156777701070771,all KO rows in frozen KO-cluster order
fe2+_ferhonox_live-cell_dye,FeRhoNox,ALG12,NCOA1,454,0.5746273402758988,all KO rows in frozen KO-cluster order
fe2+_ferhonox_live-cell_dye,FeRhoNox,ALG12,PTPRR,455,0.5000964560441176,all KO rows in frozen KO-cluster order
fe2+_ferhonox_live-cell_dye,FeRhoNox,ALG12,GTF3C4,456,0.7844229354228572,all KO rows in frozen KO-cluster order
fe2+_ferhonox_live-cell_dye,FeRhoNox,ALG12,CHERP,457,0.7996976106682328,all KO rows in frozen KO-cluster order
fe2+_ferhonox_live-cell_dye,FeRhoNox,ALG12,FECH,458,0.7055694585832922,all KO rows in frozen KO-cluster order
fe2+_ferhonox_live-cell_dye,FeRhoNox,ALG12,NHSL1,459,0.5463835990937095,all KO rows in frozen KO-cluster order
fe2+_ferhonox_live-cell_dye,FeRhoNox,ALG12,ZNRD1,460,0.6768556919107819,all KO rows in frozen KO-cluster order
fe2+_ferhonox_live-cell_dye,FeRhoNox,ALG12,CPSF3,461,0.844599997833043,all KO rows in frozen KO-cluster order
fe2+_ferhonox_live-cell_dye,FeRhoNox,ALG12,PARP1,462,0.5560607002693191,all KO rows in frozen KO-cluster order
fe2+_ferhonox_live-cell_dye,FeRhoNox,ALG12,SLC35C1,463,0.6668153801324007,all KO rows in frozen KO-cluster order
fe2+_ferhonox_live-cell_dye,FeRhoNox,ALG12,RHOF,464,0.8339641449132533,all KO rows in frozen KO-cluster order
fe2+_ferhonox_live-cell_dye,FeRhoNox,ALG12,ACSL4,465,0.5966232934127491,all KO rows in frozen KO-cluster order
fe2+_ferhonox_live-cell_dye,FeRhoNox,ALG12,COL18A1,466,0.6717885515087503,all KO rows in frozen KO-cluster order
fe2+_ferhonox_live-cell_dye,FeRhoNox,ALG12,DIS3L2,467,0.6551071475217668,all KO rows in frozen KO-cluster order
fe2+_ferhonox_live-cell_dye,FeRhoNox,ALG12,CERCAM,468,0.5689664475365002,all KO rows in frozen KO-cluster order
fe2+_ferhonox_live-cell_dye,FeRhoNox,ALG12,FBXL4,469,0.8538393366089084,all KO rows in frozen KO-cluster order
fe2+_ferhonox_live-cell_dye,FeRhoNox,ALG12,MIOS,470,0.8226775055200233,all KO rows in frozen KO-cluster order
fe2+_ferhonox_live-cell_dye,FeRhoNox,ALG12,INPPL1,471,0.6985708067538334,all KO rows in frozen KO-cluster order
fe2+_ferhonox_live-cell_dye,FeRhoNox,ALG12,FLII,472,0.9600347174015534,all KO rows in frozen KO-cluster order
fe2+_ferhonox_live-cell_dye,FeRhoNox,ALG12,CHD1,473,0.6299951181051504,all KO rows in frozen KO-cluster order
fe2+_ferhonox_live-cell_dye,FeRhoNox,ALG12,SRP68,474,0.7398436600969919,all KO rows in frozen KO-cluster order
fe2+_ferhonox_live-cell_dye,FeRhoNox,ALG12,SIGLEC14,475,0.7719715564722136,all KO rows in frozen KO-cluster order
fe2+_ferhonox_live-cell_dye,FeRhoNox,ALG12,FAT1,476,0.8220948119609891,all KO rows in frozen KO-cluster order
fe2+_ferhonox_live-cell_dye,FeRhoNox,ALG12,RBFA,477,0.9826986278930259,all KO rows in frozen KO-cluster order
fe2+_ferhonox_live-cell_dye,FeRhoNox,ALG12,ACSS2,478,0.782749612712345,all KO rows in frozen KO-cluster order
fe2+_ferhonox_live-cell_dye,FeRhoNox,ALG12,MAFA,479,0.6273877670331716,all KO rows in frozen KO-cluster order
fe2+_ferhonox_live-cell_dye,FeRhoNox,ALG12,CYP26C1,480,0.546969725998644,all KO rows in frozen KO-cluster order
fe2+_ferhonox_live-cell_dye,FeRhoNox,ALG12,NUDCD1,481,0.7853953307482328,all KO rows in frozen KO-cluster order
fe2+_ferhonox_live-cell_dye,FeRhoNox,ALG12,RBMXL1,482,0.7126390807518961,all KO rows in frozen KO-cluster order
fe2+_ferhonox_live-cell_dye,FeRhoNox,ALG12,TWSG1,483,0.7648183848312354,all KO rows in frozen KO-cluster order
fe2+_ferhonox_live-cell_dye,FeRhoNox,ALG12,KIF20A,484,0.668960427384183,all KO rows in frozen KO-cluster order
fe2+_ferhonox_live-cell_dye,FeRhoNox,ALG12,UBC,485,0.7210754916521418,all KO rows in frozen KO-cluster order
fe2+_ferhonox_live-cell_dye,FeRhoNox,ALG12,LAMTOR1,486,0.7161090009073566,all KO rows in frozen KO-cluster order
fe2+_ferhonox_live-cell_dye,FeRhoNox,ALG12,LDLR,487,0.8887823588656404,all KO rows in frozen KO-cluster order
fe2+_ferhonox_live-cell_dye,FeRhoNox,ALG12,VARS2,488,0.6312391887492038,all KO rows in frozen KO-cluster order
fe2+_ferhonox_live-cell_dye,FeRhoNox,ALG12,GOLT1B,489,1.0259854856335722,all KO rows in frozen KO-cluster order
fe2+_ferhonox_live-cell_dye,FeRhoNox,ALG12,SLC2A8,490,0.736455618366601,all KO rows in frozen KO-cluster order
fe2+_ferhonox_live-cell_dye,FeRhoNox,ALG12,TNRC6A,491,1.0170548148625347,all KO rows in frozen KO-cluster order
fe2+_ferhonox_live-cell_dye,FeRhoNox,ALG12,ADRM1,492,0.9494580456070445,all KO rows in frozen KO-cluster order
fe2+_ferhonox_live-cell_dye,FeRhoNox,ALG12,SEC22C,493,0.9788711056310269,all KO rows in frozen KO-cluster order
fe2+_ferhonox_live-cell_dye,FeRhoNox,ALG12,ZMYM3,494,1.1444012051037395,all KO rows in frozen KO-cluster order
fe2+_ferhonox_live-cell_dye,FeRhoNox,ALG12,STT3A,495,1.0721342654650283,all KO rows in frozen KO-cluster order
fe2+_ferhonox_live-cell_dye,FeRhoNox,ALG12,MLLT1,496,0.8038430810146981,all KO rows in frozen KO-cluster order
fe2+_ferhonox_live-cell_dye,FeRhoNox,ALG12,CD5,497,1.0326884548457027,all KO rows in frozen KO-cluster order
fe2+_ferhonox_live-cell_dye,FeRhoNox,ALG12,ZNF496,498,0.806259322634566,all KO rows in frozen KO-cluster order
fe2+_ferhonox_live-cell_dye,FeRhoNox,ALG12,LCE3A,499,0.7771380831819957,all KO rows in frozen KO-cluster order
fe2+_ferhonox_live-cell_dye,FeRhoNox,ALG12,CDH15,500,0.6173400502729085,all KO rows in frozen KO-cluster order
fe2+_ferhonox_live-cell_dye,FeRhoNox,ALG12,IER3IP1,501,0.6328147331756061,all KO rows in frozen KO-cluster order
fe2+_ferhonox_live-cell_dye,FeRhoNox,ALG12,OST4,502,0.6504585311851796,all KO rows in frozen KO-cluster order
fe2+_ferhonox_live-cell_dye,FeRhoNox,ALG12,ASF1B,503,0.6401798755264628,all KO rows in frozen KO-cluster order
fe2+_ferhonox_live-cell_dye,FeRhoNox,ALG12,SLC5A3,504,0.7848175299362108,all KO rows in frozen KO-cluster order
fe2+_ferhonox_live-cell_dye,FeRhoNox,ALG12,RNF11,505,0.95380334355824,all KO rows in frozen KO-cluster order
fe2+_ferhonox_live-cell_dye,FeRhoNox,ALG12,PRKRA,506,1.0425469776388812,all KO rows in frozen KO-cluster order
fe2+_ferhonox_live-cell_dye,FeRhoNox,ALG12,HDAC4,507,0.6955503319489682,all KO rows in frozen KO-cluster order
fe2+_ferhonox_live-cell_dye,FeRhoNox,ALG12,TAB2,508,0.892366017058858,all KO rows in frozen KO-cluster order
fe2+_ferhonox_live-cell_dye,FeRhoNox,ALG12,ARHGEF9,509,0.6643543268408444,all KO rows in frozen KO-cluster order
fe2+_ferhonox_live-cell_dye,FeRhoNox,ALG12,RAI14,510,0.8412687009491541,all KO rows in frozen KO-cluster order
fe2+_ferhonox_live-cell_dye,FeRhoNox,ALG12,FGF23,511,0.8245478981153161,all KO rows in frozen KO-cluster order
fe2+_ferhonox_live-cell_dye,FeRhoNox,ALG12,SSX2IP,512,0.7036527463786182,all KO rows in frozen KO-cluster order
fe2+_ferhonox_live-cell_dye,FeRhoNox,ALG12,LTN1,513,1.1664757983696068,all KO rows in frozen KO-cluster order
fe2+_ferhonox_live-cell_dye,FeRhoNox,ALG12,MRPL52,514,1.16095824603609,all KO rows in frozen KO-cluster order
fe2+_ferhonox_live-cell_dye,FeRhoNox,ALG12,ATIC,515,0.9513421478242144,all KO rows in frozen KO-cluster order
fe2+_ferhonox_live-cell_dye,FeRhoNox,ALG12,SLC39A7,516,0.8955965193876608,all KO rows in frozen KO-cluster order
fe2+_ferhonox_live-cell_dye,FeRhoNox,ALG12,CCNC,517,0.7311172244109605,all KO rows in frozen KO-cluster order
fe2+_ferhonox_live-cell_dye,FeRhoNox,ALG12,NR2C2AP,518,1.1188281190579739,all KO rows in frozen KO-cluster order
fe2+_ferhonox_live-cell_dye,FeRhoNox,ALG12,TERF2IP,519,0.8798698891460978,all KO rows in frozen KO-cluster order
fe2+_ferhonox_live-cell_dye,FeRhoNox,ALG12,S100B,520,0.8854528221720023,all KO rows in frozen KO-cluster order
fe2+_ferhonox_live-cell_dye,FeRhoNox,ALG12,CUL1,521,0.8884581214747158,all KO rows in frozen KO-cluster order
fe2+_ferhonox_live-cell_dye,FeRhoNox,ALG12,ZNF704,522,1.0340999179678427,all KO rows in frozen KO-cluster order
fe2+_ferhonox_live-cell_dye,FeRhoNox,ALG12,ERCC6,523,0.8706710192076116,all KO rows in frozen KO-cluster order
fe2+_ferhonox_live-cell_dye,FeRhoNox,ALG12,IBA57,524,0.7090110629914977,all KO rows in frozen KO-cluster order
fe2+_ferhonox_live-cell_dye,FeRhoNox,ALG12,MYCL,525,0.7946090498721584,all KO rows in frozen KO-cluster order
fe2+_ferhonox_live-cell_dye,FeRhoNox,ALG12,PPIE,526,0.7648920214907348,all KO rows in frozen KO-cluster order
fe2+_ferhonox_live-cell_dye,FeRhoNox,ALG12,FANCG,527,0.6813004337111441,all KO rows in frozen KO-cluster order
fe2+_ferhonox_live-cell_dye,FeRhoNox,ALG12,DLD,528,0.6739033169011042,all KO rows in frozen KO-cluster order
fe2+_ferhonox_live-cell_dye,FeRhoNox,ALG12,XRN1,529,0.6315431300780067,all KO rows in frozen KO-cluster order
fe2+_ferhonox_live-cell_dye,FeRhoNox,ALG12,KIAA1958,530,0.6496329780773845,all KO rows in frozen KO-cluster order
fe2+_ferhonox_live-cell_dye,FeRhoNox,ALG12,PFDN2,531,0.7069902540300705,all KO rows in frozen KO-cluster order
fe2+_ferhonox_live-cell_dye,FeRhoNox,ALG12,AP3M1,532,0.643002534747494,all KO rows in frozen KO-cluster order
fe2+_ferhonox_live-cell_dye,FeRhoNox,ALG12,NACC1,533,0.8849598317461899,all KO rows in frozen KO-cluster order
fe2+_ferhonox_live-cell_dye,FeRhoNox,ALG12,MXRA8,534,0.7017209025680288,all KO rows in frozen KO-cluster order
fe2+_ferhonox_live-cell_dye,FeRhoNox,ALG12,ZRSR2,535,0.9751449238944151,all KO rows in frozen KO-cluster order
fe2+_ferhonox_live-cell_dye,FeRhoNox,ALG12,EPB41L2,536,0.9379049449549122,all KO rows in frozen KO-cluster order
fe2+_ferhonox_live-cell_dye,FeRhoNox,ALG12,DDX39B,537,0.8147997870563635,all KO rows in frozen KO-cluster order
fe2+_ferhonox_live-cell_dye,FeRhoNox,ALG12,ABHD10,538,0.7694989616177912,all KO rows in frozen KO-cluster order
fe2+_ferhonox_live-cell_dye,FeRhoNox,ALG12,BORCS8,539,0.6586141487208135,all KO rows in frozen KO-cluster order
fe2+_ferhonox_live-cell_dye,FeRhoNox,ALG12,NBEAL1,540,1.0792857555961106,all KO rows in frozen KO-cluster order
fe2+_ferhonox_live-cell_dye,FeRhoNox,ALG12,ASCC3,541,1.0819979473671102,all KO rows in frozen KO-cluster order
fe2+_ferhonox_live-cell_dye,FeRhoNox,ALG12,MSANTD4,542,0.7482801353037908,all KO rows in frozen KO-cluster order
fe2+_ferhonox_live-cell_dye,FeRhoNox,ALG12,SNRNP40,543,0.6408489638562359,all KO rows in frozen KO-cluster order
fe2+_ferhonox_live-cell_dye,FeRhoNox,ALG12,DNAJA3,544,0.9334763291685212,all KO rows in frozen KO-cluster order
fe2+_ferhonox_live-cell_dye,FeRhoNox,ALG12,SEL1L,545,0.7123471335593908,all KO rows in frozen KO-cluster order
fe2+_ferhonox_live-cell_dye,FeRhoNox,ALG12,IVL,546,0.7879525719165676,all KO rows in frozen KO-cluster order
fe2+_ferhonox_live-cell_dye,FeRhoNox,ALG12,SEC23IP,547,0.8465880252692219,all KO rows in frozen KO-cluster order
fe2+_ferhonox_live-cell_dye,FeRhoNox,ALG12,VMP1,548,0.9514860354875198,all KO rows in frozen KO-cluster order
fe2+_ferhonox_live-cell_dye,FeRhoNox,ALG12,BET1,549,0.6947030804822238,all KO rows in frozen KO-cluster order
fe2+_ferhonox_live-cell_dye,FeRhoNox,ALG12,ETS1,550,0.8261455178412256,all KO rows in frozen KO-cluster order
fe2+_ferhonox_live-cell_dye,FeRhoNox,ALG12,PDZK1IP1,551,0.7279489427122543,all KO rows in frozen KO-cluster order
fe2+_ferhonox_live-cell_dye,FeRhoNox,ALG12,STT3B,552,0.6034450502578866,all KO rows in frozen KO-cluster order
fe2+_ferhonox_live-cell_dye,FeRhoNox,ALG12,ATAD3A,553,0.8030505912505095,all KO rows in frozen KO-cluster order
fe2+_ferhonox_live-cell_dye,FeRhoNox,ALG12,TOMM20,554,0.7798880363867329,all KO rows in frozen KO-cluster order
fe2+_ferhonox_live-cell_dye,FeRhoNox,ALG12,ATP5ME,555,0.8039115152525961,all KO rows in frozen KO-cluster order
fe2+_ferhonox_live-cell_dye,FeRhoNox,ALG12,SCYL1,556,0.6230521386523288,all KO rows in frozen KO-cluster order
fe2+_ferhonox_live-cell_dye,FeRhoNox,ALG12,TICAM1,557,0.7859858207158639,all KO rows in frozen KO-cluster order
fe2+_ferhonox_live-cell_dye,FeRhoNox,ALG12,AACS,558,0.6247645586046583,all KO rows in frozen KO-cluster order
fe2+_ferhonox_live-cell_dye,FeRhoNox,ALG12,PTPMT1,559,0.7595805435554601,all KO rows in frozen KO-cluster order
fe2+_ferhonox_live-cell_dye,FeRhoNox,ALG12,EIF2AK3,560,0.8582316818374345,all KO rows in frozen KO-cluster order
fe2+_ferhonox_live-cell_dye,FeRhoNox,ALG12,ALG12,561,0.7442228458828347,all KO rows in frozen KO-cluster order
fe2+_ferhonox_live-cell_dye,FeRhoNox,ALG12,SCAP,562,0.7411461151261451,all KO rows in frozen KO-cluster order
fe2+_ferhonox_live-cell_dye,FeRhoNox,ALG12,CAD,563,0.7827322432325025,all KO rows in frozen KO-cluster order
fe2+_ferhonox_live-cell_dye,FeRhoNox,ALG12,RGP1,564,0.5370409852976036,all KO rows in frozen KO-cluster order
fe2+_ferhonox_live-cell_dye,FeRhoNox,ALG12,RPL35,565,1.7575905113693868,all KO rows in frozen KO-cluster order
fe2+_ferhonox_live-cell_dye,FeRhoNox,ALG12,COPZ1,566,1.5321194542087821,all KO rows in frozen KO-cluster order
fe2+_ferhonox_live-cell_dye,FeRhoNox,ALG12,UBE2D3,567,1.2907963185545834,all KO rows in frozen KO-cluster order
fe2+_ferhonox_live-cell_dye,FeRhoNox,ALG12,HSPA5,568,2.1214570538390567,all KO rows in frozen KO-cluster order
fe2+_ferhonox_live-cell_dye,FeRhoNox,ALG12,RPL5,569,1.5739816811727638,all KO rows in frozen KO-cluster order
fe2+_ferhonox_live-cell_dye,FeRhoNox,ALG12,LIMS1,570,1.4284833596862143,all KO rows in frozen KO-cluster order
fe2+_ferhonox_live-cell_dye,FeRhoNox,ALG12,PSMC6,571,1.964846361817449,all KO rows in frozen KO-cluster order
fe2+_ferhonox_live-cell_dye,FeRhoNox,ALG12,CENPC,572,1.1125299154331536,all KO rows in frozen KO-cluster order
fe2+_ferhonox_live-cell_dye,FeRhoNox,ALG12,SRP54,573,2.022914368352391,all KO rows in frozen KO-cluster order
fe2+_ferhonox_live-cell_dye,FeRhoNox,ALG12,SEC61A1,574,2.3421622361880945,all KO rows in frozen KO-cluster order
fe2+_ferhonox_live-cell_dye,FeRhoNox,ALG12,SEC61G,575,1.871717775625394,all KO rows in frozen KO-cluster order
fe2+_ferhonox_live-cell_dye,FeRhoNox,ALG12,EIF3A,576,2.0621674157143204,all KO rows in frozen KO-cluster order
fe2+_ferhonox_live-cell_dye,FeRhoNox,ALG12,CSE1L,577,1.5929510131186202,all KO rows in frozen KO-cluster order
fe2+_ferhonox_live-cell_dye,FeRhoNox,ALG12,CNOT4,578,1.9818582662626085,all KO rows in frozen KO-cluster order
fe2+_ferhonox_live-cell_dye,FeRhoNox,ALG12,COPB2,579,2.4371930250484874,all KO rows in frozen KO-cluster order
fe2+_ferhonox_live-cell_dye,FeRhoNox,ALG12,COPA,580,2.5344063081676595,all KO rows in frozen KO-cluster order
fe2+_ferhonox_live-cell_dye,FeRhoNox,ALG12,COPB1,581,2.5038237801447205,all KO rows in frozen KO-cluster order
fe2+_ferhonox_live-cell_dye,FeRhoNox,ALG12,NAPA,582,1.7548762516499734,all KO rows in frozen KO-cluster order
fe2+_ferhonox_live-cell_dye,FeRhoNox,ALG12,TIMM44,583,1.1848523007346712,all KO rows in frozen KO-cluster order
fe2+_ferhonox_live-cell_dye,FeRhoNox,ALG12,SARS,584,1.3713266911396924,all KO rows in frozen KO-cluster order
fe2+_ferhonox_live-cell_dye,FeRhoNox,ALG12,POLR3E,585,1.2229081788272733,all KO rows in frozen KO-cluster order
fe2+_ferhonox_live-cell_dye,FeRhoNox,ALG12,AARS,586,1.0596707971326726,all KO rows in frozen KO-cluster order
fe2+_ferhonox_live-cell_dye,FeRhoNox,ALG12,POLR3F,587,1.1539256280309007,all KO rows in frozen KO-cluster order
fe2+_ferhonox_live-cell_dye,FeRhoNox,ALG12,EIF3B,588,1.6880557628952113,all KO rows in frozen KO-cluster order
fe2+_ferhonox_live-cell_dye,FeRhoNox,ALG12,GBF1,589,1.7636470806000775,all KO rows in frozen KO-cluster order
fe2+_ferhonox_live-cell_dye,FeRhoNox,ALG12,XAB2,590,1.0866789329832736,all KO rows in frozen KO-cluster order
fe2+_ferhonox_live-cell_dye,FeRhoNox,ALG12,GTF2A2,591,0.7253708026273031,all KO rows in frozen KO-cluster order
fe2+_ferhonox_live-cell_dye,FeRhoNox,ALG12,COX15,592,0.9113308208737796,all KO rows in frozen KO-cluster order
fe2+_ferhonox_live-cell_dye,FeRhoNox,ALG12,BRD9,593,0.9615696105795566,all KO rows in frozen KO-cluster order
fe2+_ferhonox_live-cell_dye,FeRhoNox,ALG12,UBAP2L,594,1.0771538730788743,all KO rows in frozen KO-cluster order
fe2+_ferhonox_live-cell_dye,FeRhoNox,ALG12,COQ4,595,0.7021065865681043,all KO rows in frozen KO-cluster order
fe2+_ferhonox_live-cell_dye,FeRhoNox,ALG12,NPRL2,596,0.951589248359767,all KO rows in frozen KO-cluster order
fe2+_ferhonox_live-cell_dye,FeRhoNox,ALG12,CEP350,597,0.7235815951563187,all KO rows in frozen KO-cluster order
fe2+_ferhonox_live-cell_dye,FeRhoNox,ALG12,PPWD1,598,0.8431589085422375,all KO rows in frozen KO-cluster order
fe2+_ferhonox_live-cell_dye,FeRhoNox,ALG12,SLC35B1,599,1.0943486134787148,all KO rows in frozen KO-cluster order
fe2+_ferhonox_live-cell_dye,FeRhoNox,ALG12,SH3KBP1,600,0.9128115239796337,all KO rows in frozen KO-cluster order
fe2+_ferhonox_live-cell_dye,FeRhoNox,ALG12,POLE4,601,0.9314029235930898,all KO rows in frozen KO-cluster order
fe2+_ferhonox_live-cell_dye,FeRhoNox,ALG12,COG3,602,1.287191562789667,all KO rows in frozen KO-cluster order
fe2+_ferhonox_live-cell_dye,FeRhoNox,ALG12,VWA7,603,1.01463497425828,all KO rows in frozen KO-cluster order
fe2+_ferhonox_live-cell_dye,FeRhoNox,ALG12,CYP4V2,604,0.9296467130352204,all KO rows in frozen KO-cluster order
fe2+_ferhonox_live-cell_dye,FeRhoNox,ALG12,KDM6A,605,0.9805075148061154,all KO rows in frozen KO-cluster order
fe2+_ferhonox_live-cell_dye,FeRhoNox,ALG12,ARGLU1,606,1.3230038744364476,all KO rows in frozen KO-cluster order
fe2+_ferhonox_live-cell_dye,FeRhoNox,ALG12,RANGAP1,607,1.4110627081385099,all KO rows in frozen KO-cluster order
fe2+_ferhonox_live-cell_dye,FeRhoNox,ALG12,SCAF4,608,1.1410442601439652,all KO rows in frozen KO-cluster order
fe2+_ferhonox_live-cell_dye,FeRhoNox,ALG12,WRB,609,1.3469685644646026,all KO rows in frozen KO-cluster order
fe2+_ferhonox_live-cell_dye,FeRhoNox,ALG12,CLK3,610,0.8701851839080171,all KO rows in frozen KO-cluster order
fe2+_ferhonox_live-cell_dye,FeRhoNox,ALG12,C5orf22,611,0.7842989824994336,all KO rows in frozen KO-cluster order
fe2+_ferhonox_live-cell_dye,FeRhoNox,ALG12,BTAF1,612,0.8391558361234055,all KO rows in frozen KO-cluster order
fe2+_ferhonox_live-cell_dye,FeRhoNox,ALG12,MED13L,613,0.9261093145882896,all KO rows in frozen KO-cluster order
fe2+_ferhonox_live-cell_dye,FeRhoNox,ALG12,NRAS,614,0.8041884218655756,all KO rows in frozen KO-cluster order
fe2+_ferhonox_live-cell_dye,FeRhoNox,ALG12,ZFP69B,615,0.8252020736895603,all KO rows in frozen KO-cluster order
fe2+_ferhonox_live-cell_dye,FeRhoNox,ALG12,BLOC1S6,616,1.0810136892558369,all KO rows in frozen KO-cluster order
fe2+_ferhonox_live-cell_dye,FeRhoNox,ALG12,GTF3C6,617,1.0629412416984718,all KO rows in frozen KO-cluster order
fe2+_ferhonox_live-cell_dye,FeRhoNox,ALG12,ZBED2,618,1.2154730709093182,all KO rows in frozen KO-cluster order
fe2+_ferhonox_live-cell_dye,FeRhoNox,ALG12,NCAN,619,0.9344310912991728,all KO rows in frozen KO-cluster order
fe2+_ferhonox_live-cell_dye,FeRhoNox,ALG12,MICOS13,620,0.776810315620856,all KO rows in frozen KO-cluster order
fe2+_ferhonox_live-cell_dye,FeRhoNox,ALG12,SRPRB,621,1.2974387703460701,all KO rows in frozen KO-cluster order
fe2+_ferhonox_live-cell_dye,FeRhoNox,ALG12,CASP3,622,0.7325571299455547,all KO rows in frozen KO-cluster order
fe2+_ferhonox_live-cell_dye,FeRhoNox,ALG12,GTF2E2,623,0.9067079258598524,all KO rows in frozen KO-cluster order
fe2+_ferhonox_live-cell_dye,FeRhoNox,ALG12,KDM4A,624,1.0637407726593435,all KO rows in frozen KO-cluster order
fe2+_ferhonox_live-cell_dye,FeRhoNox,ALG12,FOXL2,625,0.9935659554149493,all KO rows in frozen KO-cluster order
fe2+_ferhonox_live-cell_dye,FeRhoNox,ALG12,TBPL1,626,0.7907759662518328,all KO rows in frozen KO-cluster order
fe2+_ferhonox_live-cell_dye,FeRhoNox,ALG12,DERL2,627,0.6455630489146311,all KO rows in frozen KO-cluster order
fe2+_ferhonox_live-cell_dye,FeRhoNox,ALG12,PPCS,628,0.8382414469970707,all KO rows in frozen KO-cluster order
fe2+_ferhonox_live-cell_dye,FeRhoNox,ALG12,CMTR1,629,0.9988823112857096,all KO rows in frozen KO-cluster order
fe2+_ferhonox_live-cell_dye,FeRhoNox,ALG12,SLC35B2,630,0.756244340223944,all KO rows in frozen KO-cluster order
fe2+_ferhonox_live-cell_dye,FeRhoNox,ALG12,KRI1,631,0.5961389262904511,all KO rows in frozen KO-cluster order
fe2+_ferhonox_live-cell_dye,FeRhoNox,ALG12,BORCS7,632,1.0971343353076255,all KO rows in frozen KO-cluster order
fe2+_ferhonox_live-cell_dye,FeRhoNox,ALG12,MAPK1,633,0.7990130545467403,all KO rows in frozen KO-cluster order
fe2+_ferhonox_live-cell_dye,FeRhoNox,ALG12,URM1,634,0.7083830949019809,all KO rows in frozen KO-cluster order
fe2+_ferhonox_live-cell_dye,FeRhoNox,ALG12,MAP2K7,635,1.229905845415914,all KO rows in frozen KO-cluster order
fe2+_ferhonox_live-cell_dye,FeRhoNox,ALG12,PRMT3,636,1.0108004095554977,all KO rows in frozen KO-cluster order
fe2+_ferhonox_live-cell_dye,FeRhoNox,ALG12,SCN10A,637,0.7181612765161643,all KO rows in frozen KO-cluster order
fe2+_ferhonox_live-cell_dye,FeRhoNox,ALG12,OR2T5,638,0.7107864253425428,all KO rows in frozen KO-cluster order
fe2+_ferhonox_live-cell_dye,FeRhoNox,ALG12,FUNDC2,639,1.0209908304966047,all KO rows in frozen KO-cluster order
fe2+_ferhonox_live-cell_dye,FeRhoNox,ALG12,FIGLA,640,1.1563390233417723,all KO rows in frozen KO-cluster order
fe2+_ferhonox_live-cell_dye,FeRhoNox,ALG12,CABIN1,641,0.8424324426203561,all KO rows in frozen KO-cluster order
fe2+_ferhonox_live-cell_dye,FeRhoNox,ALG12,COG8,642,0.8818956276130477,all KO rows in frozen KO-cluster order
fe2+_ferhonox_live-cell_dye,FeRhoNox,ALG12,INTS10,643,1.0801238862183957,all KO rows in frozen KO-cluster order
fe2+_ferhonox_live-cell_dye,FeRhoNox,ALG12,PATL1,644,0.9429153240796543,all KO rows in frozen KO-cluster order
fe2+_ferhonox_live-cell_dye,FeRhoNox,ALG12,GPX4,645,1.115806674741633,all KO rows in frozen KO-cluster order
fe2+_ferhonox_live-cell_dye,FeRhoNox,ALG12,QTRT1,646,0.9906369447091923,all KO rows in frozen KO-cluster order
fe2+_ferhonox_live-cell_dye,FeRhoNox,ALG12,GABBR1,647,0.8373373380803886,all KO rows in frozen KO-cluster order
fe2+_ferhonox_live-cell_dye,FeRhoNox,ALG12,CPOX,648,0.5502886331696404,all KO rows in frozen KO-cluster order
fe2+_ferhonox_live-cell_dye,FeRhoNox,ALG12,PAN2,649,0.7480151989394292,all KO rows in frozen KO-cluster order
fe2+_ferhonox_live-cell_dye,FeRhoNox,ALG12,H2AFX,650,0.6271774505069238,all KO rows in frozen KO-cluster order
fe2+_ferhonox_live-cell_dye,FeRhoNox,ALG12,NUP54,651,0.8940684466754316,all KO rows in frozen KO-cluster order
fe2+_ferhonox_live-cell_dye,FeRhoNox,ALG12,SCAF8,652,0.9103913827617472,all KO rows in frozen KO-cluster order
fe2+_ferhonox_live-cell_dye,FeRhoNox,ALG12,PPP1R2,653,0.7242208116344884,all KO rows in frozen KO-cluster order
fe2+_ferhonox_live-cell_dye,FeRhoNox,ALG12,TM2D2,654,1.2208498445004377,all KO rows in frozen KO-cluster order
fe2+_ferhonox_live-cell_dye,FeRhoNox,ALG12,HARS,655,0.766233406978574,all KO rows in frozen KO-cluster order
fe2+_ferhonox_live-cell_dye,FeRhoNox,ALG12,SYPL2,656,0.8180763915452545,all KO rows in frozen KO-cluster order
fe2+_ferhonox_live-cell_dye,FeRhoNox,ALG12,DHRS9,657,0.6693582913816344,all KO rows in frozen KO-cluster order
fe2+_ferhonox_live-cell_dye,FeRhoNox,ALG12,UQCC2,658,0.6580108972677993,all KO rows in frozen KO-cluster order
fe2+_ferhonox_live-cell_dye,FeRhoNox,ALG12,PDIA6,659,0.6494807956171569,all KO rows in frozen KO-cluster order
fe2+_ferhonox_live-cell_dye,FeRhoNox,ALG12,COQ10B,660,1.09288207442315,all KO rows in frozen KO-cluster order
fe2+_ferhonox_live-cell_dye,FeRhoNox,ALG12,CYP2C18,661,1.0531905317741521,all KO rows in frozen KO-cluster order
fe2+_ferhonox_live-cell_dye,FeRhoNox,ALG12,ATF6,662,1.055767248266657,all KO rows in frozen KO-cluster order
fe2+_ferhonox_live-cell_dye,FeRhoNox,ALG12,ETHE1,663,1.533292959275574,all KO rows in frozen KO-cluster order
fe2+_ferhonox_live-cell_dye,FeRhoNox,ALG12,EIF3M,664,1.5760022644446234,all KO rows in frozen KO-cluster order
fe2+_ferhonox_live-cell_dye,FeRhoNox,ALG12,EIF4G1,665,1.4687759017642048,all KO rows in frozen KO-cluster order
fe2+_ferhonox_live-cell_dye,FeRhoNox,ALG12,DNAJC19,666,1.2524249669440952,all KO rows in frozen KO-cluster order
fe2+_ferhonox_live-cell_dye,FeRhoNox,ALG12,SRPRA,667,1.7863027312575752,all KO rows in frozen KO-cluster order
fe2+_ferhonox_live-cell_dye,FeRhoNox,ALG12,CFL1,668,0.9692134223182547,all KO rows in frozen KO-cluster order
fe2+_ferhonox_live-cell_dye,FeRhoNox,ALG12,ADAMTS18,669,0.7689643297044443,all KO rows in frozen KO-cluster order
fe2+_ferhonox_live-cell_dye,FeRhoNox,ALG12,MUCL1,670,1.0272434811453728,all KO rows in frozen KO-cluster order
fe2+_ferhonox_live-cell_dye,FeRhoNox,ALG12,SEC63,671,1.5006773109142153,all KO rows in frozen KO-cluster order
fe2+_ferhonox_live-cell_dye,FeRhoNox,ALG12,APC,672,1.2227964182506268,all KO rows in frozen KO-cluster order
fe2+_ferhonox_live-cell_dye,FeRhoNox,ALG12,EIF5B,673,0.8941777021872466,all KO rows in frozen KO-cluster order
fe2+_ferhonox_live-cell_dye,FeRhoNox,ALG12,POLR2M,674,0.7426102047476755,all KO rows in frozen KO-cluster order
fe2+_ferhonox_live-cell_dye,FeRhoNox,ALG12,DGKD,675,0.9302462775053771,all KO rows in frozen KO-cluster order
fe2+_ferhonox_live-cell_dye,FeRhoNox,ALG12,LIAS,676,0.9978228050304758,all KO rows in frozen KO-cluster order
fe2+_ferhonox_live-cell_dye,FeRhoNox,ALG12,ELP2,677,0.9191233519510885,all KO rows in frozen KO-cluster order
fe2+_ferhonox_live-cell_dye,FeRhoNox,ALG12,DAD1,678,0.921166585870325,all KO rows in frozen KO-cluster order
fe2+_ferhonox_live-cell_dye,FeRhoNox,ALG12,MEX3C,679,0.8826707678527982,all KO rows in frozen KO-cluster order
fe2+_ferhonox_live-cell_dye,FeRhoNox,ALG12,CD164,680,1.0531738852808652,all KO rows in frozen KO-cluster order
fe2+_ferhonox_live-cell_dye,FeRhoNox,ALG12,COG7,681,0.760811112245696,all KO rows in frozen KO-cluster order
fe2+_ferhonox_live-cell_dye,FeRhoNox,ALG12,HBS1L,682,1.1012168565095963,all KO rows in frozen KO-cluster order
fe2+_ferhonox_live-cell_dye,FeRhoNox,ALG12,ADAT3,683,1.3259732600431815,all KO rows in frozen KO-cluster order
fe2+_ferhonox_live-cell_dye,FeRhoNox,ALG12,ALAS1,684,1.2834217655506268,all KO rows in frozen KO-cluster order
fe2+_ferhonox_live-cell_dye,FeRhoNox,ALG12,NCDN,685,1.2808579529739181,all KO rows in frozen KO-cluster order
fe2+_ferhonox_live-cell_dye,FeRhoNox,ALG12,UFM1,686,1.5191014583898048,all KO rows in frozen KO-cluster order
fe2+_ferhonox_live-cell_dye,FeRhoNox,ALG12,SEC16A,687,1.305722632734155,all KO rows in frozen KO-cluster order
fe2+_ferhonox_live-cell_dye,FeRhoNox,ALG12,TAF6,688,1.7584549846407957,all KO rows in frozen KO-cluster order
fe2+_ferhonox_live-cell_dye,FeRhoNox,ALG12,DYRK1A,689,1.9824517484513706,all KO rows in frozen KO-cluster order
fe2+_ferhonox_live-cell_dye,FeRhoNox,ALG12,RBM5,690,1.3044727408114276,all KO rows in frozen KO-cluster order
fe2+_ferhonox_live-cell_dye,FeRhoNox,ALG12,TMEM63B,691,1.1842102478021517,all KO rows in frozen KO-cluster order
fe2+_ferhonox_live-cell_dye,FeRhoNox,ALG12,UFL1,692,1.1676876025280716,all KO rows in frozen KO-cluster order
fe2+_ferhonox_live-cell_dye,FeRhoNox,ALG12,RTTN,693,0.9826756075354279,all KO rows in frozen KO-cluster order
fe2+_ferhonox_live-cell_dye,FeRhoNox,ALG12,METTL3,694,1.095437751382923,all KO rows in frozen KO-cluster order
fe2+_ferhonox_live-cell_dye,FeRhoNox,ALG12,PCF11,695,1.2742622368083005,all KO rows in frozen KO-cluster order
fe2+_ferhonox_live-cell_dye,FeRhoNox,ALG12,GPX8,696,1.6025717808027047,all KO rows in frozen KO-cluster order
fe2+_ferhonox_live-cell_dye,FeRhoNox,ALG12,RAB10,697,1.1564368579570798,all KO rows in frozen KO-cluster order
fe2+_ferhonox_live-cell_dye,FeRhoNox,ALG12,PPP1R15B,698,1.2484936011296317,all KO rows in frozen KO-cluster order
fe2+_ferhonox_live-cell_dye,FeRhoNox,ALG12,DDRGK1,699,1.0228539605350389,all KO rows in frozen KO-cluster order
fe2+_ferhonox_live-cell_dye,FeRhoNox,ALG12,TIMM17B,700,1.374870802150121,all KO rows in frozen KO-cluster order
fe2+_ferhonox_live-cell_dye,FeRhoNox,ALG12,IDH3B,701,1.1869323900309081,all KO rows in frozen KO-cluster order
fe2+_ferhonox_live-cell_dye,FeRhoNox,ALG12,SPCS3,702,1.127212368652024,all KO rows in frozen KO-cluster order
fe2+_ferhonox_live-cell_dye,FeRhoNox,ALG12,PLA2G4A,703,1.2094329502350194,all KO rows in frozen KO-cluster order
fe2+_ferhonox_live-cell_dye,FeRhoNox,ALG12,YIPF5,704,1.035301227863019,all KO rows in frozen KO-cluster order
fe2+_ferhonox_live-cell_dye,FeRhoNox,ALG12,GRIA3,705,1.4883866198597526,all KO rows in frozen KO-cluster order
fe2+_ferhonox_live-cell_dye,FeRhoNox,ALG12,RANBP1,706,0.9491953247576544,all KO rows in frozen KO-cluster order
fe2+_ferhonox_live-cell_dye,FeRhoNox,ALG12,TRAPPC11,707,1.1638546626262578,all KO rows in frozen KO-cluster order
fe2+_ferhonox_live-cell_dye,FeRhoNox,ALG12,RPRD1A,708,1.1288746740129518,all KO rows in frozen KO-cluster order
fe2+_ferhonox_live-cell_dye,FeRhoNox,ALG12,USP14,709,1.2080294928862882,all KO rows in frozen KO-cluster order
fe2+_ferhonox_live-cell_dye,FeRhoNox,ALG12,STX8,710,1.0453152168358943,all KO rows in frozen KO-cluster order
fe2+_ferhonox_live-cell_dye,FeRhoNox,ALG12,SSBP3,711,1.4222935205944018,all KO rows in frozen KO-cluster order
fe2+_ferhonox_live-cell_dye,FeRhoNox,ALG12,RABGGTA,712,1.3177965478660114,all KO rows in frozen KO-cluster order
fe2+_ferhonox_live-cell_dye,FeRhoNox,ALG12,EXOC5,713,0.8646151891523338,all KO rows in frozen KO-cluster order
fe2+_ferhonox_live-cell_dye,FeRhoNox,ALG12,JUNB,714,1.0534614931698372,all KO rows in frozen KO-cluster order
fe2+_ferhonox_live-cell_dye,FeRhoNox,ALG12,TGFBR1,715,0.9527295161354934,all KO rows in frozen KO-cluster order
fe2+_ferhonox_live-cell_dye,FeRhoNox,ALG12,TARS,716,0.7485531045660802,all KO rows in frozen KO-cluster order
fe2+_ferhonox_live-cell_dye,FeRhoNox,ALG12,TLR3,717,0.6967465981941866,all KO rows in frozen KO-cluster order
fe2+_ferhonox_live-cell_dye,FeRhoNox,ALG12,CCR2,718,0.9864884261994594,all KO rows in frozen KO-cluster order
fe2+_ferhonox_live-cell_dye,FeRhoNox,ALG12,NDUFC1,719,1.0162795202888657,all KO rows in frozen KO-cluster order
fe2+_ferhonox_live-cell_dye,FeRhoNox,ALG12,CCNF,720,1.1151725643928236,all KO rows in frozen KO-cluster order
fe2+_ferhonox_live-cell_dye,FeRhoNox,ALG12,SAMM50,721,1.2889677925579837,all KO rows in frozen KO-cluster order
fe2+_ferhonox_live-cell_dye,FeRhoNox,ALG12,KCNG4,722,0.6468581823695996,all KO rows in frozen KO-cluster order
fe2+_ferhonox_live-cell_dye,FeRhoNox,ALG12,NAPG,723,0.7665951310857764,all KO rows in frozen KO-cluster order
fe2+_ferhonox_live-cell_dye,FeRhoNox,ALG12,SMC1A,724,1.034380794630062,all KO rows in frozen KO-cluster order
fe2+_ferhonox_live-cell_dye,FeRhoNox,ALG12,SLC25A24,725,0.727670680902342,all KO rows in frozen KO-cluster order
fe2+_ferhonox_live-cell_dye,FeRhoNox,ALG12,AP1M1,726,0.9080900417327141,all KO rows in frozen KO-cluster order
fe2+_ferhonox_live-cell_dye,FeRhoNox,ALG12,DGCR8,727,0.9193070734239215,all KO rows in frozen KO-cluster order
fe2+_ferhonox_live-cell_dye,FeRhoNox,ALG12,RAB11A,728,0.7283731640821643,all KO rows in frozen KO-cluster order
fe2+_ferhonox_live-cell_dye,FeRhoNox,ALG12,HYOU1,729,1.0421953342186143,all KO rows in frozen KO-cluster order
fe2+_ferhonox_live-cell_dye,FeRhoNox,ALG12,RIOK2,730,0.8547753829930994,all KO rows in frozen KO-cluster order
fe2+_ferhonox_live-cell_dye,FeRhoNox,ALG12,RXRA,731,0.9276905426259521,all KO rows in frozen KO-cluster order
fe2+_ferhonox_live-cell_dye,FeRhoNox,ALG12,PRRC2A,732,0.861679496450904,all KO rows in frozen KO-cluster order
fe2+_ferhonox_live-cell_dye,FeRhoNox,ALG12,C1D,733,0.6383382563672363,all KO rows in frozen KO-cluster order
fe2+_ferhonox_live-cell_dye,FeRhoNox,ALG12,CPSF6,734,0.6549913933559265,all KO rows in frozen KO-cluster order
fe2+_ferhonox_live-cell_dye,FeRhoNox,ALG12,BTBD9,735,0.8076923527765755,all KO rows in frozen KO-cluster order
fe2+_ferhonox_live-cell_dye,FeRhoNox,ALG12,ITGB1,736,0.9793247357090976,all KO rows in frozen KO-cluster order
fe2+_ferhonox_live-cell_dye,FeRhoNox,ALG12,SMC3,737,1.1060876459833846,all KO rows in frozen KO-cluster order
fe2+_ferhonox_live-cell_dye,FeRhoNox,ALG12,DNMT1,738,0.7426442174036212,all KO rows in frozen KO-cluster order
fe2+_ferhonox_live-cell_dye,FeRhoNox,ALG12,ADRB2,739,0.5409618054390184,all KO rows in frozen KO-cluster order
fe2+_ferhonox_live-cell_dye,FeRhoNox,ALG12,SACM1L,740,0.555340688839067,all KO rows in frozen KO-cluster order
fe2+_ferhonox_live-cell_dye,FeRhoNox,ALG12,SPEN,741,0.864573383187021,all KO rows in frozen KO-cluster order
fe2+_ferhonox_live-cell_dye,FeRhoNox,ALG12,MANF,742,0.6199371829865317,all KO rows in frozen KO-cluster order
fe2+_ferhonox_live-cell_dye,FeRhoNox,ALG12,HIST1H2BK,743,0.8232652066783969,all KO rows in frozen KO-cluster order
fe2+_ferhonox_live-cell_dye,FeRhoNox,ALG12,MGAM,744,0.7274238882662853,all KO rows in frozen KO-cluster order
fe2+_ferhonox_live-cell_dye,FeRhoNox,ALG12,CD3EAP,745,0.5270209212255642,all KO rows in frozen KO-cluster order
fe2+_ferhonox_live-cell_dye,FeRhoNox,ALG12,GAK,746,0.7765498840257535,all KO rows in frozen KO-cluster order
fe2+_ferhonox_live-cell_dye,FeRhoNox,ALG12,PREB,747,0.9092331409838311,all KO rows in frozen KO-cluster order
fe2+_ferhonox_live-cell_dye,FeRhoNox,ALG12,DYNC1I2,748,0.9020714690758977,all KO rows in frozen KO-cluster order
fe2+_ferhonox_live-cell_dye,FeRhoNox,ALG12,TMED2,749,0.963237144849009,all KO rows in frozen KO-cluster order
fe2+_ferhonox_live-cell_dye,FeRhoNox,ALG12,RNF146,750,0.715641976540193,all KO rows in frozen KO-cluster order
fe2+_ferhonox_live-cell_dye,FeRhoNox,ALG12,TSC2,751,0.7470859740969503,all KO rows in frozen KO-cluster order
fe2+_ferhonox_live-cell_dye,FeRhoNox,ALG12,DRAP1,752,0.7972270736756929,all KO rows in frozen KO-cluster order
fe2+_ferhonox_live-cell_dye,FeRhoNox,ALG12,SNX32,753,0.6078130504305693,all KO rows in frozen KO-cluster order
fe2+_ferhonox_live-cell_dye,FeRhoNox,ALG12,TNFRSF1A,754,0.5846185645705609,all KO rows in frozen KO-cluster order
fe2+_ferhonox_live-cell_dye,FeRhoNox,ALG12,ALKBH8,755,0.6646541219002853,all KO rows in frozen KO-cluster order
fe2+_ferhonox_live-cell_dye,FeRhoNox,ALG12,DDOST,756,0.6910364245893141,all KO rows in frozen KO-cluster order
fe2+_ferhonox_live-cell_dye,FeRhoNox,ALG12,POU3F1,757,0.47671982134544755,all KO rows in frozen KO-cluster order
fe2+_ferhonox_live-cell_dye,FeRhoNox,ALG12,KIN,758,0.8147692703400566,all KO rows in frozen KO-cluster order
fe2+_ferhonox_live-cell_dye,FeRhoNox,ALG12,PLEKHM2,759,0.8910035843134226,all KO rows in frozen KO-cluster order
fe2+_ferhonox_live-cell_dye,FeRhoNox,ALG12,CHMP2A,760,0.6825210908470877,all KO rows in frozen KO-cluster order
fe2+_ferhonox_live-cell_dye,FeRhoNox,ALG12,MRGBP,761,0.6725723905938367,all KO rows in frozen KO-cluster order
fe2+_ferhonox_live-cell_dye,FeRhoNox,ALG12,TMOD4,762,0.5471129621504441,all KO rows in frozen KO-cluster order
fe2+_ferhonox_live-cell_dye,FeRhoNox,ALG12,SDC1,763,0.7460420056871258,all KO rows in frozen KO-cluster order
fe2+_ferhonox_live-cell_dye,FeRhoNox,ALG12,B4GALT3,764,1.0451939580729461,all KO rows in frozen KO-cluster order
fe2+_ferhonox_live-cell_dye,FeRhoNox,ALG12,RAC3,765,0.8495880489102068,all KO rows in frozen KO-cluster order
fe2+_ferhonox_live-cell_dye,FeRhoNox,ALG12,SYVN1,766,0.9991763329475559,all KO rows in frozen KO-cluster order
fe2+_ferhonox_live-cell_dye,FeRhoNox,ALG12,LYSMD1,767,0.6228072475363454,all KO rows in frozen KO-cluster order
fe2+_ferhonox_live-cell_dye,FeRhoNox,ALG12,DPH2,768,0.6637692082923864,all KO rows in frozen KO-cluster order
fe2+_ferhonox_live-cell_dye,FeRhoNox,ALG12,RAB6A,769,1.0404509780260935,all KO rows in frozen KO-cluster order
fe2+_ferhonox_live-cell_dye,FeRhoNox,ALG12,TLR2,770,0.675803950014039,all KO rows in frozen KO-cluster order
fe2+_ferhonox_live-cell_dye,FeRhoNox,ALG12,FGF1,771,0.6927952379704232,all KO rows in frozen KO-cluster order
fe2+_ferhonox_live-cell_dye,FeRhoNox,ALG12,EFR3A,772,0.6239126818661783,all KO rows in frozen KO-cluster order
fe2+_ferhonox_live-cell_dye,FeRhoNox,ALG12,TAF12,773,1.1130408359284534,all KO rows in frozen KO-cluster order
fe2+_ferhonox_live-cell_dye,FeRhoNox,ALG12,SERINC3,774,0.7445550012529764,all KO rows in frozen KO-cluster order
fe2+_ferhonox_live-cell_dye,FeRhoNox,ALG12,FANCM,775,0.8292271939087981,all KO rows in frozen KO-cluster order
fe2+_ferhonox_live-cell_dye,FeRhoNox,ALG12,CALM1,776,0.822062452325679,all KO rows in frozen KO-cluster order
fe2+_ferhonox_live-cell_dye,FeRhoNox,ALG12,INTS5,777,1.2623501117826668,all KO rows in frozen KO-cluster order
fe2+_ferhonox_live-cell_dye,FeRhoNox,ALG12,POLR1E,778,0.6800411853013968,all KO rows in frozen KO-cluster order
fe2+_ferhonox_live-cell_dye,FeRhoNox,ALG12,MRM1,779,0.9482737213879974,all KO rows in frozen KO-cluster order
fe2+_ferhonox_live-cell_dye,FeRhoNox,ALG12,ZBTB7B,780,0.8748266281142268,all KO rows in frozen KO-cluster order
fe2+_ferhonox_live-cell_dye,FeRhoNox,ALG12,TMX2,781,0.6932079134280165,all KO rows in frozen KO-cluster order
fe2+_ferhonox_live-cell_dye,FeRhoNox,ALG12,INTS7,782,1.2570196252750239,all KO rows in frozen KO-cluster order
fe2+_ferhonox_live-cell_dye,FeRhoNox,ALG12,INTS1,783,1.2225825732286388,all KO rows in frozen KO-cluster order
fe2+_ferhonox_live-cell_dye,FeRhoNox,ALG12,PRDM13,784,0.6332833376240331,all KO rows in frozen KO-cluster order
fe2+_ferhonox_live-cell_dye,FeRhoNox,ALG12,LARP7,785,0.7579617219297662,all KO rows in frozen KO-cluster order
fe2+_ferhonox_live-cell_dye,FeRhoNox,ALG12,SUV39H1,786,0.8446808270568684,all KO rows in frozen KO-cluster order
fe2+_ferhonox_live-cell_dye,FeRhoNox,ALG12,NAMPT,787,0.7706777461112085,all KO rows in frozen KO-cluster order
fe2+_ferhonox_live-cell_dye,FeRhoNox,ALG12,DNASE1L1,788,0.5932558919794861,all KO rows in frozen KO-cluster order
fe2+_ferhonox_live-cell_dye,FeRhoNox,ALG12,MIEN1,789,0.8215539827400231,all KO rows in frozen KO-cluster order
fe2+_ferhonox_live-cell_dye,FeRhoNox,ALG12,RHOG,790,0.6806710475977168,all KO rows in frozen KO-cluster order
fe2+_ferhonox_live-cell_dye,FeRhoNox,ALG12,ADRA2C,791,0.6371119126118449,all KO rows in frozen KO-cluster order
fe2+_ferhonox_live-cell_dye,FeRhoNox,ALG12,PARP12,792,0.8378211881015011,all KO rows in frozen KO-cluster order
fe2+_ferhonox_live-cell_dye,FeRhoNox,ALG12,DYNLL2,793,0.7292189592371869,all KO rows in frozen KO-cluster order
fe2+_ferhonox_live-cell_dye,FeRhoNox,ALG12,CRAT,794,0.6096739775449111,all KO rows in frozen KO-cluster order
fe2+_ferhonox_live-cell_dye,FeRhoNox,ALG12,TAF1B,795,0.5277053009953179,all KO rows in frozen KO-cluster order
fe2+_ferhonox_live-cell_dye,FeRhoNox,ALG12,FGFR1OP2,796,0.847870719489087,all KO rows in frozen KO-cluster order
fe2+_ferhonox_live-cell_dye,FeRhoNox,ALG12,FGFR1OP,797,0.7314493857297758,all KO rows in frozen KO-cluster order
fe2+_ferhonox_live-cell_dye,FeRhoNox,ALG12,METAP1,798,0.8829196394399167,all KO rows in frozen KO-cluster order
fe2+_ferhonox_live-cell_dye,FeRhoNox,ALG12,CA7,799,0.8458374286359827,all KO rows in frozen KO-cluster order
fe2+_ferhonox_live-cell_dye,FeRhoNox,ALG12,IZUMO2,800,0.7451062062655595,all KO rows in frozen KO-cluster order
fe2+_ferhonox_live-cell_dye,FeRhoNox,ALG12,ZFR,801,1.040269615128719,all KO rows in frozen KO-cluster order
fe2+_ferhonox_live-cell_dye,FeRhoNox,ALG12,PRKACA,802,0.6388445559520792,all KO rows in frozen KO-cluster order
fe2+_ferhonox_live-cell_dye,FeRhoNox,ALG12,ATP6V0A2,803,0.8289376817693289,all KO rows in frozen KO-cluster order
fe2+_ferhonox_live-cell_dye,FeRhoNox,ALG12,BEND6,804,0.7258243941719019,all KO rows in frozen KO-cluster order
fe2+_ferhonox_live-cell_dye,FeRhoNox,ALG12,TTI2,805,0.9575791608948646,all KO rows in frozen KO-cluster order
fe2+_ferhonox_live-cell_dye,FeRhoNox,ALG12,CNOT10,806,0.9208672056138882,all KO rows in frozen KO-cluster order
fe2+_ferhonox_live-cell_dye,FeRhoNox,ALG12,CNOT11,807,0.8363218245727942,all KO rows in frozen KO-cluster order
fe2+_ferhonox_live-cell_dye,FeRhoNox,ALG12,TTN,808,0.6877355720080117,all KO rows in frozen KO-cluster order
fe2+_ferhonox_live-cell_dye,FeRhoNox,ALG12,STXBP3,809,0.7980152405268142,all KO rows in frozen KO-cluster order
fe2+_ferhonox_live-cell_dye,FeRhoNox,ALG12,AKR1C3,810,1.4368241526586691,all KO rows in frozen KO-cluster order
fe2+_ferhonox_live-cell_dye,FeRhoNox,ALG12,LIN37,811,0.6601903321407644,all KO rows in frozen KO-cluster order
fe2+_ferhonox_live-cell_dye,FeRhoNox,ALG12,FJX1,812,0.8373997312878205,all KO rows in frozen KO-cluster order
fe2+_ferhonox_live-cell_dye,FeRhoNox,ALG12,CTU2,813,0.7328542488435236,all KO rows in frozen KO-cluster order
fe2+_ferhonox_live-cell_dye,FeRhoNox,ALG12,VTI1A,814,0.5706692447933406,all KO rows in frozen KO-cluster order
fe2+_ferhonox_live-cell_dye,FeRhoNox,ALG12,LAMTOR3,815,0.666281085511671,all KO rows in frozen KO-cluster order
fe2+_ferhonox_live-cell_dye,FeRhoNox,ALG12,HIC2,816,0.5932871218867194,all KO rows in frozen KO-cluster order
fe2+_ferhonox_live-cell_dye,FeRhoNox,ALG12,CHMP4B,817,0.6111879773284525,all KO rows in frozen KO-cluster order
fe2+_ferhonox_live-cell_dye,FeRhoNox,ALG12,CHMP5,818,0.7913425213728243,all KO rows in frozen KO-cluster order
fe2+_ferhonox_live-cell_dye,FeRhoNox,ALG12,MTA2,819,0.7901066210604596,all KO rows in frozen KO-cluster order
fe2+_ferhonox_live-cell_dye,FeRhoNox,ALG12,HAMP,820,0.8480367108347879,all KO rows in frozen KO-cluster order
fe2+_ferhonox_live-cell_dye,FeRhoNox,ALG12,FANCC,821,1.0337968910610085,all KO rows in frozen KO-cluster order
fe2+_ferhonox_live-cell_dye,FeRhoNox,ALG12,TMED10,822,0.909823512023286,all KO rows in frozen KO-cluster order
fe2+_ferhonox_live-cell_dye,FeRhoNox,ALG12,COL9A1,823,0.7516035573047956,all KO rows in frozen KO-cluster order
fe2+_ferhonox_live-cell_dye,FeRhoNox,ALG12,RAD21,824,1.0828425059774929,all KO rows in frozen KO-cluster order
fe2+_ferhonox_live-cell_dye,FeRhoNox,ALG12,PSMC2,825,1.6926001478154116,all KO rows in frozen KO-cluster order
fe2+_ferhonox_live-cell_dye,FeRhoNox,ALG12,KPNB1,826,1.834072836641273,all KO rows in frozen KO-cluster order
fe2+_ferhonox_live-cell_dye,FeRhoNox,ALG12,NEDD8,827,0.9927728705233574,all KO rows in frozen KO-cluster order
fe2+_ferhonox_live-cell_dye,FeRhoNox,ALG12,CCT3,828,1.0586990517604504,all KO rows in frozen KO-cluster order
fe2+_ferhonox_live-cell_dye,FeRhoNox,ALG12,SRSF3,829,1.8588556574131272,all KO rows in frozen KO-cluster order
fe2+_ferhonox_live-cell_dye,FeRhoNox,ALG12,CCT6A,830,1.6081110687119173,all KO rows in frozen KO-cluster order
fe2+_ferhonox_live-cell_dye,FeRhoNox,ALG12,POLR2F,831,1.5005950530470953,all KO rows in frozen KO-cluster order
fe2+_ferhonox_live-cell_dye,FeRhoNox,ALG12,CCT4,832,1.3110395476333454,all KO rows in frozen KO-cluster order
fe2+_ferhonox_live-cell_dye,FeRhoNox,ALG12,RRS1,833,1.0120198295979448,all KO rows in frozen KO-cluster order
fe2+_ferhonox_live-cell_dye,FeRhoNox,ALG12,GTF2A1,834,1.3377822749531443,all KO rows in frozen KO-cluster order
fe2+_ferhonox_live-cell_dye,FeRhoNox,ALG12,SRSF7,835,1.1742592180175824,all KO rows in frozen KO-cluster order
fe2+_ferhonox_live-cell_dye,FeRhoNox,ALG12,SLC39A9,836,0.6022157328632964,all KO rows in frozen KO-cluster order
fe2+_ferhonox_live-cell_dye,FeRhoNox,ALG12,PIM2,837,0.5883850957805209,all KO rows in frozen KO-cluster order
fe2+_ferhonox_live-cell_dye,FeRhoNox,ALG12,ASNA1,838,0.5989753022576955,all KO rows in frozen KO-cluster order
fe2+_ferhonox_live-cell_dye,FeRhoNox,ALG12,SEC24A,839,0.6196636558312038,all KO rows in frozen KO-cluster order
fe2+_ferhonox_live-cell_dye,FeRhoNox,ALG12,DCAF7,840,1.0238272319359132,all KO rows in frozen KO-cluster order
fe2+_ferhonox_live-cell_dye,FeRhoNox,ALG12,TSPAN31,841,1.0803578227111048,all KO rows in frozen KO-cluster order
fe2+_ferhonox_live-cell_dye,FeRhoNox,ALG12,MBD5,842,0.7784159332466484,all KO rows in frozen KO-cluster order
fe2+_ferhonox_live-cell_dye,FeRhoNox,ALG12,MCEE,843,0.8028811643315612,all KO rows in frozen KO-cluster order
fe2+_ferhonox_live-cell_dye,FeRhoNox,ALG12,OAZ1,844,0.5665431544082948,all KO rows in frozen KO-cluster order
fe2+_ferhonox_live-cell_dye,FeRhoNox,ALG12,STXBP1,845,0.6626424055274859,all KO rows in frozen KO-cluster order
fe2+_ferhonox_live-cell_dye,FeRhoNox,ALG12,ARNT2,846,0.6817348928264756,all KO rows in frozen KO-cluster order
fe2+_ferhonox_live-cell_dye,FeRhoNox,ALG12,ATP6V1H,847,0.7067960387104907,all KO rows in frozen KO-cluster order
fe2+_ferhonox_live-cell_dye,FeRhoNox,ALG12,LIN9,848,0.7362441026663293,all KO rows in frozen KO-cluster order
fe2+_ferhonox_live-cell_dye,FeRhoNox,ALG12,ARID5B,849,0.5604695096761715,all KO rows in frozen KO-cluster order
fe2+_ferhonox_live-cell_dye,FeRhoNox,ALG12,CDIPT,850,0.675909367464556,all KO rows in frozen KO-cluster order
fe2+_ferhonox_live-cell_dye,FeRhoNox,ALG12,HECTD1,851,0.7775057050434757,all KO rows in frozen KO-cluster order
fe2+_ferhonox_live-cell_dye,FeRhoNox,ALG12,TRIM33,852,0.7885782590950228,all KO rows in frozen KO-cluster order
fe2+_ferhonox_live-cell_dye,FeRhoNox,ALG12,TIPARP,853,0.9419123324418608,all KO rows in frozen KO-cluster order
fe2+_ferhonox_live-cell_dye,FeRhoNox,ALG12,DPH3,854,0.7246263121735987,all KO rows in frozen KO-cluster order
fe2+_ferhonox_live-cell_dye,FeRhoNox,ALG12,INO80E,855,0.5492216553807879,all KO rows in frozen KO-cluster order
fe2+_ferhonox_live-cell_dye,FeRhoNox,ALG12,ELP4,856,0.679012005897248,all KO rows in frozen KO-cluster order
fe2+_ferhonox_live-cell_dye,FeRhoNox,ALG12,IMPA2,857,0.7751097011385947,all KO rows in frozen KO-cluster order
fe2+_ferhonox_live-cell_dye,FeRhoNox,ALG12,VPS25,858,0.6315456841020248,all KO rows in frozen KO-cluster order
fe2+_ferhonox_live-cell_dye,FeRhoNox,ALG12,GNG5,859,0.6030261720195536,all KO rows in frozen KO-cluster order
fe2+_ferhonox_live-cell_dye,FeRhoNox,ALG12,ZNF219,860,0.6181096775575506,all KO rows in frozen KO-cluster order
fe2+_ferhonox_live-cell_dye,FeRhoNox,ALG12,CREBBP,861,0.76912561274584,all KO rows in frozen KO-cluster order
fe2+_ferhonox_live-cell_dye,FeRhoNox,ALG12,THG1L,862,0.6933752049511718,all KO rows in frozen KO-cluster order
fe2+_ferhonox_live-cell_dye,FeRhoNox,ALG12,PPP1CA,863,0.7158424506894108,all KO rows in frozen KO-cluster order
fe2+_ferhonox_live-cell_dye,FeRhoNox,ALG12,HSD17B12,864,0.8683084681184995,all KO rows in frozen KO-cluster order
fe2+_ferhonox_live-cell_dye,FeRhoNox,ALG12,KIF17,865,0.90726363378373,all KO rows in frozen KO-cluster order
fe2+_ferhonox_live-cell_dye,FeRhoNox,ALG12,NUFIP2,866,0.9998059296680357,all KO rows in frozen KO-cluster order
fe2+_ferhonox_live-cell_dye,FeRhoNox,ALG12,MROH6,867,0.6960720551359696,all KO rows in frozen KO-cluster order
fe2+_ferhonox_live-cell_dye,FeRhoNox,ALG12,COA4,868,0.8066061712283503,all KO rows in frozen KO-cluster order
fe2+_ferhonox_live-cell_dye,FeRhoNox,ALG12,HNRNPH2,869,0.881048939014644,all KO rows in frozen KO-cluster order
fe2+_ferhonox_live-cell_dye,FeRhoNox,ALG12,CTDSP1,870,0.6742958229344983,all KO rows in frozen KO-cluster order
fe2+_ferhonox_live-cell_dye,FeRhoNox,ALG12,SLC38A6,871,1.1796890975915535,all KO rows in frozen KO-cluster order
fe2+_ferhonox_live-cell_dye,FeRhoNox,ALG12,STMN1,872,0.9554908008987483,all KO rows in frozen KO-cluster order
fe2+_ferhonox_live-cell_dye,FeRhoNox,ALG12,ELOVL1,873,1.0158538169214744,all KO rows in frozen KO-cluster order
fe2+_ferhonox_live-cell_dye,FeRhoNox,ALG12,CAPZB,874,1.674924481004074,all KO rows in frozen KO-cluster order
fe2+_ferhonox_live-cell_dye,FeRhoNox,ALG12,MEAF6,875,0.7709344078445651,all KO rows in frozen KO-cluster order
fe2+_ferhonox_live-cell_dye,FeRhoNox,ALG12,EMC2,876,1.4119687480438348,all KO rows in frozen KO-cluster order
fe2+_ferhonox_live-cell_dye,FeRhoNox,ALG12,TTI1,877,0.7149419457573194,all KO rows in frozen KO-cluster order
fe2+_ferhonox_live-cell_dye,FeRhoNox,ALG12,TMEM167A,878,0.6149604174415753,all KO rows in frozen KO-cluster order
fe2+_ferhonox_live-cell_dye,FeRhoNox,ALG12,TSC1,879,0.546682620923027,all KO rows in frozen KO-cluster order
fe2+_ferhonox_live-cell_dye,FeRhoNox,ALG12,CSNK2A3,880,0.7237548349967192,all KO rows in frozen KO-cluster order
fe2+_ferhonox_live-cell_dye,FeRhoNox,ALG12,MCM5,881,0.823164219391781,all KO rows in frozen KO-cluster order
fe2+_ferhonox_live-cell_dye,FeRhoNox,ALG12,FBXW11,882,0.793681059893959,all KO rows in frozen KO-cluster order
fe2+_ferhonox_live-cell_dye,FeRhoNox,ALG12,CSNK2A2,883,0.720336528760196,all KO rows in frozen KO-cluster order
fe2+_ferhonox_live-cell_dye,FeRhoNox,ALG12,MRPL20,884,0.7499542218064997,all KO rows in frozen KO-cluster order
fe2+_ferhonox_live-cell_dye,FeRhoNox,ALG12,DYNC1H1,885,0.7095378124756889,all KO rows in frozen KO-cluster order
fe2+_ferhonox_live-cell_dye,FeRhoNox,ALG12,DCTN4,886,0.8274274865236944,all KO rows in frozen KO-cluster order
fe2+_ferhonox_live-cell_dye,FeRhoNox,ALG12,DYNC1LI1,887,0.9722181943607369,all KO rows in frozen KO-cluster order
fe2+_ferhonox_live-cell_dye,FeRhoNox,ALG12,PRELID3B,888,0.8891001992784167,all KO rows in frozen KO-cluster order
fe2+_ferhonox_live-cell_dye,FeRhoNox,ALG12,COPS3,889,0.7144073980046441,all KO rows in frozen KO-cluster order
fe2+_ferhonox_live-cell_dye,FeRhoNox,ALG12,FKBP9,890,0.7482911576658456,all KO rows in frozen KO-cluster order
fe2+_ferhonox_live-cell_dye,FeRhoNox,ALG12,MRPL34,891,0.9715957713559927,all KO rows in frozen KO-cluster order
fe2+_ferhonox_live-cell_dye,FeRhoNox,ALG12,PDPK1,892,1.3367413554756107,all KO rows in frozen KO-cluster order
fe2+_ferhonox_live-cell_dye,FeRhoNox,ALG12,RBM26,893,0.9574958470582434,all KO rows in frozen KO-cluster order
fe2+_ferhonox_live-cell_dye,FeRhoNox,ALG12,ITPR1,894,0.7115655197212386,all KO rows in frozen KO-cluster order
fe2+_ferhonox_live-cell_dye,FeRhoNox,ALG12,EXOC4,895,0.8620008495310543,all KO rows in frozen KO-cluster order
fe2+_ferhonox_live-cell_dye,FeRhoNox,ALG12,RAB4A,896,0.7473873946431767,all KO rows in frozen KO-cluster order
fe2+_ferhonox_live-cell_dye,FeRhoNox,ALG12,MRPL40,897,0.7330707019132797,all KO rows in frozen KO-cluster order
fe2+_ferhonox_live-cell_dye,FeRhoNox,ALG12,COG4,898,0.6039795298395971,all KO rows in frozen KO-cluster order
fe2+_ferhonox_live-cell_dye,FeRhoNox,ALG12,DCTN5,899,0.8378229128147456,all KO rows in frozen KO-cluster order
fe2+_ferhonox_live-cell_dye,FeRhoNox,ALG12,FARSB,900,0.8176658943509834,all KO rows in frozen KO-cluster order
fe2+_ferhonox_live-cell_dye,FeRhoNox,ALG12,GRPEL1,901,1.0850887718794318,all KO rows in frozen KO-cluster order
fe2+_ferhonox_live-cell_dye,FeRhoNox,ALG12,EBF1,902,0.7271166855410334,all KO rows in frozen KO-cluster order
fe2+_ferhonox_live-cell_dye,FeRhoNox,ALG12,PTK2,903,0.8821416558124235,all KO rows in frozen KO-cluster order
fe2+_ferhonox_live-cell_dye,FeRhoNox,ALG12,UGT3A2,904,0.634985465689398,all KO rows in frozen KO-cluster order
fe2+_ferhonox_live-cell_dye,FeRhoNox,ALG12,THOC7,905,0.7082163187947734,all KO rows in frozen KO-cluster order
fe2+_ferhonox_live-cell_dye,FeRhoNox,ALG12,B3GNT2,906,0.7097153049920631,all KO rows in frozen KO-cluster order
fe2+_ferhonox_live-cell_dye,FeRhoNox,ALG12,MAPRE3,907,0.6365843433174596,all KO rows in frozen KO-cluster order
fe2+_ferhonox_live-cell_dye,FeRhoNox,ALG12,ATXN7L3,908,0.709529473233252,all KO rows in frozen KO-cluster order
fe2+_ferhonox_live-cell_dye,FeRhoNox,ALG12,PRSS3,909,0.8051593091983962,all KO rows in frozen KO-cluster order
fe2+_ferhonox_live-cell_dye,FeRhoNox,ALG12,BLOC1S2,910,0.5789962536941455,all KO rows in frozen KO-cluster order
fe2+_ferhonox_live-cell_dye,FeRhoNox,ALG12,ERCC3,911,0.7323521750810049,all KO rows in frozen KO-cluster order
fe2+_ferhonox_live-cell_dye,FeRhoNox,ALG12,KLHL7,912,0.578937273820105,all KO rows in frozen KO-cluster order
fe2+_ferhonox_live-cell_dye,FeRhoNox,ALG12,CCNG1,913,0.7000644843624433,all KO rows in frozen KO-cluster order
fe2+_ferhonox_live-cell_dye,FeRhoNox,ALG12,REST,914,0.5814986724189323,all KO rows in frozen KO-cluster order
fe2+_ferhonox_live-cell_dye,FeRhoNox,ALG12,MCRS1,915,0.6701904227421761,all KO rows in frozen KO-cluster order
fe2+_ferhonox_live-cell_dye,FeRhoNox,ALG12,CCDC59,916,0.6804331036485084,all KO rows in frozen KO-cluster order
fe2+_ferhonox_live-cell_dye,FeRhoNox,ALG12,SEC23B,917,0.8131003814600045,all KO rows in frozen KO-cluster order
fe2+_ferhonox_live-cell_dye,FeRhoNox,ALG12,LAMTOR4,918,0.6896841145669623,all KO rows in frozen KO-cluster order
fe2+_ferhonox_live-cell_dye,FeRhoNox,ALG12,MMP17,919,0.6954694533281718,all KO rows in frozen KO-cluster order
fe2+_ferhonox_live-cell_dye,FeRhoNox,ALG12,KATNBL1,920,0.8838399601790895,all KO rows in frozen KO-cluster order
fe2+_ferhonox_live-cell_dye,FeRhoNox,ALG12,RBM10,921,0.6754486498793016,all KO rows in frozen KO-cluster order
fe2+_ferhonox_live-cell_dye,FeRhoNox,ALG12,RBM28,922,0.6660172126621601,all KO rows in frozen KO-cluster order
fe2+_ferhonox_live-cell_dye,FeRhoNox,ALG12,ATP5F1B,923,0.6203675309154101,all KO rows in frozen KO-cluster order
fe2+_ferhonox_live-cell_dye,FeRhoNox,ALG12,DCAF11,924,0.574340757826857,all KO rows in frozen KO-cluster order
fe2+_ferhonox_live-cell_dye,FeRhoNox,ALG12,EIF3L,925,0.7256229355105883,all KO rows in frozen KO-cluster order
fe2+_ferhonox_live-cell_dye,FeRhoNox,ALG12,EXOSC3,926,0.4640312860644255,all KO rows in frozen KO-cluster order
fe2+_ferhonox_live-cell_dye,FeRhoNox,ALG12,PRPF39,927,0.6203938133413361,all KO rows in frozen KO-cluster order
fe2+_ferhonox_live-cell_dye,FeRhoNox,ALG12,PGK1,928,0.6993284901536398,all KO rows in frozen KO-cluster order
fe2+_ferhonox_live-cell_dye,FeRhoNox,ALG12,POLR1C,929,0.7404981902672637,all KO rows in frozen KO-cluster order
fe2+_ferhonox_live-cell_dye,FeRhoNox,ALG12,RBPJ,930,0.5982077482393338,all KO rows in frozen KO-cluster order
fe2+_ferhonox_live-cell_dye,FeRhoNox,ALG12,NCKIPSD,931,0.45093676780465813,all KO rows in frozen KO-cluster order
fe2+_ferhonox_live-cell_dye,FeRhoNox,ALG12,AHCYL1,932,0.578315556115576,all KO rows in frozen KO-cluster order
fe2+_ferhonox_live-cell_dye,FeRhoNox,ALG12,NUP98,933,0.7920904803555843,all KO rows in frozen KO-cluster order
fe2+_ferhonox_live-cell_dye,FeRhoNox,ALG12,POLR3A,934,1.165659373580131,all KO rows in frozen KO-cluster order
fe2+_ferhonox_live-cell_dye,FeRhoNox,ALG12,ACTR3,935,1.274262767678345,all KO rows in frozen KO-cluster order
fe2+_ferhonox_live-cell_dye,FeRhoNox,ALG12,RAPGEF1,936,1.2724594238332878,all KO rows in frozen KO-cluster order
fe2+_ferhonox_live-cell_dye,FeRhoNox,ALG12,CCT7,937,1.1085094179600292,all KO rows in frozen KO-cluster order
fe2+_ferhonox_live-cell_dye,FeRhoNox,ALG12,TCP1,938,1.4833870346494422,all KO rows in frozen KO-cluster order
fe2+_ferhonox_live-cell_dye,FeRhoNox,ALG12,ARPC2,939,1.2694777163619122,all KO rows in frozen KO-cluster order
fe2+_ferhonox_live-cell_dye,FeRhoNox,ALG12,ARPC4,940,1.0603953652372848,all KO rows in frozen KO-cluster order
fe2+_ferhonox_live-cell_dye,FeRhoNox,ALG12,EPRS,941,0.7587267052919923,all KO rows in frozen KO-cluster order
fe2+_ferhonox_live-cell_dye,FeRhoNox,ALG12,UBE2M,942,0.9153120636726395,all KO rows in frozen KO-cluster order
fe2+_ferhonox_live-cell_dye,FeRhoNox,ALG12,BUB1B,943,1.1320730128251573,all KO rows in frozen KO-cluster order
fe2+_ferhonox_live-cell_dye,FeRhoNox,ALG12,GTF2B,944,1.0389199933318634,all KO rows in frozen KO-cluster order
fe2+_ferhonox_live-cell_dye,FeRhoNox,ALG12,HGS,945,0.8154821562223529,all KO rows in frozen KO-cluster order
fe2+_ferhonox_live-cell_dye,FeRhoNox,ALG12,QARS,946,0.8898082906339523,all KO rows in frozen KO-cluster order
fe2+_ferhonox_live-cell_dye,FeRhoNox,ALG12,CCNH,947,0.6946303211604987,all KO rows in frozen KO-cluster order
fe2+_ferhonox_live-cell_dye,FeRhoNox,ALG12,ZZZ3,948,0.7261417493550121,all KO rows in frozen KO-cluster order
fe2+_ferhonox_live-cell_dye,FeRhoNox,ALG12,ARL2,949,0.6712343080544216,all KO rows in frozen KO-cluster order
fe2+_ferhonox_live-cell_dye,FeRhoNox,ALG12,DARS,950,0.6988523784675458,all KO rows in frozen KO-cluster order
fe2+_ferhonox_live-cell_dye,FeRhoNox,ALG12,ATRX,951,0.7527098903912214,all KO rows in frozen KO-cluster order
fe2+_ferhonox_live-cell_dye,FeRhoNox,ALG12,RAB7A,952,1.729861688475623,all KO rows in frozen KO-cluster order
fe2+_ferhonox_live-cell_dye,FeRhoNox,ALG12,ZCCHC9,953,0.9269627946071161,all KO rows in frozen KO-cluster order
fe2+_ferhonox_live-cell_dye,FeRhoNox,ALG12,IMP4,954,0.8742298308151635,all KO rows in frozen KO-cluster order
fe2+_ferhonox_live-cell_dye,FeRhoNox,ALG12,RRP7A,955,0.8772642804173643,all KO rows in frozen KO-cluster order
fe2+_ferhonox_live-cell_dye,FeRhoNox,ALG12,HNRNPK,956,1.1626050832939399,all KO rows in frozen KO-cluster order
fe2+_ferhonox_live-cell_dye,FeRhoNox,ALG12,EMC3,957,1.2057047311037732,all KO rows in frozen KO-cluster order
fe2+_ferhonox_live-cell_dye,FeRhoNox,ALG12,RAC1,958,1.3114995992284495,all KO rows in frozen KO-cluster order
fe2+_ferhonox_live-cell_dye,FeRhoNox,ALG12,PSRC1,959,0.7221701157397765,all KO rows in frozen KO-cluster order
fe2+_ferhonox_live-cell_dye,FeRhoNox,ALG12,ZBTB39,960,0.665857839224228,all KO rows in frozen KO-cluster order
fe2+_ferhonox_live-cell_dye,FeRhoNox,ALG12,BRK1,961,1.0009925608348813,all KO rows in frozen KO-cluster order
fe2+_ferhonox_live-cell_dye,FeRhoNox,ALG12,RPS19BP1,962,0.6729457689062655,all KO rows in frozen KO-cluster order
fe2+_ferhonox_live-cell_dye,FeRhoNox,ALG12,SMARCC1,963,0.5844226987874197,all KO rows in frozen KO-cluster order
fe2+_ferhonox_live-cell_dye,FeRhoNox,ALG12,CERS6,964,0.7902508849605149,all KO rows in frozen KO-cluster order
fe2+_ferhonox_live-cell_dye,FeRhoNox,ALG12,EXOSC6,965,0.8152392183594278,all KO rows in frozen KO-cluster order
fe2+_ferhonox_live-cell_dye,FeRhoNox,ALG12,DYNC1LI2,966,0.7056707009807062,all KO rows in frozen KO-cluster order
fe2+_ferhonox_live-cell_dye,FeRhoNox,ALG12,NAE1,967,0.6721705037424477,all KO rows in frozen KO-cluster order
fe2+_ferhonox_live-cell_dye,FeRhoNox,ALG12,POLR2I,968,0.625784004820606,all KO rows in frozen KO-cluster order
fe2+_ferhonox_live-cell_dye,FeRhoNox,ALG12,LRP1B,969,0.7238907564732843,all KO rows in frozen KO-cluster order
fe2+_ferhonox_live-cell_dye,FeRhoNox,ALG12,ATP6V1B2,970,0.8517472952067154,all KO rows in frozen KO-cluster order
fe2+_ferhonox_live-cell_dye,FeRhoNox,ALG12,NR2F2,971,0.6138356582500608,all KO rows in frozen KO-cluster order
fe2+_ferhonox_live-cell_dye,FeRhoNox,ALG12,MTHFD1,972,0.5625736709955723,all KO rows in frozen KO-cluster order
fe2+_ferhonox_live-cell_dye,FeRhoNox,ALG12,PHB2,973,0.9515585648371537,all KO rows in frozen KO-cluster order
fe2+_ferhonox_live-cell_dye,FeRhoNox,ALG12,IGBP1,974,0.730781547711123,all KO rows in frozen KO-cluster order
fe2+_ferhonox_live-cell_dye,FeRhoNox,ALG12,STX5,975,0.6858922730946014,all KO rows in frozen KO-cluster order
fe2+_ferhonox_live-cell_dye,FeRhoNox,ALG12,PDGFRA,976,0.621208089131834,all KO rows in frozen KO-cluster order
fe2+_ferhonox_live-cell_dye,FeRhoNox,ALG12,PSMD2,977,1.4945724727492797,all KO rows in frozen KO-cluster order
fe2+_ferhonox_live-cell_dye,FeRhoNox,ALG12,NCBP2,978,1.3408979173337807,all KO rows in frozen KO-cluster order
fe2+_ferhonox_live-cell_dye,FeRhoNox,ALG12,WASL,979,0.6948704019349558,all KO rows in frozen KO-cluster order
fe2+_ferhonox_live-cell_dye,FeRhoNox,ALG12,FZD9,980,0.6136080346551178,all KO rows in frozen KO-cluster order
fe2+_ferhonox_live-cell_dye,FeRhoNox,ALG12,ZNF131,981,0.7419916832604749,all KO rows in frozen KO-cluster order
fe2+_ferhonox_live-cell_dye,FeRhoNox,ALG12,GABRR3,982,0.7544597592742203,all KO rows in frozen KO-cluster order
fe2+_ferhonox_live-cell_dye,FeRhoNox,ALG12,ABCE1,983,0.8778703339842642,all KO rows in frozen KO-cluster order
fe2+_ferhonox_live-cell_dye,FeRhoNox,ALG12,CIAPIN1,984,0.5801350933914481,all KO rows in frozen KO-cluster order
fe2+_ferhonox_live-cell_dye,FeRhoNox,ALG12,PCYT1A,985,0.8540148974623002,all KO rows in frozen KO-cluster order
fe2+_ferhonox_live-cell_dye,FeRhoNox,ALG12,ZNF593,986,0.5632676344102634,all KO rows in frozen KO-cluster order
fe2+_ferhonox_live-cell_dye,FeRhoNox,ALG12,DHDDS,987,0.6895040937559197,all KO rows in frozen KO-cluster order
fe2+_ferhonox_live-cell_dye,FeRhoNox,ALG12,MTOR,988,0.9311308711101814,all KO rows in frozen KO-cluster order
fe2+_ferhonox_live-cell_dye,FeRhoNox,ALG12,XPR1,989,0.7959916099921404,all KO rows in frozen KO-cluster order
fe2+_ferhonox_live-cell_dye,FeRhoNox,ALG12,ABHD16A,990,0.7797904357971278,all KO rows in frozen KO-cluster order
fe2+_ferhonox_live-cell_dye,FeRhoNox,ALG12,RNF20,991,0.6968697312765347,all KO rows in frozen KO-cluster order
fe2+_ferhonox_live-cell_dye,FeRhoNox,ALG12,CACNA1D,992,0.7206321240800582,all KO rows in frozen KO-cluster order
fe2+_ferhonox_live-cell_dye,FeRhoNox,ALG12,SETD1B,993,0.6777639920873675,all KO rows in frozen KO-cluster order
fe2+_ferhonox_live-cell_dye,FeRhoNox,ALG12,CIT,994,0.7036819353719916,all KO rows in frozen KO-cluster order
fe2+_ferhonox_live-cell_dye,FeRhoNox,ALG12,VAMP4,995,0.7516917241613761,all KO rows in frozen KO-cluster order
fe2+_ferhonox_live-cell_dye,FeRhoNox,ALG12,HSPA14,996,0.6383643829515991,all KO rows in frozen KO-cluster order
fe2+_ferhonox_live-cell_dye,FeRhoNox,ALG12,STK40,997,0.5993317296685384,all KO rows in frozen KO-cluster order
fe2+_ferhonox_live-cell_dye,FeRhoNox,ALG12,ELAC2,998,0.5181947283867065,all KO rows in frozen KO-cluster order
fe2+_ferhonox_live-cell_dye,FeRhoNox,ALG12,ALYREF,999,0.5554531387821634,all KO rows in frozen KO-cluster order
lysosome_lamp1,LAMP1,BORCS7,BMS1,0,0.7111390346096248,all KO rows in frozen KO-cluster order
lysosome_lamp1,LAMP1,BORCS7,S100B,1,0.7175325490416002,all KO rows in frozen KO-cluster order
lysosome_lamp1,LAMP1,BORCS7,BEND3,2,0.646314847770126,all KO rows in frozen KO-cluster order
lysosome_lamp1,LAMP1,BORCS7,PRELID3B,3,0.746264977984475,all KO rows in frozen KO-cluster order
lysosome_lamp1,LAMP1,BORCS7,RHOG,4,0.8455363718388099,all KO rows in frozen KO-cluster order
lysosome_lamp1,LAMP1,BORCS7,TUBA1A,5,0.7142609462888146,all KO rows in frozen KO-cluster order
lysosome_lamp1,LAMP1,BORCS7,AP3S1,6,0.5838778963043878,all KO rows in frozen KO-cluster order
lysosome_lamp1,LAMP1,BORCS7,INTS5,7,0.9572519884269624,all KO rows in frozen KO-cluster order
lysosome_lamp1,LAMP1,BORCS7,CHMP1A,8,1.0169876230233323,all KO rows in frozen KO-cluster order
lysosome_lamp1,LAMP1,BORCS7,BRCA1,9,0.9382034325230953,all KO rows in frozen KO-cluster order
lysosome_lamp1,LAMP1,BORCS7,INTS1,10,1.0471252023927413,all KO rows in frozen KO-cluster order
lysosome_lamp1,LAMP1,BORCS7,HGS,11,0.9783109164978263,all KO rows in frozen KO-cluster order
lysosome_lamp1,LAMP1,BORCS7,KIF14,12,0.6092260689637694,all KO rows in frozen KO-cluster order
lysosome_lamp1,LAMP1,BORCS7,CYP26C1,13,0.6275465158592942,all KO rows in frozen KO-cluster order
lysosome_lamp1,LAMP1,BORCS7,COA5,14,0.6483629362276454,all KO rows in frozen KO-cluster order
lysosome_lamp1,LAMP1,BORCS7,TAF1B,15,0.6720711571263562,all KO rows in frozen KO-cluster order
lysosome_lamp1,LAMP1,BORCS7,TOR2A,16,0.7120217400339756,all KO rows in frozen KO-cluster order
lysosome_lamp1,LAMP1,BORCS7,POP4,17,0.8343957160634935,all KO rows in frozen KO-cluster order
lysosome_lamp1,LAMP1,BORCS7,FANCG,18,0.7989625642137457,all KO rows in frozen KO-cluster order
lysosome_lamp1,LAMP1,BORCS7,TIMM44,19,0.6132122870892626,all KO rows in frozen KO-cluster order
lysosome_lamp1,LAMP1,BORCS7,MAPK1,20,0.8193673290244159,all KO rows in frozen KO-cluster order
lysosome_lamp1,LAMP1,BORCS7,PPWD1,21,0.5957152752184636,all KO rows in frozen KO-cluster order
lysosome_lamp1,LAMP1,BORCS7,CHMP7,22,0.4834686274992035,all KO rows in frozen KO-cluster order
lysosome_lamp1,LAMP1,BORCS7,VAMP2,23,0.6106141946998852,all KO rows in frozen KO-cluster order
lysosome_lamp1,LAMP1,BORCS7,TLR2,24,0.6874573618580339,all KO rows in frozen KO-cluster order
lysosome_lamp1,LAMP1,BORCS7,MARS,25,0.6011716980347794,all KO rows in frozen KO-cluster order
lysosome_lamp1,LAMP1,BORCS7,ARL2,26,0.8065987329730848,all KO rows in frozen KO-cluster order
lysosome_lamp1,LAMP1,BORCS7,PHB2,27,0.6879880802504885,all KO rows in frozen KO-cluster order
lysosome_lamp1,LAMP1,BORCS7,POLR2I,28,0.6980087025748024,all KO rows in frozen KO-cluster order
lysosome_lamp1,LAMP1,BORCS7,NDUFC1,29,0.7815763923160638,all KO rows in frozen KO-cluster order
lysosome_lamp1,LAMP1,BORCS7,NUP214,30,0.7189369994848218,all KO rows in frozen KO-cluster order
lysosome_lamp1,LAMP1,BORCS7,NAPG,31,0.6850354282494024,all KO rows in frozen KO-cluster order
lysosome_lamp1,LAMP1,BORCS7,COPS3,32,0.9284053957807433,all KO rows in frozen KO-cluster order
lysosome_lamp1,LAMP1,BORCS7,NUP37,33,0.6832386284932941,all KO rows in frozen KO-cluster order
lysosome_lamp1,LAMP1,BORCS7,CYP4V2,34,0.7597604534134131,all KO rows in frozen KO-cluster order
lysosome_lamp1,LAMP1,BORCS7,ATP6V1B2,35,1.0335091132397907,all KO rows in frozen KO-cluster order
lysosome_lamp1,LAMP1,BORCS7,LDLR,36,1.1593420199361568,all KO rows in frozen KO-cluster order
lysosome_lamp1,LAMP1,BORCS7,PPIE,37,0.8895253729945689,all KO rows in frozen KO-cluster order
lysosome_lamp1,LAMP1,BORCS7,PDPK1,38,0.7382354816449468,all KO rows in frozen KO-cluster order
lysosome_lamp1,LAMP1,BORCS7,AP2M1,39,1.8117298863523388,all KO rows in frozen KO-cluster order
lysosome_lamp1,LAMP1,BORCS7,AP2S1,40,1.0060596564509159,all KO rows in frozen KO-cluster order
lysosome_lamp1,LAMP1,BORCS7,HNRNPH1,41,1.0642642677580512,all KO rows in frozen KO-cluster order
lysosome_lamp1,LAMP1,BORCS7,COPS2,42,1.3403176806936417,all KO rows in frozen KO-cluster order
lysosome_lamp1,LAMP1,BORCS7,RAB5C,43,0.7928157142326634,all KO rows in frozen KO-cluster order
lysosome_lamp1,LAMP1,BORCS7,DYNC1LI1,44,1.4204963037110037,all KO rows in frozen KO-cluster order
lysosome_lamp1,LAMP1,BORCS7,RAB7A,45,1.3880148724207442,all KO rows in frozen KO-cluster order
lysosome_lamp1,LAMP1,BORCS7,TRAPPC11,46,1.0509379295128947,all KO rows in frozen KO-cluster order
lysosome_lamp1,LAMP1,BORCS7,CA7,47,0.8160231938574707,all KO rows in frozen KO-cluster order
lysosome_lamp1,LAMP1,BORCS7,CPOX,48,1.1625593267291505,all KO rows in frozen KO-cluster order
lysosome_lamp1,LAMP1,BORCS7,SPEN,49,0.8900987100594436,all KO rows in frozen KO-cluster order
lysosome_lamp1,LAMP1,BORCS7,AARS,50,1.3371286777971054,all KO rows in frozen KO-cluster order
lysosome_lamp1,LAMP1,BORCS7,INTS11,51,0.9561926086566154,all KO rows in frozen KO-cluster order
lysosome_lamp1,LAMP1,BORCS7,STK40,52,1.0280821790770105,all KO rows in frozen KO-cluster order
lysosome_lamp1,LAMP1,BORCS7,SCAP,53,0.8739583663722822,all KO rows in frozen KO-cluster order
lysosome_lamp1,LAMP1,BORCS7,RBM26,54,1.2691392450983565,all KO rows in frozen KO-cluster order
lysosome_lamp1,LAMP1,BORCS7,ATIC,55,0.8998154408715937,all KO rows in frozen KO-cluster order
lysosome_lamp1,LAMP1,BORCS7,POLR3B,56,0.9321458513767741,all KO rows in frozen KO-cluster order
lysosome_lamp1,LAMP1,BORCS7,POLR3E,57,1.403680450276228,all KO rows in frozen KO-cluster order
lysosome_lamp1,LAMP1,BORCS7,CPSF6,58,1.2130609298280652,all KO rows in frozen KO-cluster order
lysosome_lamp1,LAMP1,BORCS7,STX8,59,0.888565102384178,all KO rows in frozen KO-cluster order
lysosome_lamp1,LAMP1,BORCS7,LTB4R,60,0.7670407130451712,all KO rows in frozen KO-cluster order
lysosome_lamp1,LAMP1,BORCS7,KIAA1958,61,0.891958542765358,all KO rows in frozen KO-cluster order
lysosome_lamp1,LAMP1,BORCS7,FECH,62,0.8597262088598373,all KO rows in frozen KO-cluster order
lysosome_lamp1,LAMP1,BORCS7,GTF3C1,63,0.7047354714783446,all KO rows in frozen KO-cluster order
lysosome_lamp1,LAMP1,BORCS7,RRP7A,64,0.930968832406538,all KO rows in frozen KO-cluster order
lysosome_lamp1,LAMP1,BORCS7,NAE1,65,0.8758596199582963,all KO rows in frozen KO-cluster order
lysosome_lamp1,LAMP1,BORCS7,MRPL39,66,0.8437800044453005,all KO rows in frozen KO-cluster order
lysosome_lamp1,LAMP1,BORCS7,PKMYT1,67,0.6561392327008698,all KO rows in frozen KO-cluster order
lysosome_lamp1,LAMP1,BORCS7,WASL,68,0.706904216416991,all KO rows in frozen KO-cluster order
lysosome_lamp1,LAMP1,BORCS7,BEND6,69,0.6188840787561577,all KO rows in frozen KO-cluster order
lysosome_lamp1,LAMP1,BORCS7,MCM3,70,0.7498600168234036,all KO rows in frozen KO-cluster order
lysosome_lamp1,LAMP1,BORCS7,CHD4,71,0.7305783359916819,all KO rows in frozen KO-cluster order
lysosome_lamp1,LAMP1,BORCS7,PSMD2,72,1.438090108573212,all KO rows in frozen KO-cluster order
lysosome_lamp1,LAMP1,BORCS7,GTF2B,73,0.9681102660327713,all KO rows in frozen KO-cluster order
lysosome_lamp1,LAMP1,BORCS7,PSMD11,74,1.1421735083869595,all KO rows in frozen KO-cluster order
lysosome_lamp1,LAMP1,BORCS7,TIPARP,75,0.9911742108728152,all KO rows in frozen KO-cluster order
lysosome_lamp1,LAMP1,BORCS7,AP1M1,76,0.7917096734791078,all KO rows in frozen KO-cluster order
lysosome_lamp1,LAMP1,BORCS7,STXBP3,77,0.7367190334122086,all KO rows in frozen KO-cluster order
lysosome_lamp1,LAMP1,BORCS7,SARS,78,1.3686326673663878,all KO rows in frozen KO-cluster order
lysosome_lamp1,LAMP1,BORCS7,NUP98,79,0.9254053642280334,all KO rows in frozen KO-cluster order
lysosome_lamp1,LAMP1,BORCS7,RAC1,80,1.033038011703525,all KO rows in frozen KO-cluster order
lysosome_lamp1,LAMP1,BORCS7,SEC61B,81,0.8344246047923521,all KO rows in frozen KO-cluster order
lysosome_lamp1,LAMP1,BORCS7,COG4,82,0.7913218134543717,all KO rows in frozen KO-cluster order
lysosome_lamp1,LAMP1,BORCS7,GRPEL1,83,1.1067468482976899,all KO rows in frozen KO-cluster order
lysosome_lamp1,LAMP1,BORCS7,SYPL2,84,0.7804370502359523,all KO rows in frozen KO-cluster order
lysosome_lamp1,LAMP1,BORCS7,RICTOR,85,1.320875762731233,all KO rows in frozen KO-cluster order
lysosome_lamp1,LAMP1,BORCS7,LCE3A,86,0.9911337922392124,all KO rows in frozen KO-cluster order
lysosome_lamp1,LAMP1,BORCS7,EIF2B4,87,0.6836230694416708,all KO rows in frozen KO-cluster order
lysosome_lamp1,LAMP1,BORCS7,LTV1,88,0.8131105634686064,all KO rows in frozen KO-cluster order
lysosome_lamp1,LAMP1,BORCS7,POLR2D,89,1.1949350581107863,all KO rows in frozen KO-cluster order
lysosome_lamp1,LAMP1,BORCS7,DDX18,90,1.0999055262503603,all KO rows in frozen KO-cluster order
lysosome_lamp1,LAMP1,BORCS7,LIMS1,91,1.1325287144207077,all KO rows in frozen KO-cluster order
lysosome_lamp1,LAMP1,BORCS7,PSMC2,92,1.3788512601136413,all KO rows in frozen KO-cluster order
lysosome_lamp1,LAMP1,BORCS7,GNL3L,93,0.9535344169170867,all KO rows in frozen KO-cluster order
lysosome_lamp1,LAMP1,BORCS7,PSMD14,94,1.7270875884294776,all KO rows in frozen KO-cluster order
lysosome_lamp1,LAMP1,BORCS7,EIF2B5,95,1.0533267411333227,all KO rows in frozen KO-cluster order
lysosome_lamp1,LAMP1,BORCS7,EIF2B3,96,1.3333191580757018,all KO rows in frozen KO-cluster order
lysosome_lamp1,LAMP1,BORCS7,MUC13,97,0.8256671807148361,all KO rows in frozen KO-cluster order
lysosome_lamp1,LAMP1,BORCS7,SEC61A1,98,1.6187341548182685,all KO rows in frozen KO-cluster order
lysosome_lamp1,LAMP1,BORCS7,PSMC6,99,1.6056593293819148,all KO rows in frozen KO-cluster order
lysosome_lamp1,LAMP1,BORCS7,POLR2B,100,1.3276550272341436,all KO rows in frozen KO-cluster order
lysosome_lamp1,LAMP1,BORCS7,COPB1,101,2.1914064021804296,all KO rows in frozen KO-cluster order
lysosome_lamp1,LAMP1,BORCS7,COPA,102,2.262050460286501,all KO rows in frozen KO-cluster order
lysosome_lamp1,LAMP1,BORCS7,COPB2,103,2.190178924439338,all KO rows in frozen KO-cluster order
lysosome_lamp1,LAMP1,BORCS7,COPZ1,104,1.796057562341673,all KO rows in frozen KO-cluster order
lysosome_lamp1,LAMP1,BORCS7,NAPA,105,1.439019971348363,all KO rows in frozen KO-cluster order
lysosome_lamp1,LAMP1,BORCS7,POLR2F,106,0.9721955408817792,all KO rows in frozen KO-cluster order
lysosome_lamp1,LAMP1,BORCS7,TAF6,107,1.0572538710264332,all KO rows in frozen KO-cluster order
lysosome_lamp1,LAMP1,BORCS7,PPAN,108,0.6509660231614351,all KO rows in frozen KO-cluster order
lysosome_lamp1,LAMP1,BORCS7,COPS4,109,0.6192034826140345,all KO rows in frozen KO-cluster order
lysosome_lamp1,LAMP1,BORCS7,POLR2E,110,0.7791266366897964,all KO rows in frozen KO-cluster order
lysosome_lamp1,LAMP1,BORCS7,GPN2,111,0.8562875123394047,all KO rows in frozen KO-cluster order
lysosome_lamp1,LAMP1,BORCS7,EGFL7,112,1.0160698375627661,all KO rows in frozen KO-cluster order
lysosome_lamp1,LAMP1,BORCS7,MTOR,113,1.1343121299653407,all KO rows in frozen KO-cluster order
lysosome_lamp1,LAMP1,BORCS7,EIF2S1,114,1.2018163320588304,all KO rows in frozen KO-cluster order
lysosome_lamp1,LAMP1,BORCS7,RBM10,115,0.8841855875153388,all KO rows in frozen KO-cluster order
lysosome_lamp1,LAMP1,BORCS7,DDX46,116,0.7683770235390405,all KO rows in frozen KO-cluster order
lysosome_lamp1,LAMP1,BORCS7,BUB1B,117,0.7596827166642142,all KO rows in frozen KO-cluster order
lysosome_lamp1,LAMP1,BORCS7,ACTR3,118,0.8391289426372837,all KO rows in frozen KO-cluster order
lysosome_lamp1,LAMP1,BORCS7,ARPC2,119,1.033414766395074,all KO rows in frozen KO-cluster order
lysosome_lamp1,LAMP1,BORCS7,ITGB1,120,0.7048030027482548,all KO rows in frozen KO-cluster order
lysosome_lamp1,LAMP1,BORCS7,ASNS,121,1.0276094824906945,all KO rows in frozen KO-cluster order
lysosome_lamp1,LAMP1,BORCS7,QARS,122,1.0463279258059142,all KO rows in frozen KO-cluster order
lysosome_lamp1,LAMP1,BORCS7,NUDT21,123,1.0738121201981208,all KO rows in frozen KO-cluster order
lysosome_lamp1,LAMP1,BORCS7,POLR3A,124,0.7834950492967012,all KO rows in frozen KO-cluster order
lysosome_lamp1,LAMP1,BORCS7,SALL3,125,0.8170308606724546,all KO rows in frozen KO-cluster order
lysosome_lamp1,LAMP1,BORCS7,ZC3H4,126,0.7740431983779277,all KO rows in frozen KO-cluster order
lysosome_lamp1,LAMP1,BORCS7,PEX19,127,0.7444318272369823,all KO rows in frozen KO-cluster order
lysosome_lamp1,LAMP1,BORCS7,TTI1,128,0.583851153843852,all KO rows in frozen KO-cluster order
lysosome_lamp1,LAMP1,BORCS7,CDC5L,129,0.9907610016620861,all KO rows in frozen KO-cluster order
lysosome_lamp1,LAMP1,BORCS7,CHERP,130,0.8734711567230288,all KO rows in frozen KO-cluster order
lysosome_lamp1,LAMP1,BORCS7,SNRPB2,131,0.7447903091675169,all KO rows in frozen KO-cluster order
lysosome_lamp1,LAMP1,BORCS7,SLC39A7,132,0.7722166182378022,all KO rows in frozen KO-cluster order
lysosome_lamp1,LAMP1,BORCS7,ZRSR2,133,1.0329697111258667,all KO rows in frozen KO-cluster order
lysosome_lamp1,LAMP1,BORCS7,SRPRA,134,0.7218215650764195,all KO rows in frozen KO-cluster order
lysosome_lamp1,LAMP1,BORCS7,LARP7,135,0.7788952858126261,all KO rows in frozen KO-cluster order
lysosome_lamp1,LAMP1,BORCS7,PARP12,136,0.858012416301074,all KO rows in frozen KO-cluster order
lysosome_lamp1,LAMP1,BORCS7,CIAO1,137,0.6611631247981049,all KO rows in frozen KO-cluster order
lysosome_lamp1,LAMP1,BORCS7,DGCR8,138,1.02336157917043,all KO rows in frozen KO-cluster order
lysosome_lamp1,LAMP1,BORCS7,CASP3,139,0.7433844396592596,all KO rows in frozen KO-cluster order
lysosome_lamp1,LAMP1,BORCS7,PPP1R2,140,1.0238365717920714,all KO rows in frozen KO-cluster order
lysosome_lamp1,LAMP1,BORCS7,MGAM,141,0.8648588414983241,all KO rows in frozen KO-cluster order
lysosome_lamp1,LAMP1,BORCS7,EIF3L,142,0.6677719727318571,all KO rows in frozen KO-cluster order
lysosome_lamp1,LAMP1,BORCS7,AP2A1,143,0.8714608141938404,all KO rows in frozen KO-cluster order
lysosome_lamp1,LAMP1,BORCS7,PRDM13,144,0.8640791777494296,all KO rows in frozen KO-cluster order
lysosome_lamp1,LAMP1,BORCS7,CNOT4,145,0.9592083524442205,all KO rows in frozen KO-cluster order
lysosome_lamp1,LAMP1,BORCS7,NUP54,146,0.790559448967783,all KO rows in frozen KO-cluster order
lysosome_lamp1,LAMP1,BORCS7,MICOS13,147,0.6608199619721303,all KO rows in frozen KO-cluster order
lysosome_lamp1,LAMP1,BORCS7,WDR73,148,0.9554492538684737,all KO rows in frozen KO-cluster order
lysosome_lamp1,LAMP1,BORCS7,MDN1,149,0.7197990025616995,all KO rows in frozen KO-cluster order
lysosome_lamp1,LAMP1,BORCS7,CCT3,150,0.8095839882658757,all KO rows in frozen KO-cluster order
lysosome_lamp1,LAMP1,BORCS7,CCT7,151,1.3908600877688981,all KO rows in frozen KO-cluster order
lysosome_lamp1,LAMP1,BORCS7,ABCE1,152,1.3713816925351516,all KO rows in frozen KO-cluster order
lysosome_lamp1,LAMP1,BORCS7,CCDC174,153,1.650879212467979,all KO rows in frozen KO-cluster order
lysosome_lamp1,LAMP1,BORCS7,SRSF7,154,1.9711345954275823,all KO rows in frozen KO-cluster order
lysosome_lamp1,LAMP1,BORCS7,TERF2IP,155,1.0797585650410824,all KO rows in frozen KO-cluster order
lysosome_lamp1,LAMP1,BORCS7,NBEAL1,156,0.845819968049657,all KO rows in frozen KO-cluster order
lysosome_lamp1,LAMP1,BORCS7,SCAF8,157,0.8473109907452657,all KO rows in frozen KO-cluster order
lysosome_lamp1,LAMP1,BORCS7,HSD17B12,158,0.7763061193642764,all KO rows in frozen KO-cluster order
lysosome_lamp1,LAMP1,BORCS7,TMED10,159,1.1064351879161882,all KO rows in frozen KO-cluster order
lysosome_lamp1,LAMP1,BORCS7,NR2C2AP,160,0.8538777614286994,all KO rows in frozen KO-cluster order
lysosome_lamp1,LAMP1,BORCS7,PPP1CA,161,0.9467526320659558,all KO rows in frozen KO-cluster order
lysosome_lamp1,LAMP1,BORCS7,GOLT1B,162,1.003074533332195,all KO rows in frozen KO-cluster order
lysosome_lamp1,LAMP1,BORCS7,ZNF638,163,0.7019038738679453,all KO rows in frozen KO-cluster order
lysosome_lamp1,LAMP1,BORCS7,HAMP,164,0.840451056672746,all KO rows in frozen KO-cluster order
lysosome_lamp1,LAMP1,BORCS7,PPAT,165,0.8020761768488933,all KO rows in frozen KO-cluster order
lysosome_lamp1,LAMP1,BORCS7,FGF23,166,1.4708909977138098,all KO rows in frozen KO-cluster order
lysosome_lamp1,LAMP1,BORCS7,HYOU1,167,1.530815864898052,all KO rows in frozen KO-cluster order
lysosome_lamp1,LAMP1,BORCS7,CTDSP1,168,1.0010584587937439,all KO rows in frozen KO-cluster order
lysosome_lamp1,LAMP1,BORCS7,ARNT2,169,0.8793181688237197,all KO rows in frozen KO-cluster order
lysosome_lamp1,LAMP1,BORCS7,PIAS1,170,1.040147873268153,all KO rows in frozen KO-cluster order
lysosome_lamp1,LAMP1,BORCS7,ELAVL1,171,1.0268654957962264,all KO rows in frozen KO-cluster order
lysosome_lamp1,LAMP1,BORCS7,CENPH,172,1.2138657946560862,all KO rows in frozen KO-cluster order
lysosome_lamp1,LAMP1,BORCS7,SACM1L,173,1.1041858864273268,all KO rows in frozen KO-cluster order
lysosome_lamp1,LAMP1,BORCS7,GTF2A2,174,1.0778445236187364,all KO rows in frozen KO-cluster order
lysosome_lamp1,LAMP1,BORCS7,OGT,175,1.1326540181964966,all KO rows in frozen KO-cluster order
lysosome_lamp1,LAMP1,BORCS7,GTF2A1,176,0.912518837309881,all KO rows in frozen KO-cluster order
lysosome_lamp1,LAMP1,BORCS7,RAD21,177,1.0249753027118507,all KO rows in frozen KO-cluster order
lysosome_lamp1,LAMP1,BORCS7,IDH3B,178,0.9211850886803357,all KO rows in frozen KO-cluster order
lysosome_lamp1,LAMP1,BORCS7,FOXK1,179,1.0722908471921708,all KO rows in frozen KO-cluster order
lysosome_lamp1,LAMP1,BORCS7,POLR3F,180,1.23553184379647,all KO rows in frozen KO-cluster order
lysosome_lamp1,LAMP1,BORCS7,DNMT1,181,1.1007629924133866,all KO rows in frozen KO-cluster order
lysosome_lamp1,LAMP1,BORCS7,EIF2B2,182,1.3298923111630463,all KO rows in frozen KO-cluster order
lysosome_lamp1,LAMP1,BORCS7,KIN,183,1.1044232372386988,all KO rows in frozen KO-cluster order
lysosome_lamp1,LAMP1,BORCS7,ITPR1,184,0.7114928361237054,all KO rows in frozen KO-cluster order
lysosome_lamp1,LAMP1,BORCS7,ADAT3,185,0.8977608719184431,all KO rows in frozen KO-cluster order
lysosome_lamp1,LAMP1,BORCS7,CDH15,186,0.7390795635380325,all KO rows in frozen KO-cluster order
lysosome_lamp1,LAMP1,BORCS7,CENPW,187,0.97378467188132,all KO rows in frozen KO-cluster order
lysosome_lamp1,LAMP1,BORCS7,PTEN,188,0.7575085505854174,all KO rows in frozen KO-cluster order
lysosome_lamp1,LAMP1,BORCS7,KCNG4,189,0.817318603644992,all KO rows in frozen KO-cluster order
lysosome_lamp1,LAMP1,BORCS7,COX14,190,1.1884754010166336,all KO rows in frozen KO-cluster order
lysosome_lamp1,LAMP1,BORCS7,TM7SF3,191,1.0671797190995074,all KO rows in frozen KO-cluster order
lysosome_lamp1,LAMP1,BORCS7,SRP54,192,0.9022551603396558,all KO rows in frozen KO-cluster order
lysosome_lamp1,LAMP1,BORCS7,COPS5,193,0.6945903741055189,all KO rows in frozen KO-cluster order
lysosome_lamp1,LAMP1,BORCS7,ZCCHC9,194,0.6906144583801669,all KO rows in frozen KO-cluster order
lysosome_lamp1,LAMP1,BORCS7,COMTD1,195,1.5540625979344702,all KO rows in frozen KO-cluster order
lysosome_lamp1,LAMP1,BORCS7,EIF3B,196,1.4138431171195998,all KO rows in frozen KO-cluster order
lysosome_lamp1,LAMP1,BORCS7,EXOSC8,197,0.9486142364474299,all KO rows in frozen KO-cluster order
lysosome_lamp1,LAMP1,BORCS7,RIOK2,198,0.9724665704411972,all KO rows in frozen KO-cluster order
lysosome_lamp1,LAMP1,BORCS7,CCT4,199,1.1835523436761488,all KO rows in frozen KO-cluster order
lysosome_lamp1,LAMP1,BORCS7,SRSF3,200,2.039608332599867,all KO rows in frozen KO-cluster order
lysosome_lamp1,LAMP1,BORCS7,GBF1,201,1.4628221663970016,all KO rows in frozen KO-cluster order
lysosome_lamp1,LAMP1,BORCS7,XAB2,202,1.7138662007854075,all KO rows in frozen KO-cluster order
lysosome_lamp1,LAMP1,BORCS7,TCP1,203,1.5354112294633127,all KO rows in frozen KO-cluster order
lysosome_lamp1,LAMP1,BORCS7,EIF3A,204,1.9297596441783527,all KO rows in frozen KO-cluster order
lysosome_lamp1,LAMP1,BORCS7,RANGAP1,205,1.2181528565403559,all KO rows in frozen KO-cluster order
lysosome_lamp1,LAMP1,BORCS7,RRN3,206,1.843427344868198,all KO rows in frozen KO-cluster order
lysosome_lamp1,LAMP1,BORCS7,INCENP,207,1.5792874811242432,all KO rows in frozen KO-cluster order
lysosome_lamp1,LAMP1,BORCS7,RGPD8,208,0.9834171430828872,all KO rows in frozen KO-cluster order
lysosome_lamp1,LAMP1,BORCS7,CCT6A,209,1.425924312664537,all KO rows in frozen KO-cluster order
lysosome_lamp1,LAMP1,BORCS7,NCL,210,1.1210504521353908,all KO rows in frozen KO-cluster order
lysosome_lamp1,LAMP1,BORCS7,PTPRH,211,0.7834189536198211,all KO rows in frozen KO-cluster order
lysosome_lamp1,LAMP1,BORCS7,NOLC1,212,0.9640099767044314,all KO rows in frozen KO-cluster order
lysosome_lamp1,LAMP1,BORCS7,COL9A1,213,0.9585381193647117,all KO rows in frozen KO-cluster order
lysosome_lamp1,LAMP1,BORCS7,RPLP1,214,0.8298927222209938,all KO rows in frozen KO-cluster order
lysosome_lamp1,LAMP1,BORCS7,HSPA5,215,1.295328275909542,all KO rows in frozen KO-cluster order
lysosome_lamp1,LAMP1,BORCS7,RPL5,216,0.9094370144169381,all KO rows in frozen KO-cluster order
lysosome_lamp1,LAMP1,BORCS7,DARS,217,0.8880516640343041,all KO rows in frozen KO-cluster order
lysosome_lamp1,LAMP1,BORCS7,LYSMD1,218,0.8309393184399961,all KO rows in frozen KO-cluster order
lysosome_lamp1,LAMP1,BORCS7,RPL23,219,1.6838110605571355,all KO rows in frozen KO-cluster order
lysosome_lamp1,LAMP1,BORCS7,RPLP2,220,1.665929497719792,all KO rows in frozen KO-cluster order
lysosome_lamp1,LAMP1,BORCS7,CSE1L,221,1.5426254338582694,all KO rows in frozen KO-cluster order
lysosome_lamp1,LAMP1,BORCS7,NOL8,222,1.1415320481762798,all KO rows in frozen KO-cluster order
lysosome_lamp1,LAMP1,BORCS7,TBL3,223,0.6553482225030839,all KO rows in frozen KO-cluster order
lysosome_lamp1,LAMP1,BORCS7,CERS6,224,0.7635027457711583,all KO rows in frozen KO-cluster order
lysosome_lamp1,LAMP1,BORCS7,DDX47,225,0.7776309983880003,all KO rows in frozen KO-cluster order
lysosome_lamp1,LAMP1,BORCS7,IMPDH2,226,0.569668284552634,all KO rows in frozen KO-cluster order
lysosome_lamp1,LAMP1,BORCS7,ARPC4,227,0.7333815571702009,all KO rows in frozen KO-cluster order
lysosome_lamp1,LAMP1,BORCS7,EIF1AD,228,0.5503499600138348,all KO rows in frozen KO-cluster order
lysosome_lamp1,LAMP1,BORCS7,ZBTB39,229,0.7172718871029233,all KO rows in frozen KO-cluster order
lysosome_lamp1,LAMP1,BORCS7,SETD1B,230,0.8313486232281556,all KO rows in frozen KO-cluster order
lysosome_lamp1,LAMP1,BORCS7,POLR1C,231,0.8467616820085281,all KO rows in frozen KO-cluster order
lysosome_lamp1,LAMP1,BORCS7,UBA52,232,1.328441835983882,all KO rows in frozen KO-cluster order
lysosome_lamp1,LAMP1,BORCS7,TFIP11,233,1.1569159466793313,all KO rows in frozen KO-cluster order
lysosome_lamp1,LAMP1,BORCS7,THG1L,234,0.9075582977853595,all KO rows in frozen KO-cluster order
lysosome_lamp1,LAMP1,BORCS7,HIST1H2BK,235,0.8113720310745063,all KO rows in frozen KO-cluster order
lysosome_lamp1,LAMP1,BORCS7,COMMD4,236,0.5704514929529466,all KO rows in frozen KO-cluster order
lysosome_lamp1,LAMP1,BORCS7,CD9,237,0.5612318601744929,all KO rows in frozen KO-cluster order
lysosome_lamp1,LAMP1,BORCS7,CHMP4B,238,0.8355311332328182,all KO rows in frozen KO-cluster order
lysosome_lamp1,LAMP1,BORCS7,GABRR3,239,0.899096875296342,all KO rows in frozen KO-cluster order
lysosome_lamp1,LAMP1,BORCS7,C12orf45,240,0.8532163425512437,all KO rows in frozen KO-cluster order
lysosome_lamp1,LAMP1,BORCS7,CDIPT,241,0.6338669984139901,all KO rows in frozen KO-cluster order
lysosome_lamp1,LAMP1,BORCS7,PSPC1,242,0.6901439606992803,all KO rows in frozen KO-cluster order
lysosome_lamp1,LAMP1,BORCS7,SMARCD1,243,0.8340646915585932,all KO rows in frozen KO-cluster order
lysosome_lamp1,LAMP1,BORCS7,MAPRE3,244,0.7442299250020679,all KO rows in frozen KO-cluster order
lysosome_lamp1,LAMP1,BORCS7,FANCC,245,0.7005082015730844,all KO rows in frozen KO-cluster order
lysosome_lamp1,LAMP1,BORCS7,CCNF,246,0.6888795386006558,all KO rows in frozen KO-cluster order
lysosome_lamp1,LAMP1,BORCS7,KCNG1,247,0.6441143559697122,all KO rows in frozen KO-cluster order
lysosome_lamp1,LAMP1,BORCS7,CTDSPL2,248,0.9771276258624516,all KO rows in frozen KO-cluster order
lysosome_lamp1,LAMP1,BORCS7,RBM5,249,0.7097082714594518,all KO rows in frozen KO-cluster order
lysosome_lamp1,LAMP1,BORCS7,INTS2,250,0.957457237411564,all KO rows in frozen KO-cluster order
lysosome_lamp1,LAMP1,BORCS7,INTS7,251,0.840113033882843,all KO rows in frozen KO-cluster order
lysosome_lamp1,LAMP1,BORCS7,UQCC2,252,0.7638848628914534,all KO rows in frozen KO-cluster order
lysosome_lamp1,LAMP1,BORCS7,IDH3A,253,0.8785104905641381,all KO rows in frozen KO-cluster order
lysosome_lamp1,LAMP1,BORCS7,NUDCD1,254,0.9518987680128327,all KO rows in frozen KO-cluster order
lysosome_lamp1,LAMP1,BORCS7,TMED4,255,0.6530382688610709,all KO rows in frozen KO-cluster order
lysosome_lamp1,LAMP1,BORCS7,SNAPC2,256,0.7257166555659272,all KO rows in frozen KO-cluster order
lysosome_lamp1,LAMP1,BORCS7,GTF2E2,257,0.7161961951076173,all KO rows in frozen KO-cluster order
lysosome_lamp1,LAMP1,BORCS7,CD3EAP,258,0.6713245745327757,all KO rows in frozen KO-cluster order
lysosome_lamp1,LAMP1,BORCS7,MRGBP,259,0.8354895681817969,all KO rows in frozen KO-cluster order
lysosome_lamp1,LAMP1,BORCS7,TMX2,260,0.6488670983247371,all KO rows in frozen KO-cluster order
lysosome_lamp1,LAMP1,BORCS7,CA13,261,0.8558913472744807,all KO rows in frozen KO-cluster order
lysosome_lamp1,LAMP1,BORCS7,ASF1B,262,0.6396182852069416,all KO rows in frozen KO-cluster order
lysosome_lamp1,LAMP1,BORCS7,URM1,263,0.5731112482024309,all KO rows in frozen KO-cluster order
lysosome_lamp1,LAMP1,BORCS7,GABBR1,264,1.0273204995771836,all KO rows in frozen KO-cluster order
lysosome_lamp1,LAMP1,BORCS7,UFM1,265,1.288897740719209,all KO rows in frozen KO-cluster order
lysosome_lamp1,LAMP1,BORCS7,HDAC6,266,1.0548823706470158,all KO rows in frozen KO-cluster order
lysosome_lamp1,LAMP1,BORCS7,CARS,267,0.6185437620597591,all KO rows in frozen KO-cluster order
lysosome_lamp1,LAMP1,BORCS7,PCYT1A,268,0.7949082114952335,all KO rows in frozen KO-cluster order
lysosome_lamp1,LAMP1,BORCS7,SSX2IP,269,0.6850745291601993,all KO rows in frozen KO-cluster order
lysosome_lamp1,LAMP1,BORCS7,ALG12,270,0.8070279646043145,all KO rows in frozen KO-cluster order
lysosome_lamp1,LAMP1,BORCS7,RAI14,271,0.620704430567601,all KO rows in frozen KO-cluster order
lysosome_lamp1,LAMP1,BORCS7,SDC1,272,0.47184788721559173,all KO rows in frozen KO-cluster order
lysosome_lamp1,LAMP1,BORCS7,IARS2,273,0.6338704626578827,all KO rows in frozen KO-cluster order
lysosome_lamp1,LAMP1,BORCS7,LAMTOR3,274,0.6998211608563782,all KO rows in frozen KO-cluster order
lysosome_lamp1,LAMP1,BORCS7,DIS3L2,275,0.5776466844103019,all KO rows in frozen KO-cluster order
lysosome_lamp1,LAMP1,BORCS7,GMPPB,276,1.034051624872673,all KO rows in frozen KO-cluster order
lysosome_lamp1,LAMP1,BORCS7,HNRNPH2,277,1.1649542102005837,all KO rows in frozen KO-cluster order
lysosome_lamp1,LAMP1,BORCS7,KRI1,278,0.6207864332560026,all KO rows in frozen KO-cluster order
lysosome_lamp1,LAMP1,BORCS7,PATL1,279,0.6534060268083873,all KO rows in frozen KO-cluster order
lysosome_lamp1,LAMP1,BORCS7,ASCC3,280,1.0352170264826974,all KO rows in frozen KO-cluster order
lysosome_lamp1,LAMP1,BORCS7,RABGGTA,281,0.7463250054714903,all KO rows in frozen KO-cluster order
lysosome_lamp1,LAMP1,BORCS7,EMC2,282,1.413572323676405,all KO rows in frozen KO-cluster order
lysosome_lamp1,LAMP1,BORCS7,TAB2,283,0.9608415075853273,all KO rows in frozen KO-cluster order
lysosome_lamp1,LAMP1,BORCS7,TIMM17B,284,0.7161803732749296,all KO rows in frozen KO-cluster order
lysosome_lamp1,LAMP1,BORCS7,SMC3,285,0.8741395964099488,all KO rows in frozen KO-cluster order
lysosome_lamp1,LAMP1,BORCS7,DUT,286,0.9572797271751539,all KO rows in frozen KO-cluster order
lysosome_lamp1,LAMP1,BORCS7,NCBP2,287,0.9667471907723193,all KO rows in frozen KO-cluster order
lysosome_lamp1,LAMP1,BORCS7,BRK1,288,1.0559194074542155,all KO rows in frozen KO-cluster order
lysosome_lamp1,LAMP1,BORCS7,SMARCC1,289,1.0860540663720422,all KO rows in frozen KO-cluster order
lysosome_lamp1,LAMP1,BORCS7,MRPL42,290,1.0103148926651326,all KO rows in frozen KO-cluster order
lysosome_lamp1,LAMP1,BORCS7,EIF2AK3,291,1.3579956945730711,all KO rows in frozen KO-cluster order
lysosome_lamp1,LAMP1,BORCS7,UBR4,292,0.6159314991052958,all KO rows in frozen KO-cluster order
lysosome_lamp1,LAMP1,BORCS7,TM2D2,293,1.0411032360942702,all KO rows in frozen KO-cluster order
lysosome_lamp1,LAMP1,BORCS7,SLC2A1,294,1.0075447058742304,all KO rows in frozen KO-cluster order
lysosome_lamp1,LAMP1,BORCS7,EIF5B,295,1.0323710945811455,all KO rows in frozen KO-cluster order
lysosome_lamp1,LAMP1,BORCS7,CTU2,296,1.023239917882352,all KO rows in frozen KO-cluster order
lysosome_lamp1,LAMP1,BORCS7,UBC,297,0.9121603045012271,all KO rows in frozen KO-cluster order
lysosome_lamp1,LAMP1,BORCS7,PPP1R15B,298,1.11102048845297,all KO rows in frozen KO-cluster order
lysosome_lamp1,LAMP1,BORCS7,MCRS1,299,0.9414618617411203,all KO rows in frozen KO-cluster order
lysosome_lamp1,LAMP1,BORCS7,EXOC4,300,0.955112754149381,all KO rows in frozen KO-cluster order
lysosome_lamp1,LAMP1,BORCS7,TTI2,301,1.1158608750296215,all KO rows in frozen KO-cluster order
lysosome_lamp1,LAMP1,BORCS7,CHMP2A,302,0.7098233862955783,all KO rows in frozen KO-cluster order
lysosome_lamp1,LAMP1,BORCS7,TBP,303,1.2457582202898163,all KO rows in frozen KO-cluster order
lysosome_lamp1,LAMP1,BORCS7,COG3,304,0.8791854405975471,all KO rows in frozen KO-cluster order
lysosome_lamp1,LAMP1,BORCS7,TSC2,305,1.0420616727324796,all KO rows in frozen KO-cluster order
lysosome_lamp1,LAMP1,BORCS7,WRB,306,0.8082512178960873,all KO rows in frozen KO-cluster order
lysosome_lamp1,LAMP1,BORCS7,RANBP1,307,1.0050359672669857,all KO rows in frozen KO-cluster order
lysosome_lamp1,LAMP1,BORCS7,GPX4,308,0.7011583526044757,all KO rows in frozen KO-cluster order
lysosome_lamp1,LAMP1,BORCS7,SUV39H1,309,0.7132011484601177,all KO rows in frozen KO-cluster order
lysosome_lamp1,LAMP1,BORCS7,TICAM1,310,0.6489090334771592,all KO rows in frozen KO-cluster order
lysosome_lamp1,LAMP1,BORCS7,FIGLA,311,0.866716330216856,all KO rows in frozen KO-cluster order
lysosome_lamp1,LAMP1,BORCS7,MXRA8,312,0.8019827778776133,all KO rows in frozen KO-cluster order
lysosome_lamp1,LAMP1,BORCS7,SCAF4,313,0.8652461809259316,all KO rows in frozen KO-cluster order
lysosome_lamp1,LAMP1,BORCS7,ATP5F1B,314,0.6551133117535098,all KO rows in frozen KO-cluster order
lysosome_lamp1,LAMP1,BORCS7,USP14,315,0.9638991640722551,all KO rows in frozen KO-cluster order
lysosome_lamp1,LAMP1,BORCS7,HBS1L,316,0.7980387343101432,all KO rows in frozen KO-cluster order
lysosome_lamp1,LAMP1,BORCS7,TERF2,317,0.9064032613056617,all KO rows in frozen KO-cluster order
lysosome_lamp1,LAMP1,BORCS7,URB2,318,0.7475995063749745,all KO rows in frozen KO-cluster order
lysosome_lamp1,LAMP1,BORCS7,HSPD1,319,0.9776200480331115,all KO rows in frozen KO-cluster order
lysosome_lamp1,LAMP1,BORCS7,ZBED2,320,0.7127791180206356,all KO rows in frozen KO-cluster order
lysosome_lamp1,LAMP1,BORCS7,VPS26A,321,0.8721702023908225,all KO rows in frozen KO-cluster order
lysosome_lamp1,LAMP1,BORCS7,B4GALT5,322,0.9827571061651196,all KO rows in frozen KO-cluster order
lysosome_lamp1,LAMP1,BORCS7,TAF12,323,0.8182540423820294,all KO rows in frozen KO-cluster order
lysosome_lamp1,LAMP1,BORCS7,SYVN1,324,0.8679118090581619,all KO rows in frozen KO-cluster order
lysosome_lamp1,LAMP1,BORCS7,NCDN,325,0.9711437439217738,all KO rows in frozen KO-cluster order
lysosome_lamp1,LAMP1,BORCS7,UFL1,326,1.0020964018099714,all KO rows in frozen KO-cluster order
lysosome_lamp1,LAMP1,BORCS7,WDR12,327,0.7907442879847881,all KO rows in frozen KO-cluster order
lysosome_lamp1,LAMP1,BORCS7,RBM28,328,0.785758987954963,all KO rows in frozen KO-cluster order
lysosome_lamp1,LAMP1,BORCS7,DNAJC19,329,0.9804608120770624,all KO rows in frozen KO-cluster order
lysosome_lamp1,LAMP1,BORCS7,CCNC,330,1.1114386957117974,all KO rows in frozen KO-cluster order
lysosome_lamp1,LAMP1,BORCS7,DCTN4,331,0.6138653086541265,all KO rows in frozen KO-cluster order
lysosome_lamp1,LAMP1,BORCS7,EXOSC6,332,0.8506558219140534,all KO rows in frozen KO-cluster order
lysosome_lamp1,LAMP1,BORCS7,CHTF8,333,0.7415670314547389,all KO rows in frozen KO-cluster order
lysosome_lamp1,LAMP1,BORCS7,BTAF1,334,0.7843993054322973,all KO rows in frozen KO-cluster order
lysosome_lamp1,LAMP1,BORCS7,CIAPIN1,335,0.7738272217489834,all KO rows in frozen KO-cluster order
lysosome_lamp1,LAMP1,BORCS7,ZNF496,336,0.9793472933271812,all KO rows in frozen KO-cluster order
lysosome_lamp1,LAMP1,BORCS7,CALM1,337,0.8458677586650625,all KO rows in frozen KO-cluster order
lysosome_lamp1,LAMP1,BORCS7,BORCS7,338,0.6728194652893537,all KO rows in frozen KO-cluster order
lysosome_lamp1,LAMP1,BORCS7,CYP2C18,339,0.8740539146227585,all KO rows in frozen KO-cluster order
lysosome_lamp1,LAMP1,BORCS7,JUNB,340,0.8636662506327186,all KO rows in frozen KO-cluster order
lysosome_lamp1,LAMP1,BORCS7,RAPGEF1,341,0.9721499520280205,all KO rows in frozen KO-cluster order
lysosome_lamp1,LAMP1,BORCS7,HARS,342,0.6351548785691614,all KO rows in frozen KO-cluster order
lysosome_lamp1,LAMP1,BORCS7,EIF3M,343,0.8380987668320953,all KO rows in frozen KO-cluster order
lysosome_lamp1,LAMP1,BORCS7,EXOSC3,344,1.096920195325374,all KO rows in frozen KO-cluster order
lysosome_lamp1,LAMP1,BORCS7,RPRD1A,345,0.9327859297026702,all KO rows in frozen KO-cluster order
lysosome_lamp1,LAMP1,BORCS7,SEC22A,346,0.91590744168839,all KO rows in frozen KO-cluster order
lysosome_lamp1,LAMP1,BORCS7,IVL,347,0.7932284160564824,all KO rows in frozen KO-cluster order
lysosome_lamp1,LAMP1,BORCS7,FGF1,348,0.9639523837787362,all KO rows in frozen KO-cluster order
lysosome_lamp1,LAMP1,BORCS7,STT3B,349,1.0176262214088976,all KO rows in frozen KO-cluster order
lysosome_lamp1,LAMP1,BORCS7,SEC23IP,350,0.8185192464788655,all KO rows in frozen KO-cluster order
lysosome_lamp1,LAMP1,BORCS7,METAP1,351,1.2770766172561232,all KO rows in frozen KO-cluster order
lysosome_lamp1,LAMP1,BORCS7,STT3A,352,1.0750673542818494,all KO rows in frozen KO-cluster order
lysosome_lamp1,LAMP1,BORCS7,BRD9,353,1.0337211658296557,all KO rows in frozen KO-cluster order
lysosome_lamp1,LAMP1,BORCS7,ZMYM3,354,1.3898061010280338,all KO rows in frozen KO-cluster order
lysosome_lamp1,LAMP1,BORCS7,UFSP2,355,1.2354408240882586,all KO rows in frozen KO-cluster order
lysosome_lamp1,LAMP1,BORCS7,PRPF39,356,1.0558691368913597,all KO rows in frozen KO-cluster order
lysosome_lamp1,LAMP1,BORCS7,ALYREF,357,1.1872676252651546,all KO rows in frozen KO-cluster order
lysosome_lamp1,LAMP1,BORCS7,MANF,358,0.7533356530893067,all KO rows in frozen KO-cluster order
lysosome_lamp1,LAMP1,BORCS7,BTBD9,359,0.9895071359652903,all KO rows in frozen KO-cluster order
lysosome_lamp1,LAMP1,BORCS7,METTL3,360,1.538993941541589,all KO rows in frozen KO-cluster order
lysosome_lamp1,LAMP1,BORCS7,PIM2,361,0.88846642798575,all KO rows in frozen KO-cluster order
lysosome_lamp1,LAMP1,BORCS7,SEC63,362,1.2831713298750476,all KO rows in frozen KO-cluster order
lysosome_lamp1,LAMP1,BORCS7,NPRL2,363,1.2603880987333456,all KO rows in frozen KO-cluster order
lysosome_lamp1,LAMP1,BORCS7,CREBBP,364,1.0556539093485826,all KO rows in frozen KO-cluster order
lysosome_lamp1,LAMP1,BORCS7,SERINC3,365,1.1198077019242996,all KO rows in frozen KO-cluster order
lysosome_lamp1,LAMP1,BORCS7,IER3IP1,366,0.9288346127163187,all KO rows in frozen KO-cluster order
lysosome_lamp1,LAMP1,BORCS7,MAP7D1,367,1.327094667560539,all KO rows in frozen KO-cluster order
lysosome_lamp1,LAMP1,BORCS7,AACS,368,1.1572277893682281,all KO rows in frozen KO-cluster order
lysosome_lamp1,LAMP1,BORCS7,KDM6A,369,1.0774290955542896,all KO rows in frozen KO-cluster order
lysosome_lamp1,LAMP1,BORCS7,RHOF,370,0.976359095367671,all KO rows in frozen KO-cluster order
lysosome_lamp1,LAMP1,BORCS7,DYRK1A,371,1.1374284545797941,all KO rows in frozen KO-cluster order
lysosome_lamp1,LAMP1,BORCS7,UBAP2L,372,0.9764162590351865,all KO rows in frozen KO-cluster order
lysosome_lamp1,LAMP1,BORCS7,RNF146,373,1.2827157058621714,all KO rows in frozen KO-cluster order
lysosome_lamp1,LAMP1,BORCS7,CACNA1D,374,0.9315657638573087,all KO rows in frozen KO-cluster order
lysosome_lamp1,LAMP1,BORCS7,GTF3C4,375,0.6763204877968056,all KO rows in frozen KO-cluster order
lysosome_lamp1,LAMP1,BORCS7,PRKACA,376,0.8239216274840517,all KO rows in frozen KO-cluster order
lysosome_lamp1,LAMP1,BORCS7,MAP2K7,377,0.7890876412990732,all KO rows in frozen KO-cluster order
lysosome_lamp1,LAMP1,BORCS7,AMMECR1,378,1.046675669234666,all KO rows in frozen KO-cluster order
lysosome_lamp1,LAMP1,BORCS7,APC,379,0.9144290737716079,all KO rows in frozen KO-cluster order
lysosome_lamp1,LAMP1,BORCS7,LARS,380,1.0577579854998191,all KO rows in frozen KO-cluster order
lysosome_lamp1,LAMP1,BORCS7,REST,381,0.7824873164951726,all KO rows in frozen KO-cluster order
lysosome_lamp1,LAMP1,BORCS7,INO80E,382,1.0511197520689322,all KO rows in frozen KO-cluster order
lysosome_lamp1,LAMP1,BORCS7,REV3L,383,0.7714391272561828,all KO rows in frozen KO-cluster order
lysosome_lamp1,LAMP1,BORCS7,ZNF219,384,0.9388477057162798,all KO rows in frozen KO-cluster order
lysosome_lamp1,LAMP1,BORCS7,TSC1,385,0.7189469817420113,all KO rows in frozen KO-cluster order
lysosome_lamp1,LAMP1,BORCS7,PGK1,386,0.8528096082026759,all KO rows in frozen KO-cluster order
lysosome_lamp1,LAMP1,BORCS7,ALKBH8,387,1.1173099560918172,all KO rows in frozen KO-cluster order
lysosome_lamp1,LAMP1,BORCS7,TWSG1,388,0.8872720696232553,all KO rows in frozen KO-cluster order
lysosome_lamp1,LAMP1,BORCS7,CABIN1,389,0.7858159494864719,all KO rows in frozen KO-cluster order
lysosome_lamp1,LAMP1,BORCS7,HIC2,390,0.7369458736335549,all KO rows in frozen KO-cluster order
lysosome_lamp1,LAMP1,BORCS7,HECTD1,391,0.7308211642899615,all KO rows in frozen KO-cluster order
lysosome_lamp1,LAMP1,BORCS7,CCR2,392,0.8723065401636718,all KO rows in frozen KO-cluster order
lysosome_lamp1,LAMP1,BORCS7,TYK2,393,0.8208436320507209,all KO rows in frozen KO-cluster order
lysosome_lamp1,LAMP1,BORCS7,MCEE,394,0.8449512533159551,all KO rows in frozen KO-cluster order
lysosome_lamp1,LAMP1,BORCS7,STXBP1,395,0.8691476776985156,all KO rows in frozen KO-cluster order
lysosome_lamp1,LAMP1,BORCS7,NUFIP2,396,0.9521582603308046,all KO rows in frozen KO-cluster order
lysosome_lamp1,LAMP1,BORCS7,INPPL1,397,0.6719872057411209,all KO rows in frozen KO-cluster order
lysosome_lamp1,LAMP1,BORCS7,CEP350,398,0.7554359846256699,all KO rows in frozen KO-cluster order
lysosome_lamp1,LAMP1,BORCS7,NRAS,399,0.756905494176161,all KO rows in frozen KO-cluster order
lysosome_lamp1,LAMP1,BORCS7,COQ10B,400,0.7493324930045226,all KO rows in frozen KO-cluster order
lysosome_lamp1,LAMP1,BORCS7,FGFR1OP2,401,0.6656358915632371,all KO rows in frozen KO-cluster order
lysosome_lamp1,LAMP1,BORCS7,TNRC6A,402,1.3420140151812299,all KO rows in frozen KO-cluster order
lysosome_lamp1,LAMP1,BORCS7,TLR3,403,0.7081255670452054,all KO rows in frozen KO-cluster order
lysosome_lamp1,LAMP1,BORCS7,NCOA4,404,0.6801631673638276,all KO rows in frozen KO-cluster order
lysosome_lamp1,LAMP1,BORCS7,CLDN15,405,0.764187897810947,all KO rows in frozen KO-cluster order
lysosome_lamp1,LAMP1,BORCS7,TUBGCP6,406,0.8998508340124203,all KO rows in frozen KO-cluster order
lysosome_lamp1,LAMP1,BORCS7,MRPL40,407,1.3002844037689845,all KO rows in frozen KO-cluster order
lysosome_lamp1,LAMP1,BORCS7,SPCS3,408,1.0672623543623545,all KO rows in frozen KO-cluster order
lysosome_lamp1,LAMP1,BORCS7,SLC25A24,409,1.2330093193232081,all KO rows in frozen KO-cluster order
lysosome_lamp1,LAMP1,BORCS7,ATP6V1H,410,1.489319121359577,all KO rows in frozen KO-cluster order
lysosome_lamp1,LAMP1,BORCS7,NEK1,411,1.012172494433616,all KO rows in frozen KO-cluster order
lysosome_lamp1,LAMP1,BORCS7,IGBP1,412,0.8318223095061685,all KO rows in frozen KO-cluster order
lysosome_lamp1,LAMP1,BORCS7,KDM4A,413,1.1409283594704331,all KO rows in frozen KO-cluster order
lysosome_lamp1,LAMP1,BORCS7,SLC35B1,414,1.3084488755891182,all KO rows in frozen KO-cluster order
lysosome_lamp1,LAMP1,BORCS7,ADRA2C,415,1.0122873310314398,all KO rows in frozen KO-cluster order
lysosome_lamp1,LAMP1,BORCS7,ERCC3,416,0.8089873214763946,all KO rows in frozen KO-cluster order
lysosome_lamp1,LAMP1,BORCS7,AHCYL1,417,0.9275213266974763,all KO rows in frozen KO-cluster order
lysosome_lamp1,LAMP1,BORCS7,COQ7,418,0.9662301002652477,all KO rows in frozen KO-cluster order
lysosome_lamp1,LAMP1,BORCS7,FBXW11,419,0.8929164743114525,all KO rows in frozen KO-cluster order
lysosome_lamp1,LAMP1,BORCS7,MTA2,420,0.8212010904726244,all KO rows in frozen KO-cluster order
lysosome_lamp1,LAMP1,BORCS7,TMED2,421,0.8834947588810389,all KO rows in frozen KO-cluster order
lysosome_lamp1,LAMP1,BORCS7,NCAN,422,0.8967433684345442,all KO rows in frozen KO-cluster order
lysosome_lamp1,LAMP1,BORCS7,INTS10,423,1.2269043389769225,all KO rows in frozen KO-cluster order
lysosome_lamp1,LAMP1,BORCS7,YIPF5,424,0.9240611246447652,all KO rows in frozen KO-cluster order
lysosome_lamp1,LAMP1,BORCS7,ARGLU1,425,1.0164111021668543,all KO rows in frozen KO-cluster order
lysosome_lamp1,LAMP1,BORCS7,FOXL2,426,0.9162789431812405,all KO rows in frozen KO-cluster order
lysosome_lamp1,LAMP1,BORCS7,ZFP69B,427,1.0480943527446565,all KO rows in frozen KO-cluster order
lysosome_lamp1,LAMP1,BORCS7,GOLGA2,428,0.6831210330191938,all KO rows in frozen KO-cluster order
lysosome_lamp1,LAMP1,BORCS7,NAMPT,429,0.6625977084388917,all KO rows in frozen KO-cluster order
lysosome_lamp1,LAMP1,BORCS7,ARHGAP22,430,0.9723027576000131,all KO rows in frozen KO-cluster order
lysosome_lamp1,LAMP1,BORCS7,UTP14A,431,0.6977674513851589,all KO rows in frozen KO-cluster order
lysosome_lamp1,LAMP1,BORCS7,RNF20,432,0.6108439860993479,all KO rows in frozen KO-cluster order
lysosome_lamp1,LAMP1,BORCS7,LIN9,433,0.6205278300677604,all KO rows in frozen KO-cluster order
lysosome_lamp1,LAMP1,BORCS7,H2AFX,434,0.5631273357206531,all KO rows in frozen KO-cluster order
lysosome_lamp1,LAMP1,BORCS7,EPB41L2,435,0.9122246586978451,all KO rows in frozen KO-cluster order
lysosome_lamp1,LAMP1,BORCS7,LAMTOR1,436,0.8377193008503321,all KO rows in frozen KO-cluster order
lysosome_lamp1,LAMP1,BORCS7,NCKIPSD,437,0.7009078147477653,all KO rows in frozen KO-cluster order
lysosome_lamp1,LAMP1,BORCS7,ATRX,438,0.7874666129810699,all KO rows in frozen KO-cluster order
lysosome_lamp1,LAMP1,BORCS7,AP1S1,439,0.92894167301409,all KO rows in frozen KO-cluster order
lysosome_lamp1,LAMP1,BORCS7,SLC35C1,440,0.7758713635433812,all KO rows in frozen KO-cluster order
lysosome_lamp1,LAMP1,BORCS7,MRPL34,441,0.9029039833363451,all KO rows in frozen KO-cluster order
lysosome_lamp1,LAMP1,BORCS7,CNOT10,442,0.9438676476398873,all KO rows in frozen KO-cluster order
lysosome_lamp1,LAMP1,BORCS7,SAMM50,443,0.6920661767654039,all KO rows in frozen KO-cluster order
lysosome_lamp1,LAMP1,BORCS7,SMC1A,444,0.9622252141903953,all KO rows in frozen KO-cluster order
lysosome_lamp1,LAMP1,BORCS7,RHOA,445,0.6136092757640177,all KO rows in frozen KO-cluster order
lysosome_lamp1,LAMP1,BORCS7,KIF17,446,0.5532384821836569,all KO rows in frozen KO-cluster order
lysosome_lamp1,LAMP1,BORCS7,XRN1,447,0.5582920191666382,all KO rows in frozen KO-cluster order
lysosome_lamp1,LAMP1,BORCS7,TEFM,448,0.4377975028761082,all KO rows in frozen KO-cluster order
lysosome_lamp1,LAMP1,BORCS7,FJX1,449,0.5691570681669702,all KO rows in frozen KO-cluster order
lysosome_lamp1,LAMP1,BORCS7,RAB4A,450,0.4519998946807779,all KO rows in frozen KO-cluster order
lysosome_lamp1,LAMP1,BORCS7,ERCC6,451,0.727463054328516,all KO rows in frozen KO-cluster order
lysosome_lamp1,LAMP1,BORCS7,RAB6A,452,0.6777924420353758,all KO rows in frozen KO-cluster order
lysosome_lamp1,LAMP1,BORCS7,ADRB2,453,0.7697720305877963,all KO rows in frozen KO-cluster order
lysosome_lamp1,LAMP1,BORCS7,THRA,454,0.8759100557417193,all KO rows in frozen KO-cluster order
lysosome_lamp1,LAMP1,BORCS7,RRS1,455,0.6260204089243556,all KO rows in frozen KO-cluster order
lysosome_lamp1,LAMP1,BORCS7,ABHD10,456,0.8798488648429067,all KO rows in frozen KO-cluster order
lysosome_lamp1,LAMP1,BORCS7,ACSS2,457,0.8730686983917771,all KO rows in frozen KO-cluster order
lysosome_lamp1,LAMP1,BORCS7,PRKRA,458,0.5740362213198312,all KO rows in frozen KO-cluster order
lysosome_lamp1,LAMP1,BORCS7,HSPA14,459,1.0207619996296478,all KO rows in frozen KO-cluster order
lysosome_lamp1,LAMP1,BORCS7,CAPZB,460,1.4086030158886373,all KO rows in frozen KO-cluster order
lysosome_lamp1,LAMP1,BORCS7,CCNG1,461,0.9994842243978989,all KO rows in frozen KO-cluster order
lysosome_lamp1,LAMP1,BORCS7,TARS,462,1.1693207709309021,all KO rows in frozen KO-cluster order
lysosome_lamp1,LAMP1,BORCS7,FZD9,463,0.933130739355493,all KO rows in frozen KO-cluster order
lysosome_lamp1,LAMP1,BORCS7,SEC24A,464,0.9923124389930484,all KO rows in frozen KO-cluster order
lysosome_lamp1,LAMP1,BORCS7,MRPL52,465,1.1144753388711484,all KO rows in frozen KO-cluster order
lysosome_lamp1,LAMP1,BORCS7,ATXN7L3,466,0.8009192812505594,all KO rows in frozen KO-cluster order
lysosome_lamp1,LAMP1,BORCS7,DDOST,467,0.7141018360479534,all KO rows in frozen KO-cluster order
lysosome_lamp1,LAMP1,BORCS7,HMGCR,468,0.8948914535663388,all KO rows in frozen KO-cluster order
lysosome_lamp1,LAMP1,BORCS7,CUL2,469,0.945183473191797,all KO rows in frozen KO-cluster order
lysosome_lamp1,LAMP1,BORCS7,KANSL1,470,0.9476452826573086,all KO rows in frozen KO-cluster order
lysosome_lamp1,LAMP1,BORCS7,DCAF7,471,0.8270280955262259,all KO rows in frozen KO-cluster order
lysosome_lamp1,LAMP1,BORCS7,DLG4,472,0.9929705464626548,all KO rows in frozen KO-cluster order
lysosome_lamp1,LAMP1,BORCS7,DCTN5,473,1.2438257096085321,all KO rows in frozen KO-cluster order
lysosome_lamp1,LAMP1,BORCS7,PTK2,474,0.7453409948936409,all KO rows in frozen KO-cluster order
lysosome_lamp1,LAMP1,BORCS7,COG8,475,1.1194052909013266,all KO rows in frozen KO-cluster order
lysosome_lamp1,LAMP1,BORCS7,DERL2,476,0.7363327018653907,all KO rows in frozen KO-cluster order
lysosome_lamp1,LAMP1,BORCS7,AP3M1,477,0.6111454333878475,all KO rows in frozen KO-cluster order
lysosome_lamp1,LAMP1,BORCS7,SEC22C,478,0.8245318324698884,all KO rows in frozen KO-cluster order
lysosome_lamp1,LAMP1,BORCS7,RBM42,479,0.8211708126929862,all KO rows in frozen KO-cluster order
lysosome_lamp1,LAMP1,BORCS7,MTHFD1,480,0.5841163124672792,all KO rows in frozen KO-cluster order
lysosome_lamp1,LAMP1,BORCS7,SLC35B2,481,0.9544310410700203,all KO rows in frozen KO-cluster order
lysosome_lamp1,LAMP1,BORCS7,EPRS,482,0.6998734598093274,all KO rows in frozen KO-cluster order
lysosome_lamp1,LAMP1,BORCS7,CD164,483,0.7022472609565192,all KO rows in frozen KO-cluster order
lysosome_lamp1,LAMP1,BORCS7,CLASP1,484,0.8628444116086305,all KO rows in frozen KO-cluster order
lysosome_lamp1,LAMP1,BORCS7,MOB4,485,0.7186382480193466,all KO rows in frozen KO-cluster order
lysosome_lamp1,LAMP1,BORCS7,C5orf30,486,0.8483455415575996,all KO rows in frozen KO-cluster order
lysosome_lamp1,LAMP1,BORCS7,AATF,487,0.5504894133643102,all KO rows in frozen KO-cluster order
lysosome_lamp1,LAMP1,BORCS7,PXN,488,0.4533485231503506,all KO rows in frozen KO-cluster order
lysosome_lamp1,LAMP1,BORCS7,OST4,489,0.6740603454848946,all KO rows in frozen KO-cluster order
lysosome_lamp1,LAMP1,BORCS7,NACC1,490,0.7191000495210951,all KO rows in frozen KO-cluster order
lysosome_lamp1,LAMP1,BORCS7,ZZZ3,491,0.9588673977361425,all KO rows in frozen KO-cluster order
lysosome_lamp1,LAMP1,BORCS7,VPS25,492,0.7260117576763028,all KO rows in frozen KO-cluster order
lysosome_lamp1,LAMP1,BORCS7,PDZK1IP1,493,0.9838367129523237,all KO rows in frozen KO-cluster order
lysosome_lamp1,LAMP1,BORCS7,RAE1,494,0.5742625759595666,all KO rows in frozen KO-cluster order
lysosome_lamp1,LAMP1,BORCS7,MBD5,495,0.9711409781766243,all KO rows in frozen KO-cluster order
lysosome_lamp1,LAMP1,BORCS7,MAFA,496,0.57973144782118,all KO rows in frozen KO-cluster order
lysosome_lamp1,LAMP1,BORCS7,THOC3,497,1.1212252270772904,all KO rows in frozen KO-cluster order
lysosome_lamp1,LAMP1,BORCS7,PRMT3,498,0.9292695219380391,all KO rows in frozen KO-cluster order
lysosome_lamp1,LAMP1,BORCS7,LSM4,499,1.1969947347491305,all KO rows in frozen KO-cluster order
lysosome_lamp1,LAMP1,BORCS7,C1D,500,1.0748747004620822,all KO rows in frozen KO-cluster order
lysosome_lamp1,LAMP1,BORCS7,CERCAM,501,0.8519816176095762,all KO rows in frozen KO-cluster order
lysosome_lamp1,LAMP1,BORCS7,PTPRR,502,0.8151748818831261,all KO rows in frozen KO-cluster order
lysosome_lamp1,LAMP1,BORCS7,RARS,503,0.7040497918484876,all KO rows in frozen KO-cluster order
lysosome_lamp1,LAMP1,BORCS7,VWA7,504,0.9387999767783649,all KO rows in frozen KO-cluster order
lysosome_lamp1,LAMP1,BORCS7,DYNC1LI2,505,0.9048242313035647,all KO rows in frozen KO-cluster order
lysosome_lamp1,LAMP1,BORCS7,FAM83H,506,0.6168544997565728,all KO rows in frozen KO-cluster order
lysosome_lamp1,LAMP1,BORCS7,OAZ1,507,0.69316692305077,all KO rows in frozen KO-cluster order
lysosome_lamp1,LAMP1,BORCS7,NEDD8,508,0.930065085023629,all KO rows in frozen KO-cluster order
lysosome_lamp1,LAMP1,BORCS7,GINS1,509,0.962772282032649,all KO rows in frozen KO-cluster order
lysosome_lamp1,LAMP1,BORCS7,NCOA1,510,0.6494588319274163,all KO rows in frozen KO-cluster order
lysosome_lamp1,LAMP1,BORCS7,RAP1GAP2,511,0.8365847738750642,all KO rows in frozen KO-cluster order
lysosome_lamp1,LAMP1,BORCS7,PUM1,512,0.8795638203527762,all KO rows in frozen KO-cluster order
lysosome_lamp1,LAMP1,BORCS7,ELOVL1,513,0.9800029611392991,all KO rows in frozen KO-cluster order
lysosome_lamp1,LAMP1,BORCS7,FLII,514,1.160412861200196,all KO rows in frozen KO-cluster order
lysosome_lamp1,LAMP1,BORCS7,DYNC1I2,515,1.5038262168172722,all KO rows in frozen KO-cluster order
lysosome_lamp1,LAMP1,BORCS7,PCID2,516,1.4871902728902364,all KO rows in frozen KO-cluster order
lysosome_lamp1,LAMP1,BORCS7,POLE4,517,1.0093587861734974,all KO rows in frozen KO-cluster order
lysosome_lamp1,LAMP1,BORCS7,PTDSS1,518,0.8309331284028394,all KO rows in frozen KO-cluster order
lysosome_lamp1,LAMP1,BORCS7,ETHE1,519,0.8034609550372849,all KO rows in frozen KO-cluster order
lysosome_lamp1,LAMP1,BORCS7,EXOC5,520,0.7862159682716222,all KO rows in frozen KO-cluster order
lysosome_lamp1,LAMP1,BORCS7,AMIGO3,521,1.039853514217583,all KO rows in frozen KO-cluster order
lysosome_lamp1,LAMP1,BORCS7,MBTD1,522,1.001537006260418,all KO rows in frozen KO-cluster order
lysosome_lamp1,LAMP1,BORCS7,DYNLL2,523,0.9868634012008443,all KO rows in frozen KO-cluster order
lysosome_lamp1,LAMP1,BORCS7,DYNC1H1,524,1.266106870122649,all KO rows in frozen KO-cluster order
lysosome_lamp1,LAMP1,BORCS7,COA4,525,0.9893447664391563,all KO rows in frozen KO-cluster order
lysosome_lamp1,LAMP1,BORCS7,UBE2N,526,0.8857397561142736,all KO rows in frozen KO-cluster order
lysosome_lamp1,LAMP1,BORCS7,YAE1,527,0.8265381010496999,all KO rows in frozen KO-cluster order
lysosome_lamp1,LAMP1,BORCS7,CALM3,528,0.791502711093073,all KO rows in frozen KO-cluster order
lysosome_lamp1,LAMP1,BORCS7,ADSS,529,0.9688865489327155,all KO rows in frozen KO-cluster order
lysosome_lamp1,LAMP1,BORCS7,ACSL4,530,0.8312908948395746,all KO rows in frozen KO-cluster order
lysosome_lamp1,LAMP1,BORCS7,MEX3C,531,0.7417095019805001,all KO rows in frozen KO-cluster order
lysosome_lamp1,LAMP1,BORCS7,COG6,532,0.674071812885666,all KO rows in frozen KO-cluster order
lysosome_lamp1,LAMP1,BORCS7,FUNDC2,533,0.6867344119932356,all KO rows in frozen KO-cluster order
lysosome_lamp1,LAMP1,BORCS7,SCN10A,534,0.695555157822895,all KO rows in frozen KO-cluster order
lysosome_lamp1,LAMP1,BORCS7,BET1,535,0.9082485443724458,all KO rows in frozen KO-cluster order
lysosome_lamp1,LAMP1,BORCS7,ERN1,536,0.5219089359973885,all KO rows in frozen KO-cluster order
lysosome_lamp1,LAMP1,BORCS7,EFR3A,537,0.689872782182271,all KO rows in frozen KO-cluster order
lysosome_lamp1,LAMP1,BORCS7,CEP55,538,0.7387682566612113,all KO rows in frozen KO-cluster order
lysosome_lamp1,LAMP1,BORCS7,SKAP1,539,0.6960742154428712,all KO rows in frozen KO-cluster order
lysosome_lamp1,LAMP1,BORCS7,DCAF11,540,0.8584333499948986,all KO rows in frozen KO-cluster order
lysosome_lamp1,LAMP1,BORCS7,SNX32,541,0.6004332756236577,all KO rows in frozen KO-cluster order
lysosome_lamp1,LAMP1,BORCS7,PLEKHM2,542,0.7630306486659785,all KO rows in frozen KO-cluster order
lysosome_lamp1,LAMP1,BORCS7,ANP32B,543,0.862513764967496,all KO rows in frozen KO-cluster order
lysosome_lamp1,LAMP1,BORCS7,TPT1,544,0.7825099072483561,all KO rows in frozen KO-cluster order
lysosome_lamp1,LAMP1,BORCS7,FAT1,545,0.5992999913423038,all KO rows in frozen KO-cluster order
lysosome_lamp1,LAMP1,BORCS7,SOCS1,546,0.7868007711440542,all KO rows in frozen KO-cluster order
lysosome_lamp1,LAMP1,BORCS7,HOXB2,547,0.6553559913987191,all KO rows in frozen KO-cluster order
lysosome_lamp1,LAMP1,BORCS7,BLOC1S6,548,1.0196328181481227,all KO rows in frozen KO-cluster order
lysosome_lamp1,LAMP1,BORCS7,CHMP4C,549,1.015115019306173,all KO rows in frozen KO-cluster order
lysosome_lamp1,LAMP1,BORCS7,ATXN10,550,0.6387121013309407,all KO rows in frozen KO-cluster order
lysosome_lamp1,LAMP1,BORCS7,C5orf22,551,1.2302952406430843,all KO rows in frozen KO-cluster order
lysosome_lamp1,LAMP1,BORCS7,SRPRB,552,1.0655783598833684,all KO rows in frozen KO-cluster order
lysosome_lamp1,LAMP1,BORCS7,ATAD3A,553,1.324063101134872,all KO rows in frozen KO-cluster order
lysosome_lamp1,LAMP1,BORCS7,MROH6,554,0.9041465630818174,all KO rows in frozen KO-cluster order
lysosome_lamp1,LAMP1,BORCS7,CHD1,555,1.3811511424679237,all KO rows in frozen KO-cluster order
lysosome_lamp1,LAMP1,BORCS7,RTTN,556,1.1305999171551975,all KO rows in frozen KO-cluster order
lysosome_lamp1,LAMP1,BORCS7,POU3F1,557,1.2100631906711128,all KO rows in frozen KO-cluster order
lysosome_lamp1,LAMP1,BORCS7,SH3GL1,558,0.8715584512598945,all KO rows in frozen KO-cluster order
lysosome_lamp1,LAMP1,BORCS7,PPCS,559,0.782270720262234,all KO rows in frozen KO-cluster order
lysosome_lamp1,LAMP1,BORCS7,COX15,560,0.7217958455768432,all KO rows in frozen KO-cluster order
lysosome_lamp1,LAMP1,BORCS7,RXRA,561,1.0271623026850825,all KO rows in frozen KO-cluster order
lysosome_lamp1,LAMP1,BORCS7,CPSF2,562,0.8617360396050693,all KO rows in frozen KO-cluster order
lysosome_lamp1,LAMP1,BORCS7,ZNF704,563,0.8600424286804387,all KO rows in frozen KO-cluster order
lysosome_lamp1,LAMP1,BORCS7,MSANTD4,564,1.0784178393025738,all KO rows in frozen KO-cluster order
lysosome_lamp1,LAMP1,BORCS7,TGFBR1,565,1.1956529855394804,all KO rows in frozen KO-cluster order
lysosome_lamp1,LAMP1,BORCS7,GLB1,566,0.8705648456816747,all KO rows in frozen KO-cluster order
lysosome_lamp1,LAMP1,BORCS7,LTN1,567,0.9195529680016231,all KO rows in frozen KO-cluster order
lysosome_lamp1,LAMP1,BORCS7,FANCM,568,0.9354844817636921,all KO rows in frozen KO-cluster order
lysosome_lamp1,LAMP1,BORCS7,SLC2A8,569,0.5996899102010425,all KO rows in frozen KO-cluster order
lysosome_lamp1,LAMP1,BORCS7,IMPDH1,570,0.7785583790037092,all KO rows in frozen KO-cluster order
lysosome_lamp1,LAMP1,BORCS7,CLK3,571,0.9246271847602147,all KO rows in frozen KO-cluster order
lysosome_lamp1,LAMP1,BORCS7,DAD1,572,0.8852295158293624,all KO rows in frozen KO-cluster order
lysosome_lamp1,LAMP1,BORCS7,FGFR1OP,573,0.896090869330652,all KO rows in frozen KO-cluster order
lysosome_lamp1,LAMP1,BORCS7,COX11,574,0.8174085632826796,all KO rows in frozen KO-cluster order
lysosome_lamp1,LAMP1,BORCS7,CD2BP2,575,0.7712539564771694,all KO rows in frozen KO-cluster order
lysosome_lamp1,LAMP1,BORCS7,STMN1,576,0.7426581279244192,all KO rows in frozen KO-cluster order
lysosome_lamp1,LAMP1,BORCS7,MRPL20,577,0.6421233556383417,all KO rows in frozen KO-cluster order
lysosome_lamp1,LAMP1,BORCS7,RABGGTB,578,1.1483284725189296,all KO rows in frozen KO-cluster order
lysosome_lamp1,LAMP1,BORCS7,TIMM23,579,0.6609166354262592,all KO rows in frozen KO-cluster order
lysosome_lamp1,LAMP1,BORCS7,POLR2M,580,0.7503614884588987,all KO rows in frozen KO-cluster order
lysosome_lamp1,LAMP1,BORCS7,COPS8,581,0.6632754457430312,all KO rows in frozen KO-cluster order
lysosome_lamp1,LAMP1,BORCS7,PREB,582,0.7443834724271268,all KO rows in frozen KO-cluster order
lysosome_lamp1,LAMP1,BORCS7,ATG9A,583,0.6811403480832766,all KO rows in frozen KO-cluster order
lysosome_lamp1,LAMP1,BORCS7,SLC38A2,584,0.5692558531153401,all KO rows in frozen KO-cluster order
lysosome_lamp1,LAMP1,BORCS7,RGP1,585,0.5857023920269503,all KO rows in frozen KO-cluster order
lysosome_lamp1,LAMP1,BORCS7,PTPMT1,586,0.722452710787797,all KO rows in frozen KO-cluster order
lysosome_lamp1,LAMP1,BORCS7,TRPC1,587,0.5493174410772735,all KO rows in frozen KO-cluster order
lysosome_lamp1,LAMP1,BORCS7,MED13L,588,0.6651138815995455,all KO rows in frozen KO-cluster order
lysosome_lamp1,LAMP1,BORCS7,PDIA6,589,0.650764773298288,all KO rows in frozen KO-cluster order
lysosome_lamp1,LAMP1,BORCS7,P4HB,590,0.8621940682449235,all KO rows in frozen KO-cluster order
lysosome_lamp1,LAMP1,BORCS7,ARHGEF9,591,0.9000558395216061,all KO rows in frozen KO-cluster order
lysosome_lamp1,LAMP1,BORCS7,GAK,592,0.6646938530013674,all KO rows in frozen KO-cluster order
lysosome_lamp1,LAMP1,BORCS7,RAB10,593,0.702854407104517,all KO rows in frozen KO-cluster order
lysosome_lamp1,LAMP1,BORCS7,RBM14,594,0.7902152021136499,all KO rows in frozen KO-cluster order
lysosome_lamp1,LAMP1,BORCS7,CSNK2A2,595,0.5877445905531565,all KO rows in frozen KO-cluster order
lysosome_lamp1,LAMP1,BORCS7,SEC23B,596,0.7007564060576926,all KO rows in frozen KO-cluster order
lysosome_lamp1,LAMP1,BORCS7,NR2F2,597,1.028395682551594,all KO rows in frozen KO-cluster order
lysosome_lamp1,LAMP1,BORCS7,EXOC7,598,0.7840775235900306,all KO rows in frozen KO-cluster order
lysosome_lamp1,LAMP1,BORCS7,ZNF131,599,0.8140674910698489,all KO rows in frozen KO-cluster order
lysosome_lamp1,LAMP1,BORCS7,NOL7,600,0.7314426393652752,all KO rows in frozen KO-cluster order
lysosome_lamp1,LAMP1,BORCS7,CPSF3,601,0.6639497744425623,all KO rows in frozen KO-cluster order
lysosome_lamp1,LAMP1,BORCS7,BORCS8,602,0.584356364028329,all KO rows in frozen KO-cluster order
lysosome_lamp1,LAMP1,BORCS7,TRIM33,603,0.660596487711449,all KO rows in frozen KO-cluster order
lysosome_lamp1,LAMP1,BORCS7,MSH3,604,0.628219318515501,all KO rows in frozen KO-cluster order
lysosome_lamp1,LAMP1,BORCS7,SLC38A6,605,0.9083566411679819,all KO rows in frozen KO-cluster order
lysosome_lamp1,LAMP1,BORCS7,MCM5,606,0.8693845861349571,all KO rows in frozen KO-cluster order
lysosome_lamp1,LAMP1,BORCS7,SEC16A,607,1.012833969941202,all KO rows in frozen KO-cluster order
lysosome_lamp1,LAMP1,BORCS7,ASNA1,608,0.8880513021776563,all KO rows in frozen KO-cluster order
lysosome_lamp1,LAMP1,BORCS7,STX5,609,0.865972390340748,all KO rows in frozen KO-cluster order
lysosome_lamp1,LAMP1,BORCS7,SEC61G,610,0.7755295330233858,all KO rows in frozen KO-cluster order
lysosome_lamp1,LAMP1,BORCS7,PAICS,611,0.900799953923163,all KO rows in frozen KO-cluster order
lysosome_lamp1,LAMP1,BORCS7,ARPC3,612,0.9898222946197035,all KO rows in frozen KO-cluster order
lysosome_lamp1,LAMP1,BORCS7,ZNRD1,613,0.8182292873588752,all KO rows in frozen KO-cluster order
lysosome_lamp1,LAMP1,BORCS7,CENPC,614,0.882081466064217,all KO rows in frozen KO-cluster order
lysosome_lamp1,LAMP1,BORCS7,COL18A1,615,0.8505103639834116,all KO rows in frozen KO-cluster order
lysosome_lamp1,LAMP1,BORCS7,TAS2R40,616,0.7140889504229613,all KO rows in frozen KO-cluster order
lysosome_lamp1,LAMP1,BORCS7,FBXL4,617,0.9848413113253136,all KO rows in frozen KO-cluster order
lysosome_lamp1,LAMP1,BORCS7,MYCL,618,0.7695930417479806,all KO rows in frozen KO-cluster order
lysosome_lamp1,LAMP1,BORCS7,LMX1B,619,0.5915457235781857,all KO rows in frozen KO-cluster order
lysosome_lamp1,LAMP1,BORCS7,KCTD16,620,0.7460622195730441,all KO rows in frozen KO-cluster order
lysosome_lamp1,LAMP1,BORCS7,MAX,621,0.5728058437021164,all KO rows in frozen KO-cluster order
lysosome_lamp1,LAMP1,BORCS7,GPX8,622,0.6563069804716408,all KO rows in frozen KO-cluster order
lysosome_lamp1,LAMP1,BORCS7,RAB11A,623,0.766927769450871,all KO rows in frozen KO-cluster order
lysosome_lamp1,LAMP1,BORCS7,FKBP9,624,0.6148365576171149,all KO rows in frozen KO-cluster order
lysosome_lamp1,LAMP1,BORCS7,GINS2,625,0.6231412304032818,all KO rows in frozen KO-cluster order
lysosome_lamp1,LAMP1,BORCS7,CUL1,626,0.5235572311851785,all KO rows in frozen KO-cluster order
lysosome_lamp1,LAMP1,BORCS7,TSEN2,627,0.4837812475727198,all KO rows in frozen KO-cluster order
lysosome_lamp1,LAMP1,BORCS7,PHB,628,0.8115098843012444,all KO rows in frozen KO-cluster order
lysosome_lamp1,LAMP1,BORCS7,CAD,629,0.793680835309966,all KO rows in frozen KO-cluster order
lysosome_lamp1,LAMP1,BORCS7,CEP135,630,0.7520304106598126,all KO rows in frozen KO-cluster order
lysosome_lamp1,LAMP1,BORCS7,LIMD2,631,1.175113353937112,all KO rows in frozen KO-cluster order
lysosome_lamp1,LAMP1,BORCS7,CHMP6,632,0.9213958707056935,all KO rows in frozen KO-cluster order
lysosome_lamp1,LAMP1,BORCS7,TMOD4,633,0.7341905874115839,all KO rows in frozen KO-cluster order
lysosome_lamp1,LAMP1,BORCS7,DDB1,634,0.9909764815085778,all KO rows in frozen KO-cluster order
lysosome_lamp1,LAMP1,BORCS7,POLR1B,635,1.4327941868706928,all KO rows in frozen KO-cluster order
lysosome_lamp1,LAMP1,BORCS7,EIF6,636,1.0259989550323363,all KO rows in frozen KO-cluster order
lysosome_lamp1,LAMP1,BORCS7,B3GNT2,637,0.8523783457963088,all KO rows in frozen KO-cluster order
lysosome_lamp1,LAMP1,BORCS7,ADAMTS4,638,0.6473163564494617,all KO rows in frozen KO-cluster order
lysosome_lamp1,LAMP1,BORCS7,CENPA,639,1.0401656480829589,all KO rows in frozen KO-cluster order
lysosome_lamp1,LAMP1,BORCS7,POLA1,640,1.2503160094859413,all KO rows in frozen KO-cluster order
lysosome_lamp1,LAMP1,BORCS7,DRAP1,641,0.8356151529654612,all KO rows in frozen KO-cluster order
lysosome_lamp1,LAMP1,BORCS7,SRP72,642,0.6968541444263823,all KO rows in frozen KO-cluster order
lysosome_lamp1,LAMP1,BORCS7,TELO2,643,1.0087491286523012,all KO rows in frozen KO-cluster order
lysosome_lamp1,LAMP1,BORCS7,GNL3,644,0.6487320910789574,all KO rows in frozen KO-cluster order
lysosome_lamp1,LAMP1,BORCS7,UBE2D3,645,0.8798449611156808,all KO rows in frozen KO-cluster order
lysosome_lamp1,LAMP1,BORCS7,RHOQ,646,1.063340553165937,all KO rows in frozen KO-cluster order
lysosome_lamp1,LAMP1,BORCS7,PAN2,647,0.7319879909500966,all KO rows in frozen KO-cluster order
lysosome_lamp1,LAMP1,BORCS7,PFN1,648,0.7504676131758421,all KO rows in frozen KO-cluster order
lysosome_lamp1,LAMP1,BORCS7,AP3M2,649,0.8225231156938134,all KO rows in frozen KO-cluster order
lysosome_lamp1,LAMP1,BORCS7,SKA3,650,1.74202543177942,all KO rows in frozen KO-cluster order
lysosome_lamp1,LAMP1,BORCS7,COMMD5,651,1.4011156658540542,all KO rows in frozen KO-cluster order
lysosome_lamp1,LAMP1,BORCS7,RPS10,652,1.7352511511032962,all KO rows in frozen KO-cluster order
lysosome_lamp1,LAMP1,BORCS7,HAUS6,653,1.4440190141612188,all KO rows in frozen KO-cluster order
lysosome_lamp1,LAMP1,BORCS7,TIMELESS,654,1.4207663961613548,all KO rows in frozen KO-cluster order
lysosome_lamp1,LAMP1,BORCS7,CBWD2,655,1.3005372279386789,all KO rows in frozen KO-cluster order
lysosome_lamp1,LAMP1,BORCS7,PPIAL4D,656,1.23714644695439,all KO rows in frozen KO-cluster order
lysosome_lamp1,LAMP1,BORCS7,CDC27,657,1.3224196408819158,all KO rows in frozen KO-cluster order
lysosome_lamp1,LAMP1,BORCS7,SPCS2,658,1.4325790112466703,all KO rows in frozen KO-cluster order
lysosome_lamp1,LAMP1,BORCS7,GTPBP4,659,0.9861209584415811,all KO rows in frozen KO-cluster order
lysosome_lamp1,LAMP1,BORCS7,NOP16,660,0.8090880946655362,all KO rows in frozen KO-cluster order
lysosome_lamp1,LAMP1,BORCS7,FTH1,661,1.2539061291857432,all KO rows in frozen KO-cluster order
lysosome_lamp1,LAMP1,BORCS7,DGKD,662,0.7373828107726412,all KO rows in frozen KO-cluster order
lysosome_lamp1,LAMP1,BORCS7,CTSG,663,0.915164612402702,all KO rows in frozen KO-cluster order
lysosome_lamp1,LAMP1,BORCS7,MCTS1,664,0.7992606053310402,all KO rows in frozen KO-cluster order
lysosome_lamp1,LAMP1,BORCS7,UGT3A2,665,0.7439214599915859,all KO rows in frozen KO-cluster order
lysosome_lamp1,LAMP1,BORCS7,LAMTOR2,666,0.6424157879921466,all KO rows in frozen KO-cluster order
lysosome_lamp1,LAMP1,BORCS7,XPR1,667,0.9535099490795069,all KO rows in frozen KO-cluster order
lysosome_lamp1,LAMP1,BORCS7,PLA2G4A,668,1.0243840350425732,all KO rows in frozen KO-cluster order
lysosome_lamp1,LAMP1,BORCS7,CRAT,669,1.0501938956520858,all KO rows in frozen KO-cluster order
lysosome_lamp1,LAMP1,BORCS7,BUD31,670,1.8185280271454392,all KO rows in frozen KO-cluster order
lysosome_lamp1,LAMP1,BORCS7,SH3KBP1,671,0.827093476043414,all KO rows in frozen KO-cluster order
lysosome_lamp1,LAMP1,BORCS7,RBM22,672,1.2698343530520464,all KO rows in frozen KO-cluster order
lysosome_lamp1,LAMP1,BORCS7,SLU7,673,1.7724604113108577,all KO rows in frozen KO-cluster order
lysosome_lamp1,LAMP1,BORCS7,UHRF1,674,0.7856059787548951,all KO rows in frozen KO-cluster order
lysosome_lamp1,LAMP1,BORCS7,CTU1,675,1.067230486959528,all KO rows in frozen KO-cluster order
lysosome_lamp1,LAMP1,BORCS7,ZFR,676,1.4214242566446078,all KO rows in frozen KO-cluster order
lysosome_lamp1,LAMP1,BORCS7,EIF2S2,677,0.8139891819298907,all KO rows in frozen KO-cluster order
lysosome_lamp1,LAMP1,BORCS7,CAPN12,678,1.0919428510351057,all KO rows in frozen KO-cluster order
lysosome_lamp1,LAMP1,BORCS7,POLE,679,1.862206046750369,all KO rows in frozen KO-cluster order
lysosome_lamp1,LAMP1,BORCS7,GPN1,680,1.2891243633204847,all KO rows in frozen KO-cluster order
lysosome_lamp1,LAMP1,BORCS7,COQ4,681,1.3748350566782215,all KO rows in frozen KO-cluster order
lysosome_lamp1,LAMP1,BORCS7,TRAPPC2L,682,1.7978583937172745,all KO rows in frozen KO-cluster order
lysosome_lamp1,LAMP1,BORCS7,HAUS5,683,2.0129492771785706,all KO rows in frozen KO-cluster order
lysosome_lamp1,LAMP1,BORCS7,KIF11,684,2.3680951043804437,all KO rows in frozen KO-cluster order
lysosome_lamp1,LAMP1,BORCS7,KIF23,685,2.304616270113683,all KO rows in frozen KO-cluster order
lysosome_lamp1,LAMP1,BORCS7,ECT2,686,2.170722838126665,all KO rows in frozen KO-cluster order
lysosome_lamp1,LAMP1,BORCS7,AURKB,687,2.215623855408284,all KO rows in frozen KO-cluster order
lysosome_lamp1,LAMP1,BORCS7,RPF2,688,1.6799898689364372,all KO rows in frozen KO-cluster order
lysosome_lamp1,LAMP1,BORCS7,FOXD4L5,689,1.2434985669967706,all KO rows in frozen KO-cluster order
lysosome_lamp1,LAMP1,BORCS7,BRD8,690,1.297107069605374,all KO rows in frozen KO-cluster order
lysosome_lamp1,LAMP1,BORCS7,NSA2,691,1.7678487464207107,all KO rows in frozen KO-cluster order
lysosome_lamp1,LAMP1,BORCS7,RPS29,692,2.305229250602979,all KO rows in frozen KO-cluster order
lysosome_lamp1,LAMP1,BORCS7,RPS9,693,2.306062190686822,all KO rows in frozen KO-cluster order
lysosome_lamp1,LAMP1,BORCS7,GOLGA8K,694,2.353248064816408,all KO rows in frozen KO-cluster order
lysosome_lamp1,LAMP1,BORCS7,RPS27A,695,2.526278629331516,all KO rows in frozen KO-cluster order
lysosome_lamp1,LAMP1,BORCS7,GOLGA6L1,696,2.5210438675201194,all KO rows in frozen KO-cluster order
lysosome_lamp1,LAMP1,BORCS7,NBPF15,697,2.449589707299014,all KO rows in frozen KO-cluster order
lysosome_lamp1,LAMP1,BORCS7,C2orf27B,698,2.4731980403293097,all KO rows in frozen KO-cluster order
lysosome_lamp1,LAMP1,BORCS7,RPS8,699,2.5379843223843426,all KO rows in frozen KO-cluster order
lysosome_lamp1,LAMP1,BORCS7,RPL26,700,2.223894822599825,all KO rows in frozen KO-cluster order
lysosome_lamp1,LAMP1,BORCS7,RRM1,701,2.5145195831338687,all KO rows in frozen KO-cluster order
lysosome_lamp1,LAMP1,BORCS7,RSL24D1,702,2.479965557638852,all KO rows in frozen KO-cluster order
lysosome_lamp1,LAMP1,BORCS7,KRT18,703,2.449821680778234,all KO rows in frozen KO-cluster order
lysosome_lamp1,LAMP1,BORCS7,RPS4X,704,2.3810776032133694,all KO rows in frozen KO-cluster order
lysosome_lamp1,LAMP1,BORCS7,FOXD4L1,705,1.9978382897692004,all KO rows in frozen KO-cluster order
lysosome_lamp1,LAMP1,BORCS7,USP17L5,706,2.391637074913985,all KO rows in frozen KO-cluster order
lysosome_lamp1,LAMP1,BORCS7,CNOT2,707,2.569744529004581,all KO rows in frozen KO-cluster order
lysosome_lamp1,LAMP1,BORCS7,GOLGA6D,708,1.8145726783168012,all KO rows in frozen KO-cluster order
lysosome_lamp1,LAMP1,BORCS7,PSMD4,709,1.9893481904424946,all KO rows in frozen KO-cluster order
lysosome_lamp1,LAMP1,BORCS7,SPHK2,710,1.2839845266357306,all KO rows in frozen KO-cluster order
lysosome_lamp1,LAMP1,BORCS7,OTOP1,711,1.3664156897592543,all KO rows in frozen KO-cluster order
lysosome_lamp1,LAMP1,BORCS7,PRRC2A,712,0.804936401523473,all KO rows in frozen KO-cluster order
lysosome_lamp1,LAMP1,BORCS7,DDX52,713,1.2271250399350682,all KO rows in frozen KO-cluster order
lysosome_lamp1,LAMP1,BORCS7,SF3B5,714,1.7832645506727578,all KO rows in frozen KO-cluster order
lysosome_lamp1,LAMP1,BORCS7,VTI1B,715,1.2253772302863009,all KO rows in frozen KO-cluster order
lysosome_lamp1,LAMP1,BORCS7,RFWD3,716,1.0006097428390288,all KO rows in frozen KO-cluster order
lysosome_lamp1,LAMP1,BORCS7,RPS25,717,2.087695573654958,all KO rows in frozen KO-cluster order
lysosome_lamp1,LAMP1,BORCS7,RPS3A,718,1.9074600427080484,all KO rows in frozen KO-cluster order
lysosome_lamp1,LAMP1,BORCS7,RPL9,719,2.460879401413509,all KO rows in frozen KO-cluster order
lysosome_lamp1,LAMP1,BORCS7,RPL32,720,2.2775086625324334,all KO rows in frozen KO-cluster order
lysosome_lamp1,LAMP1,BORCS7,RPL34,721,2.469332711586842,all KO rows in frozen KO-cluster order
lysosome_lamp1,LAMP1,BORCS7,RPL37A,722,2.509931158778059,all KO rows in frozen KO-cluster order
lysosome_lamp1,LAMP1,BORCS7,NOP58,723,1.7177089865889068,all KO rows in frozen KO-cluster order
lysosome_lamp1,LAMP1,BORCS7,CNOT1,724,2.176623299510293,all KO rows in frozen KO-cluster order
lysosome_lamp1,LAMP1,BORCS7,RPS6,725,2.2468095941896085,all KO rows in frozen KO-cluster order
lysosome_lamp1,LAMP1,BORCS7,KPNB1,726,1.8271447231199285,all KO rows in frozen KO-cluster order
lysosome_lamp1,LAMP1,BORCS7,SPRR2B,727,1.6927020404325304,all KO rows in frozen KO-cluster order
lysosome_lamp1,LAMP1,BORCS7,NOP56,728,1.7014587638165823,all KO rows in frozen KO-cluster order
lysosome_lamp1,LAMP1,BORCS7,FAU,729,1.702908518135606,all KO rows in frozen KO-cluster order
lysosome_lamp1,LAMP1,BORCS7,RPS14,730,1.708761933608821,all KO rows in frozen KO-cluster order
lysosome_lamp1,LAMP1,BORCS7,RPS16,731,1.6345577460954521,all KO rows in frozen KO-cluster order
lysosome_lamp1,LAMP1,BORCS7,POLR2C,732,1.5575194864685336,all KO rows in frozen KO-cluster order
lysosome_lamp1,LAMP1,BORCS7,RPSA,733,1.731411574306806,all KO rows in frozen KO-cluster order
lysosome_lamp1,LAMP1,BORCS7,RPL30,734,2.2464932702304194,all KO rows in frozen KO-cluster order
lysosome_lamp1,LAMP1,BORCS7,RPS28,735,1.8620646111894796,all KO rows in frozen KO-cluster order
lysosome_lamp1,LAMP1,BORCS7,RPL27A,736,2.2167238842660937,all KO rows in frozen KO-cluster order
lysosome_lamp1,LAMP1,BORCS7,RPL18,737,2.1701864089946024,all KO rows in frozen KO-cluster order
lysosome_lamp1,LAMP1,BORCS7,RPL15,738,1.5315060903218198,all KO rows in frozen KO-cluster order
lysosome_lamp1,LAMP1,BORCS7,RPL35,739,1.9354090494599823,all KO rows in frozen KO-cluster order
lysosome_lamp1,LAMP1,BORCS7,ARPP19,740,1.1432047128942133,all KO rows in frozen KO-cluster order
lysosome_lamp1,LAMP1,BORCS7,PUF60,741,0.9275710503350794,all KO rows in frozen KO-cluster order
lysosome_lamp1,LAMP1,BORCS7,PIGS,742,0.8413595279250535,all KO rows in frozen KO-cluster order
lysosome_lamp1,LAMP1,BORCS7,GPS1,743,0.9860988663152861,all KO rows in frozen KO-cluster order
lysosome_lamp1,LAMP1,BORCS7,COX7B,744,1.1443021767469552,all KO rows in frozen KO-cluster order
lysosome_lamp1,LAMP1,BORCS7,TWF1,745,0.7917731137411765,all KO rows in frozen KO-cluster order
lysosome_lamp1,LAMP1,BORCS7,SMU1,746,1.3706306650011961,all KO rows in frozen KO-cluster order
lysosome_lamp1,LAMP1,BORCS7,SRP19,747,0.9312460059474865,all KO rows in frozen KO-cluster order
lysosome_lamp1,LAMP1,BORCS7,MED6,748,1.2254882472491984,all KO rows in frozen KO-cluster order
lysosome_lamp1,LAMP1,BORCS7,COG7,749,0.7923312307853687,all KO rows in frozen KO-cluster order
lysosome_lamp1,LAMP1,BORCS7,SF3B3,750,1.5737798113635475,all KO rows in frozen KO-cluster order
lysosome_lamp1,LAMP1,BORCS7,PDCD7,751,0.6167571994494534,all KO rows in frozen KO-cluster order
lysosome_lamp1,LAMP1,BORCS7,TTN,752,0.7765960299577479,all KO rows in frozen KO-cluster order
lysosome_lamp1,LAMP1,BORCS7,KLHL7,753,0.7071322373209832,all KO rows in frozen KO-cluster order
lysosome_lamp1,LAMP1,BORCS7,HNRNPK,754,0.7967763604185628,all KO rows in frozen KO-cluster order
lysosome_lamp1,LAMP1,BORCS7,INO80D,755,0.964762150510999,all KO rows in frozen KO-cluster order
lysosome_lamp1,LAMP1,BORCS7,PSMB6,756,1.1127497900667707,all KO rows in frozen KO-cluster order
lysosome_lamp1,LAMP1,BORCS7,HSPA9,757,1.2128988424369525,all KO rows in frozen KO-cluster order
lysosome_lamp1,LAMP1,BORCS7,NLE1,758,1.1274373940631028,all KO rows in frozen KO-cluster order
lysosome_lamp1,LAMP1,BORCS7,ELAC2,759,1.2746628230505095,all KO rows in frozen KO-cluster order
lysosome_lamp1,LAMP1,BORCS7,RPL41,760,1.0698188860513749,all KO rows in frozen KO-cluster order
lysosome_lamp1,LAMP1,BORCS7,POLR2H,761,1.0748673527716055,all KO rows in frozen KO-cluster order
lysosome_lamp1,LAMP1,BORCS7,IMP4,762,1.3553537459121514,all KO rows in frozen KO-cluster order
lysosome_lamp1,LAMP1,BORCS7,CDK7,763,0.8356955507093085,all KO rows in frozen KO-cluster order
lysosome_lamp1,LAMP1,BORCS7,NCAPG2,764,1.0043628793202615,all KO rows in frozen KO-cluster order
lysosome_lamp1,LAMP1,BORCS7,RPTOR,765,1.0514069004966535,all KO rows in frozen KO-cluster order
lysosome_lamp1,LAMP1,BORCS7,PCF11,766,0.9148898487461619,all KO rows in frozen KO-cluster order
lysosome_lamp1,LAMP1,BORCS7,GNL2,767,1.5091207800198871,all KO rows in frozen KO-cluster order
lysosome_lamp1,LAMP1,BORCS7,CEP85,768,0.7425350986605016,all KO rows in frozen KO-cluster order
lysosome_lamp1,LAMP1,BORCS7,B3GAT3,769,0.5821512547127609,all KO rows in frozen KO-cluster order
lysosome_lamp1,LAMP1,BORCS7,TSR1,770,0.8996819784792979,all KO rows in frozen KO-cluster order
lysosome_lamp1,LAMP1,BORCS7,RCL1,771,0.8812898709271093,all KO rows in frozen KO-cluster order
lysosome_lamp1,LAMP1,BORCS7,RAC3,772,0.9463039403356766,all KO rows in frozen KO-cluster order
lysosome_lamp1,LAMP1,BORCS7,CA5A,773,0.8290812873890846,all KO rows in frozen KO-cluster order
lysosome_lamp1,LAMP1,BORCS7,ADRM1,774,0.7235234419717586,all KO rows in frozen KO-cluster order
lysosome_lamp1,LAMP1,BORCS7,USP36,775,0.9901425027345434,all KO rows in frozen KO-cluster order
lysosome_lamp1,LAMP1,BORCS7,CHMP5,776,0.8273845000548139,all KO rows in frozen KO-cluster order
lysosome_lamp1,LAMP1,BORCS7,LIAS,777,0.7649119293810469,all KO rows in frozen KO-cluster order
lysosome_lamp1,LAMP1,BORCS7,ZBTB7B,778,0.7209467498793172,all KO rows in frozen KO-cluster order
lysosome_lamp1,LAMP1,BORCS7,PFDN2,779,0.6970365254561393,all KO rows in frozen KO-cluster order
lysosome_lamp1,LAMP1,BORCS7,CHST12,780,0.8135047558857684,all KO rows in frozen KO-cluster order
lysosome_lamp1,LAMP1,BORCS7,DENR,781,1.0148133917215698,all KO rows in frozen KO-cluster order
lysosome_lamp1,LAMP1,BORCS7,HSF1,782,1.0559230440088223,all KO rows in frozen KO-cluster order
lysosome_lamp1,LAMP1,BORCS7,FTSJ3,783,1.3786176040360816,all KO rows in frozen KO-cluster order
lysosome_lamp1,LAMP1,BORCS7,LIN37,784,1.4937877801901327,all KO rows in frozen KO-cluster order
lysosome_lamp1,LAMP1,BORCS7,PLGLB2,785,1.502254708882954,all KO rows in frozen KO-cluster order
lysosome_lamp1,LAMP1,BORCS7,FTL,786,0.8835606318913383,all KO rows in frozen KO-cluster order
lysosome_lamp1,LAMP1,BORCS7,C1QBP,787,0.9779689464636995,all KO rows in frozen KO-cluster order
lysosome_lamp1,LAMP1,BORCS7,POLR1E,788,1.3003545696189738,all KO rows in frozen KO-cluster order
lysosome_lamp1,LAMP1,BORCS7,RNF11,789,0.8937143815788499,all KO rows in frozen KO-cluster order
lysosome_lamp1,LAMP1,BORCS7,FARSA,790,0.8831008299866422,all KO rows in frozen KO-cluster order
lysosome_lamp1,LAMP1,BORCS7,TSPAN31,791,1.0268801138598396,all KO rows in frozen KO-cluster order
lysosome_lamp1,LAMP1,BORCS7,SMC2,792,0.8484602211272343,all KO rows in frozen KO-cluster order
lysosome_lamp1,LAMP1,BORCS7,TMEM167A,793,0.9870447767421341,all KO rows in frozen KO-cluster order
lysosome_lamp1,LAMP1,BORCS7,WDR36,794,1.2139082088101767,all KO rows in frozen KO-cluster order
lysosome_lamp1,LAMP1,BORCS7,COX7C,795,1.3378781948499254,all KO rows in frozen KO-cluster order
lysosome_lamp1,LAMP1,BORCS7,ATP6V0A2,796,1.5703036289885604,all KO rows in frozen KO-cluster order
lysosome_lamp1,LAMP1,BORCS7,TONSL,797,1.0860667553902386,all KO rows in frozen KO-cluster order
lysosome_lamp1,LAMP1,BORCS7,MYBPHL,798,0.9848354019974828,all KO rows in frozen KO-cluster order
lysosome_lamp1,LAMP1,BORCS7,NOB1,799,1.2943134290234144,all KO rows in frozen KO-cluster order
lysosome_lamp1,LAMP1,BORCS7,EMC3,800,1.2910052380589288,all KO rows in frozen KO-cluster order
lysosome_lamp1,LAMP1,BORCS7,EMC1,801,1.3641876372550106,all KO rows in frozen KO-cluster order
lysosome_lamp1,LAMP1,BORCS7,RNF41,802,1.2082808667342553,all KO rows in frozen KO-cluster order
lysosome_lamp1,LAMP1,BORCS7,PROS1,803,1.2035990282338296,all KO rows in frozen KO-cluster order
lysosome_lamp1,LAMP1,BORCS7,KRT10,804,1.1344408558140622,all KO rows in frozen KO-cluster order
lysosome_lamp1,LAMP1,BORCS7,KRAS,805,1.1850974114759614,all KO rows in frozen KO-cluster order
lysosome_lamp1,LAMP1,BORCS7,LSM5,806,1.855777370917849,all KO rows in frozen KO-cluster order
lysosome_lamp1,LAMP1,BORCS7,USP17L12,807,1.2743995672366752,all KO rows in frozen KO-cluster order
lysosome_lamp1,LAMP1,BORCS7,OSBPL7,808,1.332517912144898,all KO rows in frozen KO-cluster order
lysosome_lamp1,LAMP1,BORCS7,CACNB1,809,1.3087607031695234,all KO rows in frozen KO-cluster order
lysosome_lamp1,LAMP1,BORCS7,PPY,810,1.7503705189553282,all KO rows in frozen KO-cluster order
lysosome_lamp1,LAMP1,BORCS7,MRM1,811,0.9462227388807155,all KO rows in frozen KO-cluster order
lysosome_lamp1,LAMP1,BORCS7,PRIM1,812,1.1035198359182705,all KO rows in frozen KO-cluster order
lysosome_lamp1,LAMP1,BORCS7,UBE2M,813,1.1532681885608782,all KO rows in frozen KO-cluster order
lysosome_lamp1,LAMP1,BORCS7,KRTAP2-4,814,1.0619165261039671,all KO rows in frozen KO-cluster order
lysosome_lamp1,LAMP1,BORCS7,DYNLL1,815,1.189161137592185,all KO rows in frozen KO-cluster order
lysosome_lamp1,LAMP1,BORCS7,MTBP,816,1.255507852330297,all KO rows in frozen KO-cluster order
lysosome_lamp1,LAMP1,BORCS7,PRPF4,817,1.2655012772133531,all KO rows in frozen KO-cluster order
lysosome_lamp1,LAMP1,BORCS7,CCNB1,818,0.9601882851056432,all KO rows in frozen KO-cluster order
lysosome_lamp1,LAMP1,BORCS7,PRPF6,819,0.9956952120992297,all KO rows in frozen KO-cluster order
lysosome_lamp1,LAMP1,BORCS7,PARP1,820,0.8712238145551924,all KO rows in frozen KO-cluster order
lysosome_lamp1,LAMP1,BORCS7,PHF23,821,1.5368241895698362,all KO rows in frozen KO-cluster order
lysosome_lamp1,LAMP1,BORCS7,MED18,822,1.010734524815582,all KO rows in frozen KO-cluster order
lysosome_lamp1,LAMP1,BORCS7,SNRNP200,823,1.5198403032348216,all KO rows in frozen KO-cluster order
lysosome_lamp1,LAMP1,BORCS7,EFTUD2,824,1.766584146407837,all KO rows in frozen KO-cluster order
lysosome_lamp1,LAMP1,BORCS7,SNRPD3,825,2.3313545147381953,all KO rows in frozen KO-cluster order
lysosome_lamp1,LAMP1,BORCS7,SNRPD1,826,1.9847810264937549,all KO rows in frozen KO-cluster order
lysosome_lamp1,LAMP1,BORCS7,SNRPD2,827,2.1215451161239276,all KO rows in frozen KO-cluster order
lysosome_lamp1,LAMP1,BORCS7,PRAMEF6,828,1.3479364480638096,all KO rows in frozen KO-cluster order
lysosome_lamp1,LAMP1,BORCS7,ORC6,829,1.2632417400274867,all KO rows in frozen KO-cluster order
lysosome_lamp1,LAMP1,BORCS7,GARS,830,0.8792562974346493,all KO rows in frozen KO-cluster order
lysosome_lamp1,LAMP1,BORCS7,TERF1,831,1.0892328023686217,all KO rows in frozen KO-cluster order
lysosome_lamp1,LAMP1,BORCS7,SCN8A,832,1.074257341265082,all KO rows in frozen KO-cluster order
lysosome_lamp1,LAMP1,BORCS7,RBBP8,833,1.9559748823039667,all KO rows in frozen KO-cluster order
lysosome_lamp1,LAMP1,BORCS7,PRSS3,834,1.5714299555748588,all KO rows in frozen KO-cluster order
lysosome_lamp1,LAMP1,BORCS7,RPA2,835,1.7313671831348718,all KO rows in frozen KO-cluster order
lysosome_lamp1,LAMP1,BORCS7,SPATA31A3,836,1.929016798056916,all KO rows in frozen KO-cluster order
lysosome_lamp1,LAMP1,BORCS7,TUBB8,837,1.8415389546893328,all KO rows in frozen KO-cluster order
lysosome_lamp1,LAMP1,BORCS7,BTF3L4,838,1.2326645562584846,all KO rows in frozen KO-cluster order
lysosome_lamp1,LAMP1,BORCS7,SPRR2A,839,1.6572123504593428,all KO rows in frozen KO-cluster order
lysosome_lamp1,LAMP1,BORCS7,PPP2CA,840,1.4559567094198673,all KO rows in frozen KO-cluster order
lysosome_lamp1,LAMP1,BORCS7,CBWD3,841,1.9776377880117253,all KO rows in frozen KO-cluster order
lysosome_lamp1,LAMP1,BORCS7,AGAP4,842,2.0818315099510123,all KO rows in frozen KO-cluster order
lysosome_lamp1,LAMP1,BORCS7,TRIM43,843,2.207860955551221,all KO rows in frozen KO-cluster order
lysosome_lamp1,LAMP1,BORCS7,TBC1D3B,844,2.3312659212351727,all KO rows in frozen KO-cluster order
lysosome_lamp1,LAMP1,BORCS7,CBWD1,845,2.303820468898465,all KO rows in frozen KO-cluster order
lysosome_lamp1,LAMP1,BORCS7,HIST1H2AI,846,1.9727220226251054,all KO rows in frozen KO-cluster order
lysosome_lamp1,LAMP1,BORCS7,DMRTC2,847,1.4220783244042159,all KO rows in frozen KO-cluster order
lysosome_lamp1,LAMP1,BORCS7,AGAP9,848,2.018897576297246,all KO rows in frozen KO-cluster order
lysosome_lamp1,LAMP1,BORCS7,HMGB1,849,2.007587698234166,all KO rows in frozen KO-cluster order
lysosome_lamp1,LAMP1,BORCS7,FCGR1A,850,1.9702222796659359,all KO rows in frozen KO-cluster order
lysosome_lamp1,LAMP1,BORCS7,AQP7,851,1.933212978800977,all KO rows in frozen KO-cluster order
lysosome_lamp1,LAMP1,BORCS7,HAUS4,852,1.508473293818942,all KO rows in frozen KO-cluster order
lysosome_lamp1,LAMP1,BORCS7,RPS5,853,1.4760972499660945,all KO rows in frozen KO-cluster order
lysosome_lamp1,LAMP1,BORCS7,XPO1,854,1.8426262215148348,all KO rows in frozen KO-cluster order
lysosome_lamp1,LAMP1,BORCS7,CDC45,855,1.949959581529818,all KO rows in frozen KO-cluster order
lysosome_lamp1,LAMP1,BORCS7,HIST2H3D,856,1.4225010510628346,all KO rows in frozen KO-cluster order
lysosome_lamp1,LAMP1,BORCS7,SNRPG,857,2.1672178872792554,all KO rows in frozen KO-cluster order
lysosome_lamp1,LAMP1,BORCS7,ELOC,858,1.4032208797066865,all KO rows in frozen KO-cluster order
lysosome_lamp1,LAMP1,BORCS7,MFAP1,859,1.2229593095953404,all KO rows in frozen KO-cluster order
lysosome_lamp1,LAMP1,BORCS7,ATP6V0A1,860,1.8644507056592083,all KO rows in frozen KO-cluster order
lysosome_lamp1,LAMP1,BORCS7,TBC1D3G,861,2.0373223469236392,all KO rows in frozen KO-cluster order
lysosome_lamp1,LAMP1,BORCS7,KRTAP4-2,862,1.836656990315114,all KO rows in frozen KO-cluster order
lysosome_lamp1,LAMP1,BORCS7,NOL10,863,1.8807473221389062,all KO rows in frozen KO-cluster order
lysosome_lamp1,LAMP1,BORCS7,POLE2,864,1.3180671180294774,all KO rows in frozen KO-cluster order
lysosome_lamp1,LAMP1,BORCS7,POLA2,865,1.636852045551011,all KO rows in frozen KO-cluster order
lysosome_lamp1,LAMP1,BORCS7,SNRPC,866,1.3150785134733183,all KO rows in frozen KO-cluster order
lysosome_lamp1,LAMP1,BORCS7,HSPB9,867,1.2392877443211956,all KO rows in frozen KO-cluster order
lysosome_lamp1,LAMP1,BORCS7,CD5,868,1.5100501690517758,all KO rows in frozen KO-cluster order
lysosome_lamp1,LAMP1,BORCS7,LYPD2,869,1.1527133928153936,all KO rows in frozen KO-cluster order
lysosome_lamp1,LAMP1,BORCS7,KRTAP2-3,870,1.502680730166948,all KO rows in frozen KO-cluster order
lysosome_lamp1,LAMP1,BORCS7,MED21,871,1.2477595377622808,all KO rows in frozen KO-cluster order
lysosome_lamp1,LAMP1,BORCS7,SKP2,872,1.460441406247752,all KO rows in frozen KO-cluster order
lysosome_lamp1,LAMP1,BORCS7,USP39,873,1.4998035210545118,all KO rows in frozen KO-cluster order
lysosome_lamp1,LAMP1,BORCS7,EBF1,874,1.1487304945321533,all KO rows in frozen KO-cluster order
lysosome_lamp1,LAMP1,BORCS7,NR2E1,875,1.6583572311770498,all KO rows in frozen KO-cluster order
lysosome_lamp1,LAMP1,BORCS7,GRB2,876,1.137556274619564,all KO rows in frozen KO-cluster order
lysosome_lamp1,LAMP1,BORCS7,TIPIN,877,1.2265191924471737,all KO rows in frozen KO-cluster order
lysosome_lamp1,LAMP1,BORCS7,PPIA,878,0.821665388253457,all KO rows in frozen KO-cluster order
lysosome_lamp1,LAMP1,BORCS7,DHX30,879,1.1097993989051105,all KO rows in frozen KO-cluster order
lysosome_lamp1,LAMP1,BORCS7,WBP4,880,1.1814036001445198,all KO rows in frozen KO-cluster order
lysosome_lamp1,LAMP1,BORCS7,SLC4A1,881,1.208427918369426,all KO rows in frozen KO-cluster order
lysosome_lamp1,LAMP1,BORCS7,GGTLC2,882,0.9296058570396222,all KO rows in frozen KO-cluster order
lysosome_lamp1,LAMP1,BORCS7,HMGB3,883,1.5046709761256996,all KO rows in frozen KO-cluster order
lysosome_lamp1,LAMP1,BORCS7,PEF1,884,1.1546835113141631,all KO rows in frozen KO-cluster order
lysosome_lamp1,LAMP1,BORCS7,USP10,885,0.774157121551495,all KO rows in frozen KO-cluster order
lysosome_lamp1,LAMP1,BORCS7,TMA16,886,0.9651088207165179,all KO rows in frozen KO-cluster order
lysosome_lamp1,LAMP1,BORCS7,SPATA31A5,887,1.4231611291601294,all KO rows in frozen KO-cluster order
lysosome_lamp1,LAMP1,BORCS7,OR2T5,888,0.9967424436798245,all KO rows in frozen KO-cluster order
lysosome_lamp1,LAMP1,BORCS7,DHX9,889,0.8369906765916925,all KO rows in frozen KO-cluster order
lysosome_lamp1,LAMP1,BORCS7,PSRC1,890,0.9501318058921454,all KO rows in frozen KO-cluster order
lysosome_lamp1,LAMP1,BORCS7,NMT1,891,1.0779506149566864,all KO rows in frozen KO-cluster order
lysosome_lamp1,LAMP1,BORCS7,DHDDS,892,0.7840470121994412,all KO rows in frozen KO-cluster order
lysosome_lamp1,LAMP1,BORCS7,EIF4A1,893,0.8906297850923955,all KO rows in frozen KO-cluster order
lysosome_lamp1,LAMP1,BORCS7,LENG8,894,0.9628847358293258,all KO rows in frozen KO-cluster order
lysosome_lamp1,LAMP1,BORCS7,NOL6,895,0.9695765140784062,all KO rows in frozen KO-cluster order
lysosome_lamp1,LAMP1,BORCS7,SNRNP70,896,1.0317049141501264,all KO rows in frozen KO-cluster order
lysosome_lamp1,LAMP1,BORCS7,IMPA2,897,0.9346952194070471,all KO rows in frozen KO-cluster order
lysosome_lamp1,LAMP1,BORCS7,NHSL1,898,0.9045473547772276,all KO rows in frozen KO-cluster order
lysosome_lamp1,LAMP1,BORCS7,CCND3,899,1.0696436978090194,all KO rows in frozen KO-cluster order
lysosome_lamp1,LAMP1,BORCS7,ATP5ME,900,0.8016359785815848,all KO rows in frozen KO-cluster order
lysosome_lamp1,LAMP1,BORCS7,MIOS,901,0.7556104880750424,all KO rows in frozen KO-cluster order
lysosome_lamp1,LAMP1,BORCS7,VMP1,902,0.8846308818454336,all KO rows in frozen KO-cluster order
lysosome_lamp1,LAMP1,BORCS7,MLLT1,903,0.5895627266355598,all KO rows in frozen KO-cluster order
lysosome_lamp1,LAMP1,BORCS7,F2,904,0.8015548049064626,all KO rows in frozen KO-cluster order
lysosome_lamp1,LAMP1,BORCS7,RBMXL1,905,0.626323502393818,all KO rows in frozen KO-cluster order
lysosome_lamp1,LAMP1,BORCS7,CIT,906,0.9201175231718117,all KO rows in frozen KO-cluster order
lysosome_lamp1,LAMP1,BORCS7,UBN1,907,0.8565183840894667,all KO rows in frozen KO-cluster order
lysosome_lamp1,LAMP1,BORCS7,SIGLEC14,908,0.7408194602918704,all KO rows in frozen KO-cluster order
lysosome_lamp1,LAMP1,BORCS7,SON,909,0.856335849160104,all KO rows in frozen KO-cluster order
lysosome_lamp1,LAMP1,BORCS7,MAD2L2,910,0.6768502832743444,all KO rows in frozen KO-cluster order
lysosome_lamp1,LAMP1,BORCS7,VTI1A,911,0.8360460701081627,all KO rows in frozen KO-cluster order
lysosome_lamp1,LAMP1,BORCS7,USH1G,912,0.7609463966157552,all KO rows in frozen KO-cluster order
lysosome_lamp1,LAMP1,BORCS7,COPS6,913,0.8415228181130858,all KO rows in frozen KO-cluster order
lysosome_lamp1,LAMP1,BORCS7,STAT5B,914,0.9252149373749063,all KO rows in frozen KO-cluster order
lysosome_lamp1,LAMP1,BORCS7,TRAPPC4,915,1.1449345611264663,all KO rows in frozen KO-cluster order
lysosome_lamp1,LAMP1,BORCS7,SLC39A9,916,0.6678567021107589,all KO rows in frozen KO-cluster order
lysosome_lamp1,LAMP1,BORCS7,ETS1,917,0.812585935368281,all KO rows in frozen KO-cluster order
lysosome_lamp1,LAMP1,BORCS7,VARS2,918,0.7732186298622031,all KO rows in frozen KO-cluster order
lysosome_lamp1,LAMP1,BORCS7,PRCC,919,0.8847931279780811,all KO rows in frozen KO-cluster order
lysosome_lamp1,LAMP1,BORCS7,MCM7,920,0.8065992913163665,all KO rows in frozen KO-cluster order
lysosome_lamp1,LAMP1,BORCS7,DDI2,921,0.6878217491245542,all KO rows in frozen KO-cluster order
lysosome_lamp1,LAMP1,BORCS7,TARDBP,922,0.6086472231791853,all KO rows in frozen KO-cluster order
lysosome_lamp1,LAMP1,BORCS7,FARSB,923,0.7584963769599192,all KO rows in frozen KO-cluster order
lysosome_lamp1,LAMP1,BORCS7,AKR1C3,924,0.6243582565392688,all KO rows in frozen KO-cluster order
lysosome_lamp1,LAMP1,BORCS7,LRP1B,925,0.4889564200831645,all KO rows in frozen KO-cluster order
lysosome_lamp1,LAMP1,BORCS7,PDGFRA,926,0.563496983567738,all KO rows in frozen KO-cluster order
lysosome_lamp1,LAMP1,BORCS7,EIF4G1,927,0.5875105340353798,all KO rows in frozen KO-cluster order
lysosome_lamp1,LAMP1,BORCS7,CCNH,928,0.6508366638349239,all KO rows in frozen KO-cluster order
lysosome_lamp1,LAMP1,BORCS7,PLOD3,929,0.6525916168049463,all KO rows in frozen KO-cluster order
lysosome_lamp1,LAMP1,BORCS7,CSNK2A3,930,0.5655600451185353,all KO rows in frozen KO-cluster order
lysosome_lamp1,LAMP1,BORCS7,CFL1,931,0.5366152475657472,all KO rows in frozen KO-cluster order
lysosome_lamp1,LAMP1,BORCS7,SEL1L,932,0.611507681161319,all KO rows in frozen KO-cluster order
lysosome_lamp1,LAMP1,BORCS7,HDAC4,933,0.5332625700626892,all KO rows in frozen KO-cluster order
lysosome_lamp1,LAMP1,BORCS7,VAMP4,934,0.7506796693820635,all KO rows in frozen KO-cluster order
lysosome_lamp1,LAMP1,BORCS7,LSM6,935,0.7160214396265189,all KO rows in frozen KO-cluster order
lysosome_lamp1,LAMP1,BORCS7,GTF3C6,936,0.8405216402786347,all KO rows in frozen KO-cluster order
lysosome_lamp1,LAMP1,BORCS7,IZUMO2,937,0.7547826981945809,all KO rows in frozen KO-cluster order
lysosome_lamp1,LAMP1,BORCS7,RBFA,938,0.8903688954432097,all KO rows in frozen KO-cluster order
lysosome_lamp1,LAMP1,BORCS7,RBPJ,939,0.7516274522684333,all KO rows in frozen KO-cluster order
lysosome_lamp1,LAMP1,BORCS7,USP18,940,0.796437225951824,all KO rows in frozen KO-cluster order
lysosome_lamp1,LAMP1,BORCS7,ILF3,941,0.6611106442042239,all KO rows in frozen KO-cluster order
lysosome_lamp1,LAMP1,BORCS7,CNOT11,942,0.6388834789277278,all KO rows in frozen KO-cluster order
lysosome_lamp1,LAMP1,BORCS7,GRIA3,943,0.8378441252925463,all KO rows in frozen KO-cluster order
lysosome_lamp1,LAMP1,BORCS7,DPH2,944,0.7445671717205847,all KO rows in frozen KO-cluster order
lysosome_lamp1,LAMP1,BORCS7,CTPS2,945,0.7342480559327288,all KO rows in frozen KO-cluster order
lysosome_lamp1,LAMP1,BORCS7,SLC5A3,946,0.7224762339909289,all KO rows in frozen KO-cluster order
lysosome_lamp1,LAMP1,BORCS7,ELP2,947,0.9630391920768938,all KO rows in frozen KO-cluster order
lysosome_lamp1,LAMP1,BORCS7,SSBP3,948,0.5607452199138315,all KO rows in frozen KO-cluster order
lysosome_lamp1,LAMP1,BORCS7,DNAJA3,949,0.7075611298137306,all KO rows in frozen KO-cluster order
lysosome_lamp1,LAMP1,BORCS7,ZNF574,950,0.7512823354343917,all KO rows in frozen KO-cluster order
lysosome_lamp1,LAMP1,BORCS7,LAMTOR4,951,0.7679119161586488,all KO rows in frozen KO-cluster order
lysosome_lamp1,LAMP1,BORCS7,B4GALT3,952,0.5652227502732627,all KO rows in frozen KO-cluster order
lysosome_lamp1,LAMP1,BORCS7,IBA57,953,0.864378725663357,all KO rows in frozen KO-cluster order
lysosome_lamp1,LAMP1,BORCS7,ARID5B,954,0.9817418595840006,all KO rows in frozen KO-cluster order
lysosome_lamp1,LAMP1,BORCS7,BLOC1S2,955,0.6801244328298209,all KO rows in frozen KO-cluster order
lysosome_lamp1,LAMP1,BORCS7,MMP17,956,0.8715773707257857,all KO rows in frozen KO-cluster order
lysosome_lamp1,LAMP1,BORCS7,TOMM20,957,0.782826635689923,all KO rows in frozen KO-cluster order
lysosome_lamp1,LAMP1,BORCS7,SRP68,958,0.6715899657197096,all KO rows in frozen KO-cluster order
lysosome_lamp1,LAMP1,BORCS7,SRSF8,959,0.6052210404389708,all KO rows in frozen KO-cluster order
lysosome_lamp1,LAMP1,BORCS7,THOC7,960,0.7839305336934732,all KO rows in frozen KO-cluster order
lysosome_lamp1,LAMP1,BORCS7,DDX39B,961,0.7319274116996248,all KO rows in frozen KO-cluster order
lysosome_lamp1,LAMP1,BORCS7,KATNBL1,962,0.6291848003248441,all KO rows in frozen KO-cluster order
lysosome_lamp1,LAMP1,BORCS7,MIEN1,963,0.7465160529012187,all KO rows in frozen KO-cluster order
lysosome_lamp1,LAMP1,BORCS7,CCDC59,964,0.813960855353393,all KO rows in frozen KO-cluster order
lysosome_lamp1,LAMP1,BORCS7,NOP9,965,0.5793096020656967,all KO rows in frozen KO-cluster order
lysosome_lamp1,LAMP1,BORCS7,VPS29,966,0.6511894619684112,all KO rows in frozen KO-cluster order
lysosome_lamp1,LAMP1,BORCS7,RPS6KA4,967,0.6754826818128887,all KO rows in frozen KO-cluster order
lysosome_lamp1,LAMP1,BORCS7,METTL7A,968,0.7973138464989477,all KO rows in frozen KO-cluster order
lysosome_lamp1,LAMP1,BORCS7,METTL7B,969,0.804208408078202,all KO rows in frozen KO-cluster order
lysosome_lamp1,LAMP1,BORCS7,DHRS9,970,1.1719713793608433,all KO rows in frozen KO-cluster order
lysosome_lamp1,LAMP1,BORCS7,KRT8,971,0.9276788697591737,all KO rows in frozen KO-cluster order
lysosome_lamp1,LAMP1,BORCS7,EXOSC5,972,0.8466374819559096,all KO rows in frozen KO-cluster order
lysosome_lamp1,LAMP1,BORCS7,ELP4,973,0.7573754418486438,all KO rows in frozen KO-cluster order
lysosome_lamp1,LAMP1,BORCS7,DPH3,974,1.283592156685313,all KO rows in frozen KO-cluster order
lysosome_lamp1,LAMP1,BORCS7,ALAS1,975,0.7997561310416387,all KO rows in frozen KO-cluster order
lysosome_lamp1,LAMP1,BORCS7,TNFRSF1A,976,0.6622880665350831,all KO rows in frozen KO-cluster order
lysosome_lamp1,LAMP1,BORCS7,ADAMTS18,977,0.9265478060367807,all KO rows in frozen KO-cluster order
lysosome_lamp1,LAMP1,BORCS7,TSR2,978,0.9454647488544413,all KO rows in frozen KO-cluster order
lysosome_lamp1,LAMP1,BORCS7,SNRNP40,979,0.931872648147549,all KO rows in frozen KO-cluster order
lysosome_lamp1,LAMP1,BORCS7,DDRGK1,980,0.6818970158675497,all KO rows in frozen KO-cluster order
lysosome_lamp1,LAMP1,BORCS7,SCYL1,981,0.5893114953721106,all KO rows in frozen KO-cluster order
lysosome_lamp1,LAMP1,BORCS7,TBPL1,982,0.6709125679076844,all KO rows in frozen KO-cluster order
lysosome_lamp1,LAMP1,BORCS7,TMEM63B,983,0.834756199214872,all KO rows in frozen KO-cluster order
lysosome_lamp1,LAMP1,BORCS7,DNASE1L1,984,0.7733679914610267,all KO rows in frozen KO-cluster order
lysosome_lamp1,LAMP1,BORCS7,CD4,985,0.9104583804676216,all KO rows in frozen KO-cluster order
lysosome_lamp1,LAMP1,BORCS7,RPS19BP1,986,0.6706378584828454,all KO rows in frozen KO-cluster order
lysosome_lamp1,LAMP1,BORCS7,MUCL1,987,0.6059638095965004,all KO rows in frozen KO-cluster order
lysosome_lamp1,LAMP1,BORCS7,ATF6,988,0.591970506566114,all KO rows in frozen KO-cluster order
lysosome_lamp1,LAMP1,BORCS7,DLD,989,0.6234810835699458,all KO rows in frozen KO-cluster order
lysosome_lamp1,LAMP1,BORCS7,QTRT1,990,0.8284623372622804,all KO rows in frozen KO-cluster order
lysosome_lamp1,LAMP1,BORCS7,HDAC3,991,0.4943105194442132,all KO rows in frozen KO-cluster order
lysosome_lamp1,LAMP1,BORCS7,ZNF593,992,0.47309153640411755,all KO rows in frozen KO-cluster order
lysosome_lamp1,LAMP1,BORCS7,GNG5,993,0.6259561609528221,all KO rows in frozen KO-cluster order
lysosome_lamp1,LAMP1,BORCS7,KIF20A,994,0.5939865463407106,all KO rows in frozen KO-cluster order
lysosome_lamp1,LAMP1,BORCS7,RAB14,995,0.6499363855645366,all KO rows in frozen KO-cluster order
lysosome_lamp1,LAMP1,BORCS7,CMTR1,996,0.5115810911833003,all KO rows in frozen KO-cluster order
lysosome_lamp1,LAMP1,BORCS7,MEAF6,997,0.6260894684431708,all KO rows in frozen KO-cluster order
lysosome_lamp1,LAMP1,BORCS7,GNPNAT1,998,0.7173852265982584,all KO rows in frozen KO-cluster order
lysosome_lamp1,LAMP1,BORCS7,ABHD16A,999,0.5979923907889589,all KO rows in frozen KO-cluster order
prb,pRb,FECH,AP1S1,0,0.42684579052620614,all KO rows in frozen KO-cluster order
prb,pRb,FECH,UGT3A2,1,0.4749463699907952,all KO rows in frozen KO-cluster order
prb,pRb,FECH,SCN10A,2,0.5667929029347474,all KO rows in frozen KO-cluster order
prb,pRb,FECH,NUP37,3,0.8042009821895927,all KO rows in frozen KO-cluster order
prb,pRb,FECH,PROS1,4,0.6917062775326912,all KO rows in frozen KO-cluster order
prb,pRb,FECH,POLR2E,5,0.8644391920339269,all KO rows in frozen KO-cluster order
prb,pRb,FECH,PDCD7,6,1.093142864772737,all KO rows in frozen KO-cluster order
prb,pRb,FECH,PSMD2,7,0.8560697389368633,all KO rows in frozen KO-cluster order
prb,pRb,FECH,HAUS6,8,1.2247739039369938,all KO rows in frozen KO-cluster order
prb,pRb,FECH,GTF2B,9,0.856432346554806,all KO rows in frozen KO-cluster order
prb,pRb,FECH,IMP4,10,0.8979140545247083,all KO rows in frozen KO-cluster order
prb,pRb,FECH,CENPC,11,1.019623873105658,all KO rows in frozen KO-cluster order
prb,pRb,FECH,ARPC4,12,1.1974034699565168,all KO rows in frozen KO-cluster order
prb,pRb,FECH,TIMM44,13,0.9485519585298026,all KO rows in frozen KO-cluster order
prb,pRb,FECH,PSMC2,14,1.081112937847989,all KO rows in frozen KO-cluster order
prb,pRb,FECH,PSMD14,15,1.4773018298379716,all KO rows in frozen KO-cluster order
prb,pRb,FECH,HSPA9,16,1.6054881738373858,all KO rows in frozen KO-cluster order
prb,pRb,FECH,PSMC6,17,1.2990104043582824,all KO rows in frozen KO-cluster order
prb,pRb,FECH,PSMD11,18,0.9485775935252772,all KO rows in frozen KO-cluster order
prb,pRb,FECH,CERS6,19,0.5394067544500654,all KO rows in frozen KO-cluster order
prb,pRb,FECH,PTPRR,20,0.8759849157278307,all KO rows in frozen KO-cluster order
prb,pRb,FECH,CAPZB,21,1.0280183020249039,all KO rows in frozen KO-cluster order
prb,pRb,FECH,ARPC3,22,0.929451528958398,all KO rows in frozen KO-cluster order
prb,pRb,FECH,ALYREF,23,0.8670316880520686,all KO rows in frozen KO-cluster order
prb,pRb,FECH,COPS8,24,1.0671307060273765,all KO rows in frozen KO-cluster order
prb,pRb,FECH,POLR2C,25,1.274965831506804,all KO rows in frozen KO-cluster order
prb,pRb,FECH,SCAF8,26,0.6642510326146783,all KO rows in frozen KO-cluster order
prb,pRb,FECH,POLR2B,27,1.1682779488165842,all KO rows in frozen KO-cluster order
prb,pRb,FECH,RPL9,28,1.1544531707405554,all KO rows in frozen KO-cluster order
prb,pRb,FECH,EIF2S2,29,1.039121233425379,all KO rows in frozen KO-cluster order
prb,pRb,FECH,EIF2S1,30,1.1557992519219884,all KO rows in frozen KO-cluster order
prb,pRb,FECH,POLR2D,31,1.231279365233877,all KO rows in frozen KO-cluster order
prb,pRb,FECH,SF3B5,32,1.1122441038282775,all KO rows in frozen KO-cluster order
prb,pRb,FECH,SF3B3,33,1.1487906565425519,all KO rows in frozen KO-cluster order
prb,pRb,FECH,CCT3,34,0.946446781104632,all KO rows in frozen KO-cluster order
prb,pRb,FECH,RAB7A,35,1.471957376729856,all KO rows in frozen KO-cluster order
prb,pRb,FECH,BUB1B,36,1.0475895488168148,all KO rows in frozen KO-cluster order
prb,pRb,FECH,RPLP2,37,1.0758316696741879,all KO rows in frozen KO-cluster order
prb,pRb,FECH,GTPBP4,38,1.1551872707779713,all KO rows in frozen KO-cluster order
prb,pRb,FECH,RGPD8,39,0.8285124013629358,all KO rows in frozen KO-cluster order
prb,pRb,FECH,DDX18,40,1.3191368996539092,all KO rows in frozen KO-cluster order
prb,pRb,FECH,UBA52,41,1.499989989158204,all KO rows in frozen KO-cluster order
prb,pRb,FECH,XAB2,42,1.3219623394532793,all KO rows in frozen KO-cluster order
prb,pRb,FECH,POLR2H,43,0.9964877534681894,all KO rows in frozen KO-cluster order
prb,pRb,FECH,MTA2,44,0.7750280153889942,all KO rows in frozen KO-cluster order
prb,pRb,FECH,RPL34,45,1.394598425349465,all KO rows in frozen KO-cluster order
prb,pRb,FECH,RPL23,46,1.3441545409552804,all KO rows in frozen KO-cluster order
prb,pRb,FECH,RPS16,47,1.2802809629108012,all KO rows in frozen KO-cluster order
prb,pRb,FECH,RPS14,48,1.6188458754288635,all KO rows in frozen KO-cluster order
prb,pRb,FECH,EIF6,49,1.2048785109935196,all KO rows in frozen KO-cluster order
prb,pRb,FECH,RPS28,50,1.6063360079264237,all KO rows in frozen KO-cluster order
prb,pRb,FECH,RPS6,51,1.7590920606950702,all KO rows in frozen KO-cluster order
prb,pRb,FECH,RPSA,52,1.5227019636702515,all KO rows in frozen KO-cluster order
prb,pRb,FECH,MED6,53,1.274258743786212,all KO rows in frozen KO-cluster order
prb,pRb,FECH,POLR2F,54,0.9933246368696782,all KO rows in frozen KO-cluster order
prb,pRb,FECH,HAUS4,55,0.8999119738443478,all KO rows in frozen KO-cluster order
prb,pRb,FECH,RPL30,56,1.7607921164373308,all KO rows in frozen KO-cluster order
prb,pRb,FECH,RPL27A,57,1.626956487708988,all KO rows in frozen KO-cluster order
prb,pRb,FECH,EIF2B5,58,1.1141204674595357,all KO rows in frozen KO-cluster order
prb,pRb,FECH,NOP9,59,0.755924872731933,all KO rows in frozen KO-cluster order
prb,pRb,FECH,VPS25,60,1.1862985693165184,all KO rows in frozen KO-cluster order
prb,pRb,FECH,RRM1,61,2.0907945226725073,all KO rows in frozen KO-cluster order
prb,pRb,FECH,RPL41,62,1.5722731458644588,all KO rows in frozen KO-cluster order
prb,pRb,FECH,SKA3,63,1.200588140085449,all KO rows in frozen KO-cluster order
prb,pRb,FECH,HIST2H3D,64,0.8821905654812601,all KO rows in frozen KO-cluster order
prb,pRb,FECH,COMMD5,65,0.6987398858590812,all KO rows in frozen KO-cluster order
prb,pRb,FECH,HMGB3,66,0.7068563719166789,all KO rows in frozen KO-cluster order
prb,pRb,FECH,CDC5L,67,0.744671434632849,all KO rows in frozen KO-cluster order
prb,pRb,FECH,PRPF6,68,0.5944509271361837,all KO rows in frozen KO-cluster order
prb,pRb,FECH,SDC1,69,0.6101017973807454,all KO rows in frozen KO-cluster order
prb,pRb,FECH,SCN8A,70,0.7901845980630628,all KO rows in frozen KO-cluster order
prb,pRb,FECH,FARSB,71,0.6256798965983584,all KO rows in frozen KO-cluster order
prb,pRb,FECH,MFAP1,72,0.7829323454041984,all KO rows in frozen KO-cluster order
prb,pRb,FECH,TAF1B,73,0.583220321066382,all KO rows in frozen KO-cluster order
prb,pRb,FECH,MOB4,74,0.77669652668605,all KO rows in frozen KO-cluster order
prb,pRb,FECH,CPSF6,75,0.6801924551982281,all KO rows in frozen KO-cluster order
prb,pRb,FECH,SRSF3,76,1.3326978736252473,all KO rows in frozen KO-cluster order
prb,pRb,FECH,CHD4,77,0.7066981275056551,all KO rows in frozen KO-cluster order
prb,pRb,FECH,CALM3,78,0.6989468972450819,all KO rows in frozen KO-cluster order
prb,pRb,FECH,MBTD1,79,0.8693158873422275,all KO rows in frozen KO-cluster order
prb,pRb,FECH,PTDSS1,80,1.0933313677836043,all KO rows in frozen KO-cluster order
prb,pRb,FECH,AP3S1,81,1.5197105901983434,all KO rows in frozen KO-cluster order
prb,pRb,FECH,RPS5,82,0.9330809932718419,all KO rows in frozen KO-cluster order
prb,pRb,FECH,PPP2CA,83,0.8782901958592372,all KO rows in frozen KO-cluster order
prb,pRb,FECH,ITPR1,84,1.0051437415225768,all KO rows in frozen KO-cluster order
prb,pRb,FECH,KLHL7,85,0.70119282743523,all KO rows in frozen KO-cluster order
prb,pRb,FECH,CHERP,86,1.0242752719996693,all KO rows in frozen KO-cluster order
prb,pRb,FECH,PRKACA,87,1.2529569240498595,all KO rows in frozen KO-cluster order
prb,pRb,FECH,POLE2,88,1.3186378905050098,all KO rows in frozen KO-cluster order
prb,pRb,FECH,MCRS1,89,0.6564585430342134,all KO rows in frozen KO-cluster order
prb,pRb,FECH,TIPARP,90,1.1082602975071687,all KO rows in frozen KO-cluster order
prb,pRb,FECH,PIAS1,91,0.911478292636987,all KO rows in frozen KO-cluster order
prb,pRb,FECH,EIF2B2,92,0.8131244973543194,all KO rows in frozen KO-cluster order
prb,pRb,FECH,CENPH,93,1.0284171091954823,all KO rows in frozen KO-cluster order
prb,pRb,FECH,FKBP9,94,0.6552111328818654,all KO rows in frozen KO-cluster order
prb,pRb,FECH,KRT8,95,1.0535299886914025,all KO rows in frozen KO-cluster order
prb,pRb,FECH,KANSL1,96,1.413932777874716,all KO rows in frozen KO-cluster order
prb,pRb,FECH,MCM5,97,1.0352163918932675,all KO rows in frozen KO-cluster order
prb,pRb,FECH,PXN,98,0.7551116919122367,all KO rows in frozen KO-cluster order
prb,pRb,FECH,OTOP1,99,0.9053871456194053,all KO rows in frozen KO-cluster order
prb,pRb,FECH,CFL1,100,0.8267209689822822,all KO rows in frozen KO-cluster order
prb,pRb,FECH,CHMP6,101,0.7268398666852073,all KO rows in frozen KO-cluster order
prb,pRb,FECH,POLA1,102,1.0486580690875333,all KO rows in frozen KO-cluster order
prb,pRb,FECH,CENPW,103,0.6258780976085973,all KO rows in frozen KO-cluster order
prb,pRb,FECH,RANBP1,104,0.7017533292272715,all KO rows in frozen KO-cluster order
prb,pRb,FECH,MARS,105,0.9193493761625154,all KO rows in frozen KO-cluster order
prb,pRb,FECH,DRAP1,106,0.6188801954921216,all KO rows in frozen KO-cluster order
prb,pRb,FECH,MED18,107,0.8564977879915261,all KO rows in frozen KO-cluster order
prb,pRb,FECH,B3GNT2,108,0.7222580251848056,all KO rows in frozen KO-cluster order
prb,pRb,FECH,TSEN2,109,0.9271624012088956,all KO rows in frozen KO-cluster order
prb,pRb,FECH,H2AFX,110,0.8705867260138138,all KO rows in frozen KO-cluster order
prb,pRb,FECH,FTH1,111,0.7664357039360936,all KO rows in frozen KO-cluster order
prb,pRb,FECH,CEP350,112,0.7209692419902174,all KO rows in frozen KO-cluster order
prb,pRb,FECH,SNRPB2,113,0.7685735939586914,all KO rows in frozen KO-cluster order
prb,pRb,FECH,THG1L,114,0.9958682639661502,all KO rows in frozen KO-cluster order
prb,pRb,FECH,F2,115,0.7840076914403188,all KO rows in frozen KO-cluster order
prb,pRb,FECH,DARS,116,1.1193466056306802,all KO rows in frozen KO-cluster order
prb,pRb,FECH,DYNC1I2,117,1.1147426408657413,all KO rows in frozen KO-cluster order
prb,pRb,FECH,TOMM20,118,1.022033242272425,all KO rows in frozen KO-cluster order
prb,pRb,FECH,MCTS1,119,0.8469255807791505,all KO rows in frozen KO-cluster order
prb,pRb,FECH,FTL,120,1.1466245483303457,all KO rows in frozen KO-cluster order
prb,pRb,FECH,TM7SF3,121,0.6246152977892429,all KO rows in frozen KO-cluster order
prb,pRb,FECH,DMRTC2,122,0.8898657228990877,all KO rows in frozen KO-cluster order
prb,pRb,FECH,FBXL4,123,0.9357643259602796,all KO rows in frozen KO-cluster order
prb,pRb,FECH,METTL7B,124,0.758699768100484,all KO rows in frozen KO-cluster order
prb,pRb,FECH,RAB6A,125,0.8096310375710127,all KO rows in frozen KO-cluster order
prb,pRb,FECH,COPS5,126,0.888277674316914,all KO rows in frozen KO-cluster order
prb,pRb,FECH,COPS3,127,1.1361096224626503,all KO rows in frozen KO-cluster order
prb,pRb,FECH,GLB1,128,0.7992448292169811,all KO rows in frozen KO-cluster order
prb,pRb,FECH,NR2F2,129,0.9452785340499877,all KO rows in frozen KO-cluster order
prb,pRb,FECH,ASF1B,130,0.9069810419212379,all KO rows in frozen KO-cluster order
prb,pRb,FECH,BRD9,131,1.0391864046512493,all KO rows in frozen KO-cluster order
prb,pRb,FECH,AARS,132,1.1044198950709434,all KO rows in frozen KO-cluster order
prb,pRb,FECH,FZD9,133,1.0213150707347594,all KO rows in frozen KO-cluster order
prb,pRb,FECH,PPY,134,1.1467974478463905,all KO rows in frozen KO-cluster order
prb,pRb,FECH,HIST1H2AI,135,1.5924477315313388,all KO rows in frozen KO-cluster order
prb,pRb,FECH,SNX32,136,1.7868197486209874,all KO rows in frozen KO-cluster order
prb,pRb,FECH,CHTF8,137,0.8501308407822294,all KO rows in frozen KO-cluster order
prb,pRb,FECH,SPRR2B,138,1.316068474643692,all KO rows in frozen KO-cluster order
prb,pRb,FECH,FANCC,139,0.974208964393539,all KO rows in frozen KO-cluster order
prb,pRb,FECH,PPAT,140,0.8370929787895086,all KO rows in frozen KO-cluster order
prb,pRb,FECH,COMTD1,141,0.9553738619596291,all KO rows in frozen KO-cluster order
prb,pRb,FECH,LSM5,142,1.2387787402214965,all KO rows in frozen KO-cluster order
prb,pRb,FECH,SKAP1,143,0.820465005969034,all KO rows in frozen KO-cluster order
prb,pRb,FECH,COQ10B,144,0.858642149493919,all KO rows in frozen KO-cluster order
prb,pRb,FECH,PRPF4,145,1.219305749451164,all KO rows in frozen KO-cluster order
prb,pRb,FECH,OAZ1,146,0.8850257995706714,all KO rows in frozen KO-cluster order
prb,pRb,FECH,CHST12,147,0.9712232812752262,all KO rows in frozen KO-cluster order
prb,pRb,FECH,WDR73,148,1.018619922382602,all KO rows in frozen KO-cluster order
prb,pRb,FECH,HNRNPH1,149,1.139644182825543,all KO rows in frozen KO-cluster order
prb,pRb,FECH,UQCC2,150,0.7579918358541018,all KO rows in frozen KO-cluster order
prb,pRb,FECH,CD4,151,0.6861553477138461,all KO rows in frozen KO-cluster order
prb,pRb,FECH,LYPD2,152,0.9127221916953019,all KO rows in frozen KO-cluster order
prb,pRb,FECH,RAC3,153,0.7133371965472193,all KO rows in frozen KO-cluster order
prb,pRb,FECH,RRS1,154,0.9958533683642955,all KO rows in frozen KO-cluster order
prb,pRb,FECH,ATP6V0A1,155,0.9271363918557275,all KO rows in frozen KO-cluster order
prb,pRb,FECH,NR2E1,156,0.7256995964388044,all KO rows in frozen KO-cluster order
prb,pRb,FECH,MAP2K7,157,0.6913405463915041,all KO rows in frozen KO-cluster order
prb,pRb,FECH,SMU1,158,1.858139728942523,all KO rows in frozen KO-cluster order
prb,pRb,FECH,USP39,159,0.9521701696341727,all KO rows in frozen KO-cluster order
prb,pRb,FECH,METTL7A,160,1.464564811863913,all KO rows in frozen KO-cluster order
prb,pRb,FECH,FCGR1A,161,1.4752900024813698,all KO rows in frozen KO-cluster order
prb,pRb,FECH,RPS29,162,1.9115369004409597,all KO rows in frozen KO-cluster order
prb,pRb,FECH,RPA2,163,1.8514676407131454,all KO rows in frozen KO-cluster order
prb,pRb,FECH,CDC27,164,1.2546231832922095,all KO rows in frozen KO-cluster order
prb,pRb,FECH,SMC2,165,0.9147210084821542,all KO rows in frozen KO-cluster order
prb,pRb,FECH,STAT5B,166,1.4206031785612554,all KO rows in frozen KO-cluster order
prb,pRb,FECH,LENG8,167,1.3375253144894719,all KO rows in frozen KO-cluster order
prb,pRb,FECH,AGAP9,168,1.9486288598478714,all KO rows in frozen KO-cluster order
prb,pRb,FECH,RPTOR,169,1.0193259201022629,all KO rows in frozen KO-cluster order
prb,pRb,FECH,CA5A,170,1.0614516263747589,all KO rows in frozen KO-cluster order
prb,pRb,FECH,TBL3,171,1.4291447585801251,all KO rows in frozen KO-cluster order
prb,pRb,FECH,NOL6,172,1.0804195937367758,all KO rows in frozen KO-cluster order
prb,pRb,FECH,NOL10,173,1.4764747566924847,all KO rows in frozen KO-cluster order
prb,pRb,FECH,SPRR2A,174,1.4549146439802263,all KO rows in frozen KO-cluster order
prb,pRb,FECH,HSPD1,175,1.5860871300091985,all KO rows in frozen KO-cluster order
prb,pRb,FECH,GOLGA6D,176,1.3814349425549866,all KO rows in frozen KO-cluster order
prb,pRb,FECH,SNRPD1,177,2.4361491199242784,all KO rows in frozen KO-cluster order
prb,pRb,FECH,SNRNP200,178,1.5670102577277736,all KO rows in frozen KO-cluster order
prb,pRb,FECH,GABRR3,179,0.8646124660821503,all KO rows in frozen KO-cluster order
prb,pRb,FECH,PTK2,180,1.2030650922500132,all KO rows in frozen KO-cluster order
prb,pRb,FECH,GTF2A1,181,1.0331978652944904,all KO rows in frozen KO-cluster order
prb,pRb,FECH,RPL15,182,1.5407353962439176,all KO rows in frozen KO-cluster order
prb,pRb,FECH,NOP56,183,1.349484779831504,all KO rows in frozen KO-cluster order
prb,pRb,FECH,AQP7,184,1.4184447172781462,all KO rows in frozen KO-cluster order
prb,pRb,FECH,NCL,185,1.8363889936526492,all KO rows in frozen KO-cluster order
prb,pRb,FECH,PPIAL4D,186,1.6137714939579504,all KO rows in frozen KO-cluster order
prb,pRb,FECH,NOP58,187,1.8754440190976447,all KO rows in frozen KO-cluster order
prb,pRb,FECH,XPO1,188,1.7703819571316508,all KO rows in frozen KO-cluster order
prb,pRb,FECH,PSMD4,189,2.00794380090907,all KO rows in frozen KO-cluster order
prb,pRb,FECH,RPS3A,190,2.064477738680871,all KO rows in frozen KO-cluster order
prb,pRb,FECH,RPF2,191,1.6998647747752549,all KO rows in frozen KO-cluster order
prb,pRb,FECH,FAU,192,1.5647591593654153,all KO rows in frozen KO-cluster order
prb,pRb,FECH,RPS10,193,2.2574492756262456,all KO rows in frozen KO-cluster order
prb,pRb,FECH,SPATA31A3,194,1.9731717594336724,all KO rows in frozen KO-cluster order
prb,pRb,FECH,SNRPC,195,2.0821073426244134,all KO rows in frozen KO-cluster order
prb,pRb,FECH,SPCS2,196,1.4439820637647398,all KO rows in frozen KO-cluster order
prb,pRb,FECH,GOLGA8K,197,2.16127545014525,all KO rows in frozen KO-cluster order
prb,pRb,FECH,BTF3L4,198,1.8270811991945157,all KO rows in frozen KO-cluster order
prb,pRb,FECH,TBC1D3B,199,1.821909332766469,all KO rows in frozen KO-cluster order
prb,pRb,FECH,CNOT2,200,1.8071187116481897,all KO rows in frozen KO-cluster order
prb,pRb,FECH,CBWD1,201,1.8891354453508977,all KO rows in frozen KO-cluster order
prb,pRb,FECH,RSL24D1,202,1.972891118945366,all KO rows in frozen KO-cluster order
prb,pRb,FECH,RPL26,203,2.199392397026082,all KO rows in frozen KO-cluster order
prb,pRb,FECH,SRSF7,204,1.350063896443141,all KO rows in frozen KO-cluster order
prb,pRb,FECH,CBWD3,205,2.1674604257983363,all KO rows in frozen KO-cluster order
prb,pRb,FECH,CDK7,206,1.8866402924646886,all KO rows in frozen KO-cluster order
prb,pRb,FECH,USP17L12,207,1.371492432003602,all KO rows in frozen KO-cluster order
prb,pRb,FECH,USP17L5,208,2.5376608411909856,all KO rows in frozen KO-cluster order
prb,pRb,FECH,MED21,209,1.876375328612556,all KO rows in frozen KO-cluster order
prb,pRb,FECH,FTSJ3,210,1.9149858727566293,all KO rows in frozen KO-cluster order
prb,pRb,FECH,PSMB6,211,1.6443628609486616,all KO rows in frozen KO-cluster order
prb,pRb,FECH,KRTAP2-3,212,1.8481567095632006,all KO rows in frozen KO-cluster order
prb,pRb,FECH,RPS27A,213,2.3146060651270117,all KO rows in frozen KO-cluster order
prb,pRb,FECH,FOXD4L5,214,1.9742492335443598,all KO rows in frozen KO-cluster order
prb,pRb,FECH,RPS25,215,2.134276070045352,all KO rows in frozen KO-cluster order
prb,pRb,FECH,TRIM43,216,2.2479617471542666,all KO rows in frozen KO-cluster order
prb,pRb,FECH,CDC45,217,2.151429421221188,all KO rows in frozen KO-cluster order
prb,pRb,FECH,TUBB8,218,1.966471771370694,all KO rows in frozen KO-cluster order
prb,pRb,FECH,SNRPG,219,2.357785932085676,all KO rows in frozen KO-cluster order
prb,pRb,FECH,NBPF15,220,2.2705988469437846,all KO rows in frozen KO-cluster order
prb,pRb,FECH,AGAP4,221,2.372112956901556,all KO rows in frozen KO-cluster order
prb,pRb,FECH,C2orf27B,222,2.350524618382254,all KO rows in frozen KO-cluster order
prb,pRb,FECH,KRT18,223,2.171617705072692,all KO rows in frozen KO-cluster order
prb,pRb,FECH,TBC1D3G,224,2.036000227469901,all KO rows in frozen KO-cluster order
prb,pRb,FECH,TIMELESS,225,1.9532840300162024,all KO rows in frozen KO-cluster order
prb,pRb,FECH,TONSL,226,1.8597230444489274,all KO rows in frozen KO-cluster order
prb,pRb,FECH,MTBP,227,2.1106027613254272,all KO rows in frozen KO-cluster order
prb,pRb,FECH,POLE,228,2.046909626037614,all KO rows in frozen KO-cluster order
prb,pRb,FECH,RFWD3,229,1.8018337832176061,all KO rows in frozen KO-cluster order
prb,pRb,FECH,ELOC,230,1.774329473558925,all KO rows in frozen KO-cluster order
prb,pRb,FECH,PPAN,231,1.657583451222975,all KO rows in frozen KO-cluster order
prb,pRb,FECH,ORC6,232,1.9111776424075044,all KO rows in frozen KO-cluster order
prb,pRb,FECH,ECT2,233,1.6951331995845493,all KO rows in frozen KO-cluster order
prb,pRb,FECH,GNL3,234,1.429557534804169,all KO rows in frozen KO-cluster order
prb,pRb,FECH,NSA2,235,1.5727453518985433,all KO rows in frozen KO-cluster order
prb,pRb,FECH,NLE1,236,1.2108352687699735,all KO rows in frozen KO-cluster order
prb,pRb,FECH,WDR12,237,1.3162926525559957,all KO rows in frozen KO-cluster order
prb,pRb,FECH,RPS9,238,1.8460978931408667,all KO rows in frozen KO-cluster order
prb,pRb,FECH,GNL2,239,1.4704598401977804,all KO rows in frozen KO-cluster order
prb,pRb,FECH,KIF11,240,1.542283546978189,all KO rows in frozen KO-cluster order
prb,pRb,FECH,RPS8,241,1.7489256357366318,all KO rows in frozen KO-cluster order
prb,pRb,FECH,CBWD2,242,0.9378033308271334,all KO rows in frozen KO-cluster order
prb,pRb,FECH,TRAPPC2L,243,1.6712486011806549,all KO rows in frozen KO-cluster order
prb,pRb,FECH,KIF23,244,2.2394683066144854,all KO rows in frozen KO-cluster order
prb,pRb,FECH,AURKB,245,2.4552240434664463,all KO rows in frozen KO-cluster order
prb,pRb,FECH,INCENP,246,1.7715829601758568,all KO rows in frozen KO-cluster order
prb,pRb,FECH,FOXD4L1,247,1.5378012171992224,all KO rows in frozen KO-cluster order
prb,pRb,FECH,TIPIN,248,1.6913810656055634,all KO rows in frozen KO-cluster order
prb,pRb,FECH,SKP2,249,1.666782032628828,all KO rows in frozen KO-cluster order
prb,pRb,FECH,RBBP8,250,1.6470593219795615,all KO rows in frozen KO-cluster order
prb,pRb,FECH,HMGB1,251,1.467694314528986,all KO rows in frozen KO-cluster order
prb,pRb,FECH,MCM7,252,0.9544483806590838,all KO rows in frozen KO-cluster order
prb,pRb,FECH,PRIM1,253,1.3575921842147318,all KO rows in frozen KO-cluster order
prb,pRb,FECH,RRN3,254,1.6083131016332022,all KO rows in frozen KO-cluster order
prb,pRb,FECH,RPL32,255,1.9252737946583796,all KO rows in frozen KO-cluster order
prb,pRb,FECH,RPL18,256,1.7181523513381018,all KO rows in frozen KO-cluster order
prb,pRb,FECH,POLR1B,257,1.5641872839481883,all KO rows in frozen KO-cluster order
prb,pRb,FECH,RPL37A,258,1.824857220956833,all KO rows in frozen KO-cluster order
prb,pRb,FECH,RPS4X,259,1.7188426402035206,all KO rows in frozen KO-cluster order
prb,pRb,FECH,RPL35,260,1.7204621863659046,all KO rows in frozen KO-cluster order
prb,pRb,FECH,KPNB1,261,1.3631369160850357,all KO rows in frozen KO-cluster order
prb,pRb,FECH,NOB1,262,0.8385637615182507,all KO rows in frozen KO-cluster order
prb,pRb,FECH,MDN1,263,1.3025133978139394,all KO rows in frozen KO-cluster order
prb,pRb,FECH,EIF2B3,264,0.9676449824327749,all KO rows in frozen KO-cluster order
prb,pRb,FECH,TERF2,265,0.8696404702617425,all KO rows in frozen KO-cluster order
prb,pRb,FECH,EIF1AD,266,1.3097001607595196,all KO rows in frozen KO-cluster order
prb,pRb,FECH,SNRPD3,267,1.533177383913043,all KO rows in frozen KO-cluster order
prb,pRb,FECH,RHOQ,268,0.7998678293659385,all KO rows in frozen KO-cluster order
prb,pRb,FECH,PHB2,269,1.0541126769878417,all KO rows in frozen KO-cluster order
prb,pRb,FECH,SLC25A24,270,0.7802775180124014,all KO rows in frozen KO-cluster order
prb,pRb,FECH,SNRPD2,271,1.3422286694115355,all KO rows in frozen KO-cluster order
prb,pRb,FECH,PHF23,272,1.3127812375033967,all KO rows in frozen KO-cluster order
prb,pRb,FECH,NCAPG2,273,1.4592289054607521,all KO rows in frozen KO-cluster order
prb,pRb,FECH,ARPP19,274,1.4184778505363385,all KO rows in frozen KO-cluster order
prb,pRb,FECH,TICAM1,275,1.2288618556759399,all KO rows in frozen KO-cluster order
prb,pRb,FECH,ZNF219,276,1.0128374246556555,all KO rows in frozen KO-cluster order
prb,pRb,FECH,MUCL1,277,1.1174740206795601,all KO rows in frozen KO-cluster order
prb,pRb,FECH,GRB2,278,1.2628829172937264,all KO rows in frozen KO-cluster order
prb,pRb,FECH,TUBA1A,279,1.0069762131549242,all KO rows in frozen KO-cluster order
prb,pRb,FECH,DLG4,280,1.2918868443149027,all KO rows in frozen KO-cluster order
prb,pRb,FECH,KRTAP4-2,281,1.7854301051773471,all KO rows in frozen KO-cluster order
prb,pRb,FECH,TEFM,282,2.089643005222528,all KO rows in frozen KO-cluster order
prb,pRb,FECH,TWF1,283,1.7854995636692397,all KO rows in frozen KO-cluster order
prb,pRb,FECH,GARS,284,1.5519007952706847,all KO rows in frozen KO-cluster order
prb,pRb,FECH,BEND3,285,1.7320100984922069,all KO rows in frozen KO-cluster order
prb,pRb,FECH,OSBPL7,286,1.5365272213181542,all KO rows in frozen KO-cluster order
prb,pRb,FECH,LIN37,287,1.2523586836035954,all KO rows in frozen KO-cluster order
prb,pRb,FECH,RPS6KA4,288,1.442649462029127,all KO rows in frozen KO-cluster order
prb,pRb,FECH,PHB,289,1.3928693918543922,all KO rows in frozen KO-cluster order
prb,pRb,FECH,DPH3,290,1.2694904069292383,all KO rows in frozen KO-cluster order
prb,pRb,FECH,NOLC1,291,1.5763776922322106,all KO rows in frozen KO-cluster order
prb,pRb,FECH,ACSS2,292,0.9740211411553391,all KO rows in frozen KO-cluster order
prb,pRb,FECH,GOLGA6L1,293,2.259512625554813,all KO rows in frozen KO-cluster order
prb,pRb,FECH,CNOT1,294,1.6608096329796835,all KO rows in frozen KO-cluster order
prb,pRb,FECH,POLA2,295,1.9270473226333114,all KO rows in frozen KO-cluster order
prb,pRb,FECH,NOP16,296,1.8317986590012696,all KO rows in frozen KO-cluster order
prb,pRb,FECH,PRAMEF6,297,1.804634668069984,all KO rows in frozen KO-cluster order
prb,pRb,FECH,POLR2I,298,1.2524736897459974,all KO rows in frozen KO-cluster order
prb,pRb,FECH,GINS2,299,0.8486775906313215,all KO rows in frozen KO-cluster order
prb,pRb,FECH,USH1G,300,1.0267592490831772,all KO rows in frozen KO-cluster order
prb,pRb,FECH,POLR1E,301,0.9229082869023284,all KO rows in frozen KO-cluster order
prb,pRb,FECH,RNF41,302,0.8962883326603044,all KO rows in frozen KO-cluster order
prb,pRb,FECH,URB2,303,0.9732368627093039,all KO rows in frozen KO-cluster order
prb,pRb,FECH,AATF,304,0.7850708564936629,all KO rows in frozen KO-cluster order
prb,pRb,FECH,EFTUD2,305,1.4465608513581758,all KO rows in frozen KO-cluster order
prb,pRb,FECH,WDR36,306,1.4839308476318473,all KO rows in frozen KO-cluster order
prb,pRb,FECH,LSM4,307,1.364956407514838,all KO rows in frozen KO-cluster order
prb,pRb,FECH,DDX52,308,1.178937125455211,all KO rows in frozen KO-cluster order
prb,pRb,FECH,RAB5C,309,1.5322667409377229,all KO rows in frozen KO-cluster order
prb,pRb,FECH,MROH6,310,1.3749411350132392,all KO rows in frozen KO-cluster order
prb,pRb,FECH,RCL1,311,1.1249005535166001,all KO rows in frozen KO-cluster order
prb,pRb,FECH,KRTAP2-4,312,1.1903733078489838,all KO rows in frozen KO-cluster order
prb,pRb,FECH,USP10,313,1.1860203326001264,all KO rows in frozen KO-cluster order
prb,pRb,FECH,MAX,314,1.3328319872340262,all KO rows in frozen KO-cluster order
prb,pRb,FECH,HSPB9,315,1.3125743191684778,all KO rows in frozen KO-cluster order
prb,pRb,FECH,RNF20,316,0.7751467265053023,all KO rows in frozen KO-cluster order
prb,pRb,FECH,TELO2,317,1.4343599444802517,all KO rows in frozen KO-cluster order
prb,pRb,FECH,COPS2,318,1.193479440634566,all KO rows in frozen KO-cluster order
prb,pRb,FECH,RBM28,319,0.6593434529464172,all KO rows in frozen KO-cluster order
prb,pRb,FECH,PTPMT1,320,0.9060491771674684,all KO rows in frozen KO-cluster order
prb,pRb,FECH,HDAC3,321,1.074178440215028,all KO rows in frozen KO-cluster order
prb,pRb,FECH,GPS1,322,0.572841059570733,all KO rows in frozen KO-cluster order
prb,pRb,FECH,INTS2,323,0.8698949869189916,all KO rows in frozen KO-cluster order
prb,pRb,FECH,RGP1,324,0.7760989210795675,all KO rows in frozen KO-cluster order
prb,pRb,FECH,IMPDH2,325,0.7987962491305027,all KO rows in frozen KO-cluster order
prb,pRb,FECH,PSRC1,326,0.6549326496436425,all KO rows in frozen KO-cluster order
prb,pRb,FECH,RAB11A,327,0.6925194469038947,all KO rows in frozen KO-cluster order
prb,pRb,FECH,SPATA31A5,328,0.8968602615078652,all KO rows in frozen KO-cluster order
prb,pRb,FECH,MIOS,329,0.6167719874039135,all KO rows in frozen KO-cluster order
prb,pRb,FECH,CTU2,330,0.6137999434669926,all KO rows in frozen KO-cluster order
prb,pRb,FECH,HNRNPK,331,0.7073821531905851,all KO rows in frozen KO-cluster order
prb,pRb,FECH,TMX2,332,0.7250998805556703,all KO rows in frozen KO-cluster order
prb,pRb,FECH,DYNLL2,333,0.5558077820386788,all KO rows in frozen KO-cluster order
prb,pRb,FECH,HSF1,334,0.9351141438255767,all KO rows in frozen KO-cluster order
prb,pRb,FECH,PTEN,335,1.0447110938643913,all KO rows in frozen KO-cluster order
prb,pRb,FECH,NOL8,336,1.2757390677446128,all KO rows in frozen KO-cluster order
prb,pRb,FECH,UBE2N,337,1.0188075950630096,all KO rows in frozen KO-cluster order
prb,pRb,FECH,PUM1,338,0.7386458517098845,all KO rows in frozen KO-cluster order
prb,pRb,FECH,CAPN12,339,0.9994967687454374,all KO rows in frozen KO-cluster order
prb,pRb,FECH,PARP12,340,0.7988717303875807,all KO rows in frozen KO-cluster order
prb,pRb,FECH,DCTN5,341,1.2729532128495848,all KO rows in frozen KO-cluster order
prb,pRb,FECH,TSR1,342,0.7828090494461667,all KO rows in frozen KO-cluster order
prb,pRb,FECH,GINS1,343,0.9869283383054566,all KO rows in frozen KO-cluster order
prb,pRb,FECH,PUF60,344,0.8934426489721952,all KO rows in frozen KO-cluster order
prb,pRb,FECH,CCNH,345,0.9631330329021163,all KO rows in frozen KO-cluster order
prb,pRb,FECH,POLE4,346,0.8895789892597717,all KO rows in frozen KO-cluster order
prb,pRb,FECH,ATRX,347,0.8390053927369074,all KO rows in frozen KO-cluster order
prb,pRb,FECH,KRAS,348,1.2845944418936137,all KO rows in frozen KO-cluster order
prb,pRb,FECH,TIMM23,349,1.0610995434661583,all KO rows in frozen KO-cluster order
prb,pRb,FECH,LIMD2,350,0.5738503998107309,all KO rows in frozen KO-cluster order
prb,pRb,FECH,DDX46,351,0.8033629183566733,all KO rows in frozen KO-cluster order
prb,pRb,FECH,IMPA2,352,0.9823776646257308,all KO rows in frozen KO-cluster order
prb,pRb,FECH,MYBPHL,353,0.8499616557336752,all KO rows in frozen KO-cluster order
prb,pRb,FECH,IZUMO2,354,0.7634256929245197,all KO rows in frozen KO-cluster order
prb,pRb,FECH,COX14,355,0.6125902532345152,all KO rows in frozen KO-cluster order
prb,pRb,FECH,C12orf45,356,0.6866135696114796,all KO rows in frozen KO-cluster order
prb,pRb,FECH,RRP7A,357,0.6475195520121056,all KO rows in frozen KO-cluster order
prb,pRb,FECH,CCDC59,358,0.6723613663633544,all KO rows in frozen KO-cluster order
prb,pRb,FECH,LTV1,359,1.0411229885203332,all KO rows in frozen KO-cluster order
prb,pRb,FECH,CHMP4B,360,0.7401195220445563,all KO rows in frozen KO-cluster order
prb,pRb,FECH,LSM6,361,1.1015686715967923,all KO rows in frozen KO-cluster order
prb,pRb,FECH,GPN1,362,0.806656147105051,all KO rows in frozen KO-cluster order
prb,pRb,FECH,PRSS3,363,1.1870586338461326,all KO rows in frozen KO-cluster order
prb,pRb,FECH,PLGLB2,364,1.1243894174883329,all KO rows in frozen KO-cluster order
prb,pRb,FECH,PAN2,365,0.8821006729619344,all KO rows in frozen KO-cluster order
prb,pRb,FECH,DDB1,366,0.9331159373020756,all KO rows in frozen KO-cluster order
prb,pRb,FECH,DHX9,367,1.1971486937271012,all KO rows in frozen KO-cluster order
prb,pRb,FECH,PEF1,368,0.7581829318765837,all KO rows in frozen KO-cluster order
prb,pRb,FECH,ADAMTS4,369,0.643345584214651,all KO rows in frozen KO-cluster order
prb,pRb,FECH,ANP32B,370,0.6918723007646981,all KO rows in frozen KO-cluster order
prb,pRb,FECH,C1QBP,371,0.8779602904841691,all KO rows in frozen KO-cluster order
prb,pRb,FECH,NUDCD1,372,0.68554812426506,all KO rows in frozen KO-cluster order
prb,pRb,FECH,CENPA,373,0.8128266752242631,all KO rows in frozen KO-cluster order
prb,pRb,FECH,EXOSC8,374,1.0982008833378534,all KO rows in frozen KO-cluster order
prb,pRb,FECH,BMS1,375,1.0778455237874052,all KO rows in frozen KO-cluster order
prb,pRb,FECH,PRKRA,376,0.7923005921071037,all KO rows in frozen KO-cluster order
prb,pRb,FECH,GGTLC2,377,0.930375030966208,all KO rows in frozen KO-cluster order
prb,pRb,FECH,PDGFRA,378,0.9436617860175018,all KO rows in frozen KO-cluster order
prb,pRb,FECH,MTOR,379,0.6078645354138528,all KO rows in frozen KO-cluster order
prb,pRb,FECH,SNAPC2,380,0.6715045317117937,all KO rows in frozen KO-cluster order
prb,pRb,FECH,POLR1C,381,1.1647364765026658,all KO rows in frozen KO-cluster order
prb,pRb,FECH,EIF2B4,382,0.7441134229196296,all KO rows in frozen KO-cluster order
prb,pRb,FECH,COA5,383,0.7411642493249441,all KO rows in frozen KO-cluster order
prb,pRb,FECH,CA7,384,0.5967428152482654,all KO rows in frozen KO-cluster order
prb,pRb,FECH,CD5,385,0.746749732836383,all KO rows in frozen KO-cluster order
prb,pRb,FECH,GPX4,386,1.0911739149833912,all KO rows in frozen KO-cluster order
prb,pRb,FECH,USP36,387,0.9894745002798968,all KO rows in frozen KO-cluster order
prb,pRb,FECH,DHDDS,388,0.648443562900044,all KO rows in frozen KO-cluster order
prb,pRb,FECH,WASL,389,0.6595110282592469,all KO rows in frozen KO-cluster order
prb,pRb,FECH,ZZZ3,390,0.9350804346437738,all KO rows in frozen KO-cluster order
prb,pRb,FECH,IGBP1,391,0.40632719653864574,all KO rows in frozen KO-cluster order
prb,pRb,FECH,DPH2,392,0.5824505934749977,all KO rows in frozen KO-cluster order
prb,pRb,FECH,XRN1,393,0.4567465868205716,all KO rows in frozen KO-cluster order
prb,pRb,FECH,ARHGAP22,394,0.850264401156685,all KO rows in frozen KO-cluster order
prb,pRb,FECH,GNPNAT1,395,1.057481893743236,all KO rows in frozen KO-cluster order
prb,pRb,FECH,CAD,396,1.0400577896761738,all KO rows in frozen KO-cluster order
prb,pRb,FECH,PLA2G4A,397,0.7042031045373728,all KO rows in frozen KO-cluster order
prb,pRb,FECH,EIF3L,398,0.6528292472859683,all KO rows in frozen KO-cluster order
prb,pRb,FECH,FANCM,399,0.4619318510752734,all KO rows in frozen KO-cluster order
prb,pRb,FECH,PRMT3,400,0.47502889318308866,all KO rows in frozen KO-cluster order
prb,pRb,FECH,RAP1GAP2,401,0.7506719002850452,all KO rows in frozen KO-cluster order
prb,pRb,FECH,VARS2,402,0.6967693860208141,all KO rows in frozen KO-cluster order
prb,pRb,FECH,RBM26,403,0.5945248061757581,all KO rows in frozen KO-cluster order
prb,pRb,FECH,RPS19BP1,404,0.5441839324195802,all KO rows in frozen KO-cluster order
prb,pRb,FECH,LARS,405,0.7248364427504732,all KO rows in frozen KO-cluster order
prb,pRb,FECH,LAMTOR4,406,0.6461212375097481,all KO rows in frozen KO-cluster order
prb,pRb,FECH,SLC39A9,407,0.4474823882656189,all KO rows in frozen KO-cluster order
prb,pRb,FECH,CCND3,408,0.5287145750265116,all KO rows in frozen KO-cluster order
prb,pRb,FECH,SNRNP70,409,0.8175190512573628,all KO rows in frozen KO-cluster order
prb,pRb,FECH,GTF2A2,410,0.66460877813521,all KO rows in frozen KO-cluster order
prb,pRb,FECH,RBPJ,411,0.4593461647147186,all KO rows in frozen KO-cluster order
prb,pRb,FECH,COX11,412,0.9870462197912634,all KO rows in frozen KO-cluster order
prb,pRb,FECH,OST4,413,0.5997879047035111,all KO rows in frozen KO-cluster order
prb,pRb,FECH,FBXW11,414,0.6206924255200164,all KO rows in frozen KO-cluster order
prb,pRb,FECH,ATG9A,415,0.9761383432349162,all KO rows in frozen KO-cluster order
prb,pRb,FECH,CLDN15,416,0.969546652138871,all KO rows in frozen KO-cluster order
prb,pRb,FECH,HARS,417,0.7644956642356094,all KO rows in frozen KO-cluster order
prb,pRb,FECH,CERCAM,418,0.798690650075785,all KO rows in frozen KO-cluster order
prb,pRb,FECH,AP3M1,419,0.8616512353693897,all KO rows in frozen KO-cluster order
prb,pRb,FECH,MAPK1,420,0.9633157242698721,all KO rows in frozen KO-cluster order
prb,pRb,FECH,SH3KBP1,421,0.651094679552142,all KO rows in frozen KO-cluster order
prb,pRb,FECH,HDAC4,422,1.0111393448011219,all KO rows in frozen KO-cluster order
prb,pRb,FECH,NPRL2,423,0.6392824955622768,all KO rows in frozen KO-cluster order
prb,pRb,FECH,TMOD4,424,0.5527964998258384,all KO rows in frozen KO-cluster order
prb,pRb,FECH,UBN1,425,0.7861493467105582,all KO rows in frozen KO-cluster order
prb,pRb,FECH,STX8,426,0.5270319417915185,all KO rows in frozen KO-cluster order
prb,pRb,FECH,DERL2,427,0.6746321185850949,all KO rows in frozen KO-cluster order
prb,pRb,FECH,MRPL20,428,0.7415325884928206,all KO rows in frozen KO-cluster order
prb,pRb,FECH,CPSF3,429,0.7833234438375591,all KO rows in frozen KO-cluster order
prb,pRb,FECH,DNAJC19,430,0.8527089186219722,all KO rows in frozen KO-cluster order
prb,pRb,FECH,MLLT1,431,1.0739055082785516,all KO rows in frozen KO-cluster order
prb,pRb,FECH,MTHFD1,432,0.7111526144615982,all KO rows in frozen KO-cluster order
prb,pRb,FECH,TRAPPC11,433,0.8331546580984819,all KO rows in frozen KO-cluster order
prb,pRb,FECH,IDH3B,434,0.6625880335592631,all KO rows in frozen KO-cluster order
prb,pRb,FECH,COX7C,435,1.0393855672156322,all KO rows in frozen KO-cluster order
prb,pRb,FECH,ZFP69B,436,0.7482496141983406,all KO rows in frozen KO-cluster order
prb,pRb,FECH,FUNDC2,437,0.6972526957344917,all KO rows in frozen KO-cluster order
prb,pRb,FECH,STXBP1,438,0.7381384400837393,all KO rows in frozen KO-cluster order
prb,pRb,FECH,BEND6,439,0.6408573955271645,all KO rows in frozen KO-cluster order
prb,pRb,FECH,DYNC1LI2,440,0.7047190544937378,all KO rows in frozen KO-cluster order
prb,pRb,FECH,ZBTB39,441,0.9623546991561114,all KO rows in frozen KO-cluster order
prb,pRb,FECH,PPP1R15B,442,1.0065372230081011,all KO rows in frozen KO-cluster order
prb,pRb,FECH,MCM3,443,0.7139597040766041,all KO rows in frozen KO-cluster order
prb,pRb,FECH,B3GAT3,444,0.9061386164721184,all KO rows in frozen KO-cluster order
prb,pRb,FECH,EXOC7,445,0.7457325381613797,all KO rows in frozen KO-cluster order
prb,pRb,FECH,MRPL42,446,0.8755704511851521,all KO rows in frozen KO-cluster order
prb,pRb,FECH,ZNF704,447,0.7875528987074115,all KO rows in frozen KO-cluster order
prb,pRb,FECH,BRCA1,448,0.795559323726668,all KO rows in frozen KO-cluster order
prb,pRb,FECH,CEP135,449,0.8559279898919229,all KO rows in frozen KO-cluster order
prb,pRb,FECH,CYP26C1,450,0.6677727345582397,all KO rows in frozen KO-cluster order
prb,pRb,FECH,ERCC6,451,0.8203796551206364,all KO rows in frozen KO-cluster order
prb,pRb,FECH,ZFR,452,0.6886110073570333,all KO rows in frozen KO-cluster order
prb,pRb,FECH,UBR4,453,0.9554678602678291,all KO rows in frozen KO-cluster order
prb,pRb,FECH,AP3M2,454,0.7113781595793275,all KO rows in frozen KO-cluster order
prb,pRb,FECH,ZNF638,455,0.7190591779942104,all KO rows in frozen KO-cluster order
prb,pRb,FECH,AKR1C3,456,0.5787391122995118,all KO rows in frozen KO-cluster order
prb,pRb,FECH,LARP7,457,0.5847202430909176,all KO rows in frozen KO-cluster order
prb,pRb,FECH,DGKD,458,0.5021703852321301,all KO rows in frozen KO-cluster order
prb,pRb,FECH,PDIA6,459,0.5673881549946742,all KO rows in frozen KO-cluster order
prb,pRb,FECH,CSNK2A3,460,0.7678126478627744,all KO rows in frozen KO-cluster order
prb,pRb,FECH,TTN,461,0.509141588781184,all KO rows in frozen KO-cluster order
prb,pRb,FECH,TWSG1,462,0.8892924633300424,all KO rows in frozen KO-cluster order
prb,pRb,FECH,B4GALT3,463,0.7156540715813964,all KO rows in frozen KO-cluster order
prb,pRb,FECH,PATL1,464,0.9154645680799192,all KO rows in frozen KO-cluster order
prb,pRb,FECH,TBP,465,0.8565685375050285,all KO rows in frozen KO-cluster order
prb,pRb,FECH,SPEN,466,0.7919740004936382,all KO rows in frozen KO-cluster order
prb,pRb,FECH,ERN1,467,0.7094960734663935,all KO rows in frozen KO-cluster order
prb,pRb,FECH,SRP68,468,0.6738091952169593,all KO rows in frozen KO-cluster order
prb,pRb,FECH,MGAM,469,0.6505299457791671,all KO rows in frozen KO-cluster order
prb,pRb,FECH,ALG12,470,0.5718549429161901,all KO rows in frozen KO-cluster order
prb,pRb,FECH,BORCS8,471,0.7734978295629007,all KO rows in frozen KO-cluster order
prb,pRb,FECH,SAMM50,472,0.8431610404051287,all KO rows in frozen KO-cluster order
prb,pRb,FECH,MRM1,473,1.0112301425207728,all KO rows in frozen KO-cluster order
prb,pRb,FECH,RXRA,474,0.607989793936513,all KO rows in frozen KO-cluster order
prb,pRb,FECH,CABIN1,475,0.805902317700117,all KO rows in frozen KO-cluster order
prb,pRb,FECH,GTF3C1,476,0.9849575416275077,all KO rows in frozen KO-cluster order
prb,pRb,FECH,CHMP4C,477,0.9372722663318727,all KO rows in frozen KO-cluster order
prb,pRb,FECH,PPCS,478,0.7855164051266986,all KO rows in frozen KO-cluster order
prb,pRb,FECH,HGS,479,0.8818860011662097,all KO rows in frozen KO-cluster order
prb,pRb,FECH,ILF3,480,0.9767733237643118,all KO rows in frozen KO-cluster order
prb,pRb,FECH,INTS7,481,0.8271982374066107,all KO rows in frozen KO-cluster order
prb,pRb,FECH,AMIGO3,482,0.6742984763815629,all KO rows in frozen KO-cluster order
prb,pRb,FECH,PTPRH,483,0.6111158659558538,all KO rows in frozen KO-cluster order
prb,pRb,FECH,NCOA1,484,0.6923963672378881,all KO rows in frozen KO-cluster order
prb,pRb,FECH,ABHD10,485,0.7473697591244166,all KO rows in frozen KO-cluster order
prb,pRb,FECH,AACS,486,0.58794917668984,all KO rows in frozen KO-cluster order
prb,pRb,FECH,PRCC,487,0.8147136484557896,all KO rows in frozen KO-cluster order
prb,pRb,FECH,ZNF131,488,1.1399281517359359,all KO rows in frozen KO-cluster order
prb,pRb,FECH,LRP1B,489,0.7677128624577746,all KO rows in frozen KO-cluster order
prb,pRb,FECH,CDH15,490,0.614063293425736,all KO rows in frozen KO-cluster order
prb,pRb,FECH,TMEM63B,491,0.6978117863469817,all KO rows in frozen KO-cluster order
prb,pRb,FECH,DCAF11,492,0.6941816791952556,all KO rows in frozen KO-cluster order
prb,pRb,FECH,NUP54,493,0.5428918364197265,all KO rows in frozen KO-cluster order
prb,pRb,FECH,LCE3A,494,0.6201430391888502,all KO rows in frozen KO-cluster order
prb,pRb,FECH,EGFL7,495,0.4961098921018801,all KO rows in frozen KO-cluster order
prb,pRb,FECH,ZBTB7B,496,0.8564487665010889,all KO rows in frozen KO-cluster order
prb,pRb,FECH,PPIA,497,0.866286846730491,all KO rows in frozen KO-cluster order
prb,pRb,FECH,TNRC6A,498,0.6389833852077176,all KO rows in frozen KO-cluster order
prb,pRb,FECH,MYCL,499,0.8634303826855296,all KO rows in frozen KO-cluster order
prb,pRb,FECH,BTBD9,500,0.7405490213459901,all KO rows in frozen KO-cluster order
prb,pRb,FECH,STT3B,501,0.7325327788429115,all KO rows in frozen KO-cluster order
prb,pRb,FECH,LAMTOR3,502,0.5743248241943095,all KO rows in frozen KO-cluster order
prb,pRb,FECH,HMGCR,503,0.666378480604856,all KO rows in frozen KO-cluster order
prb,pRb,FECH,ACTR3,504,0.8580745166550805,all KO rows in frozen KO-cluster order
prb,pRb,FECH,ALAS1,505,0.6581252409602136,all KO rows in frozen KO-cluster order
prb,pRb,FECH,SCAP,506,0.7031266028445537,all KO rows in frozen KO-cluster order
prb,pRb,FECH,RAB4A,507,0.7911142788245442,all KO rows in frozen KO-cluster order
prb,pRb,FECH,C5orf22,508,0.9923763860309349,all KO rows in frozen KO-cluster order
prb,pRb,FECH,CD2BP2,509,0.9267942593035847,all KO rows in frozen KO-cluster order
prb,pRb,FECH,UBE2D3,510,0.8942812831011835,all KO rows in frozen KO-cluster order
prb,pRb,FECH,IDH3A,511,0.6084425661040737,all KO rows in frozen KO-cluster order
prb,pRb,FECH,SEC22A,512,0.45591219739741984,all KO rows in frozen KO-cluster order
prb,pRb,FECH,MMP17,513,0.8814403765803179,all KO rows in frozen KO-cluster order
prb,pRb,FECH,FIGLA,514,0.7028774006516542,all KO rows in frozen KO-cluster order
prb,pRb,FECH,LAMTOR2,515,0.8067252086546481,all KO rows in frozen KO-cluster order
prb,pRb,FECH,MED13L,516,0.8188153720211371,all KO rows in frozen KO-cluster order
prb,pRb,FECH,SLC39A7,517,0.7565775751442088,all KO rows in frozen KO-cluster order
prb,pRb,FECH,GMPPB,518,1.1263009282559495,all KO rows in frozen KO-cluster order
prb,pRb,FECH,CCR2,519,0.6681802562183842,all KO rows in frozen KO-cluster order
prb,pRb,FECH,NRAS,520,0.9272469782438976,all KO rows in frozen KO-cluster order
prb,pRb,FECH,LTB4R,521,0.8090313843772925,all KO rows in frozen KO-cluster order
prb,pRb,FECH,PSPC1,522,1.2198305373500795,all KO rows in frozen KO-cluster order
prb,pRb,FECH,YIPF5,523,1.0067783924097342,all KO rows in frozen KO-cluster order
prb,pRb,FECH,CHD1,524,0.7475720347830964,all KO rows in frozen KO-cluster order
prb,pRb,FECH,AMMECR1,525,0.6878228011899193,all KO rows in frozen KO-cluster order
prb,pRb,FECH,ATF6,526,0.8367294896945167,all KO rows in frozen KO-cluster order
prb,pRb,FECH,HSD17B12,527,0.9118430862692928,all KO rows in frozen KO-cluster order
prb,pRb,FECH,RABGGTA,528,0.8071741466820811,all KO rows in frozen KO-cluster order
prb,pRb,FECH,VMP1,529,0.9860919989328604,all KO rows in frozen KO-cluster order
prb,pRb,FECH,MSANTD4,530,0.8514151888152555,all KO rows in frozen KO-cluster order
prb,pRb,FECH,EMC2,531,0.7272858612427952,all KO rows in frozen KO-cluster order
prb,pRb,FECH,ASCC3,532,0.7444454144209195,all KO rows in frozen KO-cluster order
prb,pRb,FECH,PGK1,533,0.6723169192618287,all KO rows in frozen KO-cluster order
prb,pRb,FECH,ELP4,534,0.7758698928798603,all KO rows in frozen KO-cluster order
prb,pRb,FECH,RICTOR,535,0.8327832366601683,all KO rows in frozen KO-cluster order
prb,pRb,FECH,UFL1,536,0.8969874829805047,all KO rows in frozen KO-cluster order
prb,pRb,FECH,TAS2R40,537,0.7693391439636535,all KO rows in frozen KO-cluster order
prb,pRb,FECH,TTI1,538,0.5827724763098068,all KO rows in frozen KO-cluster order
prb,pRb,FECH,STX5,539,0.6378634717413131,all KO rows in frozen KO-cluster order
prb,pRb,FECH,UFSP2,540,0.902631556755587,all KO rows in frozen KO-cluster order
prb,pRb,FECH,NAMPT,541,0.6694605916592576,all KO rows in frozen KO-cluster order
prb,pRb,FECH,B4GALT5,542,0.6691886179906846,all KO rows in frozen KO-cluster order
prb,pRb,FECH,STK40,543,0.7998638402874897,all KO rows in frozen KO-cluster order
prb,pRb,FECH,NAPA,544,0.9323779378295776,all KO rows in frozen KO-cluster order
prb,pRb,FECH,ADRA2C,545,1.0070507433684222,all KO rows in frozen KO-cluster order
prb,pRb,FECH,PKMYT1,546,0.8916474410819437,all KO rows in frozen KO-cluster order
prb,pRb,FECH,WRB,547,0.6915901095680114,all KO rows in frozen KO-cluster order
prb,pRb,FECH,SRSF8,548,1.0377988682201706,all KO rows in frozen KO-cluster order
prb,pRb,FECH,VPS26A,549,1.0537808250282903,all KO rows in frozen KO-cluster order
prb,pRb,FECH,TMEM167A,550,0.787038812113379,all KO rows in frozen KO-cluster order
prb,pRb,FECH,PPP1CA,551,0.8422452159432464,all KO rows in frozen KO-cluster order
prb,pRb,FECH,VAMP4,552,0.6104064826857546,all KO rows in frozen KO-cluster order
prb,pRb,FECH,NCKIPSD,553,0.5102887774853311,all KO rows in frozen KO-cluster order
prb,pRb,FECH,QTRT1,554,0.7523446866749556,all KO rows in frozen KO-cluster order
prb,pRb,FECH,SLC38A6,555,0.8194351049549063,all KO rows in frozen KO-cluster order
prb,pRb,FECH,SCYL1,556,0.3711261165417939,all KO rows in frozen KO-cluster order
prb,pRb,FECH,LMX1B,557,0.41648291272363364,all KO rows in frozen KO-cluster order
prb,pRb,FECH,KIAA1958,558,0.587231076069973,all KO rows in frozen KO-cluster order
prb,pRb,FECH,GAK,559,0.6129414186287291,all KO rows in frozen KO-cluster order
prb,pRb,FECH,CCNG1,560,0.4957978871892226,all KO rows in frozen KO-cluster order
prb,pRb,FECH,CALM1,561,0.5075111179178529,all KO rows in frozen KO-cluster order
prb,pRb,FECH,MAPRE3,562,0.5391155163291502,all KO rows in frozen KO-cluster order
prb,pRb,FECH,PLOD3,563,0.6837273005245074,all KO rows in frozen KO-cluster order
prb,pRb,FECH,GTF2E2,564,0.705925790854157,all KO rows in frozen KO-cluster order
prb,pRb,FECH,ELP2,565,0.4837324276772976,all KO rows in frozen KO-cluster order
prb,pRb,FECH,RHOA,566,0.7910475829004616,all KO rows in frozen KO-cluster order
prb,pRb,FECH,SLU7,567,0.8229569534138536,all KO rows in frozen KO-cluster order
prb,pRb,FECH,KIF14,568,0.8962685490282752,all KO rows in frozen KO-cluster order
prb,pRb,FECH,RAE1,569,0.7123636929398108,all KO rows in frozen KO-cluster order
prb,pRb,FECH,CHMP5,570,0.7677341501034823,all KO rows in frozen KO-cluster order
prb,pRb,FECH,NUP214,571,0.7286455918103174,all KO rows in frozen KO-cluster order
prb,pRb,FECH,HAUS5,572,0.6758290927600755,all KO rows in frozen KO-cluster order
prb,pRb,FECH,UTP14A,573,0.7325967501498812,all KO rows in frozen KO-cluster order
prb,pRb,FECH,BUD31,574,1.0098482356409393,all KO rows in frozen KO-cluster order
prb,pRb,FECH,TRPC1,575,0.594285827594632,all KO rows in frozen KO-cluster order
prb,pRb,FECH,UBE2M,576,0.9209475622779372,all KO rows in frozen KO-cluster order
prb,pRb,FECH,AP2S1,577,0.8095873772133131,all KO rows in frozen KO-cluster order
prb,pRb,FECH,POLR2M,578,0.6556192717258282,all KO rows in frozen KO-cluster order
prb,pRb,FECH,SRP72,579,0.9965485799236841,all KO rows in frozen KO-cluster order
prb,pRb,FECH,CD3EAP,580,0.819324202509437,all KO rows in frozen KO-cluster order
prb,pRb,FECH,NMT1,581,0.9657992988399979,all KO rows in frozen KO-cluster order
prb,pRb,FECH,SLC38A2,582,0.6927412404391052,all KO rows in frozen KO-cluster order
prb,pRb,FECH,EIF2AK3,583,0.880317407415723,all KO rows in frozen KO-cluster order
prb,pRb,FECH,RBFA,584,0.8071399465118065,all KO rows in frozen KO-cluster order
prb,pRb,FECH,ZNF574,585,1.1570773459817023,all KO rows in frozen KO-cluster order
prb,pRb,FECH,POLR3F,586,1.326406537576812,all KO rows in frozen KO-cluster order
prb,pRb,FECH,BLOC1S2,587,0.8571634784282703,all KO rows in frozen KO-cluster order
prb,pRb,FECH,FANCG,588,0.8237163182910717,all KO rows in frozen KO-cluster order
prb,pRb,FECH,VTI1A,589,0.9333177128160146,all KO rows in frozen KO-cluster order
prb,pRb,FECH,PEX19,590,0.8666216899351973,all KO rows in frozen KO-cluster order
prb,pRb,FECH,SALL3,591,0.9290505428307343,all KO rows in frozen KO-cluster order
prb,pRb,FECH,KCNG4,592,0.8745638358337556,all KO rows in frozen KO-cluster order
prb,pRb,FECH,SEC24A,593,0.7805822621723729,all KO rows in frozen KO-cluster order
prb,pRb,FECH,RARS,594,1.2600855136100215,all KO rows in frozen KO-cluster order
prb,pRb,FECH,EBF1,595,0.6672595871412631,all KO rows in frozen KO-cluster order
prb,pRb,FECH,SNRNP40,596,0.8244200008977289,all KO rows in frozen KO-cluster order
prb,pRb,FECH,PFDN2,597,0.8425164322987395,all KO rows in frozen KO-cluster order
prb,pRb,FECH,CIAO1,598,0.9722561114585356,all KO rows in frozen KO-cluster order
prb,pRb,FECH,DCAF7,599,0.874219808894659,all KO rows in frozen KO-cluster order
prb,pRb,FECH,COG7,600,0.9185717070357566,all KO rows in frozen KO-cluster order
prb,pRb,FECH,MUC13,601,0.9475199205790944,all KO rows in frozen KO-cluster order
prb,pRb,FECH,CREBBP,602,1.17214471472337,all KO rows in frozen KO-cluster order
prb,pRb,FECH,ADAMTS18,603,0.8778157238627684,all KO rows in frozen KO-cluster order
prb,pRb,FECH,DENR,604,0.8922171832775927,all KO rows in frozen KO-cluster order
prb,pRb,FECH,IMPDH1,605,0.6538592278899467,all KO rows in frozen KO-cluster order
prb,pRb,FECH,POP4,606,0.7317800392502395,all KO rows in frozen KO-cluster order
prb,pRb,FECH,HAMP,607,0.6528615036327424,all KO rows in frozen KO-cluster order
prb,pRb,FECH,NHSL1,608,0.6129115355404721,all KO rows in frozen KO-cluster order
prb,pRb,FECH,CHMP7,609,0.8213231109413662,all KO rows in frozen KO-cluster order
prb,pRb,FECH,CHMP1A,610,0.9246046837306475,all KO rows in frozen KO-cluster order
prb,pRb,FECH,MRGBP,611,0.9415607285088818,all KO rows in frozen KO-cluster order
prb,pRb,FECH,RIOK2,612,0.8733377446143291,all KO rows in frozen KO-cluster order
prb,pRb,FECH,XPR1,613,0.897116202264925,all KO rows in frozen KO-cluster order
prb,pRb,FECH,SIGLEC14,614,0.7785798929518167,all KO rows in frozen KO-cluster order
prb,pRb,FECH,PCID2,615,0.7130070261809365,all KO rows in frozen KO-cluster order
prb,pRb,FECH,COPS4,616,1.0056067981278642,all KO rows in frozen KO-cluster order
prb,pRb,FECH,NUDT21,617,0.8589893289378189,all KO rows in frozen KO-cluster order
prb,pRb,FECH,SLC4A1,618,0.7330334636771046,all KO rows in frozen KO-cluster order
prb,pRb,FECH,SERINC3,619,0.7509331515542508,all KO rows in frozen KO-cluster order
prb,pRb,FECH,AP2A1,620,0.7242707013632731,all KO rows in frozen KO-cluster order
prb,pRb,FECH,SRPRB,621,1.0789670793668351,all KO rows in frozen KO-cluster order
prb,pRb,FECH,PPWD1,622,0.8216492627672362,all KO rows in frozen KO-cluster order
prb,pRb,FECH,VPS29,623,0.8140652152870232,all KO rows in frozen KO-cluster order
prb,pRb,FECH,GNG5,624,0.8106372219729842,all KO rows in frozen KO-cluster order
prb,pRb,FECH,FECH,625,0.8423382862977495,all KO rows in frozen KO-cluster order
prb,pRb,FECH,PCF11,626,1.1475835935970966,all KO rows in frozen KO-cluster order
prb,pRb,FECH,PDPK1,627,0.9206986486680104,all KO rows in frozen KO-cluster order
prb,pRb,FECH,POLR3A,628,1.3381864321271506,all KO rows in frozen KO-cluster order
prb,pRb,FECH,SARS,629,1.6893105319281656,all KO rows in frozen KO-cluster order
prb,pRb,FECH,SRP19,630,0.8050786094336145,all KO rows in frozen KO-cluster order
prb,pRb,FECH,NOL7,631,0.7158786902459316,all KO rows in frozen KO-cluster order
prb,pRb,FECH,CEP55,632,0.6078742751804528,all KO rows in frozen KO-cluster order
prb,pRb,FECH,ARL2,633,0.4329558319734334,all KO rows in frozen KO-cluster order
prb,pRb,FECH,LIAS,634,0.6103391207061013,all KO rows in frozen KO-cluster order
prb,pRb,FECH,AP1M1,635,1.0061625578739821,all KO rows in frozen KO-cluster order
prb,pRb,FECH,PARP1,636,0.8448695623319292,all KO rows in frozen KO-cluster order
prb,pRb,FECH,CYP2C18,637,0.6976699178720832,all KO rows in frozen KO-cluster order
prb,pRb,FECH,BET1,638,0.653203771500635,all KO rows in frozen KO-cluster order
prb,pRb,FECH,CCNB1,639,1.08772327898412,all KO rows in frozen KO-cluster order
prb,pRb,FECH,MAP7D1,640,0.8265178446216311,all KO rows in frozen KO-cluster order
prb,pRb,FECH,CNOT10,641,0.9657122806203184,all KO rows in frozen KO-cluster order
prb,pRb,FECH,COMMD4,642,0.6955807788701032,all KO rows in frozen KO-cluster order
prb,pRb,FECH,COL18A1,643,0.7202405189358673,all KO rows in frozen KO-cluster order
prb,pRb,FECH,BRD8,644,0.9189600773285446,all KO rows in frozen KO-cluster order
prb,pRb,FECH,EXOSC6,645,0.8049152381625697,all KO rows in frozen KO-cluster order
prb,pRb,FECH,ATP5ME,646,0.6996856187184081,all KO rows in frozen KO-cluster order
prb,pRb,FECH,FOXK1,647,0.7889436943449664,all KO rows in frozen KO-cluster order
prb,pRb,FECH,COX7B,648,0.8131925548439967,all KO rows in frozen KO-cluster order
prb,pRb,FECH,ATP5F1B,649,0.8552195531205943,all KO rows in frozen KO-cluster order
prb,pRb,FECH,CLK3,650,0.8838790468739741,all KO rows in frozen KO-cluster order
prb,pRb,FECH,SCAF4,651,1.3001086408814941,all KO rows in frozen KO-cluster order
prb,pRb,FECH,DNASE1L1,652,0.8552252083908809,all KO rows in frozen KO-cluster order
prb,pRb,FECH,EXOC4,653,1.1382296735833861,all KO rows in frozen KO-cluster order
prb,pRb,FECH,COA4,654,1.1902041517962378,all KO rows in frozen KO-cluster order
prb,pRb,FECH,STMN1,655,0.7391440267371747,all KO rows in frozen KO-cluster order
prb,pRb,FECH,COL9A1,656,1.076872947613527,all KO rows in frozen KO-cluster order
prb,pRb,FECH,HIC2,657,0.8552473806916773,all KO rows in frozen KO-cluster order
prb,pRb,FECH,RHOF,658,1.1161739686559482,all KO rows in frozen KO-cluster order
prb,pRb,FECH,NR2C2AP,659,1.1157671026904865,all KO rows in frozen KO-cluster order
prb,pRb,FECH,ARNT2,660,0.9457992695639367,all KO rows in frozen KO-cluster order
prb,pRb,FECH,PIM2,661,0.9718917279711348,all KO rows in frozen KO-cluster order
prb,pRb,FECH,TARS,662,0.9954719052254394,all KO rows in frozen KO-cluster order
prb,pRb,FECH,SLC2A8,663,0.8104107371091327,all KO rows in frozen KO-cluster order
prb,pRb,FECH,RAB14,664,0.9541313239816568,all KO rows in frozen KO-cluster order
prb,pRb,FECH,MRPL34,665,1.1962546667719693,all KO rows in frozen KO-cluster order
prb,pRb,FECH,MRPL39,666,1.042705580524537,all KO rows in frozen KO-cluster order
prb,pRb,FECH,AP2M1,667,0.7637646440631277,all KO rows in frozen KO-cluster order
prb,pRb,FECH,ATAD3A,668,1.0058250252427539,all KO rows in frozen KO-cluster order
prb,pRb,FECH,ADAT3,669,0.6900265421336196,all KO rows in frozen KO-cluster order
prb,pRb,FECH,TIMM17B,670,0.8093607127092886,all KO rows in frozen KO-cluster order
prb,pRb,FECH,EPB41L2,671,1.0071579994450401,all KO rows in frozen KO-cluster order
prb,pRb,FECH,ZNF496,672,1.2469597594495814,all KO rows in frozen KO-cluster order
prb,pRb,FECH,TMED10,673,0.6999247659722634,all KO rows in frozen KO-cluster order
prb,pRb,FECH,KDM6A,674,0.7532959696798227,all KO rows in frozen KO-cluster order
prb,pRb,FECH,SACM1L,675,0.7779387968027257,all KO rows in frozen KO-cluster order
prb,pRb,FECH,EFR3A,676,1.0263614537078176,all KO rows in frozen KO-cluster order
prb,pRb,FECH,GOLT1B,677,0.9439214532738597,all KO rows in frozen KO-cluster order
prb,pRb,FECH,THRA,678,0.7428474725208367,all KO rows in frozen KO-cluster order
prb,pRb,FECH,UBAP2L,679,0.9597896623684428,all KO rows in frozen KO-cluster order
prb,pRb,FECH,ATXN7L3,680,0.8127462195115633,all KO rows in frozen KO-cluster order
prb,pRb,FECH,ZC3H4,681,0.9094192138705057,all KO rows in frozen KO-cluster order
prb,pRb,FECH,TSC2,682,1.0465182254822616,all KO rows in frozen KO-cluster order
prb,pRb,FECH,ETHE1,683,0.876872031799775,all KO rows in frozen KO-cluster order
prb,pRb,FECH,ATIC,684,0.84683008116832,all KO rows in frozen KO-cluster order
prb,pRb,FECH,FLII,685,0.7768809675075597,all KO rows in frozen KO-cluster order
prb,pRb,FECH,RNF11,686,1.0290855503195748,all KO rows in frozen KO-cluster order
prb,pRb,FECH,ZMYM3,687,1.057393942699956,all KO rows in frozen KO-cluster order
prb,pRb,FECH,NAE1,688,1.1321468501055065,all KO rows in frozen KO-cluster order
prb,pRb,FECH,MBD5,689,0.6198497131159205,all KO rows in frozen KO-cluster order
prb,pRb,FECH,ELOVL1,690,0.8594049875710745,all KO rows in frozen KO-cluster order
prb,pRb,FECH,UHRF1,691,0.7765054428480974,all KO rows in frozen KO-cluster order
prb,pRb,FECH,CASP3,692,1.205258958649054,all KO rows in frozen KO-cluster order
prb,pRb,FECH,ADSS,693,1.2082983604118478,all KO rows in frozen KO-cluster order
prb,pRb,FECH,TMED4,694,1.0208615097504243,all KO rows in frozen KO-cluster order
prb,pRb,FECH,INTS1,695,0.9953893743909137,all KO rows in frozen KO-cluster order
prb,pRb,FECH,MRPL40,696,0.9365915846867858,all KO rows in frozen KO-cluster order
prb,pRb,FECH,SMC3,697,0.7225190441400748,all KO rows in frozen KO-cluster order
prb,pRb,FECH,NCDN,698,0.9018278201310079,all KO rows in frozen KO-cluster order
prb,pRb,FECH,SMARCC1,699,0.9006738048865914,all KO rows in frozen KO-cluster order
prb,pRb,FECH,PRDM13,700,1.1019457526807,all KO rows in frozen KO-cluster order
prb,pRb,FECH,ZRSR2,701,1.0662951585259832,all KO rows in frozen KO-cluster order
prb,pRb,FECH,FARSA,702,1.0130104448825905,all KO rows in frozen KO-cluster order
prb,pRb,FECH,ELAC2,703,0.8400431583055249,all KO rows in frozen KO-cluster order
prb,pRb,FECH,HYOU1,704,0.7289849155940875,all KO rows in frozen KO-cluster order
prb,pRb,FECH,EMC1,705,0.9121744249311043,all KO rows in frozen KO-cluster order
prb,pRb,FECH,PLEKHM2,706,1.1138310041061905,all KO rows in frozen KO-cluster order
prb,pRb,FECH,APC,707,1.3515401607189985,all KO rows in frozen KO-cluster order
prb,pRb,FECH,ETS1,708,1.2568449933494852,all KO rows in frozen KO-cluster order
prb,pRb,FECH,PRPF39,709,1.0498383348078582,all KO rows in frozen KO-cluster order
prb,pRb,FECH,ZNRD1,710,0.9075542177188172,all KO rows in frozen KO-cluster order
prb,pRb,FECH,FGF23,711,0.8593393724141484,all KO rows in frozen KO-cluster order
prb,pRb,FECH,DYNLL1,712,1.0503292131523347,all KO rows in frozen KO-cluster order
prb,pRb,FECH,S100B,713,0.9383703380287232,all KO rows in frozen KO-cluster order
prb,pRb,FECH,ARHGEF9,714,1.4117479200968672,all KO rows in frozen KO-cluster order
prb,pRb,FECH,NBEAL1,715,1.730107556368113,all KO rows in frozen KO-cluster order
prb,pRb,FECH,NAPG,716,1.5338072779344332,all KO rows in frozen KO-cluster order
prb,pRb,FECH,FGF1,717,1.2003970366839625,all KO rows in frozen KO-cluster order
prb,pRb,FECH,ARID5B,718,0.8016035474118158,all KO rows in frozen KO-cluster order
prb,pRb,FECH,HOXB2,719,1.1325781257935255,all KO rows in frozen KO-cluster order
prb,pRb,FECH,MSH3,720,0.76498549854065,all KO rows in frozen KO-cluster order
prb,pRb,FECH,DYNC1H1,721,1.0993015078616901,all KO rows in frozen KO-cluster order
prb,pRb,FECH,CYP4V2,722,1.0986843347666793,all KO rows in frozen KO-cluster order
prb,pRb,FECH,CNOT11,723,1.2335535877593402,all KO rows in frozen KO-cluster order
prb,pRb,FECH,RBM5,724,1.462947424278024,all KO rows in frozen KO-cluster order
prb,pRb,FECH,DYRK1A,725,1.6838127687682727,all KO rows in frozen KO-cluster order
prb,pRb,FECH,PDZK1IP1,726,1.0233682147535568,all KO rows in frozen KO-cluster order
prb,pRb,FECH,RAPGEF1,727,1.119002393234211,all KO rows in frozen KO-cluster order
prb,pRb,FECH,EIF3A,728,1.449089494210408,all KO rows in frozen KO-cluster order
prb,pRb,FECH,TBPL1,729,1.1982422618633992,all KO rows in frozen KO-cluster order
prb,pRb,FECH,NUP98,730,1.641025239511911,all KO rows in frozen KO-cluster order
prb,pRb,FECH,SRP54,731,2.0811361627838787,all KO rows in frozen KO-cluster order
prb,pRb,FECH,SEC61A1,732,2.4889529847002776,all KO rows in frozen KO-cluster order
prb,pRb,FECH,CCT4,733,2.0084541428097626,all KO rows in frozen KO-cluster order
prb,pRb,FECH,SEC61G,734,1.399719837016923,all KO rows in frozen KO-cluster order
prb,pRb,FECH,TGFBR1,735,1.6180009846391075,all KO rows in frozen KO-cluster order
prb,pRb,FECH,RANGAP1,736,1.4319998175877995,all KO rows in frozen KO-cluster order
prb,pRb,FECH,DGCR8,737,0.9847984365321287,all KO rows in frozen KO-cluster order
prb,pRb,FECH,JUNB,738,0.9112288081651566,all KO rows in frozen KO-cluster order
prb,pRb,FECH,KDM4A,739,0.9838390319180597,all KO rows in frozen KO-cluster order
prb,pRb,FECH,CD164,740,1.117654129519234,all KO rows in frozen KO-cluster order
prb,pRb,FECH,TAB2,741,0.8779042018246342,all KO rows in frozen KO-cluster order
prb,pRb,FECH,SOCS1,742,0.7537011872805565,all KO rows in frozen KO-cluster order
prb,pRb,FECH,BRK1,743,0.9318105304186177,all KO rows in frozen KO-cluster order
prb,pRb,FECH,CHMP2A,744,1.5424826296651915,all KO rows in frozen KO-cluster order
prb,pRb,FECH,YAE1,745,0.747320609141227,all KO rows in frozen KO-cluster order
prb,pRb,FECH,ABHD16A,746,0.6656357183421256,all KO rows in frozen KO-cluster order
prb,pRb,FECH,FOXL2,747,0.8559784320128213,all KO rows in frozen KO-cluster order
prb,pRb,FECH,HSPA14,748,1.0389966406770685,all KO rows in frozen KO-cluster order
prb,pRb,FECH,BTAF1,749,1.0831408049788906,all KO rows in frozen KO-cluster order
prb,pRb,FECH,NDUFC1,750,1.0877012267922859,all KO rows in frozen KO-cluster order
prb,pRb,FECH,SLC35B2,751,1.0864289991874287,all KO rows in frozen KO-cluster order
prb,pRb,FECH,ATXN10,752,0.995091892158956,all KO rows in frozen KO-cluster order
prb,pRb,FECH,COG4,753,0.9853161316177715,all KO rows in frozen KO-cluster order
prb,pRb,FECH,SEC16A,754,1.4016026786861646,all KO rows in frozen KO-cluster order
prb,pRb,FECH,USP14,755,1.6076976035154242,all KO rows in frozen KO-cluster order
prb,pRb,FECH,SON,756,1.6307861755680133,all KO rows in frozen KO-cluster order
prb,pRb,FECH,GPX8,757,0.9919802419305168,all KO rows in frozen KO-cluster order
prb,pRb,FECH,TMED2,758,0.8203452929102967,all KO rows in frozen KO-cluster order
prb,pRb,FECH,MICOS13,759,1.0060185859382396,all KO rows in frozen KO-cluster order
prb,pRb,FECH,PPP1R2,760,1.4235880426950303,all KO rows in frozen KO-cluster order
prb,pRb,FECH,MANF,761,1.362119133352995,all KO rows in frozen KO-cluster order
prb,pRb,FECH,GTF3C6,762,0.8889531593271868,all KO rows in frozen KO-cluster order
prb,pRb,FECH,RAB10,763,1.3284833939509975,all KO rows in frozen KO-cluster order
prb,pRb,FECH,DNAJA3,764,1.1922650592821502,all KO rows in frozen KO-cluster order
prb,pRb,FECH,CA13,765,1.1029578522599142,all KO rows in frozen KO-cluster order
prb,pRb,FECH,DHX30,766,0.7376112321613754,all KO rows in frozen KO-cluster order
prb,pRb,FECH,ALKBH8,767,1.0449827312637514,all KO rows in frozen KO-cluster order
prb,pRb,FECH,COG6,768,0.9276680771755054,all KO rows in frozen KO-cluster order
prb,pRb,FECH,EXOC5,769,1.0324725242523798,all KO rows in frozen KO-cluster order
prb,pRb,FECH,WBP4,770,0.7670561508006855,all KO rows in frozen KO-cluster order
prb,pRb,FECH,ELAVL1,771,1.1906240060860147,all KO rows in frozen KO-cluster order
prb,pRb,FECH,UFM1,772,0.9779390751285544,all KO rows in frozen KO-cluster order
prb,pRb,FECH,HECTD1,773,1.3900313430065712,all KO rows in frozen KO-cluster order
prb,pRb,FECH,TSC1,774,1.649648182546645,all KO rows in frozen KO-cluster order
prb,pRb,FECH,CUL1,775,1.4514324741555478,all KO rows in frozen KO-cluster order
prb,pRb,FECH,TAF12,776,1.6407257050949373,all KO rows in frozen KO-cluster order
prb,pRb,FECH,SMARCD1,777,0.8844011160237558,all KO rows in frozen KO-cluster order
prb,pRb,FECH,KIF17,778,0.8739246478723086,all KO rows in frozen KO-cluster order
prb,pRb,FECH,SETD1B,779,1.2991386316623195,all KO rows in frozen KO-cluster order
prb,pRb,FECH,GPN2,780,1.2466776756373292,all KO rows in frozen KO-cluster order
prb,pRb,FECH,MRPL52,781,1.120907733141826,all KO rows in frozen KO-cluster order
prb,pRb,FECH,COPS6,782,1.1610515178167196,all KO rows in frozen KO-cluster order
prb,pRb,FECH,COQ7,783,0.8177900103276385,all KO rows in frozen KO-cluster order
prb,pRb,FECH,MAD2L2,784,1.387924777497579,all KO rows in frozen KO-cluster order
prb,pRb,FECH,SUV39H1,785,1.2744059850818936,all KO rows in frozen KO-cluster order
prb,pRb,FECH,MIEN1,786,1.123957223476717,all KO rows in frozen KO-cluster order
prb,pRb,FECH,TRAPPC4,787,1.2359176377546413,all KO rows in frozen KO-cluster order
prb,pRb,FECH,FGFR1OP,788,1.1176219143492108,all KO rows in frozen KO-cluster order
prb,pRb,FECH,IVL,789,1.012696444114279,all KO rows in frozen KO-cluster order
prb,pRb,FECH,SLC35B1,790,0.9039526735383788,all KO rows in frozen KO-cluster order
prb,pRb,FECH,KIN,791,1.1239757448075034,all KO rows in frozen KO-cluster order
prb,pRb,FECH,C5orf30,792,1.3504316014758548,all KO rows in frozen KO-cluster order
prb,pRb,FECH,VWA7,793,0.9230947953110352,all KO rows in frozen KO-cluster order
prb,pRb,FECH,SH3GL1,794,0.8419888975341044,all KO rows in frozen KO-cluster order
prb,pRb,FECH,TLR2,795,1.1072694438704378,all KO rows in frozen KO-cluster order
prb,pRb,FECH,COG8,796,1.101046552425296,all KO rows in frozen KO-cluster order
prb,pRb,FECH,RBMXL1,797,0.7929362302616427,all KO rows in frozen KO-cluster order
prb,pRb,FECH,MXRA8,798,0.9649797952642807,all KO rows in frozen KO-cluster order
prb,pRb,FECH,ZNF593,799,1.057362930466674,all KO rows in frozen KO-cluster order
prb,pRb,FECH,SLC5A3,800,1.2235772400167555,all KO rows in frozen KO-cluster order
prb,pRb,FECH,DCTN4,801,1.077424387596642,all KO rows in frozen KO-cluster order
prb,pRb,FECH,ATP6V0A2,802,1.0863639429201308,all KO rows in frozen KO-cluster order
prb,pRb,FECH,POLR3E,803,1.2310960637445805,all KO rows in frozen KO-cluster order
prb,pRb,FECH,HDAC6,804,1.2512594794054472,all KO rows in frozen KO-cluster order
prb,pRb,FECH,ARGLU1,805,1.1963495866230043,all KO rows in frozen KO-cluster order
prb,pRb,FECH,SRPRA,806,1.3322974122705118,all KO rows in frozen KO-cluster order
prb,pRb,FECH,CTPS2,807,1.1380582021537415,all KO rows in frozen KO-cluster order
prb,pRb,FECH,CSNK2A2,808,0.893934040567582,all KO rows in frozen KO-cluster order
prb,pRb,FECH,CACNA1D,809,0.9826719686419852,all KO rows in frozen KO-cluster order
prb,pRb,FECH,HIST1H2BK,810,1.3393892590554992,all KO rows in frozen KO-cluster order
prb,pRb,FECH,INO80E,811,1.5412984152631968,all KO rows in frozen KO-cluster order
prb,pRb,FECH,KCTD16,812,0.669158206346177,all KO rows in frozen KO-cluster order
prb,pRb,FECH,GRPEL1,813,0.9957257802340889,all KO rows in frozen KO-cluster order
prb,pRb,FECH,CARS,814,0.8256078428866772,all KO rows in frozen KO-cluster order
prb,pRb,FECH,LIMS1,815,1.1614743620578827,all KO rows in frozen KO-cluster order
prb,pRb,FECH,ARPC2,816,0.8432888037811057,all KO rows in frozen KO-cluster order
prb,pRb,FECH,IER3IP1,817,1.0052010776982385,all KO rows in frozen KO-cluster order
prb,pRb,FECH,ERCC3,818,1.029113780309828,all KO rows in frozen KO-cluster order
prb,pRb,FECH,SMC1A,819,1.3175490285452607,all KO rows in frozen KO-cluster order
prb,pRb,FECH,EIF4G1,820,1.2712934532396434,all KO rows in frozen KO-cluster order
prb,pRb,FECH,SSX2IP,821,0.9123270214506825,all KO rows in frozen KO-cluster order
prb,pRb,FECH,STT3A,822,0.925726740342954,all KO rows in frozen KO-cluster order
prb,pRb,FECH,SEC63,823,1.435665435197002,all KO rows in frozen KO-cluster order
prb,pRb,FECH,EIF3M,824,0.9002221172852053,all KO rows in frozen KO-cluster order
prb,pRb,FECH,GABBR1,825,0.847256152802118,all KO rows in frozen KO-cluster order
prb,pRb,FECH,STXBP3,826,1.1244121360652144,all KO rows in frozen KO-cluster order
prb,pRb,FECH,POLR3B,827,1.0465254936113981,all KO rows in frozen KO-cluster order
prb,pRb,FECH,INO80D,828,0.6152511832980563,all KO rows in frozen KO-cluster order
prb,pRb,FECH,EIF5B,829,0.9719561995116306,all KO rows in frozen KO-cluster order
prb,pRb,FECH,COPA,830,1.844904332690595,all KO rows in frozen KO-cluster order
prb,pRb,FECH,COPB1,831,1.811307432805975,all KO rows in frozen KO-cluster order
prb,pRb,FECH,COPB2,832,2.0297625646953343,all KO rows in frozen KO-cluster order
prb,pRb,FECH,C1D,833,0.6440028408130553,all KO rows in frozen KO-cluster order
prb,pRb,FECH,MAFA,834,0.7876293154108767,all KO rows in frozen KO-cluster order
prb,pRb,FECH,CDIPT,835,0.673167464764014,all KO rows in frozen KO-cluster order
prb,pRb,FECH,COX15,836,0.887520940003272,all KO rows in frozen KO-cluster order
prb,pRb,FECH,SSBP3,837,1.3131343114478713,all KO rows in frozen KO-cluster order
prb,pRb,FECH,CTDSP1,838,0.7924886215850514,all KO rows in frozen KO-cluster order
prb,pRb,FECH,HBS1L,839,0.8435956937846336,all KO rows in frozen KO-cluster order
prb,pRb,FECH,RHOG,840,0.870936221416016,all KO rows in frozen KO-cluster order
prb,pRb,FECH,TPT1,841,0.6941752600219147,all KO rows in frozen KO-cluster order
prb,pRb,FECH,ZBED2,842,1.101388794259904,all KO rows in frozen KO-cluster order
prb,pRb,FECH,TMA16,843,0.9939688058535623,all KO rows in frozen KO-cluster order
prb,pRb,FECH,ADRB2,844,1.4840515542332164,all KO rows in frozen KO-cluster order
prb,pRb,FECH,SPCS3,845,1.2706012721847766,all KO rows in frozen KO-cluster order
prb,pRb,FECH,RBM10,846,1.0369256081320617,all KO rows in frozen KO-cluster order
prb,pRb,FECH,HNRNPH2,847,1.0470576071047453,all KO rows in frozen KO-cluster order
prb,pRb,FECH,GRIA3,848,1.239361032709392,all KO rows in frozen KO-cluster order
prb,pRb,FECH,NEK1,849,0.9523362170737312,all KO rows in frozen KO-cluster order
prb,pRb,FECH,DIS3L2,850,0.8244219350341682,all KO rows in frozen KO-cluster order
prb,pRb,FECH,REV3L,851,0.8413994473738406,all KO rows in frozen KO-cluster order
prb,pRb,FECH,TRIM33,852,1.0778873984552306,all KO rows in frozen KO-cluster order
prb,pRb,FECH,NCAN,853,0.789736664302686,all KO rows in frozen KO-cluster order
prb,pRb,FECH,LIN9,854,0.9223974980326858,all KO rows in frozen KO-cluster order
prb,pRb,FECH,FGFR1OP2,855,0.9276087380014836,all KO rows in frozen KO-cluster order
prb,pRb,FECH,PRRC2A,856,0.7125454949462172,all KO rows in frozen KO-cluster order
prb,pRb,FECH,SEC22C,857,0.691635933875113,all KO rows in frozen KO-cluster order
prb,pRb,FECH,TLR3,858,0.6908443000306892,all KO rows in frozen KO-cluster order
prb,pRb,FECH,KCNG1,859,0.8239079990506647,all KO rows in frozen KO-cluster order
prb,pRb,FECH,RNF146,860,0.6950198103147651,all KO rows in frozen KO-cluster order
prb,pRb,FECH,RABGGTB,861,1.3682113544174601,all KO rows in frozen KO-cluster order
prb,pRb,FECH,RTTN,862,1.1706795294548678,all KO rows in frozen KO-cluster order
prb,pRb,FECH,EMC3,863,1.0292290032226215,all KO rows in frozen KO-cluster order
prb,pRb,FECH,CPOX,864,1.1904653861097894,all KO rows in frozen KO-cluster order
prb,pRb,FECH,KRI1,865,1.0674748634929994,all KO rows in frozen KO-cluster order
prb,pRb,FECH,SLC2A1,866,0.9362094084070574,all KO rows in frozen KO-cluster order
prb,pRb,FECH,INTS10,867,1.1567614205878052,all KO rows in frozen KO-cluster order
prb,pRb,FECH,DAD1,868,0.9691264777376871,all KO rows in frozen KO-cluster order
prb,pRb,FECH,COQ4,869,0.7121188420532097,all KO rows in frozen KO-cluster order
prb,pRb,FECH,SYVN1,870,0.7072637280111171,all KO rows in frozen KO-cluster order
prb,pRb,FECH,UBC,871,0.8429021957550844,all KO rows in frozen KO-cluster order
prb,pRb,FECH,AHCYL1,872,0.9174489115597527,all KO rows in frozen KO-cluster order
prb,pRb,FECH,DDOST,873,0.851280144974976,all KO rows in frozen KO-cluster order
prb,pRb,FECH,GTF3C4,874,0.8344724776247814,all KO rows in frozen KO-cluster order
prb,pRb,FECH,IARS2,875,0.7289399300337494,all KO rows in frozen KO-cluster order
prb,pRb,FECH,TSPAN31,876,1.0305437736279428,all KO rows in frozen KO-cluster order
prb,pRb,FECH,PIGS,877,1.3881640847877297,all KO rows in frozen KO-cluster order
prb,pRb,FECH,LTN1,878,0.9128549172452568,all KO rows in frozen KO-cluster order
prb,pRb,FECH,DDX39B,879,0.8589219003432885,all KO rows in frozen KO-cluster order
prb,pRb,FECH,CIT,880,1.0634147245563135,all KO rows in frozen KO-cluster order
prb,pRb,FECH,USP18,881,0.7478847938736015,all KO rows in frozen KO-cluster order
prb,pRb,FECH,TYK2,882,1.0723514659670244,all KO rows in frozen KO-cluster order
prb,pRb,FECH,CTU1,883,0.7213753718545948,all KO rows in frozen KO-cluster order
prb,pRb,FECH,PAICS,884,0.7591064897153298,all KO rows in frozen KO-cluster order
prb,pRb,FECH,CACNB1,885,0.9179899871376579,all KO rows in frozen KO-cluster order
prb,pRb,FECH,VAMP2,886,1.2134671351972044,all KO rows in frozen KO-cluster order
prb,pRb,FECH,CLASP1,887,0.6748990022693125,all KO rows in frozen KO-cluster order
prb,pRb,FECH,METAP1,888,0.7300695258022869,all KO rows in frozen KO-cluster order
prb,pRb,FECH,CUL2,889,0.749106607472239,all KO rows in frozen KO-cluster order
prb,pRb,FECH,TERF2IP,890,0.7116154643639209,all KO rows in frozen KO-cluster order
prb,pRb,FECH,GNL3L,891,0.8912736632740612,all KO rows in frozen KO-cluster order
prb,pRb,FECH,ZCCHC9,892,0.5394653223199276,all KO rows in frozen KO-cluster order
prb,pRb,FECH,ATP6V1H,893,0.6833731505288132,all KO rows in frozen KO-cluster order
prb,pRb,FECH,RPL5,894,1.3134441159521015,all KO rows in frozen KO-cluster order
prb,pRb,FECH,COPZ1,895,1.2843714968367415,all KO rows in frozen KO-cluster order
prb,pRb,FECH,EIF3B,896,0.927989271581075,all KO rows in frozen KO-cluster order
prb,pRb,FECH,HSPA5,897,1.2953397056466438,all KO rows in frozen KO-cluster order
prb,pRb,FECH,QARS,898,0.8806928905439761,all KO rows in frozen KO-cluster order
prb,pRb,FECH,CCT6A,899,1.3425246376547768,all KO rows in frozen KO-cluster order
prb,pRb,FECH,CCT7,900,0.9429273750584214,all KO rows in frozen KO-cluster order
prb,pRb,FECH,TCP1,901,1.4286246562385012,all KO rows in frozen KO-cluster order
prb,pRb,FECH,THOC7,902,1.3255602462204197,all KO rows in frozen KO-cluster order
prb,pRb,FECH,CSE1L,903,1.4686527184057894,all KO rows in frozen KO-cluster order
prb,pRb,FECH,ITGB1,904,0.9932696347016023,all KO rows in frozen KO-cluster order
prb,pRb,FECH,RAC1,905,1.3664343990743018,all KO rows in frozen KO-cluster order
prb,pRb,FECH,ATP6V1B2,906,1.049446873213763,all KO rows in frozen KO-cluster order
prb,pRb,FECH,GBF1,907,0.9497264664358254,all KO rows in frozen KO-cluster order
prb,pRb,FECH,ASNS,908,0.7472473838768131,all KO rows in frozen KO-cluster order
prb,pRb,FECH,EIF4A1,909,0.8217293069077714,all KO rows in frozen KO-cluster order
prb,pRb,FECH,MEAF6,910,0.5516733546693632,all KO rows in frozen KO-cluster order
prb,pRb,FECH,FJX1,911,0.9028530367635309,all KO rows in frozen KO-cluster order
prb,pRb,FECH,TAF6,912,0.7959532387497934,all KO rows in frozen KO-cluster order
prb,pRb,FECH,RAD21,913,1.136612904659998,all KO rows in frozen KO-cluster order
prb,pRb,FECH,NUFIP2,914,1.6651384765571815,all KO rows in frozen KO-cluster order
prb,pRb,FECH,CNOT4,915,0.6295834324024427,all KO rows in frozen KO-cluster order
prb,pRb,FECH,ABCE1,916,0.9982309515361996,all KO rows in frozen KO-cluster order
prb,pRb,FECH,SEC61B,917,0.9648894199721022,all KO rows in frozen KO-cluster order
prb,pRb,FECH,PFN1,918,0.8193193162402569,all KO rows in frozen KO-cluster order
prb,pRb,FECH,TFIP11,919,0.581717233302608,all KO rows in frozen KO-cluster order
prb,pRb,FECH,ADRM1,920,0.7645885119471088,all KO rows in frozen KO-cluster order
prb,pRb,FECH,MEX3C,921,0.99875343970671,all KO rows in frozen KO-cluster order
prb,pRb,FECH,OGT,922,0.6585607885565715,all KO rows in frozen KO-cluster order
prb,pRb,FECH,EXOSC5,923,1.0827944152420215,all KO rows in frozen KO-cluster order
prb,pRb,FECH,CPSF2,924,0.8442283338468238,all KO rows in frozen KO-cluster order
prb,pRb,FECH,NEDD8,925,1.0936275088070053,all KO rows in frozen KO-cluster order
prb,pRb,FECH,CCNC,926,0.948921853256199,all KO rows in frozen KO-cluster order
prb,pRb,FECH,PCYT1A,927,0.7965285336593173,all KO rows in frozen KO-cluster order
prb,pRb,FECH,TOR2A,928,0.7574640106356529,all KO rows in frozen KO-cluster order
prb,pRb,FECH,DDI2,929,0.4829777857551749,all KO rows in frozen KO-cluster order
prb,pRb,FECH,INPPL1,930,0.741099689998632,all KO rows in frozen KO-cluster order
prb,pRb,FECH,COG3,931,0.8650795076927531,all KO rows in frozen KO-cluster order
prb,pRb,FECH,CCNF,932,0.573059212006651,all KO rows in frozen KO-cluster order
prb,pRb,FECH,LDLR,933,0.7992466174479719,all KO rows in frozen KO-cluster order
prb,pRb,FECH,DYNC1LI1,934,0.636951876685638,all KO rows in frozen KO-cluster order
prb,pRb,FECH,PREB,935,0.7987696234522249,all KO rows in frozen KO-cluster order
prb,pRb,FECH,BLOC1S6,936,0.8956014081616883,all KO rows in frozen KO-cluster order
prb,pRb,FECH,CCDC174,937,0.7098207689844745,all KO rows in frozen KO-cluster order
prb,pRb,FECH,TTI2,938,0.749172639340514,all KO rows in frozen KO-cluster order
prb,pRb,FECH,LAMTOR1,939,0.8474366401447856,all KO rows in frozen KO-cluster order
prb,pRb,FECH,SLC35C1,940,1.304537366897263,all KO rows in frozen KO-cluster order
prb,pRb,FECH,ASNA1,941,0.8326204258901503,all KO rows in frozen KO-cluster order
prb,pRb,FECH,RPLP1,942,0.5373031132724075,all KO rows in frozen KO-cluster order
prb,pRb,FECH,P4HB,943,0.7039379345441781,all KO rows in frozen KO-cluster order
prb,pRb,FECH,DHRS9,944,0.6514926550097153,all KO rows in frozen KO-cluster order
prb,pRb,FECH,PRELID3B,945,0.7774993383672907,all KO rows in frozen KO-cluster order
prb,pRb,FECH,DDX47,946,0.7702009184365672,all KO rows in frozen KO-cluster order
prb,pRb,FECH,TERF1,947,0.6612710977767128,all KO rows in frozen KO-cluster order
prb,pRb,FECH,REST,948,0.5929306610696685,all KO rows in frozen KO-cluster order
prb,pRb,FECH,LYSMD1,949,0.7956183080931543,all KO rows in frozen KO-cluster order
prb,pRb,FECH,RAI14,950,0.5307073240762661,all KO rows in frozen KO-cluster order
prb,pRb,FECH,POU3F1,951,0.45017780513830524,all KO rows in frozen KO-cluster order
prb,pRb,FECH,RBM22,952,1.0730477653986727,all KO rows in frozen KO-cluster order
prb,pRb,FECH,SPHK2,953,0.7387052023561088,all KO rows in frozen KO-cluster order
prb,pRb,FECH,DUT,954,0.732362477254133,all KO rows in frozen KO-cluster order
prb,pRb,FECH,CTDSPL2,955,0.6341330088130933,all KO rows in frozen KO-cluster order
prb,pRb,FECH,PPIE,956,0.6656737173548893,all KO rows in frozen KO-cluster order
prb,pRb,FECH,RPRD1A,957,1.1349540407158465,all KO rows in frozen KO-cluster order
prb,pRb,FECH,ACSL4,958,0.8090803153923805,all KO rows in frozen KO-cluster order
prb,pRb,FECH,CMTR1,959,0.8034343932321472,all KO rows in frozen KO-cluster order
prb,pRb,FECH,SEL1L,960,0.7277139111939691,all KO rows in frozen KO-cluster order
prb,pRb,FECH,CIAPIN1,961,0.5544715451827832,all KO rows in frozen KO-cluster order
prb,pRb,FECH,TUBGCP6,962,0.8155524378019933,all KO rows in frozen KO-cluster order
prb,pRb,FECH,DDRGK1,963,1.1207946539659475,all KO rows in frozen KO-cluster order
prb,pRb,FECH,CD9,964,0.7150133190445503,all KO rows in frozen KO-cluster order
prb,pRb,FECH,DLD,965,0.6724684850732257,all KO rows in frozen KO-cluster order
prb,pRb,FECH,TARDBP,966,0.9895832192290257,all KO rows in frozen KO-cluster order
prb,pRb,FECH,EXOSC3,967,0.7622347614768155,all KO rows in frozen KO-cluster order
prb,pRb,FECH,TM2D2,968,0.6408385738857223,all KO rows in frozen KO-cluster order
prb,pRb,FECH,FAT1,969,0.8581881771441322,all KO rows in frozen KO-cluster order
prb,pRb,FECH,KATNBL1,970,0.7554424270710103,all KO rows in frozen KO-cluster order
prb,pRb,FECH,NCOA4,971,0.7066097579007394,all KO rows in frozen KO-cluster order
prb,pRb,FECH,INTS11,972,0.6382066135417992,all KO rows in frozen KO-cluster order
prb,pRb,FECH,OR2T5,973,0.621871676105417,all KO rows in frozen KO-cluster order
prb,pRb,FECH,KIF20A,974,0.6191661623092551,all KO rows in frozen KO-cluster order
prb,pRb,FECH,BORCS7,975,0.8339998067795301,all KO rows in frozen KO-cluster order
prb,pRb,FECH,SYPL2,976,0.6717682095806213,all KO rows in frozen KO-cluster order
prb,pRb,FECH,NACC1,977,0.6079518682774396,all KO rows in frozen KO-cluster order
prb,pRb,FECH,SEC23IP,978,0.9672028888222952,all KO rows in frozen KO-cluster order
prb,pRb,FECH,INTS5,979,0.8118121373358452,all KO rows in frozen KO-cluster order
prb,pRb,FECH,CEP85,980,1.0824912025038125,all KO rows in frozen KO-cluster order
prb,pRb,FECH,NCBP2,981,0.8432613993921761,all KO rows in frozen KO-cluster order
prb,pRb,FECH,DNMT1,982,0.8923328820433336,all KO rows in frozen KO-cluster order
prb,pRb,FECH,RBM14,983,0.6803608059356694,all KO rows in frozen KO-cluster order
prb,pRb,FECH,RBM42,984,0.5968950437194706,all KO rows in frozen KO-cluster order
prb,pRb,FECH,METTL3,985,0.7718112399535356,all KO rows in frozen KO-cluster order
prb,pRb,FECH,TNFRSF1A,986,0.857333496278675,all KO rows in frozen KO-cluster order
prb,pRb,FECH,URM1,987,0.9313316869485811,all KO rows in frozen KO-cluster order
prb,pRb,FECH,IBA57,988,0.6484740552666827,all KO rows in frozen KO-cluster order
prb,pRb,FECH,GOLGA2,989,0.6765956670108926,all KO rows in frozen KO-cluster order
prb,pRb,FECH,KRT10,990,0.6672785118078562,all KO rows in frozen KO-cluster order
prb,pRb,FECH,SEC23B,991,0.70101907483024,all KO rows in frozen KO-cluster order
prb,pRb,FECH,MCEE,992,0.5981602217685722,all KO rows in frozen KO-cluster order
prb,pRb,FECH,FAM83H,993,0.8227311377079854,all KO rows in frozen KO-cluster order
prb,pRb,FECH,CTSG,994,0.8099850476298402,all KO rows in frozen KO-cluster order
prb,pRb,FECH,THOC3,995,1.0572911101529856,all KO rows in frozen KO-cluster order
prb,pRb,FECH,VTI1B,996,0.5965067052072793,all KO rows in frozen KO-cluster order
prb,pRb,FECH,TSR2,997,0.6816551862706952,all KO rows in frozen KO-cluster order
prb,pRb,FECH,CRAT,998,0.5138121646960704,all KO rows in frozen KO-cluster order
prb,pRb,FECH,EPRS,999,0.6990001308577409,all KO rows in frozen KO-cluster order
