method_id,method,split,reporter_slug,ko_pearson,split_label,method_color,method_order,method_family
catboost_multirmse,CatBoost,field_holdout_sanity,5xupre,0.698396310210228,Field,#79A8C9,3,Classical tabular
catboost_multirmse,CatBoost,field_holdout_sanity,actin_filament_fastact_spy555_live_cell_dye,0.8807619231442609,Field,#79A8C9,3,Classical tabular
catboost_multirmse,CatBoost,field_holdout_sanity,autophagosome_atg101,0.6382050181428591,Field,#79A8C9,3,Classical tabular
catboost_multirmse,CatBoost,field_holdout_sanity,autophagosome_map1lc3b,0.8409178132812182,Field,#79A8C9,3,Classical tabular
catboost_multirmse,CatBoost,field_holdout_sanity,b-catenin,0.5194706209252278,Field,#79A8C9,3,Classical tabular
catboost_multirmse,CatBoost,field_holdout_sanity,c-myc,0.5093390989303589,Field,#79A8C9,3,Classical tabular
catboost_multirmse,CatBoost,field_holdout_sanity,caspase_activity_cellevent-caspase_live-cell_dye,0.5461079098905126,Field,#79A8C9,3,Classical tabular
catboost_multirmse,CatBoost,field_holdout_sanity,cell_proliferation_marker_mki67,0.6333815976977348,Field,#79A8C9,3,Classical tabular
catboost_multirmse,CatBoost,field_holdout_sanity,chaperones_hspa1b,0.7738154128193855,Field,#79A8C9,3,Classical tabular
catboost_multirmse,CatBoost,field_holdout_sanity,chromalive_488_excitation,0.6736719808230798,Field,#79A8C9,3,Classical tabular
catboost_multirmse,CatBoost,field_holdout_sanity,chromatin_h2bc21,0.6764270104467869,Field,#79A8C9,3,Classical tabular
catboost_multirmse,CatBoost,field_holdout_sanity,clathrin_vesicles_clta,0.8708496342102686,Field,#79A8C9,3,Classical tabular
catboost_multirmse,CatBoost,field_holdout_sanity,early_endosome_eea1,0.8773256222407022,Field,#79A8C9,3,Classical tabular
catboost_multirmse,CatBoost,field_holdout_sanity,endocytic_vesicle_ph_phrodo-dextran_live_cell_dye,0.6808100794752439,Field,#79A8C9,3,Classical tabular
catboost_multirmse,CatBoost,field_holdout_sanity,endosome_vps35,0.7813500826557477,Field,#79A8C9,3,Classical tabular
catboost_multirmse,CatBoost,field_holdout_sanity,er_cona,0.6217084822555383,Field,#79A8C9,3,Classical tabular
catboost_multirmse,CatBoost,field_holdout_sanity,er_golgi_bridge_vapa,0.7657505242774884,Field,#79A8C9,3,Classical tabular
catboost_multirmse,CatBoost,field_holdout_sanity,er_golgi_cop-ii_sec23a,0.8863938920199871,Field,#79A8C9,3,Classical tabular
catboost_multirmse,CatBoost,field_holdout_sanity,er_golgi_cope,0.7761949005226294,Field,#79A8C9,3,Classical tabular
catboost_multirmse,CatBoost,field_holdout_sanity,er_ncln,0.5690391508862376,Field,#79A8C9,3,Classical tabular
catboost_multirmse,CatBoost,field_holdout_sanity,er_sec61b,0.7740173501272996,Field,#79A8C9,3,Classical tabular
catboost_multirmse,CatBoost,field_holdout_sanity,f-actin_phalloidin,0.6591381684773497,Field,#79A8C9,3,Classical tabular
catboost_multirmse,CatBoost,field_holdout_sanity,fe2+_ferhonox_live-cell_dye,0.8721577785909176,Field,#79A8C9,3,Classical tabular
catboost_multirmse,CatBoost,field_holdout_sanity,late_endosome_rab7a,0.8833263578514258,Field,#79A8C9,3,Classical tabular
catboost_multirmse,CatBoost,field_holdout_sanity,lipid_droplet_bodipy_live_cell_dye,0.879934528718392,Field,#79A8C9,3,Classical tabular
catboost_multirmse,CatBoost,field_holdout_sanity,lipid_droplet_plin2,0.6778489895164966,Field,#79A8C9,3,Classical tabular
catboost_multirmse,CatBoost,field_holdout_sanity,lysosome_lamp1,0.6981220190723737,Field,#79A8C9,3,Classical tabular
catboost_multirmse,CatBoost,field_holdout_sanity,lysosome_lysotracker_live-cell_dye,0.899855535229047,Field,#79A8C9,3,Classical tabular
catboost_multirmse,CatBoost,field_holdout_sanity,microtubules_map4,0.7571908170978229,Field,#79A8C9,3,Classical tabular
catboost_multirmse,CatBoost,field_holdout_sanity,microtubules_tubulin,0.6396785371419457,Field,#79A8C9,3,Classical tabular
catboost_multirmse,CatBoost,field_holdout_sanity,mitochondria_chromalive_561_excitation,0.7217845318218072,Field,#79A8C9,3,Classical tabular
catboost_multirmse,CatBoost,field_holdout_sanity,mitochondria_tomm20,0.5948827183908887,Field,#79A8C9,3,Classical tabular
catboost_multirmse,CatBoost,field_holdout_sanity,mitochondria_tomm70a,0.6743015977243582,Field,#79A8C9,3,Classical tabular
catboost_multirmse,CatBoost,field_holdout_sanity,nuclear_speckles_srrm2,0.7853765000899633,Field,#79A8C9,3,Classical tabular
catboost_multirmse,CatBoost,field_holdout_sanity,nuclei_hoechst,0.6969789624214172,Field,#79A8C9,3,Classical tabular
catboost_multirmse,CatBoost,field_holdout_sanity,nuclei_nucleolive_live_cell_dye,0.6653880080829064,Field,#79A8C9,3,Classical tabular
catboost_multirmse,CatBoost,field_holdout_sanity,nucleoli_npm1,0.4817060504522589,Field,#79A8C9,3,Classical tabular
catboost_multirmse,CatBoost,field_holdout_sanity,nucleolus-dfc_fbl,0.7107980934282143,Field,#79A8C9,3,Classical tabular
catboost_multirmse,CatBoost,field_holdout_sanity,nucleolus-gc_npm3,0.7437325132389864,Field,#79A8C9,3,Classical tabular
catboost_multirmse,CatBoost,field_holdout_sanity,oxidative_stress_cellrox_live-cell_dye,0.619410811861356,Field,#79A8C9,3,Classical tabular
catboost_multirmse,CatBoost,field_holdout_sanity,p21,0.5067815152804056,Field,#79A8C9,3,Classical tabular
catboost_multirmse,CatBoost,field_holdout_sanity,p53,0.44673894605288905,Field,#79A8C9,3,Classical tabular
catboost_multirmse,CatBoost,field_holdout_sanity,peroxisome_peroxi_spy650_live_cell_dye,0.7676395252346992,Field,#79A8C9,3,Classical tabular
catboost_multirmse,CatBoost,field_holdout_sanity,plasma_membrane_atp1b3,0.656593977039059,Field,#79A8C9,3,Classical tabular
catboost_multirmse,CatBoost,field_holdout_sanity,plasma_membrane_slc3a2,0.8836989338199297,Field,#79A8C9,3,Classical tabular
catboost_multirmse,CatBoost,field_holdout_sanity,plasma_membrane_wga,0.6709137878484196,Field,#79A8C9,3,Classical tabular
catboost_multirmse,CatBoost,field_holdout_sanity,prb,0.4223143929739793,Field,#79A8C9,3,Classical tabular
catboost_multirmse,CatBoost,field_holdout_sanity,proteasome_psmb7,0.5071096620211999,Field,#79A8C9,3,Classical tabular
catboost_multirmse,CatBoost,field_holdout_sanity,ps6,0.5570375604213526,Field,#79A8C9,3,Classical tabular
catboost_multirmse,CatBoost,field_holdout_sanity,recycling_endosome_tfrc,0.8196666985750198,Field,#79A8C9,3,Classical tabular
catboost_multirmse,CatBoost,field_holdout_sanity,stress_granule_g3bp1,0.9005004465579987,Field,#79A8C9,3,Classical tabular
catboost_multirmse,CatBoost,field_holdout_sanity,trans-golgi_vamp3,0.631146337216099,Field,#79A8C9,3,Classical tabular
catboost_multirmse,CatBoost,gene_holdout_main,5xupre,0.7433959648013115,Gene,#79A8C9,3,Classical tabular
catboost_multirmse,CatBoost,gene_holdout_main,actin_filament_fastact_spy555_live_cell_dye,0.9089513582487901,Gene,#79A8C9,3,Classical tabular
catboost_multirmse,CatBoost,gene_holdout_main,autophagosome_atg101,0.7041879372050365,Gene,#79A8C9,3,Classical tabular
catboost_multirmse,CatBoost,gene_holdout_main,autophagosome_map1lc3b,0.8951330972214541,Gene,#79A8C9,3,Classical tabular
catboost_multirmse,CatBoost,gene_holdout_main,b-catenin,0.5613137228786945,Gene,#79A8C9,3,Classical tabular
catboost_multirmse,CatBoost,gene_holdout_main,c-myc,0.5588747488458952,Gene,#79A8C9,3,Classical tabular
catboost_multirmse,CatBoost,gene_holdout_main,caspase_activity_cellevent-caspase_live-cell_dye,0.5931642334306767,Gene,#79A8C9,3,Classical tabular
catboost_multirmse,CatBoost,gene_holdout_main,cell_proliferation_marker_mki67,0.6914825342595577,Gene,#79A8C9,3,Classical tabular
catboost_multirmse,CatBoost,gene_holdout_main,chaperones_hspa1b,0.8219408864776293,Gene,#79A8C9,3,Classical tabular
catboost_multirmse,CatBoost,gene_holdout_main,chromalive_488_excitation,0.7352123362322649,Gene,#79A8C9,3,Classical tabular
catboost_multirmse,CatBoost,gene_holdout_main,chromatin_h2bc21,0.754556168615818,Gene,#79A8C9,3,Classical tabular
catboost_multirmse,CatBoost,gene_holdout_main,clathrin_vesicles_clta,0.9050473429262638,Gene,#79A8C9,3,Classical tabular
catboost_multirmse,CatBoost,gene_holdout_main,early_endosome_eea1,0.9213477820158005,Gene,#79A8C9,3,Classical tabular
catboost_multirmse,CatBoost,gene_holdout_main,endocytic_vesicle_ph_phrodo-dextran_live_cell_dye,0.7465382352471351,Gene,#79A8C9,3,Classical tabular
catboost_multirmse,CatBoost,gene_holdout_main,endosome_vps35,0.8167662858963013,Gene,#79A8C9,3,Classical tabular
catboost_multirmse,CatBoost,gene_holdout_main,er_cona,0.7044975499312083,Gene,#79A8C9,3,Classical tabular
catboost_multirmse,CatBoost,gene_holdout_main,er_golgi_bridge_vapa,0.8051802605390549,Gene,#79A8C9,3,Classical tabular
catboost_multirmse,CatBoost,gene_holdout_main,er_golgi_cop-ii_sec23a,0.9238661025961241,Gene,#79A8C9,3,Classical tabular
catboost_multirmse,CatBoost,gene_holdout_main,er_golgi_cope,0.8248018515606722,Gene,#79A8C9,3,Classical tabular
catboost_multirmse,CatBoost,gene_holdout_main,er_ncln,0.657123943294088,Gene,#79A8C9,3,Classical tabular
catboost_multirmse,CatBoost,gene_holdout_main,er_sec61b,0.8013500787317753,Gene,#79A8C9,3,Classical tabular
catboost_multirmse,CatBoost,gene_holdout_main,f-actin_phalloidin,0.7380212187767029,Gene,#79A8C9,3,Classical tabular
catboost_multirmse,CatBoost,gene_holdout_main,fe2+_ferhonox_live-cell_dye,0.9037910985449951,Gene,#79A8C9,3,Classical tabular
catboost_multirmse,CatBoost,gene_holdout_main,late_endosome_rab7a,0.9115305915474892,Gene,#79A8C9,3,Classical tabular
catboost_multirmse,CatBoost,gene_holdout_main,lipid_droplet_bodipy_live_cell_dye,0.9133095048367977,Gene,#79A8C9,3,Classical tabular
catboost_multirmse,CatBoost,gene_holdout_main,lipid_droplet_plin2,0.7035802006721497,Gene,#79A8C9,3,Classical tabular
catboost_multirmse,CatBoost,gene_holdout_main,lysosome_lamp1,0.7343881219625473,Gene,#79A8C9,3,Classical tabular
catboost_multirmse,CatBoost,gene_holdout_main,lysosome_lysotracker_live-cell_dye,0.9270110649367174,Gene,#79A8C9,3,Classical tabular
catboost_multirmse,CatBoost,gene_holdout_main,microtubules_map4,0.8164603213469187,Gene,#79A8C9,3,Classical tabular
catboost_multirmse,CatBoost,gene_holdout_main,microtubules_tubulin,0.7189405300550991,Gene,#79A8C9,3,Classical tabular
catboost_multirmse,CatBoost,gene_holdout_main,mitochondria_chromalive_561_excitation,0.7941682619353135,Gene,#79A8C9,3,Classical tabular
catboost_multirmse,CatBoost,gene_holdout_main,mitochondria_tomm20,0.6810985234669513,Gene,#79A8C9,3,Classical tabular
catboost_multirmse,CatBoost,gene_holdout_main,mitochondria_tomm70a,0.7388504502673944,Gene,#79A8C9,3,Classical tabular
catboost_multirmse,CatBoost,gene_holdout_main,nuclear_speckles_srrm2,0.8425740500291189,Gene,#79A8C9,3,Classical tabular
catboost_multirmse,CatBoost,gene_holdout_main,nuclei_hoechst,0.7305000052849452,Gene,#79A8C9,3,Classical tabular
catboost_multirmse,CatBoost,gene_holdout_main,nuclei_nucleolive_live_cell_dye,0.7674810943504174,Gene,#79A8C9,3,Classical tabular
catboost_multirmse,CatBoost,gene_holdout_main,nucleoli_npm1,0.5380945293853681,Gene,#79A8C9,3,Classical tabular
catboost_multirmse,CatBoost,gene_holdout_main,nucleolus-dfc_fbl,0.7747146368026734,Gene,#79A8C9,3,Classical tabular
catboost_multirmse,CatBoost,gene_holdout_main,nucleolus-gc_npm3,0.8218879476189613,Gene,#79A8C9,3,Classical tabular
catboost_multirmse,CatBoost,gene_holdout_main,oxidative_stress_cellrox_live-cell_dye,0.6566238723695278,Gene,#79A8C9,3,Classical tabular
catboost_multirmse,CatBoost,gene_holdout_main,p21,0.6118269871671995,Gene,#79A8C9,3,Classical tabular
catboost_multirmse,CatBoost,gene_holdout_main,p53,0.568398470679919,Gene,#79A8C9,3,Classical tabular
catboost_multirmse,CatBoost,gene_holdout_main,peroxisome_peroxi_spy650_live_cell_dye,0.8059369325637817,Gene,#79A8C9,3,Classical tabular
catboost_multirmse,CatBoost,gene_holdout_main,plasma_membrane_atp1b3,0.746005596841375,Gene,#79A8C9,3,Classical tabular
catboost_multirmse,CatBoost,gene_holdout_main,plasma_membrane_slc3a2,0.9070433348417282,Gene,#79A8C9,3,Classical tabular
catboost_multirmse,CatBoost,gene_holdout_main,plasma_membrane_wga,0.7415715503195922,Gene,#79A8C9,3,Classical tabular
catboost_multirmse,CatBoost,gene_holdout_main,prb,0.3815437397795419,Gene,#79A8C9,3,Classical tabular
catboost_multirmse,CatBoost,gene_holdout_main,proteasome_psmb7,0.5862716905772686,Gene,#79A8C9,3,Classical tabular
catboost_multirmse,CatBoost,gene_holdout_main,ps6,0.5795688781390588,Gene,#79A8C9,3,Classical tabular
catboost_multirmse,CatBoost,gene_holdout_main,recycling_endosome_tfrc,0.8635893871386846,Gene,#79A8C9,3,Classical tabular
catboost_multirmse,CatBoost,gene_holdout_main,stress_granule_g3bp1,0.9265704517563185,Gene,#79A8C9,3,Classical tabular
catboost_multirmse,CatBoost,gene_holdout_main,trans-golgi_vamp3,0.6645764030516148,Gene,#79A8C9,3,Classical tabular
catboost_multirmse,CatBoost,strict_whole_screen,5xupre,0.7497572854161262,Whole-screen,#79A8C9,3,Classical tabular
catboost_multirmse,CatBoost,strict_whole_screen,actin_filament_fastact_spy555_live_cell_dye,0.8876848352452118,Whole-screen,#79A8C9,3,Classical tabular
catboost_multirmse,CatBoost,strict_whole_screen,autophagosome_atg101,0.7046417320768038,Whole-screen,#79A8C9,3,Classical tabular
catboost_multirmse,CatBoost,strict_whole_screen,autophagosome_map1lc3b,0.6933489768093244,Whole-screen,#79A8C9,3,Classical tabular
catboost_multirmse,CatBoost,strict_whole_screen,caspase_activity_cellevent-caspase_live-cell_dye,0.5588302041093509,Whole-screen,#79A8C9,3,Classical tabular
catboost_multirmse,CatBoost,strict_whole_screen,cell_proliferation_marker_mki67,0.5709485653787851,Whole-screen,#79A8C9,3,Classical tabular
catboost_multirmse,CatBoost,strict_whole_screen,chaperones_hspa1b,0.76843284505109,Whole-screen,#79A8C9,3,Classical tabular
catboost_multirmse,CatBoost,strict_whole_screen,chromalive_488_excitation,0.6795905418694019,Whole-screen,#79A8C9,3,Classical tabular
catboost_multirmse,CatBoost,strict_whole_screen,chromatin_h2bc21,0.7213396442433199,Whole-screen,#79A8C9,3,Classical tabular
catboost_multirmse,CatBoost,strict_whole_screen,clathrin_vesicles_clta,0.9008204663793247,Whole-screen,#79A8C9,3,Classical tabular
catboost_multirmse,CatBoost,strict_whole_screen,endocytic_vesicle_ph_phrodo-dextran_live_cell_dye,0.2907377466326579,Whole-screen,#79A8C9,3,Classical tabular
catboost_multirmse,CatBoost,strict_whole_screen,endosome_vps35,0.7562186152984699,Whole-screen,#79A8C9,3,Classical tabular
catboost_multirmse,CatBoost,strict_whole_screen,er_golgi_bridge_vapa,0.8033495613684257,Whole-screen,#79A8C9,3,Classical tabular
catboost_multirmse,CatBoost,strict_whole_screen,er_golgi_cope,0.42042891910144436,Whole-screen,#79A8C9,3,Classical tabular
catboost_multirmse,CatBoost,strict_whole_screen,er_sec61b,0.8539445100145208,Whole-screen,#79A8C9,3,Classical tabular
catboost_multirmse,CatBoost,strict_whole_screen,fe2+_ferhonox_live-cell_dye,0.23999114138617483,Whole-screen,#79A8C9,3,Classical tabular
catboost_multirmse,CatBoost,strict_whole_screen,late_endosome_rab7a,0.8952030936876932,Whole-screen,#79A8C9,3,Classical tabular
catboost_multirmse,CatBoost,strict_whole_screen,lipid_droplet_bodipy_live_cell_dye,0.9093958487113316,Whole-screen,#79A8C9,3,Classical tabular
catboost_multirmse,CatBoost,strict_whole_screen,lipid_droplet_plin2,0.23858958960045124,Whole-screen,#79A8C9,3,Classical tabular
catboost_multirmse,CatBoost,strict_whole_screen,lysosome_lamp1,0.7445170823484659,Whole-screen,#79A8C9,3,Classical tabular
catboost_multirmse,CatBoost,strict_whole_screen,lysosome_lysotracker_live-cell_dye,0.9157801270484924,Whole-screen,#79A8C9,3,Classical tabular
catboost_multirmse,CatBoost,strict_whole_screen,mitochondria_chromalive_561_excitation,0.6524846114528676,Whole-screen,#79A8C9,3,Classical tabular
catboost_multirmse,CatBoost,strict_whole_screen,mitochondria_tomm70a,0.6026828357717022,Whole-screen,#79A8C9,3,Classical tabular
catboost_multirmse,CatBoost,strict_whole_screen,nuclear_speckles_srrm2,0.6260836351818094,Whole-screen,#79A8C9,3,Classical tabular
catboost_multirmse,CatBoost,strict_whole_screen,nuclei_nucleolive_live_cell_dye,0.43044126679887995,Whole-screen,#79A8C9,3,Classical tabular
catboost_multirmse,CatBoost,strict_whole_screen,nucleolus-dfc_fbl,0.433868608243453,Whole-screen,#79A8C9,3,Classical tabular
catboost_multirmse,CatBoost,strict_whole_screen,nucleolus-gc_npm3,0.7225165479661276,Whole-screen,#79A8C9,3,Classical tabular
catboost_multirmse,CatBoost,strict_whole_screen,oxidative_stress_cellrox_live-cell_dye,0.4701953146662466,Whole-screen,#79A8C9,3,Classical tabular
catboost_multirmse,CatBoost,strict_whole_screen,peroxisome_peroxi_spy650_live_cell_dye,0.638652223162353,Whole-screen,#79A8C9,3,Classical tabular
catboost_multirmse,CatBoost,strict_whole_screen,plasma_membrane_atp1b3,0.7460156111046672,Whole-screen,#79A8C9,3,Classical tabular
catboost_multirmse,CatBoost,strict_whole_screen,plasma_membrane_slc3a2,0.9142292415102323,Whole-screen,#79A8C9,3,Classical tabular
catboost_multirmse,CatBoost,strict_whole_screen,proteasome_psmb7,0.5620637031582494,Whole-screen,#79A8C9,3,Classical tabular
catboost_multirmse,CatBoost,strict_whole_screen,recycling_endosome_tfrc,0.842374083896478,Whole-screen,#79A8C9,3,Classical tabular
catboost_multirmse,CatBoost,strict_whole_screen,trans-golgi_vamp3,0.567328129739811,Whole-screen,#79A8C9,3,Classical tabular
gbdt,GBDT,field_holdout_sanity,5xupre,0.7057905831933022,Field,#5E88AD,2,Classical tabular
gbdt,GBDT,field_holdout_sanity,actin_filament_fastact_spy555_live_cell_dye,0.8969535378118356,Field,#5E88AD,2,Classical tabular
gbdt,GBDT,field_holdout_sanity,autophagosome_atg101,0.6450089909136295,Field,#5E88AD,2,Classical tabular
gbdt,GBDT,field_holdout_sanity,autophagosome_map1lc3b,0.8538971319794655,Field,#5E88AD,2,Classical tabular
gbdt,GBDT,field_holdout_sanity,b-catenin,0.5159841464568551,Field,#5E88AD,2,Classical tabular
gbdt,GBDT,field_holdout_sanity,c-myc,0.4953993937124809,Field,#5E88AD,2,Classical tabular
gbdt,GBDT,field_holdout_sanity,caspase_activity_cellevent-caspase_live-cell_dye,0.5409610010062655,Field,#5E88AD,2,Classical tabular
gbdt,GBDT,field_holdout_sanity,cell_proliferation_marker_mki67,0.6463810717066129,Field,#5E88AD,2,Classical tabular
gbdt,GBDT,field_holdout_sanity,chaperones_hspa1b,0.7829279181857904,Field,#5E88AD,2,Classical tabular
gbdt,GBDT,field_holdout_sanity,chromalive_488_excitation,0.7019103842477004,Field,#5E88AD,2,Classical tabular
gbdt,GBDT,field_holdout_sanity,chromatin_h2bc21,0.6966627066334088,Field,#5E88AD,2,Classical tabular
gbdt,GBDT,field_holdout_sanity,clathrin_vesicles_clta,0.8842226018508276,Field,#5E88AD,2,Classical tabular
gbdt,GBDT,field_holdout_sanity,early_endosome_eea1,0.883880434681972,Field,#5E88AD,2,Classical tabular
gbdt,GBDT,field_holdout_sanity,endocytic_vesicle_ph_phrodo-dextran_live_cell_dye,0.6958121319611867,Field,#5E88AD,2,Classical tabular
gbdt,GBDT,field_holdout_sanity,endosome_vps35,0.800109296043714,Field,#5E88AD,2,Classical tabular
gbdt,GBDT,field_holdout_sanity,er_cona,0.6271987186123927,Field,#5E88AD,2,Classical tabular
gbdt,GBDT,field_holdout_sanity,er_golgi_bridge_vapa,0.7775045024851958,Field,#5E88AD,2,Classical tabular
gbdt,GBDT,field_holdout_sanity,er_golgi_cop-ii_sec23a,0.8967339366674423,Field,#5E88AD,2,Classical tabular
gbdt,GBDT,field_holdout_sanity,er_golgi_cope,0.7864139581720034,Field,#5E88AD,2,Classical tabular
gbdt,GBDT,field_holdout_sanity,er_ncln,0.5756356120109558,Field,#5E88AD,2,Classical tabular
gbdt,GBDT,field_holdout_sanity,er_sec61b,0.7836642424265543,Field,#5E88AD,2,Classical tabular
gbdt,GBDT,field_holdout_sanity,f-actin_phalloidin,0.6663854912751251,Field,#5E88AD,2,Classical tabular
gbdt,GBDT,field_holdout_sanity,fe2+_ferhonox_live-cell_dye,0.8927026237050691,Field,#5E88AD,2,Classical tabular
gbdt,GBDT,field_holdout_sanity,late_endosome_rab7a,0.8970698182781538,Field,#5E88AD,2,Classical tabular
gbdt,GBDT,field_holdout_sanity,lipid_droplet_bodipy_live_cell_dye,0.8952631818751493,Field,#5E88AD,2,Classical tabular
gbdt,GBDT,field_holdout_sanity,lipid_droplet_plin2,0.686861072232326,Field,#5E88AD,2,Classical tabular
gbdt,GBDT,field_holdout_sanity,lysosome_lamp1,0.7135300246377787,Field,#5E88AD,2,Classical tabular
gbdt,GBDT,field_holdout_sanity,lysosome_lysotracker_live-cell_dye,0.9114537147184214,Field,#5E88AD,2,Classical tabular
gbdt,GBDT,field_holdout_sanity,microtubules_map4,0.7617694658537706,Field,#5E88AD,2,Classical tabular
gbdt,GBDT,field_holdout_sanity,microtubules_tubulin,0.6461614268107547,Field,#5E88AD,2,Classical tabular
gbdt,GBDT,field_holdout_sanity,mitochondria_chromalive_561_excitation,0.744818773617347,Field,#5E88AD,2,Classical tabular
gbdt,GBDT,field_holdout_sanity,mitochondria_tomm20,0.6013984638369745,Field,#5E88AD,2,Classical tabular
gbdt,GBDT,field_holdout_sanity,mitochondria_tomm70a,0.6878961955507596,Field,#5E88AD,2,Classical tabular
gbdt,GBDT,field_holdout_sanity,nuclear_speckles_srrm2,0.8137195197244486,Field,#5E88AD,2,Classical tabular
gbdt,GBDT,field_holdout_sanity,nuclei_hoechst,0.7124817887941995,Field,#5E88AD,2,Classical tabular
gbdt,GBDT,field_holdout_sanity,nuclei_nucleolive_live_cell_dye,0.7110696063687405,Field,#5E88AD,2,Classical tabular
gbdt,GBDT,field_holdout_sanity,nucleoli_npm1,0.48460952937602997,Field,#5E88AD,2,Classical tabular
gbdt,GBDT,field_holdout_sanity,nucleolus-dfc_fbl,0.7333281591534615,Field,#5E88AD,2,Classical tabular
gbdt,GBDT,field_holdout_sanity,nucleolus-gc_npm3,0.761000158637762,Field,#5E88AD,2,Classical tabular
gbdt,GBDT,field_holdout_sanity,oxidative_stress_cellrox_live-cell_dye,0.6327408801764249,Field,#5E88AD,2,Classical tabular
gbdt,GBDT,field_holdout_sanity,p21,0.49787522941827766,Field,#5E88AD,2,Classical tabular
gbdt,GBDT,field_holdout_sanity,p53,0.4173744279394547,Field,#5E88AD,2,Classical tabular
gbdt,GBDT,field_holdout_sanity,peroxisome_peroxi_spy650_live_cell_dye,0.7812990466753641,Field,#5E88AD,2,Classical tabular
gbdt,GBDT,field_holdout_sanity,plasma_membrane_atp1b3,0.6679341783126196,Field,#5E88AD,2,Classical tabular
gbdt,GBDT,field_holdout_sanity,plasma_membrane_slc3a2,0.8896461655696232,Field,#5E88AD,2,Classical tabular
gbdt,GBDT,field_holdout_sanity,plasma_membrane_wga,0.6769811011022991,Field,#5E88AD,2,Classical tabular
gbdt,GBDT,field_holdout_sanity,prb,0.41028111722165095,Field,#5E88AD,2,Classical tabular
gbdt,GBDT,field_holdout_sanity,proteasome_psmb7,0.5217425005200009,Field,#5E88AD,2,Classical tabular
gbdt,GBDT,field_holdout_sanity,ps6,0.5452416213136166,Field,#5E88AD,2,Classical tabular
gbdt,GBDT,field_holdout_sanity,recycling_endosome_tfrc,0.837463054805994,Field,#5E88AD,2,Classical tabular
gbdt,GBDT,field_holdout_sanity,stress_granule_g3bp1,0.9084457099437714,Field,#5E88AD,2,Classical tabular
gbdt,GBDT,field_holdout_sanity,trans-golgi_vamp3,0.6454792318244775,Field,#5E88AD,2,Classical tabular
gbdt,GBDT,gene_holdout_main,5xupre,0.7477423223853111,Gene,#5E88AD,2,Classical tabular
gbdt,GBDT,gene_holdout_main,actin_filament_fastact_spy555_live_cell_dye,0.9224854697783786,Gene,#5E88AD,2,Classical tabular
gbdt,GBDT,gene_holdout_main,autophagosome_atg101,0.7116441092143455,Gene,#5E88AD,2,Classical tabular
gbdt,GBDT,gene_holdout_main,autophagosome_map1lc3b,0.9054478665192921,Gene,#5E88AD,2,Classical tabular
gbdt,GBDT,gene_holdout_main,b-catenin,0.5492394132943204,Gene,#5E88AD,2,Classical tabular
gbdt,GBDT,gene_holdout_main,c-myc,0.5410512558122476,Gene,#5E88AD,2,Classical tabular
gbdt,GBDT,gene_holdout_main,caspase_activity_cellevent-caspase_live-cell_dye,0.5907368256089589,Gene,#5E88AD,2,Classical tabular
gbdt,GBDT,gene_holdout_main,cell_proliferation_marker_mki67,0.707495278865099,Gene,#5E88AD,2,Classical tabular
gbdt,GBDT,gene_holdout_main,chaperones_hspa1b,0.8329041269918284,Gene,#5E88AD,2,Classical tabular
gbdt,GBDT,gene_holdout_main,chromalive_488_excitation,0.7687605676551661,Gene,#5E88AD,2,Classical tabular
gbdt,GBDT,gene_holdout_main,chromatin_h2bc21,0.7755406630535921,Gene,#5E88AD,2,Classical tabular
gbdt,GBDT,gene_holdout_main,clathrin_vesicles_clta,0.917240047454834,Gene,#5E88AD,2,Classical tabular
gbdt,GBDT,gene_holdout_main,early_endosome_eea1,0.9260197987159093,Gene,#5E88AD,2,Classical tabular
gbdt,GBDT,gene_holdout_main,endocytic_vesicle_ph_phrodo-dextran_live_cell_dye,0.7625339947640896,Gene,#5E88AD,2,Classical tabular
gbdt,GBDT,gene_holdout_main,endosome_vps35,0.8337326812247434,Gene,#5E88AD,2,Classical tabular
gbdt,GBDT,gene_holdout_main,er_cona,0.7087401295287742,Gene,#5E88AD,2,Classical tabular
gbdt,GBDT,gene_holdout_main,er_golgi_bridge_vapa,0.8153327281276385,Gene,#5E88AD,2,Classical tabular
gbdt,GBDT,gene_holdout_main,er_golgi_cop-ii_sec23a,0.9341115867098171,Gene,#5E88AD,2,Classical tabular
gbdt,GBDT,gene_holdout_main,er_golgi_cope,0.8324196293950081,Gene,#5E88AD,2,Classical tabular
gbdt,GBDT,gene_holdout_main,er_ncln,0.6605212616423766,Gene,#5E88AD,2,Classical tabular
gbdt,GBDT,gene_holdout_main,er_sec61b,0.810712077965339,Gene,#5E88AD,2,Classical tabular
gbdt,GBDT,gene_holdout_main,f-actin_phalloidin,0.7459227811959055,Gene,#5E88AD,2,Classical tabular
gbdt,GBDT,gene_holdout_main,fe2+_ferhonox_live-cell_dye,0.9250634253025055,Gene,#5E88AD,2,Classical tabular
gbdt,GBDT,gene_holdout_main,late_endosome_rab7a,0.9217804218331974,Gene,#5E88AD,2,Classical tabular
gbdt,GBDT,gene_holdout_main,lipid_droplet_bodipy_live_cell_dye,0.9251790242890516,Gene,#5E88AD,2,Classical tabular
gbdt,GBDT,gene_holdout_main,lipid_droplet_plin2,0.709628796329101,Gene,#5E88AD,2,Classical tabular
gbdt,GBDT,gene_holdout_main,lysosome_lamp1,0.747084822009007,Gene,#5E88AD,2,Classical tabular
gbdt,GBDT,gene_holdout_main,lysosome_lysotracker_live-cell_dye,0.9372928413252035,Gene,#5E88AD,2,Classical tabular
gbdt,GBDT,gene_holdout_main,microtubules_map4,0.8213831742604574,Gene,#5E88AD,2,Classical tabular
gbdt,GBDT,gene_holdout_main,microtubules_tubulin,0.7248191306160556,Gene,#5E88AD,2,Classical tabular
gbdt,GBDT,gene_holdout_main,mitochondria_chromalive_561_excitation,0.8138418659567833,Gene,#5E88AD,2,Classical tabular
gbdt,GBDT,gene_holdout_main,mitochondria_tomm20,0.6866060578160816,Gene,#5E88AD,2,Classical tabular
gbdt,GBDT,gene_holdout_main,mitochondria_tomm70a,0.7518602746228378,Gene,#5E88AD,2,Classical tabular
gbdt,GBDT,gene_holdout_main,nuclear_speckles_srrm2,0.8695684353510538,Gene,#5E88AD,2,Classical tabular
gbdt,GBDT,gene_holdout_main,nuclei_hoechst,0.7485501635074615,Gene,#5E88AD,2,Classical tabular
gbdt,GBDT,gene_holdout_main,nuclei_nucleolive_live_cell_dye,0.8173412896692753,Gene,#5E88AD,2,Classical tabular
gbdt,GBDT,gene_holdout_main,nucleoli_npm1,0.5447854228731659,Gene,#5E88AD,2,Classical tabular
gbdt,GBDT,gene_holdout_main,nucleolus-dfc_fbl,0.7994497125347456,Gene,#5E88AD,2,Classical tabular
gbdt,GBDT,gene_holdout_main,nucleolus-gc_npm3,0.8377563272913298,Gene,#5E88AD,2,Classical tabular
gbdt,GBDT,gene_holdout_main,oxidative_stress_cellrox_live-cell_dye,0.6698093591878812,Gene,#5E88AD,2,Classical tabular
gbdt,GBDT,gene_holdout_main,p21,0.6019751944144567,Gene,#5E88AD,2,Classical tabular
gbdt,GBDT,gene_holdout_main,p53,0.5449405436466137,Gene,#5E88AD,2,Classical tabular
gbdt,GBDT,gene_holdout_main,peroxisome_peroxi_spy650_live_cell_dye,0.8212579548358917,Gene,#5E88AD,2,Classical tabular
gbdt,GBDT,gene_holdout_main,plasma_membrane_atp1b3,0.7548147349307934,Gene,#5E88AD,2,Classical tabular
gbdt,GBDT,gene_holdout_main,plasma_membrane_slc3a2,0.9123686482508978,Gene,#5E88AD,2,Classical tabular
gbdt,GBDT,gene_holdout_main,plasma_membrane_wga,0.749009322706196,Gene,#5E88AD,2,Classical tabular
gbdt,GBDT,gene_holdout_main,prb,0.37495205049713454,Gene,#5E88AD,2,Classical tabular
gbdt,GBDT,gene_holdout_main,proteasome_psmb7,0.6024131337956835,Gene,#5E88AD,2,Classical tabular
gbdt,GBDT,gene_holdout_main,ps6,0.5668885507283267,Gene,#5E88AD,2,Classical tabular
gbdt,GBDT,gene_holdout_main,recycling_endosome_tfrc,0.8829204919437567,Gene,#5E88AD,2,Classical tabular
gbdt,GBDT,gene_holdout_main,stress_granule_g3bp1,0.9337808261315029,Gene,#5E88AD,2,Classical tabular
gbdt,GBDT,gene_holdout_main,trans-golgi_vamp3,0.6844843623538812,Gene,#5E88AD,2,Classical tabular
gbdt,GBDT,strict_whole_screen,5xupre,0.7571954071521759,Whole-screen,#5E88AD,2,Classical tabular
gbdt,GBDT,strict_whole_screen,actin_filament_fastact_spy555_live_cell_dye,0.8995890090862909,Whole-screen,#5E88AD,2,Classical tabular
gbdt,GBDT,strict_whole_screen,autophagosome_atg101,0.7077442146837711,Whole-screen,#5E88AD,2,Classical tabular
gbdt,GBDT,strict_whole_screen,autophagosome_map1lc3b,0.7088016720695629,Whole-screen,#5E88AD,2,Classical tabular
gbdt,GBDT,strict_whole_screen,caspase_activity_cellevent-caspase_live-cell_dye,0.5568220000714064,Whole-screen,#5E88AD,2,Classical tabular
gbdt,GBDT,strict_whole_screen,cell_proliferation_marker_mki67,0.5494745097433527,Whole-screen,#5E88AD,2,Classical tabular
gbdt,GBDT,strict_whole_screen,chaperones_hspa1b,0.7651874894897144,Whole-screen,#5E88AD,2,Classical tabular
gbdt,GBDT,strict_whole_screen,chromalive_488_excitation,0.6694120975832145,Whole-screen,#5E88AD,2,Classical tabular
gbdt,GBDT,strict_whole_screen,chromatin_h2bc21,0.7031358939905961,Whole-screen,#5E88AD,2,Classical tabular
gbdt,GBDT,strict_whole_screen,clathrin_vesicles_clta,0.9102079930404822,Whole-screen,#5E88AD,2,Classical tabular
gbdt,GBDT,strict_whole_screen,endocytic_vesicle_ph_phrodo-dextran_live_cell_dye,0.3250345992273651,Whole-screen,#5E88AD,2,Classical tabular
gbdt,GBDT,strict_whole_screen,endosome_vps35,0.759908778903385,Whole-screen,#5E88AD,2,Classical tabular
gbdt,GBDT,strict_whole_screen,er_golgi_bridge_vapa,0.8089846645792325,Whole-screen,#5E88AD,2,Classical tabular
gbdt,GBDT,strict_whole_screen,er_golgi_cope,0.4445788102069248,Whole-screen,#5E88AD,2,Classical tabular
gbdt,GBDT,strict_whole_screen,er_sec61b,0.8614312834623786,Whole-screen,#5E88AD,2,Classical tabular
gbdt,GBDT,strict_whole_screen,fe2+_ferhonox_live-cell_dye,0.1512613807766077,Whole-screen,#5E88AD,2,Classical tabular
gbdt,GBDT,strict_whole_screen,late_endosome_rab7a,0.906074741234382,Whole-screen,#5E88AD,2,Classical tabular
gbdt,GBDT,strict_whole_screen,lipid_droplet_bodipy_live_cell_dye,0.922113452727596,Whole-screen,#5E88AD,2,Classical tabular
gbdt,GBDT,strict_whole_screen,lipid_droplet_plin2,0.28615885179412237,Whole-screen,#5E88AD,2,Classical tabular
gbdt,GBDT,strict_whole_screen,lysosome_lamp1,0.7566837401439745,Whole-screen,#5E88AD,2,Classical tabular
gbdt,GBDT,strict_whole_screen,lysosome_lysotracker_live-cell_dye,0.9255378602279557,Whole-screen,#5E88AD,2,Classical tabular
gbdt,GBDT,strict_whole_screen,mitochondria_chromalive_561_excitation,0.5817951884431144,Whole-screen,#5E88AD,2,Classical tabular
gbdt,GBDT,strict_whole_screen,mitochondria_tomm70a,0.5870591699689005,Whole-screen,#5E88AD,2,Classical tabular
gbdt,GBDT,strict_whole_screen,nuclear_speckles_srrm2,0.6111321061616763,Whole-screen,#5E88AD,2,Classical tabular
gbdt,GBDT,strict_whole_screen,nuclei_nucleolive_live_cell_dye,0.42954695389683667,Whole-screen,#5E88AD,2,Classical tabular
gbdt,GBDT,strict_whole_screen,nucleolus-dfc_fbl,0.4584457927849144,Whole-screen,#5E88AD,2,Classical tabular
gbdt,GBDT,strict_whole_screen,nucleolus-gc_npm3,0.7063579236467679,Whole-screen,#5E88AD,2,Classical tabular
gbdt,GBDT,strict_whole_screen,oxidative_stress_cellrox_live-cell_dye,0.44681778451437515,Whole-screen,#5E88AD,2,Classical tabular
gbdt,GBDT,strict_whole_screen,peroxisome_peroxi_spy650_live_cell_dye,0.6191725535318255,Whole-screen,#5E88AD,2,Classical tabular
gbdt,GBDT,strict_whole_screen,plasma_membrane_atp1b3,0.7517975484952331,Whole-screen,#5E88AD,2,Classical tabular
gbdt,GBDT,strict_whole_screen,plasma_membrane_slc3a2,0.9188509869078794,Whole-screen,#5E88AD,2,Classical tabular
gbdt,GBDT,strict_whole_screen,proteasome_psmb7,0.5770143099750082,Whole-screen,#5E88AD,2,Classical tabular
gbdt,GBDT,strict_whole_screen,recycling_endosome_tfrc,0.8519598705073198,Whole-screen,#5E88AD,2,Classical tabular
gbdt,GBDT,strict_whole_screen,trans-golgi_vamp3,0.56353291682899,Whole-screen,#5E88AD,2,Classical tabular
midas_ops,MIDAS,field_holdout_sanity,5xupre,0.6488083183765412,Field,#C85A3C,9,Biological completion
midas_ops,MIDAS,field_holdout_sanity,actin_filament_fastact_spy555_live_cell_dye,0.8133007095505794,Field,#C85A3C,9,Biological completion
midas_ops,MIDAS,field_holdout_sanity,autophagosome_atg101,0.5377457750340302,Field,#C85A3C,9,Biological completion
midas_ops,MIDAS,field_holdout_sanity,autophagosome_map1lc3b,0.7461257327347994,Field,#C85A3C,9,Biological completion
midas_ops,MIDAS,field_holdout_sanity,b-catenin,0.34063097509827156,Field,#C85A3C,9,Biological completion
midas_ops,MIDAS,field_holdout_sanity,c-myc,0.3516886704228818,Field,#C85A3C,9,Biological completion
midas_ops,MIDAS,field_holdout_sanity,caspase_activity_cellevent-caspase_live-cell_dye,0.39014310635005434,Field,#C85A3C,9,Biological completion
midas_ops,MIDAS,field_holdout_sanity,cell_proliferation_marker_mki67,0.4506957962992601,Field,#C85A3C,9,Biological completion
midas_ops,MIDAS,field_holdout_sanity,chaperones_hspa1b,0.7155366636812687,Field,#C85A3C,9,Biological completion
midas_ops,MIDAS,field_holdout_sanity,chromalive_488_excitation,0.5862713705748319,Field,#C85A3C,9,Biological completion
midas_ops,MIDAS,field_holdout_sanity,chromatin_h2bc21,0.5632029063999653,Field,#C85A3C,9,Biological completion
midas_ops,MIDAS,field_holdout_sanity,clathrin_vesicles_clta,0.7711532498399417,Field,#C85A3C,9,Biological completion
midas_ops,MIDAS,field_holdout_sanity,early_endosome_eea1,0.8119231681029003,Field,#C85A3C,9,Biological completion
midas_ops,MIDAS,field_holdout_sanity,endocytic_vesicle_ph_phrodo-dextran_live_cell_dye,0.5622384830688436,Field,#C85A3C,9,Biological completion
midas_ops,MIDAS,field_holdout_sanity,endosome_vps35,0.6750217917064826,Field,#C85A3C,9,Biological completion
midas_ops,MIDAS,field_holdout_sanity,er_cona,0.556765358067221,Field,#C85A3C,9,Biological completion
midas_ops,MIDAS,field_holdout_sanity,er_golgi_bridge_vapa,0.5410902927163989,Field,#C85A3C,9,Biological completion
midas_ops,MIDAS,field_holdout_sanity,er_golgi_cop-ii_sec23a,0.8333717579642931,Field,#C85A3C,9,Biological completion
midas_ops,MIDAS,field_holdout_sanity,er_golgi_cope,0.6975050486624241,Field,#C85A3C,9,Biological completion
midas_ops,MIDAS,field_holdout_sanity,er_ncln,0.49833675716072323,Field,#C85A3C,9,Biological completion
midas_ops,MIDAS,field_holdout_sanity,er_sec61b,0.6996326851348083,Field,#C85A3C,9,Biological completion
midas_ops,MIDAS,field_holdout_sanity,f-actin_phalloidin,0.5862544919053714,Field,#C85A3C,9,Biological completion
midas_ops,MIDAS,field_holdout_sanity,fe2+_ferhonox_live-cell_dye,0.6351732952083694,Field,#C85A3C,9,Biological completion
midas_ops,MIDAS,field_holdout_sanity,late_endosome_rab7a,0.7654231565694014,Field,#C85A3C,9,Biological completion
midas_ops,MIDAS,field_holdout_sanity,lipid_droplet_bodipy_live_cell_dye,0.7572517906626065,Field,#C85A3C,9,Biological completion
midas_ops,MIDAS,field_holdout_sanity,lipid_droplet_plin2,0.5377933241426944,Field,#C85A3C,9,Biological completion
midas_ops,MIDAS,field_holdout_sanity,lysosome_lamp1,0.5738405103484789,Field,#C85A3C,9,Biological completion
midas_ops,MIDAS,field_holdout_sanity,lysosome_lysotracker_live-cell_dye,0.8305188114444414,Field,#C85A3C,9,Biological completion
midas_ops,MIDAS,field_holdout_sanity,microtubules_map4,0.6964749758442242,Field,#C85A3C,9,Biological completion
midas_ops,MIDAS,field_holdout_sanity,microtubules_tubulin,0.5687974755134848,Field,#C85A3C,9,Biological completion
midas_ops,MIDAS,field_holdout_sanity,mitochondria_chromalive_561_excitation,0.5955600416908662,Field,#C85A3C,9,Biological completion
midas_ops,MIDAS,field_holdout_sanity,mitochondria_tomm20,0.5147789636005958,Field,#C85A3C,9,Biological completion
midas_ops,MIDAS,field_holdout_sanity,mitochondria_tomm70a,0.5839466075102487,Field,#C85A3C,9,Biological completion
midas_ops,MIDAS,field_holdout_sanity,nuclear_speckles_srrm2,0.613064669817686,Field,#C85A3C,9,Biological completion
midas_ops,MIDAS,field_holdout_sanity,nuclei_hoechst,0.5373799934983253,Field,#C85A3C,9,Biological completion
midas_ops,MIDAS,field_holdout_sanity,nuclei_nucleolive_live_cell_dye,0.34683778767745627,Field,#C85A3C,9,Biological completion
midas_ops,MIDAS,field_holdout_sanity,nucleoli_npm1,0.3541434364393353,Field,#C85A3C,9,Biological completion
midas_ops,MIDAS,field_holdout_sanity,nucleolus-dfc_fbl,0.5748781324674687,Field,#C85A3C,9,Biological completion
midas_ops,MIDAS,field_holdout_sanity,nucleolus-gc_npm3,0.6384496600677569,Field,#C85A3C,9,Biological completion
midas_ops,MIDAS,field_holdout_sanity,oxidative_stress_cellrox_live-cell_dye,0.5228425340106091,Field,#C85A3C,9,Biological completion
midas_ops,MIDAS,field_holdout_sanity,p21,0.4031519917647044,Field,#C85A3C,9,Biological completion
midas_ops,MIDAS,field_holdout_sanity,p53,0.3440977485027785,Field,#C85A3C,9,Biological completion
midas_ops,MIDAS,field_holdout_sanity,peroxisome_peroxi_spy650_live_cell_dye,0.5948056112974882,Field,#C85A3C,9,Biological completion
midas_ops,MIDAS,field_holdout_sanity,plasma_membrane_atp1b3,0.5920436951642235,Field,#C85A3C,9,Biological completion
midas_ops,MIDAS,field_holdout_sanity,plasma_membrane_slc3a2,0.8492222333947816,Field,#C85A3C,9,Biological completion
midas_ops,MIDAS,field_holdout_sanity,plasma_membrane_wga,0.6020576556523641,Field,#C85A3C,9,Biological completion
midas_ops,MIDAS,field_holdout_sanity,prb,0.25396989203989506,Field,#C85A3C,9,Biological completion
midas_ops,MIDAS,field_holdout_sanity,proteasome_psmb7,0.3905017312460889,Field,#C85A3C,9,Biological completion
midas_ops,MIDAS,field_holdout_sanity,ps6,0.3783668527379632,Field,#C85A3C,9,Biological completion
midas_ops,MIDAS,field_holdout_sanity,recycling_endosome_tfrc,0.7131517102010548,Field,#C85A3C,9,Biological completion
midas_ops,MIDAS,field_holdout_sanity,stress_granule_g3bp1,0.8458208521207174,Field,#C85A3C,9,Biological completion
midas_ops,MIDAS,field_holdout_sanity,trans-golgi_vamp3,0.5146254101768136,Field,#C85A3C,9,Biological completion
midas_ops,MIDAS,gene_holdout_main,5xupre,0.6831719073653221,Gene,#C85A3C,9,Biological completion
midas_ops,MIDAS,gene_holdout_main,actin_filament_fastact_spy555_live_cell_dye,0.8067812405526638,Gene,#C85A3C,9,Biological completion
midas_ops,MIDAS,gene_holdout_main,autophagosome_atg101,0.5874560377250114,Gene,#C85A3C,9,Biological completion
midas_ops,MIDAS,gene_holdout_main,autophagosome_map1lc3b,0.7435936409980058,Gene,#C85A3C,9,Biological completion
midas_ops,MIDAS,gene_holdout_main,b-catenin,0.357485835335489,Gene,#C85A3C,9,Biological completion
midas_ops,MIDAS,gene_holdout_main,c-myc,0.3972541345407565,Gene,#C85A3C,9,Biological completion
midas_ops,MIDAS,gene_holdout_main,caspase_activity_cellevent-caspase_live-cell_dye,0.38233274509354176,Gene,#C85A3C,9,Biological completion
midas_ops,MIDAS,gene_holdout_main,cell_proliferation_marker_mki67,0.4304356801013151,Gene,#C85A3C,9,Biological completion
midas_ops,MIDAS,gene_holdout_main,chaperones_hspa1b,0.7303254820406437,Gene,#C85A3C,9,Biological completion
midas_ops,MIDAS,gene_holdout_main,chromalive_488_excitation,0.6152495071291924,Gene,#C85A3C,9,Biological completion
midas_ops,MIDAS,gene_holdout_main,chromatin_h2bc21,0.579153054455916,Gene,#C85A3C,9,Biological completion
midas_ops,MIDAS,gene_holdout_main,clathrin_vesicles_clta,0.7664747784535091,Gene,#C85A3C,9,Biological completion
midas_ops,MIDAS,gene_holdout_main,early_endosome_eea1,0.8588038285573324,Gene,#C85A3C,9,Biological completion
midas_ops,MIDAS,gene_holdout_main,endocytic_vesicle_ph_phrodo-dextran_live_cell_dye,0.6131814484174053,Gene,#C85A3C,9,Biological completion
midas_ops,MIDAS,gene_holdout_main,endosome_vps35,0.7108617453525463,Gene,#C85A3C,9,Biological completion
midas_ops,MIDAS,gene_holdout_main,er_cona,0.6071905850484554,Gene,#C85A3C,9,Biological completion
midas_ops,MIDAS,gene_holdout_main,er_golgi_bridge_vapa,0.5888688652155301,Gene,#C85A3C,9,Biological completion
midas_ops,MIDAS,gene_holdout_main,er_golgi_cop-ii_sec23a,0.8226950168609619,Gene,#C85A3C,9,Biological completion
midas_ops,MIDAS,gene_holdout_main,er_golgi_cope,0.7402742626766363,Gene,#C85A3C,9,Biological completion
midas_ops,MIDAS,gene_holdout_main,er_ncln,0.5629793986678123,Gene,#C85A3C,9,Biological completion
midas_ops,MIDAS,gene_holdout_main,er_sec61b,0.7332080513238907,Gene,#C85A3C,9,Biological completion
midas_ops,MIDAS,gene_holdout_main,f-actin_phalloidin,0.6250521264970302,Gene,#C85A3C,9,Biological completion
midas_ops,MIDAS,gene_holdout_main,fe2+_ferhonox_live-cell_dye,0.6150639909591216,Gene,#C85A3C,9,Biological completion
midas_ops,MIDAS,gene_holdout_main,late_endosome_rab7a,0.7958817472060521,Gene,#C85A3C,9,Biological completion
midas_ops,MIDAS,gene_holdout_main,lipid_droplet_bodipy_live_cell_dye,0.7987582918256522,Gene,#C85A3C,9,Biological completion
midas_ops,MIDAS,gene_holdout_main,lipid_droplet_plin2,0.5632928664485612,Gene,#C85A3C,9,Biological completion
midas_ops,MIDAS,gene_holdout_main,lysosome_lamp1,0.6172797157118718,Gene,#C85A3C,9,Biological completion
midas_ops,MIDAS,gene_holdout_main,lysosome_lysotracker_live-cell_dye,0.8486258246004581,Gene,#C85A3C,9,Biological completion
midas_ops,MIDAS,gene_holdout_main,microtubules_map4,0.7322896155218283,Gene,#C85A3C,9,Biological completion
midas_ops,MIDAS,gene_holdout_main,microtubules_tubulin,0.6036871477560555,Gene,#C85A3C,9,Biological completion
midas_ops,MIDAS,gene_holdout_main,mitochondria_chromalive_561_excitation,0.620145630898575,Gene,#C85A3C,9,Biological completion
midas_ops,MIDAS,gene_holdout_main,mitochondria_tomm20,0.54052228236364,Gene,#C85A3C,9,Biological completion
midas_ops,MIDAS,gene_holdout_main,mitochondria_tomm70a,0.5680079168329637,Gene,#C85A3C,9,Biological completion
midas_ops,MIDAS,gene_holdout_main,nuclear_speckles_srrm2,0.6227793050309023,Gene,#C85A3C,9,Biological completion
midas_ops,MIDAS,gene_holdout_main,nuclei_hoechst,0.5314720343798399,Gene,#C85A3C,9,Biological completion
midas_ops,MIDAS,gene_holdout_main,nuclei_nucleolive_live_cell_dye,0.1349555561513019,Gene,#C85A3C,9,Biological completion
midas_ops,MIDAS,gene_holdout_main,nucleoli_npm1,0.38386386389999333,Gene,#C85A3C,9,Biological completion
midas_ops,MIDAS,gene_holdout_main,nucleolus-dfc_fbl,0.6032699280728896,Gene,#C85A3C,9,Biological completion
midas_ops,MIDAS,gene_holdout_main,nucleolus-gc_npm3,0.709060774743557,Gene,#C85A3C,9,Biological completion
midas_ops,MIDAS,gene_holdout_main,oxidative_stress_cellrox_live-cell_dye,0.5535264488581257,Gene,#C85A3C,9,Biological completion
midas_ops,MIDAS,gene_holdout_main,p21,0.4811974871406952,Gene,#C85A3C,9,Biological completion
midas_ops,MIDAS,gene_holdout_main,p53,0.4397987174491087,Gene,#C85A3C,9,Biological completion
midas_ops,MIDAS,gene_holdout_main,peroxisome_peroxi_spy650_live_cell_dye,0.5731824569404125,Gene,#C85A3C,9,Biological completion
midas_ops,MIDAS,gene_holdout_main,plasma_membrane_atp1b3,0.6657126965001225,Gene,#C85A3C,9,Biological completion
midas_ops,MIDAS,gene_holdout_main,plasma_membrane_slc3a2,0.8689523647228876,Gene,#C85A3C,9,Biological completion
midas_ops,MIDAS,gene_holdout_main,plasma_membrane_wga,0.6431794361935721,Gene,#C85A3C,9,Biological completion
midas_ops,MIDAS,gene_holdout_main,prb,0.34028849624718227,Gene,#C85A3C,9,Biological completion
midas_ops,MIDAS,gene_holdout_main,proteasome_psmb7,0.4488783658404524,Gene,#C85A3C,9,Biological completion
midas_ops,MIDAS,gene_holdout_main,ps6,0.4029840280798574,Gene,#C85A3C,9,Biological completion
midas_ops,MIDAS,gene_holdout_main,recycling_endosome_tfrc,0.7503222135826946,Gene,#C85A3C,9,Biological completion
midas_ops,MIDAS,gene_holdout_main,stress_granule_g3bp1,0.8668501434226832,Gene,#C85A3C,9,Biological completion
midas_ops,MIDAS,gene_holdout_main,trans-golgi_vamp3,0.5380801695088546,Gene,#C85A3C,9,Biological completion
midas_ops,MIDAS,strict_whole_screen,5xupre,0.697717243184646,Whole-screen,#C85A3C,9,Biological completion
midas_ops,MIDAS,strict_whole_screen,actin_filament_fastact_spy555_live_cell_dye,0.8480929708729187,Whole-screen,#C85A3C,9,Biological completion
midas_ops,MIDAS,strict_whole_screen,autophagosome_atg101,0.6149864823867877,Whole-screen,#C85A3C,9,Biological completion
midas_ops,MIDAS,strict_whole_screen,autophagosome_map1lc3b,0.6512518255169399,Whole-screen,#C85A3C,9,Biological completion
midas_ops,MIDAS,strict_whole_screen,caspase_activity_cellevent-caspase_live-cell_dye,0.3726607209343153,Whole-screen,#C85A3C,9,Biological completion
midas_ops,MIDAS,strict_whole_screen,cell_proliferation_marker_mki67,0.48987694550305605,Whole-screen,#C85A3C,9,Biological completion
midas_ops,MIDAS,strict_whole_screen,chaperones_hspa1b,0.7504279439647992,Whole-screen,#C85A3C,9,Biological completion
midas_ops,MIDAS,strict_whole_screen,chromalive_488_excitation,0.665351824524502,Whole-screen,#C85A3C,9,Biological completion
midas_ops,MIDAS,strict_whole_screen,chromatin_h2bc21,0.6420533247292042,Whole-screen,#C85A3C,9,Biological completion
midas_ops,MIDAS,strict_whole_screen,clathrin_vesicles_clta,0.8181101195514202,Whole-screen,#C85A3C,9,Biological completion
midas_ops,MIDAS,strict_whole_screen,endocytic_vesicle_ph_phrodo-dextran_live_cell_dye,0.31924002834906173,Whole-screen,#C85A3C,9,Biological completion
midas_ops,MIDAS,strict_whole_screen,endosome_vps35,0.6993220684429009,Whole-screen,#C85A3C,9,Biological completion
midas_ops,MIDAS,strict_whole_screen,er_golgi_bridge_vapa,0.5961508043110371,Whole-screen,#C85A3C,9,Biological completion
midas_ops,MIDAS,strict_whole_screen,er_golgi_cope,0.560499351316442,Whole-screen,#C85A3C,9,Biological completion
midas_ops,MIDAS,strict_whole_screen,er_sec61b,0.7689547683629724,Whole-screen,#C85A3C,9,Biological completion
midas_ops,MIDAS,strict_whole_screen,fe2+_ferhonox_live-cell_dye,0.013897462165914448,Whole-screen,#C85A3C,9,Biological completion
midas_ops,MIDAS,strict_whole_screen,late_endosome_rab7a,0.8097783631334703,Whole-screen,#C85A3C,9,Biological completion
midas_ops,MIDAS,strict_whole_screen,lipid_droplet_bodipy_live_cell_dye,0.8068380939463774,Whole-screen,#C85A3C,9,Biological completion
midas_ops,MIDAS,strict_whole_screen,lipid_droplet_plin2,0.3832666135082642,Whole-screen,#C85A3C,9,Biological completion
midas_ops,MIDAS,strict_whole_screen,lysosome_lamp1,0.6415607466672857,Whole-screen,#C85A3C,9,Biological completion
midas_ops,MIDAS,strict_whole_screen,lysosome_lysotracker_live-cell_dye,0.8803676904903518,Whole-screen,#C85A3C,9,Biological completion
midas_ops,MIDAS,strict_whole_screen,mitochondria_chromalive_561_excitation,0.7311321180313826,Whole-screen,#C85A3C,9,Biological completion
midas_ops,MIDAS,strict_whole_screen,mitochondria_tomm70a,0.6173512885579839,Whole-screen,#C85A3C,9,Biological completion
midas_ops,MIDAS,strict_whole_screen,nuclear_speckles_srrm2,0.6333672978604834,Whole-screen,#C85A3C,9,Biological completion
midas_ops,MIDAS,strict_whole_screen,nuclei_nucleolive_live_cell_dye,0.5114321950823069,Whole-screen,#C85A3C,9,Biological completion
midas_ops,MIDAS,strict_whole_screen,nucleolus-dfc_fbl,0.47464379384958494,Whole-screen,#C85A3C,9,Biological completion
midas_ops,MIDAS,strict_whole_screen,nucleolus-gc_npm3,0.7298919148743153,Whole-screen,#C85A3C,9,Biological completion
midas_ops,MIDAS,strict_whole_screen,oxidative_stress_cellrox_live-cell_dye,0.4946817922173068,Whole-screen,#C85A3C,9,Biological completion
midas_ops,MIDAS,strict_whole_screen,peroxisome_peroxi_spy650_live_cell_dye,0.5994164183114965,Whole-screen,#C85A3C,9,Biological completion
midas_ops,MIDAS,strict_whole_screen,plasma_membrane_atp1b3,0.6875078755741318,Whole-screen,#C85A3C,9,Biological completion
midas_ops,MIDAS,strict_whole_screen,plasma_membrane_slc3a2,0.8843255167206128,Whole-screen,#C85A3C,9,Biological completion
midas_ops,MIDAS,strict_whole_screen,proteasome_psmb7,0.5638541075701748,Whole-screen,#C85A3C,9,Biological completion
midas_ops,MIDAS,strict_whole_screen,recycling_endosome_tfrc,0.7988015819961827,Whole-screen,#C85A3C,9,Biological completion
midas_ops,MIDAS,strict_whole_screen,trans-golgi_vamp3,0.519512753856058,Whole-screen,#C85A3C,9,Biological completion
mlp,MLP,field_holdout_sanity,5xupre,0.7075711718201637,Field,#7B6597,4,Neural specialists
mlp,MLP,field_holdout_sanity,actin_filament_fastact_spy555_live_cell_dye,0.901569456110398,Field,#7B6597,4,Neural specialists
mlp,MLP,field_holdout_sanity,autophagosome_atg101,0.6505098843326171,Field,#7B6597,4,Neural specialists
mlp,MLP,field_holdout_sanity,autophagosome_map1lc3b,0.8546948892374834,Field,#7B6597,4,Neural specialists
mlp,MLP,field_holdout_sanity,b-catenin,0.524495822271953,Field,#7B6597,4,Neural specialists
mlp,MLP,field_holdout_sanity,c-myc,0.5111446841061115,Field,#7B6597,4,Neural specialists
mlp,MLP,field_holdout_sanity,caspase_activity_cellevent-caspase_live-cell_dye,0.5448004255692165,Field,#7B6597,4,Neural specialists
mlp,MLP,field_holdout_sanity,cell_proliferation_marker_mki67,0.6368284530937671,Field,#7B6597,4,Neural specialists
mlp,MLP,field_holdout_sanity,chaperones_hspa1b,0.7769053727388382,Field,#7B6597,4,Neural specialists
mlp,MLP,field_holdout_sanity,chromalive_488_excitation,0.7134378805756569,Field,#7B6597,4,Neural specialists
mlp,MLP,field_holdout_sanity,chromatin_h2bc21,0.6953758475681145,Field,#7B6597,4,Neural specialists
mlp,MLP,field_holdout_sanity,clathrin_vesicles_clta,0.888775539646546,Field,#7B6597,4,Neural specialists
mlp,MLP,field_holdout_sanity,early_endosome_eea1,0.8857103881736597,Field,#7B6597,4,Neural specialists
mlp,MLP,field_holdout_sanity,endocytic_vesicle_ph_phrodo-dextran_live_cell_dye,0.6870831315716107,Field,#7B6597,4,Neural specialists
mlp,MLP,field_holdout_sanity,endosome_vps35,0.8052933245897294,Field,#7B6597,4,Neural specialists
mlp,MLP,field_holdout_sanity,er_cona,0.6253836481107606,Field,#7B6597,4,Neural specialists
mlp,MLP,field_holdout_sanity,er_golgi_bridge_vapa,0.7844541045526663,Field,#7B6597,4,Neural specialists
mlp,MLP,field_holdout_sanity,er_golgi_cop-ii_sec23a,0.9002619648973147,Field,#7B6597,4,Neural specialists
mlp,MLP,field_holdout_sanity,er_golgi_cope,0.7823476644853751,Field,#7B6597,4,Neural specialists
mlp,MLP,field_holdout_sanity,er_ncln,0.5721046540886163,Field,#7B6597,4,Neural specialists
mlp,MLP,field_holdout_sanity,er_sec61b,0.7852148448427518,Field,#7B6597,4,Neural specialists
mlp,MLP,field_holdout_sanity,f-actin_phalloidin,0.6672706365585327,Field,#7B6597,4,Neural specialists
mlp,MLP,field_holdout_sanity,fe2+_ferhonox_live-cell_dye,0.8799836797018846,Field,#7B6597,4,Neural specialists
mlp,MLP,field_holdout_sanity,late_endosome_rab7a,0.9001581129928431,Field,#7B6597,4,Neural specialists
mlp,MLP,field_holdout_sanity,lipid_droplet_bodipy_live_cell_dye,0.8984188278516134,Field,#7B6597,4,Neural specialists
mlp,MLP,field_holdout_sanity,lipid_droplet_plin2,0.6756824952860673,Field,#7B6597,4,Neural specialists
mlp,MLP,field_holdout_sanity,lysosome_lamp1,0.7161782595018547,Field,#7B6597,4,Neural specialists
mlp,MLP,field_holdout_sanity,lysosome_lysotracker_live-cell_dye,0.913864643375079,Field,#7B6597,4,Neural specialists
mlp,MLP,field_holdout_sanity,microtubules_map4,0.7622618471582732,Field,#7B6597,4,Neural specialists
mlp,MLP,field_holdout_sanity,microtubules_tubulin,0.6459589562482304,Field,#7B6597,4,Neural specialists
mlp,MLP,field_holdout_sanity,mitochondria_chromalive_561_excitation,0.7447470818956694,Field,#7B6597,4,Neural specialists
mlp,MLP,field_holdout_sanity,mitochondria_tomm20,0.6034701435102356,Field,#7B6597,4,Neural specialists
mlp,MLP,field_holdout_sanity,mitochondria_tomm70a,0.685547939191262,Field,#7B6597,4,Neural specialists
mlp,MLP,field_holdout_sanity,nuclear_speckles_srrm2,0.8198969667156538,Field,#7B6597,4,Neural specialists
mlp,MLP,field_holdout_sanity,nuclei_hoechst,0.7187296664714813,Field,#7B6597,4,Neural specialists
mlp,MLP,field_holdout_sanity,nuclei_nucleolive_live_cell_dye,0.7378247765203316,Field,#7B6597,4,Neural specialists
mlp,MLP,field_holdout_sanity,nucleoli_npm1,0.48382254528502616,Field,#7B6597,4,Neural specialists
mlp,MLP,field_holdout_sanity,nucleolus-dfc_fbl,0.7329381508131823,Field,#7B6597,4,Neural specialists
mlp,MLP,field_holdout_sanity,nucleolus-gc_npm3,0.7657745969792207,Field,#7B6597,4,Neural specialists
mlp,MLP,field_holdout_sanity,oxidative_stress_cellrox_live-cell_dye,0.6330263050893943,Field,#7B6597,4,Neural specialists
mlp,MLP,field_holdout_sanity,p21,0.5162865926822027,Field,#7B6597,4,Neural specialists
mlp,MLP,field_holdout_sanity,p53,0.46550511889159674,Field,#7B6597,4,Neural specialists
mlp,MLP,field_holdout_sanity,peroxisome_peroxi_spy650_live_cell_dye,0.7711038393278916,Field,#7B6597,4,Neural specialists
mlp,MLP,field_holdout_sanity,plasma_membrane_atp1b3,0.6734748105208078,Field,#7B6597,4,Neural specialists
mlp,MLP,field_holdout_sanity,plasma_membrane_slc3a2,0.8918712536493937,Field,#7B6597,4,Neural specialists
mlp,MLP,field_holdout_sanity,plasma_membrane_wga,0.6739257560835945,Field,#7B6597,4,Neural specialists
mlp,MLP,field_holdout_sanity,prb,0.3573981012403965,Field,#7B6597,4,Neural specialists
mlp,MLP,field_holdout_sanity,proteasome_psmb7,0.5198065484253068,Field,#7B6597,4,Neural specialists
mlp,MLP,field_holdout_sanity,ps6,0.5669289754641553,Field,#7B6597,4,Neural specialists
mlp,MLP,field_holdout_sanity,recycling_endosome_tfrc,0.8478320886691411,Field,#7B6597,4,Neural specialists
mlp,MLP,field_holdout_sanity,stress_granule_g3bp1,0.9098111733794212,Field,#7B6597,4,Neural specialists
mlp,MLP,field_holdout_sanity,trans-golgi_vamp3,0.6460640095174313,Field,#7B6597,4,Neural specialists
mlp,MLP,gene_holdout_main,5xupre,0.7511600545048713,Gene,#7B6597,4,Neural specialists
mlp,MLP,gene_holdout_main,actin_filament_fastact_spy555_live_cell_dye,0.9243509116272131,Gene,#7B6597,4,Neural specialists
mlp,MLP,gene_holdout_main,autophagosome_atg101,0.7153217139343421,Gene,#7B6597,4,Neural specialists
mlp,MLP,gene_holdout_main,autophagosome_map1lc3b,0.9057822450995445,Gene,#7B6597,4,Neural specialists
mlp,MLP,gene_holdout_main,b-catenin,0.5607133853559694,Gene,#7B6597,4,Neural specialists
mlp,MLP,gene_holdout_main,c-myc,0.5539068301518758,Gene,#7B6597,4,Neural specialists
mlp,MLP,gene_holdout_main,caspase_activity_cellevent-caspase_live-cell_dye,0.5873217311687767,Gene,#7B6597,4,Neural specialists
mlp,MLP,gene_holdout_main,cell_proliferation_marker_mki67,0.6914596130450568,Gene,#7B6597,4,Neural specialists
mlp,MLP,gene_holdout_main,chaperones_hspa1b,0.8275769112010798,Gene,#7B6597,4,Neural specialists
mlp,MLP,gene_holdout_main,chromalive_488_excitation,0.7724121913313866,Gene,#7B6597,4,Neural specialists
mlp,MLP,gene_holdout_main,chromatin_h2bc21,0.7774571490784487,Gene,#7B6597,4,Neural specialists
mlp,MLP,gene_holdout_main,clathrin_vesicles_clta,0.9199979772170384,Gene,#7B6597,4,Neural specialists
mlp,MLP,gene_holdout_main,early_endosome_eea1,0.9278098935882252,Gene,#7B6597,4,Neural specialists
mlp,MLP,gene_holdout_main,endocytic_vesicle_ph_phrodo-dextran_live_cell_dye,0.7543665262560049,Gene,#7B6597,4,Neural specialists
mlp,MLP,gene_holdout_main,endosome_vps35,0.8381351331869761,Gene,#7B6597,4,Neural specialists
mlp,MLP,gene_holdout_main,er_cona,0.7102747335202164,Gene,#7B6597,4,Neural specialists
mlp,MLP,gene_holdout_main,er_golgi_bridge_vapa,0.8229861865441004,Gene,#7B6597,4,Neural specialists
mlp,MLP,gene_holdout_main,er_golgi_cop-ii_sec23a,0.9367526402076084,Gene,#7B6597,4,Neural specialists
mlp,MLP,gene_holdout_main,er_golgi_cope,0.8292949313918749,Gene,#7B6597,4,Neural specialists
mlp,MLP,gene_holdout_main,er_ncln,0.6551008938501279,Gene,#7B6597,4,Neural specialists
mlp,MLP,gene_holdout_main,er_sec61b,0.8102178797125816,Gene,#7B6597,4,Neural specialists
mlp,MLP,gene_holdout_main,f-actin_phalloidin,0.7457482559813393,Gene,#7B6597,4,Neural specialists
mlp,MLP,gene_holdout_main,fe2+_ferhonox_live-cell_dye,0.9105444987614948,Gene,#7B6597,4,Neural specialists
mlp,MLP,gene_holdout_main,late_endosome_rab7a,0.9234638750553131,Gene,#7B6597,4,Neural specialists
mlp,MLP,gene_holdout_main,lipid_droplet_bodipy_live_cell_dye,0.9287840249637762,Gene,#7B6597,4,Neural specialists
mlp,MLP,gene_holdout_main,lipid_droplet_plin2,0.6961377425740163,Gene,#7B6597,4,Neural specialists
mlp,MLP,gene_holdout_main,lysosome_lamp1,0.7512009352445602,Gene,#7B6597,4,Neural specialists
mlp,MLP,gene_holdout_main,lysosome_lysotracker_live-cell_dye,0.9388250542183718,Gene,#7B6597,4,Neural specialists
mlp,MLP,gene_holdout_main,microtubules_map4,0.823344656576713,Gene,#7B6597,4,Neural specialists
mlp,MLP,gene_holdout_main,microtubules_tubulin,0.7224402621802357,Gene,#7B6597,4,Neural specialists
mlp,MLP,gene_holdout_main,mitochondria_chromalive_561_excitation,0.8209515526890755,Gene,#7B6597,4,Neural specialists
mlp,MLP,gene_holdout_main,mitochondria_tomm20,0.690567583611442,Gene,#7B6597,4,Neural specialists
mlp,MLP,gene_holdout_main,mitochondria_tomm70a,0.7465505585074425,Gene,#7B6597,4,Neural specialists
mlp,MLP,gene_holdout_main,nuclear_speckles_srrm2,0.8776929159959158,Gene,#7B6597,4,Neural specialists
mlp,MLP,gene_holdout_main,nuclei_hoechst,0.7573144529263178,Gene,#7B6597,4,Neural specialists
mlp,MLP,gene_holdout_main,nuclei_nucleolive_live_cell_dye,0.8496820899347464,Gene,#7B6597,4,Neural specialists
mlp,MLP,gene_holdout_main,nucleoli_npm1,0.5439649538033539,Gene,#7B6597,4,Neural specialists
mlp,MLP,gene_holdout_main,nucleolus-dfc_fbl,0.7965991554160913,Gene,#7B6597,4,Neural specialists
mlp,MLP,gene_holdout_main,nucleolus-gc_npm3,0.8391794413328171,Gene,#7B6597,4,Neural specialists
mlp,MLP,gene_holdout_main,oxidative_stress_cellrox_live-cell_dye,0.6654244244098664,Gene,#7B6597,4,Neural specialists
mlp,MLP,gene_holdout_main,p21,0.6046441742777825,Gene,#7B6597,4,Neural specialists
mlp,MLP,gene_holdout_main,p53,0.5768901832401753,Gene,#7B6597,4,Neural specialists
mlp,MLP,gene_holdout_main,peroxisome_peroxi_spy650_live_cell_dye,0.8105570050577322,Gene,#7B6597,4,Neural specialists
mlp,MLP,gene_holdout_main,plasma_membrane_atp1b3,0.7633020480473836,Gene,#7B6597,4,Neural specialists
mlp,MLP,gene_holdout_main,plasma_membrane_slc3a2,0.9118719731767972,Gene,#7B6597,4,Neural specialists
mlp,MLP,gene_holdout_main,plasma_membrane_wga,0.7486275320251783,Gene,#7B6597,4,Neural specialists
mlp,MLP,gene_holdout_main,prb,0.4591269635409116,Gene,#7B6597,4,Neural specialists
mlp,MLP,gene_holdout_main,proteasome_psmb7,0.6091717668808997,Gene,#7B6597,4,Neural specialists
mlp,MLP,gene_holdout_main,ps6,0.5875179319580396,Gene,#7B6597,4,Neural specialists
mlp,MLP,gene_holdout_main,recycling_endosome_tfrc,0.8927435214320818,Gene,#7B6597,4,Neural specialists
mlp,MLP,gene_holdout_main,stress_granule_g3bp1,0.9337998802463213,Gene,#7B6597,4,Neural specialists
mlp,MLP,gene_holdout_main,trans-golgi_vamp3,0.6881389747063318,Gene,#7B6597,4,Neural specialists
mlp,MLP,strict_whole_screen,5xupre,0.7615318804979324,Whole-screen,#7B6597,4,Neural specialists
mlp,MLP,strict_whole_screen,actin_filament_fastact_spy555_live_cell_dye,0.9052405109008154,Whole-screen,#7B6597,4,Neural specialists
mlp,MLP,strict_whole_screen,autophagosome_atg101,0.7131589346875746,Whole-screen,#7B6597,4,Neural specialists
mlp,MLP,strict_whole_screen,autophagosome_map1lc3b,0.6955044636916784,Whole-screen,#7B6597,4,Neural specialists
mlp,MLP,strict_whole_screen,caspase_activity_cellevent-caspase_live-cell_dye,0.5584041074228783,Whole-screen,#7B6597,4,Neural specialists
mlp,MLP,strict_whole_screen,cell_proliferation_marker_mki67,0.5386958293966018,Whole-screen,#7B6597,4,Neural specialists
mlp,MLP,strict_whole_screen,chaperones_hspa1b,0.7657563487688701,Whole-screen,#7B6597,4,Neural specialists
mlp,MLP,strict_whole_screen,chromalive_488_excitation,0.6475452963883678,Whole-screen,#7B6597,4,Neural specialists
mlp,MLP,strict_whole_screen,chromatin_h2bc21,0.6947676620135705,Whole-screen,#7B6597,4,Neural specialists
mlp,MLP,strict_whole_screen,clathrin_vesicles_clta,0.9121793949355682,Whole-screen,#7B6597,4,Neural specialists
mlp,MLP,strict_whole_screen,endocytic_vesicle_ph_phrodo-dextran_live_cell_dye,0.2362002162020265,Whole-screen,#7B6597,4,Neural specialists
mlp,MLP,strict_whole_screen,endosome_vps35,0.7663263250142336,Whole-screen,#7B6597,4,Neural specialists
mlp,MLP,strict_whole_screen,er_golgi_bridge_vapa,0.8082567540307839,Whole-screen,#7B6597,4,Neural specialists
mlp,MLP,strict_whole_screen,er_golgi_cope,0.4741858521786829,Whole-screen,#7B6597,4,Neural specialists
mlp,MLP,strict_whole_screen,er_sec61b,0.8596536620623535,Whole-screen,#7B6597,4,Neural specialists
mlp,MLP,strict_whole_screen,fe2+_ferhonox_live-cell_dye,0.22146574297236532,Whole-screen,#7B6597,4,Neural specialists
mlp,MLP,strict_whole_screen,late_endosome_rab7a,0.9074955309430759,Whole-screen,#7B6597,4,Neural specialists
mlp,MLP,strict_whole_screen,lipid_droplet_bodipy_live_cell_dye,0.9247393868863583,Whole-screen,#7B6597,4,Neural specialists
mlp,MLP,strict_whole_screen,lipid_droplet_plin2,0.28646104650882387,Whole-screen,#7B6597,4,Neural specialists
mlp,MLP,strict_whole_screen,lysosome_lamp1,0.7557082107911508,Whole-screen,#7B6597,4,Neural specialists
mlp,MLP,strict_whole_screen,lysosome_lysotracker_live-cell_dye,0.9295813991791673,Whole-screen,#7B6597,4,Neural specialists
mlp,MLP,strict_whole_screen,mitochondria_chromalive_561_excitation,0.4955925100172559,Whole-screen,#7B6597,4,Neural specialists
mlp,MLP,strict_whole_screen,mitochondria_tomm70a,0.5035419252623493,Whole-screen,#7B6597,4,Neural specialists
mlp,MLP,strict_whole_screen,nuclear_speckles_srrm2,0.6145264161750674,Whole-screen,#7B6597,4,Neural specialists
mlp,MLP,strict_whole_screen,nuclei_nucleolive_live_cell_dye,0.4199866108441104,Whole-screen,#7B6597,4,Neural specialists
mlp,MLP,strict_whole_screen,nucleolus-dfc_fbl,0.3855745946445192,Whole-screen,#7B6597,4,Neural specialists
mlp,MLP,strict_whole_screen,nucleolus-gc_npm3,0.6594359183994433,Whole-screen,#7B6597,4,Neural specialists
mlp,MLP,strict_whole_screen,oxidative_stress_cellrox_live-cell_dye,0.4242284899422278,Whole-screen,#7B6597,4,Neural specialists
mlp,MLP,strict_whole_screen,peroxisome_peroxi_spy650_live_cell_dye,0.6280424953438342,Whole-screen,#7B6597,4,Neural specialists
mlp,MLP,strict_whole_screen,plasma_membrane_atp1b3,0.7584909995396931,Whole-screen,#7B6597,4,Neural specialists
mlp,MLP,strict_whole_screen,plasma_membrane_slc3a2,0.9186416231095791,Whole-screen,#7B6597,4,Neural specialists
mlp,MLP,strict_whole_screen,proteasome_psmb7,0.5660758578063299,Whole-screen,#7B6597,4,Neural specialists
mlp,MLP,strict_whole_screen,recycling_endosome_tfrc,0.8581984080374241,Whole-screen,#7B6597,4,Neural specialists
mlp,MLP,strict_whole_screen,trans-golgi_vamp3,0.5518330011982471,Whole-screen,#7B6597,4,Neural specialists
multitab_pilot,MultiTab,field_holdout_sanity,5xupre,0.7042381086945534,Field,#4FA7B8,8,Generic multi-task
multitab_pilot,MultiTab,field_holdout_sanity,actin_filament_fastact_spy555_live_cell_dye,0.8784913495182991,Field,#4FA7B8,8,Generic multi-task
multitab_pilot,MultiTab,field_holdout_sanity,autophagosome_atg101,0.6364199814697107,Field,#4FA7B8,8,Generic multi-task
multitab_pilot,MultiTab,field_holdout_sanity,autophagosome_map1lc3b,0.8387599393725396,Field,#4FA7B8,8,Generic multi-task
multitab_pilot,MultiTab,field_holdout_sanity,b-catenin,0.5191767799357573,Field,#4FA7B8,8,Generic multi-task
multitab_pilot,MultiTab,field_holdout_sanity,c-myc,0.5157423561811447,Field,#4FA7B8,8,Generic multi-task
multitab_pilot,MultiTab,field_holdout_sanity,caspase_activity_cellevent-caspase_live-cell_dye,0.5418110303580761,Field,#4FA7B8,8,Generic multi-task
multitab_pilot,MultiTab,field_holdout_sanity,cell_proliferation_marker_mki67,0.6342603464921316,Field,#4FA7B8,8,Generic multi-task
multitab_pilot,MultiTab,field_holdout_sanity,chaperones_hspa1b,0.7750244093437989,Field,#4FA7B8,8,Generic multi-task
multitab_pilot,MultiTab,field_holdout_sanity,chromalive_488_excitation,0.7013001086811225,Field,#4FA7B8,8,Generic multi-task
multitab_pilot,MultiTab,field_holdout_sanity,chromatin_h2bc21,0.6693919509649277,Field,#4FA7B8,8,Generic multi-task
multitab_pilot,MultiTab,field_holdout_sanity,clathrin_vesicles_clta,0.8734739688535532,Field,#4FA7B8,8,Generic multi-task
multitab_pilot,MultiTab,field_holdout_sanity,early_endosome_eea1,0.8772193387150764,Field,#4FA7B8,8,Generic multi-task
multitab_pilot,MultiTab,field_holdout_sanity,endocytic_vesicle_ph_phrodo-dextran_live_cell_dye,0.6718546005586783,Field,#4FA7B8,8,Generic multi-task
multitab_pilot,MultiTab,field_holdout_sanity,endosome_vps35,0.7815932077666123,Field,#4FA7B8,8,Generic multi-task
multitab_pilot,MultiTab,field_holdout_sanity,er_cona,0.6291227474808693,Field,#4FA7B8,8,Generic multi-task
multitab_pilot,MultiTab,field_holdout_sanity,er_golgi_bridge_vapa,0.7615258627881606,Field,#4FA7B8,8,Generic multi-task
multitab_pilot,MultiTab,field_holdout_sanity,er_golgi_cop-ii_sec23a,0.8905845935146015,Field,#4FA7B8,8,Generic multi-task
multitab_pilot,MultiTab,field_holdout_sanity,er_golgi_cope,0.77589467416207,Field,#4FA7B8,8,Generic multi-task
multitab_pilot,MultiTab,field_holdout_sanity,er_ncln,0.5782670413454374,Field,#4FA7B8,8,Generic multi-task
multitab_pilot,MultiTab,field_holdout_sanity,er_sec61b,0.7777121933797995,Field,#4FA7B8,8,Generic multi-task
multitab_pilot,MultiTab,field_holdout_sanity,f-actin_phalloidin,0.6656599761711226,Field,#4FA7B8,8,Generic multi-task
multitab_pilot,MultiTab,field_holdout_sanity,fe2+_ferhonox_live-cell_dye,0.8163973438243071,Field,#4FA7B8,8,Generic multi-task
multitab_pilot,MultiTab,field_holdout_sanity,late_endosome_rab7a,0.8860695486267408,Field,#4FA7B8,8,Generic multi-task
multitab_pilot,MultiTab,field_holdout_sanity,lipid_droplet_bodipy_live_cell_dye,0.8743988879024982,Field,#4FA7B8,8,Generic multi-task
multitab_pilot,MultiTab,field_holdout_sanity,lipid_droplet_plin2,0.6820631836851437,Field,#4FA7B8,8,Generic multi-task
multitab_pilot,MultiTab,field_holdout_sanity,lysosome_lamp1,0.7013208049039046,Field,#4FA7B8,8,Generic multi-task
multitab_pilot,MultiTab,field_holdout_sanity,lysosome_lysotracker_live-cell_dye,0.8923576934883991,Field,#4FA7B8,8,Generic multi-task
multitab_pilot,MultiTab,field_holdout_sanity,microtubules_map4,0.7605910055339337,Field,#4FA7B8,8,Generic multi-task
multitab_pilot,MultiTab,field_holdout_sanity,microtubules_tubulin,0.6472256431563033,Field,#4FA7B8,8,Generic multi-task
multitab_pilot,MultiTab,field_holdout_sanity,mitochondria_chromalive_561_excitation,0.7149106875061989,Field,#4FA7B8,8,Generic multi-task
multitab_pilot,MultiTab,field_holdout_sanity,mitochondria_tomm20,0.6050437968638208,Field,#4FA7B8,8,Generic multi-task
multitab_pilot,MultiTab,field_holdout_sanity,mitochondria_tomm70a,0.6776752489308515,Field,#4FA7B8,8,Generic multi-task
multitab_pilot,MultiTab,field_holdout_sanity,nuclear_speckles_srrm2,0.7830433649321398,Field,#4FA7B8,8,Generic multi-task
multitab_pilot,MultiTab,field_holdout_sanity,nuclei_hoechst,0.6945135197043418,Field,#4FA7B8,8,Generic multi-task
multitab_pilot,MultiTab,field_holdout_sanity,nuclei_nucleolive_live_cell_dye,0.7114586499830087,Field,#4FA7B8,8,Generic multi-task
multitab_pilot,MultiTab,field_holdout_sanity,nucleoli_npm1,0.482329017503394,Field,#4FA7B8,8,Generic multi-task
multitab_pilot,MultiTab,field_holdout_sanity,nucleolus-dfc_fbl,0.7089870979388555,Field,#4FA7B8,8,Generic multi-task
multitab_pilot,MultiTab,field_holdout_sanity,nucleolus-gc_npm3,0.7418676833311717,Field,#4FA7B8,8,Generic multi-task
multitab_pilot,MultiTab,field_holdout_sanity,oxidative_stress_cellrox_live-cell_dye,0.6293248934050402,Field,#4FA7B8,8,Generic multi-task
multitab_pilot,MultiTab,field_holdout_sanity,p21,0.5139310264587402,Field,#4FA7B8,8,Generic multi-task
multitab_pilot,MultiTab,field_holdout_sanity,p53,0.44871184930205343,Field,#4FA7B8,8,Generic multi-task
multitab_pilot,MultiTab,field_holdout_sanity,peroxisome_peroxi_spy650_live_cell_dye,0.7519313119351864,Field,#4FA7B8,8,Generic multi-task
multitab_pilot,MultiTab,field_holdout_sanity,plasma_membrane_atp1b3,0.6649882576117913,Field,#4FA7B8,8,Generic multi-task
multitab_pilot,MultiTab,field_holdout_sanity,plasma_membrane_slc3a2,0.8856092294057211,Field,#4FA7B8,8,Generic multi-task
multitab_pilot,MultiTab,field_holdout_sanity,plasma_membrane_wga,0.6766524876985285,Field,#4FA7B8,8,Generic multi-task
multitab_pilot,MultiTab,field_holdout_sanity,prb,0.4899758909145991,Field,#4FA7B8,8,Generic multi-task
multitab_pilot,MultiTab,field_holdout_sanity,proteasome_psmb7,0.5194483567029238,Field,#4FA7B8,8,Generic multi-task
multitab_pilot,MultiTab,field_holdout_sanity,ps6,0.5681152771941076,Field,#4FA7B8,8,Generic multi-task
multitab_pilot,MultiTab,field_holdout_sanity,recycling_endosome_tfrc,0.820533961057663,Field,#4FA7B8,8,Generic multi-task
multitab_pilot,MultiTab,field_holdout_sanity,stress_granule_g3bp1,0.9014797729750473,Field,#4FA7B8,8,Generic multi-task
multitab_pilot,MultiTab,field_holdout_sanity,trans-golgi_vamp3,0.6300804145634175,Field,#4FA7B8,8,Generic multi-task
multitab_pilot,MultiTab,gene_holdout_main,5xupre,0.744736112356186,Gene,#4FA7B8,8,Generic multi-task
multitab_pilot,MultiTab,gene_holdout_main,actin_filament_fastact_spy555_live_cell_dye,0.9067593867580095,Gene,#4FA7B8,8,Generic multi-task
multitab_pilot,MultiTab,gene_holdout_main,autophagosome_atg101,0.7014730582634608,Gene,#4FA7B8,8,Generic multi-task
multitab_pilot,MultiTab,gene_holdout_main,autophagosome_map1lc3b,0.8913416773080826,Gene,#4FA7B8,8,Generic multi-task
multitab_pilot,MultiTab,gene_holdout_main,b-catenin,0.5540575587997834,Gene,#4FA7B8,8,Generic multi-task
multitab_pilot,MultiTab,gene_holdout_main,c-myc,0.5614445698261261,Gene,#4FA7B8,8,Generic multi-task
multitab_pilot,MultiTab,gene_holdout_main,caspase_activity_cellevent-caspase_live-cell_dye,0.5852659456431866,Gene,#4FA7B8,8,Generic multi-task
multitab_pilot,MultiTab,gene_holdout_main,cell_proliferation_marker_mki67,0.6805870600044728,Gene,#4FA7B8,8,Generic multi-task
multitab_pilot,MultiTab,gene_holdout_main,chaperones_hspa1b,0.8245523254076639,Gene,#4FA7B8,8,Generic multi-task
multitab_pilot,MultiTab,gene_holdout_main,chromalive_488_excitation,0.7677574212352435,Gene,#4FA7B8,8,Generic multi-task
multitab_pilot,MultiTab,gene_holdout_main,chromatin_h2bc21,0.7456921602288882,Gene,#4FA7B8,8,Generic multi-task
multitab_pilot,MultiTab,gene_holdout_main,clathrin_vesicles_clta,0.9083071614305179,Gene,#4FA7B8,8,Generic multi-task
multitab_pilot,MultiTab,gene_holdout_main,early_endosome_eea1,0.9200949616730213,Gene,#4FA7B8,8,Generic multi-task
multitab_pilot,MultiTab,gene_holdout_main,endocytic_vesicle_ph_phrodo-dextran_live_cell_dye,0.7374960993727048,Gene,#4FA7B8,8,Generic multi-task
multitab_pilot,MultiTab,gene_holdout_main,endosome_vps35,0.8158426759143671,Gene,#4FA7B8,8,Generic multi-task
multitab_pilot,MultiTab,gene_holdout_main,er_cona,0.7096797546578778,Gene,#4FA7B8,8,Generic multi-task
multitab_pilot,MultiTab,gene_holdout_main,er_golgi_bridge_vapa,0.7971837875743707,Gene,#4FA7B8,8,Generic multi-task
multitab_pilot,MultiTab,gene_holdout_main,er_golgi_cop-ii_sec23a,0.9257368500034013,Gene,#4FA7B8,8,Generic multi-task
multitab_pilot,MultiTab,gene_holdout_main,er_golgi_cope,0.8239228303233782,Gene,#4FA7B8,8,Generic multi-task
multitab_pilot,MultiTab,gene_holdout_main,er_ncln,0.6606418296694756,Gene,#4FA7B8,8,Generic multi-task
multitab_pilot,MultiTab,gene_holdout_main,er_sec61b,0.7996727354824543,Gene,#4FA7B8,8,Generic multi-task
multitab_pilot,MultiTab,gene_holdout_main,f-actin_phalloidin,0.7451176149977579,Gene,#4FA7B8,8,Generic multi-task
multitab_pilot,MultiTab,gene_holdout_main,fe2+_ferhonox_live-cell_dye,0.8491958593328794,Gene,#4FA7B8,8,Generic multi-task
multitab_pilot,MultiTab,gene_holdout_main,late_endosome_rab7a,0.9121419613560041,Gene,#4FA7B8,8,Generic multi-task
multitab_pilot,MultiTab,gene_holdout_main,lipid_droplet_bodipy_live_cell_dye,0.9096646385888258,Gene,#4FA7B8,8,Generic multi-task
multitab_pilot,MultiTab,gene_holdout_main,lipid_droplet_plin2,0.7028981183966001,Gene,#4FA7B8,8,Generic multi-task
multitab_pilot,MultiTab,gene_holdout_main,lysosome_lamp1,0.7390897442897162,Gene,#4FA7B8,8,Generic multi-task
multitab_pilot,MultiTab,gene_holdout_main,lysosome_lysotracker_live-cell_dye,0.9194439438482126,Gene,#4FA7B8,8,Generic multi-task
multitab_pilot,MultiTab,gene_holdout_main,microtubules_map4,0.8172751985490322,Gene,#4FA7B8,8,Generic multi-task
multitab_pilot,MultiTab,gene_holdout_main,microtubules_tubulin,0.7236346000598537,Gene,#4FA7B8,8,Generic multi-task
multitab_pilot,MultiTab,gene_holdout_main,mitochondria_chromalive_561_excitation,0.7841773174703122,Gene,#4FA7B8,8,Generic multi-task
multitab_pilot,MultiTab,gene_holdout_main,mitochondria_tomm20,0.6893992709202899,Gene,#4FA7B8,8,Generic multi-task
multitab_pilot,MultiTab,gene_holdout_main,mitochondria_tomm70a,0.7390758516887824,Gene,#4FA7B8,8,Generic multi-task
multitab_pilot,MultiTab,gene_holdout_main,nuclear_speckles_srrm2,0.841885656863451,Gene,#4FA7B8,8,Generic multi-task
multitab_pilot,MultiTab,gene_holdout_main,nuclei_hoechst,0.732318297525247,Gene,#4FA7B8,8,Generic multi-task
multitab_pilot,MultiTab,gene_holdout_main,nuclei_nucleolive_live_cell_dye,0.8229696842531362,Gene,#4FA7B8,8,Generic multi-task
multitab_pilot,MultiTab,gene_holdout_main,nucleoli_npm1,0.5339263955752055,Gene,#4FA7B8,8,Generic multi-task
multitab_pilot,MultiTab,gene_holdout_main,nucleolus-dfc_fbl,0.7721325355271499,Gene,#4FA7B8,8,Generic multi-task
multitab_pilot,MultiTab,gene_holdout_main,nucleolus-gc_npm3,0.8210308278600374,Gene,#4FA7B8,8,Generic multi-task
multitab_pilot,MultiTab,gene_holdout_main,oxidative_stress_cellrox_live-cell_dye,0.6560628405461708,Gene,#4FA7B8,8,Generic multi-task
multitab_pilot,MultiTab,gene_holdout_main,p21,0.6128897752364477,Gene,#4FA7B8,8,Generic multi-task
multitab_pilot,MultiTab,gene_holdout_main,p53,0.5729707558949788,Gene,#4FA7B8,8,Generic multi-task
multitab_pilot,MultiTab,gene_holdout_main,peroxisome_peroxi_spy650_live_cell_dye,0.7857924612859886,Gene,#4FA7B8,8,Generic multi-task
multitab_pilot,MultiTab,gene_holdout_main,plasma_membrane_atp1b3,0.7507135776182017,Gene,#4FA7B8,8,Generic multi-task
multitab_pilot,MultiTab,gene_holdout_main,plasma_membrane_slc3a2,0.9076299602786702,Gene,#4FA7B8,8,Generic multi-task
multitab_pilot,MultiTab,gene_holdout_main,plasma_membrane_wga,0.748445111182001,Gene,#4FA7B8,8,Generic multi-task
multitab_pilot,MultiTab,gene_holdout_main,prb,0.49654026944811147,Gene,#4FA7B8,8,Generic multi-task
multitab_pilot,MultiTab,gene_holdout_main,proteasome_psmb7,0.6006416794533531,Gene,#4FA7B8,8,Generic multi-task
multitab_pilot,MultiTab,gene_holdout_main,ps6,0.5879210577206686,Gene,#4FA7B8,8,Generic multi-task
multitab_pilot,MultiTab,gene_holdout_main,recycling_endosome_tfrc,0.8663041594127814,Gene,#4FA7B8,8,Generic multi-task
multitab_pilot,MultiTab,gene_holdout_main,stress_granule_g3bp1,0.9268883352478345,Gene,#4FA7B8,8,Generic multi-task
multitab_pilot,MultiTab,gene_holdout_main,trans-golgi_vamp3,0.6655201690892378,Gene,#4FA7B8,8,Generic multi-task
multitab_pilot,MultiTab,strict_whole_screen,5xupre,0.752654987325271,Whole-screen,#4FA7B8,8,Generic multi-task
multitab_pilot,MultiTab,strict_whole_screen,actin_filament_fastact_spy555_live_cell_dye,0.8871992154667774,Whole-screen,#4FA7B8,8,Generic multi-task
multitab_pilot,MultiTab,strict_whole_screen,autophagosome_atg101,0.7101625545571247,Whole-screen,#4FA7B8,8,Generic multi-task
multitab_pilot,MultiTab,strict_whole_screen,autophagosome_map1lc3b,0.7245337571948767,Whole-screen,#4FA7B8,8,Generic multi-task
multitab_pilot,MultiTab,strict_whole_screen,caspase_activity_cellevent-caspase_live-cell_dye,0.5651070116631066,Whole-screen,#4FA7B8,8,Generic multi-task
multitab_pilot,MultiTab,strict_whole_screen,cell_proliferation_marker_mki67,0.5501191761965553,Whole-screen,#4FA7B8,8,Generic multi-task
multitab_pilot,MultiTab,strict_whole_screen,chaperones_hspa1b,0.6638963113849362,Whole-screen,#4FA7B8,8,Generic multi-task
multitab_pilot,MultiTab,strict_whole_screen,chromalive_488_excitation,0.6806518935287993,Whole-screen,#4FA7B8,8,Generic multi-task
multitab_pilot,MultiTab,strict_whole_screen,chromatin_h2bc21,0.7299480258176724,Whole-screen,#4FA7B8,8,Generic multi-task
multitab_pilot,MultiTab,strict_whole_screen,clathrin_vesicles_clta,0.9038052024940649,Whole-screen,#4FA7B8,8,Generic multi-task
multitab_pilot,MultiTab,strict_whole_screen,endocytic_vesicle_ph_phrodo-dextran_live_cell_dye,0.20291496231220654,Whole-screen,#4FA7B8,8,Generic multi-task
multitab_pilot,MultiTab,strict_whole_screen,endosome_vps35,0.7709708220014969,Whole-screen,#4FA7B8,8,Generic multi-task
multitab_pilot,MultiTab,strict_whole_screen,er_golgi_bridge_vapa,0.8023487366735935,Whole-screen,#4FA7B8,8,Generic multi-task
multitab_pilot,MultiTab,strict_whole_screen,er_golgi_cope,0.3627227741332414,Whole-screen,#4FA7B8,8,Generic multi-task
multitab_pilot,MultiTab,strict_whole_screen,er_sec61b,0.8526749319086472,Whole-screen,#4FA7B8,8,Generic multi-task
multitab_pilot,MultiTab,strict_whole_screen,fe2+_ferhonox_live-cell_dye,0.026438447966938852,Whole-screen,#4FA7B8,8,Generic multi-task
multitab_pilot,MultiTab,strict_whole_screen,late_endosome_rab7a,0.8927677137156327,Whole-screen,#4FA7B8,8,Generic multi-task
multitab_pilot,MultiTab,strict_whole_screen,lipid_droplet_bodipy_live_cell_dye,0.9042915347963572,Whole-screen,#4FA7B8,8,Generic multi-task
multitab_pilot,MultiTab,strict_whole_screen,lipid_droplet_plin2,0.007581569894682602,Whole-screen,#4FA7B8,8,Generic multi-task
multitab_pilot,MultiTab,strict_whole_screen,lysosome_lamp1,0.7523548236737649,Whole-screen,#4FA7B8,8,Generic multi-task
multitab_pilot,MultiTab,strict_whole_screen,lysosome_lysotracker_live-cell_dye,0.9094280095563995,Whole-screen,#4FA7B8,8,Generic multi-task
multitab_pilot,MultiTab,strict_whole_screen,mitochondria_chromalive_561_excitation,0.7239609359918784,Whole-screen,#4FA7B8,8,Generic multi-task
multitab_pilot,MultiTab,strict_whole_screen,mitochondria_tomm70a,0.567523168787981,Whole-screen,#4FA7B8,8,Generic multi-task
multitab_pilot,MultiTab,strict_whole_screen,nuclear_speckles_srrm2,0.60035013120311,Whole-screen,#4FA7B8,8,Generic multi-task
multitab_pilot,MultiTab,strict_whole_screen,nuclei_nucleolive_live_cell_dye,0.4421986325711865,Whole-screen,#4FA7B8,8,Generic multi-task
multitab_pilot,MultiTab,strict_whole_screen,nucleolus-dfc_fbl,0.4668278221894676,Whole-screen,#4FA7B8,8,Generic multi-task
multitab_pilot,MultiTab,strict_whole_screen,nucleolus-gc_npm3,0.6818611222940186,Whole-screen,#4FA7B8,8,Generic multi-task
multitab_pilot,MultiTab,strict_whole_screen,oxidative_stress_cellrox_live-cell_dye,0.43633478703365347,Whole-screen,#4FA7B8,8,Generic multi-task
multitab_pilot,MultiTab,strict_whole_screen,peroxisome_peroxi_spy650_live_cell_dye,0.6697755493223667,Whole-screen,#4FA7B8,8,Generic multi-task
multitab_pilot,MultiTab,strict_whole_screen,plasma_membrane_atp1b3,0.7538502129415671,Whole-screen,#4FA7B8,8,Generic multi-task
multitab_pilot,MultiTab,strict_whole_screen,plasma_membrane_slc3a2,0.9142360178132851,Whole-screen,#4FA7B8,8,Generic multi-task
multitab_pilot,MultiTab,strict_whole_screen,proteasome_psmb7,0.5685729619581252,Whole-screen,#4FA7B8,8,Generic multi-task
multitab_pilot,MultiTab,strict_whole_screen,recycling_endosome_tfrc,0.8469575929145019,Whole-screen,#4FA7B8,8,Generic multi-task
multitab_pilot,MultiTab,strict_whole_screen,trans-golgi_vamp3,0.567946601503839,Whole-screen,#4FA7B8,8,Generic multi-task
resmlp_52head,ResMLP,field_holdout_sanity,5xupre,0.7092632257938385,Field,#4F9A70,7,Generic multi-task
resmlp_52head,ResMLP,field_holdout_sanity,actin_filament_fastact_spy555_live_cell_dye,0.8876645925144355,Field,#4F9A70,7,Generic multi-task
resmlp_52head,ResMLP,field_holdout_sanity,autophagosome_atg101,0.6251525496443112,Field,#4F9A70,7,Generic multi-task
resmlp_52head,ResMLP,field_holdout_sanity,autophagosome_map1lc3b,0.84596560622255,Field,#4F9A70,7,Generic multi-task
resmlp_52head,ResMLP,field_holdout_sanity,b-catenin,0.5334295676648617,Field,#4F9A70,7,Generic multi-task
resmlp_52head,ResMLP,field_holdout_sanity,c-myc,0.5099469578266144,Field,#4F9A70,7,Generic multi-task
resmlp_52head,ResMLP,field_holdout_sanity,caspase_activity_cellevent-caspase_live-cell_dye,0.53487728027006,Field,#4F9A70,7,Generic multi-task
resmlp_52head,ResMLP,field_holdout_sanity,cell_proliferation_marker_mki67,0.6160626955330372,Field,#4F9A70,7,Generic multi-task
resmlp_52head,ResMLP,field_holdout_sanity,chaperones_hspa1b,0.7821032082041104,Field,#4F9A70,7,Generic multi-task
resmlp_52head,ResMLP,field_holdout_sanity,chromalive_488_excitation,0.7120705984532834,Field,#4F9A70,7,Generic multi-task
resmlp_52head,ResMLP,field_holdout_sanity,chromatin_h2bc21,0.6905657055477301,Field,#4F9A70,7,Generic multi-task
resmlp_52head,ResMLP,field_holdout_sanity,clathrin_vesicles_clta,0.8765875279903412,Field,#4F9A70,7,Generic multi-task
resmlp_52head,ResMLP,field_holdout_sanity,early_endosome_eea1,0.874773425857226,Field,#4F9A70,7,Generic multi-task
resmlp_52head,ResMLP,field_holdout_sanity,endocytic_vesicle_ph_phrodo-dextran_live_cell_dye,0.6893850483000279,Field,#4F9A70,7,Generic multi-task
resmlp_52head,ResMLP,field_holdout_sanity,endosome_vps35,0.7876972258090973,Field,#4F9A70,7,Generic multi-task
resmlp_52head,ResMLP,field_holdout_sanity,er_cona,0.5816584697200192,Field,#4F9A70,7,Generic multi-task
resmlp_52head,ResMLP,field_holdout_sanity,er_golgi_bridge_vapa,0.7516050028304259,Field,#4F9A70,7,Generic multi-task
resmlp_52head,ResMLP,field_holdout_sanity,er_golgi_cop-ii_sec23a,0.8936522543430329,Field,#4F9A70,7,Generic multi-task
resmlp_52head,ResMLP,field_holdout_sanity,er_golgi_cope,0.7842666866878669,Field,#4F9A70,7,Generic multi-task
resmlp_52head,ResMLP,field_holdout_sanity,er_ncln,0.5672884898260235,Field,#4F9A70,7,Generic multi-task
resmlp_52head,ResMLP,field_holdout_sanity,er_sec61b,0.7773796672622363,Field,#4F9A70,7,Generic multi-task
resmlp_52head,ResMLP,field_holdout_sanity,f-actin_phalloidin,0.6196369099948141,Field,#4F9A70,7,Generic multi-task
resmlp_52head,ResMLP,field_holdout_sanity,fe2+_ferhonox_live-cell_dye,0.8657589234411717,Field,#4F9A70,7,Generic multi-task
resmlp_52head,ResMLP,field_holdout_sanity,late_endosome_rab7a,0.8919043692449728,Field,#4F9A70,7,Generic multi-task
resmlp_52head,ResMLP,field_holdout_sanity,lipid_droplet_bodipy_live_cell_dye,0.8871968413392702,Field,#4F9A70,7,Generic multi-task
resmlp_52head,ResMLP,field_holdout_sanity,lipid_droplet_plin2,0.6791346240788698,Field,#4F9A70,7,Generic multi-task
resmlp_52head,ResMLP,field_holdout_sanity,lysosome_lamp1,0.6954231910407543,Field,#4F9A70,7,Generic multi-task
resmlp_52head,ResMLP,field_holdout_sanity,lysosome_lysotracker_live-cell_dye,0.9011794437964757,Field,#4F9A70,7,Generic multi-task
resmlp_52head,ResMLP,field_holdout_sanity,microtubules_map4,0.7620604947209358,Field,#4F9A70,7,Generic multi-task
resmlp_52head,ResMLP,field_holdout_sanity,microtubules_tubulin,0.5982893978142076,Field,#4F9A70,7,Generic multi-task
resmlp_52head,ResMLP,field_holdout_sanity,mitochondria_chromalive_561_excitation,0.7313598131140073,Field,#4F9A70,7,Generic multi-task
resmlp_52head,ResMLP,field_holdout_sanity,mitochondria_tomm20,0.5555985960695479,Field,#4F9A70,7,Generic multi-task
resmlp_52head,ResMLP,field_holdout_sanity,mitochondria_tomm70a,0.6855941695471606,Field,#4F9A70,7,Generic multi-task
resmlp_52head,ResMLP,field_holdout_sanity,nuclear_speckles_srrm2,0.809269481152296,Field,#4F9A70,7,Generic multi-task
resmlp_52head,ResMLP,field_holdout_sanity,nuclei_hoechst,0.6775466549396515,Field,#4F9A70,7,Generic multi-task
resmlp_52head,ResMLP,field_holdout_sanity,nuclei_nucleolive_live_cell_dye,0.7292068046828112,Field,#4F9A70,7,Generic multi-task
resmlp_52head,ResMLP,field_holdout_sanity,nucleoli_npm1,0.42513892524358293,Field,#4F9A70,7,Generic multi-task
resmlp_52head,ResMLP,field_holdout_sanity,nucleolus-dfc_fbl,0.7305245712399483,Field,#4F9A70,7,Generic multi-task
resmlp_52head,ResMLP,field_holdout_sanity,nucleolus-gc_npm3,0.7443298826615016,Field,#4F9A70,7,Generic multi-task
resmlp_52head,ResMLP,field_holdout_sanity,oxidative_stress_cellrox_live-cell_dye,0.6426992740482091,Field,#4F9A70,7,Generic multi-task
resmlp_52head,ResMLP,field_holdout_sanity,p21,0.5169316999117534,Field,#4F9A70,7,Generic multi-task
resmlp_52head,ResMLP,field_holdout_sanity,p53,0.45934412424763044,Field,#4F9A70,7,Generic multi-task
resmlp_52head,ResMLP,field_holdout_sanity,peroxisome_peroxi_spy650_live_cell_dye,0.748832768201828,Field,#4F9A70,7,Generic multi-task
resmlp_52head,ResMLP,field_holdout_sanity,plasma_membrane_atp1b3,0.6568686599532764,Field,#4F9A70,7,Generic multi-task
resmlp_52head,ResMLP,field_holdout_sanity,plasma_membrane_slc3a2,0.8899446939428648,Field,#4F9A70,7,Generic multi-task
resmlp_52head,ResMLP,field_holdout_sanity,plasma_membrane_wga,0.6318339026636547,Field,#4F9A70,7,Generic multi-task
resmlp_52head,ResMLP,field_holdout_sanity,prb,0.46619331260522207,Field,#4F9A70,7,Generic multi-task
resmlp_52head,ResMLP,field_holdout_sanity,proteasome_psmb7,0.5251097165669003,Field,#4F9A70,7,Generic multi-task
resmlp_52head,ResMLP,field_holdout_sanity,ps6,0.5632611939233417,Field,#4F9A70,7,Generic multi-task
resmlp_52head,ResMLP,field_holdout_sanity,recycling_endosome_tfrc,0.8160338222980499,Field,#4F9A70,7,Generic multi-task
resmlp_52head,ResMLP,field_holdout_sanity,stress_granule_g3bp1,0.908188995718956,Field,#4F9A70,7,Generic multi-task
resmlp_52head,ResMLP,field_holdout_sanity,trans-golgi_vamp3,0.6214383511493604,Field,#4F9A70,7,Generic multi-task
resmlp_52head,ResMLP,gene_holdout_main,5xupre,0.7494547906517982,Gene,#4F9A70,7,Generic multi-task
resmlp_52head,ResMLP,gene_holdout_main,actin_filament_fastact_spy555_live_cell_dye,0.9155011514822643,Gene,#4F9A70,7,Generic multi-task
resmlp_52head,ResMLP,gene_holdout_main,autophagosome_atg101,0.6899523461858431,Gene,#4F9A70,7,Generic multi-task
resmlp_52head,ResMLP,gene_holdout_main,autophagosome_map1lc3b,0.8981655523180961,Gene,#4F9A70,7,Generic multi-task
resmlp_52head,ResMLP,gene_holdout_main,b-catenin,0.5665307138829181,Gene,#4F9A70,7,Generic multi-task
resmlp_52head,ResMLP,gene_holdout_main,c-myc,0.5703705861171087,Gene,#4F9A70,7,Generic multi-task
resmlp_52head,ResMLP,gene_holdout_main,caspase_activity_cellevent-caspase_live-cell_dye,0.5737849343878527,Gene,#4F9A70,7,Generic multi-task
resmlp_52head,ResMLP,gene_holdout_main,cell_proliferation_marker_mki67,0.6730786527196566,Gene,#4F9A70,7,Generic multi-task
resmlp_52head,ResMLP,gene_holdout_main,chaperones_hspa1b,0.8321143818398318,Gene,#4F9A70,7,Generic multi-task
resmlp_52head,ResMLP,gene_holdout_main,chromalive_488_excitation,0.7787407832841078,Gene,#4F9A70,7,Generic multi-task
resmlp_52head,ResMLP,gene_holdout_main,chromatin_h2bc21,0.7685630535085995,Gene,#4F9A70,7,Generic multi-task
resmlp_52head,ResMLP,gene_holdout_main,clathrin_vesicles_clta,0.9103827553490798,Gene,#4F9A70,7,Generic multi-task
resmlp_52head,ResMLP,gene_holdout_main,early_endosome_eea1,0.918405382335186,Gene,#4F9A70,7,Generic multi-task
resmlp_52head,ResMLP,gene_holdout_main,endocytic_vesicle_ph_phrodo-dextran_live_cell_dye,0.7568190296490986,Gene,#4F9A70,7,Generic multi-task
resmlp_52head,ResMLP,gene_holdout_main,endosome_vps35,0.8203286153574785,Gene,#4F9A70,7,Generic multi-task
resmlp_52head,ResMLP,gene_holdout_main,er_cona,0.6700809821900394,Gene,#4F9A70,7,Generic multi-task
resmlp_52head,ResMLP,gene_holdout_main,er_golgi_bridge_vapa,0.7929297789931298,Gene,#4F9A70,7,Generic multi-task
resmlp_52head,ResMLP,gene_holdout_main,er_golgi_cop-ii_sec23a,0.930189111828804,Gene,#4F9A70,7,Generic multi-task
resmlp_52head,ResMLP,gene_holdout_main,er_golgi_cope,0.8325679523249466,Gene,#4F9A70,7,Generic multi-task
resmlp_52head,ResMLP,gene_holdout_main,er_ncln,0.6520827031383911,Gene,#4F9A70,7,Generic multi-task
resmlp_52head,ResMLP,gene_holdout_main,er_sec61b,0.8025951869785786,Gene,#4F9A70,7,Generic multi-task
resmlp_52head,ResMLP,gene_holdout_main,f-actin_phalloidin,0.714591080447038,Gene,#4F9A70,7,Generic multi-task
resmlp_52head,ResMLP,gene_holdout_main,fe2+_ferhonox_live-cell_dye,0.9035074686010678,Gene,#4F9A70,7,Generic multi-task
resmlp_52head,ResMLP,gene_holdout_main,late_endosome_rab7a,0.9177228098114332,Gene,#4F9A70,7,Generic multi-task
resmlp_52head,ResMLP,gene_holdout_main,lipid_droplet_bodipy_live_cell_dye,0.9193180941045285,Gene,#4F9A70,7,Generic multi-task
resmlp_52head,ResMLP,gene_holdout_main,lipid_droplet_plin2,0.6882107877482971,Gene,#4F9A70,7,Generic multi-task
resmlp_52head,ResMLP,gene_holdout_main,lysosome_lamp1,0.7334773696959018,Gene,#4F9A70,7,Generic multi-task
resmlp_52head,ResMLP,gene_holdout_main,lysosome_lysotracker_live-cell_dye,0.9226673789322376,Gene,#4F9A70,7,Generic multi-task
resmlp_52head,ResMLP,gene_holdout_main,microtubules_map4,0.8217960519095261,Gene,#4F9A70,7,Generic multi-task
resmlp_52head,ResMLP,gene_holdout_main,microtubules_tubulin,0.6871918249875307,Gene,#4F9A70,7,Generic multi-task
resmlp_52head,ResMLP,gene_holdout_main,mitochondria_chromalive_561_excitation,0.8001029511292777,Gene,#4F9A70,7,Generic multi-task
resmlp_52head,ResMLP,gene_holdout_main,mitochondria_tomm20,0.6560017986430062,Gene,#4F9A70,7,Generic multi-task
resmlp_52head,ResMLP,gene_holdout_main,mitochondria_tomm70a,0.7500856931010882,Gene,#4F9A70,7,Generic multi-task
resmlp_52head,ResMLP,gene_holdout_main,nuclear_speckles_srrm2,0.8675251086552939,Gene,#4F9A70,7,Generic multi-task
resmlp_52head,ResMLP,gene_holdout_main,nuclei_hoechst,0.7173726255695025,Gene,#4F9A70,7,Generic multi-task
resmlp_52head,ResMLP,gene_holdout_main,nuclei_nucleolive_live_cell_dye,0.8391533603270849,Gene,#4F9A70,7,Generic multi-task
resmlp_52head,ResMLP,gene_holdout_main,nucleoli_npm1,0.4905579023477104,Gene,#4F9A70,7,Generic multi-task
resmlp_52head,ResMLP,gene_holdout_main,nucleolus-dfc_fbl,0.7907092524071534,Gene,#4F9A70,7,Generic multi-task
resmlp_52head,ResMLP,gene_holdout_main,nucleolus-gc_npm3,0.8240870078404745,Gene,#4F9A70,7,Generic multi-task
resmlp_52head,ResMLP,gene_holdout_main,oxidative_stress_cellrox_live-cell_dye,0.6886534954110781,Gene,#4F9A70,7,Generic multi-task
resmlp_52head,ResMLP,gene_holdout_main,p21,0.6170539314548175,Gene,#4F9A70,7,Generic multi-task
resmlp_52head,ResMLP,gene_holdout_main,p53,0.5897567549347877,Gene,#4F9A70,7,Generic multi-task
resmlp_52head,ResMLP,gene_holdout_main,peroxisome_peroxi_spy650_live_cell_dye,0.7876025937497616,Gene,#4F9A70,7,Generic multi-task
resmlp_52head,ResMLP,gene_holdout_main,plasma_membrane_atp1b3,0.7485478329161803,Gene,#4F9A70,7,Generic multi-task
resmlp_52head,ResMLP,gene_holdout_main,plasma_membrane_slc3a2,0.9120581244428954,Gene,#4F9A70,7,Generic multi-task
resmlp_52head,ResMLP,gene_holdout_main,plasma_membrane_wga,0.7185903190738625,Gene,#4F9A70,7,Generic multi-task
resmlp_52head,ResMLP,gene_holdout_main,prb,0.49025851530333353,Gene,#4F9A70,7,Generic multi-task
resmlp_52head,ResMLP,gene_holdout_main,proteasome_psmb7,0.6070540153887123,Gene,#4F9A70,7,Generic multi-task
resmlp_52head,ResMLP,gene_holdout_main,ps6,0.5754777855086528,Gene,#4F9A70,7,Generic multi-task
resmlp_52head,ResMLP,gene_holdout_main,recycling_endosome_tfrc,0.861589882026116,Gene,#4F9A70,7,Generic multi-task
resmlp_52head,ResMLP,gene_holdout_main,stress_granule_g3bp1,0.9323738202452659,Gene,#4F9A70,7,Generic multi-task
resmlp_52head,ResMLP,gene_holdout_main,trans-golgi_vamp3,0.6625943019986152,Gene,#4F9A70,7,Generic multi-task
resmlp_52head,ResMLP,strict_whole_screen,5xupre,0.7584942477444807,Whole-screen,#4F9A70,7,Generic multi-task
resmlp_52head,ResMLP,strict_whole_screen,actin_filament_fastact_spy555_live_cell_dye,0.8973068825900554,Whole-screen,#4F9A70,7,Generic multi-task
resmlp_52head,ResMLP,strict_whole_screen,autophagosome_atg101,0.6975528299808502,Whole-screen,#4F9A70,7,Generic multi-task
resmlp_52head,ResMLP,strict_whole_screen,autophagosome_map1lc3b,0.716690243066599,Whole-screen,#4F9A70,7,Generic multi-task
resmlp_52head,ResMLP,strict_whole_screen,caspase_activity_cellevent-caspase_live-cell_dye,0.542896507618328,Whole-screen,#4F9A70,7,Generic multi-task
resmlp_52head,ResMLP,strict_whole_screen,cell_proliferation_marker_mki67,0.5290453786340853,Whole-screen,#4F9A70,7,Generic multi-task
resmlp_52head,ResMLP,strict_whole_screen,chaperones_hspa1b,0.7553892334302266,Whole-screen,#4F9A70,7,Generic multi-task
resmlp_52head,ResMLP,strict_whole_screen,chromalive_488_excitation,0.6469263657927513,Whole-screen,#4F9A70,7,Generic multi-task
resmlp_52head,ResMLP,strict_whole_screen,chromatin_h2bc21,0.7512142198781173,Whole-screen,#4F9A70,7,Generic multi-task
resmlp_52head,ResMLP,strict_whole_screen,clathrin_vesicles_clta,0.9103988781571388,Whole-screen,#4F9A70,7,Generic multi-task
resmlp_52head,ResMLP,strict_whole_screen,endocytic_vesicle_ph_phrodo-dextran_live_cell_dye,0.3360200087839379,Whole-screen,#4F9A70,7,Generic multi-task
resmlp_52head,ResMLP,strict_whole_screen,endosome_vps35,0.7708845759431521,Whole-screen,#4F9A70,7,Generic multi-task
resmlp_52head,ResMLP,strict_whole_screen,er_golgi_bridge_vapa,0.7962253404160341,Whole-screen,#4F9A70,7,Generic multi-task
resmlp_52head,ResMLP,strict_whole_screen,er_golgi_cope,0.461459140603741,Whole-screen,#4F9A70,7,Generic multi-task
resmlp_52head,ResMLP,strict_whole_screen,er_sec61b,0.855159900461634,Whole-screen,#4F9A70,7,Generic multi-task
resmlp_52head,ResMLP,strict_whole_screen,fe2+_ferhonox_live-cell_dye,-0.005407043810312951,Whole-screen,#4F9A70,7,Generic multi-task
resmlp_52head,ResMLP,strict_whole_screen,late_endosome_rab7a,0.9035185749332111,Whole-screen,#4F9A70,7,Generic multi-task
resmlp_52head,ResMLP,strict_whole_screen,lipid_droplet_bodipy_live_cell_dye,0.9197416982303063,Whole-screen,#4F9A70,7,Generic multi-task
resmlp_52head,ResMLP,strict_whole_screen,lipid_droplet_plin2,0.23247361423758164,Whole-screen,#4F9A70,7,Generic multi-task
resmlp_52head,ResMLP,strict_whole_screen,lysosome_lamp1,0.7416198570281267,Whole-screen,#4F9A70,7,Generic multi-task
resmlp_52head,ResMLP,strict_whole_screen,lysosome_lysotracker_live-cell_dye,0.9219360169437195,Whole-screen,#4F9A70,7,Generic multi-task
resmlp_52head,ResMLP,strict_whole_screen,mitochondria_chromalive_561_excitation,0.765493718907237,Whole-screen,#4F9A70,7,Generic multi-task
resmlp_52head,ResMLP,strict_whole_screen,mitochondria_tomm70a,0.6047331411391497,Whole-screen,#4F9A70,7,Generic multi-task
resmlp_52head,ResMLP,strict_whole_screen,nuclear_speckles_srrm2,0.6451560432712238,Whole-screen,#4F9A70,7,Generic multi-task
resmlp_52head,ResMLP,strict_whole_screen,nuclei_nucleolive_live_cell_dye,0.44333786922895035,Whole-screen,#4F9A70,7,Generic multi-task
resmlp_52head,ResMLP,strict_whole_screen,nucleolus-dfc_fbl,0.43271936848274584,Whole-screen,#4F9A70,7,Generic multi-task
resmlp_52head,ResMLP,strict_whole_screen,nucleolus-gc_npm3,0.7717253156006336,Whole-screen,#4F9A70,7,Generic multi-task
resmlp_52head,ResMLP,strict_whole_screen,oxidative_stress_cellrox_live-cell_dye,0.489225771384857,Whole-screen,#4F9A70,7,Generic multi-task
resmlp_52head,ResMLP,strict_whole_screen,peroxisome_peroxi_spy650_live_cell_dye,0.6657253888746102,Whole-screen,#4F9A70,7,Generic multi-task
resmlp_52head,ResMLP,strict_whole_screen,plasma_membrane_atp1b3,0.7522861200074354,Whole-screen,#4F9A70,7,Generic multi-task
resmlp_52head,ResMLP,strict_whole_screen,plasma_membrane_slc3a2,0.9167893143991629,Whole-screen,#4F9A70,7,Generic multi-task
resmlp_52head,ResMLP,strict_whole_screen,proteasome_psmb7,0.5338539502893884,Whole-screen,#4F9A70,7,Generic multi-task
resmlp_52head,ResMLP,strict_whole_screen,recycling_endosome_tfrc,0.8583823790152867,Whole-screen,#4F9A70,7,Generic multi-task
resmlp_52head,ResMLP,strict_whole_screen,trans-golgi_vamp3,0.5487501406266044,Whole-screen,#4F9A70,7,Generic multi-task
ridge,Ridge,field_holdout_sanity,5xupre,0.700553311407566,Field,#3E6F9C,1,Classical tabular
ridge,Ridge,field_holdout_sanity,actin_filament_fastact_spy555_live_cell_dye,0.877019960184892,Field,#3E6F9C,1,Classical tabular
ridge,Ridge,field_holdout_sanity,autophagosome_atg101,0.6425670056293409,Field,#3E6F9C,1,Classical tabular
ridge,Ridge,field_holdout_sanity,autophagosome_map1lc3b,0.821383678416411,Field,#3E6F9C,1,Classical tabular
ridge,Ridge,field_holdout_sanity,b-catenin,0.4525950405746698,Field,#3E6F9C,1,Classical tabular
ridge,Ridge,field_holdout_sanity,c-myc,0.4842531540989875,Field,#3E6F9C,1,Classical tabular
ridge,Ridge,field_holdout_sanity,caspase_activity_cellevent-caspase_live-cell_dye,0.5436691109091043,Field,#3E6F9C,1,Classical tabular
ridge,Ridge,field_holdout_sanity,cell_proliferation_marker_mki67,0.6055402892331282,Field,#3E6F9C,1,Classical tabular
ridge,Ridge,field_holdout_sanity,chaperones_hspa1b,0.7660434188942113,Field,#3E6F9C,1,Classical tabular
ridge,Ridge,field_holdout_sanity,chromalive_488_excitation,0.6547480498751004,Field,#3E6F9C,1,Classical tabular
ridge,Ridge,field_holdout_sanity,chromatin_h2bc21,0.6549649188915888,Field,#3E6F9C,1,Classical tabular
ridge,Ridge,field_holdout_sanity,clathrin_vesicles_clta,0.868015648672978,Field,#3E6F9C,1,Classical tabular
ridge,Ridge,field_holdout_sanity,early_endosome_eea1,0.8691529470185438,Field,#3E6F9C,1,Classical tabular
ridge,Ridge,field_holdout_sanity,endocytic_vesicle_ph_phrodo-dextran_live_cell_dye,0.6566972622027,Field,#3E6F9C,1,Classical tabular
ridge,Ridge,field_holdout_sanity,endosome_vps35,0.7634728531042734,Field,#3E6F9C,1,Classical tabular
ridge,Ridge,field_holdout_sanity,er_cona,0.6080746472295788,Field,#3E6F9C,1,Classical tabular
ridge,Ridge,field_holdout_sanity,er_golgi_bridge_vapa,0.7656819254159928,Field,#3E6F9C,1,Classical tabular
ridge,Ridge,field_holdout_sanity,er_golgi_cop-ii_sec23a,0.8867480707665285,Field,#3E6F9C,1,Classical tabular
ridge,Ridge,field_holdout_sanity,er_golgi_cope,0.7719027603665987,Field,#3E6F9C,1,Classical tabular
ridge,Ridge,field_holdout_sanity,er_ncln,0.5774955691148838,Field,#3E6F9C,1,Classical tabular
ridge,Ridge,field_holdout_sanity,er_sec61b,0.772900731364886,Field,#3E6F9C,1,Classical tabular
ridge,Ridge,field_holdout_sanity,f-actin_phalloidin,0.6492916828228368,Field,#3E6F9C,1,Classical tabular
ridge,Ridge,field_holdout_sanity,fe2+_ferhonox_live-cell_dye,0.8499442536383868,Field,#3E6F9C,1,Classical tabular
ridge,Ridge,field_holdout_sanity,late_endosome_rab7a,0.8758998195330301,Field,#3E6F9C,1,Classical tabular
ridge,Ridge,field_holdout_sanity,lipid_droplet_bodipy_live_cell_dye,0.8780880672236284,Field,#3E6F9C,1,Classical tabular
ridge,Ridge,field_holdout_sanity,lipid_droplet_plin2,0.5988968991984923,Field,#3E6F9C,1,Classical tabular
ridge,Ridge,field_holdout_sanity,lysosome_lamp1,0.6978961460292339,Field,#3E6F9C,1,Classical tabular
ridge,Ridge,field_holdout_sanity,lysosome_lysotracker_live-cell_dye,0.9039843579133352,Field,#3E6F9C,1,Classical tabular
ridge,Ridge,field_holdout_sanity,microtubules_map4,0.7550759347776572,Field,#3E6F9C,1,Classical tabular
ridge,Ridge,field_holdout_sanity,microtubules_tubulin,0.6255074021716913,Field,#3E6F9C,1,Classical tabular
ridge,Ridge,field_holdout_sanity,mitochondria_chromalive_561_excitation,0.7160759513576825,Field,#3E6F9C,1,Classical tabular
ridge,Ridge,field_holdout_sanity,mitochondria_tomm20,0.5904161766585376,Field,#3E6F9C,1,Classical tabular
ridge,Ridge,field_holdout_sanity,mitochondria_tomm70a,0.6649780961374442,Field,#3E6F9C,1,Classical tabular
ridge,Ridge,field_holdout_sanity,nuclear_speckles_srrm2,0.7557327451805274,Field,#3E6F9C,1,Classical tabular
ridge,Ridge,field_holdout_sanity,nuclei_hoechst,0.6830912136038144,Field,#3E6F9C,1,Classical tabular
ridge,Ridge,field_holdout_sanity,nuclei_nucleolive_live_cell_dye,0.5235215845207374,Field,#3E6F9C,1,Classical tabular
ridge,Ridge,field_holdout_sanity,nucleoli_npm1,0.4547832916180292,Field,#3E6F9C,1,Classical tabular
ridge,Ridge,field_holdout_sanity,nucleolus-dfc_fbl,0.6747707205514113,Field,#3E6F9C,1,Classical tabular
ridge,Ridge,field_holdout_sanity,nucleolus-gc_npm3,0.7460518655677636,Field,#3E6F9C,1,Classical tabular
ridge,Ridge,field_holdout_sanity,oxidative_stress_cellrox_live-cell_dye,0.5830134946852923,Field,#3E6F9C,1,Classical tabular
ridge,Ridge,field_holdout_sanity,p21,0.4939931655923525,Field,#3E6F9C,1,Classical tabular
ridge,Ridge,field_holdout_sanity,p53,0.44829662203788756,Field,#3E6F9C,1,Classical tabular
ridge,Ridge,field_holdout_sanity,peroxisome_peroxi_spy650_live_cell_dye,0.7373208751281102,Field,#3E6F9C,1,Classical tabular
ridge,Ridge,field_holdout_sanity,plasma_membrane_atp1b3,0.6675723010053238,Field,#3E6F9C,1,Classical tabular
ridge,Ridge,field_holdout_sanity,plasma_membrane_slc3a2,0.8847166294852892,Field,#3E6F9C,1,Classical tabular
ridge,Ridge,field_holdout_sanity,plasma_membrane_wga,0.6589991533921824,Field,#3E6F9C,1,Classical tabular
ridge,Ridge,field_holdout_sanity,prb,0.40235638002554575,Field,#3E6F9C,1,Classical tabular
ridge,Ridge,field_holdout_sanity,proteasome_psmb7,0.4890376909791181,Field,#3E6F9C,1,Classical tabular
ridge,Ridge,field_holdout_sanity,ps6,0.4861981813257444,Field,#3E6F9C,1,Classical tabular
ridge,Ridge,field_holdout_sanity,recycling_endosome_tfrc,0.8103033795952796,Field,#3E6F9C,1,Classical tabular
ridge,Ridge,field_holdout_sanity,stress_granule_g3bp1,0.8941575673719248,Field,#3E6F9C,1,Classical tabular
ridge,Ridge,field_holdout_sanity,trans-golgi_vamp3,0.6185745686292649,Field,#3E6F9C,1,Classical tabular
ridge,Ridge,gene_holdout_main,5xupre,0.7399626645445824,Gene,#3E6F9C,1,Classical tabular
ridge,Ridge,gene_holdout_main,actin_filament_fastact_spy555_live_cell_dye,0.90384865278999,Gene,#3E6F9C,1,Classical tabular
ridge,Ridge,gene_holdout_main,autophagosome_atg101,0.7098886396735906,Gene,#3E6F9C,1,Classical tabular
ridge,Ridge,gene_holdout_main,autophagosome_map1lc3b,0.8714797365168732,Gene,#3E6F9C,1,Classical tabular
ridge,Ridge,gene_holdout_main,b-catenin,0.48662442849948995,Gene,#3E6F9C,1,Classical tabular
ridge,Ridge,gene_holdout_main,c-myc,0.5290730440616608,Gene,#3E6F9C,1,Classical tabular
ridge,Ridge,gene_holdout_main,caspase_activity_cellevent-caspase_live-cell_dye,0.5773035709299923,Gene,#3E6F9C,1,Classical tabular
ridge,Ridge,gene_holdout_main,cell_proliferation_marker_mki67,0.6518868627647558,Gene,#3E6F9C,1,Classical tabular
ridge,Ridge,gene_holdout_main,chaperones_hspa1b,0.8186237648129463,Gene,#3E6F9C,1,Classical tabular
ridge,Ridge,gene_holdout_main,chromalive_488_excitation,0.708968548104167,Gene,#3E6F9C,1,Classical tabular
ridge,Ridge,gene_holdout_main,chromatin_h2bc21,0.7240808285772801,Gene,#3E6F9C,1,Classical tabular
ridge,Ridge,gene_holdout_main,clathrin_vesicles_clta,0.9024441542724768,Gene,#3E6F9C,1,Classical tabular
ridge,Ridge,gene_holdout_main,early_endosome_eea1,0.915028582016627,Gene,#3E6F9C,1,Classical tabular
ridge,Ridge,gene_holdout_main,endocytic_vesicle_ph_phrodo-dextran_live_cell_dye,0.7222789462655783,Gene,#3E6F9C,1,Classical tabular
ridge,Ridge,gene_holdout_main,endosome_vps35,0.794399838646253,Gene,#3E6F9C,1,Classical tabular
ridge,Ridge,gene_holdout_main,er_cona,0.6960643162329991,Gene,#3E6F9C,1,Classical tabular
ridge,Ridge,gene_holdout_main,er_golgi_bridge_vapa,0.8025852625568708,Gene,#3E6F9C,1,Classical tabular
ridge,Ridge,gene_holdout_main,er_golgi_cop-ii_sec23a,0.9235264321168264,Gene,#3E6F9C,1,Classical tabular
ridge,Ridge,gene_holdout_main,er_golgi_cope,0.8156893779834112,Gene,#3E6F9C,1,Classical tabular
ridge,Ridge,gene_holdout_main,er_ncln,0.6541416257619858,Gene,#3E6F9C,1,Classical tabular
ridge,Ridge,gene_holdout_main,er_sec61b,0.7997145779430866,Gene,#3E6F9C,1,Classical tabular
ridge,Ridge,gene_holdout_main,f-actin_phalloidin,0.7341089549163977,Gene,#3E6F9C,1,Classical tabular
ridge,Ridge,gene_holdout_main,fe2+_ferhonox_live-cell_dye,0.8932500552386046,Gene,#3E6F9C,1,Classical tabular
ridge,Ridge,gene_holdout_main,late_endosome_rab7a,0.9049768147369226,Gene,#3E6F9C,1,Classical tabular
ridge,Ridge,gene_holdout_main,lipid_droplet_bodipy_live_cell_dye,0.9125748482843241,Gene,#3E6F9C,1,Classical tabular
ridge,Ridge,gene_holdout_main,lipid_droplet_plin2,0.6488321462025246,Gene,#3E6F9C,1,Classical tabular
ridge,Ridge,gene_holdout_main,lysosome_lamp1,0.7416032090783119,Gene,#3E6F9C,1,Classical tabular
ridge,Ridge,gene_holdout_main,lysosome_lysotracker_live-cell_dye,0.9295617289841175,Gene,#3E6F9C,1,Classical tabular
ridge,Ridge,gene_holdout_main,microtubules_map4,0.8173305042088032,Gene,#3E6F9C,1,Classical tabular
ridge,Ridge,gene_holdout_main,microtubules_tubulin,0.7057257308314244,Gene,#3E6F9C,1,Classical tabular
ridge,Ridge,gene_holdout_main,mitochondria_chromalive_561_excitation,0.7789886283377807,Gene,#3E6F9C,1,Classical tabular
ridge,Ridge,gene_holdout_main,mitochondria_tomm20,0.6784984086329737,Gene,#3E6F9C,1,Classical tabular
ridge,Ridge,gene_holdout_main,mitochondria_tomm70a,0.7288978147010008,Gene,#3E6F9C,1,Classical tabular
ridge,Ridge,gene_holdout_main,nuclear_speckles_srrm2,0.827693797647953,Gene,#3E6F9C,1,Classical tabular
ridge,Ridge,gene_holdout_main,nuclei_hoechst,0.7264434562126796,Gene,#3E6F9C,1,Classical tabular
ridge,Ridge,gene_holdout_main,nuclei_nucleolive_live_cell_dye,0.5541024031893661,Gene,#3E6F9C,1,Classical tabular
ridge,Ridge,gene_holdout_main,nucleoli_npm1,0.5145390241510338,Gene,#3E6F9C,1,Classical tabular
ridge,Ridge,gene_holdout_main,nucleolus-dfc_fbl,0.7310937285423279,Gene,#3E6F9C,1,Classical tabular
ridge,Ridge,gene_holdout_main,nucleolus-gc_npm3,0.8274370337526002,Gene,#3E6F9C,1,Classical tabular
ridge,Ridge,gene_holdout_main,oxidative_stress_cellrox_live-cell_dye,0.6344555065656702,Gene,#3E6F9C,1,Classical tabular
ridge,Ridge,gene_holdout_main,p21,0.5958606170117855,Gene,#3E6F9C,1,Classical tabular
ridge,Ridge,gene_holdout_main,p53,0.5711743867397308,Gene,#3E6F9C,1,Classical tabular
ridge,Ridge,gene_holdout_main,peroxisome_peroxi_spy650_live_cell_dye,0.7716399776438871,Gene,#3E6F9C,1,Classical tabular
ridge,Ridge,gene_holdout_main,plasma_membrane_atp1b3,0.7513096377253532,Gene,#3E6F9C,1,Classical tabular
ridge,Ridge,gene_holdout_main,plasma_membrane_slc3a2,0.9065932497382164,Gene,#3E6F9C,1,Classical tabular
ridge,Ridge,gene_holdout_main,plasma_membrane_wga,0.7370578813056151,Gene,#3E6F9C,1,Classical tabular
ridge,Ridge,gene_holdout_main,prb,0.4115069494148095,Gene,#3E6F9C,1,Classical tabular
ridge,Ridge,gene_holdout_main,proteasome_psmb7,0.5710900743026286,Gene,#3E6F9C,1,Classical tabular
ridge,Ridge,gene_holdout_main,ps6,0.5066283236420712,Gene,#3E6F9C,1,Classical tabular
ridge,Ridge,gene_holdout_main,recycling_endosome_tfrc,0.8542119806011519,Gene,#3E6F9C,1,Classical tabular
ridge,Ridge,gene_holdout_main,stress_granule_g3bp1,0.9226302661001682,Gene,#3E6F9C,1,Classical tabular
ridge,Ridge,gene_holdout_main,trans-golgi_vamp3,0.6555836112548907,Gene,#3E6F9C,1,Classical tabular
ridge,Ridge,strict_whole_screen,5xupre,0.7491481093068918,Whole-screen,#3E6F9C,1,Classical tabular
ridge,Ridge,strict_whole_screen,actin_filament_fastact_spy555_live_cell_dye,0.8893680808444818,Whole-screen,#3E6F9C,1,Classical tabular
ridge,Ridge,strict_whole_screen,autophagosome_atg101,0.6675691263129313,Whole-screen,#3E6F9C,1,Classical tabular
ridge,Ridge,strict_whole_screen,autophagosome_map1lc3b,0.6806766736424632,Whole-screen,#3E6F9C,1,Classical tabular
ridge,Ridge,strict_whole_screen,caspase_activity_cellevent-caspase_live-cell_dye,0.5572207144772012,Whole-screen,#3E6F9C,1,Classical tabular
ridge,Ridge,strict_whole_screen,cell_proliferation_marker_mki67,0.6176641165899734,Whole-screen,#3E6F9C,1,Classical tabular
ridge,Ridge,strict_whole_screen,chaperones_hspa1b,0.7919012904167175,Whole-screen,#3E6F9C,1,Classical tabular
ridge,Ridge,strict_whole_screen,chromalive_488_excitation,0.6371499021382381,Whole-screen,#3E6F9C,1,Classical tabular
ridge,Ridge,strict_whole_screen,chromatin_h2bc21,0.7338475578775008,Whole-screen,#3E6F9C,1,Classical tabular
ridge,Ridge,strict_whole_screen,clathrin_vesicles_clta,0.9003889715919892,Whole-screen,#3E6F9C,1,Classical tabular
ridge,Ridge,strict_whole_screen,endocytic_vesicle_ph_phrodo-dextran_live_cell_dye,0.40330160898156464,Whole-screen,#3E6F9C,1,Classical tabular
ridge,Ridge,strict_whole_screen,endosome_vps35,0.7688593932737907,Whole-screen,#3E6F9C,1,Classical tabular
ridge,Ridge,strict_whole_screen,er_golgi_bridge_vapa,0.8004068210721016,Whole-screen,#3E6F9C,1,Classical tabular
ridge,Ridge,strict_whole_screen,er_golgi_cope,0.44889159779995674,Whole-screen,#3E6F9C,1,Classical tabular
ridge,Ridge,strict_whole_screen,er_sec61b,0.8540693891959058,Whole-screen,#3E6F9C,1,Classical tabular
ridge,Ridge,strict_whole_screen,fe2+_ferhonox_live-cell_dye,0.13832893620322764,Whole-screen,#3E6F9C,1,Classical tabular
ridge,Ridge,strict_whole_screen,late_endosome_rab7a,0.8852668205897014,Whole-screen,#3E6F9C,1,Classical tabular
ridge,Ridge,strict_whole_screen,lipid_droplet_bodipy_live_cell_dye,0.9114663104216257,Whole-screen,#3E6F9C,1,Classical tabular
ridge,Ridge,strict_whole_screen,lipid_droplet_plin2,0.4225667901919223,Whole-screen,#3E6F9C,1,Classical tabular
ridge,Ridge,strict_whole_screen,lysosome_lamp1,0.7270348419745764,Whole-screen,#3E6F9C,1,Classical tabular
ridge,Ridge,strict_whole_screen,lysosome_lysotracker_live-cell_dye,0.9285891792840427,Whole-screen,#3E6F9C,1,Classical tabular
ridge,Ridge,strict_whole_screen,mitochondria_chromalive_561_excitation,0.7840069271624088,Whole-screen,#3E6F9C,1,Classical tabular
ridge,Ridge,strict_whole_screen,mitochondria_tomm70a,0.5250874901733671,Whole-screen,#3E6F9C,1,Classical tabular
ridge,Ridge,strict_whole_screen,nuclear_speckles_srrm2,0.5661842369784911,Whole-screen,#3E6F9C,1,Classical tabular
ridge,Ridge,strict_whole_screen,nuclei_nucleolive_live_cell_dye,0.36771613743621856,Whole-screen,#3E6F9C,1,Classical tabular
ridge,Ridge,strict_whole_screen,nucleolus-dfc_fbl,0.41369856117914117,Whole-screen,#3E6F9C,1,Classical tabular
ridge,Ridge,strict_whole_screen,nucleolus-gc_npm3,0.8150108878811201,Whole-screen,#3E6F9C,1,Classical tabular
ridge,Ridge,strict_whole_screen,oxidative_stress_cellrox_live-cell_dye,0.48556338202130667,Whole-screen,#3E6F9C,1,Classical tabular
ridge,Ridge,strict_whole_screen,peroxisome_peroxi_spy650_live_cell_dye,0.7412122537692387,Whole-screen,#3E6F9C,1,Classical tabular
ridge,Ridge,strict_whole_screen,plasma_membrane_atp1b3,0.754217836384972,Whole-screen,#3E6F9C,1,Classical tabular
ridge,Ridge,strict_whole_screen,plasma_membrane_slc3a2,0.9149557960530124,Whole-screen,#3E6F9C,1,Classical tabular
ridge,Ridge,strict_whole_screen,proteasome_psmb7,0.6036396951725085,Whole-screen,#3E6F9C,1,Classical tabular
ridge,Ridge,strict_whole_screen,recycling_endosome_tfrc,0.8584174600740273,Whole-screen,#3E6F9C,1,Classical tabular
ridge,Ridge,strict_whole_screen,trans-golgi_vamp3,0.5597515048769612,Whole-screen,#3E6F9C,1,Classical tabular
scbutterfly_ops_b,scButterfly,field_holdout_sanity,5xupre,0.6311260464787483,Field,#CC79A7,6,Neural specialists
scbutterfly_ops_b,scButterfly,field_holdout_sanity,actin_filament_fastact_spy555_live_cell_dye,0.8627759938438734,Field,#CC79A7,6,Neural specialists
scbutterfly_ops_b,scButterfly,field_holdout_sanity,autophagosome_atg101,0.38584403557082014,Field,#CC79A7,6,Neural specialists
scbutterfly_ops_b,scButterfly,field_holdout_sanity,autophagosome_map1lc3b,0.758595111221075,Field,#CC79A7,6,Neural specialists
scbutterfly_ops_b,scButterfly,field_holdout_sanity,b-catenin,0.3510515046740571,Field,#CC79A7,6,Neural specialists
scbutterfly_ops_b,scButterfly,field_holdout_sanity,c-myc,0.393167328890413,Field,#CC79A7,6,Neural specialists
scbutterfly_ops_b,scButterfly,field_holdout_sanity,caspase_activity_cellevent-caspase_live-cell_dye,0.46803961592377163,Field,#CC79A7,6,Neural specialists
scbutterfly_ops_b,scButterfly,field_holdout_sanity,cell_proliferation_marker_mki67,0.5521792098385049,Field,#CC79A7,6,Neural specialists
scbutterfly_ops_b,scButterfly,field_holdout_sanity,chaperones_hspa1b,0.7639998925228914,Field,#CC79A7,6,Neural specialists
scbutterfly_ops_b,scButterfly,field_holdout_sanity,chromalive_488_excitation,0.671442190806071,Field,#CC79A7,6,Neural specialists
scbutterfly_ops_b,scButterfly,field_holdout_sanity,chromatin_h2bc21,0.637113364537557,Field,#CC79A7,6,Neural specialists
scbutterfly_ops_b,scButterfly,field_holdout_sanity,clathrin_vesicles_clta,0.7701482271154722,Field,#CC79A7,6,Neural specialists
scbutterfly_ops_b,scButterfly,field_holdout_sanity,early_endosome_eea1,0.725764486193657,Field,#CC79A7,6,Neural specialists
scbutterfly_ops_b,scButterfly,field_holdout_sanity,endocytic_vesicle_ph_phrodo-dextran_live_cell_dye,0.645272030433019,Field,#CC79A7,6,Neural specialists
scbutterfly_ops_b,scButterfly,field_holdout_sanity,endosome_vps35,0.6172116658339898,Field,#CC79A7,6,Neural specialists
scbutterfly_ops_b,scButterfly,field_holdout_sanity,er_cona,0.5805582071757979,Field,#CC79A7,6,Neural specialists
scbutterfly_ops_b,scButterfly,field_holdout_sanity,er_golgi_bridge_vapa,0.5928509525333842,Field,#CC79A7,6,Neural specialists
scbutterfly_ops_b,scButterfly,field_holdout_sanity,er_golgi_cop-ii_sec23a,0.7856363229453563,Field,#CC79A7,6,Neural specialists
scbutterfly_ops_b,scButterfly,field_holdout_sanity,er_golgi_cope,0.7691301616529624,Field,#CC79A7,6,Neural specialists
scbutterfly_ops_b,scButterfly,field_holdout_sanity,er_ncln,0.43120264541357756,Field,#CC79A7,6,Neural specialists
scbutterfly_ops_b,scButterfly,field_holdout_sanity,er_sec61b,0.7408243363102277,Field,#CC79A7,6,Neural specialists
scbutterfly_ops_b,scButterfly,field_holdout_sanity,f-actin_phalloidin,0.6186938212977516,Field,#CC79A7,6,Neural specialists
scbutterfly_ops_b,scButterfly,field_holdout_sanity,fe2+_ferhonox_live-cell_dye,0.5383557693373101,Field,#CC79A7,6,Neural specialists
scbutterfly_ops_b,scButterfly,field_holdout_sanity,late_endosome_rab7a,0.8306378925840059,Field,#CC79A7,6,Neural specialists
scbutterfly_ops_b,scButterfly,field_holdout_sanity,lipid_droplet_bodipy_live_cell_dye,0.7893623940646648,Field,#CC79A7,6,Neural specialists
scbutterfly_ops_b,scButterfly,field_holdout_sanity,lipid_droplet_plin2,0.6747042844692867,Field,#CC79A7,6,Neural specialists
scbutterfly_ops_b,scButterfly,field_holdout_sanity,lysosome_lamp1,0.4762712200482686,Field,#CC79A7,6,Neural specialists
scbutterfly_ops_b,scButterfly,field_holdout_sanity,lysosome_lysotracker_live-cell_dye,0.867690915117661,Field,#CC79A7,6,Neural specialists
scbutterfly_ops_b,scButterfly,field_holdout_sanity,microtubules_map4,0.7091650975247223,Field,#CC79A7,6,Neural specialists
scbutterfly_ops_b,scButterfly,field_holdout_sanity,microtubules_tubulin,0.5971768035656876,Field,#CC79A7,6,Neural specialists
scbutterfly_ops_b,scButterfly,field_holdout_sanity,mitochondria_chromalive_561_excitation,0.6675977838536103,Field,#CC79A7,6,Neural specialists
scbutterfly_ops_b,scButterfly,field_holdout_sanity,mitochondria_tomm20,0.5476601808124946,Field,#CC79A7,6,Neural specialists
scbutterfly_ops_b,scButterfly,field_holdout_sanity,mitochondria_tomm70a,0.6308348623414834,Field,#CC79A7,6,Neural specialists
scbutterfly_ops_b,scButterfly,field_holdout_sanity,nuclear_speckles_srrm2,0.7511616013944149,Field,#CC79A7,6,Neural specialists
scbutterfly_ops_b,scButterfly,field_holdout_sanity,nuclei_hoechst,0.6581829138596852,Field,#CC79A7,6,Neural specialists
scbutterfly_ops_b,scButterfly,field_holdout_sanity,nuclei_nucleolive_live_cell_dye,0.5954888232052327,Field,#CC79A7,6,Neural specialists
scbutterfly_ops_b,scButterfly,field_holdout_sanity,nucleoli_npm1,0.4270249865121311,Field,#CC79A7,6,Neural specialists
scbutterfly_ops_b,scButterfly,field_holdout_sanity,nucleolus-dfc_fbl,0.6761886960516373,Field,#CC79A7,6,Neural specialists
scbutterfly_ops_b,scButterfly,field_holdout_sanity,nucleolus-gc_npm3,0.5111481631795565,Field,#CC79A7,6,Neural specialists
scbutterfly_ops_b,scButterfly,field_holdout_sanity,oxidative_stress_cellrox_live-cell_dye,0.6195584510763485,Field,#CC79A7,6,Neural specialists
scbutterfly_ops_b,scButterfly,field_holdout_sanity,p21,0.4746573280294736,Field,#CC79A7,6,Neural specialists
scbutterfly_ops_b,scButterfly,field_holdout_sanity,p53,0.36306880143781506,Field,#CC79A7,6,Neural specialists
scbutterfly_ops_b,scButterfly,field_holdout_sanity,peroxisome_peroxi_spy650_live_cell_dye,0.64247909920911,Field,#CC79A7,6,Neural specialists
scbutterfly_ops_b,scButterfly,field_holdout_sanity,plasma_membrane_atp1b3,0.4706392067174116,Field,#CC79A7,6,Neural specialists
scbutterfly_ops_b,scButterfly,field_holdout_sanity,plasma_membrane_slc3a2,0.875001871585846,Field,#CC79A7,6,Neural specialists
scbutterfly_ops_b,scButterfly,field_holdout_sanity,plasma_membrane_wga,0.6260468861709039,Field,#CC79A7,6,Neural specialists
scbutterfly_ops_b,scButterfly,field_holdout_sanity,prb,0.47187290559212364,Field,#CC79A7,6,Neural specialists
scbutterfly_ops_b,scButterfly,field_holdout_sanity,proteasome_psmb7,0.4390962132718414,Field,#CC79A7,6,Neural specialists
scbutterfly_ops_b,scButterfly,field_holdout_sanity,ps6,0.36081120325873295,Field,#CC79A7,6,Neural specialists
scbutterfly_ops_b,scButterfly,field_holdout_sanity,recycling_endosome_tfrc,0.6067362640053033,Field,#CC79A7,6,Neural specialists
scbutterfly_ops_b,scButterfly,field_holdout_sanity,stress_granule_g3bp1,0.8881348254779976,Field,#CC79A7,6,Neural specialists
scbutterfly_ops_b,scButterfly,field_holdout_sanity,trans-golgi_vamp3,0.4122553731314838,Field,#CC79A7,6,Neural specialists
scbutterfly_ops_b,scButterfly,gene_holdout_main,5xupre,0.669025478363037,Gene,#CC79A7,6,Neural specialists
scbutterfly_ops_b,scButterfly,gene_holdout_main,actin_filament_fastact_spy555_live_cell_dye,0.8913162047664324,Gene,#CC79A7,6,Neural specialists
scbutterfly_ops_b,scButterfly,gene_holdout_main,autophagosome_atg101,0.44717232747546704,Gene,#CC79A7,6,Neural specialists
scbutterfly_ops_b,scButterfly,gene_holdout_main,autophagosome_map1lc3b,0.7956493797401587,Gene,#CC79A7,6,Neural specialists
scbutterfly_ops_b,scButterfly,gene_holdout_main,b-catenin,0.3790897944352279,Gene,#CC79A7,6,Neural specialists
scbutterfly_ops_b,scButterfly,gene_holdout_main,c-myc,0.43024139173328874,Gene,#CC79A7,6,Neural specialists
scbutterfly_ops_b,scButterfly,gene_holdout_main,caspase_activity_cellevent-caspase_live-cell_dye,0.5012027434306219,Gene,#CC79A7,6,Neural specialists
scbutterfly_ops_b,scButterfly,gene_holdout_main,cell_proliferation_marker_mki67,0.5642553448521842,Gene,#CC79A7,6,Neural specialists
scbutterfly_ops_b,scButterfly,gene_holdout_main,chaperones_hspa1b,0.8126537576317787,Gene,#CC79A7,6,Neural specialists
scbutterfly_ops_b,scButterfly,gene_holdout_main,chromalive_488_excitation,0.7328953087329865,Gene,#CC79A7,6,Neural specialists
scbutterfly_ops_b,scButterfly,gene_holdout_main,chromatin_h2bc21,0.7177277247111002,Gene,#CC79A7,6,Neural specialists
scbutterfly_ops_b,scButterfly,gene_holdout_main,clathrin_vesicles_clta,0.8177964660028616,Gene,#CC79A7,6,Neural specialists
scbutterfly_ops_b,scButterfly,gene_holdout_main,early_endosome_eea1,0.8093671883145968,Gene,#CC79A7,6,Neural specialists
scbutterfly_ops_b,scButterfly,gene_holdout_main,endocytic_vesicle_ph_phrodo-dextran_live_cell_dye,0.7230372260014215,Gene,#CC79A7,6,Neural specialists
scbutterfly_ops_b,scButterfly,gene_holdout_main,endosome_vps35,0.6404107873638472,Gene,#CC79A7,6,Neural specialists
scbutterfly_ops_b,scButterfly,gene_holdout_main,er_cona,0.677369979603423,Gene,#CC79A7,6,Neural specialists
scbutterfly_ops_b,scButterfly,gene_holdout_main,er_golgi_bridge_vapa,0.6599555445214113,Gene,#CC79A7,6,Neural specialists
scbutterfly_ops_b,scButterfly,gene_holdout_main,er_golgi_cop-ii_sec23a,0.8190157589813074,Gene,#CC79A7,6,Neural specialists
scbutterfly_ops_b,scButterfly,gene_holdout_main,er_golgi_cope,0.8145505820711454,Gene,#CC79A7,6,Neural specialists
scbutterfly_ops_b,scButterfly,gene_holdout_main,er_ncln,0.48216002540042,Gene,#CC79A7,6,Neural specialists
scbutterfly_ops_b,scButterfly,gene_holdout_main,er_sec61b,0.7698371984064579,Gene,#CC79A7,6,Neural specialists
scbutterfly_ops_b,scButterfly,gene_holdout_main,f-actin_phalloidin,0.7054935838613245,Gene,#CC79A7,6,Neural specialists
scbutterfly_ops_b,scButterfly,gene_holdout_main,fe2+_ferhonox_live-cell_dye,0.5452227740664967,Gene,#CC79A7,6,Neural specialists
scbutterfly_ops_b,scButterfly,gene_holdout_main,late_endosome_rab7a,0.8453980587422848,Gene,#CC79A7,6,Neural specialists
scbutterfly_ops_b,scButterfly,gene_holdout_main,lipid_droplet_bodipy_live_cell_dye,0.832209300249815,Gene,#CC79A7,6,Neural specialists
scbutterfly_ops_b,scButterfly,gene_holdout_main,lipid_droplet_plin2,0.6997450890640418,Gene,#CC79A7,6,Neural specialists
scbutterfly_ops_b,scButterfly,gene_holdout_main,lysosome_lamp1,0.53807059066991,Gene,#CC79A7,6,Neural specialists
scbutterfly_ops_b,scButterfly,gene_holdout_main,lysosome_lysotracker_live-cell_dye,0.8595277581208697,Gene,#CC79A7,6,Neural specialists
scbutterfly_ops_b,scButterfly,gene_holdout_main,microtubules_map4,0.7673935512701671,Gene,#CC79A7,6,Neural specialists
scbutterfly_ops_b,scButterfly,gene_holdout_main,microtubules_tubulin,0.6690839409828186,Gene,#CC79A7,6,Neural specialists
scbutterfly_ops_b,scButterfly,gene_holdout_main,mitochondria_chromalive_561_excitation,0.7071964591741562,Gene,#CC79A7,6,Neural specialists
scbutterfly_ops_b,scButterfly,gene_holdout_main,mitochondria_tomm20,0.6421014035741488,Gene,#CC79A7,6,Neural specialists
scbutterfly_ops_b,scButterfly,gene_holdout_main,mitochondria_tomm70a,0.6983594921727975,Gene,#CC79A7,6,Neural specialists
scbutterfly_ops_b,scButterfly,gene_holdout_main,nuclear_speckles_srrm2,0.8028671676913897,Gene,#CC79A7,6,Neural specialists
scbutterfly_ops_b,scButterfly,gene_holdout_main,nuclei_hoechst,0.6977796628077825,Gene,#CC79A7,6,Neural specialists
scbutterfly_ops_b,scButterfly,gene_holdout_main,nuclei_nucleolive_live_cell_dye,0.7052255832900604,Gene,#CC79A7,6,Neural specialists
scbutterfly_ops_b,scButterfly,gene_holdout_main,nucleoli_npm1,0.48836405435577035,Gene,#CC79A7,6,Neural specialists
scbutterfly_ops_b,scButterfly,gene_holdout_main,nucleolus-dfc_fbl,0.7429602848986785,Gene,#CC79A7,6,Neural specialists
scbutterfly_ops_b,scButterfly,gene_holdout_main,nucleolus-gc_npm3,0.47574808187782763,Gene,#CC79A7,6,Neural specialists
scbutterfly_ops_b,scButterfly,gene_holdout_main,oxidative_stress_cellrox_live-cell_dye,0.6501543319861716,Gene,#CC79A7,6,Neural specialists
scbutterfly_ops_b,scButterfly,gene_holdout_main,p21,0.5780149402531485,Gene,#CC79A7,6,Neural specialists
scbutterfly_ops_b,scButterfly,gene_holdout_main,p53,0.4546554404869676,Gene,#CC79A7,6,Neural specialists
scbutterfly_ops_b,scButterfly,gene_holdout_main,peroxisome_peroxi_spy650_live_cell_dye,0.6611431549303234,Gene,#CC79A7,6,Neural specialists
scbutterfly_ops_b,scButterfly,gene_holdout_main,plasma_membrane_atp1b3,0.5271036412566901,Gene,#CC79A7,6,Neural specialists
scbutterfly_ops_b,scButterfly,gene_holdout_main,plasma_membrane_slc3a2,0.8996229191621146,Gene,#CC79A7,6,Neural specialists
scbutterfly_ops_b,scButterfly,gene_holdout_main,plasma_membrane_wga,0.7027728013694287,Gene,#CC79A7,6,Neural specialists
scbutterfly_ops_b,scButterfly,gene_holdout_main,prb,0.4534891783092947,Gene,#CC79A7,6,Neural specialists
scbutterfly_ops_b,scButterfly,gene_holdout_main,proteasome_psmb7,0.503495782908673,Gene,#CC79A7,6,Neural specialists
scbutterfly_ops_b,scButterfly,gene_holdout_main,ps6,0.3933779446555612,Gene,#CC79A7,6,Neural specialists
scbutterfly_ops_b,scButterfly,gene_holdout_main,recycling_endosome_tfrc,0.6851580602427323,Gene,#CC79A7,6,Neural specialists
scbutterfly_ops_b,scButterfly,gene_holdout_main,stress_granule_g3bp1,0.9150658378998437,Gene,#CC79A7,6,Neural specialists
scbutterfly_ops_b,scButterfly,gene_holdout_main,trans-golgi_vamp3,0.46874557016902446,Gene,#CC79A7,6,Neural specialists
scbutterfly_ops_b,scButterfly,strict_whole_screen,5xupre,0.7451882898807526,Whole-screen,#CC79A7,6,Neural specialists
scbutterfly_ops_b,scButterfly,strict_whole_screen,actin_filament_fastact_spy555_live_cell_dye,0.7004419403043964,Whole-screen,#CC79A7,6,Neural specialists
scbutterfly_ops_b,scButterfly,strict_whole_screen,autophagosome_atg101,0.67630500998348,Whole-screen,#CC79A7,6,Neural specialists
scbutterfly_ops_b,scButterfly,strict_whole_screen,autophagosome_map1lc3b,0.4620408234768547,Whole-screen,#CC79A7,6,Neural specialists
scbutterfly_ops_b,scButterfly,strict_whole_screen,caspase_activity_cellevent-caspase_live-cell_dye,0.269222735942094,Whole-screen,#CC79A7,6,Neural specialists
scbutterfly_ops_b,scButterfly,strict_whole_screen,cell_proliferation_marker_mki67,0.586984176421538,Whole-screen,#CC79A7,6,Neural specialists
scbutterfly_ops_b,scButterfly,strict_whole_screen,chaperones_hspa1b,0.4144164067159484,Whole-screen,#CC79A7,6,Neural specialists
scbutterfly_ops_b,scButterfly,strict_whole_screen,chromalive_488_excitation,0.5176384896039963,Whole-screen,#CC79A7,6,Neural specialists
scbutterfly_ops_b,scButterfly,strict_whole_screen,chromatin_h2bc21,0.6985529530793428,Whole-screen,#CC79A7,6,Neural specialists
scbutterfly_ops_b,scButterfly,strict_whole_screen,clathrin_vesicles_clta,0.7717586988583207,Whole-screen,#CC79A7,6,Neural specialists
scbutterfly_ops_b,scButterfly,strict_whole_screen,endocytic_vesicle_ph_phrodo-dextran_live_cell_dye,0.43629994084282464,Whole-screen,#CC79A7,6,Neural specialists
scbutterfly_ops_b,scButterfly,strict_whole_screen,endosome_vps35,0.718502689152956,Whole-screen,#CC79A7,6,Neural specialists
scbutterfly_ops_b,scButterfly,strict_whole_screen,er_golgi_bridge_vapa,0.7716518516341845,Whole-screen,#CC79A7,6,Neural specialists
scbutterfly_ops_b,scButterfly,strict_whole_screen,er_golgi_cope,0.6078410602349322,Whole-screen,#CC79A7,6,Neural specialists
scbutterfly_ops_b,scButterfly,strict_whole_screen,er_sec61b,0.8496910956584744,Whole-screen,#CC79A7,6,Neural specialists
scbutterfly_ops_b,scButterfly,strict_whole_screen,fe2+_ferhonox_live-cell_dye,0.2600357036183899,Whole-screen,#CC79A7,6,Neural specialists
scbutterfly_ops_b,scButterfly,strict_whole_screen,late_endosome_rab7a,0.4556649558908248,Whole-screen,#CC79A7,6,Neural specialists
scbutterfly_ops_b,scButterfly,strict_whole_screen,lipid_droplet_bodipy_live_cell_dye,0.8761632815003395,Whole-screen,#CC79A7,6,Neural specialists
scbutterfly_ops_b,scButterfly,strict_whole_screen,lipid_droplet_plin2,0.465467722620815,Whole-screen,#CC79A7,6,Neural specialists
scbutterfly_ops_b,scButterfly,strict_whole_screen,lysosome_lamp1,0.7527938857674599,Whole-screen,#CC79A7,6,Neural specialists
scbutterfly_ops_b,scButterfly,strict_whole_screen,lysosome_lysotracker_live-cell_dye,0.7648074366928389,Whole-screen,#CC79A7,6,Neural specialists
scbutterfly_ops_b,scButterfly,strict_whole_screen,mitochondria_chromalive_561_excitation,0.5354859127643673,Whole-screen,#CC79A7,6,Neural specialists
scbutterfly_ops_b,scButterfly,strict_whole_screen,mitochondria_tomm70a,0.6262608504621312,Whole-screen,#CC79A7,6,Neural specialists
scbutterfly_ops_b,scButterfly,strict_whole_screen,nuclear_speckles_srrm2,0.6558422930538654,Whole-screen,#CC79A7,6,Neural specialists
scbutterfly_ops_b,scButterfly,strict_whole_screen,nuclei_nucleolive_live_cell_dye,0.31448194789118133,Whole-screen,#CC79A7,6,Neural specialists
scbutterfly_ops_b,scButterfly,strict_whole_screen,nucleolus-dfc_fbl,0.4859952428863229,Whole-screen,#CC79A7,6,Neural specialists
scbutterfly_ops_b,scButterfly,strict_whole_screen,nucleolus-gc_npm3,0.1822312381894638,Whole-screen,#CC79A7,6,Neural specialists
scbutterfly_ops_b,scButterfly,strict_whole_screen,oxidative_stress_cellrox_live-cell_dye,0.4525541387653599,Whole-screen,#CC79A7,6,Neural specialists
scbutterfly_ops_b,scButterfly,strict_whole_screen,peroxisome_peroxi_spy650_live_cell_dye,0.6496404927844803,Whole-screen,#CC79A7,6,Neural specialists
scbutterfly_ops_b,scButterfly,strict_whole_screen,plasma_membrane_atp1b3,0.6068944903090596,Whole-screen,#CC79A7,6,Neural specialists
scbutterfly_ops_b,scButterfly,strict_whole_screen,plasma_membrane_slc3a2,0.9005702200035254,Whole-screen,#CC79A7,6,Neural specialists
scbutterfly_ops_b,scButterfly,strict_whole_screen,proteasome_psmb7,0.579619761983243,Whole-screen,#CC79A7,6,Neural specialists
scbutterfly_ops_b,scButterfly,strict_whole_screen,recycling_endosome_tfrc,0.830012089262406,Whole-screen,#CC79A7,6,Neural specialists
scbutterfly_ops_b,scButterfly,strict_whole_screen,trans-golgi_vamp3,0.29832102859169635,Whole-screen,#CC79A7,6,Neural specialists
scpair_ops,scPair,field_holdout_sanity,5xupre,0.7025947061181068,Field,#DDA06A,10,Biological completion
scpair_ops,scPair,field_holdout_sanity,actin_filament_fastact_spy555_live_cell_dye,0.8850769956906637,Field,#DDA06A,10,Biological completion
scpair_ops,scPair,field_holdout_sanity,autophagosome_atg101,0.6033898933480183,Field,#DDA06A,10,Biological completion
scpair_ops,scPair,field_holdout_sanity,autophagosome_map1lc3b,0.8322936673959095,Field,#DDA06A,10,Biological completion
scpair_ops,scPair,field_holdout_sanity,b-catenin,0.5184593782573939,Field,#DDA06A,10,Biological completion
scpair_ops,scPair,field_holdout_sanity,c-myc,0.4869464053710302,Field,#DDA06A,10,Biological completion
scpair_ops,scPair,field_holdout_sanity,caspase_activity_cellevent-caspase_live-cell_dye,0.4955882565351203,Field,#DDA06A,10,Biological completion
scpair_ops,scPair,field_holdout_sanity,cell_proliferation_marker_mki67,0.6038083354632059,Field,#DDA06A,10,Biological completion
scpair_ops,scPair,field_holdout_sanity,chaperones_hspa1b,0.7693059037129084,Field,#DDA06A,10,Biological completion
scpair_ops,scPair,field_holdout_sanity,chromalive_488_excitation,0.695527596026659,Field,#DDA06A,10,Biological completion
scpair_ops,scPair,field_holdout_sanity,chromatin_h2bc21,0.6864427268505097,Field,#DDA06A,10,Biological completion
scpair_ops,scPair,field_holdout_sanity,clathrin_vesicles_clta,0.8690281743804613,Field,#DDA06A,10,Biological completion
scpair_ops,scPair,field_holdout_sanity,early_endosome_eea1,0.8675127444167933,Field,#DDA06A,10,Biological completion
scpair_ops,scPair,field_holdout_sanity,endocytic_vesicle_ph_phrodo-dextran_live_cell_dye,0.6653401056925455,Field,#DDA06A,10,Biological completion
scpair_ops,scPair,field_holdout_sanity,endosome_vps35,0.7746688316265742,Field,#DDA06A,10,Biological completion
scpair_ops,scPair,field_holdout_sanity,er_cona,0.6181951531933414,Field,#DDA06A,10,Biological completion
scpair_ops,scPair,field_holdout_sanity,er_golgi_bridge_vapa,0.7341574549674987,Field,#DDA06A,10,Biological completion
scpair_ops,scPair,field_holdout_sanity,er_golgi_cop-ii_sec23a,0.8828919678926468,Field,#DDA06A,10,Biological completion
scpair_ops,scPair,field_holdout_sanity,er_golgi_cope,0.7760741777718068,Field,#DDA06A,10,Biological completion
scpair_ops,scPair,field_holdout_sanity,er_ncln,0.5539277323211234,Field,#DDA06A,10,Biological completion
scpair_ops,scPair,field_holdout_sanity,er_sec61b,0.7772109232842922,Field,#DDA06A,10,Biological completion
scpair_ops,scPair,field_holdout_sanity,f-actin_phalloidin,0.6574126420749559,Field,#DDA06A,10,Biological completion
scpair_ops,scPair,field_holdout_sanity,fe2+_ferhonox_live-cell_dye,0.7814549709359804,Field,#DDA06A,10,Biological completion
scpair_ops,scPair,field_holdout_sanity,late_endosome_rab7a,0.8826943931480249,Field,#DDA06A,10,Biological completion
scpair_ops,scPair,field_holdout_sanity,lipid_droplet_bodipy_live_cell_dye,0.8837611397107443,Field,#DDA06A,10,Biological completion
scpair_ops,scPair,field_holdout_sanity,lipid_droplet_plin2,0.6613758411258459,Field,#DDA06A,10,Biological completion
scpair_ops,scPair,field_holdout_sanity,lysosome_lamp1,0.6776130303740502,Field,#DDA06A,10,Biological completion
scpair_ops,scPair,field_holdout_sanity,lysosome_lysotracker_live-cell_dye,0.9008740462362766,Field,#DDA06A,10,Biological completion
scpair_ops,scPair,field_holdout_sanity,microtubules_map4,0.7508690327405929,Field,#DDA06A,10,Biological completion
scpair_ops,scPair,field_holdout_sanity,microtubules_tubulin,0.6378186773094866,Field,#DDA06A,10,Biological completion
scpair_ops,scPair,field_holdout_sanity,mitochondria_chromalive_561_excitation,0.7233586986859639,Field,#DDA06A,10,Biological completion
scpair_ops,scPair,field_holdout_sanity,mitochondria_tomm20,0.5954950774709384,Field,#DDA06A,10,Biological completion
scpair_ops,scPair,field_holdout_sanity,mitochondria_tomm70a,0.6677616588771343,Field,#DDA06A,10,Biological completion
scpair_ops,scPair,field_holdout_sanity,nuclear_speckles_srrm2,0.8015071044365565,Field,#DDA06A,10,Biological completion
scpair_ops,scPair,field_holdout_sanity,nuclei_hoechst,0.7125504074494045,Field,#DDA06A,10,Biological completion
scpair_ops,scPair,field_holdout_sanity,nuclei_nucleolive_live_cell_dye,0.7250568777322769,Field,#DDA06A,10,Biological completion
scpair_ops,scPair,field_holdout_sanity,nucleoli_npm1,0.47119524652759226,Field,#DDA06A,10,Biological completion
scpair_ops,scPair,field_holdout_sanity,nucleolus-dfc_fbl,0.7219727096458276,Field,#DDA06A,10,Biological completion
scpair_ops,scPair,field_holdout_sanity,nucleolus-gc_npm3,0.7331669052441915,Field,#DDA06A,10,Biological completion
scpair_ops,scPair,field_holdout_sanity,oxidative_stress_cellrox_live-cell_dye,0.6215802305688461,Field,#DDA06A,10,Biological completion
scpair_ops,scPair,field_holdout_sanity,p21,0.5045176228880882,Field,#DDA06A,10,Biological completion
scpair_ops,scPair,field_holdout_sanity,p53,0.4354951299726963,Field,#DDA06A,10,Biological completion
scpair_ops,scPair,field_holdout_sanity,peroxisome_peroxi_spy650_live_cell_dye,0.737527013445894,Field,#DDA06A,10,Biological completion
scpair_ops,scPair,field_holdout_sanity,plasma_membrane_atp1b3,0.6395601707200209,Field,#DDA06A,10,Biological completion
scpair_ops,scPair,field_holdout_sanity,plasma_membrane_slc3a2,0.8847137331962586,Field,#DDA06A,10,Biological completion
scpair_ops,scPair,field_holdout_sanity,plasma_membrane_wga,0.6658830568194389,Field,#DDA06A,10,Biological completion
scpair_ops,scPair,field_holdout_sanity,prb,0.4052892286578814,Field,#DDA06A,10,Biological completion
scpair_ops,scPair,field_holdout_sanity,proteasome_psmb7,0.5043065951826672,Field,#DDA06A,10,Biological completion
scpair_ops,scPair,field_holdout_sanity,ps6,0.5589153375476599,Field,#DDA06A,10,Biological completion
scpair_ops,scPair,field_holdout_sanity,recycling_endosome_tfrc,0.8033356736103695,Field,#DDA06A,10,Biological completion
scpair_ops,scPair,field_holdout_sanity,stress_granule_g3bp1,0.9034488173822564,Field,#DDA06A,10,Biological completion
scpair_ops,scPair,field_holdout_sanity,trans-golgi_vamp3,0.5909600442896287,Field,#DDA06A,10,Biological completion
scpair_ops,scPair,gene_holdout_main,5xupre,0.7434746846556664,Gene,#DDA06A,10,Biological completion
scpair_ops,scPair,gene_holdout_main,actin_filament_fastact_spy555_live_cell_dye,0.9103215865790844,Gene,#DDA06A,10,Biological completion
scpair_ops,scPair,gene_holdout_main,autophagosome_atg101,0.6719431022802989,Gene,#DDA06A,10,Biological completion
scpair_ops,scPair,gene_holdout_main,autophagosome_map1lc3b,0.8880410035451254,Gene,#DDA06A,10,Biological completion
scpair_ops,scPair,gene_holdout_main,b-catenin,0.5606891744087139,Gene,#DDA06A,10,Biological completion
scpair_ops,scPair,gene_holdout_main,c-myc,0.5451491769154867,Gene,#DDA06A,10,Biological completion
scpair_ops,scPair,gene_holdout_main,caspase_activity_cellevent-caspase_live-cell_dye,0.5309369572748741,Gene,#DDA06A,10,Biological completion
scpair_ops,scPair,gene_holdout_main,cell_proliferation_marker_mki67,0.6636503018438816,Gene,#DDA06A,10,Biological completion
scpair_ops,scPair,gene_holdout_main,chaperones_hspa1b,0.8220158383250237,Gene,#DDA06A,10,Biological completion
scpair_ops,scPair,gene_holdout_main,chromalive_488_excitation,0.7634147035578887,Gene,#DDA06A,10,Biological completion
scpair_ops,scPair,gene_holdout_main,chromatin_h2bc21,0.7613808728754521,Gene,#DDA06A,10,Biological completion
scpair_ops,scPair,gene_holdout_main,clathrin_vesicles_clta,0.9038616163035235,Gene,#DDA06A,10,Biological completion
scpair_ops,scPair,gene_holdout_main,early_endosome_eea1,0.9144246275226277,Gene,#DDA06A,10,Biological completion
scpair_ops,scPair,gene_holdout_main,endocytic_vesicle_ph_phrodo-dextran_live_cell_dye,0.7432968934377036,Gene,#DDA06A,10,Biological completion
scpair_ops,scPair,gene_holdout_main,endosome_vps35,0.8112135077516237,Gene,#DDA06A,10,Biological completion
scpair_ops,scPair,gene_holdout_main,er_cona,0.705813446889321,Gene,#DDA06A,10,Biological completion
scpair_ops,scPair,gene_holdout_main,er_golgi_bridge_vapa,0.7799475230276585,Gene,#DDA06A,10,Biological completion
scpair_ops,scPair,gene_holdout_main,er_golgi_cop-ii_sec23a,0.9189281697074574,Gene,#DDA06A,10,Biological completion
scpair_ops,scPair,gene_holdout_main,er_golgi_cope,0.8211047584811846,Gene,#DDA06A,10,Biological completion
scpair_ops,scPair,gene_holdout_main,er_ncln,0.633596720919013,Gene,#DDA06A,10,Biological completion
scpair_ops,scPair,gene_holdout_main,er_sec61b,0.8009655642012754,Gene,#DDA06A,10,Biological completion
scpair_ops,scPair,gene_holdout_main,f-actin_phalloidin,0.7418943762779235,Gene,#DDA06A,10,Biological completion
scpair_ops,scPair,gene_holdout_main,fe2+_ferhonox_live-cell_dye,0.8215092735985914,Gene,#DDA06A,10,Biological completion
scpair_ops,scPair,gene_holdout_main,late_endosome_rab7a,0.909577262153228,Gene,#DDA06A,10,Biological completion
scpair_ops,scPair,gene_holdout_main,lipid_droplet_bodipy_live_cell_dye,0.9163911161323387,Gene,#DDA06A,10,Biological completion
scpair_ops,scPair,gene_holdout_main,lipid_droplet_plin2,0.682707049076756,Gene,#DDA06A,10,Biological completion
scpair_ops,scPair,gene_holdout_main,lysosome_lamp1,0.7245306876798471,Gene,#DDA06A,10,Biological completion
scpair_ops,scPair,gene_holdout_main,lysosome_lysotracker_live-cell_dye,0.9277580000460148,Gene,#DDA06A,10,Biological completion
scpair_ops,scPair,gene_holdout_main,microtubules_map4,0.813220869253079,Gene,#DDA06A,10,Biological completion
scpair_ops,scPair,gene_holdout_main,microtubules_tubulin,0.7182737603783608,Gene,#DDA06A,10,Biological completion
scpair_ops,scPair,gene_holdout_main,mitochondria_chromalive_561_excitation,0.7912244794269403,Gene,#DDA06A,10,Biological completion
scpair_ops,scPair,gene_holdout_main,mitochondria_tomm20,0.6798638579746087,Gene,#DDA06A,10,Biological completion
scpair_ops,scPair,gene_holdout_main,mitochondria_tomm70a,0.7334158862630525,Gene,#DDA06A,10,Biological completion
scpair_ops,scPair,gene_holdout_main,nuclear_speckles_srrm2,0.856203111509482,Gene,#DDA06A,10,Biological completion
scpair_ops,scPair,gene_holdout_main,nuclei_hoechst,0.7501167791088422,Gene,#DDA06A,10,Biological completion
scpair_ops,scPair,gene_holdout_main,nuclei_nucleolive_live_cell_dye,0.8352972902357578,Gene,#DDA06A,10,Biological completion
scpair_ops,scPair,gene_holdout_main,nucleoli_npm1,0.5328569831533565,Gene,#DDA06A,10,Biological completion
scpair_ops,scPair,gene_holdout_main,nucleolus-dfc_fbl,0.7839464542766412,Gene,#DDA06A,10,Biological completion
scpair_ops,scPair,gene_holdout_main,nucleolus-gc_npm3,0.8172841692964236,Gene,#DDA06A,10,Biological completion
scpair_ops,scPair,gene_holdout_main,oxidative_stress_cellrox_live-cell_dye,0.6694971005121867,Gene,#DDA06A,10,Biological completion
scpair_ops,scPair,gene_holdout_main,p21,0.612348027676344,Gene,#DDA06A,10,Biological completion
scpair_ops,scPair,gene_holdout_main,p53,0.57202828814586,Gene,#DDA06A,10,Biological completion
scpair_ops,scPair,gene_holdout_main,peroxisome_peroxi_spy650_live_cell_dye,0.7832121483981609,Gene,#DDA06A,10,Biological completion
scpair_ops,scPair,gene_holdout_main,plasma_membrane_atp1b3,0.7286707104494174,Gene,#DDA06A,10,Biological completion
scpair_ops,scPair,gene_holdout_main,plasma_membrane_slc3a2,0.9067446857690811,Gene,#DDA06A,10,Biological completion
scpair_ops,scPair,gene_holdout_main,plasma_membrane_wga,0.7422649905913407,Gene,#DDA06A,10,Biological completion
scpair_ops,scPair,gene_holdout_main,prb,0.4753521575406193,Gene,#DDA06A,10,Biological completion
scpair_ops,scPair,gene_holdout_main,proteasome_psmb7,0.5915090292847405,Gene,#DDA06A,10,Biological completion
scpair_ops,scPair,gene_holdout_main,ps6,0.5817196672409773,Gene,#DDA06A,10,Biological completion
scpair_ops,scPair,gene_holdout_main,recycling_endosome_tfrc,0.8490997321903706,Gene,#DDA06A,10,Biological completion
scpair_ops,scPair,gene_holdout_main,stress_granule_g3bp1,0.9289652129014334,Gene,#DDA06A,10,Biological completion
scpair_ops,scPair,gene_holdout_main,trans-golgi_vamp3,0.632932555799683,Gene,#DDA06A,10,Biological completion
scpair_ops,scPair,strict_whole_screen,5xupre,0.7584362551569939,Whole-screen,#DDA06A,10,Biological completion
scpair_ops,scPair,strict_whole_screen,actin_filament_fastact_spy555_live_cell_dye,0.8946683501203854,Whole-screen,#DDA06A,10,Biological completion
scpair_ops,scPair,strict_whole_screen,autophagosome_atg101,0.7121038051942985,Whole-screen,#DDA06A,10,Biological completion
scpair_ops,scPair,strict_whole_screen,autophagosome_map1lc3b,0.7094834686981307,Whole-screen,#DDA06A,10,Biological completion
scpair_ops,scPair,strict_whole_screen,caspase_activity_cellevent-caspase_live-cell_dye,0.5485907801194116,Whole-screen,#DDA06A,10,Biological completion
scpair_ops,scPair,strict_whole_screen,cell_proliferation_marker_mki67,0.5262044154418012,Whole-screen,#DDA06A,10,Biological completion
scpair_ops,scPair,strict_whole_screen,chaperones_hspa1b,0.7686266029874483,Whole-screen,#DDA06A,10,Biological completion
scpair_ops,scPair,strict_whole_screen,chromalive_488_excitation,0.6723485291004181,Whole-screen,#DDA06A,10,Biological completion
scpair_ops,scPair,strict_whole_screen,chromatin_h2bc21,0.7251510117202997,Whole-screen,#DDA06A,10,Biological completion
scpair_ops,scPair,strict_whole_screen,clathrin_vesicles_clta,0.909054155771931,Whole-screen,#DDA06A,10,Biological completion
scpair_ops,scPair,strict_whole_screen,endocytic_vesicle_ph_phrodo-dextran_live_cell_dye,0.23695111608443153,Whole-screen,#DDA06A,10,Biological completion
scpair_ops,scPair,strict_whole_screen,endosome_vps35,0.7702046999086936,Whole-screen,#DDA06A,10,Biological completion
scpair_ops,scPair,strict_whole_screen,er_golgi_bridge_vapa,0.8092713393270969,Whole-screen,#DDA06A,10,Biological completion
scpair_ops,scPair,strict_whole_screen,er_golgi_cope,0.41847337305080146,Whole-screen,#DDA06A,10,Biological completion
scpair_ops,scPair,strict_whole_screen,er_sec61b,0.8599814549088478,Whole-screen,#DDA06A,10,Biological completion
scpair_ops,scPair,strict_whole_screen,fe2+_ferhonox_live-cell_dye,0.2679933574981987,Whole-screen,#DDA06A,10,Biological completion
scpair_ops,scPair,strict_whole_screen,late_endosome_rab7a,0.9014584887772799,Whole-screen,#DDA06A,10,Biological completion
scpair_ops,scPair,strict_whole_screen,lipid_droplet_bodipy_live_cell_dye,0.9194725044071674,Whole-screen,#DDA06A,10,Biological completion
scpair_ops,scPair,strict_whole_screen,lipid_droplet_plin2,0.33937491647278273,Whole-screen,#DDA06A,10,Biological completion
scpair_ops,scPair,strict_whole_screen,lysosome_lamp1,0.7614487390965223,Whole-screen,#DDA06A,10,Biological completion
scpair_ops,scPair,strict_whole_screen,lysosome_lysotracker_live-cell_dye,0.9182352961765395,Whole-screen,#DDA06A,10,Biological completion
scpair_ops,scPair,strict_whole_screen,mitochondria_chromalive_561_excitation,0.6331967252772301,Whole-screen,#DDA06A,10,Biological completion
scpair_ops,scPair,strict_whole_screen,mitochondria_tomm70a,0.5637574982538354,Whole-screen,#DDA06A,10,Biological completion
scpair_ops,scPair,strict_whole_screen,nuclear_speckles_srrm2,0.6491454902570695,Whole-screen,#DDA06A,10,Biological completion
scpair_ops,scPair,strict_whole_screen,nuclei_nucleolive_live_cell_dye,0.40025477897142986,Whole-screen,#DDA06A,10,Biological completion
scpair_ops,scPair,strict_whole_screen,nucleolus-dfc_fbl,0.4050273374499132,Whole-screen,#DDA06A,10,Biological completion
scpair_ops,scPair,strict_whole_screen,nucleolus-gc_npm3,0.6499707149341702,Whole-screen,#DDA06A,10,Biological completion
scpair_ops,scPair,strict_whole_screen,oxidative_stress_cellrox_live-cell_dye,0.4236349213363913,Whole-screen,#DDA06A,10,Biological completion
scpair_ops,scPair,strict_whole_screen,peroxisome_peroxi_spy650_live_cell_dye,0.6661406491572659,Whole-screen,#DDA06A,10,Biological completion
scpair_ops,scPair,strict_whole_screen,plasma_membrane_atp1b3,0.7588175994654496,Whole-screen,#DDA06A,10,Biological completion
scpair_ops,scPair,strict_whole_screen,plasma_membrane_slc3a2,0.9165758428474269,Whole-screen,#DDA06A,10,Biological completion
scpair_ops,scPair,strict_whole_screen,proteasome_psmb7,0.5762538257598256,Whole-screen,#DDA06A,10,Biological completion
scpair_ops,scPair,strict_whole_screen,recycling_endosome_tfrc,0.8529623436431091,Whole-screen,#DDA06A,10,Biological completion
scpair_ops,scPair,strict_whole_screen,trans-golgi_vamp3,0.5603904828894883,Whole-screen,#DDA06A,10,Biological completion
tabm_specialists,TabM,field_holdout_sanity,5xupre,0.7151672384142875,Field,#A783AD,5,Neural specialists
tabm_specialists,TabM,field_holdout_sanity,actin_filament_fastact_spy555_live_cell_dye,0.8842131622135639,Field,#A783AD,5,Neural specialists
tabm_specialists,TabM,field_holdout_sanity,autophagosome_atg101,0.6478201985359192,Field,#A783AD,5,Neural specialists
tabm_specialists,TabM,field_holdout_sanity,autophagosome_map1lc3b,0.7204296890646219,Field,#A783AD,5,Neural specialists
tabm_specialists,TabM,field_holdout_sanity,b-catenin,0.5293036785970131,Field,#A783AD,5,Neural specialists
tabm_specialists,TabM,field_holdout_sanity,c-myc,0.5021760396162669,Field,#A783AD,5,Neural specialists
tabm_specialists,TabM,field_holdout_sanity,caspase_activity_cellevent-caspase_live-cell_dye,0.4520084139270087,Field,#A783AD,5,Neural specialists
tabm_specialists,TabM,field_holdout_sanity,cell_proliferation_marker_mki67,0.6338115324576695,Field,#A783AD,5,Neural specialists
tabm_specialists,TabM,field_holdout_sanity,chaperones_hspa1b,0.7613733969628811,Field,#A783AD,5,Neural specialists
tabm_specialists,TabM,field_holdout_sanity,chromalive_488_excitation,0.7265341969827811,Field,#A783AD,5,Neural specialists
tabm_specialists,TabM,field_holdout_sanity,chromatin_h2bc21,0.7021671682596207,Field,#A783AD,5,Neural specialists
tabm_specialists,TabM,field_holdout_sanity,clathrin_vesicles_clta,0.8770834310601154,Field,#A783AD,5,Neural specialists
tabm_specialists,TabM,field_holdout_sanity,early_endosome_eea1,0.8849482330183187,Field,#A783AD,5,Neural specialists
tabm_specialists,TabM,field_holdout_sanity,endocytic_vesicle_ph_phrodo-dextran_live_cell_dye,0.6965746882061163,Field,#A783AD,5,Neural specialists
tabm_specialists,TabM,field_holdout_sanity,endosome_vps35,0.7868995415667692,Field,#A783AD,5,Neural specialists
tabm_specialists,TabM,field_holdout_sanity,er_cona,0.6341433939834437,Field,#A783AD,5,Neural specialists
tabm_specialists,TabM,field_holdout_sanity,er_golgi_bridge_vapa,0.781736521422863,Field,#A783AD,5,Neural specialists
tabm_specialists,TabM,field_holdout_sanity,er_golgi_cop-ii_sec23a,0.9008154193560282,Field,#A783AD,5,Neural specialists
tabm_specialists,TabM,field_holdout_sanity,er_golgi_cope,0.7923099646965662,Field,#A783AD,5,Neural specialists
tabm_specialists,TabM,field_holdout_sanity,er_ncln,0.5794472192724547,Field,#A783AD,5,Neural specialists
tabm_specialists,TabM,field_holdout_sanity,er_sec61b,0.7898783147335052,Field,#A783AD,5,Neural specialists
tabm_specialists,TabM,field_holdout_sanity,f-actin_phalloidin,0.6745345761378607,Field,#A783AD,5,Neural specialists
tabm_specialists,TabM,field_holdout_sanity,fe2+_ferhonox_live-cell_dye,0.753516997534704,Field,#A783AD,5,Neural specialists
tabm_specialists,TabM,field_holdout_sanity,late_endosome_rab7a,0.8029757108539343,Field,#A783AD,5,Neural specialists
tabm_specialists,TabM,field_holdout_sanity,lipid_droplet_bodipy_live_cell_dye,0.895588098714749,Field,#A783AD,5,Neural specialists
tabm_specialists,TabM,field_holdout_sanity,lipid_droplet_plin2,0.693460855508844,Field,#A783AD,5,Neural specialists
tabm_specialists,TabM,field_holdout_sanity,lysosome_lamp1,0.7070202514529228,Field,#A783AD,5,Neural specialists
tabm_specialists,TabM,field_holdout_sanity,lysosome_lysotracker_live-cell_dye,0.906236187244455,Field,#A783AD,5,Neural specialists
tabm_specialists,TabM,field_holdout_sanity,microtubules_map4,0.6995239862551291,Field,#A783AD,5,Neural specialists
tabm_specialists,TabM,field_holdout_sanity,microtubules_tubulin,0.6536763858050108,Field,#A783AD,5,Neural specialists
tabm_specialists,TabM,field_holdout_sanity,mitochondria_chromalive_561_excitation,0.7573967456817627,Field,#A783AD,5,Neural specialists
tabm_specialists,TabM,field_holdout_sanity,mitochondria_tomm20,0.610837112325761,Field,#A783AD,5,Neural specialists
tabm_specialists,TabM,field_holdout_sanity,mitochondria_tomm70a,0.6902731947600842,Field,#A783AD,5,Neural specialists
tabm_specialists,TabM,field_holdout_sanity,nuclear_speckles_srrm2,0.8215599750479063,Field,#A783AD,5,Neural specialists
tabm_specialists,TabM,field_holdout_sanity,nuclei_hoechst,0.7300414331754049,Field,#A783AD,5,Neural specialists
tabm_specialists,TabM,field_holdout_sanity,nuclei_nucleolive_live_cell_dye,0.7479416514436404,Field,#A783AD,5,Neural specialists
tabm_specialists,TabM,field_holdout_sanity,nucleoli_npm1,0.4920872718923621,Field,#A783AD,5,Neural specialists
tabm_specialists,TabM,field_holdout_sanity,nucleolus-dfc_fbl,0.742094511538744,Field,#A783AD,5,Neural specialists
tabm_specialists,TabM,field_holdout_sanity,nucleolus-gc_npm3,0.6253865213754276,Field,#A783AD,5,Neural specialists
tabm_specialists,TabM,field_holdout_sanity,oxidative_stress_cellrox_live-cell_dye,0.6445689188937347,Field,#A783AD,5,Neural specialists
tabm_specialists,TabM,field_holdout_sanity,p21,0.5133699416120847,Field,#A783AD,5,Neural specialists
tabm_specialists,TabM,field_holdout_sanity,p53,0.411618415787816,Field,#A783AD,5,Neural specialists
tabm_specialists,TabM,field_holdout_sanity,peroxisome_peroxi_spy650_live_cell_dye,0.7003500112642844,Field,#A783AD,5,Neural specialists
tabm_specialists,TabM,field_holdout_sanity,plasma_membrane_atp1b3,0.6789702704797188,Field,#A783AD,5,Neural specialists
tabm_specialists,TabM,field_holdout_sanity,plasma_membrane_slc3a2,0.8949942921598752,Field,#A783AD,5,Neural specialists
tabm_specialists,TabM,field_holdout_sanity,plasma_membrane_wga,0.6829885901676284,Field,#A783AD,5,Neural specialists
tabm_specialists,TabM,field_holdout_sanity,prb,0.4862165626883506,Field,#A783AD,5,Neural specialists
tabm_specialists,TabM,field_holdout_sanity,proteasome_psmb7,0.5324433154116075,Field,#A783AD,5,Neural specialists
tabm_specialists,TabM,field_holdout_sanity,ps6,0.5733946359157562,Field,#A783AD,5,Neural specialists
tabm_specialists,TabM,field_holdout_sanity,recycling_endosome_tfrc,0.8418378179272017,Field,#A783AD,5,Neural specialists
tabm_specialists,TabM,field_holdout_sanity,stress_granule_g3bp1,0.9121807098388672,Field,#A783AD,5,Neural specialists
tabm_specialists,TabM,field_holdout_sanity,trans-golgi_vamp3,0.6316162418574095,Field,#A783AD,5,Neural specialists
tabm_specialists,TabM,gene_holdout_main,5xupre,0.752966930270195,Gene,#A783AD,5,Neural specialists
tabm_specialists,TabM,gene_holdout_main,actin_filament_fastact_spy555_live_cell_dye,0.91799838890632,Gene,#A783AD,5,Neural specialists
tabm_specialists,TabM,gene_holdout_main,autophagosome_atg101,0.7126737998177608,Gene,#A783AD,5,Neural specialists
tabm_specialists,TabM,gene_holdout_main,autophagosome_map1lc3b,0.7698032347485423,Gene,#A783AD,5,Neural specialists
tabm_specialists,TabM,gene_holdout_main,b-catenin,0.5573229092607896,Gene,#A783AD,5,Neural specialists
tabm_specialists,TabM,gene_holdout_main,c-myc,0.5533967211842536,Gene,#A783AD,5,Neural specialists
tabm_specialists,TabM,gene_holdout_main,caspase_activity_cellevent-caspase_live-cell_dye,0.47850388425091905,Gene,#A783AD,5,Neural specialists
tabm_specialists,TabM,gene_holdout_main,cell_proliferation_marker_mki67,0.6631038227428993,Gene,#A783AD,5,Neural specialists
tabm_specialists,TabM,gene_holdout_main,chaperones_hspa1b,0.8178382200499374,Gene,#A783AD,5,Neural specialists
tabm_specialists,TabM,gene_holdout_main,chromalive_488_excitation,0.7846104063093662,Gene,#A783AD,5,Neural specialists
tabm_specialists,TabM,gene_holdout_main,chromatin_h2bc21,0.7735082484781742,Gene,#A783AD,5,Neural specialists
tabm_specialists,TabM,gene_holdout_main,clathrin_vesicles_clta,0.9170766140023868,Gene,#A783AD,5,Neural specialists
tabm_specialists,TabM,gene_holdout_main,early_endosome_eea1,0.9241226906577745,Gene,#A783AD,5,Neural specialists
tabm_specialists,TabM,gene_holdout_main,endocytic_vesicle_ph_phrodo-dextran_live_cell_dye,0.7584161855280399,Gene,#A783AD,5,Neural specialists
tabm_specialists,TabM,gene_holdout_main,endosome_vps35,0.8327490270137787,Gene,#A783AD,5,Neural specialists
tabm_specialists,TabM,gene_holdout_main,er_cona,0.7170032938321432,Gene,#A783AD,5,Neural specialists
tabm_specialists,TabM,gene_holdout_main,er_golgi_bridge_vapa,0.8160337487856546,Gene,#A783AD,5,Neural specialists
tabm_specialists,TabM,gene_holdout_main,er_golgi_cop-ii_sec23a,0.9337133208910624,Gene,#A783AD,5,Neural specialists
tabm_specialists,TabM,gene_holdout_main,er_golgi_cope,0.837660688906908,Gene,#A783AD,5,Neural specialists
tabm_specialists,TabM,gene_holdout_main,er_ncln,0.6495059266065558,Gene,#A783AD,5,Neural specialists
tabm_specialists,TabM,gene_holdout_main,er_sec61b,0.8138996280729771,Gene,#A783AD,5,Neural specialists
tabm_specialists,TabM,gene_holdout_main,f-actin_phalloidin,0.755171848502424,Gene,#A783AD,5,Neural specialists
tabm_specialists,TabM,gene_holdout_main,fe2+_ferhonox_live-cell_dye,0.7362850316761371,Gene,#A783AD,5,Neural specialists
tabm_specialists,TabM,gene_holdout_main,late_endosome_rab7a,0.8183337762951851,Gene,#A783AD,5,Neural specialists
tabm_specialists,TabM,gene_holdout_main,lipid_droplet_bodipy_live_cell_dye,0.9267409950494766,Gene,#A783AD,5,Neural specialists
tabm_specialists,TabM,gene_holdout_main,lipid_droplet_plin2,0.713672187551856,Gene,#A783AD,5,Neural specialists
tabm_specialists,TabM,gene_holdout_main,lysosome_lamp1,0.763378053655227,Gene,#A783AD,5,Neural specialists
tabm_specialists,TabM,gene_holdout_main,lysosome_lysotracker_live-cell_dye,0.8785511052856843,Gene,#A783AD,5,Neural specialists
tabm_specialists,TabM,gene_holdout_main,microtubules_map4,0.7638534066577752,Gene,#A783AD,5,Neural specialists
tabm_specialists,TabM,gene_holdout_main,microtubules_tubulin,0.731463721063402,Gene,#A783AD,5,Neural specialists
tabm_specialists,TabM,gene_holdout_main,mitochondria_chromalive_561_excitation,0.8091924786567688,Gene,#A783AD,5,Neural specialists
tabm_specialists,TabM,gene_holdout_main,mitochondria_tomm20,0.696421266078121,Gene,#A783AD,5,Neural specialists
tabm_specialists,TabM,gene_holdout_main,mitochondria_tomm70a,0.7527483257154624,Gene,#A783AD,5,Neural specialists
tabm_specialists,TabM,gene_holdout_main,nuclear_speckles_srrm2,0.8709234312176705,Gene,#A783AD,5,Neural specialists
tabm_specialists,TabM,gene_holdout_main,nuclei_hoechst,0.7667056552569071,Gene,#A783AD,5,Neural specialists
tabm_specialists,TabM,gene_holdout_main,nuclei_nucleolive_live_cell_dye,0.8467495786647001,Gene,#A783AD,5,Neural specialists
tabm_specialists,TabM,gene_holdout_main,nucleoli_npm1,0.5514786770981219,Gene,#A783AD,5,Neural specialists
tabm_specialists,TabM,gene_holdout_main,nucleolus-dfc_fbl,0.801021264741818,Gene,#A783AD,5,Neural specialists
tabm_specialists,TabM,gene_holdout_main,nucleolus-gc_npm3,0.6283560019296904,Gene,#A783AD,5,Neural specialists
tabm_specialists,TabM,gene_holdout_main,oxidative_stress_cellrox_live-cell_dye,0.6784526878347,Gene,#A783AD,5,Neural specialists
tabm_specialists,TabM,gene_holdout_main,p21,0.6099120926856995,Gene,#A783AD,5,Neural specialists
tabm_specialists,TabM,gene_holdout_main,p53,0.5438152876496314,Gene,#A783AD,5,Neural specialists
tabm_specialists,TabM,gene_holdout_main,peroxisome_peroxi_spy650_live_cell_dye,0.761520065072303,Gene,#A783AD,5,Neural specialists
tabm_specialists,TabM,gene_holdout_main,plasma_membrane_atp1b3,0.7570890005677938,Gene,#A783AD,5,Neural specialists
tabm_specialists,TabM,gene_holdout_main,plasma_membrane_slc3a2,0.914856743812561,Gene,#A783AD,5,Neural specialists
tabm_specialists,TabM,gene_holdout_main,plasma_membrane_wga,0.7558330491185188,Gene,#A783AD,5,Neural specialists
tabm_specialists,TabM,gene_holdout_main,prb,0.44140078934530413,Gene,#A783AD,5,Neural specialists
tabm_specialists,TabM,gene_holdout_main,proteasome_psmb7,0.6063380958978086,Gene,#A783AD,5,Neural specialists
tabm_specialists,TabM,gene_holdout_main,ps6,0.5868607381886493,Gene,#A783AD,5,Neural specialists
tabm_specialists,TabM,gene_holdout_main,recycling_endosome_tfrc,0.8829881752530733,Gene,#A783AD,5,Neural specialists
tabm_specialists,TabM,gene_holdout_main,stress_granule_g3bp1,0.9353356584906578,Gene,#A783AD,5,Neural specialists
tabm_specialists,TabM,gene_holdout_main,trans-golgi_vamp3,0.6704006745169561,Gene,#A783AD,5,Neural specialists
tabm_specialists,TabM,strict_whole_screen,5xupre,0.7672998197376728,Whole-screen,#A783AD,5,Neural specialists
tabm_specialists,TabM,strict_whole_screen,actin_filament_fastact_spy555_live_cell_dye,0.7059776683570818,Whole-screen,#A783AD,5,Neural specialists
tabm_specialists,TabM,strict_whole_screen,autophagosome_atg101,0.724029116332531,Whole-screen,#A783AD,5,Neural specialists
tabm_specialists,TabM,strict_whole_screen,autophagosome_map1lc3b,0.47448999637385386,Whole-screen,#A783AD,5,Neural specialists
tabm_specialists,TabM,strict_whole_screen,caspase_activity_cellevent-caspase_live-cell_dye,0.2885521741433573,Whole-screen,#A783AD,5,Neural specialists
tabm_specialists,TabM,strict_whole_screen,cell_proliferation_marker_mki67,0.6033881519300242,Whole-screen,#A783AD,5,Neural specialists
tabm_specialists,TabM,strict_whole_screen,chaperones_hspa1b,0.4234067385708234,Whole-screen,#A783AD,5,Neural specialists
tabm_specialists,TabM,strict_whole_screen,chromalive_488_excitation,0.6294396457572778,Whole-screen,#A783AD,5,Neural specialists
tabm_specialists,TabM,strict_whole_screen,chromatin_h2bc21,0.7271380169938009,Whole-screen,#A783AD,5,Neural specialists
tabm_specialists,TabM,strict_whole_screen,clathrin_vesicles_clta,0.8824043342222769,Whole-screen,#A783AD,5,Neural specialists
tabm_specialists,TabM,strict_whole_screen,endocytic_vesicle_ph_phrodo-dextran_live_cell_dye,0.4826276646926999,Whole-screen,#A783AD,5,Neural specialists
tabm_specialists,TabM,strict_whole_screen,endosome_vps35,0.7728247564906876,Whole-screen,#A783AD,5,Neural specialists
tabm_specialists,TabM,strict_whole_screen,er_golgi_bridge_vapa,0.8195120648791392,Whole-screen,#A783AD,5,Neural specialists
tabm_specialists,TabM,strict_whole_screen,er_golgi_cope,0.64225731647457,Whole-screen,#A783AD,5,Neural specialists
tabm_specialists,TabM,strict_whole_screen,er_sec61b,0.8664819026986758,Whole-screen,#A783AD,5,Neural specialists
tabm_specialists,TabM,strict_whole_screen,fe2+_ferhonox_live-cell_dye,0.28617290215333924,Whole-screen,#A783AD,5,Neural specialists
tabm_specialists,TabM,strict_whole_screen,late_endosome_rab7a,0.44139156342862407,Whole-screen,#A783AD,5,Neural specialists
tabm_specialists,TabM,strict_whole_screen,lipid_droplet_bodipy_live_cell_dye,0.882826910354197,Whole-screen,#A783AD,5,Neural specialists
tabm_specialists,TabM,strict_whole_screen,lipid_droplet_plin2,0.5266735879704356,Whole-screen,#A783AD,5,Neural specialists
tabm_specialists,TabM,strict_whole_screen,lysosome_lamp1,0.7745897999654213,Whole-screen,#A783AD,5,Neural specialists
tabm_specialists,TabM,strict_whole_screen,lysosome_lysotracker_live-cell_dye,0.8337260412259234,Whole-screen,#A783AD,5,Neural specialists
tabm_specialists,TabM,strict_whole_screen,mitochondria_chromalive_561_excitation,0.6850782918433349,Whole-screen,#A783AD,5,Neural specialists
tabm_specialists,TabM,strict_whole_screen,mitochondria_tomm70a,0.6270086371029416,Whole-screen,#A783AD,5,Neural specialists
tabm_specialists,TabM,strict_whole_screen,nuclear_speckles_srrm2,0.6872372664511204,Whole-screen,#A783AD,5,Neural specialists
tabm_specialists,TabM,strict_whole_screen,nuclei_nucleolive_live_cell_dye,0.423068022277827,Whole-screen,#A783AD,5,Neural specialists
tabm_specialists,TabM,strict_whole_screen,nucleolus-dfc_fbl,0.43401241144116887,Whole-screen,#A783AD,5,Neural specialists
tabm_specialists,TabM,strict_whole_screen,nucleolus-gc_npm3,0.22745145772629863,Whole-screen,#A783AD,5,Neural specialists
tabm_specialists,TabM,strict_whole_screen,oxidative_stress_cellrox_live-cell_dye,0.4874117501409879,Whole-screen,#A783AD,5,Neural specialists
tabm_specialists,TabM,strict_whole_screen,peroxisome_peroxi_spy650_live_cell_dye,0.704811985604465,Whole-screen,#A783AD,5,Neural specialists
tabm_specialists,TabM,strict_whole_screen,plasma_membrane_atp1b3,0.6521507429424673,Whole-screen,#A783AD,5,Neural specialists
tabm_specialists,TabM,strict_whole_screen,plasma_membrane_slc3a2,0.9216197182734808,Whole-screen,#A783AD,5,Neural specialists
tabm_specialists,TabM,strict_whole_screen,proteasome_psmb7,0.5846078546795374,Whole-screen,#A783AD,5,Neural specialists
tabm_specialists,TabM,strict_whole_screen,recycling_endosome_tfrc,0.8582732000698645,Whole-screen,#A783AD,5,Neural specialists
tabm_specialists,TabM,strict_whole_screen,trans-golgi_vamp3,0.346142931986833,Whole-screen,#A783AD,5,Neural specialists
