reporter_slug,method_id,fold,n_keys,max_truth_delta,reordered,run_state
stress_granule_g3bp1,ridge,0,211,0.0,False,checkpoint_average
stress_granule_g3bp1,gbdt,0,211,0.0,False,checkpoint_average
stress_granule_g3bp1,catboost_multirmse,0,211,0.0,False,checkpoint_average
stress_granule_g3bp1,mlp,0,211,0.0,False,checkpoint_average
stress_granule_g3bp1,tabm_specialists,0,211,0.0,False,checkpoint_average
stress_granule_g3bp1,scbutterfly_ops_b,0,211,0.0,False,checkpoint_average
stress_granule_g3bp1,resmlp_52head,0,211,0.0,False,checkpoint_average
stress_granule_g3bp1,multitab_pilot,0,211,0.0,False,checkpoint_average
stress_granule_g3bp1,midas_ops,0,211,0.0,False,checkpoint_average
stress_granule_g3bp1,scpair_ops,0,211,0.0,False,checkpoint_average
stress_granule_g3bp1,ridge,1,187,0.0,False,checkpoint_average
stress_granule_g3bp1,gbdt,1,187,0.0,False,checkpoint_average
stress_granule_g3bp1,catboost_multirmse,1,187,0.0,False,checkpoint_average
stress_granule_g3bp1,mlp,1,187,0.0,False,checkpoint_average
stress_granule_g3bp1,tabm_specialists,1,187,0.0,False,checkpoint_average
stress_granule_g3bp1,scbutterfly_ops_b,1,187,0.0,False,checkpoint_average
stress_granule_g3bp1,resmlp_52head,1,187,0.0,False,checkpoint_average
stress_granule_g3bp1,multitab_pilot,1,187,0.0,False,checkpoint_average
stress_granule_g3bp1,midas_ops,1,187,0.0,False,checkpoint_average
stress_granule_g3bp1,scpair_ops,1,187,0.0,False,checkpoint_average
stress_granule_g3bp1,ridge,2,183,0.0,False,checkpoint_average
stress_granule_g3bp1,gbdt,2,183,0.0,False,checkpoint_average
stress_granule_g3bp1,catboost_multirmse,2,183,0.0,False,checkpoint_average
stress_granule_g3bp1,mlp,2,183,0.0,False,checkpoint_average
stress_granule_g3bp1,tabm_specialists,2,183,0.0,False,checkpoint_average
stress_granule_g3bp1,scbutterfly_ops_b,2,183,0.0,False,checkpoint_average
stress_granule_g3bp1,resmlp_52head,2,183,0.0,False,checkpoint_average
stress_granule_g3bp1,multitab_pilot,2,183,0.0,False,checkpoint_average
stress_granule_g3bp1,midas_ops,2,183,0.0,False,checkpoint_average
stress_granule_g3bp1,scpair_ops,2,183,0.0,False,checkpoint_average
stress_granule_g3bp1,ridge,3,197,0.0,False,checkpoint_average
stress_granule_g3bp1,gbdt,3,197,0.0,False,checkpoint_average
stress_granule_g3bp1,catboost_multirmse,3,197,0.0,False,checkpoint_average
stress_granule_g3bp1,mlp,3,197,0.0,False,checkpoint_average
stress_granule_g3bp1,tabm_specialists,3,197,0.0,False,checkpoint_average
stress_granule_g3bp1,scbutterfly_ops_b,3,197,0.0,False,checkpoint_average
stress_granule_g3bp1,resmlp_52head,3,197,0.0,False,checkpoint_average
stress_granule_g3bp1,multitab_pilot,3,197,0.0,False,checkpoint_average
stress_granule_g3bp1,midas_ops,3,197,0.0,False,checkpoint_average
stress_granule_g3bp1,scpair_ops,3,197,0.0,False,checkpoint_average
stress_granule_g3bp1,ridge,4,222,0.0,False,checkpoint_average
stress_granule_g3bp1,gbdt,4,222,0.0,False,checkpoint_average
stress_granule_g3bp1,catboost_multirmse,4,222,0.0,False,checkpoint_average
stress_granule_g3bp1,mlp,4,222,0.0,False,checkpoint_average
stress_granule_g3bp1,tabm_specialists,4,222,0.0,False,checkpoint_average
stress_granule_g3bp1,scbutterfly_ops_b,4,222,0.0,False,checkpoint_average
stress_granule_g3bp1,resmlp_52head,4,222,0.0,False,checkpoint_average
stress_granule_g3bp1,multitab_pilot,4,222,0.0,False,checkpoint_average
stress_granule_g3bp1,midas_ops,4,222,0.0,False,checkpoint_average
stress_granule_g3bp1,scpair_ops,4,222,0.0,False,checkpoint_average
lysosome_lysotracker_live-cell_dye,ridge,0,633,0.0,False,checkpoint_average
lysosome_lysotracker_live-cell_dye,gbdt,0,633,0.0,False,checkpoint_average
lysosome_lysotracker_live-cell_dye,catboost_multirmse,0,633,0.0,False,checkpoint_average
lysosome_lysotracker_live-cell_dye,mlp,0,633,0.0,False,checkpoint_average
lysosome_lysotracker_live-cell_dye,tabm_specialists,0,633,0.0,False,checkpoint_average
lysosome_lysotracker_live-cell_dye,scbutterfly_ops_b,0,633,0.0,False,checkpoint_average
lysosome_lysotracker_live-cell_dye,resmlp_52head,0,633,0.0,False,checkpoint_average
lysosome_lysotracker_live-cell_dye,multitab_pilot,0,633,0.0,False,checkpoint_average
lysosome_lysotracker_live-cell_dye,midas_ops,0,633,0.0,False,checkpoint_average
lysosome_lysotracker_live-cell_dye,scpair_ops,0,633,0.0,False,checkpoint_average
lysosome_lysotracker_live-cell_dye,ridge,1,561,0.0,False,checkpoint_average
lysosome_lysotracker_live-cell_dye,gbdt,1,561,0.0,False,checkpoint_average
lysosome_lysotracker_live-cell_dye,catboost_multirmse,1,561,0.0,False,checkpoint_average
lysosome_lysotracker_live-cell_dye,mlp,1,561,0.0,False,checkpoint_average
lysosome_lysotracker_live-cell_dye,tabm_specialists,1,561,0.0,False,checkpoint_average
lysosome_lysotracker_live-cell_dye,scbutterfly_ops_b,1,561,0.0,False,checkpoint_average
lysosome_lysotracker_live-cell_dye,resmlp_52head,1,561,0.0,False,checkpoint_average
lysosome_lysotracker_live-cell_dye,multitab_pilot,1,561,0.0,False,checkpoint_average
lysosome_lysotracker_live-cell_dye,midas_ops,1,561,0.0,False,checkpoint_average
lysosome_lysotracker_live-cell_dye,scpair_ops,1,561,0.0,False,checkpoint_average
lysosome_lysotracker_live-cell_dye,ridge,2,549,0.0,False,checkpoint_average
lysosome_lysotracker_live-cell_dye,gbdt,2,549,0.0,False,checkpoint_average
lysosome_lysotracker_live-cell_dye,catboost_multirmse,2,549,0.0,False,checkpoint_average
lysosome_lysotracker_live-cell_dye,mlp,2,549,0.0,False,checkpoint_average
lysosome_lysotracker_live-cell_dye,tabm_specialists,2,549,0.0,False,checkpoint_average
lysosome_lysotracker_live-cell_dye,scbutterfly_ops_b,2,549,0.0,False,checkpoint_average
lysosome_lysotracker_live-cell_dye,resmlp_52head,2,549,0.0,False,checkpoint_average
lysosome_lysotracker_live-cell_dye,multitab_pilot,2,549,0.0,False,checkpoint_average
lysosome_lysotracker_live-cell_dye,midas_ops,2,549,0.0,False,checkpoint_average
lysosome_lysotracker_live-cell_dye,scpair_ops,2,549,0.0,False,checkpoint_average
lysosome_lysotracker_live-cell_dye,ridge,3,591,0.0,False,checkpoint_average
lysosome_lysotracker_live-cell_dye,gbdt,3,591,0.0,False,checkpoint_average
lysosome_lysotracker_live-cell_dye,catboost_multirmse,3,591,0.0,False,checkpoint_average
lysosome_lysotracker_live-cell_dye,mlp,3,591,0.0,False,checkpoint_average
lysosome_lysotracker_live-cell_dye,tabm_specialists,3,591,0.0,False,checkpoint_average
lysosome_lysotracker_live-cell_dye,scbutterfly_ops_b,3,591,0.0,False,checkpoint_average
lysosome_lysotracker_live-cell_dye,resmlp_52head,3,591,0.0,False,checkpoint_average
lysosome_lysotracker_live-cell_dye,multitab_pilot,3,591,0.0,False,checkpoint_average
lysosome_lysotracker_live-cell_dye,midas_ops,3,591,0.0,False,checkpoint_average
lysosome_lysotracker_live-cell_dye,scpair_ops,3,591,0.0,False,checkpoint_average
lysosome_lysotracker_live-cell_dye,ridge,4,666,0.0,False,checkpoint_average
lysosome_lysotracker_live-cell_dye,gbdt,4,666,0.0,False,checkpoint_average
lysosome_lysotracker_live-cell_dye,catboost_multirmse,4,666,0.0,False,checkpoint_average
lysosome_lysotracker_live-cell_dye,mlp,4,666,0.0,False,checkpoint_average
lysosome_lysotracker_live-cell_dye,tabm_specialists,4,666,0.0,False,checkpoint_average
lysosome_lysotracker_live-cell_dye,scbutterfly_ops_b,4,666,0.0,False,checkpoint_average
lysosome_lysotracker_live-cell_dye,resmlp_52head,4,666,0.0,False,checkpoint_average
lysosome_lysotracker_live-cell_dye,multitab_pilot,4,666,0.0,False,checkpoint_average
lysosome_lysotracker_live-cell_dye,midas_ops,4,666,0.0,False,checkpoint_average
lysosome_lysotracker_live-cell_dye,scpair_ops,4,666,0.0,False,checkpoint_average
er_golgi_cop-ii_sec23a,ridge,0,211,0.0,False,checkpoint_average
er_golgi_cop-ii_sec23a,gbdt,0,211,0.0,False,checkpoint_average
er_golgi_cop-ii_sec23a,catboost_multirmse,0,211,0.0,False,checkpoint_average
er_golgi_cop-ii_sec23a,mlp,0,211,0.0,False,checkpoint_average
er_golgi_cop-ii_sec23a,tabm_specialists,0,211,0.0,False,checkpoint_average
er_golgi_cop-ii_sec23a,scbutterfly_ops_b,0,211,0.0,False,checkpoint_average
er_golgi_cop-ii_sec23a,resmlp_52head,0,211,0.0,False,checkpoint_average
er_golgi_cop-ii_sec23a,multitab_pilot,0,211,0.0,False,checkpoint_average
er_golgi_cop-ii_sec23a,midas_ops,0,211,0.0,False,checkpoint_average
er_golgi_cop-ii_sec23a,scpair_ops,0,211,0.0,False,checkpoint_average
er_golgi_cop-ii_sec23a,ridge,1,187,0.0,False,checkpoint_average
er_golgi_cop-ii_sec23a,gbdt,1,187,0.0,False,checkpoint_average
er_golgi_cop-ii_sec23a,catboost_multirmse,1,187,0.0,False,checkpoint_average
er_golgi_cop-ii_sec23a,mlp,1,187,0.0,False,checkpoint_average
er_golgi_cop-ii_sec23a,tabm_specialists,1,187,0.0,False,checkpoint_average
er_golgi_cop-ii_sec23a,scbutterfly_ops_b,1,187,0.0,False,checkpoint_average
er_golgi_cop-ii_sec23a,resmlp_52head,1,187,0.0,False,checkpoint_average
er_golgi_cop-ii_sec23a,multitab_pilot,1,187,0.0,False,checkpoint_average
er_golgi_cop-ii_sec23a,midas_ops,1,187,0.0,False,checkpoint_average
er_golgi_cop-ii_sec23a,scpair_ops,1,187,0.0,False,checkpoint_average
er_golgi_cop-ii_sec23a,ridge,2,183,0.0,False,checkpoint_average
er_golgi_cop-ii_sec23a,gbdt,2,183,0.0,False,checkpoint_average
er_golgi_cop-ii_sec23a,catboost_multirmse,2,183,0.0,False,checkpoint_average
er_golgi_cop-ii_sec23a,mlp,2,183,0.0,False,checkpoint_average
er_golgi_cop-ii_sec23a,tabm_specialists,2,183,0.0,False,checkpoint_average
er_golgi_cop-ii_sec23a,scbutterfly_ops_b,2,183,0.0,False,checkpoint_average
er_golgi_cop-ii_sec23a,resmlp_52head,2,183,0.0,False,checkpoint_average
er_golgi_cop-ii_sec23a,multitab_pilot,2,183,0.0,False,checkpoint_average
er_golgi_cop-ii_sec23a,midas_ops,2,183,0.0,False,checkpoint_average
er_golgi_cop-ii_sec23a,scpair_ops,2,183,0.0,False,checkpoint_average
er_golgi_cop-ii_sec23a,ridge,3,197,0.0,False,checkpoint_average
er_golgi_cop-ii_sec23a,gbdt,3,197,0.0,False,checkpoint_average
er_golgi_cop-ii_sec23a,catboost_multirmse,3,197,0.0,False,checkpoint_average
er_golgi_cop-ii_sec23a,mlp,3,197,0.0,False,checkpoint_average
er_golgi_cop-ii_sec23a,tabm_specialists,3,197,0.0,False,checkpoint_average
er_golgi_cop-ii_sec23a,scbutterfly_ops_b,3,197,0.0,False,checkpoint_average
er_golgi_cop-ii_sec23a,resmlp_52head,3,197,0.0,False,checkpoint_average
er_golgi_cop-ii_sec23a,multitab_pilot,3,197,0.0,False,checkpoint_average
er_golgi_cop-ii_sec23a,midas_ops,3,197,0.0,False,checkpoint_average
er_golgi_cop-ii_sec23a,scpair_ops,3,197,0.0,False,checkpoint_average
er_golgi_cop-ii_sec23a,ridge,4,222,0.0,False,checkpoint_average
er_golgi_cop-ii_sec23a,gbdt,4,222,0.0,False,checkpoint_average
er_golgi_cop-ii_sec23a,catboost_multirmse,4,222,0.0,False,checkpoint_average
er_golgi_cop-ii_sec23a,mlp,4,222,0.0,False,checkpoint_average
er_golgi_cop-ii_sec23a,tabm_specialists,4,222,0.0,False,checkpoint_average
er_golgi_cop-ii_sec23a,scbutterfly_ops_b,4,222,0.0,False,checkpoint_average
er_golgi_cop-ii_sec23a,resmlp_52head,4,222,0.0,False,checkpoint_average
er_golgi_cop-ii_sec23a,multitab_pilot,4,222,0.0,False,checkpoint_average
er_golgi_cop-ii_sec23a,midas_ops,4,222,0.0,False,checkpoint_average
er_golgi_cop-ii_sec23a,scpair_ops,4,222,0.0,False,checkpoint_average
early_endosome_eea1,ridge,0,211,0.0,False,checkpoint_average
early_endosome_eea1,gbdt,0,211,0.0,False,checkpoint_average
early_endosome_eea1,catboost_multirmse,0,211,0.0,False,checkpoint_average
early_endosome_eea1,mlp,0,211,0.0,False,checkpoint_average
early_endosome_eea1,tabm_specialists,0,211,0.0,False,checkpoint_average
early_endosome_eea1,scbutterfly_ops_b,0,211,0.0,False,checkpoint_average
early_endosome_eea1,resmlp_52head,0,211,0.0,False,checkpoint_average
early_endosome_eea1,multitab_pilot,0,211,0.0,False,checkpoint_average
early_endosome_eea1,midas_ops,0,211,0.0,False,checkpoint_average
early_endosome_eea1,scpair_ops,0,211,0.0,False,checkpoint_average
early_endosome_eea1,ridge,1,187,0.0,False,checkpoint_average
early_endosome_eea1,gbdt,1,187,0.0,False,checkpoint_average
early_endosome_eea1,catboost_multirmse,1,187,0.0,False,checkpoint_average
early_endosome_eea1,mlp,1,187,0.0,False,checkpoint_average
early_endosome_eea1,tabm_specialists,1,187,0.0,False,checkpoint_average
early_endosome_eea1,scbutterfly_ops_b,1,187,0.0,False,checkpoint_average
early_endosome_eea1,resmlp_52head,1,187,0.0,False,checkpoint_average
early_endosome_eea1,multitab_pilot,1,187,0.0,False,checkpoint_average
early_endosome_eea1,midas_ops,1,187,0.0,False,checkpoint_average
early_endosome_eea1,scpair_ops,1,187,0.0,False,checkpoint_average
early_endosome_eea1,ridge,2,183,0.0,False,checkpoint_average
early_endosome_eea1,gbdt,2,183,0.0,False,checkpoint_average
early_endosome_eea1,catboost_multirmse,2,183,0.0,False,checkpoint_average
early_endosome_eea1,mlp,2,183,0.0,False,checkpoint_average
early_endosome_eea1,tabm_specialists,2,183,0.0,False,checkpoint_average
early_endosome_eea1,scbutterfly_ops_b,2,183,0.0,False,checkpoint_average
early_endosome_eea1,resmlp_52head,2,183,0.0,False,checkpoint_average
early_endosome_eea1,multitab_pilot,2,183,0.0,False,checkpoint_average
early_endosome_eea1,midas_ops,2,183,0.0,False,checkpoint_average
early_endosome_eea1,scpair_ops,2,183,0.0,False,checkpoint_average
early_endosome_eea1,ridge,3,197,0.0,False,checkpoint_average
early_endosome_eea1,gbdt,3,197,0.0,False,checkpoint_average
early_endosome_eea1,catboost_multirmse,3,197,0.0,False,checkpoint_average
early_endosome_eea1,mlp,3,197,0.0,False,checkpoint_average
early_endosome_eea1,tabm_specialists,3,197,0.0,False,checkpoint_average
early_endosome_eea1,scbutterfly_ops_b,3,197,0.0,False,checkpoint_average
early_endosome_eea1,resmlp_52head,3,197,0.0,False,checkpoint_average
early_endosome_eea1,multitab_pilot,3,197,0.0,False,checkpoint_average
early_endosome_eea1,midas_ops,3,197,0.0,False,checkpoint_average
early_endosome_eea1,scpair_ops,3,197,0.0,False,checkpoint_average
early_endosome_eea1,ridge,4,222,0.0,False,checkpoint_average
early_endosome_eea1,gbdt,4,222,0.0,False,checkpoint_average
early_endosome_eea1,catboost_multirmse,4,222,0.0,False,checkpoint_average
early_endosome_eea1,mlp,4,222,0.0,False,checkpoint_average
early_endosome_eea1,tabm_specialists,4,222,0.0,False,checkpoint_average
early_endosome_eea1,scbutterfly_ops_b,4,222,0.0,False,checkpoint_average
early_endosome_eea1,resmlp_52head,4,222,0.0,False,checkpoint_average
early_endosome_eea1,multitab_pilot,4,222,0.0,False,checkpoint_average
early_endosome_eea1,midas_ops,4,222,0.0,False,checkpoint_average
early_endosome_eea1,scpair_ops,4,222,0.0,False,checkpoint_average
lipid_droplet_bodipy_live_cell_dye,ridge,0,422,0.0,False,checkpoint_average
lipid_droplet_bodipy_live_cell_dye,gbdt,0,422,0.0,False,checkpoint_average
lipid_droplet_bodipy_live_cell_dye,catboost_multirmse,0,422,0.0,False,checkpoint_average
lipid_droplet_bodipy_live_cell_dye,mlp,0,422,0.0,False,checkpoint_average
lipid_droplet_bodipy_live_cell_dye,tabm_specialists,0,422,0.0,False,checkpoint_average
lipid_droplet_bodipy_live_cell_dye,scbutterfly_ops_b,0,422,0.0,False,checkpoint_average
lipid_droplet_bodipy_live_cell_dye,resmlp_52head,0,422,0.0,False,checkpoint_average
lipid_droplet_bodipy_live_cell_dye,multitab_pilot,0,422,0.0,False,checkpoint_average
lipid_droplet_bodipy_live_cell_dye,midas_ops,0,422,0.0,False,checkpoint_average
lipid_droplet_bodipy_live_cell_dye,scpair_ops,0,422,0.0,False,checkpoint_average
lipid_droplet_bodipy_live_cell_dye,ridge,1,374,0.0,False,checkpoint_average
lipid_droplet_bodipy_live_cell_dye,gbdt,1,374,0.0,False,checkpoint_average
lipid_droplet_bodipy_live_cell_dye,catboost_multirmse,1,374,0.0,False,checkpoint_average
lipid_droplet_bodipy_live_cell_dye,mlp,1,374,0.0,False,checkpoint_average
lipid_droplet_bodipy_live_cell_dye,tabm_specialists,1,374,0.0,False,checkpoint_average
lipid_droplet_bodipy_live_cell_dye,scbutterfly_ops_b,1,374,0.0,False,checkpoint_average
lipid_droplet_bodipy_live_cell_dye,resmlp_52head,1,374,0.0,False,checkpoint_average
lipid_droplet_bodipy_live_cell_dye,multitab_pilot,1,374,0.0,False,checkpoint_average
lipid_droplet_bodipy_live_cell_dye,midas_ops,1,374,0.0,False,checkpoint_average
lipid_droplet_bodipy_live_cell_dye,scpair_ops,1,374,0.0,False,checkpoint_average
lipid_droplet_bodipy_live_cell_dye,ridge,2,366,0.0,False,checkpoint_average
lipid_droplet_bodipy_live_cell_dye,gbdt,2,366,0.0,False,checkpoint_average
lipid_droplet_bodipy_live_cell_dye,catboost_multirmse,2,366,0.0,False,checkpoint_average
lipid_droplet_bodipy_live_cell_dye,mlp,2,366,0.0,False,checkpoint_average
lipid_droplet_bodipy_live_cell_dye,tabm_specialists,2,366,0.0,False,checkpoint_average
lipid_droplet_bodipy_live_cell_dye,scbutterfly_ops_b,2,366,0.0,False,checkpoint_average
lipid_droplet_bodipy_live_cell_dye,resmlp_52head,2,366,0.0,False,checkpoint_average
lipid_droplet_bodipy_live_cell_dye,multitab_pilot,2,366,0.0,False,checkpoint_average
lipid_droplet_bodipy_live_cell_dye,midas_ops,2,366,0.0,False,checkpoint_average
lipid_droplet_bodipy_live_cell_dye,scpair_ops,2,366,0.0,False,checkpoint_average
lipid_droplet_bodipy_live_cell_dye,ridge,3,394,0.0,False,checkpoint_average
lipid_droplet_bodipy_live_cell_dye,gbdt,3,394,0.0,False,checkpoint_average
lipid_droplet_bodipy_live_cell_dye,catboost_multirmse,3,394,0.0,False,checkpoint_average
lipid_droplet_bodipy_live_cell_dye,mlp,3,394,0.0,False,checkpoint_average
lipid_droplet_bodipy_live_cell_dye,tabm_specialists,3,394,0.0,False,checkpoint_average
lipid_droplet_bodipy_live_cell_dye,scbutterfly_ops_b,3,394,0.0,False,checkpoint_average
lipid_droplet_bodipy_live_cell_dye,resmlp_52head,3,394,0.0,False,checkpoint_average
lipid_droplet_bodipy_live_cell_dye,multitab_pilot,3,394,0.0,False,checkpoint_average
lipid_droplet_bodipy_live_cell_dye,midas_ops,3,394,0.0,False,checkpoint_average
lipid_droplet_bodipy_live_cell_dye,scpair_ops,3,394,0.0,False,checkpoint_average
lipid_droplet_bodipy_live_cell_dye,ridge,4,444,0.0,False,checkpoint_average
lipid_droplet_bodipy_live_cell_dye,gbdt,4,444,0.0,False,checkpoint_average
lipid_droplet_bodipy_live_cell_dye,catboost_multirmse,4,444,0.0,False,checkpoint_average
lipid_droplet_bodipy_live_cell_dye,mlp,4,444,0.0,False,checkpoint_average
lipid_droplet_bodipy_live_cell_dye,tabm_specialists,4,444,0.0,False,checkpoint_average
lipid_droplet_bodipy_live_cell_dye,scbutterfly_ops_b,4,444,0.0,False,checkpoint_average
lipid_droplet_bodipy_live_cell_dye,resmlp_52head,4,444,0.0,False,checkpoint_average
lipid_droplet_bodipy_live_cell_dye,multitab_pilot,4,444,0.0,False,checkpoint_average
lipid_droplet_bodipy_live_cell_dye,midas_ops,4,444,0.0,False,checkpoint_average
lipid_droplet_bodipy_live_cell_dye,scpair_ops,4,444,0.0,False,checkpoint_average
late_endosome_rab7a,ridge,0,422,0.0,False,checkpoint_average
late_endosome_rab7a,gbdt,0,422,0.0,False,checkpoint_average
late_endosome_rab7a,catboost_multirmse,0,422,0.0,False,checkpoint_average
late_endosome_rab7a,mlp,0,422,0.0,False,checkpoint_average
late_endosome_rab7a,tabm_specialists,0,422,0.0,False,checkpoint_average
late_endosome_rab7a,scbutterfly_ops_b,0,422,0.0,False,checkpoint_average
late_endosome_rab7a,resmlp_52head,0,422,0.0,False,checkpoint_average
late_endosome_rab7a,multitab_pilot,0,422,0.0,False,checkpoint_average
late_endosome_rab7a,midas_ops,0,422,0.0,False,checkpoint_average
late_endosome_rab7a,scpair_ops,0,422,0.0,False,checkpoint_average
late_endosome_rab7a,ridge,1,374,0.0,False,checkpoint_average
late_endosome_rab7a,gbdt,1,374,0.0,False,checkpoint_average
late_endosome_rab7a,catboost_multirmse,1,374,0.0,False,checkpoint_average
late_endosome_rab7a,mlp,1,374,0.0,False,checkpoint_average
late_endosome_rab7a,tabm_specialists,1,374,0.0,False,checkpoint_average
late_endosome_rab7a,scbutterfly_ops_b,1,374,0.0,False,checkpoint_average
late_endosome_rab7a,resmlp_52head,1,374,0.0,False,checkpoint_average
late_endosome_rab7a,multitab_pilot,1,374,0.0,False,checkpoint_average
late_endosome_rab7a,midas_ops,1,374,0.0,False,checkpoint_average
late_endosome_rab7a,scpair_ops,1,374,0.0,False,checkpoint_average
late_endosome_rab7a,ridge,2,366,0.0,False,checkpoint_average
late_endosome_rab7a,gbdt,2,366,0.0,False,checkpoint_average
late_endosome_rab7a,catboost_multirmse,2,366,0.0,False,checkpoint_average
late_endosome_rab7a,mlp,2,366,0.0,False,checkpoint_average
late_endosome_rab7a,tabm_specialists,2,366,0.0,False,checkpoint_average
late_endosome_rab7a,scbutterfly_ops_b,2,366,0.0,False,checkpoint_average
late_endosome_rab7a,resmlp_52head,2,366,0.0,False,checkpoint_average
late_endosome_rab7a,multitab_pilot,2,366,0.0,False,checkpoint_average
late_endosome_rab7a,midas_ops,2,366,0.0,False,checkpoint_average
late_endosome_rab7a,scpair_ops,2,366,0.0,False,checkpoint_average
late_endosome_rab7a,ridge,3,394,0.0,False,checkpoint_average
late_endosome_rab7a,gbdt,3,394,0.0,False,checkpoint_average
late_endosome_rab7a,catboost_multirmse,3,394,0.0,False,checkpoint_average
late_endosome_rab7a,mlp,3,394,0.0,False,checkpoint_average
late_endosome_rab7a,tabm_specialists,3,394,0.0,False,checkpoint_average
late_endosome_rab7a,scbutterfly_ops_b,3,394,0.0,False,checkpoint_average
late_endosome_rab7a,resmlp_52head,3,394,0.0,False,checkpoint_average
late_endosome_rab7a,multitab_pilot,3,394,0.0,False,checkpoint_average
late_endosome_rab7a,midas_ops,3,394,0.0,False,checkpoint_average
late_endosome_rab7a,scpair_ops,3,394,0.0,False,checkpoint_average
late_endosome_rab7a,ridge,4,444,0.0,False,checkpoint_average
late_endosome_rab7a,gbdt,4,444,0.0,False,checkpoint_average
late_endosome_rab7a,catboost_multirmse,4,444,0.0,False,checkpoint_average
late_endosome_rab7a,mlp,4,444,0.0,False,checkpoint_average
late_endosome_rab7a,tabm_specialists,4,444,0.0,False,checkpoint_average
late_endosome_rab7a,scbutterfly_ops_b,4,444,0.0,False,checkpoint_average
late_endosome_rab7a,resmlp_52head,4,444,0.0,False,checkpoint_average
late_endosome_rab7a,multitab_pilot,4,444,0.0,False,checkpoint_average
late_endosome_rab7a,midas_ops,4,444,0.0,False,checkpoint_average
late_endosome_rab7a,scpair_ops,4,444,0.0,False,checkpoint_average
actin_filament_fastact_spy555_live_cell_dye,ridge,0,1055,0.0,False,checkpoint_average
actin_filament_fastact_spy555_live_cell_dye,gbdt,0,1055,0.0,False,checkpoint_average
actin_filament_fastact_spy555_live_cell_dye,catboost_multirmse,0,1055,0.0,False,checkpoint_average
actin_filament_fastact_spy555_live_cell_dye,mlp,0,1055,0.0,False,checkpoint_average
actin_filament_fastact_spy555_live_cell_dye,tabm_specialists,0,1055,0.0,False,checkpoint_average
actin_filament_fastact_spy555_live_cell_dye,scbutterfly_ops_b,0,1055,0.0,False,checkpoint_average
actin_filament_fastact_spy555_live_cell_dye,resmlp_52head,0,1055,0.0,False,checkpoint_average
actin_filament_fastact_spy555_live_cell_dye,multitab_pilot,0,1055,0.0,False,checkpoint_average
actin_filament_fastact_spy555_live_cell_dye,midas_ops,0,1055,0.0,False,checkpoint_average
actin_filament_fastact_spy555_live_cell_dye,scpair_ops,0,1055,0.0,False,checkpoint_average
actin_filament_fastact_spy555_live_cell_dye,ridge,1,935,0.0,False,checkpoint_average
actin_filament_fastact_spy555_live_cell_dye,gbdt,1,935,0.0,False,checkpoint_average
actin_filament_fastact_spy555_live_cell_dye,catboost_multirmse,1,935,0.0,False,checkpoint_average
actin_filament_fastact_spy555_live_cell_dye,mlp,1,935,0.0,False,checkpoint_average
actin_filament_fastact_spy555_live_cell_dye,tabm_specialists,1,935,0.0,False,checkpoint_average
actin_filament_fastact_spy555_live_cell_dye,scbutterfly_ops_b,1,935,0.0,False,checkpoint_average
actin_filament_fastact_spy555_live_cell_dye,resmlp_52head,1,935,0.0,False,checkpoint_average
actin_filament_fastact_spy555_live_cell_dye,multitab_pilot,1,935,0.0,False,checkpoint_average
actin_filament_fastact_spy555_live_cell_dye,midas_ops,1,935,0.0,False,checkpoint_average
actin_filament_fastact_spy555_live_cell_dye,scpair_ops,1,935,0.0,False,checkpoint_average
actin_filament_fastact_spy555_live_cell_dye,ridge,2,915,0.0,False,checkpoint_average
actin_filament_fastact_spy555_live_cell_dye,gbdt,2,915,0.0,False,checkpoint_average
actin_filament_fastact_spy555_live_cell_dye,catboost_multirmse,2,915,0.0,False,checkpoint_average
actin_filament_fastact_spy555_live_cell_dye,mlp,2,915,0.0,False,checkpoint_average
actin_filament_fastact_spy555_live_cell_dye,tabm_specialists,2,915,0.0,False,checkpoint_average
actin_filament_fastact_spy555_live_cell_dye,scbutterfly_ops_b,2,915,0.0,False,checkpoint_average
actin_filament_fastact_spy555_live_cell_dye,resmlp_52head,2,915,0.0,False,checkpoint_average
actin_filament_fastact_spy555_live_cell_dye,multitab_pilot,2,915,0.0,False,checkpoint_average
actin_filament_fastact_spy555_live_cell_dye,midas_ops,2,915,0.0,False,checkpoint_average
actin_filament_fastact_spy555_live_cell_dye,scpair_ops,2,915,0.0,False,checkpoint_average
actin_filament_fastact_spy555_live_cell_dye,ridge,3,985,0.0,False,checkpoint_average
actin_filament_fastact_spy555_live_cell_dye,gbdt,3,985,0.0,False,checkpoint_average
actin_filament_fastact_spy555_live_cell_dye,catboost_multirmse,3,985,0.0,False,checkpoint_average
actin_filament_fastact_spy555_live_cell_dye,mlp,3,985,0.0,False,checkpoint_average
actin_filament_fastact_spy555_live_cell_dye,tabm_specialists,3,985,0.0,False,checkpoint_average
actin_filament_fastact_spy555_live_cell_dye,scbutterfly_ops_b,3,985,0.0,False,checkpoint_average
actin_filament_fastact_spy555_live_cell_dye,resmlp_52head,3,985,0.0,False,checkpoint_average
actin_filament_fastact_spy555_live_cell_dye,multitab_pilot,3,985,0.0,False,checkpoint_average
actin_filament_fastact_spy555_live_cell_dye,midas_ops,3,985,0.0,False,checkpoint_average
actin_filament_fastact_spy555_live_cell_dye,scpair_ops,3,985,0.0,False,checkpoint_average
actin_filament_fastact_spy555_live_cell_dye,ridge,4,1110,0.0,False,checkpoint_average
actin_filament_fastact_spy555_live_cell_dye,gbdt,4,1110,0.0,False,checkpoint_average
actin_filament_fastact_spy555_live_cell_dye,catboost_multirmse,4,1110,0.0,False,checkpoint_average
actin_filament_fastact_spy555_live_cell_dye,mlp,4,1110,0.0,False,checkpoint_average
actin_filament_fastact_spy555_live_cell_dye,tabm_specialists,4,1110,0.0,False,checkpoint_average
actin_filament_fastact_spy555_live_cell_dye,scbutterfly_ops_b,4,1110,0.0,False,checkpoint_average
actin_filament_fastact_spy555_live_cell_dye,resmlp_52head,4,1110,0.0,False,checkpoint_average
actin_filament_fastact_spy555_live_cell_dye,multitab_pilot,4,1110,0.0,False,checkpoint_average
actin_filament_fastact_spy555_live_cell_dye,midas_ops,4,1110,0.0,False,checkpoint_average
actin_filament_fastact_spy555_live_cell_dye,scpair_ops,4,1110,0.0,False,checkpoint_average
plasma_membrane_slc3a2,ridge,0,422,0.0,False,checkpoint_average
plasma_membrane_slc3a2,gbdt,0,422,0.0,False,checkpoint_average
plasma_membrane_slc3a2,catboost_multirmse,0,422,0.0,False,checkpoint_average
plasma_membrane_slc3a2,mlp,0,422,0.0,False,checkpoint_average
plasma_membrane_slc3a2,tabm_specialists,0,422,0.0,False,checkpoint_average
plasma_membrane_slc3a2,scbutterfly_ops_b,0,422,0.0,False,checkpoint_average
plasma_membrane_slc3a2,resmlp_52head,0,422,0.0,False,checkpoint_average
plasma_membrane_slc3a2,multitab_pilot,0,422,0.0,False,checkpoint_average
plasma_membrane_slc3a2,midas_ops,0,422,0.0,False,checkpoint_average
plasma_membrane_slc3a2,scpair_ops,0,422,0.0,False,checkpoint_average
plasma_membrane_slc3a2,ridge,1,374,0.0,False,checkpoint_average
plasma_membrane_slc3a2,gbdt,1,374,0.0,False,checkpoint_average
plasma_membrane_slc3a2,catboost_multirmse,1,374,0.0,False,checkpoint_average
plasma_membrane_slc3a2,mlp,1,374,0.0,False,checkpoint_average
plasma_membrane_slc3a2,tabm_specialists,1,374,0.0,False,checkpoint_average
plasma_membrane_slc3a2,scbutterfly_ops_b,1,374,0.0,False,checkpoint_average
plasma_membrane_slc3a2,resmlp_52head,1,374,0.0,False,checkpoint_average
plasma_membrane_slc3a2,multitab_pilot,1,374,0.0,False,checkpoint_average
plasma_membrane_slc3a2,midas_ops,1,374,0.0,False,checkpoint_average
plasma_membrane_slc3a2,scpair_ops,1,374,0.0,False,checkpoint_average
plasma_membrane_slc3a2,ridge,2,366,0.0,False,checkpoint_average
plasma_membrane_slc3a2,gbdt,2,366,0.0,False,checkpoint_average
plasma_membrane_slc3a2,catboost_multirmse,2,366,0.0,False,checkpoint_average
plasma_membrane_slc3a2,mlp,2,366,0.0,False,checkpoint_average
plasma_membrane_slc3a2,tabm_specialists,2,366,0.0,False,checkpoint_average
plasma_membrane_slc3a2,scbutterfly_ops_b,2,366,0.0,False,checkpoint_average
plasma_membrane_slc3a2,resmlp_52head,2,366,0.0,False,checkpoint_average
plasma_membrane_slc3a2,multitab_pilot,2,366,0.0,False,checkpoint_average
plasma_membrane_slc3a2,midas_ops,2,366,0.0,False,checkpoint_average
plasma_membrane_slc3a2,scpair_ops,2,366,0.0,False,checkpoint_average
plasma_membrane_slc3a2,ridge,3,394,0.0,False,checkpoint_average
plasma_membrane_slc3a2,gbdt,3,394,0.0,False,checkpoint_average
plasma_membrane_slc3a2,catboost_multirmse,3,394,0.0,False,checkpoint_average
plasma_membrane_slc3a2,mlp,3,394,0.0,False,checkpoint_average
plasma_membrane_slc3a2,tabm_specialists,3,394,0.0,False,checkpoint_average
plasma_membrane_slc3a2,scbutterfly_ops_b,3,394,0.0,False,checkpoint_average
plasma_membrane_slc3a2,resmlp_52head,3,394,0.0,False,checkpoint_average
plasma_membrane_slc3a2,multitab_pilot,3,394,0.0,False,checkpoint_average
plasma_membrane_slc3a2,midas_ops,3,394,0.0,False,checkpoint_average
plasma_membrane_slc3a2,scpair_ops,3,394,0.0,False,checkpoint_average
plasma_membrane_slc3a2,ridge,4,444,0.0,False,checkpoint_average
plasma_membrane_slc3a2,gbdt,4,444,0.0,False,checkpoint_average
plasma_membrane_slc3a2,catboost_multirmse,4,444,0.0,False,checkpoint_average
plasma_membrane_slc3a2,mlp,4,444,0.0,False,checkpoint_average
plasma_membrane_slc3a2,tabm_specialists,4,444,0.0,False,checkpoint_average
plasma_membrane_slc3a2,scbutterfly_ops_b,4,444,0.0,False,checkpoint_average
plasma_membrane_slc3a2,resmlp_52head,4,444,0.0,False,checkpoint_average
plasma_membrane_slc3a2,multitab_pilot,4,444,0.0,False,checkpoint_average
plasma_membrane_slc3a2,midas_ops,4,444,0.0,False,checkpoint_average
plasma_membrane_slc3a2,scpair_ops,4,444,0.0,False,checkpoint_average
clathrin_vesicles_clta,ridge,0,422,0.0,False,checkpoint_average
clathrin_vesicles_clta,gbdt,0,422,0.0,False,checkpoint_average
clathrin_vesicles_clta,catboost_multirmse,0,422,0.0,False,checkpoint_average
clathrin_vesicles_clta,mlp,0,422,0.0,False,checkpoint_average
clathrin_vesicles_clta,tabm_specialists,0,422,0.0,False,checkpoint_average
clathrin_vesicles_clta,scbutterfly_ops_b,0,422,0.0,False,checkpoint_average
clathrin_vesicles_clta,resmlp_52head,0,422,0.0,False,checkpoint_average
clathrin_vesicles_clta,multitab_pilot,0,422,0.0,False,checkpoint_average
clathrin_vesicles_clta,midas_ops,0,422,0.0,False,checkpoint_average
clathrin_vesicles_clta,scpair_ops,0,422,0.0,False,checkpoint_average
clathrin_vesicles_clta,ridge,1,374,0.0,False,checkpoint_average
clathrin_vesicles_clta,gbdt,1,374,0.0,False,checkpoint_average
clathrin_vesicles_clta,catboost_multirmse,1,374,0.0,False,checkpoint_average
clathrin_vesicles_clta,mlp,1,374,0.0,False,checkpoint_average
clathrin_vesicles_clta,tabm_specialists,1,374,0.0,False,checkpoint_average
clathrin_vesicles_clta,scbutterfly_ops_b,1,374,0.0,False,checkpoint_average
clathrin_vesicles_clta,resmlp_52head,1,374,0.0,False,checkpoint_average
clathrin_vesicles_clta,multitab_pilot,1,374,0.0,False,checkpoint_average
clathrin_vesicles_clta,midas_ops,1,374,0.0,False,checkpoint_average
clathrin_vesicles_clta,scpair_ops,1,374,0.0,False,checkpoint_average
clathrin_vesicles_clta,ridge,2,366,0.0,False,checkpoint_average
clathrin_vesicles_clta,gbdt,2,366,0.0,False,checkpoint_average
clathrin_vesicles_clta,catboost_multirmse,2,366,0.0,False,checkpoint_average
clathrin_vesicles_clta,mlp,2,366,0.0,False,checkpoint_average
clathrin_vesicles_clta,tabm_specialists,2,366,0.0,False,checkpoint_average
clathrin_vesicles_clta,scbutterfly_ops_b,2,366,0.0,False,checkpoint_average
clathrin_vesicles_clta,resmlp_52head,2,366,0.0,False,checkpoint_average
clathrin_vesicles_clta,multitab_pilot,2,366,0.0,False,checkpoint_average
clathrin_vesicles_clta,midas_ops,2,366,0.0,False,checkpoint_average
clathrin_vesicles_clta,scpair_ops,2,366,0.0,False,checkpoint_average
clathrin_vesicles_clta,ridge,3,394,0.0,False,checkpoint_average
clathrin_vesicles_clta,gbdt,3,394,0.0,False,checkpoint_average
clathrin_vesicles_clta,catboost_multirmse,3,394,0.0,False,checkpoint_average
clathrin_vesicles_clta,mlp,3,394,0.0,False,checkpoint_average
clathrin_vesicles_clta,tabm_specialists,3,394,0.0,False,checkpoint_average
clathrin_vesicles_clta,scbutterfly_ops_b,3,394,0.0,False,checkpoint_average
clathrin_vesicles_clta,resmlp_52head,3,394,0.0,False,checkpoint_average
clathrin_vesicles_clta,multitab_pilot,3,394,0.0,False,checkpoint_average
clathrin_vesicles_clta,midas_ops,3,394,0.0,False,checkpoint_average
clathrin_vesicles_clta,scpair_ops,3,394,0.0,False,checkpoint_average
clathrin_vesicles_clta,ridge,4,444,0.0,False,checkpoint_average
clathrin_vesicles_clta,gbdt,4,444,0.0,False,checkpoint_average
clathrin_vesicles_clta,catboost_multirmse,4,444,0.0,False,checkpoint_average
clathrin_vesicles_clta,mlp,4,444,0.0,False,checkpoint_average
clathrin_vesicles_clta,tabm_specialists,4,444,0.0,False,checkpoint_average
clathrin_vesicles_clta,scbutterfly_ops_b,4,444,0.0,False,checkpoint_average
clathrin_vesicles_clta,resmlp_52head,4,444,0.0,False,checkpoint_average
clathrin_vesicles_clta,multitab_pilot,4,444,0.0,False,checkpoint_average
clathrin_vesicles_clta,midas_ops,4,444,0.0,False,checkpoint_average
clathrin_vesicles_clta,scpair_ops,4,444,0.0,False,checkpoint_average
autophagosome_map1lc3b,ridge,0,633,0.0,False,checkpoint_average
autophagosome_map1lc3b,gbdt,0,633,0.0,False,checkpoint_average
autophagosome_map1lc3b,catboost_multirmse,0,633,0.0,False,checkpoint_average
autophagosome_map1lc3b,mlp,0,633,0.0,False,checkpoint_average
autophagosome_map1lc3b,tabm_specialists,0,633,0.0,False,checkpoint_average
autophagosome_map1lc3b,scbutterfly_ops_b,0,633,0.0,False,checkpoint_average
autophagosome_map1lc3b,resmlp_52head,0,633,0.0,False,checkpoint_average
autophagosome_map1lc3b,multitab_pilot,0,633,0.0,False,checkpoint_average
autophagosome_map1lc3b,midas_ops,0,633,0.0,False,checkpoint_average
autophagosome_map1lc3b,scpair_ops,0,633,0.0,False,checkpoint_average
autophagosome_map1lc3b,ridge,1,561,0.0,False,checkpoint_average
autophagosome_map1lc3b,gbdt,1,561,0.0,False,checkpoint_average
autophagosome_map1lc3b,catboost_multirmse,1,561,0.0,False,checkpoint_average
autophagosome_map1lc3b,mlp,1,561,0.0,False,checkpoint_average
autophagosome_map1lc3b,tabm_specialists,1,561,0.0,False,checkpoint_average
autophagosome_map1lc3b,scbutterfly_ops_b,1,561,0.0,False,checkpoint_average
autophagosome_map1lc3b,resmlp_52head,1,561,0.0,False,checkpoint_average
autophagosome_map1lc3b,multitab_pilot,1,561,0.0,False,checkpoint_average
autophagosome_map1lc3b,midas_ops,1,561,0.0,False,checkpoint_average
autophagosome_map1lc3b,scpair_ops,1,561,0.0,False,checkpoint_average
autophagosome_map1lc3b,ridge,2,549,0.0,False,checkpoint_average
autophagosome_map1lc3b,gbdt,2,549,0.0,False,checkpoint_average
autophagosome_map1lc3b,catboost_multirmse,2,549,0.0,False,checkpoint_average
autophagosome_map1lc3b,mlp,2,549,0.0,False,checkpoint_average
autophagosome_map1lc3b,tabm_specialists,2,549,0.0,False,checkpoint_average
autophagosome_map1lc3b,scbutterfly_ops_b,2,549,0.0,False,checkpoint_average
autophagosome_map1lc3b,resmlp_52head,2,549,0.0,False,checkpoint_average
autophagosome_map1lc3b,multitab_pilot,2,549,0.0,False,checkpoint_average
autophagosome_map1lc3b,midas_ops,2,549,0.0,False,checkpoint_average
autophagosome_map1lc3b,scpair_ops,2,549,0.0,False,checkpoint_average
autophagosome_map1lc3b,ridge,3,591,0.0,False,checkpoint_average
autophagosome_map1lc3b,gbdt,3,591,0.0,False,checkpoint_average
autophagosome_map1lc3b,catboost_multirmse,3,591,0.0,False,checkpoint_average
autophagosome_map1lc3b,mlp,3,591,0.0,False,checkpoint_average
autophagosome_map1lc3b,tabm_specialists,3,591,0.0,False,checkpoint_average
autophagosome_map1lc3b,scbutterfly_ops_b,3,591,0.0,False,checkpoint_average
autophagosome_map1lc3b,resmlp_52head,3,591,0.0,False,checkpoint_average
autophagosome_map1lc3b,multitab_pilot,3,591,0.0,False,checkpoint_average
autophagosome_map1lc3b,midas_ops,3,591,0.0,False,checkpoint_average
autophagosome_map1lc3b,scpair_ops,3,591,0.0,False,checkpoint_average
autophagosome_map1lc3b,ridge,4,666,0.0,False,checkpoint_average
autophagosome_map1lc3b,gbdt,4,666,0.0,False,checkpoint_average
autophagosome_map1lc3b,catboost_multirmse,4,666,0.0,False,checkpoint_average
autophagosome_map1lc3b,mlp,4,666,0.0,False,checkpoint_average
autophagosome_map1lc3b,tabm_specialists,4,666,0.0,False,checkpoint_average
autophagosome_map1lc3b,scbutterfly_ops_b,4,666,0.0,False,checkpoint_average
autophagosome_map1lc3b,resmlp_52head,4,666,0.0,False,checkpoint_average
autophagosome_map1lc3b,multitab_pilot,4,666,0.0,False,checkpoint_average
autophagosome_map1lc3b,midas_ops,4,666,0.0,False,checkpoint_average
autophagosome_map1lc3b,scpair_ops,4,666,0.0,False,checkpoint_average
fe2+_ferhonox_live-cell_dye,ridge,0,422,0.0,False,checkpoint_average
fe2+_ferhonox_live-cell_dye,gbdt,0,422,0.0,False,checkpoint_average
fe2+_ferhonox_live-cell_dye,catboost_multirmse,0,422,0.0,False,checkpoint_average
fe2+_ferhonox_live-cell_dye,mlp,0,422,0.0,False,checkpoint_average
fe2+_ferhonox_live-cell_dye,tabm_specialists,0,422,0.0,False,checkpoint_average
fe2+_ferhonox_live-cell_dye,scbutterfly_ops_b,0,422,0.0,False,checkpoint_average
fe2+_ferhonox_live-cell_dye,resmlp_52head,0,422,0.0,False,checkpoint_average
fe2+_ferhonox_live-cell_dye,multitab_pilot,0,422,0.0,False,checkpoint_average
fe2+_ferhonox_live-cell_dye,midas_ops,0,422,0.0,False,checkpoint_average
fe2+_ferhonox_live-cell_dye,scpair_ops,0,422,0.0,False,checkpoint_average
fe2+_ferhonox_live-cell_dye,ridge,1,374,0.0,False,checkpoint_average
fe2+_ferhonox_live-cell_dye,gbdt,1,374,0.0,False,checkpoint_average
fe2+_ferhonox_live-cell_dye,catboost_multirmse,1,374,0.0,False,checkpoint_average
fe2+_ferhonox_live-cell_dye,mlp,1,374,0.0,False,checkpoint_average
fe2+_ferhonox_live-cell_dye,tabm_specialists,1,374,0.0,False,checkpoint_average
fe2+_ferhonox_live-cell_dye,scbutterfly_ops_b,1,374,0.0,False,checkpoint_average
fe2+_ferhonox_live-cell_dye,resmlp_52head,1,374,0.0,False,checkpoint_average
fe2+_ferhonox_live-cell_dye,multitab_pilot,1,374,0.0,False,checkpoint_average
fe2+_ferhonox_live-cell_dye,midas_ops,1,374,0.0,False,checkpoint_average
fe2+_ferhonox_live-cell_dye,scpair_ops,1,374,0.0,False,checkpoint_average
fe2+_ferhonox_live-cell_dye,ridge,2,366,0.0,False,checkpoint_average
fe2+_ferhonox_live-cell_dye,gbdt,2,366,0.0,False,checkpoint_average
fe2+_ferhonox_live-cell_dye,catboost_multirmse,2,366,0.0,False,checkpoint_average
fe2+_ferhonox_live-cell_dye,mlp,2,366,0.0,False,checkpoint_average
fe2+_ferhonox_live-cell_dye,tabm_specialists,2,366,0.0,False,checkpoint_average
fe2+_ferhonox_live-cell_dye,scbutterfly_ops_b,2,366,0.0,False,checkpoint_average
fe2+_ferhonox_live-cell_dye,resmlp_52head,2,366,0.0,False,checkpoint_average
fe2+_ferhonox_live-cell_dye,multitab_pilot,2,366,0.0,False,checkpoint_average
fe2+_ferhonox_live-cell_dye,midas_ops,2,366,0.0,False,checkpoint_average
fe2+_ferhonox_live-cell_dye,scpair_ops,2,366,0.0,False,checkpoint_average
fe2+_ferhonox_live-cell_dye,ridge,3,394,0.0,False,checkpoint_average
fe2+_ferhonox_live-cell_dye,gbdt,3,394,0.0,False,checkpoint_average
fe2+_ferhonox_live-cell_dye,catboost_multirmse,3,394,0.0,False,checkpoint_average
fe2+_ferhonox_live-cell_dye,mlp,3,394,0.0,False,checkpoint_average
fe2+_ferhonox_live-cell_dye,tabm_specialists,3,394,0.0,False,checkpoint_average
fe2+_ferhonox_live-cell_dye,scbutterfly_ops_b,3,394,0.0,False,checkpoint_average
fe2+_ferhonox_live-cell_dye,resmlp_52head,3,394,0.0,False,checkpoint_average
fe2+_ferhonox_live-cell_dye,multitab_pilot,3,394,0.0,False,checkpoint_average
fe2+_ferhonox_live-cell_dye,midas_ops,3,394,0.0,False,checkpoint_average
fe2+_ferhonox_live-cell_dye,scpair_ops,3,394,0.0,False,checkpoint_average
fe2+_ferhonox_live-cell_dye,ridge,4,444,0.0,False,checkpoint_average
fe2+_ferhonox_live-cell_dye,gbdt,4,444,0.0,False,checkpoint_average
fe2+_ferhonox_live-cell_dye,catboost_multirmse,4,444,0.0,False,checkpoint_average
fe2+_ferhonox_live-cell_dye,mlp,4,444,0.0,False,checkpoint_average
fe2+_ferhonox_live-cell_dye,tabm_specialists,4,444,0.0,False,checkpoint_average
fe2+_ferhonox_live-cell_dye,scbutterfly_ops_b,4,444,0.0,False,checkpoint_average
fe2+_ferhonox_live-cell_dye,resmlp_52head,4,444,0.0,False,checkpoint_average
fe2+_ferhonox_live-cell_dye,multitab_pilot,4,444,0.0,False,checkpoint_average
fe2+_ferhonox_live-cell_dye,midas_ops,4,444,0.0,False,checkpoint_average
fe2+_ferhonox_live-cell_dye,scpair_ops,4,444,0.0,False,checkpoint_average
recycling_endosome_tfrc,ridge,0,422,0.0,False,checkpoint_average
recycling_endosome_tfrc,gbdt,0,422,0.0,False,checkpoint_average
recycling_endosome_tfrc,catboost_multirmse,0,422,0.0,False,checkpoint_average
recycling_endosome_tfrc,mlp,0,422,0.0,False,checkpoint_average
recycling_endosome_tfrc,tabm_specialists,0,422,0.0,False,checkpoint_average
recycling_endosome_tfrc,scbutterfly_ops_b,0,422,0.0,False,checkpoint_average
recycling_endosome_tfrc,resmlp_52head,0,422,0.0,False,checkpoint_average
recycling_endosome_tfrc,multitab_pilot,0,422,0.0,False,checkpoint_average
recycling_endosome_tfrc,midas_ops,0,422,0.0,False,checkpoint_average
recycling_endosome_tfrc,scpair_ops,0,422,0.0,False,checkpoint_average
recycling_endosome_tfrc,ridge,1,374,0.0,False,checkpoint_average
recycling_endosome_tfrc,gbdt,1,374,0.0,False,checkpoint_average
recycling_endosome_tfrc,catboost_multirmse,1,374,0.0,False,checkpoint_average
recycling_endosome_tfrc,mlp,1,374,0.0,False,checkpoint_average
recycling_endosome_tfrc,tabm_specialists,1,374,0.0,False,checkpoint_average
recycling_endosome_tfrc,scbutterfly_ops_b,1,374,0.0,False,checkpoint_average
recycling_endosome_tfrc,resmlp_52head,1,374,0.0,False,checkpoint_average
recycling_endosome_tfrc,multitab_pilot,1,374,0.0,False,checkpoint_average
recycling_endosome_tfrc,midas_ops,1,374,0.0,False,checkpoint_average
recycling_endosome_tfrc,scpair_ops,1,374,0.0,False,checkpoint_average
recycling_endosome_tfrc,ridge,2,366,0.0,False,checkpoint_average
recycling_endosome_tfrc,gbdt,2,366,0.0,False,checkpoint_average
recycling_endosome_tfrc,catboost_multirmse,2,366,0.0,False,checkpoint_average
recycling_endosome_tfrc,mlp,2,366,0.0,False,checkpoint_average
recycling_endosome_tfrc,tabm_specialists,2,366,0.0,False,checkpoint_average
recycling_endosome_tfrc,scbutterfly_ops_b,2,366,0.0,False,checkpoint_average
recycling_endosome_tfrc,resmlp_52head,2,366,0.0,False,checkpoint_average
recycling_endosome_tfrc,multitab_pilot,2,366,0.0,False,checkpoint_average
recycling_endosome_tfrc,midas_ops,2,366,0.0,False,checkpoint_average
recycling_endosome_tfrc,scpair_ops,2,366,0.0,False,checkpoint_average
recycling_endosome_tfrc,ridge,3,394,0.0,False,checkpoint_average
recycling_endosome_tfrc,gbdt,3,394,0.0,False,checkpoint_average
recycling_endosome_tfrc,catboost_multirmse,3,394,0.0,False,checkpoint_average
recycling_endosome_tfrc,mlp,3,394,0.0,False,checkpoint_average
recycling_endosome_tfrc,tabm_specialists,3,394,0.0,False,checkpoint_average
recycling_endosome_tfrc,scbutterfly_ops_b,3,394,0.0,False,checkpoint_average
recycling_endosome_tfrc,resmlp_52head,3,394,0.0,False,checkpoint_average
recycling_endosome_tfrc,multitab_pilot,3,394,0.0,False,checkpoint_average
recycling_endosome_tfrc,midas_ops,3,394,0.0,False,checkpoint_average
recycling_endosome_tfrc,scpair_ops,3,394,0.0,False,checkpoint_average
recycling_endosome_tfrc,ridge,4,444,0.0,False,checkpoint_average
recycling_endosome_tfrc,gbdt,4,444,0.0,False,checkpoint_average
recycling_endosome_tfrc,catboost_multirmse,4,444,0.0,False,checkpoint_average
recycling_endosome_tfrc,mlp,4,444,0.0,False,checkpoint_average
recycling_endosome_tfrc,tabm_specialists,4,444,0.0,False,checkpoint_average
recycling_endosome_tfrc,scbutterfly_ops_b,4,444,0.0,False,checkpoint_average
recycling_endosome_tfrc,resmlp_52head,4,444,0.0,False,checkpoint_average
recycling_endosome_tfrc,multitab_pilot,4,444,0.0,False,checkpoint_average
recycling_endosome_tfrc,midas_ops,4,444,0.0,False,checkpoint_average
recycling_endosome_tfrc,scpair_ops,4,444,0.0,False,checkpoint_average
er_golgi_cope,ridge,0,422,0.0,False,checkpoint_average
er_golgi_cope,gbdt,0,422,0.0,False,checkpoint_average
er_golgi_cope,catboost_multirmse,0,422,0.0,False,checkpoint_average
er_golgi_cope,mlp,0,422,0.0,False,checkpoint_average
er_golgi_cope,tabm_specialists,0,422,0.0,False,checkpoint_average
er_golgi_cope,scbutterfly_ops_b,0,422,0.0,False,checkpoint_average
er_golgi_cope,resmlp_52head,0,422,0.0,False,checkpoint_average
er_golgi_cope,multitab_pilot,0,422,0.0,False,checkpoint_average
er_golgi_cope,midas_ops,0,422,0.0,False,checkpoint_average
er_golgi_cope,scpair_ops,0,422,0.0,False,checkpoint_average
er_golgi_cope,ridge,1,374,0.0,False,checkpoint_average
er_golgi_cope,gbdt,1,374,0.0,False,checkpoint_average
er_golgi_cope,catboost_multirmse,1,374,0.0,False,checkpoint_average
er_golgi_cope,mlp,1,374,0.0,False,checkpoint_average
er_golgi_cope,tabm_specialists,1,374,0.0,False,checkpoint_average
er_golgi_cope,scbutterfly_ops_b,1,374,0.0,False,checkpoint_average
er_golgi_cope,resmlp_52head,1,374,0.0,False,checkpoint_average
er_golgi_cope,multitab_pilot,1,374,0.0,False,checkpoint_average
er_golgi_cope,midas_ops,1,374,0.0,False,checkpoint_average
er_golgi_cope,scpair_ops,1,374,0.0,False,checkpoint_average
er_golgi_cope,ridge,2,366,0.0,False,checkpoint_average
er_golgi_cope,gbdt,2,366,0.0,False,checkpoint_average
er_golgi_cope,catboost_multirmse,2,366,0.0,False,checkpoint_average
er_golgi_cope,mlp,2,366,0.0,False,checkpoint_average
er_golgi_cope,tabm_specialists,2,366,0.0,False,checkpoint_average
er_golgi_cope,scbutterfly_ops_b,2,366,0.0,False,checkpoint_average
er_golgi_cope,resmlp_52head,2,366,0.0,False,checkpoint_average
er_golgi_cope,multitab_pilot,2,366,0.0,False,checkpoint_average
er_golgi_cope,midas_ops,2,366,0.0,False,checkpoint_average
er_golgi_cope,scpair_ops,2,366,0.0,False,checkpoint_average
er_golgi_cope,ridge,3,394,0.0,False,checkpoint_average
er_golgi_cope,gbdt,3,394,0.0,False,checkpoint_average
er_golgi_cope,catboost_multirmse,3,394,0.0,False,checkpoint_average
er_golgi_cope,mlp,3,394,0.0,False,checkpoint_average
er_golgi_cope,tabm_specialists,3,394,0.0,False,checkpoint_average
er_golgi_cope,scbutterfly_ops_b,3,394,0.0,False,checkpoint_average
er_golgi_cope,resmlp_52head,3,394,0.0,False,checkpoint_average
er_golgi_cope,multitab_pilot,3,394,0.0,False,checkpoint_average
er_golgi_cope,midas_ops,3,394,0.0,False,checkpoint_average
er_golgi_cope,scpair_ops,3,394,0.0,False,checkpoint_average
er_golgi_cope,ridge,4,444,0.0,False,checkpoint_average
er_golgi_cope,gbdt,4,444,0.0,False,checkpoint_average
er_golgi_cope,catboost_multirmse,4,444,0.0,False,checkpoint_average
er_golgi_cope,mlp,4,444,0.0,False,checkpoint_average
er_golgi_cope,tabm_specialists,4,444,0.0,False,checkpoint_average
er_golgi_cope,scbutterfly_ops_b,4,444,0.0,False,checkpoint_average
er_golgi_cope,resmlp_52head,4,444,0.0,False,checkpoint_average
er_golgi_cope,multitab_pilot,4,444,0.0,False,checkpoint_average
er_golgi_cope,midas_ops,4,444,0.0,False,checkpoint_average
er_golgi_cope,scpair_ops,4,444,0.0,False,checkpoint_average
chaperones_hspa1b,ridge,0,422,0.0,False,checkpoint_average
chaperones_hspa1b,gbdt,0,422,0.0,False,checkpoint_average
chaperones_hspa1b,catboost_multirmse,0,422,0.0,False,checkpoint_average
chaperones_hspa1b,mlp,0,422,0.0,False,checkpoint_average
chaperones_hspa1b,tabm_specialists,0,422,0.0,False,checkpoint_average
chaperones_hspa1b,scbutterfly_ops_b,0,422,0.0,False,checkpoint_average
chaperones_hspa1b,resmlp_52head,0,422,0.0,False,checkpoint_average
chaperones_hspa1b,multitab_pilot,0,422,0.0,False,checkpoint_average
chaperones_hspa1b,midas_ops,0,422,0.0,False,checkpoint_average
chaperones_hspa1b,scpair_ops,0,422,0.0,False,checkpoint_average
chaperones_hspa1b,ridge,1,374,0.0,False,checkpoint_average
chaperones_hspa1b,gbdt,1,374,0.0,False,checkpoint_average
chaperones_hspa1b,catboost_multirmse,1,374,0.0,False,checkpoint_average
chaperones_hspa1b,mlp,1,374,0.0,False,checkpoint_average
chaperones_hspa1b,tabm_specialists,1,374,0.0,False,checkpoint_average
chaperones_hspa1b,scbutterfly_ops_b,1,374,0.0,False,checkpoint_average
chaperones_hspa1b,resmlp_52head,1,374,0.0,False,checkpoint_average
chaperones_hspa1b,multitab_pilot,1,374,0.0,False,checkpoint_average
chaperones_hspa1b,midas_ops,1,374,0.0,False,checkpoint_average
chaperones_hspa1b,scpair_ops,1,374,0.0,False,checkpoint_average
chaperones_hspa1b,ridge,2,366,0.0,False,checkpoint_average
chaperones_hspa1b,gbdt,2,366,0.0,False,checkpoint_average
chaperones_hspa1b,catboost_multirmse,2,366,0.0,False,checkpoint_average
chaperones_hspa1b,mlp,2,366,0.0,False,checkpoint_average
chaperones_hspa1b,tabm_specialists,2,366,0.0,False,checkpoint_average
chaperones_hspa1b,scbutterfly_ops_b,2,366,0.0,False,checkpoint_average
chaperones_hspa1b,resmlp_52head,2,366,0.0,False,checkpoint_average
chaperones_hspa1b,multitab_pilot,2,366,0.0,False,checkpoint_average
chaperones_hspa1b,midas_ops,2,366,0.0,False,checkpoint_average
chaperones_hspa1b,scpair_ops,2,366,0.0,False,checkpoint_average
chaperones_hspa1b,ridge,3,394,0.0,False,checkpoint_average
chaperones_hspa1b,gbdt,3,394,0.0,False,checkpoint_average
chaperones_hspa1b,catboost_multirmse,3,394,0.0,False,checkpoint_average
chaperones_hspa1b,mlp,3,394,0.0,False,checkpoint_average
chaperones_hspa1b,tabm_specialists,3,394,0.0,False,checkpoint_average
chaperones_hspa1b,scbutterfly_ops_b,3,394,0.0,False,checkpoint_average
chaperones_hspa1b,resmlp_52head,3,394,0.0,False,checkpoint_average
chaperones_hspa1b,multitab_pilot,3,394,0.0,False,checkpoint_average
chaperones_hspa1b,midas_ops,3,394,0.0,False,checkpoint_average
chaperones_hspa1b,scpair_ops,3,394,0.0,False,checkpoint_average
chaperones_hspa1b,ridge,4,444,0.0,False,checkpoint_average
chaperones_hspa1b,gbdt,4,444,0.0,False,checkpoint_average
chaperones_hspa1b,catboost_multirmse,4,444,0.0,False,checkpoint_average
chaperones_hspa1b,mlp,4,444,0.0,False,checkpoint_average
chaperones_hspa1b,tabm_specialists,4,444,0.0,False,checkpoint_average
chaperones_hspa1b,scbutterfly_ops_b,4,444,0.0,False,checkpoint_average
chaperones_hspa1b,resmlp_52head,4,444,0.0,False,checkpoint_average
chaperones_hspa1b,multitab_pilot,4,444,0.0,False,checkpoint_average
chaperones_hspa1b,midas_ops,4,444,0.0,False,checkpoint_average
chaperones_hspa1b,scpair_ops,4,444,0.0,False,checkpoint_average
nucleolus-gc_npm3,ridge,0,422,0.0,False,checkpoint_average
nucleolus-gc_npm3,gbdt,0,422,0.0,False,checkpoint_average
nucleolus-gc_npm3,catboost_multirmse,0,422,0.0,False,checkpoint_average
nucleolus-gc_npm3,mlp,0,422,0.0,False,checkpoint_average
nucleolus-gc_npm3,tabm_specialists,0,422,0.0,False,checkpoint_average
nucleolus-gc_npm3,scbutterfly_ops_b,0,422,0.0,False,checkpoint_average
nucleolus-gc_npm3,resmlp_52head,0,422,0.0,False,checkpoint_average
nucleolus-gc_npm3,multitab_pilot,0,422,0.0,False,checkpoint_average
nucleolus-gc_npm3,midas_ops,0,422,0.0,False,checkpoint_average
nucleolus-gc_npm3,scpair_ops,0,422,0.0,False,checkpoint_average
nucleolus-gc_npm3,ridge,1,374,0.0,False,checkpoint_average
nucleolus-gc_npm3,gbdt,1,374,0.0,False,checkpoint_average
nucleolus-gc_npm3,catboost_multirmse,1,374,0.0,False,checkpoint_average
nucleolus-gc_npm3,mlp,1,374,0.0,False,checkpoint_average
nucleolus-gc_npm3,tabm_specialists,1,374,0.0,False,checkpoint_average
nucleolus-gc_npm3,scbutterfly_ops_b,1,374,0.0,False,checkpoint_average
nucleolus-gc_npm3,resmlp_52head,1,374,0.0,False,checkpoint_average
nucleolus-gc_npm3,multitab_pilot,1,374,0.0,False,checkpoint_average
nucleolus-gc_npm3,midas_ops,1,374,0.0,False,checkpoint_average
nucleolus-gc_npm3,scpair_ops,1,374,0.0,False,checkpoint_average
nucleolus-gc_npm3,ridge,2,366,0.0,False,checkpoint_average
nucleolus-gc_npm3,gbdt,2,366,0.0,False,checkpoint_average
nucleolus-gc_npm3,catboost_multirmse,2,366,0.0,False,checkpoint_average
nucleolus-gc_npm3,mlp,2,366,0.0,False,checkpoint_average
nucleolus-gc_npm3,tabm_specialists,2,366,0.0,False,checkpoint_average
nucleolus-gc_npm3,scbutterfly_ops_b,2,366,0.0,False,checkpoint_average
nucleolus-gc_npm3,resmlp_52head,2,366,0.0,False,checkpoint_average
nucleolus-gc_npm3,multitab_pilot,2,366,0.0,False,checkpoint_average
nucleolus-gc_npm3,midas_ops,2,366,0.0,False,checkpoint_average
nucleolus-gc_npm3,scpair_ops,2,366,0.0,False,checkpoint_average
nucleolus-gc_npm3,ridge,3,394,0.0,False,checkpoint_average
nucleolus-gc_npm3,gbdt,3,394,0.0,False,checkpoint_average
nucleolus-gc_npm3,catboost_multirmse,3,394,0.0,False,checkpoint_average
nucleolus-gc_npm3,mlp,3,394,0.0,False,checkpoint_average
nucleolus-gc_npm3,tabm_specialists,3,394,0.0,False,checkpoint_average
nucleolus-gc_npm3,scbutterfly_ops_b,3,394,0.0,False,checkpoint_average
nucleolus-gc_npm3,resmlp_52head,3,394,0.0,False,checkpoint_average
nucleolus-gc_npm3,multitab_pilot,3,394,0.0,False,checkpoint_average
nucleolus-gc_npm3,midas_ops,3,394,0.0,False,checkpoint_average
nucleolus-gc_npm3,scpair_ops,3,394,0.0,False,checkpoint_average
nucleolus-gc_npm3,ridge,4,444,0.0,False,checkpoint_average
nucleolus-gc_npm3,gbdt,4,444,0.0,False,checkpoint_average
nucleolus-gc_npm3,catboost_multirmse,4,444,0.0,False,checkpoint_average
nucleolus-gc_npm3,mlp,4,444,0.0,False,checkpoint_average
nucleolus-gc_npm3,tabm_specialists,4,444,0.0,False,checkpoint_average
nucleolus-gc_npm3,scbutterfly_ops_b,4,444,0.0,False,checkpoint_average
nucleolus-gc_npm3,resmlp_52head,4,444,0.0,False,checkpoint_average
nucleolus-gc_npm3,multitab_pilot,4,444,0.0,False,checkpoint_average
nucleolus-gc_npm3,midas_ops,4,444,0.0,False,checkpoint_average
nucleolus-gc_npm3,scpair_ops,4,444,0.0,False,checkpoint_average
nuclei_nucleolive_live_cell_dye,ridge,0,422,0.0,False,checkpoint_average
nuclei_nucleolive_live_cell_dye,gbdt,0,422,0.0,False,checkpoint_average
nuclei_nucleolive_live_cell_dye,catboost_multirmse,0,422,0.0,False,checkpoint_average
nuclei_nucleolive_live_cell_dye,mlp,0,422,0.0,False,checkpoint_average
nuclei_nucleolive_live_cell_dye,tabm_specialists,0,422,0.0,False,checkpoint_average
nuclei_nucleolive_live_cell_dye,scbutterfly_ops_b,0,422,0.0,False,checkpoint_average
nuclei_nucleolive_live_cell_dye,resmlp_52head,0,422,0.0,False,checkpoint_average
nuclei_nucleolive_live_cell_dye,multitab_pilot,0,422,0.0,False,checkpoint_average
nuclei_nucleolive_live_cell_dye,midas_ops,0,422,0.0,False,checkpoint_average
nuclei_nucleolive_live_cell_dye,scpair_ops,0,422,0.0,False,checkpoint_average
nuclei_nucleolive_live_cell_dye,ridge,1,374,0.0,False,checkpoint_average
nuclei_nucleolive_live_cell_dye,gbdt,1,374,0.0,False,checkpoint_average
nuclei_nucleolive_live_cell_dye,catboost_multirmse,1,374,0.0,False,checkpoint_average
nuclei_nucleolive_live_cell_dye,mlp,1,374,0.0,False,checkpoint_average
nuclei_nucleolive_live_cell_dye,tabm_specialists,1,374,0.0,False,checkpoint_average
nuclei_nucleolive_live_cell_dye,scbutterfly_ops_b,1,374,0.0,False,checkpoint_average
nuclei_nucleolive_live_cell_dye,resmlp_52head,1,374,0.0,False,checkpoint_average
nuclei_nucleolive_live_cell_dye,multitab_pilot,1,374,0.0,False,checkpoint_average
nuclei_nucleolive_live_cell_dye,midas_ops,1,374,0.0,False,checkpoint_average
nuclei_nucleolive_live_cell_dye,scpair_ops,1,374,0.0,False,checkpoint_average
nuclei_nucleolive_live_cell_dye,ridge,2,366,0.0,False,checkpoint_average
nuclei_nucleolive_live_cell_dye,gbdt,2,366,0.0,False,checkpoint_average
nuclei_nucleolive_live_cell_dye,catboost_multirmse,2,366,0.0,False,checkpoint_average
nuclei_nucleolive_live_cell_dye,mlp,2,366,0.0,False,checkpoint_average
nuclei_nucleolive_live_cell_dye,tabm_specialists,2,366,0.0,False,checkpoint_average
nuclei_nucleolive_live_cell_dye,scbutterfly_ops_b,2,366,0.0,False,checkpoint_average
nuclei_nucleolive_live_cell_dye,resmlp_52head,2,366,0.0,False,checkpoint_average
nuclei_nucleolive_live_cell_dye,multitab_pilot,2,366,0.0,False,checkpoint_average
nuclei_nucleolive_live_cell_dye,midas_ops,2,366,0.0,False,checkpoint_average
nuclei_nucleolive_live_cell_dye,scpair_ops,2,366,0.0,False,checkpoint_average
nuclei_nucleolive_live_cell_dye,ridge,3,394,0.0,False,checkpoint_average
nuclei_nucleolive_live_cell_dye,gbdt,3,394,0.0,False,checkpoint_average
nuclei_nucleolive_live_cell_dye,catboost_multirmse,3,394,0.0,False,checkpoint_average
nuclei_nucleolive_live_cell_dye,mlp,3,394,0.0,False,checkpoint_average
nuclei_nucleolive_live_cell_dye,tabm_specialists,3,394,0.0,False,checkpoint_average
nuclei_nucleolive_live_cell_dye,scbutterfly_ops_b,3,394,0.0,False,checkpoint_average
nuclei_nucleolive_live_cell_dye,resmlp_52head,3,394,0.0,False,checkpoint_average
nuclei_nucleolive_live_cell_dye,multitab_pilot,3,394,0.0,False,checkpoint_average
nuclei_nucleolive_live_cell_dye,midas_ops,3,394,0.0,False,checkpoint_average
nuclei_nucleolive_live_cell_dye,scpair_ops,3,394,0.0,False,checkpoint_average
nuclei_nucleolive_live_cell_dye,ridge,4,444,0.0,False,checkpoint_average
nuclei_nucleolive_live_cell_dye,gbdt,4,444,0.0,False,checkpoint_average
nuclei_nucleolive_live_cell_dye,catboost_multirmse,4,444,0.0,False,checkpoint_average
nuclei_nucleolive_live_cell_dye,mlp,4,444,0.0,False,checkpoint_average
nuclei_nucleolive_live_cell_dye,tabm_specialists,4,444,0.0,False,checkpoint_average
nuclei_nucleolive_live_cell_dye,scbutterfly_ops_b,4,444,0.0,False,checkpoint_average
nuclei_nucleolive_live_cell_dye,resmlp_52head,4,444,0.0,False,checkpoint_average
nuclei_nucleolive_live_cell_dye,multitab_pilot,4,444,0.0,False,checkpoint_average
nuclei_nucleolive_live_cell_dye,midas_ops,4,444,0.0,False,checkpoint_average
nuclei_nucleolive_live_cell_dye,scpair_ops,4,444,0.0,False,checkpoint_average
endosome_vps35,ridge,0,422,0.0,False,checkpoint_average
endosome_vps35,gbdt,0,422,0.0,False,checkpoint_average
endosome_vps35,catboost_multirmse,0,422,0.0,False,checkpoint_average
endosome_vps35,mlp,0,422,0.0,False,checkpoint_average
endosome_vps35,tabm_specialists,0,422,0.0,False,checkpoint_average
endosome_vps35,scbutterfly_ops_b,0,422,0.0,False,checkpoint_average
endosome_vps35,resmlp_52head,0,422,0.0,False,checkpoint_average
endosome_vps35,multitab_pilot,0,422,0.0,False,checkpoint_average
endosome_vps35,midas_ops,0,422,0.0,False,checkpoint_average
endosome_vps35,scpair_ops,0,422,0.0,False,checkpoint_average
endosome_vps35,ridge,1,374,0.0,False,checkpoint_average
endosome_vps35,gbdt,1,374,0.0,False,checkpoint_average
endosome_vps35,catboost_multirmse,1,374,0.0,False,checkpoint_average
endosome_vps35,mlp,1,374,0.0,False,checkpoint_average
endosome_vps35,tabm_specialists,1,374,0.0,False,checkpoint_average
endosome_vps35,scbutterfly_ops_b,1,374,0.0,False,checkpoint_average
endosome_vps35,resmlp_52head,1,374,0.0,False,checkpoint_average
endosome_vps35,multitab_pilot,1,374,0.0,False,checkpoint_average
endosome_vps35,midas_ops,1,374,0.0,False,checkpoint_average
endosome_vps35,scpair_ops,1,374,0.0,False,checkpoint_average
endosome_vps35,ridge,2,366,0.0,False,checkpoint_average
endosome_vps35,gbdt,2,366,0.0,False,checkpoint_average
endosome_vps35,catboost_multirmse,2,366,0.0,False,checkpoint_average
endosome_vps35,mlp,2,366,0.0,False,checkpoint_average
endosome_vps35,tabm_specialists,2,366,0.0,False,checkpoint_average
endosome_vps35,scbutterfly_ops_b,2,366,0.0,False,checkpoint_average
endosome_vps35,resmlp_52head,2,366,0.0,False,checkpoint_average
endosome_vps35,multitab_pilot,2,366,0.0,False,checkpoint_average
endosome_vps35,midas_ops,2,366,0.0,False,checkpoint_average
endosome_vps35,scpair_ops,2,366,0.0,False,checkpoint_average
endosome_vps35,ridge,3,394,0.0,False,checkpoint_average
endosome_vps35,gbdt,3,394,0.0,False,checkpoint_average
endosome_vps35,catboost_multirmse,3,394,0.0,False,checkpoint_average
endosome_vps35,mlp,3,394,0.0,False,checkpoint_average
endosome_vps35,tabm_specialists,3,394,0.0,False,checkpoint_average
endosome_vps35,scbutterfly_ops_b,3,394,0.0,False,checkpoint_average
endosome_vps35,resmlp_52head,3,394,0.0,False,checkpoint_average
endosome_vps35,multitab_pilot,3,394,0.0,False,checkpoint_average
endosome_vps35,midas_ops,3,394,0.0,False,checkpoint_average
endosome_vps35,scpair_ops,3,394,0.0,False,checkpoint_average
endosome_vps35,ridge,4,444,0.0,False,checkpoint_average
endosome_vps35,gbdt,4,444,0.0,False,checkpoint_average
endosome_vps35,catboost_multirmse,4,444,0.0,False,checkpoint_average
endosome_vps35,mlp,4,444,0.0,False,checkpoint_average
endosome_vps35,tabm_specialists,4,444,0.0,False,checkpoint_average
endosome_vps35,scbutterfly_ops_b,4,444,0.0,False,checkpoint_average
endosome_vps35,resmlp_52head,4,444,0.0,False,checkpoint_average
endosome_vps35,multitab_pilot,4,444,0.0,False,checkpoint_average
endosome_vps35,midas_ops,4,444,0.0,False,checkpoint_average
endosome_vps35,scpair_ops,4,444,0.0,False,checkpoint_average
er_sec61b,ridge,0,1266,0.0,False,checkpoint_average
er_sec61b,gbdt,0,1266,0.0,False,checkpoint_average
er_sec61b,catboost_multirmse,0,1266,0.0,False,checkpoint_average
er_sec61b,mlp,0,1266,0.0,False,checkpoint_average
er_sec61b,tabm_specialists,0,1266,0.0,False,checkpoint_average
er_sec61b,scbutterfly_ops_b,0,1266,0.0,False,checkpoint_average
er_sec61b,resmlp_52head,0,1266,0.0,False,checkpoint_average
er_sec61b,multitab_pilot,0,1266,0.0,False,checkpoint_average
er_sec61b,midas_ops,0,1266,0.0,False,checkpoint_average
er_sec61b,scpair_ops,0,1266,0.0,False,checkpoint_average
er_sec61b,ridge,1,1122,0.0,False,checkpoint_average
er_sec61b,gbdt,1,1122,0.0,False,checkpoint_average
er_sec61b,catboost_multirmse,1,1122,0.0,False,checkpoint_average
er_sec61b,mlp,1,1122,0.0,False,checkpoint_average
er_sec61b,tabm_specialists,1,1122,0.0,False,checkpoint_average
er_sec61b,scbutterfly_ops_b,1,1122,0.0,False,checkpoint_average
er_sec61b,resmlp_52head,1,1122,0.0,False,checkpoint_average
er_sec61b,multitab_pilot,1,1122,0.0,False,checkpoint_average
er_sec61b,midas_ops,1,1122,0.0,False,checkpoint_average
er_sec61b,scpair_ops,1,1122,0.0,False,checkpoint_average
er_sec61b,ridge,2,1098,0.0,False,checkpoint_average
er_sec61b,gbdt,2,1098,0.0,False,checkpoint_average
er_sec61b,catboost_multirmse,2,1098,0.0,False,checkpoint_average
er_sec61b,mlp,2,1098,0.0,False,checkpoint_average
er_sec61b,tabm_specialists,2,1098,0.0,False,checkpoint_average
er_sec61b,scbutterfly_ops_b,2,1098,0.0,False,checkpoint_average
er_sec61b,resmlp_52head,2,1098,0.0,False,checkpoint_average
er_sec61b,multitab_pilot,2,1098,0.0,False,checkpoint_average
er_sec61b,midas_ops,2,1098,0.0,False,checkpoint_average
er_sec61b,scpair_ops,2,1098,0.0,False,checkpoint_average
er_sec61b,ridge,3,1182,0.0,False,checkpoint_average
er_sec61b,gbdt,3,1182,0.0,False,checkpoint_average
er_sec61b,catboost_multirmse,3,1182,0.0,False,checkpoint_average
er_sec61b,mlp,3,1182,0.0,False,checkpoint_average
er_sec61b,tabm_specialists,3,1182,0.0,False,checkpoint_average
er_sec61b,scbutterfly_ops_b,3,1182,0.0,False,checkpoint_average
er_sec61b,resmlp_52head,3,1182,0.0,False,checkpoint_average
er_sec61b,multitab_pilot,3,1182,0.0,False,checkpoint_average
er_sec61b,midas_ops,3,1182,0.0,False,checkpoint_average
er_sec61b,scpair_ops,3,1182,0.0,False,checkpoint_average
er_sec61b,ridge,4,1332,0.0,False,checkpoint_average
er_sec61b,gbdt,4,1332,0.0,False,checkpoint_average
er_sec61b,catboost_multirmse,4,1332,0.0,False,checkpoint_average
er_sec61b,mlp,4,1332,0.0,False,checkpoint_average
er_sec61b,tabm_specialists,4,1332,0.0,False,checkpoint_average
er_sec61b,scbutterfly_ops_b,4,1332,0.0,False,checkpoint_average
er_sec61b,resmlp_52head,4,1332,0.0,False,checkpoint_average
er_sec61b,multitab_pilot,4,1332,0.0,False,checkpoint_average
er_sec61b,midas_ops,4,1332,0.0,False,checkpoint_average
er_sec61b,scpair_ops,4,1332,0.0,False,checkpoint_average
er_golgi_bridge_vapa,ridge,0,422,0.0,False,checkpoint_average
er_golgi_bridge_vapa,gbdt,0,422,0.0,False,checkpoint_average
er_golgi_bridge_vapa,catboost_multirmse,0,422,0.0,False,checkpoint_average
er_golgi_bridge_vapa,mlp,0,422,0.0,False,checkpoint_average
er_golgi_bridge_vapa,tabm_specialists,0,422,0.0,False,checkpoint_average
er_golgi_bridge_vapa,scbutterfly_ops_b,0,422,0.0,False,checkpoint_average
er_golgi_bridge_vapa,resmlp_52head,0,422,0.0,False,checkpoint_average
er_golgi_bridge_vapa,multitab_pilot,0,422,0.0,False,checkpoint_average
er_golgi_bridge_vapa,midas_ops,0,422,0.0,False,checkpoint_average
er_golgi_bridge_vapa,scpair_ops,0,422,0.0,False,checkpoint_average
er_golgi_bridge_vapa,ridge,1,374,0.0,False,checkpoint_average
er_golgi_bridge_vapa,gbdt,1,374,0.0,False,checkpoint_average
er_golgi_bridge_vapa,catboost_multirmse,1,374,0.0,False,checkpoint_average
er_golgi_bridge_vapa,mlp,1,374,0.0,False,checkpoint_average
er_golgi_bridge_vapa,tabm_specialists,1,374,0.0,False,checkpoint_average
er_golgi_bridge_vapa,scbutterfly_ops_b,1,374,0.0,False,checkpoint_average
er_golgi_bridge_vapa,resmlp_52head,1,374,0.0,False,checkpoint_average
er_golgi_bridge_vapa,multitab_pilot,1,374,0.0,False,checkpoint_average
er_golgi_bridge_vapa,midas_ops,1,374,0.0,False,checkpoint_average
er_golgi_bridge_vapa,scpair_ops,1,374,0.0,False,checkpoint_average
er_golgi_bridge_vapa,ridge,2,366,0.0,False,checkpoint_average
er_golgi_bridge_vapa,gbdt,2,366,0.0,False,checkpoint_average
er_golgi_bridge_vapa,catboost_multirmse,2,366,0.0,False,checkpoint_average
er_golgi_bridge_vapa,mlp,2,366,0.0,False,checkpoint_average
er_golgi_bridge_vapa,tabm_specialists,2,366,0.0,False,checkpoint_average
er_golgi_bridge_vapa,scbutterfly_ops_b,2,366,0.0,False,checkpoint_average
er_golgi_bridge_vapa,resmlp_52head,2,366,0.0,False,checkpoint_average
er_golgi_bridge_vapa,multitab_pilot,2,366,0.0,False,checkpoint_average
er_golgi_bridge_vapa,midas_ops,2,366,0.0,False,checkpoint_average
er_golgi_bridge_vapa,scpair_ops,2,366,0.0,False,checkpoint_average
er_golgi_bridge_vapa,ridge,3,394,0.0,False,checkpoint_average
er_golgi_bridge_vapa,gbdt,3,394,0.0,False,checkpoint_average
er_golgi_bridge_vapa,catboost_multirmse,3,394,0.0,False,checkpoint_average
er_golgi_bridge_vapa,mlp,3,394,0.0,False,checkpoint_average
er_golgi_bridge_vapa,tabm_specialists,3,394,0.0,False,checkpoint_average
er_golgi_bridge_vapa,scbutterfly_ops_b,3,394,0.0,False,checkpoint_average
er_golgi_bridge_vapa,resmlp_52head,3,394,0.0,False,checkpoint_average
er_golgi_bridge_vapa,multitab_pilot,3,394,0.0,False,checkpoint_average
er_golgi_bridge_vapa,midas_ops,3,394,0.0,False,checkpoint_average
er_golgi_bridge_vapa,scpair_ops,3,394,0.0,False,checkpoint_average
er_golgi_bridge_vapa,ridge,4,444,0.0,False,checkpoint_average
er_golgi_bridge_vapa,gbdt,4,444,0.0,False,checkpoint_average
er_golgi_bridge_vapa,catboost_multirmse,4,444,0.0,False,checkpoint_average
er_golgi_bridge_vapa,mlp,4,444,0.0,False,checkpoint_average
er_golgi_bridge_vapa,tabm_specialists,4,444,0.0,False,checkpoint_average
er_golgi_bridge_vapa,scbutterfly_ops_b,4,444,0.0,False,checkpoint_average
er_golgi_bridge_vapa,resmlp_52head,4,444,0.0,False,checkpoint_average
er_golgi_bridge_vapa,multitab_pilot,4,444,0.0,False,checkpoint_average
er_golgi_bridge_vapa,midas_ops,4,444,0.0,False,checkpoint_average
er_golgi_bridge_vapa,scpair_ops,4,444,0.0,False,checkpoint_average
mitochondria_chromalive_561_excitation,ridge,0,422,0.0,False,checkpoint_average
mitochondria_chromalive_561_excitation,gbdt,0,422,0.0,False,checkpoint_average
mitochondria_chromalive_561_excitation,catboost_multirmse,0,422,0.0,False,checkpoint_average
mitochondria_chromalive_561_excitation,mlp,0,422,0.0,False,checkpoint_average
mitochondria_chromalive_561_excitation,tabm_specialists,0,422,0.0,False,checkpoint_average
mitochondria_chromalive_561_excitation,scbutterfly_ops_b,0,422,0.0,False,checkpoint_average
mitochondria_chromalive_561_excitation,resmlp_52head,0,422,0.0,False,checkpoint_average
mitochondria_chromalive_561_excitation,multitab_pilot,0,422,0.0,False,checkpoint_average
mitochondria_chromalive_561_excitation,midas_ops,0,422,0.0,False,checkpoint_average
mitochondria_chromalive_561_excitation,scpair_ops,0,422,0.0,False,checkpoint_average
mitochondria_chromalive_561_excitation,ridge,1,374,0.0,False,checkpoint_average
mitochondria_chromalive_561_excitation,gbdt,1,374,0.0,False,checkpoint_average
mitochondria_chromalive_561_excitation,catboost_multirmse,1,374,0.0,False,checkpoint_average
mitochondria_chromalive_561_excitation,mlp,1,374,0.0,False,checkpoint_average
mitochondria_chromalive_561_excitation,tabm_specialists,1,374,0.0,False,checkpoint_average
mitochondria_chromalive_561_excitation,scbutterfly_ops_b,1,374,0.0,False,checkpoint_average
mitochondria_chromalive_561_excitation,resmlp_52head,1,374,0.0,False,checkpoint_average
mitochondria_chromalive_561_excitation,multitab_pilot,1,374,0.0,False,checkpoint_average
mitochondria_chromalive_561_excitation,midas_ops,1,374,0.0,False,checkpoint_average
mitochondria_chromalive_561_excitation,scpair_ops,1,374,0.0,False,checkpoint_average
mitochondria_chromalive_561_excitation,ridge,2,366,0.0,False,checkpoint_average
mitochondria_chromalive_561_excitation,gbdt,2,366,0.0,False,checkpoint_average
mitochondria_chromalive_561_excitation,catboost_multirmse,2,366,0.0,False,checkpoint_average
mitochondria_chromalive_561_excitation,mlp,2,366,0.0,False,checkpoint_average
mitochondria_chromalive_561_excitation,tabm_specialists,2,366,0.0,False,checkpoint_average
mitochondria_chromalive_561_excitation,scbutterfly_ops_b,2,366,0.0,False,checkpoint_average
mitochondria_chromalive_561_excitation,resmlp_52head,2,366,0.0,False,checkpoint_average
mitochondria_chromalive_561_excitation,multitab_pilot,2,366,0.0,False,checkpoint_average
mitochondria_chromalive_561_excitation,midas_ops,2,366,0.0,False,checkpoint_average
mitochondria_chromalive_561_excitation,scpair_ops,2,366,0.0,False,checkpoint_average
mitochondria_chromalive_561_excitation,ridge,3,394,0.0,False,checkpoint_average
mitochondria_chromalive_561_excitation,gbdt,3,394,0.0,False,checkpoint_average
mitochondria_chromalive_561_excitation,catboost_multirmse,3,394,0.0,False,checkpoint_average
mitochondria_chromalive_561_excitation,mlp,3,394,0.0,False,checkpoint_average
mitochondria_chromalive_561_excitation,tabm_specialists,3,394,0.0,False,checkpoint_average
mitochondria_chromalive_561_excitation,scbutterfly_ops_b,3,394,0.0,False,checkpoint_average
mitochondria_chromalive_561_excitation,resmlp_52head,3,394,0.0,False,checkpoint_average
mitochondria_chromalive_561_excitation,multitab_pilot,3,394,0.0,False,checkpoint_average
mitochondria_chromalive_561_excitation,midas_ops,3,394,0.0,False,checkpoint_average
mitochondria_chromalive_561_excitation,scpair_ops,3,394,0.0,False,checkpoint_average
mitochondria_chromalive_561_excitation,ridge,4,444,0.0,False,checkpoint_average
mitochondria_chromalive_561_excitation,gbdt,4,444,0.0,False,checkpoint_average
mitochondria_chromalive_561_excitation,catboost_multirmse,4,444,0.0,False,checkpoint_average
mitochondria_chromalive_561_excitation,mlp,4,444,0.0,False,checkpoint_average
mitochondria_chromalive_561_excitation,tabm_specialists,4,444,0.0,False,checkpoint_average
mitochondria_chromalive_561_excitation,scbutterfly_ops_b,4,444,0.0,False,checkpoint_average
mitochondria_chromalive_561_excitation,resmlp_52head,4,444,0.0,False,checkpoint_average
mitochondria_chromalive_561_excitation,multitab_pilot,4,444,0.0,False,checkpoint_average
mitochondria_chromalive_561_excitation,midas_ops,4,444,0.0,False,checkpoint_average
mitochondria_chromalive_561_excitation,scpair_ops,4,444,0.0,False,checkpoint_average
peroxisome_peroxi_spy650_live_cell_dye,ridge,0,422,0.0,False,checkpoint_average
peroxisome_peroxi_spy650_live_cell_dye,gbdt,0,422,0.0,False,checkpoint_average
peroxisome_peroxi_spy650_live_cell_dye,catboost_multirmse,0,422,0.0,False,checkpoint_average
peroxisome_peroxi_spy650_live_cell_dye,mlp,0,422,0.0,False,checkpoint_average
peroxisome_peroxi_spy650_live_cell_dye,tabm_specialists,0,422,0.0,False,checkpoint_average
peroxisome_peroxi_spy650_live_cell_dye,scbutterfly_ops_b,0,422,0.0,False,checkpoint_average
peroxisome_peroxi_spy650_live_cell_dye,resmlp_52head,0,422,0.0,False,checkpoint_average
peroxisome_peroxi_spy650_live_cell_dye,multitab_pilot,0,422,0.0,False,checkpoint_average
peroxisome_peroxi_spy650_live_cell_dye,midas_ops,0,422,0.0,False,checkpoint_average
peroxisome_peroxi_spy650_live_cell_dye,scpair_ops,0,422,0.0,False,checkpoint_average
peroxisome_peroxi_spy650_live_cell_dye,ridge,1,374,0.0,False,checkpoint_average
peroxisome_peroxi_spy650_live_cell_dye,gbdt,1,374,0.0,False,checkpoint_average
peroxisome_peroxi_spy650_live_cell_dye,catboost_multirmse,1,374,0.0,False,checkpoint_average
peroxisome_peroxi_spy650_live_cell_dye,mlp,1,374,0.0,False,checkpoint_average
peroxisome_peroxi_spy650_live_cell_dye,tabm_specialists,1,374,0.0,False,checkpoint_average
peroxisome_peroxi_spy650_live_cell_dye,scbutterfly_ops_b,1,374,0.0,False,checkpoint_average
peroxisome_peroxi_spy650_live_cell_dye,resmlp_52head,1,374,0.0,False,checkpoint_average
peroxisome_peroxi_spy650_live_cell_dye,multitab_pilot,1,374,0.0,False,checkpoint_average
peroxisome_peroxi_spy650_live_cell_dye,midas_ops,1,374,0.0,False,checkpoint_average
peroxisome_peroxi_spy650_live_cell_dye,scpair_ops,1,374,0.0,False,checkpoint_average
peroxisome_peroxi_spy650_live_cell_dye,ridge,2,366,0.0,False,checkpoint_average
peroxisome_peroxi_spy650_live_cell_dye,gbdt,2,366,0.0,False,checkpoint_average
peroxisome_peroxi_spy650_live_cell_dye,catboost_multirmse,2,366,0.0,False,checkpoint_average
peroxisome_peroxi_spy650_live_cell_dye,mlp,2,366,0.0,False,checkpoint_average
peroxisome_peroxi_spy650_live_cell_dye,tabm_specialists,2,366,0.0,False,checkpoint_average
peroxisome_peroxi_spy650_live_cell_dye,scbutterfly_ops_b,2,366,0.0,False,checkpoint_average
peroxisome_peroxi_spy650_live_cell_dye,resmlp_52head,2,366,0.0,False,checkpoint_average
peroxisome_peroxi_spy650_live_cell_dye,multitab_pilot,2,366,0.0,False,checkpoint_average
peroxisome_peroxi_spy650_live_cell_dye,midas_ops,2,366,0.0,False,checkpoint_average
peroxisome_peroxi_spy650_live_cell_dye,scpair_ops,2,366,0.0,False,checkpoint_average
peroxisome_peroxi_spy650_live_cell_dye,ridge,3,394,0.0,False,checkpoint_average
peroxisome_peroxi_spy650_live_cell_dye,gbdt,3,394,0.0,False,checkpoint_average
peroxisome_peroxi_spy650_live_cell_dye,catboost_multirmse,3,394,0.0,False,checkpoint_average
peroxisome_peroxi_spy650_live_cell_dye,mlp,3,394,0.0,False,checkpoint_average
peroxisome_peroxi_spy650_live_cell_dye,tabm_specialists,3,394,0.0,False,checkpoint_average
peroxisome_peroxi_spy650_live_cell_dye,scbutterfly_ops_b,3,394,0.0,False,checkpoint_average
peroxisome_peroxi_spy650_live_cell_dye,resmlp_52head,3,394,0.0,False,checkpoint_average
peroxisome_peroxi_spy650_live_cell_dye,multitab_pilot,3,394,0.0,False,checkpoint_average
peroxisome_peroxi_spy650_live_cell_dye,midas_ops,3,394,0.0,False,checkpoint_average
peroxisome_peroxi_spy650_live_cell_dye,scpair_ops,3,394,0.0,False,checkpoint_average
peroxisome_peroxi_spy650_live_cell_dye,ridge,4,444,0.0,False,checkpoint_average
peroxisome_peroxi_spy650_live_cell_dye,gbdt,4,444,0.0,False,checkpoint_average
peroxisome_peroxi_spy650_live_cell_dye,catboost_multirmse,4,444,0.0,False,checkpoint_average
peroxisome_peroxi_spy650_live_cell_dye,mlp,4,444,0.0,False,checkpoint_average
peroxisome_peroxi_spy650_live_cell_dye,tabm_specialists,4,444,0.0,False,checkpoint_average
peroxisome_peroxi_spy650_live_cell_dye,scbutterfly_ops_b,4,444,0.0,False,checkpoint_average
peroxisome_peroxi_spy650_live_cell_dye,resmlp_52head,4,444,0.0,False,checkpoint_average
peroxisome_peroxi_spy650_live_cell_dye,multitab_pilot,4,444,0.0,False,checkpoint_average
peroxisome_peroxi_spy650_live_cell_dye,midas_ops,4,444,0.0,False,checkpoint_average
peroxisome_peroxi_spy650_live_cell_dye,scpair_ops,4,444,0.0,False,checkpoint_average
chromalive_488_excitation,ridge,0,422,0.0,False,checkpoint_average
chromalive_488_excitation,gbdt,0,422,0.0,False,checkpoint_average
chromalive_488_excitation,catboost_multirmse,0,422,0.0,False,checkpoint_average
chromalive_488_excitation,mlp,0,422,0.0,False,checkpoint_average
chromalive_488_excitation,tabm_specialists,0,422,0.0,False,checkpoint_average
chromalive_488_excitation,scbutterfly_ops_b,0,422,0.0,False,checkpoint_average
chromalive_488_excitation,resmlp_52head,0,422,0.0,False,checkpoint_average
chromalive_488_excitation,multitab_pilot,0,422,0.0,False,checkpoint_average
chromalive_488_excitation,midas_ops,0,422,0.0,False,checkpoint_average
chromalive_488_excitation,scpair_ops,0,422,0.0,False,checkpoint_average
chromalive_488_excitation,ridge,1,374,0.0,False,checkpoint_average
chromalive_488_excitation,gbdt,1,374,0.0,False,checkpoint_average
chromalive_488_excitation,catboost_multirmse,1,374,0.0,False,checkpoint_average
chromalive_488_excitation,mlp,1,374,0.0,False,checkpoint_average
chromalive_488_excitation,tabm_specialists,1,374,0.0,False,checkpoint_average
chromalive_488_excitation,scbutterfly_ops_b,1,374,0.0,False,checkpoint_average
chromalive_488_excitation,resmlp_52head,1,374,0.0,False,checkpoint_average
chromalive_488_excitation,multitab_pilot,1,374,0.0,False,checkpoint_average
chromalive_488_excitation,midas_ops,1,374,0.0,False,checkpoint_average
chromalive_488_excitation,scpair_ops,1,374,0.0,False,checkpoint_average
chromalive_488_excitation,ridge,2,366,0.0,False,checkpoint_average
chromalive_488_excitation,gbdt,2,366,0.0,False,checkpoint_average
chromalive_488_excitation,catboost_multirmse,2,366,0.0,False,checkpoint_average
chromalive_488_excitation,mlp,2,366,0.0,False,checkpoint_average
chromalive_488_excitation,tabm_specialists,2,366,0.0,False,checkpoint_average
chromalive_488_excitation,scbutterfly_ops_b,2,366,0.0,False,checkpoint_average
chromalive_488_excitation,resmlp_52head,2,366,0.0,False,checkpoint_average
chromalive_488_excitation,multitab_pilot,2,366,0.0,False,checkpoint_average
chromalive_488_excitation,midas_ops,2,366,0.0,False,checkpoint_average
chromalive_488_excitation,scpair_ops,2,366,0.0,False,checkpoint_average
chromalive_488_excitation,ridge,3,394,0.0,False,checkpoint_average
chromalive_488_excitation,gbdt,3,394,0.0,False,checkpoint_average
chromalive_488_excitation,catboost_multirmse,3,394,0.0,False,checkpoint_average
chromalive_488_excitation,mlp,3,394,0.0,False,checkpoint_average
chromalive_488_excitation,tabm_specialists,3,394,0.0,False,checkpoint_average
chromalive_488_excitation,scbutterfly_ops_b,3,394,0.0,False,checkpoint_average
chromalive_488_excitation,resmlp_52head,3,394,0.0,False,checkpoint_average
chromalive_488_excitation,multitab_pilot,3,394,0.0,False,checkpoint_average
chromalive_488_excitation,midas_ops,3,394,0.0,False,checkpoint_average
chromalive_488_excitation,scpair_ops,3,394,0.0,False,checkpoint_average
chromalive_488_excitation,ridge,4,444,0.0,False,checkpoint_average
chromalive_488_excitation,gbdt,4,444,0.0,False,checkpoint_average
chromalive_488_excitation,catboost_multirmse,4,444,0.0,False,checkpoint_average
chromalive_488_excitation,mlp,4,444,0.0,False,checkpoint_average
chromalive_488_excitation,tabm_specialists,4,444,0.0,False,checkpoint_average
chromalive_488_excitation,scbutterfly_ops_b,4,444,0.0,False,checkpoint_average
chromalive_488_excitation,resmlp_52head,4,444,0.0,False,checkpoint_average
chromalive_488_excitation,multitab_pilot,4,444,0.0,False,checkpoint_average
chromalive_488_excitation,midas_ops,4,444,0.0,False,checkpoint_average
chromalive_488_excitation,scpair_ops,4,444,0.0,False,checkpoint_average
chromatin_h2bc21,ridge,0,422,0.0,False,checkpoint_average
chromatin_h2bc21,gbdt,0,422,0.0,False,checkpoint_average
chromatin_h2bc21,catboost_multirmse,0,422,0.0,False,checkpoint_average
chromatin_h2bc21,mlp,0,422,0.0,False,checkpoint_average
chromatin_h2bc21,tabm_specialists,0,422,0.0,False,checkpoint_average
chromatin_h2bc21,scbutterfly_ops_b,0,422,0.0,False,checkpoint_average
chromatin_h2bc21,resmlp_52head,0,422,0.0,False,checkpoint_average
chromatin_h2bc21,multitab_pilot,0,422,0.0,False,checkpoint_average
chromatin_h2bc21,midas_ops,0,422,0.0,False,checkpoint_average
chromatin_h2bc21,scpair_ops,0,422,0.0,False,checkpoint_average
chromatin_h2bc21,ridge,1,374,0.0,False,checkpoint_average
chromatin_h2bc21,gbdt,1,374,0.0,False,checkpoint_average
chromatin_h2bc21,catboost_multirmse,1,374,0.0,False,checkpoint_average
chromatin_h2bc21,mlp,1,374,0.0,False,checkpoint_average
chromatin_h2bc21,tabm_specialists,1,374,0.0,False,checkpoint_average
chromatin_h2bc21,scbutterfly_ops_b,1,374,0.0,False,checkpoint_average
chromatin_h2bc21,resmlp_52head,1,374,0.0,False,checkpoint_average
chromatin_h2bc21,multitab_pilot,1,374,0.0,False,checkpoint_average
chromatin_h2bc21,midas_ops,1,374,0.0,False,checkpoint_average
chromatin_h2bc21,scpair_ops,1,374,0.0,False,checkpoint_average
chromatin_h2bc21,ridge,2,366,0.0,False,checkpoint_average
chromatin_h2bc21,gbdt,2,366,0.0,False,checkpoint_average
chromatin_h2bc21,catboost_multirmse,2,366,0.0,False,checkpoint_average
chromatin_h2bc21,mlp,2,366,0.0,False,checkpoint_average
chromatin_h2bc21,tabm_specialists,2,366,0.0,False,checkpoint_average
chromatin_h2bc21,scbutterfly_ops_b,2,366,0.0,False,checkpoint_average
chromatin_h2bc21,resmlp_52head,2,366,0.0,False,checkpoint_average
chromatin_h2bc21,multitab_pilot,2,366,0.0,False,checkpoint_average
chromatin_h2bc21,midas_ops,2,366,0.0,False,checkpoint_average
chromatin_h2bc21,scpair_ops,2,366,0.0,False,checkpoint_average
chromatin_h2bc21,ridge,3,394,0.0,False,checkpoint_average
chromatin_h2bc21,gbdt,3,394,0.0,False,checkpoint_average
chromatin_h2bc21,catboost_multirmse,3,394,0.0,False,checkpoint_average
chromatin_h2bc21,mlp,3,394,0.0,False,checkpoint_average
chromatin_h2bc21,tabm_specialists,3,394,0.0,False,checkpoint_average
chromatin_h2bc21,scbutterfly_ops_b,3,394,0.0,False,checkpoint_average
chromatin_h2bc21,resmlp_52head,3,394,0.0,False,checkpoint_average
chromatin_h2bc21,multitab_pilot,3,394,0.0,False,checkpoint_average
chromatin_h2bc21,midas_ops,3,394,0.0,False,checkpoint_average
chromatin_h2bc21,scpair_ops,3,394,0.0,False,checkpoint_average
chromatin_h2bc21,ridge,4,444,0.0,False,checkpoint_average
chromatin_h2bc21,gbdt,4,444,0.0,False,checkpoint_average
chromatin_h2bc21,catboost_multirmse,4,444,0.0,False,checkpoint_average
chromatin_h2bc21,mlp,4,444,0.0,False,checkpoint_average
chromatin_h2bc21,tabm_specialists,4,444,0.0,False,checkpoint_average
chromatin_h2bc21,scbutterfly_ops_b,4,444,0.0,False,checkpoint_average
chromatin_h2bc21,resmlp_52head,4,444,0.0,False,checkpoint_average
chromatin_h2bc21,multitab_pilot,4,444,0.0,False,checkpoint_average
chromatin_h2bc21,midas_ops,4,444,0.0,False,checkpoint_average
chromatin_h2bc21,scpair_ops,4,444,0.0,False,checkpoint_average
plasma_membrane_atp1b3,ridge,0,422,0.0,False,checkpoint_average
plasma_membrane_atp1b3,gbdt,0,422,0.0,False,checkpoint_average
plasma_membrane_atp1b3,catboost_multirmse,0,422,0.0,False,checkpoint_average
plasma_membrane_atp1b3,mlp,0,422,0.0,False,checkpoint_average
plasma_membrane_atp1b3,tabm_specialists,0,422,0.0,False,checkpoint_average
plasma_membrane_atp1b3,scbutterfly_ops_b,0,422,0.0,False,checkpoint_average
plasma_membrane_atp1b3,resmlp_52head,0,422,0.0,False,checkpoint_average
plasma_membrane_atp1b3,multitab_pilot,0,422,0.0,False,checkpoint_average
plasma_membrane_atp1b3,midas_ops,0,422,0.0,False,checkpoint_average
plasma_membrane_atp1b3,scpair_ops,0,422,0.0,False,checkpoint_average
plasma_membrane_atp1b3,ridge,1,374,0.0,False,checkpoint_average
plasma_membrane_atp1b3,gbdt,1,374,0.0,False,checkpoint_average
plasma_membrane_atp1b3,catboost_multirmse,1,374,0.0,False,checkpoint_average
plasma_membrane_atp1b3,mlp,1,374,0.0,False,checkpoint_average
plasma_membrane_atp1b3,tabm_specialists,1,374,0.0,False,checkpoint_average
plasma_membrane_atp1b3,scbutterfly_ops_b,1,374,0.0,False,checkpoint_average
plasma_membrane_atp1b3,resmlp_52head,1,374,0.0,False,checkpoint_average
plasma_membrane_atp1b3,multitab_pilot,1,374,0.0,False,checkpoint_average
plasma_membrane_atp1b3,midas_ops,1,374,0.0,False,checkpoint_average
plasma_membrane_atp1b3,scpair_ops,1,374,0.0,False,checkpoint_average
plasma_membrane_atp1b3,ridge,2,366,0.0,False,checkpoint_average
plasma_membrane_atp1b3,gbdt,2,366,0.0,False,checkpoint_average
plasma_membrane_atp1b3,catboost_multirmse,2,366,0.0,False,checkpoint_average
plasma_membrane_atp1b3,mlp,2,366,0.0,False,checkpoint_average
plasma_membrane_atp1b3,tabm_specialists,2,366,0.0,False,checkpoint_average
plasma_membrane_atp1b3,scbutterfly_ops_b,2,366,0.0,False,checkpoint_average
plasma_membrane_atp1b3,resmlp_52head,2,366,0.0,False,checkpoint_average
plasma_membrane_atp1b3,multitab_pilot,2,366,0.0,False,checkpoint_average
plasma_membrane_atp1b3,midas_ops,2,366,0.0,False,checkpoint_average
plasma_membrane_atp1b3,scpair_ops,2,366,0.0,False,checkpoint_average
plasma_membrane_atp1b3,ridge,3,394,0.0,False,checkpoint_average
plasma_membrane_atp1b3,gbdt,3,394,0.0,False,checkpoint_average
plasma_membrane_atp1b3,catboost_multirmse,3,394,0.0,False,checkpoint_average
plasma_membrane_atp1b3,mlp,3,394,0.0,False,checkpoint_average
plasma_membrane_atp1b3,tabm_specialists,3,394,0.0,False,checkpoint_average
plasma_membrane_atp1b3,scbutterfly_ops_b,3,394,0.0,False,checkpoint_average
plasma_membrane_atp1b3,resmlp_52head,3,394,0.0,False,checkpoint_average
plasma_membrane_atp1b3,multitab_pilot,3,394,0.0,False,checkpoint_average
plasma_membrane_atp1b3,midas_ops,3,394,0.0,False,checkpoint_average
plasma_membrane_atp1b3,scpair_ops,3,394,0.0,False,checkpoint_average
plasma_membrane_atp1b3,ridge,4,444,0.0,False,checkpoint_average
plasma_membrane_atp1b3,gbdt,4,444,0.0,False,checkpoint_average
plasma_membrane_atp1b3,catboost_multirmse,4,444,0.0,False,checkpoint_average
plasma_membrane_atp1b3,mlp,4,444,0.0,False,checkpoint_average
plasma_membrane_atp1b3,tabm_specialists,4,444,0.0,False,checkpoint_average
plasma_membrane_atp1b3,scbutterfly_ops_b,4,444,0.0,False,checkpoint_average
plasma_membrane_atp1b3,resmlp_52head,4,444,0.0,False,checkpoint_average
plasma_membrane_atp1b3,multitab_pilot,4,444,0.0,False,checkpoint_average
plasma_membrane_atp1b3,midas_ops,4,444,0.0,False,checkpoint_average
plasma_membrane_atp1b3,scpair_ops,4,444,0.0,False,checkpoint_average
endocytic_vesicle_ph_phrodo-dextran_live_cell_dye,ridge,0,422,0.0,False,checkpoint_average
endocytic_vesicle_ph_phrodo-dextran_live_cell_dye,gbdt,0,422,0.0,False,checkpoint_average
endocytic_vesicle_ph_phrodo-dextran_live_cell_dye,catboost_multirmse,0,422,0.0,False,checkpoint_average
endocytic_vesicle_ph_phrodo-dextran_live_cell_dye,mlp,0,422,0.0,False,checkpoint_average
endocytic_vesicle_ph_phrodo-dextran_live_cell_dye,tabm_specialists,0,422,0.0,False,checkpoint_average
endocytic_vesicle_ph_phrodo-dextran_live_cell_dye,scbutterfly_ops_b,0,422,0.0,False,checkpoint_average
endocytic_vesicle_ph_phrodo-dextran_live_cell_dye,resmlp_52head,0,422,0.0,False,checkpoint_average
endocytic_vesicle_ph_phrodo-dextran_live_cell_dye,multitab_pilot,0,422,0.0,False,checkpoint_average
endocytic_vesicle_ph_phrodo-dextran_live_cell_dye,midas_ops,0,422,0.0,False,checkpoint_average
endocytic_vesicle_ph_phrodo-dextran_live_cell_dye,scpair_ops,0,422,0.0,False,checkpoint_average
endocytic_vesicle_ph_phrodo-dextran_live_cell_dye,ridge,1,374,0.0,False,checkpoint_average
endocytic_vesicle_ph_phrodo-dextran_live_cell_dye,gbdt,1,374,0.0,False,checkpoint_average
endocytic_vesicle_ph_phrodo-dextran_live_cell_dye,catboost_multirmse,1,374,0.0,False,checkpoint_average
endocytic_vesicle_ph_phrodo-dextran_live_cell_dye,mlp,1,374,0.0,False,checkpoint_average
endocytic_vesicle_ph_phrodo-dextran_live_cell_dye,tabm_specialists,1,374,0.0,False,checkpoint_average
endocytic_vesicle_ph_phrodo-dextran_live_cell_dye,scbutterfly_ops_b,1,374,0.0,False,checkpoint_average
endocytic_vesicle_ph_phrodo-dextran_live_cell_dye,resmlp_52head,1,374,0.0,False,checkpoint_average
endocytic_vesicle_ph_phrodo-dextran_live_cell_dye,multitab_pilot,1,374,0.0,False,checkpoint_average
endocytic_vesicle_ph_phrodo-dextran_live_cell_dye,midas_ops,1,374,0.0,False,checkpoint_average
endocytic_vesicle_ph_phrodo-dextran_live_cell_dye,scpair_ops,1,374,0.0,False,checkpoint_average
endocytic_vesicle_ph_phrodo-dextran_live_cell_dye,ridge,2,366,0.0,False,checkpoint_average
endocytic_vesicle_ph_phrodo-dextran_live_cell_dye,gbdt,2,366,0.0,False,checkpoint_average
endocytic_vesicle_ph_phrodo-dextran_live_cell_dye,catboost_multirmse,2,366,0.0,False,checkpoint_average
endocytic_vesicle_ph_phrodo-dextran_live_cell_dye,mlp,2,366,0.0,False,checkpoint_average
endocytic_vesicle_ph_phrodo-dextran_live_cell_dye,tabm_specialists,2,366,0.0,False,checkpoint_average
endocytic_vesicle_ph_phrodo-dextran_live_cell_dye,scbutterfly_ops_b,2,366,0.0,False,checkpoint_average
endocytic_vesicle_ph_phrodo-dextran_live_cell_dye,resmlp_52head,2,366,0.0,False,checkpoint_average
endocytic_vesicle_ph_phrodo-dextran_live_cell_dye,multitab_pilot,2,366,0.0,False,checkpoint_average
endocytic_vesicle_ph_phrodo-dextran_live_cell_dye,midas_ops,2,366,0.0,False,checkpoint_average
endocytic_vesicle_ph_phrodo-dextran_live_cell_dye,scpair_ops,2,366,0.0,False,checkpoint_average
endocytic_vesicle_ph_phrodo-dextran_live_cell_dye,ridge,3,394,0.0,False,checkpoint_average
endocytic_vesicle_ph_phrodo-dextran_live_cell_dye,gbdt,3,394,0.0,False,checkpoint_average
endocytic_vesicle_ph_phrodo-dextran_live_cell_dye,catboost_multirmse,3,394,0.0,False,checkpoint_average
endocytic_vesicle_ph_phrodo-dextran_live_cell_dye,mlp,3,394,0.0,False,checkpoint_average
endocytic_vesicle_ph_phrodo-dextran_live_cell_dye,tabm_specialists,3,394,0.0,False,checkpoint_average
endocytic_vesicle_ph_phrodo-dextran_live_cell_dye,scbutterfly_ops_b,3,394,0.0,False,checkpoint_average
endocytic_vesicle_ph_phrodo-dextran_live_cell_dye,resmlp_52head,3,394,0.0,False,checkpoint_average
endocytic_vesicle_ph_phrodo-dextran_live_cell_dye,multitab_pilot,3,394,0.0,False,checkpoint_average
endocytic_vesicle_ph_phrodo-dextran_live_cell_dye,midas_ops,3,394,0.0,False,checkpoint_average
endocytic_vesicle_ph_phrodo-dextran_live_cell_dye,scpair_ops,3,394,0.0,False,checkpoint_average
endocytic_vesicle_ph_phrodo-dextran_live_cell_dye,ridge,4,444,0.0,False,checkpoint_average
endocytic_vesicle_ph_phrodo-dextran_live_cell_dye,gbdt,4,444,0.0,False,checkpoint_average
endocytic_vesicle_ph_phrodo-dextran_live_cell_dye,catboost_multirmse,4,444,0.0,False,checkpoint_average
endocytic_vesicle_ph_phrodo-dextran_live_cell_dye,mlp,4,444,0.0,False,checkpoint_average
endocytic_vesicle_ph_phrodo-dextran_live_cell_dye,tabm_specialists,4,444,0.0,False,checkpoint_average
endocytic_vesicle_ph_phrodo-dextran_live_cell_dye,scbutterfly_ops_b,4,444,0.0,False,checkpoint_average
endocytic_vesicle_ph_phrodo-dextran_live_cell_dye,resmlp_52head,4,444,0.0,False,checkpoint_average
endocytic_vesicle_ph_phrodo-dextran_live_cell_dye,multitab_pilot,4,444,0.0,False,checkpoint_average
endocytic_vesicle_ph_phrodo-dextran_live_cell_dye,midas_ops,4,444,0.0,False,checkpoint_average
endocytic_vesicle_ph_phrodo-dextran_live_cell_dye,scpair_ops,4,444,0.0,False,checkpoint_average
5xupre,ridge,0,1266,0.0,False,checkpoint_average
5xupre,gbdt,0,1266,0.0,False,checkpoint_average
5xupre,catboost_multirmse,0,1266,0.0,False,checkpoint_average
5xupre,mlp,0,1266,0.0,False,checkpoint_average
5xupre,tabm_specialists,0,1266,0.0,False,checkpoint_average
5xupre,scbutterfly_ops_b,0,1266,0.0,False,checkpoint_average
5xupre,resmlp_52head,0,1266,0.0,False,checkpoint_average
5xupre,multitab_pilot,0,1266,0.0,False,checkpoint_average
5xupre,midas_ops,0,1266,0.0,False,checkpoint_average
5xupre,scpair_ops,0,1266,0.0,False,checkpoint_average
5xupre,ridge,1,1122,0.0,False,checkpoint_average
5xupre,gbdt,1,1122,0.0,False,checkpoint_average
5xupre,catboost_multirmse,1,1122,0.0,False,checkpoint_average
5xupre,mlp,1,1122,0.0,False,checkpoint_average
5xupre,tabm_specialists,1,1122,0.0,False,checkpoint_average
5xupre,scbutterfly_ops_b,1,1122,0.0,False,checkpoint_average
5xupre,resmlp_52head,1,1122,0.0,False,checkpoint_average
5xupre,multitab_pilot,1,1122,0.0,False,checkpoint_average
5xupre,midas_ops,1,1122,0.0,False,checkpoint_average
5xupre,scpair_ops,1,1122,0.0,False,checkpoint_average
5xupre,ridge,2,1098,0.0,False,checkpoint_average
5xupre,gbdt,2,1098,0.0,False,checkpoint_average
5xupre,catboost_multirmse,2,1098,0.0,False,checkpoint_average
5xupre,mlp,2,1098,0.0,False,checkpoint_average
5xupre,tabm_specialists,2,1098,0.0,False,checkpoint_average
5xupre,scbutterfly_ops_b,2,1098,0.0,False,checkpoint_average
5xupre,resmlp_52head,2,1098,0.0,False,checkpoint_average
5xupre,multitab_pilot,2,1098,0.0,False,checkpoint_average
5xupre,midas_ops,2,1098,0.0,False,checkpoint_average
5xupre,scpair_ops,2,1098,0.0,False,checkpoint_average
5xupre,ridge,3,1182,0.0,False,checkpoint_average
5xupre,gbdt,3,1182,0.0,False,checkpoint_average
5xupre,catboost_multirmse,3,1182,0.0,False,checkpoint_average
5xupre,mlp,3,1182,0.0,False,checkpoint_average
5xupre,tabm_specialists,3,1182,0.0,False,checkpoint_average
5xupre,scbutterfly_ops_b,3,1182,0.0,False,checkpoint_average
5xupre,resmlp_52head,3,1182,0.0,False,checkpoint_average
5xupre,multitab_pilot,3,1182,0.0,False,checkpoint_average
5xupre,midas_ops,3,1182,0.0,False,checkpoint_average
5xupre,scpair_ops,3,1182,0.0,False,checkpoint_average
5xupre,ridge,4,1332,0.0,False,checkpoint_average
5xupre,gbdt,4,1332,0.0,False,checkpoint_average
5xupre,catboost_multirmse,4,1332,0.0,False,checkpoint_average
5xupre,mlp,4,1332,0.0,False,checkpoint_average
5xupre,tabm_specialists,4,1332,0.0,False,checkpoint_average
5xupre,scbutterfly_ops_b,4,1332,0.0,False,checkpoint_average
5xupre,resmlp_52head,4,1332,0.0,False,checkpoint_average
5xupre,multitab_pilot,4,1332,0.0,False,checkpoint_average
5xupre,midas_ops,4,1332,0.0,False,checkpoint_average
5xupre,scpair_ops,4,1332,0.0,False,checkpoint_average
f-actin_phalloidin,ridge,0,211,0.0,False,checkpoint_average
f-actin_phalloidin,gbdt,0,211,0.0,False,checkpoint_average
f-actin_phalloidin,catboost_multirmse,0,211,0.0,False,checkpoint_average
f-actin_phalloidin,mlp,0,211,0.0,False,checkpoint_average
f-actin_phalloidin,tabm_specialists,0,211,0.0,False,checkpoint_average
f-actin_phalloidin,scbutterfly_ops_b,0,211,0.0,False,checkpoint_average
f-actin_phalloidin,resmlp_52head,0,211,0.0,False,checkpoint_average
f-actin_phalloidin,multitab_pilot,0,211,0.0,False,checkpoint_average
f-actin_phalloidin,midas_ops,0,211,0.0,False,checkpoint_average
f-actin_phalloidin,scpair_ops,0,211,0.0,False,checkpoint_average
f-actin_phalloidin,ridge,1,187,0.0,False,checkpoint_average
f-actin_phalloidin,gbdt,1,187,0.0,False,checkpoint_average
f-actin_phalloidin,catboost_multirmse,1,187,0.0,False,checkpoint_average
f-actin_phalloidin,mlp,1,187,0.0,False,checkpoint_average
f-actin_phalloidin,tabm_specialists,1,187,0.0,False,checkpoint_average
f-actin_phalloidin,scbutterfly_ops_b,1,187,0.0,False,checkpoint_average
f-actin_phalloidin,resmlp_52head,1,187,0.0,False,checkpoint_average
f-actin_phalloidin,multitab_pilot,1,187,0.0,False,checkpoint_average
f-actin_phalloidin,midas_ops,1,187,0.0,False,checkpoint_average
f-actin_phalloidin,scpair_ops,1,187,0.0,False,checkpoint_average
f-actin_phalloidin,ridge,2,183,0.0,False,checkpoint_average
f-actin_phalloidin,gbdt,2,183,0.0,False,checkpoint_average
f-actin_phalloidin,catboost_multirmse,2,183,0.0,False,checkpoint_average
f-actin_phalloidin,mlp,2,183,0.0,False,checkpoint_average
f-actin_phalloidin,tabm_specialists,2,183,0.0,False,checkpoint_average
f-actin_phalloidin,scbutterfly_ops_b,2,183,0.0,False,checkpoint_average
f-actin_phalloidin,resmlp_52head,2,183,0.0,False,checkpoint_average
f-actin_phalloidin,multitab_pilot,2,183,0.0,False,checkpoint_average
f-actin_phalloidin,midas_ops,2,183,0.0,False,checkpoint_average
f-actin_phalloidin,scpair_ops,2,183,0.0,False,checkpoint_average
f-actin_phalloidin,ridge,3,197,0.0,False,checkpoint_average
f-actin_phalloidin,gbdt,3,197,0.0,False,checkpoint_average
f-actin_phalloidin,catboost_multirmse,3,197,0.0,False,checkpoint_average
f-actin_phalloidin,mlp,3,197,0.0,False,checkpoint_average
f-actin_phalloidin,tabm_specialists,3,197,0.0,False,checkpoint_average
f-actin_phalloidin,scbutterfly_ops_b,3,197,0.0,False,checkpoint_average
f-actin_phalloidin,resmlp_52head,3,197,0.0,False,checkpoint_average
f-actin_phalloidin,multitab_pilot,3,197,0.0,False,checkpoint_average
f-actin_phalloidin,midas_ops,3,197,0.0,False,checkpoint_average
f-actin_phalloidin,scpair_ops,3,197,0.0,False,checkpoint_average
f-actin_phalloidin,ridge,4,222,0.0,False,checkpoint_average
f-actin_phalloidin,gbdt,4,222,0.0,False,checkpoint_average
f-actin_phalloidin,catboost_multirmse,4,222,0.0,False,checkpoint_average
f-actin_phalloidin,mlp,4,222,0.0,False,checkpoint_average
f-actin_phalloidin,tabm_specialists,4,222,0.0,False,checkpoint_average
f-actin_phalloidin,scbutterfly_ops_b,4,222,0.0,False,checkpoint_average
f-actin_phalloidin,resmlp_52head,4,222,0.0,False,checkpoint_average
f-actin_phalloidin,multitab_pilot,4,222,0.0,False,checkpoint_average
f-actin_phalloidin,midas_ops,4,222,0.0,False,checkpoint_average
f-actin_phalloidin,scpair_ops,4,222,0.0,False,checkpoint_average
mitochondria_tomm70a,ridge,0,422,0.0,False,checkpoint_average
mitochondria_tomm70a,gbdt,0,422,0.0,False,checkpoint_average
mitochondria_tomm70a,catboost_multirmse,0,422,0.0,False,checkpoint_average
mitochondria_tomm70a,mlp,0,422,0.0,False,checkpoint_average
mitochondria_tomm70a,tabm_specialists,0,422,0.0,False,checkpoint_average
mitochondria_tomm70a,scbutterfly_ops_b,0,422,0.0,False,checkpoint_average
mitochondria_tomm70a,resmlp_52head,0,422,0.0,False,checkpoint_average
mitochondria_tomm70a,multitab_pilot,0,422,0.0,False,checkpoint_average
mitochondria_tomm70a,midas_ops,0,422,0.0,False,checkpoint_average
mitochondria_tomm70a,scpair_ops,0,422,0.0,False,checkpoint_average
mitochondria_tomm70a,ridge,1,374,0.0,False,checkpoint_average
mitochondria_tomm70a,gbdt,1,374,0.0,False,checkpoint_average
mitochondria_tomm70a,catboost_multirmse,1,374,0.0,False,checkpoint_average
mitochondria_tomm70a,mlp,1,374,0.0,False,checkpoint_average
mitochondria_tomm70a,tabm_specialists,1,374,0.0,False,checkpoint_average
mitochondria_tomm70a,scbutterfly_ops_b,1,374,0.0,False,checkpoint_average
mitochondria_tomm70a,resmlp_52head,1,374,0.0,False,checkpoint_average
mitochondria_tomm70a,multitab_pilot,1,374,0.0,False,checkpoint_average
mitochondria_tomm70a,midas_ops,1,374,0.0,False,checkpoint_average
mitochondria_tomm70a,scpair_ops,1,374,0.0,False,checkpoint_average
mitochondria_tomm70a,ridge,2,366,0.0,False,checkpoint_average
mitochondria_tomm70a,gbdt,2,366,0.0,False,checkpoint_average
mitochondria_tomm70a,catboost_multirmse,2,366,0.0,False,checkpoint_average
mitochondria_tomm70a,mlp,2,366,0.0,False,checkpoint_average
mitochondria_tomm70a,tabm_specialists,2,366,0.0,False,checkpoint_average
mitochondria_tomm70a,scbutterfly_ops_b,2,366,0.0,False,checkpoint_average
mitochondria_tomm70a,resmlp_52head,2,366,0.0,False,checkpoint_average
mitochondria_tomm70a,multitab_pilot,2,366,0.0,False,checkpoint_average
mitochondria_tomm70a,midas_ops,2,366,0.0,False,checkpoint_average
mitochondria_tomm70a,scpair_ops,2,366,0.0,False,checkpoint_average
mitochondria_tomm70a,ridge,3,394,0.0,False,checkpoint_average
mitochondria_tomm70a,gbdt,3,394,0.0,False,checkpoint_average
mitochondria_tomm70a,catboost_multirmse,3,394,0.0,False,checkpoint_average
mitochondria_tomm70a,mlp,3,394,0.0,False,checkpoint_average
mitochondria_tomm70a,tabm_specialists,3,394,0.0,False,checkpoint_average
mitochondria_tomm70a,scbutterfly_ops_b,3,394,0.0,False,checkpoint_average
mitochondria_tomm70a,resmlp_52head,3,394,0.0,False,checkpoint_average
mitochondria_tomm70a,multitab_pilot,3,394,0.0,False,checkpoint_average
mitochondria_tomm70a,midas_ops,3,394,0.0,False,checkpoint_average
mitochondria_tomm70a,scpair_ops,3,394,0.0,False,checkpoint_average
mitochondria_tomm70a,ridge,4,444,0.0,False,checkpoint_average
mitochondria_tomm70a,gbdt,4,444,0.0,False,checkpoint_average
mitochondria_tomm70a,catboost_multirmse,4,444,0.0,False,checkpoint_average
mitochondria_tomm70a,mlp,4,444,0.0,False,checkpoint_average
mitochondria_tomm70a,tabm_specialists,4,444,0.0,False,checkpoint_average
mitochondria_tomm70a,scbutterfly_ops_b,4,444,0.0,False,checkpoint_average
mitochondria_tomm70a,resmlp_52head,4,444,0.0,False,checkpoint_average
mitochondria_tomm70a,multitab_pilot,4,444,0.0,False,checkpoint_average
mitochondria_tomm70a,midas_ops,4,444,0.0,False,checkpoint_average
mitochondria_tomm70a,scpair_ops,4,444,0.0,False,checkpoint_average
lysosome_lamp1,ridge,0,422,0.0,False,checkpoint_average
lysosome_lamp1,gbdt,0,422,0.0,False,checkpoint_average
lysosome_lamp1,catboost_multirmse,0,422,0.0,False,checkpoint_average
lysosome_lamp1,mlp,0,422,0.0,False,checkpoint_average
lysosome_lamp1,tabm_specialists,0,422,0.0,False,checkpoint_average
lysosome_lamp1,scbutterfly_ops_b,0,422,0.0,False,checkpoint_average
lysosome_lamp1,resmlp_52head,0,422,0.0,False,checkpoint_average
lysosome_lamp1,multitab_pilot,0,422,0.0,False,checkpoint_average
lysosome_lamp1,midas_ops,0,422,0.0,False,checkpoint_average
lysosome_lamp1,scpair_ops,0,422,0.0,False,checkpoint_average
lysosome_lamp1,ridge,1,374,0.0,False,checkpoint_average
lysosome_lamp1,gbdt,1,374,0.0,False,checkpoint_average
lysosome_lamp1,catboost_multirmse,1,374,0.0,False,checkpoint_average
lysosome_lamp1,mlp,1,374,0.0,False,checkpoint_average
lysosome_lamp1,tabm_specialists,1,374,0.0,False,checkpoint_average
lysosome_lamp1,scbutterfly_ops_b,1,374,0.0,False,checkpoint_average
lysosome_lamp1,resmlp_52head,1,374,0.0,False,checkpoint_average
lysosome_lamp1,multitab_pilot,1,374,0.0,False,checkpoint_average
lysosome_lamp1,midas_ops,1,374,0.0,False,checkpoint_average
lysosome_lamp1,scpair_ops,1,374,0.0,False,checkpoint_average
lysosome_lamp1,ridge,2,366,0.0,False,checkpoint_average
lysosome_lamp1,gbdt,2,366,0.0,False,checkpoint_average
lysosome_lamp1,catboost_multirmse,2,366,0.0,False,checkpoint_average
lysosome_lamp1,mlp,2,366,0.0,False,checkpoint_average
lysosome_lamp1,tabm_specialists,2,366,0.0,False,checkpoint_average
lysosome_lamp1,scbutterfly_ops_b,2,366,0.0,False,checkpoint_average
lysosome_lamp1,resmlp_52head,2,366,0.0,False,checkpoint_average
lysosome_lamp1,multitab_pilot,2,366,0.0,False,checkpoint_average
lysosome_lamp1,midas_ops,2,366,0.0,False,checkpoint_average
lysosome_lamp1,scpair_ops,2,366,0.0,False,checkpoint_average
lysosome_lamp1,ridge,3,394,0.0,False,checkpoint_average
lysosome_lamp1,gbdt,3,394,0.0,False,checkpoint_average
lysosome_lamp1,catboost_multirmse,3,394,0.0,False,checkpoint_average
lysosome_lamp1,mlp,3,394,0.0,False,checkpoint_average
lysosome_lamp1,tabm_specialists,3,394,0.0,False,checkpoint_average
lysosome_lamp1,scbutterfly_ops_b,3,394,0.0,False,checkpoint_average
lysosome_lamp1,resmlp_52head,3,394,0.0,False,checkpoint_average
lysosome_lamp1,multitab_pilot,3,394,0.0,False,checkpoint_average
lysosome_lamp1,midas_ops,3,394,0.0,False,checkpoint_average
lysosome_lamp1,scpair_ops,3,394,0.0,False,checkpoint_average
lysosome_lamp1,ridge,4,444,0.0,False,checkpoint_average
lysosome_lamp1,gbdt,4,444,0.0,False,checkpoint_average
lysosome_lamp1,catboost_multirmse,4,444,0.0,False,checkpoint_average
lysosome_lamp1,mlp,4,444,0.0,False,checkpoint_average
lysosome_lamp1,tabm_specialists,4,444,0.0,False,checkpoint_average
lysosome_lamp1,scbutterfly_ops_b,4,444,0.0,False,checkpoint_average
lysosome_lamp1,resmlp_52head,4,444,0.0,False,checkpoint_average
lysosome_lamp1,multitab_pilot,4,444,0.0,False,checkpoint_average
lysosome_lamp1,midas_ops,4,444,0.0,False,checkpoint_average
lysosome_lamp1,scpair_ops,4,444,0.0,False,checkpoint_average
autophagosome_atg101,ridge,0,422,0.0,False,checkpoint_average
autophagosome_atg101,gbdt,0,422,0.0,False,checkpoint_average
autophagosome_atg101,catboost_multirmse,0,422,0.0,False,checkpoint_average
autophagosome_atg101,mlp,0,422,0.0,False,checkpoint_average
autophagosome_atg101,tabm_specialists,0,422,0.0,False,checkpoint_average
autophagosome_atg101,scbutterfly_ops_b,0,422,0.0,False,checkpoint_average
autophagosome_atg101,resmlp_52head,0,422,0.0,False,checkpoint_average
autophagosome_atg101,multitab_pilot,0,422,0.0,False,checkpoint_average
autophagosome_atg101,midas_ops,0,422,0.0,False,checkpoint_average
autophagosome_atg101,scpair_ops,0,422,0.0,False,checkpoint_average
autophagosome_atg101,ridge,1,374,0.0,False,checkpoint_average
autophagosome_atg101,gbdt,1,374,0.0,False,checkpoint_average
autophagosome_atg101,catboost_multirmse,1,374,0.0,False,checkpoint_average
autophagosome_atg101,mlp,1,374,0.0,False,checkpoint_average
autophagosome_atg101,tabm_specialists,1,374,0.0,False,checkpoint_average
autophagosome_atg101,scbutterfly_ops_b,1,374,0.0,False,checkpoint_average
autophagosome_atg101,resmlp_52head,1,374,0.0,False,checkpoint_average
autophagosome_atg101,multitab_pilot,1,374,0.0,False,checkpoint_average
autophagosome_atg101,midas_ops,1,374,0.0,False,checkpoint_average
autophagosome_atg101,scpair_ops,1,374,0.0,False,checkpoint_average
autophagosome_atg101,ridge,2,366,0.0,False,checkpoint_average
autophagosome_atg101,gbdt,2,366,0.0,False,checkpoint_average
autophagosome_atg101,catboost_multirmse,2,366,0.0,False,checkpoint_average
autophagosome_atg101,mlp,2,366,0.0,False,checkpoint_average
autophagosome_atg101,tabm_specialists,2,366,0.0,False,checkpoint_average
autophagosome_atg101,scbutterfly_ops_b,2,366,0.0,False,checkpoint_average
autophagosome_atg101,resmlp_52head,2,366,0.0,False,checkpoint_average
autophagosome_atg101,multitab_pilot,2,366,0.0,False,checkpoint_average
autophagosome_atg101,midas_ops,2,366,0.0,False,checkpoint_average
autophagosome_atg101,scpair_ops,2,366,0.0,False,checkpoint_average
autophagosome_atg101,ridge,3,394,0.0,False,checkpoint_average
autophagosome_atg101,gbdt,3,394,0.0,False,checkpoint_average
autophagosome_atg101,catboost_multirmse,3,394,0.0,False,checkpoint_average
autophagosome_atg101,mlp,3,394,0.0,False,checkpoint_average
autophagosome_atg101,tabm_specialists,3,394,0.0,False,checkpoint_average
autophagosome_atg101,scbutterfly_ops_b,3,394,0.0,False,checkpoint_average
autophagosome_atg101,resmlp_52head,3,394,0.0,False,checkpoint_average
autophagosome_atg101,multitab_pilot,3,394,0.0,False,checkpoint_average
autophagosome_atg101,midas_ops,3,394,0.0,False,checkpoint_average
autophagosome_atg101,scpair_ops,3,394,0.0,False,checkpoint_average
autophagosome_atg101,ridge,4,444,0.0,False,checkpoint_average
autophagosome_atg101,gbdt,4,444,0.0,False,checkpoint_average
autophagosome_atg101,catboost_multirmse,4,444,0.0,False,checkpoint_average
autophagosome_atg101,mlp,4,444,0.0,False,checkpoint_average
autophagosome_atg101,tabm_specialists,4,444,0.0,False,checkpoint_average
autophagosome_atg101,scbutterfly_ops_b,4,444,0.0,False,checkpoint_average
autophagosome_atg101,resmlp_52head,4,444,0.0,False,checkpoint_average
autophagosome_atg101,multitab_pilot,4,444,0.0,False,checkpoint_average
autophagosome_atg101,midas_ops,4,444,0.0,False,checkpoint_average
autophagosome_atg101,scpair_ops,4,444,0.0,False,checkpoint_average
nuclear_speckles_srrm2,ridge,0,422,0.0,False,checkpoint_average
nuclear_speckles_srrm2,gbdt,0,422,0.0,False,checkpoint_average
nuclear_speckles_srrm2,catboost_multirmse,0,422,0.0,False,checkpoint_average
nuclear_speckles_srrm2,mlp,0,422,0.0,False,checkpoint_average
nuclear_speckles_srrm2,tabm_specialists,0,422,0.0,False,checkpoint_average
nuclear_speckles_srrm2,scbutterfly_ops_b,0,422,0.0,False,checkpoint_average
nuclear_speckles_srrm2,resmlp_52head,0,422,0.0,False,checkpoint_average
nuclear_speckles_srrm2,multitab_pilot,0,422,0.0,False,checkpoint_average
nuclear_speckles_srrm2,midas_ops,0,422,0.0,False,checkpoint_average
nuclear_speckles_srrm2,scpair_ops,0,422,0.0,False,checkpoint_average
nuclear_speckles_srrm2,ridge,1,374,0.0,False,checkpoint_average
nuclear_speckles_srrm2,gbdt,1,374,0.0,False,checkpoint_average
nuclear_speckles_srrm2,catboost_multirmse,1,374,0.0,False,checkpoint_average
nuclear_speckles_srrm2,mlp,1,374,0.0,False,checkpoint_average
nuclear_speckles_srrm2,tabm_specialists,1,374,0.0,False,checkpoint_average
nuclear_speckles_srrm2,scbutterfly_ops_b,1,374,0.0,False,checkpoint_average
nuclear_speckles_srrm2,resmlp_52head,1,374,0.0,False,checkpoint_average
nuclear_speckles_srrm2,multitab_pilot,1,374,0.0,False,checkpoint_average
nuclear_speckles_srrm2,midas_ops,1,374,0.0,False,checkpoint_average
nuclear_speckles_srrm2,scpair_ops,1,374,0.0,False,checkpoint_average
nuclear_speckles_srrm2,ridge,2,366,0.0,False,checkpoint_average
nuclear_speckles_srrm2,gbdt,2,366,0.0,False,checkpoint_average
nuclear_speckles_srrm2,catboost_multirmse,2,366,0.0,False,checkpoint_average
nuclear_speckles_srrm2,mlp,2,366,0.0,False,checkpoint_average
nuclear_speckles_srrm2,tabm_specialists,2,366,0.0,False,checkpoint_average
nuclear_speckles_srrm2,scbutterfly_ops_b,2,366,0.0,False,checkpoint_average
nuclear_speckles_srrm2,resmlp_52head,2,366,0.0,False,checkpoint_average
nuclear_speckles_srrm2,multitab_pilot,2,366,0.0,False,checkpoint_average
nuclear_speckles_srrm2,midas_ops,2,366,0.0,False,checkpoint_average
nuclear_speckles_srrm2,scpair_ops,2,366,0.0,False,checkpoint_average
nuclear_speckles_srrm2,ridge,3,394,0.0,False,checkpoint_average
nuclear_speckles_srrm2,gbdt,3,394,0.0,False,checkpoint_average
nuclear_speckles_srrm2,catboost_multirmse,3,394,0.0,False,checkpoint_average
nuclear_speckles_srrm2,mlp,3,394,0.0,False,checkpoint_average
nuclear_speckles_srrm2,tabm_specialists,3,394,0.0,False,checkpoint_average
nuclear_speckles_srrm2,scbutterfly_ops_b,3,394,0.0,False,checkpoint_average
nuclear_speckles_srrm2,resmlp_52head,3,394,0.0,False,checkpoint_average
nuclear_speckles_srrm2,multitab_pilot,3,394,0.0,False,checkpoint_average
nuclear_speckles_srrm2,midas_ops,3,394,0.0,False,checkpoint_average
nuclear_speckles_srrm2,scpair_ops,3,394,0.0,False,checkpoint_average
nuclear_speckles_srrm2,ridge,4,444,0.0,False,checkpoint_average
nuclear_speckles_srrm2,gbdt,4,444,0.0,False,checkpoint_average
nuclear_speckles_srrm2,catboost_multirmse,4,444,0.0,False,checkpoint_average
nuclear_speckles_srrm2,mlp,4,444,0.0,False,checkpoint_average
nuclear_speckles_srrm2,tabm_specialists,4,444,0.0,False,checkpoint_average
nuclear_speckles_srrm2,scbutterfly_ops_b,4,444,0.0,False,checkpoint_average
nuclear_speckles_srrm2,resmlp_52head,4,444,0.0,False,checkpoint_average
nuclear_speckles_srrm2,multitab_pilot,4,444,0.0,False,checkpoint_average
nuclear_speckles_srrm2,midas_ops,4,444,0.0,False,checkpoint_average
nuclear_speckles_srrm2,scpair_ops,4,444,0.0,False,checkpoint_average
proteasome_psmb7,ridge,0,422,0.0,False,checkpoint_average
proteasome_psmb7,gbdt,0,422,0.0,False,checkpoint_average
proteasome_psmb7,catboost_multirmse,0,422,0.0,False,checkpoint_average
proteasome_psmb7,mlp,0,422,0.0,False,checkpoint_average
proteasome_psmb7,tabm_specialists,0,422,0.0,False,checkpoint_average
proteasome_psmb7,scbutterfly_ops_b,0,422,0.0,False,checkpoint_average
proteasome_psmb7,resmlp_52head,0,422,0.0,False,checkpoint_average
proteasome_psmb7,multitab_pilot,0,422,0.0,False,checkpoint_average
proteasome_psmb7,midas_ops,0,422,0.0,False,checkpoint_average
proteasome_psmb7,scpair_ops,0,422,0.0,False,checkpoint_average
proteasome_psmb7,ridge,1,374,0.0,False,checkpoint_average
proteasome_psmb7,gbdt,1,374,0.0,False,checkpoint_average
proteasome_psmb7,catboost_multirmse,1,374,0.0,False,checkpoint_average
proteasome_psmb7,mlp,1,374,0.0,False,checkpoint_average
proteasome_psmb7,tabm_specialists,1,374,0.0,False,checkpoint_average
proteasome_psmb7,scbutterfly_ops_b,1,374,0.0,False,checkpoint_average
proteasome_psmb7,resmlp_52head,1,374,0.0,False,checkpoint_average
proteasome_psmb7,multitab_pilot,1,374,0.0,False,checkpoint_average
proteasome_psmb7,midas_ops,1,374,0.0,False,checkpoint_average
proteasome_psmb7,scpair_ops,1,374,0.0,False,checkpoint_average
proteasome_psmb7,ridge,2,366,0.0,False,checkpoint_average
proteasome_psmb7,gbdt,2,366,0.0,False,checkpoint_average
proteasome_psmb7,catboost_multirmse,2,366,0.0,False,checkpoint_average
proteasome_psmb7,mlp,2,366,0.0,False,checkpoint_average
proteasome_psmb7,tabm_specialists,2,366,0.0,False,checkpoint_average
proteasome_psmb7,scbutterfly_ops_b,2,366,0.0,False,checkpoint_average
proteasome_psmb7,resmlp_52head,2,366,0.0,False,checkpoint_average
proteasome_psmb7,multitab_pilot,2,366,0.0,False,checkpoint_average
proteasome_psmb7,midas_ops,2,366,0.0,False,checkpoint_average
proteasome_psmb7,scpair_ops,2,366,0.0,False,checkpoint_average
proteasome_psmb7,ridge,3,394,0.0,False,checkpoint_average
proteasome_psmb7,gbdt,3,394,0.0,False,checkpoint_average
proteasome_psmb7,catboost_multirmse,3,394,0.0,False,checkpoint_average
proteasome_psmb7,mlp,3,394,0.0,False,checkpoint_average
proteasome_psmb7,tabm_specialists,3,394,0.0,False,checkpoint_average
proteasome_psmb7,scbutterfly_ops_b,3,394,0.0,False,checkpoint_average
proteasome_psmb7,resmlp_52head,3,394,0.0,False,checkpoint_average
proteasome_psmb7,multitab_pilot,3,394,0.0,False,checkpoint_average
proteasome_psmb7,midas_ops,3,394,0.0,False,checkpoint_average
proteasome_psmb7,scpair_ops,3,394,0.0,False,checkpoint_average
proteasome_psmb7,ridge,4,444,0.0,False,checkpoint_average
proteasome_psmb7,gbdt,4,444,0.0,False,checkpoint_average
proteasome_psmb7,catboost_multirmse,4,444,0.0,False,checkpoint_average
proteasome_psmb7,mlp,4,444,0.0,False,checkpoint_average
proteasome_psmb7,tabm_specialists,4,444,0.0,False,checkpoint_average
proteasome_psmb7,scbutterfly_ops_b,4,444,0.0,False,checkpoint_average
proteasome_psmb7,resmlp_52head,4,444,0.0,False,checkpoint_average
proteasome_psmb7,multitab_pilot,4,444,0.0,False,checkpoint_average
proteasome_psmb7,midas_ops,4,444,0.0,False,checkpoint_average
proteasome_psmb7,scpair_ops,4,444,0.0,False,checkpoint_average
oxidative_stress_cellrox_live-cell_dye,ridge,0,422,0.0,False,checkpoint_average
oxidative_stress_cellrox_live-cell_dye,gbdt,0,422,0.0,False,checkpoint_average
oxidative_stress_cellrox_live-cell_dye,catboost_multirmse,0,422,0.0,False,checkpoint_average
oxidative_stress_cellrox_live-cell_dye,mlp,0,422,0.0,False,checkpoint_average
oxidative_stress_cellrox_live-cell_dye,tabm_specialists,0,422,0.0,False,checkpoint_average
oxidative_stress_cellrox_live-cell_dye,scbutterfly_ops_b,0,422,0.0,False,checkpoint_average
oxidative_stress_cellrox_live-cell_dye,resmlp_52head,0,422,0.0,False,checkpoint_average
oxidative_stress_cellrox_live-cell_dye,multitab_pilot,0,422,0.0,False,checkpoint_average
oxidative_stress_cellrox_live-cell_dye,midas_ops,0,422,0.0,False,checkpoint_average
oxidative_stress_cellrox_live-cell_dye,scpair_ops,0,422,0.0,False,checkpoint_average
oxidative_stress_cellrox_live-cell_dye,ridge,1,374,0.0,False,checkpoint_average
oxidative_stress_cellrox_live-cell_dye,gbdt,1,374,0.0,False,checkpoint_average
oxidative_stress_cellrox_live-cell_dye,catboost_multirmse,1,374,0.0,False,checkpoint_average
oxidative_stress_cellrox_live-cell_dye,mlp,1,374,0.0,False,checkpoint_average
oxidative_stress_cellrox_live-cell_dye,tabm_specialists,1,374,0.0,False,checkpoint_average
oxidative_stress_cellrox_live-cell_dye,scbutterfly_ops_b,1,374,0.0,False,checkpoint_average
oxidative_stress_cellrox_live-cell_dye,resmlp_52head,1,374,0.0,False,checkpoint_average
oxidative_stress_cellrox_live-cell_dye,multitab_pilot,1,374,0.0,False,checkpoint_average
oxidative_stress_cellrox_live-cell_dye,midas_ops,1,374,0.0,False,checkpoint_average
oxidative_stress_cellrox_live-cell_dye,scpair_ops,1,374,0.0,False,checkpoint_average
oxidative_stress_cellrox_live-cell_dye,ridge,2,366,0.0,False,checkpoint_average
oxidative_stress_cellrox_live-cell_dye,gbdt,2,366,0.0,False,checkpoint_average
oxidative_stress_cellrox_live-cell_dye,catboost_multirmse,2,366,0.0,False,checkpoint_average
oxidative_stress_cellrox_live-cell_dye,mlp,2,366,0.0,False,checkpoint_average
oxidative_stress_cellrox_live-cell_dye,tabm_specialists,2,366,0.0,False,checkpoint_average
oxidative_stress_cellrox_live-cell_dye,scbutterfly_ops_b,2,366,0.0,False,checkpoint_average
oxidative_stress_cellrox_live-cell_dye,resmlp_52head,2,366,0.0,False,checkpoint_average
oxidative_stress_cellrox_live-cell_dye,multitab_pilot,2,366,0.0,False,checkpoint_average
oxidative_stress_cellrox_live-cell_dye,midas_ops,2,366,0.0,False,checkpoint_average
oxidative_stress_cellrox_live-cell_dye,scpair_ops,2,366,0.0,False,checkpoint_average
oxidative_stress_cellrox_live-cell_dye,ridge,3,394,0.0,False,checkpoint_average
oxidative_stress_cellrox_live-cell_dye,gbdt,3,394,0.0,False,checkpoint_average
oxidative_stress_cellrox_live-cell_dye,catboost_multirmse,3,394,0.0,False,checkpoint_average
oxidative_stress_cellrox_live-cell_dye,mlp,3,394,0.0,False,checkpoint_average
oxidative_stress_cellrox_live-cell_dye,tabm_specialists,3,394,0.0,False,checkpoint_average
oxidative_stress_cellrox_live-cell_dye,scbutterfly_ops_b,3,394,0.0,False,checkpoint_average
oxidative_stress_cellrox_live-cell_dye,resmlp_52head,3,394,0.0,False,checkpoint_average
oxidative_stress_cellrox_live-cell_dye,multitab_pilot,3,394,0.0,False,checkpoint_average
oxidative_stress_cellrox_live-cell_dye,midas_ops,3,394,0.0,False,checkpoint_average
oxidative_stress_cellrox_live-cell_dye,scpair_ops,3,394,0.0,False,checkpoint_average
oxidative_stress_cellrox_live-cell_dye,ridge,4,444,0.0,False,checkpoint_average
oxidative_stress_cellrox_live-cell_dye,gbdt,4,444,0.0,False,checkpoint_average
oxidative_stress_cellrox_live-cell_dye,catboost_multirmse,4,444,0.0,False,checkpoint_average
oxidative_stress_cellrox_live-cell_dye,mlp,4,444,0.0,False,checkpoint_average
oxidative_stress_cellrox_live-cell_dye,tabm_specialists,4,444,0.0,False,checkpoint_average
oxidative_stress_cellrox_live-cell_dye,scbutterfly_ops_b,4,444,0.0,False,checkpoint_average
oxidative_stress_cellrox_live-cell_dye,resmlp_52head,4,444,0.0,False,checkpoint_average
oxidative_stress_cellrox_live-cell_dye,multitab_pilot,4,444,0.0,False,checkpoint_average
oxidative_stress_cellrox_live-cell_dye,midas_ops,4,444,0.0,False,checkpoint_average
oxidative_stress_cellrox_live-cell_dye,scpair_ops,4,444,0.0,False,checkpoint_average
er_ncln,ridge,0,211,0.0,False,checkpoint_average
er_ncln,gbdt,0,211,0.0,False,checkpoint_average
er_ncln,catboost_multirmse,0,211,0.0,False,checkpoint_average
er_ncln,mlp,0,211,0.0,False,checkpoint_average
er_ncln,tabm_specialists,0,211,0.0,False,checkpoint_average
er_ncln,scbutterfly_ops_b,0,211,0.0,False,checkpoint_average
er_ncln,resmlp_52head,0,211,0.0,False,checkpoint_average
er_ncln,multitab_pilot,0,211,0.0,False,checkpoint_average
er_ncln,midas_ops,0,211,0.0,False,checkpoint_average
er_ncln,scpair_ops,0,211,0.0,False,checkpoint_average
er_ncln,ridge,1,187,0.0,False,checkpoint_average
er_ncln,gbdt,1,187,0.0,False,checkpoint_average
er_ncln,catboost_multirmse,1,187,0.0,False,checkpoint_average
er_ncln,mlp,1,187,0.0,False,checkpoint_average
er_ncln,tabm_specialists,1,187,0.0,False,checkpoint_average
er_ncln,scbutterfly_ops_b,1,187,0.0,False,checkpoint_average
er_ncln,resmlp_52head,1,187,0.0,False,checkpoint_average
er_ncln,multitab_pilot,1,187,0.0,False,checkpoint_average
er_ncln,midas_ops,1,187,0.0,False,checkpoint_average
er_ncln,scpair_ops,1,187,0.0,False,checkpoint_average
er_ncln,ridge,2,183,0.0,False,checkpoint_average
er_ncln,gbdt,2,183,0.0,False,checkpoint_average
er_ncln,catboost_multirmse,2,183,0.0,False,checkpoint_average
er_ncln,mlp,2,183,0.0,False,checkpoint_average
er_ncln,tabm_specialists,2,183,0.0,False,checkpoint_average
er_ncln,scbutterfly_ops_b,2,183,0.0,False,checkpoint_average
er_ncln,resmlp_52head,2,183,0.0,False,checkpoint_average
er_ncln,multitab_pilot,2,183,0.0,False,checkpoint_average
er_ncln,midas_ops,2,183,0.0,False,checkpoint_average
er_ncln,scpair_ops,2,183,0.0,False,checkpoint_average
er_ncln,ridge,3,197,0.0,False,checkpoint_average
er_ncln,gbdt,3,197,0.0,False,checkpoint_average
er_ncln,catboost_multirmse,3,197,0.0,False,checkpoint_average
er_ncln,mlp,3,197,0.0,False,checkpoint_average
er_ncln,tabm_specialists,3,197,0.0,False,checkpoint_average
er_ncln,scbutterfly_ops_b,3,197,0.0,False,checkpoint_average
er_ncln,resmlp_52head,3,197,0.0,False,checkpoint_average
er_ncln,multitab_pilot,3,197,0.0,False,checkpoint_average
er_ncln,midas_ops,3,197,0.0,False,checkpoint_average
er_ncln,scpair_ops,3,197,0.0,False,checkpoint_average
er_ncln,ridge,4,222,0.0,False,checkpoint_average
er_ncln,gbdt,4,222,0.0,False,checkpoint_average
er_ncln,catboost_multirmse,4,222,0.0,False,checkpoint_average
er_ncln,mlp,4,222,0.0,False,checkpoint_average
er_ncln,tabm_specialists,4,222,0.0,False,checkpoint_average
er_ncln,scbutterfly_ops_b,4,222,0.0,False,checkpoint_average
er_ncln,resmlp_52head,4,222,0.0,False,checkpoint_average
er_ncln,multitab_pilot,4,222,0.0,False,checkpoint_average
er_ncln,midas_ops,4,222,0.0,False,checkpoint_average
er_ncln,scpair_ops,4,222,0.0,False,checkpoint_average
trans-golgi_vamp3,ridge,0,422,0.0,False,checkpoint_average
trans-golgi_vamp3,gbdt,0,422,0.0,False,checkpoint_average
trans-golgi_vamp3,catboost_multirmse,0,422,0.0,False,checkpoint_average
trans-golgi_vamp3,mlp,0,422,0.0,False,checkpoint_average
trans-golgi_vamp3,tabm_specialists,0,422,0.0,False,checkpoint_average
trans-golgi_vamp3,scbutterfly_ops_b,0,422,0.0,False,checkpoint_average
trans-golgi_vamp3,resmlp_52head,0,422,0.0,False,checkpoint_average
trans-golgi_vamp3,multitab_pilot,0,422,0.0,False,checkpoint_average
trans-golgi_vamp3,midas_ops,0,422,0.0,False,checkpoint_average
trans-golgi_vamp3,scpair_ops,0,422,0.0,False,checkpoint_average
trans-golgi_vamp3,ridge,1,374,0.0,False,checkpoint_average
trans-golgi_vamp3,gbdt,1,374,0.0,False,checkpoint_average
trans-golgi_vamp3,catboost_multirmse,1,374,0.0,False,checkpoint_average
trans-golgi_vamp3,mlp,1,374,0.0,False,checkpoint_average
trans-golgi_vamp3,tabm_specialists,1,374,0.0,False,checkpoint_average
trans-golgi_vamp3,scbutterfly_ops_b,1,374,0.0,False,checkpoint_average
trans-golgi_vamp3,resmlp_52head,1,374,0.0,False,checkpoint_average
trans-golgi_vamp3,multitab_pilot,1,374,0.0,False,checkpoint_average
trans-golgi_vamp3,midas_ops,1,374,0.0,False,checkpoint_average
trans-golgi_vamp3,scpair_ops,1,374,0.0,False,checkpoint_average
trans-golgi_vamp3,ridge,2,366,0.0,False,checkpoint_average
trans-golgi_vamp3,gbdt,2,366,0.0,False,checkpoint_average
trans-golgi_vamp3,catboost_multirmse,2,366,0.0,False,checkpoint_average
trans-golgi_vamp3,mlp,2,366,0.0,False,checkpoint_average
trans-golgi_vamp3,tabm_specialists,2,366,0.0,False,checkpoint_average
trans-golgi_vamp3,scbutterfly_ops_b,2,366,0.0,False,checkpoint_average
trans-golgi_vamp3,resmlp_52head,2,366,0.0,False,checkpoint_average
trans-golgi_vamp3,multitab_pilot,2,366,0.0,False,checkpoint_average
trans-golgi_vamp3,midas_ops,2,366,0.0,False,checkpoint_average
trans-golgi_vamp3,scpair_ops,2,366,0.0,False,checkpoint_average
trans-golgi_vamp3,ridge,3,394,0.0,False,checkpoint_average
trans-golgi_vamp3,gbdt,3,394,0.0,False,checkpoint_average
trans-golgi_vamp3,catboost_multirmse,3,394,0.0,False,checkpoint_average
trans-golgi_vamp3,mlp,3,394,0.0,False,checkpoint_average
trans-golgi_vamp3,tabm_specialists,3,394,0.0,False,checkpoint_average
trans-golgi_vamp3,scbutterfly_ops_b,3,394,0.0,False,checkpoint_average
trans-golgi_vamp3,resmlp_52head,3,394,0.0,False,checkpoint_average
trans-golgi_vamp3,multitab_pilot,3,394,0.0,False,checkpoint_average
trans-golgi_vamp3,midas_ops,3,394,0.0,False,checkpoint_average
trans-golgi_vamp3,scpair_ops,3,394,0.0,False,checkpoint_average
trans-golgi_vamp3,ridge,4,444,0.0,False,checkpoint_average
trans-golgi_vamp3,gbdt,4,444,0.0,False,checkpoint_average
trans-golgi_vamp3,catboost_multirmse,4,444,0.0,False,checkpoint_average
trans-golgi_vamp3,mlp,4,444,0.0,False,checkpoint_average
trans-golgi_vamp3,tabm_specialists,4,444,0.0,False,checkpoint_average
trans-golgi_vamp3,scbutterfly_ops_b,4,444,0.0,False,checkpoint_average
trans-golgi_vamp3,resmlp_52head,4,444,0.0,False,checkpoint_average
trans-golgi_vamp3,multitab_pilot,4,444,0.0,False,checkpoint_average
trans-golgi_vamp3,midas_ops,4,444,0.0,False,checkpoint_average
trans-golgi_vamp3,scpair_ops,4,444,0.0,False,checkpoint_average
p21,ridge,0,211,0.0,False,checkpoint_average
p21,gbdt,0,211,0.0,False,checkpoint_average
p21,catboost_multirmse,0,211,0.0,False,checkpoint_average
p21,mlp,0,211,0.0,False,checkpoint_average
p21,tabm_specialists,0,211,0.0,False,checkpoint_average
p21,scbutterfly_ops_b,0,211,0.0,False,checkpoint_average
p21,resmlp_52head,0,211,0.0,False,checkpoint_average
p21,multitab_pilot,0,211,0.0,False,checkpoint_average
p21,midas_ops,0,211,0.0,False,checkpoint_average
p21,scpair_ops,0,211,0.0,False,checkpoint_average
p21,ridge,1,187,0.0,False,checkpoint_average
p21,gbdt,1,187,0.0,False,checkpoint_average
p21,catboost_multirmse,1,187,0.0,False,checkpoint_average
p21,mlp,1,187,0.0,False,checkpoint_average
p21,tabm_specialists,1,187,0.0,False,checkpoint_average
p21,scbutterfly_ops_b,1,187,0.0,False,checkpoint_average
p21,resmlp_52head,1,187,0.0,False,checkpoint_average
p21,multitab_pilot,1,187,0.0,False,checkpoint_average
p21,midas_ops,1,187,0.0,False,checkpoint_average
p21,scpair_ops,1,187,0.0,False,checkpoint_average
p21,ridge,2,183,0.0,False,checkpoint_average
p21,gbdt,2,183,0.0,False,checkpoint_average
p21,catboost_multirmse,2,183,0.0,False,checkpoint_average
p21,mlp,2,183,0.0,False,checkpoint_average
p21,tabm_specialists,2,183,0.0,False,checkpoint_average
p21,scbutterfly_ops_b,2,183,0.0,False,checkpoint_average
p21,resmlp_52head,2,183,0.0,False,checkpoint_average
p21,multitab_pilot,2,183,0.0,False,checkpoint_average
p21,midas_ops,2,183,0.0,False,checkpoint_average
p21,scpair_ops,2,183,0.0,False,checkpoint_average
p21,ridge,3,197,0.0,False,checkpoint_average
p21,gbdt,3,197,0.0,False,checkpoint_average
p21,catboost_multirmse,3,197,0.0,False,checkpoint_average
p21,mlp,3,197,0.0,False,checkpoint_average
p21,tabm_specialists,3,197,0.0,False,checkpoint_average
p21,scbutterfly_ops_b,3,197,0.0,False,checkpoint_average
p21,resmlp_52head,3,197,0.0,False,checkpoint_average
p21,multitab_pilot,3,197,0.0,False,checkpoint_average
p21,midas_ops,3,197,0.0,False,checkpoint_average
p21,scpair_ops,3,197,0.0,False,checkpoint_average
p21,ridge,4,222,0.0,False,checkpoint_average
p21,gbdt,4,222,0.0,False,checkpoint_average
p21,catboost_multirmse,4,222,0.0,False,checkpoint_average
p21,mlp,4,222,0.0,False,checkpoint_average
p21,tabm_specialists,4,222,0.0,False,checkpoint_average
p21,scbutterfly_ops_b,4,222,0.0,False,checkpoint_average
p21,resmlp_52head,4,222,0.0,False,checkpoint_average
p21,multitab_pilot,4,222,0.0,False,checkpoint_average
p21,midas_ops,4,222,0.0,False,checkpoint_average
p21,scpair_ops,4,222,0.0,False,checkpoint_average
mitochondria_tomm20,ridge,0,211,0.0,False,checkpoint_average
mitochondria_tomm20,gbdt,0,211,0.0,False,checkpoint_average
mitochondria_tomm20,catboost_multirmse,0,211,0.0,False,checkpoint_average
mitochondria_tomm20,mlp,0,211,0.0,False,checkpoint_average
mitochondria_tomm20,tabm_specialists,0,211,0.0,False,checkpoint_average
mitochondria_tomm20,scbutterfly_ops_b,0,211,0.0,False,checkpoint_average
mitochondria_tomm20,resmlp_52head,0,211,0.0,False,checkpoint_average
mitochondria_tomm20,multitab_pilot,0,211,0.0,False,checkpoint_average
mitochondria_tomm20,midas_ops,0,211,0.0,False,checkpoint_average
mitochondria_tomm20,scpair_ops,0,211,0.0,False,checkpoint_average
mitochondria_tomm20,ridge,1,187,0.0,False,checkpoint_average
mitochondria_tomm20,gbdt,1,187,0.0,False,checkpoint_average
mitochondria_tomm20,catboost_multirmse,1,187,0.0,False,checkpoint_average
mitochondria_tomm20,mlp,1,187,0.0,False,checkpoint_average
mitochondria_tomm20,tabm_specialists,1,187,0.0,False,checkpoint_average
mitochondria_tomm20,scbutterfly_ops_b,1,187,0.0,False,checkpoint_average
mitochondria_tomm20,resmlp_52head,1,187,0.0,False,checkpoint_average
mitochondria_tomm20,multitab_pilot,1,187,0.0,False,checkpoint_average
mitochondria_tomm20,midas_ops,1,187,0.0,False,checkpoint_average
mitochondria_tomm20,scpair_ops,1,187,0.0,False,checkpoint_average
mitochondria_tomm20,ridge,2,183,0.0,False,checkpoint_average
mitochondria_tomm20,gbdt,2,183,0.0,False,checkpoint_average
mitochondria_tomm20,catboost_multirmse,2,183,0.0,False,checkpoint_average
mitochondria_tomm20,mlp,2,183,0.0,False,checkpoint_average
mitochondria_tomm20,tabm_specialists,2,183,0.0,False,checkpoint_average
mitochondria_tomm20,scbutterfly_ops_b,2,183,0.0,False,checkpoint_average
mitochondria_tomm20,resmlp_52head,2,183,0.0,False,checkpoint_average
mitochondria_tomm20,multitab_pilot,2,183,0.0,False,checkpoint_average
mitochondria_tomm20,midas_ops,2,183,0.0,False,checkpoint_average
mitochondria_tomm20,scpair_ops,2,183,0.0,False,checkpoint_average
mitochondria_tomm20,ridge,3,197,0.0,False,checkpoint_average
mitochondria_tomm20,gbdt,3,197,0.0,False,checkpoint_average
mitochondria_tomm20,catboost_multirmse,3,197,0.0,False,checkpoint_average
mitochondria_tomm20,mlp,3,197,0.0,False,checkpoint_average
mitochondria_tomm20,tabm_specialists,3,197,0.0,False,checkpoint_average
mitochondria_tomm20,scbutterfly_ops_b,3,197,0.0,False,checkpoint_average
mitochondria_tomm20,resmlp_52head,3,197,0.0,False,checkpoint_average
mitochondria_tomm20,multitab_pilot,3,197,0.0,False,checkpoint_average
mitochondria_tomm20,midas_ops,3,197,0.0,False,checkpoint_average
mitochondria_tomm20,scpair_ops,3,197,0.0,False,checkpoint_average
mitochondria_tomm20,ridge,4,222,0.0,False,checkpoint_average
mitochondria_tomm20,gbdt,4,222,0.0,False,checkpoint_average
mitochondria_tomm20,catboost_multirmse,4,222,0.0,False,checkpoint_average
mitochondria_tomm20,mlp,4,222,0.0,False,checkpoint_average
mitochondria_tomm20,tabm_specialists,4,222,0.0,False,checkpoint_average
mitochondria_tomm20,scbutterfly_ops_b,4,222,0.0,False,checkpoint_average
mitochondria_tomm20,resmlp_52head,4,222,0.0,False,checkpoint_average
mitochondria_tomm20,multitab_pilot,4,222,0.0,False,checkpoint_average
mitochondria_tomm20,midas_ops,4,222,0.0,False,checkpoint_average
mitochondria_tomm20,scpair_ops,4,222,0.0,False,checkpoint_average
p53,ridge,0,211,0.0,False,checkpoint_average
p53,gbdt,0,211,0.0,False,checkpoint_average
p53,catboost_multirmse,0,211,0.0,False,checkpoint_average
p53,mlp,0,211,0.0,False,checkpoint_average
p53,tabm_specialists,0,211,0.0,False,checkpoint_average
p53,scbutterfly_ops_b,0,211,0.0,False,checkpoint_average
p53,resmlp_52head,0,211,0.0,False,checkpoint_average
p53,multitab_pilot,0,211,0.0,False,checkpoint_average
p53,midas_ops,0,211,0.0,False,checkpoint_average
p53,scpair_ops,0,211,0.0,False,checkpoint_average
p53,ridge,1,187,0.0,False,checkpoint_average
p53,gbdt,1,187,0.0,False,checkpoint_average
p53,catboost_multirmse,1,187,0.0,False,checkpoint_average
p53,mlp,1,187,0.0,False,checkpoint_average
p53,tabm_specialists,1,187,0.0,False,checkpoint_average
p53,scbutterfly_ops_b,1,187,0.0,False,checkpoint_average
p53,resmlp_52head,1,187,0.0,False,checkpoint_average
p53,multitab_pilot,1,187,0.0,False,checkpoint_average
p53,midas_ops,1,187,0.0,False,checkpoint_average
p53,scpair_ops,1,187,0.0,False,checkpoint_average
p53,ridge,2,183,0.0,False,checkpoint_average
p53,gbdt,2,183,0.0,False,checkpoint_average
p53,catboost_multirmse,2,183,0.0,False,checkpoint_average
p53,mlp,2,183,0.0,False,checkpoint_average
p53,tabm_specialists,2,183,0.0,False,checkpoint_average
p53,scbutterfly_ops_b,2,183,0.0,False,checkpoint_average
p53,resmlp_52head,2,183,0.0,False,checkpoint_average
p53,multitab_pilot,2,183,0.0,False,checkpoint_average
p53,midas_ops,2,183,0.0,False,checkpoint_average
p53,scpair_ops,2,183,0.0,False,checkpoint_average
p53,ridge,3,197,0.0,False,checkpoint_average
p53,gbdt,3,197,0.0,False,checkpoint_average
p53,catboost_multirmse,3,197,0.0,False,checkpoint_average
p53,mlp,3,197,0.0,False,checkpoint_average
p53,tabm_specialists,3,197,0.0,False,checkpoint_average
p53,scbutterfly_ops_b,3,197,0.0,False,checkpoint_average
p53,resmlp_52head,3,197,0.0,False,checkpoint_average
p53,multitab_pilot,3,197,0.0,False,checkpoint_average
p53,midas_ops,3,197,0.0,False,checkpoint_average
p53,scpair_ops,3,197,0.0,False,checkpoint_average
p53,ridge,4,222,0.0,False,checkpoint_average
p53,gbdt,4,222,0.0,False,checkpoint_average
p53,catboost_multirmse,4,222,0.0,False,checkpoint_average
p53,mlp,4,222,0.0,False,checkpoint_average
p53,tabm_specialists,4,222,0.0,False,checkpoint_average
p53,scbutterfly_ops_b,4,222,0.0,False,checkpoint_average
p53,resmlp_52head,4,222,0.0,False,checkpoint_average
p53,multitab_pilot,4,222,0.0,False,checkpoint_average
p53,midas_ops,4,222,0.0,False,checkpoint_average
p53,scpair_ops,4,222,0.0,False,checkpoint_average
caspase_activity_cellevent-caspase_live-cell_dye,ridge,0,422,0.0,False,checkpoint_average
caspase_activity_cellevent-caspase_live-cell_dye,gbdt,0,422,0.0,False,checkpoint_average
caspase_activity_cellevent-caspase_live-cell_dye,catboost_multirmse,0,422,0.0,False,checkpoint_average
caspase_activity_cellevent-caspase_live-cell_dye,mlp,0,422,0.0,False,checkpoint_average
caspase_activity_cellevent-caspase_live-cell_dye,tabm_specialists,0,422,0.0,False,checkpoint_average
caspase_activity_cellevent-caspase_live-cell_dye,scbutterfly_ops_b,0,422,0.0,False,checkpoint_average
caspase_activity_cellevent-caspase_live-cell_dye,resmlp_52head,0,422,0.0,False,checkpoint_average
caspase_activity_cellevent-caspase_live-cell_dye,multitab_pilot,0,422,0.0,False,checkpoint_average
caspase_activity_cellevent-caspase_live-cell_dye,midas_ops,0,422,0.0,False,checkpoint_average
caspase_activity_cellevent-caspase_live-cell_dye,scpair_ops,0,422,0.0,False,checkpoint_average
caspase_activity_cellevent-caspase_live-cell_dye,ridge,1,374,0.0,False,checkpoint_average
caspase_activity_cellevent-caspase_live-cell_dye,gbdt,1,374,0.0,False,checkpoint_average
caspase_activity_cellevent-caspase_live-cell_dye,catboost_multirmse,1,374,0.0,False,checkpoint_average
caspase_activity_cellevent-caspase_live-cell_dye,mlp,1,374,0.0,False,checkpoint_average
caspase_activity_cellevent-caspase_live-cell_dye,tabm_specialists,1,374,0.0,False,checkpoint_average
caspase_activity_cellevent-caspase_live-cell_dye,scbutterfly_ops_b,1,374,0.0,False,checkpoint_average
caspase_activity_cellevent-caspase_live-cell_dye,resmlp_52head,1,374,0.0,False,checkpoint_average
caspase_activity_cellevent-caspase_live-cell_dye,multitab_pilot,1,374,0.0,False,checkpoint_average
caspase_activity_cellevent-caspase_live-cell_dye,midas_ops,1,374,0.0,False,checkpoint_average
caspase_activity_cellevent-caspase_live-cell_dye,scpair_ops,1,374,0.0,False,checkpoint_average
caspase_activity_cellevent-caspase_live-cell_dye,ridge,2,366,0.0,False,checkpoint_average
caspase_activity_cellevent-caspase_live-cell_dye,gbdt,2,366,0.0,False,checkpoint_average
caspase_activity_cellevent-caspase_live-cell_dye,catboost_multirmse,2,366,0.0,False,checkpoint_average
caspase_activity_cellevent-caspase_live-cell_dye,mlp,2,366,0.0,False,checkpoint_average
caspase_activity_cellevent-caspase_live-cell_dye,tabm_specialists,2,366,0.0,False,checkpoint_average
caspase_activity_cellevent-caspase_live-cell_dye,scbutterfly_ops_b,2,366,0.0,False,checkpoint_average
caspase_activity_cellevent-caspase_live-cell_dye,resmlp_52head,2,366,0.0,False,checkpoint_average
caspase_activity_cellevent-caspase_live-cell_dye,multitab_pilot,2,366,0.0,False,checkpoint_average
caspase_activity_cellevent-caspase_live-cell_dye,midas_ops,2,366,0.0,False,checkpoint_average
caspase_activity_cellevent-caspase_live-cell_dye,scpair_ops,2,366,0.0,False,checkpoint_average
caspase_activity_cellevent-caspase_live-cell_dye,ridge,3,394,0.0,False,checkpoint_average
caspase_activity_cellevent-caspase_live-cell_dye,gbdt,3,394,0.0,False,checkpoint_average
caspase_activity_cellevent-caspase_live-cell_dye,catboost_multirmse,3,394,0.0,False,checkpoint_average
caspase_activity_cellevent-caspase_live-cell_dye,mlp,3,394,0.0,False,checkpoint_average
caspase_activity_cellevent-caspase_live-cell_dye,tabm_specialists,3,394,0.0,False,checkpoint_average
caspase_activity_cellevent-caspase_live-cell_dye,scbutterfly_ops_b,3,394,0.0,False,checkpoint_average
caspase_activity_cellevent-caspase_live-cell_dye,resmlp_52head,3,394,0.0,False,checkpoint_average
caspase_activity_cellevent-caspase_live-cell_dye,multitab_pilot,3,394,0.0,False,checkpoint_average
caspase_activity_cellevent-caspase_live-cell_dye,midas_ops,3,394,0.0,False,checkpoint_average
caspase_activity_cellevent-caspase_live-cell_dye,scpair_ops,3,394,0.0,False,checkpoint_average
caspase_activity_cellevent-caspase_live-cell_dye,ridge,4,444,0.0,False,checkpoint_average
caspase_activity_cellevent-caspase_live-cell_dye,gbdt,4,444,0.0,False,checkpoint_average
caspase_activity_cellevent-caspase_live-cell_dye,catboost_multirmse,4,444,0.0,False,checkpoint_average
caspase_activity_cellevent-caspase_live-cell_dye,mlp,4,444,0.0,False,checkpoint_average
caspase_activity_cellevent-caspase_live-cell_dye,tabm_specialists,4,444,0.0,False,checkpoint_average
caspase_activity_cellevent-caspase_live-cell_dye,scbutterfly_ops_b,4,444,0.0,False,checkpoint_average
caspase_activity_cellevent-caspase_live-cell_dye,resmlp_52head,4,444,0.0,False,checkpoint_average
caspase_activity_cellevent-caspase_live-cell_dye,multitab_pilot,4,444,0.0,False,checkpoint_average
caspase_activity_cellevent-caspase_live-cell_dye,midas_ops,4,444,0.0,False,checkpoint_average
caspase_activity_cellevent-caspase_live-cell_dye,scpair_ops,4,444,0.0,False,checkpoint_average
ps6,ridge,0,211,0.0,False,checkpoint_average
ps6,gbdt,0,211,0.0,False,checkpoint_average
ps6,catboost_multirmse,0,211,0.0,False,checkpoint_average
ps6,mlp,0,211,0.0,False,checkpoint_average
ps6,tabm_specialists,0,211,0.0,False,checkpoint_average
ps6,scbutterfly_ops_b,0,211,0.0,False,checkpoint_average
ps6,resmlp_52head,0,211,0.0,False,checkpoint_average
ps6,multitab_pilot,0,211,0.0,False,checkpoint_average
ps6,midas_ops,0,211,0.0,False,checkpoint_average
ps6,scpair_ops,0,211,0.0,False,checkpoint_average
ps6,ridge,1,187,0.0,False,checkpoint_average
ps6,gbdt,1,187,0.0,False,checkpoint_average
ps6,catboost_multirmse,1,187,0.0,False,checkpoint_average
ps6,mlp,1,187,0.0,False,checkpoint_average
ps6,tabm_specialists,1,187,0.0,False,checkpoint_average
ps6,scbutterfly_ops_b,1,187,0.0,False,checkpoint_average
ps6,resmlp_52head,1,187,0.0,False,checkpoint_average
ps6,multitab_pilot,1,187,0.0,False,checkpoint_average
ps6,midas_ops,1,187,0.0,False,checkpoint_average
ps6,scpair_ops,1,187,0.0,False,checkpoint_average
ps6,ridge,2,183,0.0,False,checkpoint_average
ps6,gbdt,2,183,0.0,False,checkpoint_average
ps6,catboost_multirmse,2,183,0.0,False,checkpoint_average
ps6,mlp,2,183,0.0,False,checkpoint_average
ps6,tabm_specialists,2,183,0.0,False,checkpoint_average
ps6,scbutterfly_ops_b,2,183,0.0,False,checkpoint_average
ps6,resmlp_52head,2,183,0.0,False,checkpoint_average
ps6,multitab_pilot,2,183,0.0,False,checkpoint_average
ps6,midas_ops,2,183,0.0,False,checkpoint_average
ps6,scpair_ops,2,183,0.0,False,checkpoint_average
ps6,ridge,3,197,0.0,False,checkpoint_average
ps6,gbdt,3,197,0.0,False,checkpoint_average
ps6,catboost_multirmse,3,197,0.0,False,checkpoint_average
ps6,mlp,3,197,0.0,False,checkpoint_average
ps6,tabm_specialists,3,197,0.0,False,checkpoint_average
ps6,scbutterfly_ops_b,3,197,0.0,False,checkpoint_average
ps6,resmlp_52head,3,197,0.0,False,checkpoint_average
ps6,multitab_pilot,3,197,0.0,False,checkpoint_average
ps6,midas_ops,3,197,0.0,False,checkpoint_average
ps6,scpair_ops,3,197,0.0,False,checkpoint_average
ps6,ridge,4,222,0.0,False,checkpoint_average
ps6,gbdt,4,222,0.0,False,checkpoint_average
ps6,catboost_multirmse,4,222,0.0,False,checkpoint_average
ps6,mlp,4,222,0.0,False,checkpoint_average
ps6,tabm_specialists,4,222,0.0,False,checkpoint_average
ps6,scbutterfly_ops_b,4,222,0.0,False,checkpoint_average
ps6,resmlp_52head,4,222,0.0,False,checkpoint_average
ps6,multitab_pilot,4,222,0.0,False,checkpoint_average
ps6,midas_ops,4,222,0.0,False,checkpoint_average
ps6,scpair_ops,4,222,0.0,False,checkpoint_average
prb,ridge,0,211,0.0,False,checkpoint_average
prb,gbdt,0,211,0.0,False,checkpoint_average
prb,catboost_multirmse,0,211,0.0,False,checkpoint_average
prb,mlp,0,211,0.0,False,checkpoint_average
prb,tabm_specialists,0,211,0.0,False,checkpoint_average
prb,scbutterfly_ops_b,0,211,0.0,False,checkpoint_average
prb,resmlp_52head,0,211,0.0,False,checkpoint_average
prb,multitab_pilot,0,211,0.0,False,checkpoint_average
prb,midas_ops,0,211,0.0,False,checkpoint_average
prb,scpair_ops,0,211,0.0,False,checkpoint_average
prb,ridge,1,187,0.0,False,checkpoint_average
prb,gbdt,1,187,0.0,False,checkpoint_average
prb,catboost_multirmse,1,187,0.0,False,checkpoint_average
prb,mlp,1,187,0.0,False,checkpoint_average
prb,tabm_specialists,1,187,0.0,False,checkpoint_average
prb,scbutterfly_ops_b,1,187,0.0,False,checkpoint_average
prb,resmlp_52head,1,187,0.0,False,checkpoint_average
prb,multitab_pilot,1,187,0.0,False,checkpoint_average
prb,midas_ops,1,187,0.0,False,checkpoint_average
prb,scpair_ops,1,187,0.0,False,checkpoint_average
prb,ridge,2,183,0.0,False,checkpoint_average
prb,gbdt,2,183,0.0,False,checkpoint_average
prb,catboost_multirmse,2,183,0.0,False,checkpoint_average
prb,mlp,2,183,0.0,False,checkpoint_average
prb,tabm_specialists,2,183,0.0,False,checkpoint_average
prb,scbutterfly_ops_b,2,183,0.0,False,checkpoint_average
prb,resmlp_52head,2,183,0.0,False,checkpoint_average
prb,multitab_pilot,2,183,0.0,False,checkpoint_average
prb,midas_ops,2,183,0.0,False,checkpoint_average
prb,scpair_ops,2,183,0.0,False,checkpoint_average
prb,ridge,3,197,0.0,False,checkpoint_average
prb,gbdt,3,197,0.0,False,checkpoint_average
prb,catboost_multirmse,3,197,0.0,False,checkpoint_average
prb,mlp,3,197,0.0,False,checkpoint_average
prb,tabm_specialists,3,197,0.0,False,checkpoint_average
prb,scbutterfly_ops_b,3,197,0.0,False,checkpoint_average
prb,resmlp_52head,3,197,0.0,False,checkpoint_average
prb,multitab_pilot,3,197,0.0,False,checkpoint_average
prb,midas_ops,3,197,0.0,False,checkpoint_average
prb,scpair_ops,3,197,0.0,False,checkpoint_average
prb,ridge,4,222,0.0,False,checkpoint_average
prb,gbdt,4,222,0.0,False,checkpoint_average
prb,catboost_multirmse,4,222,0.0,False,checkpoint_average
prb,mlp,4,222,0.0,False,checkpoint_average
prb,tabm_specialists,4,222,0.0,False,checkpoint_average
prb,scbutterfly_ops_b,4,222,0.0,False,checkpoint_average
prb,resmlp_52head,4,222,0.0,False,checkpoint_average
prb,multitab_pilot,4,222,0.0,False,checkpoint_average
prb,midas_ops,4,222,0.0,False,checkpoint_average
prb,scpair_ops,4,222,0.0,False,checkpoint_average
nuclei_hoechst,ridge,0,211,0.0,False,checkpoint_average
nuclei_hoechst,gbdt,0,211,0.0,False,checkpoint_average
nuclei_hoechst,catboost_multirmse,0,211,0.0,False,checkpoint_average
nuclei_hoechst,mlp,0,211,0.0,False,checkpoint_average
nuclei_hoechst,tabm_specialists,0,211,0.0,False,checkpoint_average
nuclei_hoechst,scbutterfly_ops_b,0,211,0.0,False,checkpoint_average
nuclei_hoechst,resmlp_52head,0,211,0.0,False,checkpoint_average
nuclei_hoechst,multitab_pilot,0,211,0.0,False,checkpoint_average
nuclei_hoechst,midas_ops,0,211,0.0,False,checkpoint_average
nuclei_hoechst,scpair_ops,0,211,0.0,False,checkpoint_average
nuclei_hoechst,ridge,1,187,0.0,False,checkpoint_average
nuclei_hoechst,gbdt,1,187,0.0,False,checkpoint_average
nuclei_hoechst,catboost_multirmse,1,187,0.0,False,checkpoint_average
nuclei_hoechst,mlp,1,187,0.0,False,checkpoint_average
nuclei_hoechst,tabm_specialists,1,187,0.0,False,checkpoint_average
nuclei_hoechst,scbutterfly_ops_b,1,187,0.0,False,checkpoint_average
nuclei_hoechst,resmlp_52head,1,187,0.0,False,checkpoint_average
nuclei_hoechst,multitab_pilot,1,187,0.0,False,checkpoint_average
nuclei_hoechst,midas_ops,1,187,0.0,False,checkpoint_average
nuclei_hoechst,scpair_ops,1,187,0.0,False,checkpoint_average
nuclei_hoechst,ridge,2,183,0.0,False,checkpoint_average
nuclei_hoechst,gbdt,2,183,0.0,False,checkpoint_average
nuclei_hoechst,catboost_multirmse,2,183,0.0,False,checkpoint_average
nuclei_hoechst,mlp,2,183,0.0,False,checkpoint_average
nuclei_hoechst,tabm_specialists,2,183,0.0,False,checkpoint_average
nuclei_hoechst,scbutterfly_ops_b,2,183,0.0,False,checkpoint_average
nuclei_hoechst,resmlp_52head,2,183,0.0,False,checkpoint_average
nuclei_hoechst,multitab_pilot,2,183,0.0,False,checkpoint_average
nuclei_hoechst,midas_ops,2,183,0.0,False,checkpoint_average
nuclei_hoechst,scpair_ops,2,183,0.0,False,checkpoint_average
nuclei_hoechst,ridge,3,197,0.0,False,checkpoint_average
nuclei_hoechst,gbdt,3,197,0.0,False,checkpoint_average
nuclei_hoechst,catboost_multirmse,3,197,0.0,False,checkpoint_average
nuclei_hoechst,mlp,3,197,0.0,False,checkpoint_average
nuclei_hoechst,tabm_specialists,3,197,0.0,False,checkpoint_average
nuclei_hoechst,scbutterfly_ops_b,3,197,0.0,False,checkpoint_average
nuclei_hoechst,resmlp_52head,3,197,0.0,False,checkpoint_average
nuclei_hoechst,multitab_pilot,3,197,0.0,False,checkpoint_average
nuclei_hoechst,midas_ops,3,197,0.0,False,checkpoint_average
nuclei_hoechst,scpair_ops,3,197,0.0,False,checkpoint_average
nuclei_hoechst,ridge,4,222,0.0,False,checkpoint_average
nuclei_hoechst,gbdt,4,222,0.0,False,checkpoint_average
nuclei_hoechst,catboost_multirmse,4,222,0.0,False,checkpoint_average
nuclei_hoechst,mlp,4,222,0.0,False,checkpoint_average
nuclei_hoechst,tabm_specialists,4,222,0.0,False,checkpoint_average
nuclei_hoechst,scbutterfly_ops_b,4,222,0.0,False,checkpoint_average
nuclei_hoechst,resmlp_52head,4,222,0.0,False,checkpoint_average
nuclei_hoechst,multitab_pilot,4,222,0.0,False,checkpoint_average
nuclei_hoechst,midas_ops,4,222,0.0,False,checkpoint_average
nuclei_hoechst,scpair_ops,4,222,0.0,False,checkpoint_average
nucleoli_npm1,ridge,0,211,0.0,False,checkpoint_average
nucleoli_npm1,gbdt,0,211,0.0,False,checkpoint_average
nucleoli_npm1,catboost_multirmse,0,211,0.0,False,checkpoint_average
nucleoli_npm1,mlp,0,211,0.0,False,checkpoint_average
nucleoli_npm1,tabm_specialists,0,211,0.0,False,checkpoint_average
nucleoli_npm1,scbutterfly_ops_b,0,211,0.0,False,checkpoint_average
nucleoli_npm1,resmlp_52head,0,211,0.0,False,checkpoint_average
nucleoli_npm1,multitab_pilot,0,211,0.0,False,checkpoint_average
nucleoli_npm1,midas_ops,0,211,0.0,False,checkpoint_average
nucleoli_npm1,scpair_ops,0,211,0.0,False,checkpoint_average
nucleoli_npm1,ridge,1,187,0.0,False,checkpoint_average
nucleoli_npm1,gbdt,1,187,0.0,False,checkpoint_average
nucleoli_npm1,catboost_multirmse,1,187,0.0,False,checkpoint_average
nucleoli_npm1,mlp,1,187,0.0,False,checkpoint_average
nucleoli_npm1,tabm_specialists,1,187,0.0,False,checkpoint_average
nucleoli_npm1,scbutterfly_ops_b,1,187,0.0,False,checkpoint_average
nucleoli_npm1,resmlp_52head,1,187,0.0,False,checkpoint_average
nucleoli_npm1,multitab_pilot,1,187,0.0,False,checkpoint_average
nucleoli_npm1,midas_ops,1,187,0.0,False,checkpoint_average
nucleoli_npm1,scpair_ops,1,187,0.0,False,checkpoint_average
nucleoli_npm1,ridge,2,183,0.0,False,checkpoint_average
nucleoli_npm1,gbdt,2,183,0.0,False,checkpoint_average
nucleoli_npm1,catboost_multirmse,2,183,0.0,False,checkpoint_average
nucleoli_npm1,mlp,2,183,0.0,False,checkpoint_average
nucleoli_npm1,tabm_specialists,2,183,0.0,False,checkpoint_average
nucleoli_npm1,scbutterfly_ops_b,2,183,0.0,False,checkpoint_average
nucleoli_npm1,resmlp_52head,2,183,0.0,False,checkpoint_average
nucleoli_npm1,multitab_pilot,2,183,0.0,False,checkpoint_average
nucleoli_npm1,midas_ops,2,183,0.0,False,checkpoint_average
nucleoli_npm1,scpair_ops,2,183,0.0,False,checkpoint_average
nucleoli_npm1,ridge,3,197,0.0,False,checkpoint_average
nucleoli_npm1,gbdt,3,197,0.0,False,checkpoint_average
nucleoli_npm1,catboost_multirmse,3,197,0.0,False,checkpoint_average
nucleoli_npm1,mlp,3,197,0.0,False,checkpoint_average
nucleoli_npm1,tabm_specialists,3,197,0.0,False,checkpoint_average
nucleoli_npm1,scbutterfly_ops_b,3,197,0.0,False,checkpoint_average
nucleoli_npm1,resmlp_52head,3,197,0.0,False,checkpoint_average
nucleoli_npm1,multitab_pilot,3,197,0.0,False,checkpoint_average
nucleoli_npm1,midas_ops,3,197,0.0,False,checkpoint_average
nucleoli_npm1,scpair_ops,3,197,0.0,False,checkpoint_average
nucleoli_npm1,ridge,4,222,0.0,False,checkpoint_average
nucleoli_npm1,gbdt,4,222,0.0,False,checkpoint_average
nucleoli_npm1,catboost_multirmse,4,222,0.0,False,checkpoint_average
nucleoli_npm1,mlp,4,222,0.0,False,checkpoint_average
nucleoli_npm1,tabm_specialists,4,222,0.0,False,checkpoint_average
nucleoli_npm1,scbutterfly_ops_b,4,222,0.0,False,checkpoint_average
nucleoli_npm1,resmlp_52head,4,222,0.0,False,checkpoint_average
nucleoli_npm1,multitab_pilot,4,222,0.0,False,checkpoint_average
nucleoli_npm1,midas_ops,4,222,0.0,False,checkpoint_average
nucleoli_npm1,scpair_ops,4,222,0.0,False,checkpoint_average
b-catenin,ridge,0,211,0.0,False,checkpoint_average
b-catenin,gbdt,0,211,0.0,False,checkpoint_average
b-catenin,catboost_multirmse,0,211,0.0,False,checkpoint_average
b-catenin,mlp,0,211,0.0,False,checkpoint_average
b-catenin,tabm_specialists,0,211,0.0,False,checkpoint_average
b-catenin,scbutterfly_ops_b,0,211,0.0,False,checkpoint_average
b-catenin,resmlp_52head,0,211,0.0,False,checkpoint_average
b-catenin,multitab_pilot,0,211,0.0,False,checkpoint_average
b-catenin,midas_ops,0,211,0.0,False,checkpoint_average
b-catenin,scpair_ops,0,211,0.0,False,checkpoint_average
b-catenin,ridge,1,187,0.0,False,checkpoint_average
b-catenin,gbdt,1,187,0.0,False,checkpoint_average
b-catenin,catboost_multirmse,1,187,0.0,False,checkpoint_average
b-catenin,mlp,1,187,0.0,False,checkpoint_average
b-catenin,tabm_specialists,1,187,0.0,False,checkpoint_average
b-catenin,scbutterfly_ops_b,1,187,0.0,False,checkpoint_average
b-catenin,resmlp_52head,1,187,0.0,False,checkpoint_average
b-catenin,multitab_pilot,1,187,0.0,False,checkpoint_average
b-catenin,midas_ops,1,187,0.0,False,checkpoint_average
b-catenin,scpair_ops,1,187,0.0,False,checkpoint_average
b-catenin,ridge,2,183,0.0,False,checkpoint_average
b-catenin,gbdt,2,183,0.0,False,checkpoint_average
b-catenin,catboost_multirmse,2,183,0.0,False,checkpoint_average
b-catenin,mlp,2,183,0.0,False,checkpoint_average
b-catenin,tabm_specialists,2,183,0.0,False,checkpoint_average
b-catenin,scbutterfly_ops_b,2,183,0.0,False,checkpoint_average
b-catenin,resmlp_52head,2,183,0.0,False,checkpoint_average
b-catenin,multitab_pilot,2,183,0.0,False,checkpoint_average
b-catenin,midas_ops,2,183,0.0,False,checkpoint_average
b-catenin,scpair_ops,2,183,0.0,False,checkpoint_average
b-catenin,ridge,3,197,0.0,False,checkpoint_average
b-catenin,gbdt,3,197,0.0,False,checkpoint_average
b-catenin,catboost_multirmse,3,197,0.0,False,checkpoint_average
b-catenin,mlp,3,197,0.0,False,checkpoint_average
b-catenin,tabm_specialists,3,197,0.0,False,checkpoint_average
b-catenin,scbutterfly_ops_b,3,197,0.0,False,checkpoint_average
b-catenin,resmlp_52head,3,197,0.0,False,checkpoint_average
b-catenin,multitab_pilot,3,197,0.0,False,checkpoint_average
b-catenin,midas_ops,3,197,0.0,False,checkpoint_average
b-catenin,scpair_ops,3,197,0.0,False,checkpoint_average
b-catenin,ridge,4,222,0.0,False,checkpoint_average
b-catenin,gbdt,4,222,0.0,False,checkpoint_average
b-catenin,catboost_multirmse,4,222,0.0,False,checkpoint_average
b-catenin,mlp,4,222,0.0,False,checkpoint_average
b-catenin,tabm_specialists,4,222,0.0,False,checkpoint_average
b-catenin,scbutterfly_ops_b,4,222,0.0,False,checkpoint_average
b-catenin,resmlp_52head,4,222,0.0,False,checkpoint_average
b-catenin,multitab_pilot,4,222,0.0,False,checkpoint_average
b-catenin,midas_ops,4,222,0.0,False,checkpoint_average
b-catenin,scpair_ops,4,222,0.0,False,checkpoint_average
c-myc,ridge,0,211,0.0,False,checkpoint_average
c-myc,gbdt,0,211,0.0,False,checkpoint_average
c-myc,catboost_multirmse,0,211,0.0,False,checkpoint_average
c-myc,mlp,0,211,0.0,False,checkpoint_average
c-myc,tabm_specialists,0,211,0.0,False,checkpoint_average
c-myc,scbutterfly_ops_b,0,211,0.0,False,checkpoint_average
c-myc,resmlp_52head,0,211,0.0,False,checkpoint_average
c-myc,multitab_pilot,0,211,0.0,False,checkpoint_average
c-myc,midas_ops,0,211,0.0,False,checkpoint_average
c-myc,scpair_ops,0,211,0.0,False,checkpoint_average
c-myc,ridge,1,187,0.0,False,checkpoint_average
c-myc,gbdt,1,187,0.0,False,checkpoint_average
c-myc,catboost_multirmse,1,187,0.0,False,checkpoint_average
c-myc,mlp,1,187,0.0,False,checkpoint_average
c-myc,tabm_specialists,1,187,0.0,False,checkpoint_average
c-myc,scbutterfly_ops_b,1,187,0.0,False,checkpoint_average
c-myc,resmlp_52head,1,187,0.0,False,checkpoint_average
c-myc,multitab_pilot,1,187,0.0,False,checkpoint_average
c-myc,midas_ops,1,187,0.0,False,checkpoint_average
c-myc,scpair_ops,1,187,0.0,False,checkpoint_average
c-myc,ridge,2,183,0.0,False,checkpoint_average
c-myc,gbdt,2,183,0.0,False,checkpoint_average
c-myc,catboost_multirmse,2,183,0.0,False,checkpoint_average
c-myc,mlp,2,183,0.0,False,checkpoint_average
c-myc,tabm_specialists,2,183,0.0,False,checkpoint_average
c-myc,scbutterfly_ops_b,2,183,0.0,False,checkpoint_average
c-myc,resmlp_52head,2,183,0.0,False,checkpoint_average
c-myc,multitab_pilot,2,183,0.0,False,checkpoint_average
c-myc,midas_ops,2,183,0.0,False,checkpoint_average
c-myc,scpair_ops,2,183,0.0,False,checkpoint_average
c-myc,ridge,3,197,0.0,False,checkpoint_average
c-myc,gbdt,3,197,0.0,False,checkpoint_average
c-myc,catboost_multirmse,3,197,0.0,False,checkpoint_average
c-myc,mlp,3,197,0.0,False,checkpoint_average
c-myc,tabm_specialists,3,197,0.0,False,checkpoint_average
c-myc,scbutterfly_ops_b,3,197,0.0,False,checkpoint_average
c-myc,resmlp_52head,3,197,0.0,False,checkpoint_average
c-myc,multitab_pilot,3,197,0.0,False,checkpoint_average
c-myc,midas_ops,3,197,0.0,False,checkpoint_average
c-myc,scpair_ops,3,197,0.0,False,checkpoint_average
c-myc,ridge,4,222,0.0,False,checkpoint_average
c-myc,gbdt,4,222,0.0,False,checkpoint_average
c-myc,catboost_multirmse,4,222,0.0,False,checkpoint_average
c-myc,mlp,4,222,0.0,False,checkpoint_average
c-myc,tabm_specialists,4,222,0.0,False,checkpoint_average
c-myc,scbutterfly_ops_b,4,222,0.0,False,checkpoint_average
c-myc,resmlp_52head,4,222,0.0,False,checkpoint_average
c-myc,multitab_pilot,4,222,0.0,False,checkpoint_average
c-myc,midas_ops,4,222,0.0,False,checkpoint_average
c-myc,scpair_ops,4,222,0.0,False,checkpoint_average
er_cona,ridge,0,211,0.0,False,checkpoint_average
er_cona,gbdt,0,211,0.0,False,checkpoint_average
er_cona,catboost_multirmse,0,211,0.0,False,checkpoint_average
er_cona,mlp,0,211,0.0,False,checkpoint_average
er_cona,tabm_specialists,0,211,0.0,False,checkpoint_average
er_cona,scbutterfly_ops_b,0,211,0.0,False,checkpoint_average
er_cona,resmlp_52head,0,211,0.0,False,checkpoint_average
er_cona,multitab_pilot,0,211,0.0,False,checkpoint_average
er_cona,midas_ops,0,211,0.0,False,checkpoint_average
er_cona,scpair_ops,0,211,0.0,False,checkpoint_average
er_cona,ridge,1,187,0.0,False,checkpoint_average
er_cona,gbdt,1,187,0.0,False,checkpoint_average
er_cona,catboost_multirmse,1,187,0.0,False,checkpoint_average
er_cona,mlp,1,187,0.0,False,checkpoint_average
er_cona,tabm_specialists,1,187,0.0,False,checkpoint_average
er_cona,scbutterfly_ops_b,1,187,0.0,False,checkpoint_average
er_cona,resmlp_52head,1,187,0.0,False,checkpoint_average
er_cona,multitab_pilot,1,187,0.0,False,checkpoint_average
er_cona,midas_ops,1,187,0.0,False,checkpoint_average
er_cona,scpair_ops,1,187,0.0,False,checkpoint_average
er_cona,ridge,2,183,0.0,False,checkpoint_average
er_cona,gbdt,2,183,0.0,False,checkpoint_average
er_cona,catboost_multirmse,2,183,0.0,False,checkpoint_average
er_cona,mlp,2,183,0.0,False,checkpoint_average
er_cona,tabm_specialists,2,183,0.0,False,checkpoint_average
er_cona,scbutterfly_ops_b,2,183,0.0,False,checkpoint_average
er_cona,resmlp_52head,2,183,0.0,False,checkpoint_average
er_cona,multitab_pilot,2,183,0.0,False,checkpoint_average
er_cona,midas_ops,2,183,0.0,False,checkpoint_average
er_cona,scpair_ops,2,183,0.0,False,checkpoint_average
er_cona,ridge,3,197,0.0,False,checkpoint_average
er_cona,gbdt,3,197,0.0,False,checkpoint_average
er_cona,catboost_multirmse,3,197,0.0,False,checkpoint_average
er_cona,mlp,3,197,0.0,False,checkpoint_average
er_cona,tabm_specialists,3,197,0.0,False,checkpoint_average
er_cona,scbutterfly_ops_b,3,197,0.0,False,checkpoint_average
er_cona,resmlp_52head,3,197,0.0,False,checkpoint_average
er_cona,multitab_pilot,3,197,0.0,False,checkpoint_average
er_cona,midas_ops,3,197,0.0,False,checkpoint_average
er_cona,scpair_ops,3,197,0.0,False,checkpoint_average
er_cona,ridge,4,222,0.0,False,checkpoint_average
er_cona,gbdt,4,222,0.0,False,checkpoint_average
er_cona,catboost_multirmse,4,222,0.0,False,checkpoint_average
er_cona,mlp,4,222,0.0,False,checkpoint_average
er_cona,tabm_specialists,4,222,0.0,False,checkpoint_average
er_cona,scbutterfly_ops_b,4,222,0.0,False,checkpoint_average
er_cona,resmlp_52head,4,222,0.0,False,checkpoint_average
er_cona,multitab_pilot,4,222,0.0,False,checkpoint_average
er_cona,midas_ops,4,222,0.0,False,checkpoint_average
er_cona,scpair_ops,4,222,0.0,False,checkpoint_average
microtubules_tubulin,ridge,0,211,0.0,False,checkpoint_average
microtubules_tubulin,gbdt,0,211,0.0,False,checkpoint_average
microtubules_tubulin,catboost_multirmse,0,211,0.0,False,checkpoint_average
microtubules_tubulin,mlp,0,211,0.0,False,checkpoint_average
microtubules_tubulin,tabm_specialists,0,211,0.0,False,checkpoint_average
microtubules_tubulin,scbutterfly_ops_b,0,211,0.0,False,checkpoint_average
microtubules_tubulin,resmlp_52head,0,211,0.0,False,checkpoint_average
microtubules_tubulin,multitab_pilot,0,211,0.0,False,checkpoint_average
microtubules_tubulin,midas_ops,0,211,0.0,False,checkpoint_average
microtubules_tubulin,scpair_ops,0,211,0.0,False,checkpoint_average
microtubules_tubulin,ridge,1,187,0.0,False,checkpoint_average
microtubules_tubulin,gbdt,1,187,0.0,False,checkpoint_average
microtubules_tubulin,catboost_multirmse,1,187,0.0,False,checkpoint_average
microtubules_tubulin,mlp,1,187,0.0,False,checkpoint_average
microtubules_tubulin,tabm_specialists,1,187,0.0,False,checkpoint_average
microtubules_tubulin,scbutterfly_ops_b,1,187,0.0,False,checkpoint_average
microtubules_tubulin,resmlp_52head,1,187,0.0,False,checkpoint_average
microtubules_tubulin,multitab_pilot,1,187,0.0,False,checkpoint_average
microtubules_tubulin,midas_ops,1,187,0.0,False,checkpoint_average
microtubules_tubulin,scpair_ops,1,187,0.0,False,checkpoint_average
microtubules_tubulin,ridge,2,183,0.0,False,checkpoint_average
microtubules_tubulin,gbdt,2,183,0.0,False,checkpoint_average
microtubules_tubulin,catboost_multirmse,2,183,0.0,False,checkpoint_average
microtubules_tubulin,mlp,2,183,0.0,False,checkpoint_average
microtubules_tubulin,tabm_specialists,2,183,0.0,False,checkpoint_average
microtubules_tubulin,scbutterfly_ops_b,2,183,0.0,False,checkpoint_average
microtubules_tubulin,resmlp_52head,2,183,0.0,False,checkpoint_average
microtubules_tubulin,multitab_pilot,2,183,0.0,False,checkpoint_average
microtubules_tubulin,midas_ops,2,183,0.0,False,checkpoint_average
microtubules_tubulin,scpair_ops,2,183,0.0,False,checkpoint_average
microtubules_tubulin,ridge,3,197,0.0,False,checkpoint_average
microtubules_tubulin,gbdt,3,197,0.0,False,checkpoint_average
microtubules_tubulin,catboost_multirmse,3,197,0.0,False,checkpoint_average
microtubules_tubulin,mlp,3,197,0.0,False,checkpoint_average
microtubules_tubulin,tabm_specialists,3,197,0.0,False,checkpoint_average
microtubules_tubulin,scbutterfly_ops_b,3,197,0.0,False,checkpoint_average
microtubules_tubulin,resmlp_52head,3,197,0.0,False,checkpoint_average
microtubules_tubulin,multitab_pilot,3,197,0.0,False,checkpoint_average
microtubules_tubulin,midas_ops,3,197,0.0,False,checkpoint_average
microtubules_tubulin,scpair_ops,3,197,0.0,False,checkpoint_average
microtubules_tubulin,ridge,4,222,0.0,False,checkpoint_average
microtubules_tubulin,gbdt,4,222,0.0,False,checkpoint_average
microtubules_tubulin,catboost_multirmse,4,222,0.0,False,checkpoint_average
microtubules_tubulin,mlp,4,222,0.0,False,checkpoint_average
microtubules_tubulin,tabm_specialists,4,222,0.0,False,checkpoint_average
microtubules_tubulin,scbutterfly_ops_b,4,222,0.0,False,checkpoint_average
microtubules_tubulin,resmlp_52head,4,222,0.0,False,checkpoint_average
microtubules_tubulin,multitab_pilot,4,222,0.0,False,checkpoint_average
microtubules_tubulin,midas_ops,4,222,0.0,False,checkpoint_average
microtubules_tubulin,scpair_ops,4,222,0.0,False,checkpoint_average
nucleolus-dfc_fbl,ridge,0,422,0.0,False,checkpoint_average
nucleolus-dfc_fbl,gbdt,0,422,0.0,False,checkpoint_average
nucleolus-dfc_fbl,catboost_multirmse,0,422,0.0,False,checkpoint_average
nucleolus-dfc_fbl,mlp,0,422,0.0,False,checkpoint_average
nucleolus-dfc_fbl,tabm_specialists,0,422,0.0,False,checkpoint_average
nucleolus-dfc_fbl,scbutterfly_ops_b,0,422,0.0,False,checkpoint_average
nucleolus-dfc_fbl,resmlp_52head,0,422,0.0,False,checkpoint_average
nucleolus-dfc_fbl,multitab_pilot,0,422,0.0,False,checkpoint_average
nucleolus-dfc_fbl,midas_ops,0,422,0.0,False,checkpoint_average
nucleolus-dfc_fbl,scpair_ops,0,422,0.0,False,checkpoint_average
nucleolus-dfc_fbl,ridge,1,374,0.0,False,checkpoint_average
nucleolus-dfc_fbl,gbdt,1,374,0.0,False,checkpoint_average
nucleolus-dfc_fbl,catboost_multirmse,1,374,0.0,False,checkpoint_average
nucleolus-dfc_fbl,mlp,1,374,0.0,False,checkpoint_average
nucleolus-dfc_fbl,tabm_specialists,1,374,0.0,False,checkpoint_average
nucleolus-dfc_fbl,scbutterfly_ops_b,1,374,0.0,False,checkpoint_average
nucleolus-dfc_fbl,resmlp_52head,1,374,0.0,False,checkpoint_average
nucleolus-dfc_fbl,multitab_pilot,1,374,0.0,False,checkpoint_average
nucleolus-dfc_fbl,midas_ops,1,374,0.0,False,checkpoint_average
nucleolus-dfc_fbl,scpair_ops,1,374,0.0,False,checkpoint_average
nucleolus-dfc_fbl,ridge,2,366,0.0,False,checkpoint_average
nucleolus-dfc_fbl,gbdt,2,366,0.0,False,checkpoint_average
nucleolus-dfc_fbl,catboost_multirmse,2,366,0.0,False,checkpoint_average
nucleolus-dfc_fbl,mlp,2,366,0.0,False,checkpoint_average
nucleolus-dfc_fbl,tabm_specialists,2,366,0.0,False,checkpoint_average
nucleolus-dfc_fbl,scbutterfly_ops_b,2,366,0.0,False,checkpoint_average
nucleolus-dfc_fbl,resmlp_52head,2,366,0.0,False,checkpoint_average
nucleolus-dfc_fbl,multitab_pilot,2,366,0.0,False,checkpoint_average
nucleolus-dfc_fbl,midas_ops,2,366,0.0,False,checkpoint_average
nucleolus-dfc_fbl,scpair_ops,2,366,0.0,False,checkpoint_average
nucleolus-dfc_fbl,ridge,3,394,0.0,False,checkpoint_average
nucleolus-dfc_fbl,gbdt,3,394,0.0,False,checkpoint_average
nucleolus-dfc_fbl,catboost_multirmse,3,394,0.0,False,checkpoint_average
nucleolus-dfc_fbl,mlp,3,394,0.0,False,checkpoint_average
nucleolus-dfc_fbl,tabm_specialists,3,394,0.0,False,checkpoint_average
nucleolus-dfc_fbl,scbutterfly_ops_b,3,394,0.0,False,checkpoint_average
nucleolus-dfc_fbl,resmlp_52head,3,394,0.0,False,checkpoint_average
nucleolus-dfc_fbl,multitab_pilot,3,394,0.0,False,checkpoint_average
nucleolus-dfc_fbl,midas_ops,3,394,0.0,False,checkpoint_average
nucleolus-dfc_fbl,scpair_ops,3,394,0.0,False,checkpoint_average
nucleolus-dfc_fbl,ridge,4,444,0.0,False,checkpoint_average
nucleolus-dfc_fbl,gbdt,4,444,0.0,False,checkpoint_average
nucleolus-dfc_fbl,catboost_multirmse,4,444,0.0,False,checkpoint_average
nucleolus-dfc_fbl,mlp,4,444,0.0,False,checkpoint_average
nucleolus-dfc_fbl,tabm_specialists,4,444,0.0,False,checkpoint_average
nucleolus-dfc_fbl,scbutterfly_ops_b,4,444,0.0,False,checkpoint_average
nucleolus-dfc_fbl,resmlp_52head,4,444,0.0,False,checkpoint_average
nucleolus-dfc_fbl,multitab_pilot,4,444,0.0,False,checkpoint_average
nucleolus-dfc_fbl,midas_ops,4,444,0.0,False,checkpoint_average
nucleolus-dfc_fbl,scpair_ops,4,444,0.0,False,checkpoint_average
plasma_membrane_wga,ridge,0,211,0.0,False,checkpoint_average
plasma_membrane_wga,gbdt,0,211,0.0,False,checkpoint_average
plasma_membrane_wga,catboost_multirmse,0,211,0.0,False,checkpoint_average
plasma_membrane_wga,mlp,0,211,0.0,False,checkpoint_average
plasma_membrane_wga,tabm_specialists,0,211,0.0,False,checkpoint_average
plasma_membrane_wga,scbutterfly_ops_b,0,211,0.0,False,checkpoint_average
plasma_membrane_wga,resmlp_52head,0,211,0.0,False,checkpoint_average
plasma_membrane_wga,multitab_pilot,0,211,0.0,False,checkpoint_average
plasma_membrane_wga,midas_ops,0,211,0.0,False,checkpoint_average
plasma_membrane_wga,scpair_ops,0,211,0.0,False,checkpoint_average
plasma_membrane_wga,ridge,1,187,0.0,False,checkpoint_average
plasma_membrane_wga,gbdt,1,187,0.0,False,checkpoint_average
plasma_membrane_wga,catboost_multirmse,1,187,0.0,False,checkpoint_average
plasma_membrane_wga,mlp,1,187,0.0,False,checkpoint_average
plasma_membrane_wga,tabm_specialists,1,187,0.0,False,checkpoint_average
plasma_membrane_wga,scbutterfly_ops_b,1,187,0.0,False,checkpoint_average
plasma_membrane_wga,resmlp_52head,1,187,0.0,False,checkpoint_average
plasma_membrane_wga,multitab_pilot,1,187,0.0,False,checkpoint_average
plasma_membrane_wga,midas_ops,1,187,0.0,False,checkpoint_average
plasma_membrane_wga,scpair_ops,1,187,0.0,False,checkpoint_average
plasma_membrane_wga,ridge,2,183,0.0,False,checkpoint_average
plasma_membrane_wga,gbdt,2,183,0.0,False,checkpoint_average
plasma_membrane_wga,catboost_multirmse,2,183,0.0,False,checkpoint_average
plasma_membrane_wga,mlp,2,183,0.0,False,checkpoint_average
plasma_membrane_wga,tabm_specialists,2,183,0.0,False,checkpoint_average
plasma_membrane_wga,scbutterfly_ops_b,2,183,0.0,False,checkpoint_average
plasma_membrane_wga,resmlp_52head,2,183,0.0,False,checkpoint_average
plasma_membrane_wga,multitab_pilot,2,183,0.0,False,checkpoint_average
plasma_membrane_wga,midas_ops,2,183,0.0,False,checkpoint_average
plasma_membrane_wga,scpair_ops,2,183,0.0,False,checkpoint_average
plasma_membrane_wga,ridge,3,197,0.0,False,checkpoint_average
plasma_membrane_wga,gbdt,3,197,0.0,False,checkpoint_average
plasma_membrane_wga,catboost_multirmse,3,197,0.0,False,checkpoint_average
plasma_membrane_wga,mlp,3,197,0.0,False,checkpoint_average
plasma_membrane_wga,tabm_specialists,3,197,0.0,False,checkpoint_average
plasma_membrane_wga,scbutterfly_ops_b,3,197,0.0,False,checkpoint_average
plasma_membrane_wga,resmlp_52head,3,197,0.0,False,checkpoint_average
plasma_membrane_wga,multitab_pilot,3,197,0.0,False,checkpoint_average
plasma_membrane_wga,midas_ops,3,197,0.0,False,checkpoint_average
plasma_membrane_wga,scpair_ops,3,197,0.0,False,checkpoint_average
plasma_membrane_wga,ridge,4,222,0.0,False,checkpoint_average
plasma_membrane_wga,gbdt,4,222,0.0,False,checkpoint_average
plasma_membrane_wga,catboost_multirmse,4,222,0.0,False,checkpoint_average
plasma_membrane_wga,mlp,4,222,0.0,False,checkpoint_average
plasma_membrane_wga,tabm_specialists,4,222,0.0,False,checkpoint_average
plasma_membrane_wga,scbutterfly_ops_b,4,222,0.0,False,checkpoint_average
plasma_membrane_wga,resmlp_52head,4,222,0.0,False,checkpoint_average
plasma_membrane_wga,multitab_pilot,4,222,0.0,False,checkpoint_average
plasma_membrane_wga,midas_ops,4,222,0.0,False,checkpoint_average
plasma_membrane_wga,scpair_ops,4,222,0.0,False,checkpoint_average
microtubules_map4,ridge,0,211,0.0,False,checkpoint_average
microtubules_map4,gbdt,0,211,0.0,False,checkpoint_average
microtubules_map4,catboost_multirmse,0,211,0.0,False,checkpoint_average
microtubules_map4,mlp,0,211,0.0,False,checkpoint_average
microtubules_map4,tabm_specialists,0,211,0.0,False,checkpoint_average
microtubules_map4,scbutterfly_ops_b,0,211,0.0,False,checkpoint_average
microtubules_map4,resmlp_52head,0,211,0.0,False,checkpoint_average
microtubules_map4,multitab_pilot,0,211,0.0,False,checkpoint_average
microtubules_map4,midas_ops,0,211,0.0,False,checkpoint_average
microtubules_map4,scpair_ops,0,211,0.0,False,checkpoint_average
microtubules_map4,ridge,1,187,0.0,False,checkpoint_average
microtubules_map4,gbdt,1,187,0.0,False,checkpoint_average
microtubules_map4,catboost_multirmse,1,187,0.0,False,checkpoint_average
microtubules_map4,mlp,1,187,0.0,False,checkpoint_average
microtubules_map4,tabm_specialists,1,187,0.0,False,checkpoint_average
microtubules_map4,scbutterfly_ops_b,1,187,0.0,False,checkpoint_average
microtubules_map4,resmlp_52head,1,187,0.0,False,checkpoint_average
microtubules_map4,multitab_pilot,1,187,0.0,False,checkpoint_average
microtubules_map4,midas_ops,1,187,0.0,False,checkpoint_average
microtubules_map4,scpair_ops,1,187,0.0,False,checkpoint_average
microtubules_map4,ridge,2,183,0.0,False,checkpoint_average
microtubules_map4,gbdt,2,183,0.0,False,checkpoint_average
microtubules_map4,catboost_multirmse,2,183,0.0,False,checkpoint_average
microtubules_map4,mlp,2,183,0.0,False,checkpoint_average
microtubules_map4,tabm_specialists,2,183,0.0,False,checkpoint_average
microtubules_map4,scbutterfly_ops_b,2,183,0.0,False,checkpoint_average
microtubules_map4,resmlp_52head,2,183,0.0,False,checkpoint_average
microtubules_map4,multitab_pilot,2,183,0.0,False,checkpoint_average
microtubules_map4,midas_ops,2,183,0.0,False,checkpoint_average
microtubules_map4,scpair_ops,2,183,0.0,False,checkpoint_average
microtubules_map4,ridge,3,197,0.0,False,checkpoint_average
microtubules_map4,gbdt,3,197,0.0,False,checkpoint_average
microtubules_map4,catboost_multirmse,3,197,0.0,False,checkpoint_average
microtubules_map4,mlp,3,197,0.0,False,checkpoint_average
microtubules_map4,tabm_specialists,3,197,0.0,False,checkpoint_average
microtubules_map4,scbutterfly_ops_b,3,197,0.0,False,checkpoint_average
microtubules_map4,resmlp_52head,3,197,0.0,False,checkpoint_average
microtubules_map4,multitab_pilot,3,197,0.0,False,checkpoint_average
microtubules_map4,midas_ops,3,197,0.0,False,checkpoint_average
microtubules_map4,scpair_ops,3,197,0.0,False,checkpoint_average
microtubules_map4,ridge,4,222,0.0,False,checkpoint_average
microtubules_map4,gbdt,4,222,0.0,False,checkpoint_average
microtubules_map4,catboost_multirmse,4,222,0.0,False,checkpoint_average
microtubules_map4,mlp,4,222,0.0,False,checkpoint_average
microtubules_map4,tabm_specialists,4,222,0.0,False,checkpoint_average
microtubules_map4,scbutterfly_ops_b,4,222,0.0,False,checkpoint_average
microtubules_map4,resmlp_52head,4,222,0.0,False,checkpoint_average
microtubules_map4,multitab_pilot,4,222,0.0,False,checkpoint_average
microtubules_map4,midas_ops,4,222,0.0,False,checkpoint_average
microtubules_map4,scpair_ops,4,222,0.0,False,checkpoint_average
lipid_droplet_plin2,ridge,0,422,0.0,False,checkpoint_average
lipid_droplet_plin2,gbdt,0,422,0.0,False,checkpoint_average
lipid_droplet_plin2,catboost_multirmse,0,422,0.0,False,checkpoint_average
lipid_droplet_plin2,mlp,0,422,0.0,False,checkpoint_average
lipid_droplet_plin2,tabm_specialists,0,422,0.0,False,checkpoint_average
lipid_droplet_plin2,scbutterfly_ops_b,0,422,0.0,False,checkpoint_average
lipid_droplet_plin2,resmlp_52head,0,422,0.0,False,checkpoint_average
lipid_droplet_plin2,multitab_pilot,0,422,0.0,False,checkpoint_average
lipid_droplet_plin2,midas_ops,0,422,0.0,False,checkpoint_average
lipid_droplet_plin2,scpair_ops,0,422,0.0,False,checkpoint_average
lipid_droplet_plin2,ridge,1,374,0.0,False,checkpoint_average
lipid_droplet_plin2,gbdt,1,374,0.0,False,checkpoint_average
lipid_droplet_plin2,catboost_multirmse,1,374,0.0,False,checkpoint_average
lipid_droplet_plin2,mlp,1,374,0.0,False,checkpoint_average
lipid_droplet_plin2,tabm_specialists,1,374,0.0,False,checkpoint_average
lipid_droplet_plin2,scbutterfly_ops_b,1,374,0.0,False,checkpoint_average
lipid_droplet_plin2,resmlp_52head,1,374,0.0,False,checkpoint_average
lipid_droplet_plin2,multitab_pilot,1,374,0.0,False,checkpoint_average
lipid_droplet_plin2,midas_ops,1,374,0.0,False,checkpoint_average
lipid_droplet_plin2,scpair_ops,1,374,0.0,False,checkpoint_average
lipid_droplet_plin2,ridge,2,366,0.0,False,checkpoint_average
lipid_droplet_plin2,gbdt,2,366,0.0,False,checkpoint_average
lipid_droplet_plin2,catboost_multirmse,2,366,0.0,False,checkpoint_average
lipid_droplet_plin2,mlp,2,366,0.0,False,checkpoint_average
lipid_droplet_plin2,tabm_specialists,2,366,0.0,False,checkpoint_average
lipid_droplet_plin2,scbutterfly_ops_b,2,366,0.0,False,checkpoint_average
lipid_droplet_plin2,resmlp_52head,2,366,0.0,False,checkpoint_average
lipid_droplet_plin2,multitab_pilot,2,366,0.0,False,checkpoint_average
lipid_droplet_plin2,midas_ops,2,366,0.0,False,checkpoint_average
lipid_droplet_plin2,scpair_ops,2,366,0.0,False,checkpoint_average
lipid_droplet_plin2,ridge,3,394,0.0,False,checkpoint_average
lipid_droplet_plin2,gbdt,3,394,0.0,False,checkpoint_average
lipid_droplet_plin2,catboost_multirmse,3,394,0.0,False,checkpoint_average
lipid_droplet_plin2,mlp,3,394,0.0,False,checkpoint_average
lipid_droplet_plin2,tabm_specialists,3,394,0.0,False,checkpoint_average
lipid_droplet_plin2,scbutterfly_ops_b,3,394,0.0,False,checkpoint_average
lipid_droplet_plin2,resmlp_52head,3,394,0.0,False,checkpoint_average
lipid_droplet_plin2,multitab_pilot,3,394,0.0,False,checkpoint_average
lipid_droplet_plin2,midas_ops,3,394,0.0,False,checkpoint_average
lipid_droplet_plin2,scpair_ops,3,394,0.0,False,checkpoint_average
lipid_droplet_plin2,ridge,4,444,0.0,False,checkpoint_average
lipid_droplet_plin2,gbdt,4,444,0.0,False,checkpoint_average
lipid_droplet_plin2,catboost_multirmse,4,444,0.0,False,checkpoint_average
lipid_droplet_plin2,mlp,4,444,0.0,False,checkpoint_average
lipid_droplet_plin2,tabm_specialists,4,444,0.0,False,checkpoint_average
lipid_droplet_plin2,scbutterfly_ops_b,4,444,0.0,False,checkpoint_average
lipid_droplet_plin2,resmlp_52head,4,444,0.0,False,checkpoint_average
lipid_droplet_plin2,multitab_pilot,4,444,0.0,False,checkpoint_average
lipid_droplet_plin2,midas_ops,4,444,0.0,False,checkpoint_average
lipid_droplet_plin2,scpair_ops,4,444,0.0,False,checkpoint_average
cell_proliferation_marker_mki67,ridge,0,422,0.0,False,checkpoint_average
cell_proliferation_marker_mki67,gbdt,0,422,0.0,False,checkpoint_average
cell_proliferation_marker_mki67,catboost_multirmse,0,422,0.0,False,checkpoint_average
cell_proliferation_marker_mki67,mlp,0,422,0.0,False,checkpoint_average
cell_proliferation_marker_mki67,tabm_specialists,0,422,0.0,False,checkpoint_average
cell_proliferation_marker_mki67,scbutterfly_ops_b,0,422,0.0,False,checkpoint_average
cell_proliferation_marker_mki67,resmlp_52head,0,422,0.0,False,checkpoint_average
cell_proliferation_marker_mki67,multitab_pilot,0,422,0.0,False,checkpoint_average
cell_proliferation_marker_mki67,midas_ops,0,422,0.0,False,checkpoint_average
cell_proliferation_marker_mki67,scpair_ops,0,422,0.0,False,checkpoint_average
cell_proliferation_marker_mki67,ridge,1,374,0.0,False,checkpoint_average
cell_proliferation_marker_mki67,gbdt,1,374,0.0,False,checkpoint_average
cell_proliferation_marker_mki67,catboost_multirmse,1,374,0.0,False,checkpoint_average
cell_proliferation_marker_mki67,mlp,1,374,0.0,False,checkpoint_average
cell_proliferation_marker_mki67,tabm_specialists,1,374,0.0,False,checkpoint_average
cell_proliferation_marker_mki67,scbutterfly_ops_b,1,374,0.0,False,checkpoint_average
cell_proliferation_marker_mki67,resmlp_52head,1,374,0.0,False,checkpoint_average
cell_proliferation_marker_mki67,multitab_pilot,1,374,0.0,False,checkpoint_average
cell_proliferation_marker_mki67,midas_ops,1,374,0.0,False,checkpoint_average
cell_proliferation_marker_mki67,scpair_ops,1,374,0.0,False,checkpoint_average
cell_proliferation_marker_mki67,ridge,2,366,0.0,False,checkpoint_average
cell_proliferation_marker_mki67,gbdt,2,366,0.0,False,checkpoint_average
cell_proliferation_marker_mki67,catboost_multirmse,2,366,0.0,False,checkpoint_average
cell_proliferation_marker_mki67,mlp,2,366,0.0,False,checkpoint_average
cell_proliferation_marker_mki67,tabm_specialists,2,366,0.0,False,checkpoint_average
cell_proliferation_marker_mki67,scbutterfly_ops_b,2,366,0.0,False,checkpoint_average
cell_proliferation_marker_mki67,resmlp_52head,2,366,0.0,False,checkpoint_average
cell_proliferation_marker_mki67,multitab_pilot,2,366,0.0,False,checkpoint_average
cell_proliferation_marker_mki67,midas_ops,2,366,0.0,False,checkpoint_average
cell_proliferation_marker_mki67,scpair_ops,2,366,0.0,False,checkpoint_average
cell_proliferation_marker_mki67,ridge,3,394,0.0,False,checkpoint_average
cell_proliferation_marker_mki67,gbdt,3,394,0.0,False,checkpoint_average
cell_proliferation_marker_mki67,catboost_multirmse,3,394,0.0,False,checkpoint_average
cell_proliferation_marker_mki67,mlp,3,394,0.0,False,checkpoint_average
cell_proliferation_marker_mki67,tabm_specialists,3,394,0.0,False,checkpoint_average
cell_proliferation_marker_mki67,scbutterfly_ops_b,3,394,0.0,False,checkpoint_average
cell_proliferation_marker_mki67,resmlp_52head,3,394,0.0,False,checkpoint_average
cell_proliferation_marker_mki67,multitab_pilot,3,394,0.0,False,checkpoint_average
cell_proliferation_marker_mki67,midas_ops,3,394,0.0,False,checkpoint_average
cell_proliferation_marker_mki67,scpair_ops,3,394,0.0,False,checkpoint_average
cell_proliferation_marker_mki67,ridge,4,444,0.0,False,checkpoint_average
cell_proliferation_marker_mki67,gbdt,4,444,0.0,False,checkpoint_average
cell_proliferation_marker_mki67,catboost_multirmse,4,444,0.0,False,checkpoint_average
cell_proliferation_marker_mki67,mlp,4,444,0.0,False,checkpoint_average
cell_proliferation_marker_mki67,tabm_specialists,4,444,0.0,False,checkpoint_average
cell_proliferation_marker_mki67,scbutterfly_ops_b,4,444,0.0,False,checkpoint_average
cell_proliferation_marker_mki67,resmlp_52head,4,444,0.0,False,checkpoint_average
cell_proliferation_marker_mki67,multitab_pilot,4,444,0.0,False,checkpoint_average
cell_proliferation_marker_mki67,midas_ops,4,444,0.0,False,checkpoint_average
cell_proliferation_marker_mki67,scpair_ops,4,444,0.0,False,checkpoint_average
stress_granule_g3bp1,ridge,0,211,0.0,False,single
stress_granule_g3bp1,gbdt,0,211,0.0,False,single
stress_granule_g3bp1,catboost_multirmse,0,211,0.0,False,single
stress_granule_g3bp1,mlp,0,211,0.0,False,single
stress_granule_g3bp1,tabm_specialists,0,211,0.0,False,single
stress_granule_g3bp1,scbutterfly_ops_b,0,211,0.0,False,single
stress_granule_g3bp1,resmlp_52head,0,211,0.0,False,single
stress_granule_g3bp1,multitab_pilot,0,211,0.0,False,single
stress_granule_g3bp1,midas_ops,0,211,0.0,False,single
stress_granule_g3bp1,scpair_ops,0,211,0.0,False,single
stress_granule_g3bp1,ridge,1,187,0.0,False,single
stress_granule_g3bp1,gbdt,1,187,0.0,False,single
stress_granule_g3bp1,catboost_multirmse,1,187,0.0,False,single
stress_granule_g3bp1,mlp,1,187,0.0,False,single
stress_granule_g3bp1,tabm_specialists,1,187,0.0,False,single
stress_granule_g3bp1,scbutterfly_ops_b,1,187,0.0,False,single
stress_granule_g3bp1,resmlp_52head,1,187,0.0,False,single
stress_granule_g3bp1,multitab_pilot,1,187,0.0,False,single
stress_granule_g3bp1,midas_ops,1,187,0.0,False,single
stress_granule_g3bp1,scpair_ops,1,187,0.0,False,single
stress_granule_g3bp1,ridge,2,183,0.0,False,single
stress_granule_g3bp1,gbdt,2,183,0.0,False,single
stress_granule_g3bp1,catboost_multirmse,2,183,0.0,False,single
stress_granule_g3bp1,mlp,2,183,0.0,False,single
stress_granule_g3bp1,tabm_specialists,2,183,0.0,False,single
stress_granule_g3bp1,scbutterfly_ops_b,2,183,0.0,False,single
stress_granule_g3bp1,resmlp_52head,2,183,0.0,False,single
stress_granule_g3bp1,multitab_pilot,2,183,0.0,False,single
stress_granule_g3bp1,midas_ops,2,183,0.0,False,single
stress_granule_g3bp1,scpair_ops,2,183,0.0,False,single
stress_granule_g3bp1,ridge,3,197,0.0,False,single
stress_granule_g3bp1,gbdt,3,197,0.0,False,single
stress_granule_g3bp1,catboost_multirmse,3,197,0.0,False,single
stress_granule_g3bp1,mlp,3,197,0.0,False,single
stress_granule_g3bp1,tabm_specialists,3,197,0.0,False,single
stress_granule_g3bp1,scbutterfly_ops_b,3,197,0.0,False,single
stress_granule_g3bp1,resmlp_52head,3,197,0.0,False,single
stress_granule_g3bp1,multitab_pilot,3,197,0.0,False,single
stress_granule_g3bp1,midas_ops,3,197,0.0,False,single
stress_granule_g3bp1,scpair_ops,3,197,0.0,False,single
stress_granule_g3bp1,ridge,4,222,0.0,False,single
stress_granule_g3bp1,gbdt,4,222,0.0,False,single
stress_granule_g3bp1,catboost_multirmse,4,222,0.0,False,single
stress_granule_g3bp1,mlp,4,222,0.0,False,single
stress_granule_g3bp1,tabm_specialists,4,222,0.0,False,single
stress_granule_g3bp1,scbutterfly_ops_b,4,222,0.0,False,single
stress_granule_g3bp1,resmlp_52head,4,222,0.0,False,single
stress_granule_g3bp1,multitab_pilot,4,222,0.0,False,single
stress_granule_g3bp1,midas_ops,4,222,0.0,False,single
stress_granule_g3bp1,scpair_ops,4,222,0.0,False,single
lysosome_lysotracker_live-cell_dye,ridge,0,633,0.0,False,single
lysosome_lysotracker_live-cell_dye,gbdt,0,633,0.0,False,single
lysosome_lysotracker_live-cell_dye,catboost_multirmse,0,633,0.0,False,single
lysosome_lysotracker_live-cell_dye,mlp,0,633,0.0,False,single
lysosome_lysotracker_live-cell_dye,tabm_specialists,0,633,0.0,False,single
lysosome_lysotracker_live-cell_dye,scbutterfly_ops_b,0,633,0.0,False,single
lysosome_lysotracker_live-cell_dye,resmlp_52head,0,633,0.0,False,single
lysosome_lysotracker_live-cell_dye,multitab_pilot,0,633,0.0,False,single
lysosome_lysotracker_live-cell_dye,midas_ops,0,633,0.0,False,single
lysosome_lysotracker_live-cell_dye,scpair_ops,0,633,0.0,False,single
lysosome_lysotracker_live-cell_dye,ridge,1,561,0.0,False,single
lysosome_lysotracker_live-cell_dye,gbdt,1,561,0.0,False,single
lysosome_lysotracker_live-cell_dye,catboost_multirmse,1,561,0.0,False,single
lysosome_lysotracker_live-cell_dye,mlp,1,561,0.0,False,single
lysosome_lysotracker_live-cell_dye,tabm_specialists,1,561,0.0,False,single
lysosome_lysotracker_live-cell_dye,scbutterfly_ops_b,1,561,0.0,False,single
lysosome_lysotracker_live-cell_dye,resmlp_52head,1,561,0.0,False,single
lysosome_lysotracker_live-cell_dye,multitab_pilot,1,561,0.0,False,single
lysosome_lysotracker_live-cell_dye,midas_ops,1,561,0.0,False,single
lysosome_lysotracker_live-cell_dye,scpair_ops,1,561,0.0,False,single
lysosome_lysotracker_live-cell_dye,ridge,2,549,0.0,False,single
lysosome_lysotracker_live-cell_dye,gbdt,2,549,0.0,False,single
lysosome_lysotracker_live-cell_dye,catboost_multirmse,2,549,0.0,False,single
lysosome_lysotracker_live-cell_dye,mlp,2,549,0.0,False,single
lysosome_lysotracker_live-cell_dye,tabm_specialists,2,549,0.0,False,single
lysosome_lysotracker_live-cell_dye,scbutterfly_ops_b,2,549,0.0,False,single
lysosome_lysotracker_live-cell_dye,resmlp_52head,2,549,0.0,False,single
lysosome_lysotracker_live-cell_dye,multitab_pilot,2,549,0.0,False,single
lysosome_lysotracker_live-cell_dye,midas_ops,2,549,0.0,False,single
lysosome_lysotracker_live-cell_dye,scpair_ops,2,549,0.0,False,single
lysosome_lysotracker_live-cell_dye,ridge,3,591,0.0,False,single
lysosome_lysotracker_live-cell_dye,gbdt,3,591,0.0,False,single
lysosome_lysotracker_live-cell_dye,catboost_multirmse,3,591,0.0,False,single
lysosome_lysotracker_live-cell_dye,mlp,3,591,0.0,False,single
lysosome_lysotracker_live-cell_dye,tabm_specialists,3,591,0.0,False,single
lysosome_lysotracker_live-cell_dye,scbutterfly_ops_b,3,591,0.0,False,single
lysosome_lysotracker_live-cell_dye,resmlp_52head,3,591,0.0,False,single
lysosome_lysotracker_live-cell_dye,multitab_pilot,3,591,0.0,False,single
lysosome_lysotracker_live-cell_dye,midas_ops,3,591,0.0,False,single
lysosome_lysotracker_live-cell_dye,scpair_ops,3,591,0.0,False,single
lysosome_lysotracker_live-cell_dye,ridge,4,666,0.0,False,single
lysosome_lysotracker_live-cell_dye,gbdt,4,666,0.0,False,single
lysosome_lysotracker_live-cell_dye,catboost_multirmse,4,666,0.0,False,single
lysosome_lysotracker_live-cell_dye,mlp,4,666,0.0,False,single
lysosome_lysotracker_live-cell_dye,tabm_specialists,4,666,0.0,False,single
lysosome_lysotracker_live-cell_dye,scbutterfly_ops_b,4,666,0.0,False,single
lysosome_lysotracker_live-cell_dye,resmlp_52head,4,666,0.0,False,single
lysosome_lysotracker_live-cell_dye,multitab_pilot,4,666,0.0,False,single
lysosome_lysotracker_live-cell_dye,midas_ops,4,666,0.0,False,single
lysosome_lysotracker_live-cell_dye,scpair_ops,4,666,0.0,False,single
er_golgi_cop-ii_sec23a,ridge,0,211,0.0,False,single
er_golgi_cop-ii_sec23a,gbdt,0,211,0.0,False,single
er_golgi_cop-ii_sec23a,catboost_multirmse,0,211,0.0,False,single
er_golgi_cop-ii_sec23a,mlp,0,211,0.0,False,single
er_golgi_cop-ii_sec23a,tabm_specialists,0,211,0.0,False,single
er_golgi_cop-ii_sec23a,scbutterfly_ops_b,0,211,0.0,False,single
er_golgi_cop-ii_sec23a,resmlp_52head,0,211,0.0,False,single
er_golgi_cop-ii_sec23a,multitab_pilot,0,211,0.0,False,single
er_golgi_cop-ii_sec23a,midas_ops,0,211,0.0,False,single
er_golgi_cop-ii_sec23a,scpair_ops,0,211,0.0,False,single
er_golgi_cop-ii_sec23a,ridge,1,187,0.0,False,single
er_golgi_cop-ii_sec23a,gbdt,1,187,0.0,False,single
er_golgi_cop-ii_sec23a,catboost_multirmse,1,187,0.0,False,single
er_golgi_cop-ii_sec23a,mlp,1,187,0.0,False,single
er_golgi_cop-ii_sec23a,tabm_specialists,1,187,0.0,False,single
er_golgi_cop-ii_sec23a,scbutterfly_ops_b,1,187,0.0,False,single
er_golgi_cop-ii_sec23a,resmlp_52head,1,187,0.0,False,single
er_golgi_cop-ii_sec23a,multitab_pilot,1,187,0.0,False,single
er_golgi_cop-ii_sec23a,midas_ops,1,187,0.0,False,single
er_golgi_cop-ii_sec23a,scpair_ops,1,187,0.0,False,single
er_golgi_cop-ii_sec23a,ridge,2,183,0.0,False,single
er_golgi_cop-ii_sec23a,gbdt,2,183,0.0,False,single
er_golgi_cop-ii_sec23a,catboost_multirmse,2,183,0.0,False,single
er_golgi_cop-ii_sec23a,mlp,2,183,0.0,False,single
er_golgi_cop-ii_sec23a,tabm_specialists,2,183,0.0,False,single
er_golgi_cop-ii_sec23a,scbutterfly_ops_b,2,183,0.0,False,single
er_golgi_cop-ii_sec23a,resmlp_52head,2,183,0.0,False,single
er_golgi_cop-ii_sec23a,multitab_pilot,2,183,0.0,False,single
er_golgi_cop-ii_sec23a,midas_ops,2,183,0.0,False,single
er_golgi_cop-ii_sec23a,scpair_ops,2,183,0.0,False,single
er_golgi_cop-ii_sec23a,ridge,3,197,0.0,False,single
er_golgi_cop-ii_sec23a,gbdt,3,197,0.0,False,single
er_golgi_cop-ii_sec23a,catboost_multirmse,3,197,0.0,False,single
er_golgi_cop-ii_sec23a,mlp,3,197,0.0,False,single
er_golgi_cop-ii_sec23a,tabm_specialists,3,197,0.0,False,single
er_golgi_cop-ii_sec23a,scbutterfly_ops_b,3,197,0.0,False,single
er_golgi_cop-ii_sec23a,resmlp_52head,3,197,0.0,False,single
er_golgi_cop-ii_sec23a,multitab_pilot,3,197,0.0,False,single
er_golgi_cop-ii_sec23a,midas_ops,3,197,0.0,False,single
er_golgi_cop-ii_sec23a,scpair_ops,3,197,0.0,False,single
er_golgi_cop-ii_sec23a,ridge,4,222,0.0,False,single
er_golgi_cop-ii_sec23a,gbdt,4,222,0.0,False,single
er_golgi_cop-ii_sec23a,catboost_multirmse,4,222,0.0,False,single
er_golgi_cop-ii_sec23a,mlp,4,222,0.0,False,single
er_golgi_cop-ii_sec23a,tabm_specialists,4,222,0.0,False,single
er_golgi_cop-ii_sec23a,scbutterfly_ops_b,4,222,0.0,False,single
er_golgi_cop-ii_sec23a,resmlp_52head,4,222,0.0,False,single
er_golgi_cop-ii_sec23a,multitab_pilot,4,222,0.0,False,single
er_golgi_cop-ii_sec23a,midas_ops,4,222,0.0,False,single
er_golgi_cop-ii_sec23a,scpair_ops,4,222,0.0,False,single
early_endosome_eea1,ridge,0,211,0.0,False,single
early_endosome_eea1,gbdt,0,211,0.0,False,single
early_endosome_eea1,catboost_multirmse,0,211,0.0,False,single
early_endosome_eea1,mlp,0,211,0.0,False,single
early_endosome_eea1,tabm_specialists,0,211,0.0,False,single
early_endosome_eea1,scbutterfly_ops_b,0,211,0.0,False,single
early_endosome_eea1,resmlp_52head,0,211,0.0,False,single
early_endosome_eea1,multitab_pilot,0,211,0.0,False,single
early_endosome_eea1,midas_ops,0,211,0.0,False,single
early_endosome_eea1,scpair_ops,0,211,0.0,False,single
early_endosome_eea1,ridge,1,187,0.0,False,single
early_endosome_eea1,gbdt,1,187,0.0,False,single
early_endosome_eea1,catboost_multirmse,1,187,0.0,False,single
early_endosome_eea1,mlp,1,187,0.0,False,single
early_endosome_eea1,tabm_specialists,1,187,0.0,False,single
early_endosome_eea1,scbutterfly_ops_b,1,187,0.0,False,single
early_endosome_eea1,resmlp_52head,1,187,0.0,False,single
early_endosome_eea1,multitab_pilot,1,187,0.0,False,single
early_endosome_eea1,midas_ops,1,187,0.0,False,single
early_endosome_eea1,scpair_ops,1,187,0.0,False,single
early_endosome_eea1,ridge,2,183,0.0,False,single
early_endosome_eea1,gbdt,2,183,0.0,False,single
early_endosome_eea1,catboost_multirmse,2,183,0.0,False,single
early_endosome_eea1,mlp,2,183,0.0,False,single
early_endosome_eea1,tabm_specialists,2,183,0.0,False,single
early_endosome_eea1,scbutterfly_ops_b,2,183,0.0,False,single
early_endosome_eea1,resmlp_52head,2,183,0.0,False,single
early_endosome_eea1,multitab_pilot,2,183,0.0,False,single
early_endosome_eea1,midas_ops,2,183,0.0,False,single
early_endosome_eea1,scpair_ops,2,183,0.0,False,single
early_endosome_eea1,ridge,3,197,0.0,False,single
early_endosome_eea1,gbdt,3,197,0.0,False,single
early_endosome_eea1,catboost_multirmse,3,197,0.0,False,single
early_endosome_eea1,mlp,3,197,0.0,False,single
early_endosome_eea1,tabm_specialists,3,197,0.0,False,single
early_endosome_eea1,scbutterfly_ops_b,3,197,0.0,False,single
early_endosome_eea1,resmlp_52head,3,197,0.0,False,single
early_endosome_eea1,multitab_pilot,3,197,0.0,False,single
early_endosome_eea1,midas_ops,3,197,0.0,False,single
early_endosome_eea1,scpair_ops,3,197,0.0,False,single
early_endosome_eea1,ridge,4,222,0.0,False,single
early_endosome_eea1,gbdt,4,222,0.0,False,single
early_endosome_eea1,catboost_multirmse,4,222,0.0,False,single
early_endosome_eea1,mlp,4,222,0.0,False,single
early_endosome_eea1,tabm_specialists,4,222,0.0,False,single
early_endosome_eea1,scbutterfly_ops_b,4,222,0.0,False,single
early_endosome_eea1,resmlp_52head,4,222,0.0,False,single
early_endosome_eea1,multitab_pilot,4,222,0.0,False,single
early_endosome_eea1,midas_ops,4,222,0.0,False,single
early_endosome_eea1,scpair_ops,4,222,0.0,False,single
lipid_droplet_bodipy_live_cell_dye,ridge,0,422,0.0,False,single
lipid_droplet_bodipy_live_cell_dye,gbdt,0,422,0.0,False,single
lipid_droplet_bodipy_live_cell_dye,catboost_multirmse,0,422,0.0,False,single
lipid_droplet_bodipy_live_cell_dye,mlp,0,422,0.0,False,single
lipid_droplet_bodipy_live_cell_dye,tabm_specialists,0,422,0.0,False,single
lipid_droplet_bodipy_live_cell_dye,scbutterfly_ops_b,0,422,0.0,False,single
lipid_droplet_bodipy_live_cell_dye,resmlp_52head,0,422,0.0,False,single
lipid_droplet_bodipy_live_cell_dye,multitab_pilot,0,422,0.0,False,single
lipid_droplet_bodipy_live_cell_dye,midas_ops,0,422,0.0,False,single
lipid_droplet_bodipy_live_cell_dye,scpair_ops,0,422,0.0,False,single
lipid_droplet_bodipy_live_cell_dye,ridge,1,374,0.0,False,single
lipid_droplet_bodipy_live_cell_dye,gbdt,1,374,0.0,False,single
lipid_droplet_bodipy_live_cell_dye,catboost_multirmse,1,374,0.0,False,single
lipid_droplet_bodipy_live_cell_dye,mlp,1,374,0.0,False,single
lipid_droplet_bodipy_live_cell_dye,tabm_specialists,1,374,0.0,False,single
lipid_droplet_bodipy_live_cell_dye,scbutterfly_ops_b,1,374,0.0,False,single
lipid_droplet_bodipy_live_cell_dye,resmlp_52head,1,374,0.0,False,single
lipid_droplet_bodipy_live_cell_dye,multitab_pilot,1,374,0.0,False,single
lipid_droplet_bodipy_live_cell_dye,midas_ops,1,374,0.0,False,single
lipid_droplet_bodipy_live_cell_dye,scpair_ops,1,374,0.0,False,single
lipid_droplet_bodipy_live_cell_dye,ridge,2,366,0.0,False,single
lipid_droplet_bodipy_live_cell_dye,gbdt,2,366,0.0,False,single
lipid_droplet_bodipy_live_cell_dye,catboost_multirmse,2,366,0.0,False,single
lipid_droplet_bodipy_live_cell_dye,mlp,2,366,0.0,False,single
lipid_droplet_bodipy_live_cell_dye,tabm_specialists,2,366,0.0,False,single
lipid_droplet_bodipy_live_cell_dye,scbutterfly_ops_b,2,366,0.0,False,single
lipid_droplet_bodipy_live_cell_dye,resmlp_52head,2,366,0.0,False,single
lipid_droplet_bodipy_live_cell_dye,multitab_pilot,2,366,0.0,False,single
lipid_droplet_bodipy_live_cell_dye,midas_ops,2,366,0.0,False,single
lipid_droplet_bodipy_live_cell_dye,scpair_ops,2,366,0.0,False,single
lipid_droplet_bodipy_live_cell_dye,ridge,3,394,0.0,False,single
lipid_droplet_bodipy_live_cell_dye,gbdt,3,394,0.0,False,single
lipid_droplet_bodipy_live_cell_dye,catboost_multirmse,3,394,0.0,False,single
lipid_droplet_bodipy_live_cell_dye,mlp,3,394,0.0,False,single
lipid_droplet_bodipy_live_cell_dye,tabm_specialists,3,394,0.0,False,single
lipid_droplet_bodipy_live_cell_dye,scbutterfly_ops_b,3,394,0.0,False,single
lipid_droplet_bodipy_live_cell_dye,resmlp_52head,3,394,0.0,False,single
lipid_droplet_bodipy_live_cell_dye,multitab_pilot,3,394,0.0,False,single
lipid_droplet_bodipy_live_cell_dye,midas_ops,3,394,0.0,False,single
lipid_droplet_bodipy_live_cell_dye,scpair_ops,3,394,0.0,False,single
lipid_droplet_bodipy_live_cell_dye,ridge,4,444,0.0,False,single
lipid_droplet_bodipy_live_cell_dye,gbdt,4,444,0.0,False,single
lipid_droplet_bodipy_live_cell_dye,catboost_multirmse,4,444,0.0,False,single
lipid_droplet_bodipy_live_cell_dye,mlp,4,444,0.0,False,single
lipid_droplet_bodipy_live_cell_dye,tabm_specialists,4,444,0.0,False,single
lipid_droplet_bodipy_live_cell_dye,scbutterfly_ops_b,4,444,0.0,False,single
lipid_droplet_bodipy_live_cell_dye,resmlp_52head,4,444,0.0,False,single
lipid_droplet_bodipy_live_cell_dye,multitab_pilot,4,444,0.0,False,single
lipid_droplet_bodipy_live_cell_dye,midas_ops,4,444,0.0,False,single
lipid_droplet_bodipy_live_cell_dye,scpair_ops,4,444,0.0,False,single
late_endosome_rab7a,ridge,0,422,0.0,False,single
late_endosome_rab7a,gbdt,0,422,0.0,False,single
late_endosome_rab7a,catboost_multirmse,0,422,0.0,False,single
late_endosome_rab7a,mlp,0,422,0.0,False,single
late_endosome_rab7a,tabm_specialists,0,422,0.0,False,single
late_endosome_rab7a,scbutterfly_ops_b,0,422,0.0,False,single
late_endosome_rab7a,resmlp_52head,0,422,0.0,False,single
late_endosome_rab7a,multitab_pilot,0,422,0.0,False,single
late_endosome_rab7a,midas_ops,0,422,0.0,False,single
late_endosome_rab7a,scpair_ops,0,422,0.0,False,single
late_endosome_rab7a,ridge,1,374,0.0,False,single
late_endosome_rab7a,gbdt,1,374,0.0,False,single
late_endosome_rab7a,catboost_multirmse,1,374,0.0,False,single
late_endosome_rab7a,mlp,1,374,0.0,False,single
late_endosome_rab7a,tabm_specialists,1,374,0.0,False,single
late_endosome_rab7a,scbutterfly_ops_b,1,374,0.0,False,single
late_endosome_rab7a,resmlp_52head,1,374,0.0,False,single
late_endosome_rab7a,multitab_pilot,1,374,0.0,False,single
late_endosome_rab7a,midas_ops,1,374,0.0,False,single
late_endosome_rab7a,scpair_ops,1,374,0.0,False,single
late_endosome_rab7a,ridge,2,366,0.0,False,single
late_endosome_rab7a,gbdt,2,366,0.0,False,single
late_endosome_rab7a,catboost_multirmse,2,366,0.0,False,single
late_endosome_rab7a,mlp,2,366,0.0,False,single
late_endosome_rab7a,tabm_specialists,2,366,0.0,False,single
late_endosome_rab7a,scbutterfly_ops_b,2,366,0.0,False,single
late_endosome_rab7a,resmlp_52head,2,366,0.0,False,single
late_endosome_rab7a,multitab_pilot,2,366,0.0,False,single
late_endosome_rab7a,midas_ops,2,366,0.0,False,single
late_endosome_rab7a,scpair_ops,2,366,0.0,False,single
late_endosome_rab7a,ridge,3,394,0.0,False,single
late_endosome_rab7a,gbdt,3,394,0.0,False,single
late_endosome_rab7a,catboost_multirmse,3,394,0.0,False,single
late_endosome_rab7a,mlp,3,394,0.0,False,single
late_endosome_rab7a,tabm_specialists,3,394,0.0,False,single
late_endosome_rab7a,scbutterfly_ops_b,3,394,0.0,False,single
late_endosome_rab7a,resmlp_52head,3,394,0.0,False,single
late_endosome_rab7a,multitab_pilot,3,394,0.0,False,single
late_endosome_rab7a,midas_ops,3,394,0.0,False,single
late_endosome_rab7a,scpair_ops,3,394,0.0,False,single
late_endosome_rab7a,ridge,4,444,0.0,False,single
late_endosome_rab7a,gbdt,4,444,0.0,False,single
late_endosome_rab7a,catboost_multirmse,4,444,0.0,False,single
late_endosome_rab7a,mlp,4,444,0.0,False,single
late_endosome_rab7a,tabm_specialists,4,444,0.0,False,single
late_endosome_rab7a,scbutterfly_ops_b,4,444,0.0,False,single
late_endosome_rab7a,resmlp_52head,4,444,0.0,False,single
late_endosome_rab7a,multitab_pilot,4,444,0.0,False,single
late_endosome_rab7a,midas_ops,4,444,0.0,False,single
late_endosome_rab7a,scpair_ops,4,444,0.0,False,single
actin_filament_fastact_spy555_live_cell_dye,ridge,0,1055,0.0,False,single
actin_filament_fastact_spy555_live_cell_dye,gbdt,0,1055,0.0,False,single
actin_filament_fastact_spy555_live_cell_dye,catboost_multirmse,0,1055,0.0,False,single
actin_filament_fastact_spy555_live_cell_dye,mlp,0,1055,0.0,False,single
actin_filament_fastact_spy555_live_cell_dye,tabm_specialists,0,1055,0.0,False,single
actin_filament_fastact_spy555_live_cell_dye,scbutterfly_ops_b,0,1055,0.0,False,single
actin_filament_fastact_spy555_live_cell_dye,resmlp_52head,0,1055,0.0,False,single
actin_filament_fastact_spy555_live_cell_dye,multitab_pilot,0,1055,0.0,False,single
actin_filament_fastact_spy555_live_cell_dye,midas_ops,0,1055,0.0,False,single
actin_filament_fastact_spy555_live_cell_dye,scpair_ops,0,1055,0.0,False,single
actin_filament_fastact_spy555_live_cell_dye,ridge,1,935,0.0,False,single
actin_filament_fastact_spy555_live_cell_dye,gbdt,1,935,0.0,False,single
actin_filament_fastact_spy555_live_cell_dye,catboost_multirmse,1,935,0.0,False,single
actin_filament_fastact_spy555_live_cell_dye,mlp,1,935,0.0,False,single
actin_filament_fastact_spy555_live_cell_dye,tabm_specialists,1,935,0.0,False,single
actin_filament_fastact_spy555_live_cell_dye,scbutterfly_ops_b,1,935,0.0,False,single
actin_filament_fastact_spy555_live_cell_dye,resmlp_52head,1,935,0.0,False,single
actin_filament_fastact_spy555_live_cell_dye,multitab_pilot,1,935,0.0,False,single
actin_filament_fastact_spy555_live_cell_dye,midas_ops,1,935,0.0,False,single
actin_filament_fastact_spy555_live_cell_dye,scpair_ops,1,935,0.0,False,single
actin_filament_fastact_spy555_live_cell_dye,ridge,2,915,0.0,False,single
actin_filament_fastact_spy555_live_cell_dye,gbdt,2,915,0.0,False,single
actin_filament_fastact_spy555_live_cell_dye,catboost_multirmse,2,915,0.0,False,single
actin_filament_fastact_spy555_live_cell_dye,mlp,2,915,0.0,False,single
actin_filament_fastact_spy555_live_cell_dye,tabm_specialists,2,915,0.0,False,single
actin_filament_fastact_spy555_live_cell_dye,scbutterfly_ops_b,2,915,0.0,False,single
actin_filament_fastact_spy555_live_cell_dye,resmlp_52head,2,915,0.0,False,single
actin_filament_fastact_spy555_live_cell_dye,multitab_pilot,2,915,0.0,False,single
actin_filament_fastact_spy555_live_cell_dye,midas_ops,2,915,0.0,False,single
actin_filament_fastact_spy555_live_cell_dye,scpair_ops,2,915,0.0,False,single
actin_filament_fastact_spy555_live_cell_dye,ridge,3,985,0.0,False,single
actin_filament_fastact_spy555_live_cell_dye,gbdt,3,985,0.0,False,single
actin_filament_fastact_spy555_live_cell_dye,catboost_multirmse,3,985,0.0,False,single
actin_filament_fastact_spy555_live_cell_dye,mlp,3,985,0.0,False,single
actin_filament_fastact_spy555_live_cell_dye,tabm_specialists,3,985,0.0,False,single
actin_filament_fastact_spy555_live_cell_dye,scbutterfly_ops_b,3,985,0.0,False,single
actin_filament_fastact_spy555_live_cell_dye,resmlp_52head,3,985,0.0,False,single
actin_filament_fastact_spy555_live_cell_dye,multitab_pilot,3,985,0.0,False,single
actin_filament_fastact_spy555_live_cell_dye,midas_ops,3,985,0.0,False,single
actin_filament_fastact_spy555_live_cell_dye,scpair_ops,3,985,0.0,False,single
actin_filament_fastact_spy555_live_cell_dye,ridge,4,1110,0.0,False,single
actin_filament_fastact_spy555_live_cell_dye,gbdt,4,1110,0.0,False,single
actin_filament_fastact_spy555_live_cell_dye,catboost_multirmse,4,1110,0.0,False,single
actin_filament_fastact_spy555_live_cell_dye,mlp,4,1110,0.0,False,single
actin_filament_fastact_spy555_live_cell_dye,tabm_specialists,4,1110,0.0,False,single
actin_filament_fastact_spy555_live_cell_dye,scbutterfly_ops_b,4,1110,0.0,False,single
actin_filament_fastact_spy555_live_cell_dye,resmlp_52head,4,1110,0.0,False,single
actin_filament_fastact_spy555_live_cell_dye,multitab_pilot,4,1110,0.0,False,single
actin_filament_fastact_spy555_live_cell_dye,midas_ops,4,1110,0.0,False,single
actin_filament_fastact_spy555_live_cell_dye,scpair_ops,4,1110,0.0,False,single
plasma_membrane_slc3a2,ridge,0,422,0.0,False,single
plasma_membrane_slc3a2,gbdt,0,422,0.0,False,single
plasma_membrane_slc3a2,catboost_multirmse,0,422,0.0,False,single
plasma_membrane_slc3a2,mlp,0,422,0.0,False,single
plasma_membrane_slc3a2,tabm_specialists,0,422,0.0,False,single
plasma_membrane_slc3a2,scbutterfly_ops_b,0,422,0.0,False,single
plasma_membrane_slc3a2,resmlp_52head,0,422,0.0,False,single
plasma_membrane_slc3a2,multitab_pilot,0,422,0.0,False,single
plasma_membrane_slc3a2,midas_ops,0,422,0.0,False,single
plasma_membrane_slc3a2,scpair_ops,0,422,0.0,False,single
plasma_membrane_slc3a2,ridge,1,374,0.0,False,single
plasma_membrane_slc3a2,gbdt,1,374,0.0,False,single
plasma_membrane_slc3a2,catboost_multirmse,1,374,0.0,False,single
plasma_membrane_slc3a2,mlp,1,374,0.0,False,single
plasma_membrane_slc3a2,tabm_specialists,1,374,0.0,False,single
plasma_membrane_slc3a2,scbutterfly_ops_b,1,374,0.0,False,single
plasma_membrane_slc3a2,resmlp_52head,1,374,0.0,False,single
plasma_membrane_slc3a2,multitab_pilot,1,374,0.0,False,single
plasma_membrane_slc3a2,midas_ops,1,374,0.0,False,single
plasma_membrane_slc3a2,scpair_ops,1,374,0.0,False,single
plasma_membrane_slc3a2,ridge,2,366,0.0,False,single
plasma_membrane_slc3a2,gbdt,2,366,0.0,False,single
plasma_membrane_slc3a2,catboost_multirmse,2,366,0.0,False,single
plasma_membrane_slc3a2,mlp,2,366,0.0,False,single
plasma_membrane_slc3a2,tabm_specialists,2,366,0.0,False,single
plasma_membrane_slc3a2,scbutterfly_ops_b,2,366,0.0,False,single
plasma_membrane_slc3a2,resmlp_52head,2,366,0.0,False,single
plasma_membrane_slc3a2,multitab_pilot,2,366,0.0,False,single
plasma_membrane_slc3a2,midas_ops,2,366,0.0,False,single
plasma_membrane_slc3a2,scpair_ops,2,366,0.0,False,single
plasma_membrane_slc3a2,ridge,3,394,0.0,False,single
plasma_membrane_slc3a2,gbdt,3,394,0.0,False,single
plasma_membrane_slc3a2,catboost_multirmse,3,394,0.0,False,single
plasma_membrane_slc3a2,mlp,3,394,0.0,False,single
plasma_membrane_slc3a2,tabm_specialists,3,394,0.0,False,single
plasma_membrane_slc3a2,scbutterfly_ops_b,3,394,0.0,False,single
plasma_membrane_slc3a2,resmlp_52head,3,394,0.0,False,single
plasma_membrane_slc3a2,multitab_pilot,3,394,0.0,False,single
plasma_membrane_slc3a2,midas_ops,3,394,0.0,False,single
plasma_membrane_slc3a2,scpair_ops,3,394,0.0,False,single
plasma_membrane_slc3a2,ridge,4,444,0.0,False,single
plasma_membrane_slc3a2,gbdt,4,444,0.0,False,single
plasma_membrane_slc3a2,catboost_multirmse,4,444,0.0,False,single
plasma_membrane_slc3a2,mlp,4,444,0.0,False,single
plasma_membrane_slc3a2,tabm_specialists,4,444,0.0,False,single
plasma_membrane_slc3a2,scbutterfly_ops_b,4,444,0.0,False,single
plasma_membrane_slc3a2,resmlp_52head,4,444,0.0,False,single
plasma_membrane_slc3a2,multitab_pilot,4,444,0.0,False,single
plasma_membrane_slc3a2,midas_ops,4,444,0.0,False,single
plasma_membrane_slc3a2,scpair_ops,4,444,0.0,False,single
clathrin_vesicles_clta,ridge,0,422,0.0,False,single
clathrin_vesicles_clta,gbdt,0,422,0.0,False,single
clathrin_vesicles_clta,catboost_multirmse,0,422,0.0,False,single
clathrin_vesicles_clta,mlp,0,422,0.0,False,single
clathrin_vesicles_clta,tabm_specialists,0,422,0.0,False,single
clathrin_vesicles_clta,scbutterfly_ops_b,0,422,0.0,False,single
clathrin_vesicles_clta,resmlp_52head,0,422,0.0,False,single
clathrin_vesicles_clta,multitab_pilot,0,422,0.0,False,single
clathrin_vesicles_clta,midas_ops,0,422,0.0,False,single
clathrin_vesicles_clta,scpair_ops,0,422,0.0,False,single
clathrin_vesicles_clta,ridge,1,374,0.0,False,single
clathrin_vesicles_clta,gbdt,1,374,0.0,False,single
clathrin_vesicles_clta,catboost_multirmse,1,374,0.0,False,single
clathrin_vesicles_clta,mlp,1,374,0.0,False,single
clathrin_vesicles_clta,tabm_specialists,1,374,0.0,False,single
clathrin_vesicles_clta,scbutterfly_ops_b,1,374,0.0,False,single
clathrin_vesicles_clta,resmlp_52head,1,374,0.0,False,single
clathrin_vesicles_clta,multitab_pilot,1,374,0.0,False,single
clathrin_vesicles_clta,midas_ops,1,374,0.0,False,single
clathrin_vesicles_clta,scpair_ops,1,374,0.0,False,single
clathrin_vesicles_clta,ridge,2,366,0.0,False,single
clathrin_vesicles_clta,gbdt,2,366,0.0,False,single
clathrin_vesicles_clta,catboost_multirmse,2,366,0.0,False,single
clathrin_vesicles_clta,mlp,2,366,0.0,False,single
clathrin_vesicles_clta,tabm_specialists,2,366,0.0,False,single
clathrin_vesicles_clta,scbutterfly_ops_b,2,366,0.0,False,single
clathrin_vesicles_clta,resmlp_52head,2,366,0.0,False,single
clathrin_vesicles_clta,multitab_pilot,2,366,0.0,False,single
clathrin_vesicles_clta,midas_ops,2,366,0.0,False,single
clathrin_vesicles_clta,scpair_ops,2,366,0.0,False,single
clathrin_vesicles_clta,ridge,3,394,0.0,False,single
clathrin_vesicles_clta,gbdt,3,394,0.0,False,single
clathrin_vesicles_clta,catboost_multirmse,3,394,0.0,False,single
clathrin_vesicles_clta,mlp,3,394,0.0,False,single
clathrin_vesicles_clta,tabm_specialists,3,394,0.0,False,single
clathrin_vesicles_clta,scbutterfly_ops_b,3,394,0.0,False,single
clathrin_vesicles_clta,resmlp_52head,3,394,0.0,False,single
clathrin_vesicles_clta,multitab_pilot,3,394,0.0,False,single
clathrin_vesicles_clta,midas_ops,3,394,0.0,False,single
clathrin_vesicles_clta,scpair_ops,3,394,0.0,False,single
clathrin_vesicles_clta,ridge,4,444,0.0,False,single
clathrin_vesicles_clta,gbdt,4,444,0.0,False,single
clathrin_vesicles_clta,catboost_multirmse,4,444,0.0,False,single
clathrin_vesicles_clta,mlp,4,444,0.0,False,single
clathrin_vesicles_clta,tabm_specialists,4,444,0.0,False,single
clathrin_vesicles_clta,scbutterfly_ops_b,4,444,0.0,False,single
clathrin_vesicles_clta,resmlp_52head,4,444,0.0,False,single
clathrin_vesicles_clta,multitab_pilot,4,444,0.0,False,single
clathrin_vesicles_clta,midas_ops,4,444,0.0,False,single
clathrin_vesicles_clta,scpair_ops,4,444,0.0,False,single
autophagosome_map1lc3b,ridge,0,633,0.0,False,single
autophagosome_map1lc3b,gbdt,0,633,0.0,False,single
autophagosome_map1lc3b,catboost_multirmse,0,633,0.0,False,single
autophagosome_map1lc3b,mlp,0,633,0.0,False,single
autophagosome_map1lc3b,tabm_specialists,0,633,0.0,False,single
autophagosome_map1lc3b,scbutterfly_ops_b,0,633,0.0,False,single
autophagosome_map1lc3b,resmlp_52head,0,633,0.0,False,single
autophagosome_map1lc3b,multitab_pilot,0,633,0.0,False,single
autophagosome_map1lc3b,midas_ops,0,633,0.0,False,single
autophagosome_map1lc3b,scpair_ops,0,633,0.0,False,single
autophagosome_map1lc3b,ridge,1,561,0.0,False,single
autophagosome_map1lc3b,gbdt,1,561,0.0,False,single
autophagosome_map1lc3b,catboost_multirmse,1,561,0.0,False,single
autophagosome_map1lc3b,mlp,1,561,0.0,False,single
autophagosome_map1lc3b,tabm_specialists,1,561,0.0,False,single
autophagosome_map1lc3b,scbutterfly_ops_b,1,561,0.0,False,single
autophagosome_map1lc3b,resmlp_52head,1,561,0.0,False,single
autophagosome_map1lc3b,multitab_pilot,1,561,0.0,False,single
autophagosome_map1lc3b,midas_ops,1,561,0.0,False,single
autophagosome_map1lc3b,scpair_ops,1,561,0.0,False,single
autophagosome_map1lc3b,ridge,2,549,0.0,False,single
autophagosome_map1lc3b,gbdt,2,549,0.0,False,single
autophagosome_map1lc3b,catboost_multirmse,2,549,0.0,False,single
autophagosome_map1lc3b,mlp,2,549,0.0,False,single
autophagosome_map1lc3b,tabm_specialists,2,549,0.0,False,single
autophagosome_map1lc3b,scbutterfly_ops_b,2,549,0.0,False,single
autophagosome_map1lc3b,resmlp_52head,2,549,0.0,False,single
autophagosome_map1lc3b,multitab_pilot,2,549,0.0,False,single
autophagosome_map1lc3b,midas_ops,2,549,0.0,False,single
autophagosome_map1lc3b,scpair_ops,2,549,0.0,False,single
autophagosome_map1lc3b,ridge,3,591,0.0,False,single
autophagosome_map1lc3b,gbdt,3,591,0.0,False,single
autophagosome_map1lc3b,catboost_multirmse,3,591,0.0,False,single
autophagosome_map1lc3b,mlp,3,591,0.0,False,single
autophagosome_map1lc3b,tabm_specialists,3,591,0.0,False,single
autophagosome_map1lc3b,scbutterfly_ops_b,3,591,0.0,False,single
autophagosome_map1lc3b,resmlp_52head,3,591,0.0,False,single
autophagosome_map1lc3b,multitab_pilot,3,591,0.0,False,single
autophagosome_map1lc3b,midas_ops,3,591,0.0,False,single
autophagosome_map1lc3b,scpair_ops,3,591,0.0,False,single
autophagosome_map1lc3b,ridge,4,666,0.0,False,single
autophagosome_map1lc3b,gbdt,4,666,0.0,False,single
autophagosome_map1lc3b,catboost_multirmse,4,666,0.0,False,single
autophagosome_map1lc3b,mlp,4,666,0.0,False,single
autophagosome_map1lc3b,tabm_specialists,4,666,0.0,False,single
autophagosome_map1lc3b,scbutterfly_ops_b,4,666,0.0,False,single
autophagosome_map1lc3b,resmlp_52head,4,666,0.0,False,single
autophagosome_map1lc3b,multitab_pilot,4,666,0.0,False,single
autophagosome_map1lc3b,midas_ops,4,666,0.0,False,single
autophagosome_map1lc3b,scpair_ops,4,666,0.0,False,single
fe2+_ferhonox_live-cell_dye,ridge,0,422,0.0,False,single
fe2+_ferhonox_live-cell_dye,gbdt,0,422,0.0,False,single
fe2+_ferhonox_live-cell_dye,catboost_multirmse,0,422,0.0,False,single
fe2+_ferhonox_live-cell_dye,mlp,0,422,0.0,False,single
fe2+_ferhonox_live-cell_dye,tabm_specialists,0,422,0.0,False,single
fe2+_ferhonox_live-cell_dye,scbutterfly_ops_b,0,422,0.0,False,single
fe2+_ferhonox_live-cell_dye,resmlp_52head,0,422,0.0,False,single
fe2+_ferhonox_live-cell_dye,multitab_pilot,0,422,0.0,False,single
fe2+_ferhonox_live-cell_dye,midas_ops,0,422,0.0,False,single
fe2+_ferhonox_live-cell_dye,scpair_ops,0,422,0.0,False,single
fe2+_ferhonox_live-cell_dye,ridge,1,374,0.0,False,single
fe2+_ferhonox_live-cell_dye,gbdt,1,374,0.0,False,single
fe2+_ferhonox_live-cell_dye,catboost_multirmse,1,374,0.0,False,single
fe2+_ferhonox_live-cell_dye,mlp,1,374,0.0,False,single
fe2+_ferhonox_live-cell_dye,tabm_specialists,1,374,0.0,False,single
fe2+_ferhonox_live-cell_dye,scbutterfly_ops_b,1,374,0.0,False,single
fe2+_ferhonox_live-cell_dye,resmlp_52head,1,374,0.0,False,single
fe2+_ferhonox_live-cell_dye,multitab_pilot,1,374,0.0,False,single
fe2+_ferhonox_live-cell_dye,midas_ops,1,374,0.0,False,single
fe2+_ferhonox_live-cell_dye,scpair_ops,1,374,0.0,False,single
fe2+_ferhonox_live-cell_dye,ridge,2,366,0.0,False,single
fe2+_ferhonox_live-cell_dye,gbdt,2,366,0.0,False,single
fe2+_ferhonox_live-cell_dye,catboost_multirmse,2,366,0.0,False,single
fe2+_ferhonox_live-cell_dye,mlp,2,366,0.0,False,single
fe2+_ferhonox_live-cell_dye,tabm_specialists,2,366,0.0,False,single
fe2+_ferhonox_live-cell_dye,scbutterfly_ops_b,2,366,0.0,False,single
fe2+_ferhonox_live-cell_dye,resmlp_52head,2,366,0.0,False,single
fe2+_ferhonox_live-cell_dye,multitab_pilot,2,366,0.0,False,single
fe2+_ferhonox_live-cell_dye,midas_ops,2,366,0.0,False,single
fe2+_ferhonox_live-cell_dye,scpair_ops,2,366,0.0,False,single
fe2+_ferhonox_live-cell_dye,ridge,3,394,0.0,False,single
fe2+_ferhonox_live-cell_dye,gbdt,3,394,0.0,False,single
fe2+_ferhonox_live-cell_dye,catboost_multirmse,3,394,0.0,False,single
fe2+_ferhonox_live-cell_dye,mlp,3,394,0.0,False,single
fe2+_ferhonox_live-cell_dye,tabm_specialists,3,394,0.0,False,single
fe2+_ferhonox_live-cell_dye,scbutterfly_ops_b,3,394,0.0,False,single
fe2+_ferhonox_live-cell_dye,resmlp_52head,3,394,0.0,False,single
fe2+_ferhonox_live-cell_dye,multitab_pilot,3,394,0.0,False,single
fe2+_ferhonox_live-cell_dye,midas_ops,3,394,0.0,False,single
fe2+_ferhonox_live-cell_dye,scpair_ops,3,394,0.0,False,single
fe2+_ferhonox_live-cell_dye,ridge,4,444,0.0,False,single
fe2+_ferhonox_live-cell_dye,gbdt,4,444,0.0,False,single
fe2+_ferhonox_live-cell_dye,catboost_multirmse,4,444,0.0,False,single
fe2+_ferhonox_live-cell_dye,mlp,4,444,0.0,False,single
fe2+_ferhonox_live-cell_dye,tabm_specialists,4,444,0.0,False,single
fe2+_ferhonox_live-cell_dye,scbutterfly_ops_b,4,444,0.0,False,single
fe2+_ferhonox_live-cell_dye,resmlp_52head,4,444,0.0,False,single
fe2+_ferhonox_live-cell_dye,multitab_pilot,4,444,0.0,False,single
fe2+_ferhonox_live-cell_dye,midas_ops,4,444,0.0,False,single
fe2+_ferhonox_live-cell_dye,scpair_ops,4,444,0.0,False,single
recycling_endosome_tfrc,ridge,0,422,0.0,False,single
recycling_endosome_tfrc,gbdt,0,422,0.0,False,single
recycling_endosome_tfrc,catboost_multirmse,0,422,0.0,False,single
recycling_endosome_tfrc,mlp,0,422,0.0,False,single
recycling_endosome_tfrc,tabm_specialists,0,422,0.0,False,single
recycling_endosome_tfrc,scbutterfly_ops_b,0,422,0.0,False,single
recycling_endosome_tfrc,resmlp_52head,0,422,0.0,False,single
recycling_endosome_tfrc,multitab_pilot,0,422,0.0,False,single
recycling_endosome_tfrc,midas_ops,0,422,0.0,False,single
recycling_endosome_tfrc,scpair_ops,0,422,0.0,False,single
recycling_endosome_tfrc,ridge,1,374,0.0,False,single
recycling_endosome_tfrc,gbdt,1,374,0.0,False,single
recycling_endosome_tfrc,catboost_multirmse,1,374,0.0,False,single
recycling_endosome_tfrc,mlp,1,374,0.0,False,single
recycling_endosome_tfrc,tabm_specialists,1,374,0.0,False,single
recycling_endosome_tfrc,scbutterfly_ops_b,1,374,0.0,False,single
recycling_endosome_tfrc,resmlp_52head,1,374,0.0,False,single
recycling_endosome_tfrc,multitab_pilot,1,374,0.0,False,single
recycling_endosome_tfrc,midas_ops,1,374,0.0,False,single
recycling_endosome_tfrc,scpair_ops,1,374,0.0,False,single
recycling_endosome_tfrc,ridge,2,366,0.0,False,single
recycling_endosome_tfrc,gbdt,2,366,0.0,False,single
recycling_endosome_tfrc,catboost_multirmse,2,366,0.0,False,single
recycling_endosome_tfrc,mlp,2,366,0.0,False,single
recycling_endosome_tfrc,tabm_specialists,2,366,0.0,False,single
recycling_endosome_tfrc,scbutterfly_ops_b,2,366,0.0,False,single
recycling_endosome_tfrc,resmlp_52head,2,366,0.0,False,single
recycling_endosome_tfrc,multitab_pilot,2,366,0.0,False,single
recycling_endosome_tfrc,midas_ops,2,366,0.0,False,single
recycling_endosome_tfrc,scpair_ops,2,366,0.0,False,single
recycling_endosome_tfrc,ridge,3,394,0.0,False,single
recycling_endosome_tfrc,gbdt,3,394,0.0,False,single
recycling_endosome_tfrc,catboost_multirmse,3,394,0.0,False,single
recycling_endosome_tfrc,mlp,3,394,0.0,False,single
recycling_endosome_tfrc,tabm_specialists,3,394,0.0,False,single
recycling_endosome_tfrc,scbutterfly_ops_b,3,394,0.0,False,single
recycling_endosome_tfrc,resmlp_52head,3,394,0.0,False,single
recycling_endosome_tfrc,multitab_pilot,3,394,0.0,False,single
recycling_endosome_tfrc,midas_ops,3,394,0.0,False,single
recycling_endosome_tfrc,scpair_ops,3,394,0.0,False,single
recycling_endosome_tfrc,ridge,4,444,0.0,False,single
recycling_endosome_tfrc,gbdt,4,444,0.0,False,single
recycling_endosome_tfrc,catboost_multirmse,4,444,0.0,False,single
recycling_endosome_tfrc,mlp,4,444,0.0,False,single
recycling_endosome_tfrc,tabm_specialists,4,444,0.0,False,single
recycling_endosome_tfrc,scbutterfly_ops_b,4,444,0.0,False,single
recycling_endosome_tfrc,resmlp_52head,4,444,0.0,False,single
recycling_endosome_tfrc,multitab_pilot,4,444,0.0,False,single
recycling_endosome_tfrc,midas_ops,4,444,0.0,False,single
recycling_endosome_tfrc,scpair_ops,4,444,0.0,False,single
er_golgi_cope,ridge,0,422,0.0,False,single
er_golgi_cope,gbdt,0,422,0.0,False,single
er_golgi_cope,catboost_multirmse,0,422,0.0,False,single
er_golgi_cope,mlp,0,422,0.0,False,single
er_golgi_cope,tabm_specialists,0,422,0.0,False,single
er_golgi_cope,scbutterfly_ops_b,0,422,0.0,False,single
er_golgi_cope,resmlp_52head,0,422,0.0,False,single
er_golgi_cope,multitab_pilot,0,422,0.0,False,single
er_golgi_cope,midas_ops,0,422,0.0,False,single
er_golgi_cope,scpair_ops,0,422,0.0,False,single
er_golgi_cope,ridge,1,374,0.0,False,single
er_golgi_cope,gbdt,1,374,0.0,False,single
er_golgi_cope,catboost_multirmse,1,374,0.0,False,single
er_golgi_cope,mlp,1,374,0.0,False,single
er_golgi_cope,tabm_specialists,1,374,0.0,False,single
er_golgi_cope,scbutterfly_ops_b,1,374,0.0,False,single
er_golgi_cope,resmlp_52head,1,374,0.0,False,single
er_golgi_cope,multitab_pilot,1,374,0.0,False,single
er_golgi_cope,midas_ops,1,374,0.0,False,single
er_golgi_cope,scpair_ops,1,374,0.0,False,single
er_golgi_cope,ridge,2,366,0.0,False,single
er_golgi_cope,gbdt,2,366,0.0,False,single
er_golgi_cope,catboost_multirmse,2,366,0.0,False,single
er_golgi_cope,mlp,2,366,0.0,False,single
er_golgi_cope,tabm_specialists,2,366,0.0,False,single
er_golgi_cope,scbutterfly_ops_b,2,366,0.0,False,single
er_golgi_cope,resmlp_52head,2,366,0.0,False,single
er_golgi_cope,multitab_pilot,2,366,0.0,False,single
er_golgi_cope,midas_ops,2,366,0.0,False,single
er_golgi_cope,scpair_ops,2,366,0.0,False,single
er_golgi_cope,ridge,3,394,0.0,False,single
er_golgi_cope,gbdt,3,394,0.0,False,single
er_golgi_cope,catboost_multirmse,3,394,0.0,False,single
er_golgi_cope,mlp,3,394,0.0,False,single
er_golgi_cope,tabm_specialists,3,394,0.0,False,single
er_golgi_cope,scbutterfly_ops_b,3,394,0.0,False,single
er_golgi_cope,resmlp_52head,3,394,0.0,False,single
er_golgi_cope,multitab_pilot,3,394,0.0,False,single
er_golgi_cope,midas_ops,3,394,0.0,False,single
er_golgi_cope,scpair_ops,3,394,0.0,False,single
er_golgi_cope,ridge,4,444,0.0,False,single
er_golgi_cope,gbdt,4,444,0.0,False,single
er_golgi_cope,catboost_multirmse,4,444,0.0,False,single
er_golgi_cope,mlp,4,444,0.0,False,single
er_golgi_cope,tabm_specialists,4,444,0.0,False,single
er_golgi_cope,scbutterfly_ops_b,4,444,0.0,False,single
er_golgi_cope,resmlp_52head,4,444,0.0,False,single
er_golgi_cope,multitab_pilot,4,444,0.0,False,single
er_golgi_cope,midas_ops,4,444,0.0,False,single
er_golgi_cope,scpair_ops,4,444,0.0,False,single
chaperones_hspa1b,ridge,0,422,0.0,False,single
chaperones_hspa1b,gbdt,0,422,0.0,False,single
chaperones_hspa1b,catboost_multirmse,0,422,0.0,False,single
chaperones_hspa1b,mlp,0,422,0.0,False,single
chaperones_hspa1b,tabm_specialists,0,422,0.0,False,single
chaperones_hspa1b,scbutterfly_ops_b,0,422,0.0,False,single
chaperones_hspa1b,resmlp_52head,0,422,0.0,False,single
chaperones_hspa1b,multitab_pilot,0,422,0.0,False,single
chaperones_hspa1b,midas_ops,0,422,0.0,False,single
chaperones_hspa1b,scpair_ops,0,422,0.0,False,single
chaperones_hspa1b,ridge,1,374,0.0,False,single
chaperones_hspa1b,gbdt,1,374,0.0,False,single
chaperones_hspa1b,catboost_multirmse,1,374,0.0,False,single
chaperones_hspa1b,mlp,1,374,0.0,False,single
chaperones_hspa1b,tabm_specialists,1,374,0.0,False,single
chaperones_hspa1b,scbutterfly_ops_b,1,374,0.0,False,single
chaperones_hspa1b,resmlp_52head,1,374,0.0,False,single
chaperones_hspa1b,multitab_pilot,1,374,0.0,False,single
chaperones_hspa1b,midas_ops,1,374,0.0,False,single
chaperones_hspa1b,scpair_ops,1,374,0.0,False,single
chaperones_hspa1b,ridge,2,366,0.0,False,single
chaperones_hspa1b,gbdt,2,366,0.0,False,single
chaperones_hspa1b,catboost_multirmse,2,366,0.0,False,single
chaperones_hspa1b,mlp,2,366,0.0,False,single
chaperones_hspa1b,tabm_specialists,2,366,0.0,False,single
chaperones_hspa1b,scbutterfly_ops_b,2,366,0.0,False,single
chaperones_hspa1b,resmlp_52head,2,366,0.0,False,single
chaperones_hspa1b,multitab_pilot,2,366,0.0,False,single
chaperones_hspa1b,midas_ops,2,366,0.0,False,single
chaperones_hspa1b,scpair_ops,2,366,0.0,False,single
chaperones_hspa1b,ridge,3,394,0.0,False,single
chaperones_hspa1b,gbdt,3,394,0.0,False,single
chaperones_hspa1b,catboost_multirmse,3,394,0.0,False,single
chaperones_hspa1b,mlp,3,394,0.0,False,single
chaperones_hspa1b,tabm_specialists,3,394,0.0,False,single
chaperones_hspa1b,scbutterfly_ops_b,3,394,0.0,False,single
chaperones_hspa1b,resmlp_52head,3,394,0.0,False,single
chaperones_hspa1b,multitab_pilot,3,394,0.0,False,single
chaperones_hspa1b,midas_ops,3,394,0.0,False,single
chaperones_hspa1b,scpair_ops,3,394,0.0,False,single
chaperones_hspa1b,ridge,4,444,0.0,False,single
chaperones_hspa1b,gbdt,4,444,0.0,False,single
chaperones_hspa1b,catboost_multirmse,4,444,0.0,False,single
chaperones_hspa1b,mlp,4,444,0.0,False,single
chaperones_hspa1b,tabm_specialists,4,444,0.0,False,single
chaperones_hspa1b,scbutterfly_ops_b,4,444,0.0,False,single
chaperones_hspa1b,resmlp_52head,4,444,0.0,False,single
chaperones_hspa1b,multitab_pilot,4,444,0.0,False,single
chaperones_hspa1b,midas_ops,4,444,0.0,False,single
chaperones_hspa1b,scpair_ops,4,444,0.0,False,single
nucleolus-gc_npm3,ridge,0,422,0.0,False,single
nucleolus-gc_npm3,gbdt,0,422,0.0,False,single
nucleolus-gc_npm3,catboost_multirmse,0,422,0.0,False,single
nucleolus-gc_npm3,mlp,0,422,0.0,False,single
nucleolus-gc_npm3,tabm_specialists,0,422,0.0,False,single
nucleolus-gc_npm3,scbutterfly_ops_b,0,422,0.0,False,single
nucleolus-gc_npm3,resmlp_52head,0,422,0.0,False,single
nucleolus-gc_npm3,multitab_pilot,0,422,0.0,False,single
nucleolus-gc_npm3,midas_ops,0,422,0.0,False,single
nucleolus-gc_npm3,scpair_ops,0,422,0.0,False,single
nucleolus-gc_npm3,ridge,1,374,0.0,False,single
nucleolus-gc_npm3,gbdt,1,374,0.0,False,single
nucleolus-gc_npm3,catboost_multirmse,1,374,0.0,False,single
nucleolus-gc_npm3,mlp,1,374,0.0,False,single
nucleolus-gc_npm3,tabm_specialists,1,374,0.0,False,single
nucleolus-gc_npm3,scbutterfly_ops_b,1,374,0.0,False,single
nucleolus-gc_npm3,resmlp_52head,1,374,0.0,False,single
nucleolus-gc_npm3,multitab_pilot,1,374,0.0,False,single
nucleolus-gc_npm3,midas_ops,1,374,0.0,False,single
nucleolus-gc_npm3,scpair_ops,1,374,0.0,False,single
nucleolus-gc_npm3,ridge,2,366,0.0,False,single
nucleolus-gc_npm3,gbdt,2,366,0.0,False,single
nucleolus-gc_npm3,catboost_multirmse,2,366,0.0,False,single
nucleolus-gc_npm3,mlp,2,366,0.0,False,single
nucleolus-gc_npm3,tabm_specialists,2,366,0.0,False,single
nucleolus-gc_npm3,scbutterfly_ops_b,2,366,0.0,False,single
nucleolus-gc_npm3,resmlp_52head,2,366,0.0,False,single
nucleolus-gc_npm3,multitab_pilot,2,366,0.0,False,single
nucleolus-gc_npm3,midas_ops,2,366,0.0,False,single
nucleolus-gc_npm3,scpair_ops,2,366,0.0,False,single
nucleolus-gc_npm3,ridge,3,394,0.0,False,single
nucleolus-gc_npm3,gbdt,3,394,0.0,False,single
nucleolus-gc_npm3,catboost_multirmse,3,394,0.0,False,single
nucleolus-gc_npm3,mlp,3,394,0.0,False,single
nucleolus-gc_npm3,tabm_specialists,3,394,0.0,False,single
nucleolus-gc_npm3,scbutterfly_ops_b,3,394,0.0,False,single
nucleolus-gc_npm3,resmlp_52head,3,394,0.0,False,single
nucleolus-gc_npm3,multitab_pilot,3,394,0.0,False,single
nucleolus-gc_npm3,midas_ops,3,394,0.0,False,single
nucleolus-gc_npm3,scpair_ops,3,394,0.0,False,single
nucleolus-gc_npm3,ridge,4,444,0.0,False,single
nucleolus-gc_npm3,gbdt,4,444,0.0,False,single
nucleolus-gc_npm3,catboost_multirmse,4,444,0.0,False,single
nucleolus-gc_npm3,mlp,4,444,0.0,False,single
nucleolus-gc_npm3,tabm_specialists,4,444,0.0,False,single
nucleolus-gc_npm3,scbutterfly_ops_b,4,444,0.0,False,single
nucleolus-gc_npm3,resmlp_52head,4,444,0.0,False,single
nucleolus-gc_npm3,multitab_pilot,4,444,0.0,False,single
nucleolus-gc_npm3,midas_ops,4,444,0.0,False,single
nucleolus-gc_npm3,scpair_ops,4,444,0.0,False,single
nuclei_nucleolive_live_cell_dye,ridge,0,422,0.0,False,single
nuclei_nucleolive_live_cell_dye,gbdt,0,422,0.0,False,single
nuclei_nucleolive_live_cell_dye,catboost_multirmse,0,422,0.0,False,single
nuclei_nucleolive_live_cell_dye,mlp,0,422,0.0,False,single
nuclei_nucleolive_live_cell_dye,tabm_specialists,0,422,0.0,False,single
nuclei_nucleolive_live_cell_dye,scbutterfly_ops_b,0,422,0.0,False,single
nuclei_nucleolive_live_cell_dye,resmlp_52head,0,422,0.0,False,single
nuclei_nucleolive_live_cell_dye,multitab_pilot,0,422,0.0,False,single
nuclei_nucleolive_live_cell_dye,midas_ops,0,422,0.0,False,single
nuclei_nucleolive_live_cell_dye,scpair_ops,0,422,0.0,False,single
nuclei_nucleolive_live_cell_dye,ridge,1,374,0.0,False,single
nuclei_nucleolive_live_cell_dye,gbdt,1,374,0.0,False,single
nuclei_nucleolive_live_cell_dye,catboost_multirmse,1,374,0.0,False,single
nuclei_nucleolive_live_cell_dye,mlp,1,374,0.0,False,single
nuclei_nucleolive_live_cell_dye,tabm_specialists,1,374,0.0,False,single
nuclei_nucleolive_live_cell_dye,scbutterfly_ops_b,1,374,0.0,False,single
nuclei_nucleolive_live_cell_dye,resmlp_52head,1,374,0.0,False,single
nuclei_nucleolive_live_cell_dye,multitab_pilot,1,374,0.0,False,single
nuclei_nucleolive_live_cell_dye,midas_ops,1,374,0.0,False,single
nuclei_nucleolive_live_cell_dye,scpair_ops,1,374,0.0,False,single
nuclei_nucleolive_live_cell_dye,ridge,2,366,0.0,False,single
nuclei_nucleolive_live_cell_dye,gbdt,2,366,0.0,False,single
nuclei_nucleolive_live_cell_dye,catboost_multirmse,2,366,0.0,False,single
nuclei_nucleolive_live_cell_dye,mlp,2,366,0.0,False,single
nuclei_nucleolive_live_cell_dye,tabm_specialists,2,366,0.0,False,single
nuclei_nucleolive_live_cell_dye,scbutterfly_ops_b,2,366,0.0,False,single
nuclei_nucleolive_live_cell_dye,resmlp_52head,2,366,0.0,False,single
nuclei_nucleolive_live_cell_dye,multitab_pilot,2,366,0.0,False,single
nuclei_nucleolive_live_cell_dye,midas_ops,2,366,0.0,False,single
nuclei_nucleolive_live_cell_dye,scpair_ops,2,366,0.0,False,single
nuclei_nucleolive_live_cell_dye,ridge,3,394,0.0,False,single
nuclei_nucleolive_live_cell_dye,gbdt,3,394,0.0,False,single
nuclei_nucleolive_live_cell_dye,catboost_multirmse,3,394,0.0,False,single
nuclei_nucleolive_live_cell_dye,mlp,3,394,0.0,False,single
nuclei_nucleolive_live_cell_dye,tabm_specialists,3,394,0.0,False,single
nuclei_nucleolive_live_cell_dye,scbutterfly_ops_b,3,394,0.0,False,single
nuclei_nucleolive_live_cell_dye,resmlp_52head,3,394,0.0,False,single
nuclei_nucleolive_live_cell_dye,multitab_pilot,3,394,0.0,False,single
nuclei_nucleolive_live_cell_dye,midas_ops,3,394,0.0,False,single
nuclei_nucleolive_live_cell_dye,scpair_ops,3,394,0.0,False,single
nuclei_nucleolive_live_cell_dye,ridge,4,444,0.0,False,single
nuclei_nucleolive_live_cell_dye,gbdt,4,444,0.0,False,single
nuclei_nucleolive_live_cell_dye,catboost_multirmse,4,444,0.0,False,single
nuclei_nucleolive_live_cell_dye,mlp,4,444,0.0,False,single
nuclei_nucleolive_live_cell_dye,tabm_specialists,4,444,0.0,False,single
nuclei_nucleolive_live_cell_dye,scbutterfly_ops_b,4,444,0.0,False,single
nuclei_nucleolive_live_cell_dye,resmlp_52head,4,444,0.0,False,single
nuclei_nucleolive_live_cell_dye,multitab_pilot,4,444,0.0,False,single
nuclei_nucleolive_live_cell_dye,midas_ops,4,444,0.0,False,single
nuclei_nucleolive_live_cell_dye,scpair_ops,4,444,0.0,False,single
endosome_vps35,ridge,0,422,0.0,False,single
endosome_vps35,gbdt,0,422,0.0,False,single
endosome_vps35,catboost_multirmse,0,422,0.0,False,single
endosome_vps35,mlp,0,422,0.0,False,single
endosome_vps35,tabm_specialists,0,422,0.0,False,single
endosome_vps35,scbutterfly_ops_b,0,422,0.0,False,single
endosome_vps35,resmlp_52head,0,422,0.0,False,single
endosome_vps35,multitab_pilot,0,422,0.0,False,single
endosome_vps35,midas_ops,0,422,0.0,False,single
endosome_vps35,scpair_ops,0,422,0.0,False,single
endosome_vps35,ridge,1,374,0.0,False,single
endosome_vps35,gbdt,1,374,0.0,False,single
endosome_vps35,catboost_multirmse,1,374,0.0,False,single
endosome_vps35,mlp,1,374,0.0,False,single
endosome_vps35,tabm_specialists,1,374,0.0,False,single
endosome_vps35,scbutterfly_ops_b,1,374,0.0,False,single
endosome_vps35,resmlp_52head,1,374,0.0,False,single
endosome_vps35,multitab_pilot,1,374,0.0,False,single
endosome_vps35,midas_ops,1,374,0.0,False,single
endosome_vps35,scpair_ops,1,374,0.0,False,single
endosome_vps35,ridge,2,366,0.0,False,single
endosome_vps35,gbdt,2,366,0.0,False,single
endosome_vps35,catboost_multirmse,2,366,0.0,False,single
endosome_vps35,mlp,2,366,0.0,False,single
endosome_vps35,tabm_specialists,2,366,0.0,False,single
endosome_vps35,scbutterfly_ops_b,2,366,0.0,False,single
endosome_vps35,resmlp_52head,2,366,0.0,False,single
endosome_vps35,multitab_pilot,2,366,0.0,False,single
endosome_vps35,midas_ops,2,366,0.0,False,single
endosome_vps35,scpair_ops,2,366,0.0,False,single
endosome_vps35,ridge,3,394,0.0,False,single
endosome_vps35,gbdt,3,394,0.0,False,single
endosome_vps35,catboost_multirmse,3,394,0.0,False,single
endosome_vps35,mlp,3,394,0.0,False,single
endosome_vps35,tabm_specialists,3,394,0.0,False,single
endosome_vps35,scbutterfly_ops_b,3,394,0.0,False,single
endosome_vps35,resmlp_52head,3,394,0.0,False,single
endosome_vps35,multitab_pilot,3,394,0.0,False,single
endosome_vps35,midas_ops,3,394,0.0,False,single
endosome_vps35,scpair_ops,3,394,0.0,False,single
endosome_vps35,ridge,4,444,0.0,False,single
endosome_vps35,gbdt,4,444,0.0,False,single
endosome_vps35,catboost_multirmse,4,444,0.0,False,single
endosome_vps35,mlp,4,444,0.0,False,single
endosome_vps35,tabm_specialists,4,444,0.0,False,single
endosome_vps35,scbutterfly_ops_b,4,444,0.0,False,single
endosome_vps35,resmlp_52head,4,444,0.0,False,single
endosome_vps35,multitab_pilot,4,444,0.0,False,single
endosome_vps35,midas_ops,4,444,0.0,False,single
endosome_vps35,scpair_ops,4,444,0.0,False,single
er_sec61b,ridge,0,1266,0.0,False,single
er_sec61b,gbdt,0,1266,0.0,False,single
er_sec61b,catboost_multirmse,0,1266,0.0,False,single
er_sec61b,mlp,0,1266,0.0,False,single
er_sec61b,tabm_specialists,0,1266,0.0,False,single
er_sec61b,scbutterfly_ops_b,0,1266,0.0,False,single
er_sec61b,resmlp_52head,0,1266,0.0,False,single
er_sec61b,multitab_pilot,0,1266,0.0,False,single
er_sec61b,midas_ops,0,1266,0.0,False,single
er_sec61b,scpair_ops,0,1266,0.0,False,single
er_sec61b,ridge,1,1122,0.0,False,single
er_sec61b,gbdt,1,1122,0.0,False,single
er_sec61b,catboost_multirmse,1,1122,0.0,False,single
er_sec61b,mlp,1,1122,0.0,False,single
er_sec61b,tabm_specialists,1,1122,0.0,False,single
er_sec61b,scbutterfly_ops_b,1,1122,0.0,False,single
er_sec61b,resmlp_52head,1,1122,0.0,False,single
er_sec61b,multitab_pilot,1,1122,0.0,False,single
er_sec61b,midas_ops,1,1122,0.0,False,single
er_sec61b,scpair_ops,1,1122,0.0,False,single
er_sec61b,ridge,2,1098,0.0,False,single
er_sec61b,gbdt,2,1098,0.0,False,single
er_sec61b,catboost_multirmse,2,1098,0.0,False,single
er_sec61b,mlp,2,1098,0.0,False,single
er_sec61b,tabm_specialists,2,1098,0.0,False,single
er_sec61b,scbutterfly_ops_b,2,1098,0.0,False,single
er_sec61b,resmlp_52head,2,1098,0.0,False,single
er_sec61b,multitab_pilot,2,1098,0.0,False,single
er_sec61b,midas_ops,2,1098,0.0,False,single
er_sec61b,scpair_ops,2,1098,0.0,False,single
er_sec61b,ridge,3,1182,0.0,False,single
er_sec61b,gbdt,3,1182,0.0,False,single
er_sec61b,catboost_multirmse,3,1182,0.0,False,single
er_sec61b,mlp,3,1182,0.0,False,single
er_sec61b,tabm_specialists,3,1182,0.0,False,single
er_sec61b,scbutterfly_ops_b,3,1182,0.0,False,single
er_sec61b,resmlp_52head,3,1182,0.0,False,single
er_sec61b,multitab_pilot,3,1182,0.0,False,single
er_sec61b,midas_ops,3,1182,0.0,False,single
er_sec61b,scpair_ops,3,1182,0.0,False,single
er_sec61b,ridge,4,1332,0.0,False,single
er_sec61b,gbdt,4,1332,0.0,False,single
er_sec61b,catboost_multirmse,4,1332,0.0,False,single
er_sec61b,mlp,4,1332,0.0,False,single
er_sec61b,tabm_specialists,4,1332,0.0,False,single
er_sec61b,scbutterfly_ops_b,4,1332,0.0,False,single
er_sec61b,resmlp_52head,4,1332,0.0,False,single
er_sec61b,multitab_pilot,4,1332,0.0,False,single
er_sec61b,midas_ops,4,1332,0.0,False,single
er_sec61b,scpair_ops,4,1332,0.0,False,single
er_golgi_bridge_vapa,ridge,0,422,0.0,False,single
er_golgi_bridge_vapa,gbdt,0,422,0.0,False,single
er_golgi_bridge_vapa,catboost_multirmse,0,422,0.0,False,single
er_golgi_bridge_vapa,mlp,0,422,0.0,False,single
er_golgi_bridge_vapa,tabm_specialists,0,422,0.0,False,single
er_golgi_bridge_vapa,scbutterfly_ops_b,0,422,0.0,False,single
er_golgi_bridge_vapa,resmlp_52head,0,422,0.0,False,single
er_golgi_bridge_vapa,multitab_pilot,0,422,0.0,False,single
er_golgi_bridge_vapa,midas_ops,0,422,0.0,False,single
er_golgi_bridge_vapa,scpair_ops,0,422,0.0,False,single
er_golgi_bridge_vapa,ridge,1,374,0.0,False,single
er_golgi_bridge_vapa,gbdt,1,374,0.0,False,single
er_golgi_bridge_vapa,catboost_multirmse,1,374,0.0,False,single
er_golgi_bridge_vapa,mlp,1,374,0.0,False,single
er_golgi_bridge_vapa,tabm_specialists,1,374,0.0,False,single
er_golgi_bridge_vapa,scbutterfly_ops_b,1,374,0.0,False,single
er_golgi_bridge_vapa,resmlp_52head,1,374,0.0,False,single
er_golgi_bridge_vapa,multitab_pilot,1,374,0.0,False,single
er_golgi_bridge_vapa,midas_ops,1,374,0.0,False,single
er_golgi_bridge_vapa,scpair_ops,1,374,0.0,False,single
er_golgi_bridge_vapa,ridge,2,366,0.0,False,single
er_golgi_bridge_vapa,gbdt,2,366,0.0,False,single
er_golgi_bridge_vapa,catboost_multirmse,2,366,0.0,False,single
er_golgi_bridge_vapa,mlp,2,366,0.0,False,single
er_golgi_bridge_vapa,tabm_specialists,2,366,0.0,False,single
er_golgi_bridge_vapa,scbutterfly_ops_b,2,366,0.0,False,single
er_golgi_bridge_vapa,resmlp_52head,2,366,0.0,False,single
er_golgi_bridge_vapa,multitab_pilot,2,366,0.0,False,single
er_golgi_bridge_vapa,midas_ops,2,366,0.0,False,single
er_golgi_bridge_vapa,scpair_ops,2,366,0.0,False,single
er_golgi_bridge_vapa,ridge,3,394,0.0,False,single
er_golgi_bridge_vapa,gbdt,3,394,0.0,False,single
er_golgi_bridge_vapa,catboost_multirmse,3,394,0.0,False,single
er_golgi_bridge_vapa,mlp,3,394,0.0,False,single
er_golgi_bridge_vapa,tabm_specialists,3,394,0.0,False,single
er_golgi_bridge_vapa,scbutterfly_ops_b,3,394,0.0,False,single
er_golgi_bridge_vapa,resmlp_52head,3,394,0.0,False,single
er_golgi_bridge_vapa,multitab_pilot,3,394,0.0,False,single
er_golgi_bridge_vapa,midas_ops,3,394,0.0,False,single
er_golgi_bridge_vapa,scpair_ops,3,394,0.0,False,single
er_golgi_bridge_vapa,ridge,4,444,0.0,False,single
er_golgi_bridge_vapa,gbdt,4,444,0.0,False,single
er_golgi_bridge_vapa,catboost_multirmse,4,444,0.0,False,single
er_golgi_bridge_vapa,mlp,4,444,0.0,False,single
er_golgi_bridge_vapa,tabm_specialists,4,444,0.0,False,single
er_golgi_bridge_vapa,scbutterfly_ops_b,4,444,0.0,False,single
er_golgi_bridge_vapa,resmlp_52head,4,444,0.0,False,single
er_golgi_bridge_vapa,multitab_pilot,4,444,0.0,False,single
er_golgi_bridge_vapa,midas_ops,4,444,0.0,False,single
er_golgi_bridge_vapa,scpair_ops,4,444,0.0,False,single
mitochondria_chromalive_561_excitation,ridge,0,422,0.0,False,single
mitochondria_chromalive_561_excitation,gbdt,0,422,0.0,False,single
mitochondria_chromalive_561_excitation,catboost_multirmse,0,422,0.0,False,single
mitochondria_chromalive_561_excitation,mlp,0,422,0.0,False,single
mitochondria_chromalive_561_excitation,tabm_specialists,0,422,0.0,False,single
mitochondria_chromalive_561_excitation,scbutterfly_ops_b,0,422,0.0,False,single
mitochondria_chromalive_561_excitation,resmlp_52head,0,422,0.0,False,single
mitochondria_chromalive_561_excitation,multitab_pilot,0,422,0.0,False,single
mitochondria_chromalive_561_excitation,midas_ops,0,422,0.0,False,single
mitochondria_chromalive_561_excitation,scpair_ops,0,422,0.0,False,single
mitochondria_chromalive_561_excitation,ridge,1,374,0.0,False,single
mitochondria_chromalive_561_excitation,gbdt,1,374,0.0,False,single
mitochondria_chromalive_561_excitation,catboost_multirmse,1,374,0.0,False,single
mitochondria_chromalive_561_excitation,mlp,1,374,0.0,False,single
mitochondria_chromalive_561_excitation,tabm_specialists,1,374,0.0,False,single
mitochondria_chromalive_561_excitation,scbutterfly_ops_b,1,374,0.0,False,single
mitochondria_chromalive_561_excitation,resmlp_52head,1,374,0.0,False,single
mitochondria_chromalive_561_excitation,multitab_pilot,1,374,0.0,False,single
mitochondria_chromalive_561_excitation,midas_ops,1,374,0.0,False,single
mitochondria_chromalive_561_excitation,scpair_ops,1,374,0.0,False,single
mitochondria_chromalive_561_excitation,ridge,2,366,0.0,False,single
mitochondria_chromalive_561_excitation,gbdt,2,366,0.0,False,single
mitochondria_chromalive_561_excitation,catboost_multirmse,2,366,0.0,False,single
mitochondria_chromalive_561_excitation,mlp,2,366,0.0,False,single
mitochondria_chromalive_561_excitation,tabm_specialists,2,366,0.0,False,single
mitochondria_chromalive_561_excitation,scbutterfly_ops_b,2,366,0.0,False,single
mitochondria_chromalive_561_excitation,resmlp_52head,2,366,0.0,False,single
mitochondria_chromalive_561_excitation,multitab_pilot,2,366,0.0,False,single
mitochondria_chromalive_561_excitation,midas_ops,2,366,0.0,False,single
mitochondria_chromalive_561_excitation,scpair_ops,2,366,0.0,False,single
mitochondria_chromalive_561_excitation,ridge,3,394,0.0,False,single
mitochondria_chromalive_561_excitation,gbdt,3,394,0.0,False,single
mitochondria_chromalive_561_excitation,catboost_multirmse,3,394,0.0,False,single
mitochondria_chromalive_561_excitation,mlp,3,394,0.0,False,single
mitochondria_chromalive_561_excitation,tabm_specialists,3,394,0.0,False,single
mitochondria_chromalive_561_excitation,scbutterfly_ops_b,3,394,0.0,False,single
mitochondria_chromalive_561_excitation,resmlp_52head,3,394,0.0,False,single
mitochondria_chromalive_561_excitation,multitab_pilot,3,394,0.0,False,single
mitochondria_chromalive_561_excitation,midas_ops,3,394,0.0,False,single
mitochondria_chromalive_561_excitation,scpair_ops,3,394,0.0,False,single
mitochondria_chromalive_561_excitation,ridge,4,444,0.0,False,single
mitochondria_chromalive_561_excitation,gbdt,4,444,0.0,False,single
mitochondria_chromalive_561_excitation,catboost_multirmse,4,444,0.0,False,single
mitochondria_chromalive_561_excitation,mlp,4,444,0.0,False,single
mitochondria_chromalive_561_excitation,tabm_specialists,4,444,0.0,False,single
mitochondria_chromalive_561_excitation,scbutterfly_ops_b,4,444,0.0,False,single
mitochondria_chromalive_561_excitation,resmlp_52head,4,444,0.0,False,single
mitochondria_chromalive_561_excitation,multitab_pilot,4,444,0.0,False,single
mitochondria_chromalive_561_excitation,midas_ops,4,444,0.0,False,single
mitochondria_chromalive_561_excitation,scpair_ops,4,444,0.0,False,single
peroxisome_peroxi_spy650_live_cell_dye,ridge,0,422,0.0,False,single
peroxisome_peroxi_spy650_live_cell_dye,gbdt,0,422,0.0,False,single
peroxisome_peroxi_spy650_live_cell_dye,catboost_multirmse,0,422,0.0,False,single
peroxisome_peroxi_spy650_live_cell_dye,mlp,0,422,0.0,False,single
peroxisome_peroxi_spy650_live_cell_dye,tabm_specialists,0,422,0.0,False,single
peroxisome_peroxi_spy650_live_cell_dye,scbutterfly_ops_b,0,422,0.0,False,single
peroxisome_peroxi_spy650_live_cell_dye,resmlp_52head,0,422,0.0,False,single
peroxisome_peroxi_spy650_live_cell_dye,multitab_pilot,0,422,0.0,False,single
peroxisome_peroxi_spy650_live_cell_dye,midas_ops,0,422,0.0,False,single
peroxisome_peroxi_spy650_live_cell_dye,scpair_ops,0,422,0.0,False,single
peroxisome_peroxi_spy650_live_cell_dye,ridge,1,374,0.0,False,single
peroxisome_peroxi_spy650_live_cell_dye,gbdt,1,374,0.0,False,single
peroxisome_peroxi_spy650_live_cell_dye,catboost_multirmse,1,374,0.0,False,single
peroxisome_peroxi_spy650_live_cell_dye,mlp,1,374,0.0,False,single
peroxisome_peroxi_spy650_live_cell_dye,tabm_specialists,1,374,0.0,False,single
peroxisome_peroxi_spy650_live_cell_dye,scbutterfly_ops_b,1,374,0.0,False,single
peroxisome_peroxi_spy650_live_cell_dye,resmlp_52head,1,374,0.0,False,single
peroxisome_peroxi_spy650_live_cell_dye,multitab_pilot,1,374,0.0,False,single
peroxisome_peroxi_spy650_live_cell_dye,midas_ops,1,374,0.0,False,single
peroxisome_peroxi_spy650_live_cell_dye,scpair_ops,1,374,0.0,False,single
peroxisome_peroxi_spy650_live_cell_dye,ridge,2,366,0.0,False,single
peroxisome_peroxi_spy650_live_cell_dye,gbdt,2,366,0.0,False,single
peroxisome_peroxi_spy650_live_cell_dye,catboost_multirmse,2,366,0.0,False,single
peroxisome_peroxi_spy650_live_cell_dye,mlp,2,366,0.0,False,single
peroxisome_peroxi_spy650_live_cell_dye,tabm_specialists,2,366,0.0,False,single
peroxisome_peroxi_spy650_live_cell_dye,scbutterfly_ops_b,2,366,0.0,False,single
peroxisome_peroxi_spy650_live_cell_dye,resmlp_52head,2,366,0.0,False,single
peroxisome_peroxi_spy650_live_cell_dye,multitab_pilot,2,366,0.0,False,single
peroxisome_peroxi_spy650_live_cell_dye,midas_ops,2,366,0.0,False,single
peroxisome_peroxi_spy650_live_cell_dye,scpair_ops,2,366,0.0,False,single
peroxisome_peroxi_spy650_live_cell_dye,ridge,3,394,0.0,False,single
peroxisome_peroxi_spy650_live_cell_dye,gbdt,3,394,0.0,False,single
peroxisome_peroxi_spy650_live_cell_dye,catboost_multirmse,3,394,0.0,False,single
peroxisome_peroxi_spy650_live_cell_dye,mlp,3,394,0.0,False,single
peroxisome_peroxi_spy650_live_cell_dye,tabm_specialists,3,394,0.0,False,single
peroxisome_peroxi_spy650_live_cell_dye,scbutterfly_ops_b,3,394,0.0,False,single
peroxisome_peroxi_spy650_live_cell_dye,resmlp_52head,3,394,0.0,False,single
peroxisome_peroxi_spy650_live_cell_dye,multitab_pilot,3,394,0.0,False,single
peroxisome_peroxi_spy650_live_cell_dye,midas_ops,3,394,0.0,False,single
peroxisome_peroxi_spy650_live_cell_dye,scpair_ops,3,394,0.0,False,single
peroxisome_peroxi_spy650_live_cell_dye,ridge,4,444,0.0,False,single
peroxisome_peroxi_spy650_live_cell_dye,gbdt,4,444,0.0,False,single
peroxisome_peroxi_spy650_live_cell_dye,catboost_multirmse,4,444,0.0,False,single
peroxisome_peroxi_spy650_live_cell_dye,mlp,4,444,0.0,False,single
peroxisome_peroxi_spy650_live_cell_dye,tabm_specialists,4,444,0.0,False,single
peroxisome_peroxi_spy650_live_cell_dye,scbutterfly_ops_b,4,444,0.0,False,single
peroxisome_peroxi_spy650_live_cell_dye,resmlp_52head,4,444,0.0,False,single
peroxisome_peroxi_spy650_live_cell_dye,multitab_pilot,4,444,0.0,False,single
peroxisome_peroxi_spy650_live_cell_dye,midas_ops,4,444,0.0,False,single
peroxisome_peroxi_spy650_live_cell_dye,scpair_ops,4,444,0.0,False,single
chromalive_488_excitation,ridge,0,422,0.0,False,single
chromalive_488_excitation,gbdt,0,422,0.0,False,single
chromalive_488_excitation,catboost_multirmse,0,422,0.0,False,single
chromalive_488_excitation,mlp,0,422,0.0,False,single
chromalive_488_excitation,tabm_specialists,0,422,0.0,False,single
chromalive_488_excitation,scbutterfly_ops_b,0,422,0.0,False,single
chromalive_488_excitation,resmlp_52head,0,422,0.0,False,single
chromalive_488_excitation,multitab_pilot,0,422,0.0,False,single
chromalive_488_excitation,midas_ops,0,422,0.0,False,single
chromalive_488_excitation,scpair_ops,0,422,0.0,False,single
chromalive_488_excitation,ridge,1,374,0.0,False,single
chromalive_488_excitation,gbdt,1,374,0.0,False,single
chromalive_488_excitation,catboost_multirmse,1,374,0.0,False,single
chromalive_488_excitation,mlp,1,374,0.0,False,single
chromalive_488_excitation,tabm_specialists,1,374,0.0,False,single
chromalive_488_excitation,scbutterfly_ops_b,1,374,0.0,False,single
chromalive_488_excitation,resmlp_52head,1,374,0.0,False,single
chromalive_488_excitation,multitab_pilot,1,374,0.0,False,single
chromalive_488_excitation,midas_ops,1,374,0.0,False,single
chromalive_488_excitation,scpair_ops,1,374,0.0,False,single
chromalive_488_excitation,ridge,2,366,0.0,False,single
chromalive_488_excitation,gbdt,2,366,0.0,False,single
chromalive_488_excitation,catboost_multirmse,2,366,0.0,False,single
chromalive_488_excitation,mlp,2,366,0.0,False,single
chromalive_488_excitation,tabm_specialists,2,366,0.0,False,single
chromalive_488_excitation,scbutterfly_ops_b,2,366,0.0,False,single
chromalive_488_excitation,resmlp_52head,2,366,0.0,False,single
chromalive_488_excitation,multitab_pilot,2,366,0.0,False,single
chromalive_488_excitation,midas_ops,2,366,0.0,False,single
chromalive_488_excitation,scpair_ops,2,366,0.0,False,single
chromalive_488_excitation,ridge,3,394,0.0,False,single
chromalive_488_excitation,gbdt,3,394,0.0,False,single
chromalive_488_excitation,catboost_multirmse,3,394,0.0,False,single
chromalive_488_excitation,mlp,3,394,0.0,False,single
chromalive_488_excitation,tabm_specialists,3,394,0.0,False,single
chromalive_488_excitation,scbutterfly_ops_b,3,394,0.0,False,single
chromalive_488_excitation,resmlp_52head,3,394,0.0,False,single
chromalive_488_excitation,multitab_pilot,3,394,0.0,False,single
chromalive_488_excitation,midas_ops,3,394,0.0,False,single
chromalive_488_excitation,scpair_ops,3,394,0.0,False,single
chromalive_488_excitation,ridge,4,444,0.0,False,single
chromalive_488_excitation,gbdt,4,444,0.0,False,single
chromalive_488_excitation,catboost_multirmse,4,444,0.0,False,single
chromalive_488_excitation,mlp,4,444,0.0,False,single
chromalive_488_excitation,tabm_specialists,4,444,0.0,False,single
chromalive_488_excitation,scbutterfly_ops_b,4,444,0.0,False,single
chromalive_488_excitation,resmlp_52head,4,444,0.0,False,single
chromalive_488_excitation,multitab_pilot,4,444,0.0,False,single
chromalive_488_excitation,midas_ops,4,444,0.0,False,single
chromalive_488_excitation,scpair_ops,4,444,0.0,False,single
chromatin_h2bc21,ridge,0,422,0.0,False,single
chromatin_h2bc21,gbdt,0,422,0.0,False,single
chromatin_h2bc21,catboost_multirmse,0,422,0.0,False,single
chromatin_h2bc21,mlp,0,422,0.0,False,single
chromatin_h2bc21,tabm_specialists,0,422,0.0,False,single
chromatin_h2bc21,scbutterfly_ops_b,0,422,0.0,False,single
chromatin_h2bc21,resmlp_52head,0,422,0.0,False,single
chromatin_h2bc21,multitab_pilot,0,422,0.0,False,single
chromatin_h2bc21,midas_ops,0,422,0.0,False,single
chromatin_h2bc21,scpair_ops,0,422,0.0,False,single
chromatin_h2bc21,ridge,1,374,0.0,False,single
chromatin_h2bc21,gbdt,1,374,0.0,False,single
chromatin_h2bc21,catboost_multirmse,1,374,0.0,False,single
chromatin_h2bc21,mlp,1,374,0.0,False,single
chromatin_h2bc21,tabm_specialists,1,374,0.0,False,single
chromatin_h2bc21,scbutterfly_ops_b,1,374,0.0,False,single
chromatin_h2bc21,resmlp_52head,1,374,0.0,False,single
chromatin_h2bc21,multitab_pilot,1,374,0.0,False,single
chromatin_h2bc21,midas_ops,1,374,0.0,False,single
chromatin_h2bc21,scpair_ops,1,374,0.0,False,single
chromatin_h2bc21,ridge,2,366,0.0,False,single
chromatin_h2bc21,gbdt,2,366,0.0,False,single
chromatin_h2bc21,catboost_multirmse,2,366,0.0,False,single
chromatin_h2bc21,mlp,2,366,0.0,False,single
chromatin_h2bc21,tabm_specialists,2,366,0.0,False,single
chromatin_h2bc21,scbutterfly_ops_b,2,366,0.0,False,single
chromatin_h2bc21,resmlp_52head,2,366,0.0,False,single
chromatin_h2bc21,multitab_pilot,2,366,0.0,False,single
chromatin_h2bc21,midas_ops,2,366,0.0,False,single
chromatin_h2bc21,scpair_ops,2,366,0.0,False,single
chromatin_h2bc21,ridge,3,394,0.0,False,single
chromatin_h2bc21,gbdt,3,394,0.0,False,single
chromatin_h2bc21,catboost_multirmse,3,394,0.0,False,single
chromatin_h2bc21,mlp,3,394,0.0,False,single
chromatin_h2bc21,tabm_specialists,3,394,0.0,False,single
chromatin_h2bc21,scbutterfly_ops_b,3,394,0.0,False,single
chromatin_h2bc21,resmlp_52head,3,394,0.0,False,single
chromatin_h2bc21,multitab_pilot,3,394,0.0,False,single
chromatin_h2bc21,midas_ops,3,394,0.0,False,single
chromatin_h2bc21,scpair_ops,3,394,0.0,False,single
chromatin_h2bc21,ridge,4,444,0.0,False,single
chromatin_h2bc21,gbdt,4,444,0.0,False,single
chromatin_h2bc21,catboost_multirmse,4,444,0.0,False,single
chromatin_h2bc21,mlp,4,444,0.0,False,single
chromatin_h2bc21,tabm_specialists,4,444,0.0,False,single
chromatin_h2bc21,scbutterfly_ops_b,4,444,0.0,False,single
chromatin_h2bc21,resmlp_52head,4,444,0.0,False,single
chromatin_h2bc21,multitab_pilot,4,444,0.0,False,single
chromatin_h2bc21,midas_ops,4,444,0.0,False,single
chromatin_h2bc21,scpair_ops,4,444,0.0,False,single
plasma_membrane_atp1b3,ridge,0,422,0.0,False,single
plasma_membrane_atp1b3,gbdt,0,422,0.0,False,single
plasma_membrane_atp1b3,catboost_multirmse,0,422,0.0,False,single
plasma_membrane_atp1b3,mlp,0,422,0.0,False,single
plasma_membrane_atp1b3,tabm_specialists,0,422,0.0,False,single
plasma_membrane_atp1b3,scbutterfly_ops_b,0,422,0.0,False,single
plasma_membrane_atp1b3,resmlp_52head,0,422,0.0,False,single
plasma_membrane_atp1b3,multitab_pilot,0,422,0.0,False,single
plasma_membrane_atp1b3,midas_ops,0,422,0.0,False,single
plasma_membrane_atp1b3,scpair_ops,0,422,0.0,False,single
plasma_membrane_atp1b3,ridge,1,374,0.0,False,single
plasma_membrane_atp1b3,gbdt,1,374,0.0,False,single
plasma_membrane_atp1b3,catboost_multirmse,1,374,0.0,False,single
plasma_membrane_atp1b3,mlp,1,374,0.0,False,single
plasma_membrane_atp1b3,tabm_specialists,1,374,0.0,False,single
plasma_membrane_atp1b3,scbutterfly_ops_b,1,374,0.0,False,single
plasma_membrane_atp1b3,resmlp_52head,1,374,0.0,False,single
plasma_membrane_atp1b3,multitab_pilot,1,374,0.0,False,single
plasma_membrane_atp1b3,midas_ops,1,374,0.0,False,single
plasma_membrane_atp1b3,scpair_ops,1,374,0.0,False,single
plasma_membrane_atp1b3,ridge,2,366,0.0,False,single
plasma_membrane_atp1b3,gbdt,2,366,0.0,False,single
plasma_membrane_atp1b3,catboost_multirmse,2,366,0.0,False,single
plasma_membrane_atp1b3,mlp,2,366,0.0,False,single
plasma_membrane_atp1b3,tabm_specialists,2,366,0.0,False,single
plasma_membrane_atp1b3,scbutterfly_ops_b,2,366,0.0,False,single
plasma_membrane_atp1b3,resmlp_52head,2,366,0.0,False,single
plasma_membrane_atp1b3,multitab_pilot,2,366,0.0,False,single
plasma_membrane_atp1b3,midas_ops,2,366,0.0,False,single
plasma_membrane_atp1b3,scpair_ops,2,366,0.0,False,single
plasma_membrane_atp1b3,ridge,3,394,0.0,False,single
plasma_membrane_atp1b3,gbdt,3,394,0.0,False,single
plasma_membrane_atp1b3,catboost_multirmse,3,394,0.0,False,single
plasma_membrane_atp1b3,mlp,3,394,0.0,False,single
plasma_membrane_atp1b3,tabm_specialists,3,394,0.0,False,single
plasma_membrane_atp1b3,scbutterfly_ops_b,3,394,0.0,False,single
plasma_membrane_atp1b3,resmlp_52head,3,394,0.0,False,single
plasma_membrane_atp1b3,multitab_pilot,3,394,0.0,False,single
plasma_membrane_atp1b3,midas_ops,3,394,0.0,False,single
plasma_membrane_atp1b3,scpair_ops,3,394,0.0,False,single
plasma_membrane_atp1b3,ridge,4,444,0.0,False,single
plasma_membrane_atp1b3,gbdt,4,444,0.0,False,single
plasma_membrane_atp1b3,catboost_multirmse,4,444,0.0,False,single
plasma_membrane_atp1b3,mlp,4,444,0.0,False,single
plasma_membrane_atp1b3,tabm_specialists,4,444,0.0,False,single
plasma_membrane_atp1b3,scbutterfly_ops_b,4,444,0.0,False,single
plasma_membrane_atp1b3,resmlp_52head,4,444,0.0,False,single
plasma_membrane_atp1b3,multitab_pilot,4,444,0.0,False,single
plasma_membrane_atp1b3,midas_ops,4,444,0.0,False,single
plasma_membrane_atp1b3,scpair_ops,4,444,0.0,False,single
endocytic_vesicle_ph_phrodo-dextran_live_cell_dye,ridge,0,422,0.0,False,single
endocytic_vesicle_ph_phrodo-dextran_live_cell_dye,gbdt,0,422,0.0,False,single
endocytic_vesicle_ph_phrodo-dextran_live_cell_dye,catboost_multirmse,0,422,0.0,False,single
endocytic_vesicle_ph_phrodo-dextran_live_cell_dye,mlp,0,422,0.0,False,single
endocytic_vesicle_ph_phrodo-dextran_live_cell_dye,tabm_specialists,0,422,0.0,False,single
endocytic_vesicle_ph_phrodo-dextran_live_cell_dye,scbutterfly_ops_b,0,422,0.0,False,single
endocytic_vesicle_ph_phrodo-dextran_live_cell_dye,resmlp_52head,0,422,0.0,False,single
endocytic_vesicle_ph_phrodo-dextran_live_cell_dye,multitab_pilot,0,422,0.0,False,single
endocytic_vesicle_ph_phrodo-dextran_live_cell_dye,midas_ops,0,422,0.0,False,single
endocytic_vesicle_ph_phrodo-dextran_live_cell_dye,scpair_ops,0,422,0.0,False,single
endocytic_vesicle_ph_phrodo-dextran_live_cell_dye,ridge,1,374,0.0,False,single
endocytic_vesicle_ph_phrodo-dextran_live_cell_dye,gbdt,1,374,0.0,False,single
endocytic_vesicle_ph_phrodo-dextran_live_cell_dye,catboost_multirmse,1,374,0.0,False,single
endocytic_vesicle_ph_phrodo-dextran_live_cell_dye,mlp,1,374,0.0,False,single
endocytic_vesicle_ph_phrodo-dextran_live_cell_dye,tabm_specialists,1,374,0.0,False,single
endocytic_vesicle_ph_phrodo-dextran_live_cell_dye,scbutterfly_ops_b,1,374,0.0,False,single
endocytic_vesicle_ph_phrodo-dextran_live_cell_dye,resmlp_52head,1,374,0.0,False,single
endocytic_vesicle_ph_phrodo-dextran_live_cell_dye,multitab_pilot,1,374,0.0,False,single
endocytic_vesicle_ph_phrodo-dextran_live_cell_dye,midas_ops,1,374,0.0,False,single
endocytic_vesicle_ph_phrodo-dextran_live_cell_dye,scpair_ops,1,374,0.0,False,single
endocytic_vesicle_ph_phrodo-dextran_live_cell_dye,ridge,2,366,0.0,False,single
endocytic_vesicle_ph_phrodo-dextran_live_cell_dye,gbdt,2,366,0.0,False,single
endocytic_vesicle_ph_phrodo-dextran_live_cell_dye,catboost_multirmse,2,366,0.0,False,single
endocytic_vesicle_ph_phrodo-dextran_live_cell_dye,mlp,2,366,0.0,False,single
endocytic_vesicle_ph_phrodo-dextran_live_cell_dye,tabm_specialists,2,366,0.0,False,single
endocytic_vesicle_ph_phrodo-dextran_live_cell_dye,scbutterfly_ops_b,2,366,0.0,False,single
endocytic_vesicle_ph_phrodo-dextran_live_cell_dye,resmlp_52head,2,366,0.0,False,single
endocytic_vesicle_ph_phrodo-dextran_live_cell_dye,multitab_pilot,2,366,0.0,False,single
endocytic_vesicle_ph_phrodo-dextran_live_cell_dye,midas_ops,2,366,0.0,False,single
endocytic_vesicle_ph_phrodo-dextran_live_cell_dye,scpair_ops,2,366,0.0,False,single
endocytic_vesicle_ph_phrodo-dextran_live_cell_dye,ridge,3,394,0.0,False,single
endocytic_vesicle_ph_phrodo-dextran_live_cell_dye,gbdt,3,394,0.0,False,single
endocytic_vesicle_ph_phrodo-dextran_live_cell_dye,catboost_multirmse,3,394,0.0,False,single
endocytic_vesicle_ph_phrodo-dextran_live_cell_dye,mlp,3,394,0.0,False,single
endocytic_vesicle_ph_phrodo-dextran_live_cell_dye,tabm_specialists,3,394,0.0,False,single
endocytic_vesicle_ph_phrodo-dextran_live_cell_dye,scbutterfly_ops_b,3,394,0.0,False,single
endocytic_vesicle_ph_phrodo-dextran_live_cell_dye,resmlp_52head,3,394,0.0,False,single
endocytic_vesicle_ph_phrodo-dextran_live_cell_dye,multitab_pilot,3,394,0.0,False,single
endocytic_vesicle_ph_phrodo-dextran_live_cell_dye,midas_ops,3,394,0.0,False,single
endocytic_vesicle_ph_phrodo-dextran_live_cell_dye,scpair_ops,3,394,0.0,False,single
endocytic_vesicle_ph_phrodo-dextran_live_cell_dye,ridge,4,444,0.0,False,single
endocytic_vesicle_ph_phrodo-dextran_live_cell_dye,gbdt,4,444,0.0,False,single
endocytic_vesicle_ph_phrodo-dextran_live_cell_dye,catboost_multirmse,4,444,0.0,False,single
endocytic_vesicle_ph_phrodo-dextran_live_cell_dye,mlp,4,444,0.0,False,single
endocytic_vesicle_ph_phrodo-dextran_live_cell_dye,tabm_specialists,4,444,0.0,False,single
endocytic_vesicle_ph_phrodo-dextran_live_cell_dye,scbutterfly_ops_b,4,444,0.0,False,single
endocytic_vesicle_ph_phrodo-dextran_live_cell_dye,resmlp_52head,4,444,0.0,False,single
endocytic_vesicle_ph_phrodo-dextran_live_cell_dye,multitab_pilot,4,444,0.0,False,single
endocytic_vesicle_ph_phrodo-dextran_live_cell_dye,midas_ops,4,444,0.0,False,single
endocytic_vesicle_ph_phrodo-dextran_live_cell_dye,scpair_ops,4,444,0.0,False,single
5xupre,ridge,0,1266,0.0,False,single
5xupre,gbdt,0,1266,0.0,False,single
5xupre,catboost_multirmse,0,1266,0.0,False,single
5xupre,mlp,0,1266,0.0,False,single
5xupre,tabm_specialists,0,1266,0.0,False,single
5xupre,scbutterfly_ops_b,0,1266,0.0,False,single
5xupre,resmlp_52head,0,1266,0.0,False,single
5xupre,multitab_pilot,0,1266,0.0,False,single
5xupre,midas_ops,0,1266,0.0,False,single
5xupre,scpair_ops,0,1266,0.0,False,single
5xupre,ridge,1,1122,0.0,False,single
5xupre,gbdt,1,1122,0.0,False,single
5xupre,catboost_multirmse,1,1122,0.0,False,single
5xupre,mlp,1,1122,0.0,False,single
5xupre,tabm_specialists,1,1122,0.0,False,single
5xupre,scbutterfly_ops_b,1,1122,0.0,False,single
5xupre,resmlp_52head,1,1122,0.0,False,single
5xupre,multitab_pilot,1,1122,0.0,False,single
5xupre,midas_ops,1,1122,0.0,False,single
5xupre,scpair_ops,1,1122,0.0,False,single
5xupre,ridge,2,1098,0.0,False,single
5xupre,gbdt,2,1098,0.0,False,single
5xupre,catboost_multirmse,2,1098,0.0,False,single
5xupre,mlp,2,1098,0.0,False,single
5xupre,tabm_specialists,2,1098,0.0,False,single
5xupre,scbutterfly_ops_b,2,1098,0.0,False,single
5xupre,resmlp_52head,2,1098,0.0,False,single
5xupre,multitab_pilot,2,1098,0.0,False,single
5xupre,midas_ops,2,1098,0.0,False,single
5xupre,scpair_ops,2,1098,0.0,False,single
5xupre,ridge,3,1182,0.0,False,single
5xupre,gbdt,3,1182,0.0,False,single
5xupre,catboost_multirmse,3,1182,0.0,False,single
5xupre,mlp,3,1182,0.0,False,single
5xupre,tabm_specialists,3,1182,0.0,False,single
5xupre,scbutterfly_ops_b,3,1182,0.0,False,single
5xupre,resmlp_52head,3,1182,0.0,False,single
5xupre,multitab_pilot,3,1182,0.0,False,single
5xupre,midas_ops,3,1182,0.0,False,single
5xupre,scpair_ops,3,1182,0.0,False,single
5xupre,ridge,4,1332,0.0,False,single
5xupre,gbdt,4,1332,0.0,False,single
5xupre,catboost_multirmse,4,1332,0.0,False,single
5xupre,mlp,4,1332,0.0,False,single
5xupre,tabm_specialists,4,1332,0.0,False,single
5xupre,scbutterfly_ops_b,4,1332,0.0,False,single
5xupre,resmlp_52head,4,1332,0.0,False,single
5xupre,multitab_pilot,4,1332,0.0,False,single
5xupre,midas_ops,4,1332,0.0,False,single
5xupre,scpair_ops,4,1332,0.0,False,single
f-actin_phalloidin,ridge,0,211,0.0,False,single
f-actin_phalloidin,gbdt,0,211,0.0,False,single
f-actin_phalloidin,catboost_multirmse,0,211,0.0,False,single
f-actin_phalloidin,mlp,0,211,0.0,False,single
f-actin_phalloidin,tabm_specialists,0,211,0.0,False,single
f-actin_phalloidin,scbutterfly_ops_b,0,211,0.0,False,single
f-actin_phalloidin,resmlp_52head,0,211,0.0,False,single
f-actin_phalloidin,multitab_pilot,0,211,0.0,False,single
f-actin_phalloidin,midas_ops,0,211,0.0,False,single
f-actin_phalloidin,scpair_ops,0,211,0.0,False,single
f-actin_phalloidin,ridge,1,187,0.0,False,single
f-actin_phalloidin,gbdt,1,187,0.0,False,single
f-actin_phalloidin,catboost_multirmse,1,187,0.0,False,single
f-actin_phalloidin,mlp,1,187,0.0,False,single
f-actin_phalloidin,tabm_specialists,1,187,0.0,False,single
f-actin_phalloidin,scbutterfly_ops_b,1,187,0.0,False,single
f-actin_phalloidin,resmlp_52head,1,187,0.0,False,single
f-actin_phalloidin,multitab_pilot,1,187,0.0,False,single
f-actin_phalloidin,midas_ops,1,187,0.0,False,single
f-actin_phalloidin,scpair_ops,1,187,0.0,False,single
f-actin_phalloidin,ridge,2,183,0.0,False,single
f-actin_phalloidin,gbdt,2,183,0.0,False,single
f-actin_phalloidin,catboost_multirmse,2,183,0.0,False,single
f-actin_phalloidin,mlp,2,183,0.0,False,single
f-actin_phalloidin,tabm_specialists,2,183,0.0,False,single
f-actin_phalloidin,scbutterfly_ops_b,2,183,0.0,False,single
f-actin_phalloidin,resmlp_52head,2,183,0.0,False,single
f-actin_phalloidin,multitab_pilot,2,183,0.0,False,single
f-actin_phalloidin,midas_ops,2,183,0.0,False,single
f-actin_phalloidin,scpair_ops,2,183,0.0,False,single
f-actin_phalloidin,ridge,3,197,0.0,False,single
f-actin_phalloidin,gbdt,3,197,0.0,False,single
f-actin_phalloidin,catboost_multirmse,3,197,0.0,False,single
f-actin_phalloidin,mlp,3,197,0.0,False,single
f-actin_phalloidin,tabm_specialists,3,197,0.0,False,single
f-actin_phalloidin,scbutterfly_ops_b,3,197,0.0,False,single
f-actin_phalloidin,resmlp_52head,3,197,0.0,False,single
f-actin_phalloidin,multitab_pilot,3,197,0.0,False,single
f-actin_phalloidin,midas_ops,3,197,0.0,False,single
f-actin_phalloidin,scpair_ops,3,197,0.0,False,single
f-actin_phalloidin,ridge,4,222,0.0,False,single
f-actin_phalloidin,gbdt,4,222,0.0,False,single
f-actin_phalloidin,catboost_multirmse,4,222,0.0,False,single
f-actin_phalloidin,mlp,4,222,0.0,False,single
f-actin_phalloidin,tabm_specialists,4,222,0.0,False,single
f-actin_phalloidin,scbutterfly_ops_b,4,222,0.0,False,single
f-actin_phalloidin,resmlp_52head,4,222,0.0,False,single
f-actin_phalloidin,multitab_pilot,4,222,0.0,False,single
f-actin_phalloidin,midas_ops,4,222,0.0,False,single
f-actin_phalloidin,scpair_ops,4,222,0.0,False,single
mitochondria_tomm70a,ridge,0,422,0.0,False,single
mitochondria_tomm70a,gbdt,0,422,0.0,False,single
mitochondria_tomm70a,catboost_multirmse,0,422,0.0,False,single
mitochondria_tomm70a,mlp,0,422,0.0,False,single
mitochondria_tomm70a,tabm_specialists,0,422,0.0,False,single
mitochondria_tomm70a,scbutterfly_ops_b,0,422,0.0,False,single
mitochondria_tomm70a,resmlp_52head,0,422,0.0,False,single
mitochondria_tomm70a,multitab_pilot,0,422,0.0,False,single
mitochondria_tomm70a,midas_ops,0,422,0.0,False,single
mitochondria_tomm70a,scpair_ops,0,422,0.0,False,single
mitochondria_tomm70a,ridge,1,374,0.0,False,single
mitochondria_tomm70a,gbdt,1,374,0.0,False,single
mitochondria_tomm70a,catboost_multirmse,1,374,0.0,False,single
mitochondria_tomm70a,mlp,1,374,0.0,False,single
mitochondria_tomm70a,tabm_specialists,1,374,0.0,False,single
mitochondria_tomm70a,scbutterfly_ops_b,1,374,0.0,False,single
mitochondria_tomm70a,resmlp_52head,1,374,0.0,False,single
mitochondria_tomm70a,multitab_pilot,1,374,0.0,False,single
mitochondria_tomm70a,midas_ops,1,374,0.0,False,single
mitochondria_tomm70a,scpair_ops,1,374,0.0,False,single
mitochondria_tomm70a,ridge,2,366,0.0,False,single
mitochondria_tomm70a,gbdt,2,366,0.0,False,single
mitochondria_tomm70a,catboost_multirmse,2,366,0.0,False,single
mitochondria_tomm70a,mlp,2,366,0.0,False,single
mitochondria_tomm70a,tabm_specialists,2,366,0.0,False,single
mitochondria_tomm70a,scbutterfly_ops_b,2,366,0.0,False,single
mitochondria_tomm70a,resmlp_52head,2,366,0.0,False,single
mitochondria_tomm70a,multitab_pilot,2,366,0.0,False,single
mitochondria_tomm70a,midas_ops,2,366,0.0,False,single
mitochondria_tomm70a,scpair_ops,2,366,0.0,False,single
mitochondria_tomm70a,ridge,3,394,0.0,False,single
mitochondria_tomm70a,gbdt,3,394,0.0,False,single
mitochondria_tomm70a,catboost_multirmse,3,394,0.0,False,single
mitochondria_tomm70a,mlp,3,394,0.0,False,single
mitochondria_tomm70a,tabm_specialists,3,394,0.0,False,single
mitochondria_tomm70a,scbutterfly_ops_b,3,394,0.0,False,single
mitochondria_tomm70a,resmlp_52head,3,394,0.0,False,single
mitochondria_tomm70a,multitab_pilot,3,394,0.0,False,single
mitochondria_tomm70a,midas_ops,3,394,0.0,False,single
mitochondria_tomm70a,scpair_ops,3,394,0.0,False,single
mitochondria_tomm70a,ridge,4,444,0.0,False,single
mitochondria_tomm70a,gbdt,4,444,0.0,False,single
mitochondria_tomm70a,catboost_multirmse,4,444,0.0,False,single
mitochondria_tomm70a,mlp,4,444,0.0,False,single
mitochondria_tomm70a,tabm_specialists,4,444,0.0,False,single
mitochondria_tomm70a,scbutterfly_ops_b,4,444,0.0,False,single
mitochondria_tomm70a,resmlp_52head,4,444,0.0,False,single
mitochondria_tomm70a,multitab_pilot,4,444,0.0,False,single
mitochondria_tomm70a,midas_ops,4,444,0.0,False,single
mitochondria_tomm70a,scpair_ops,4,444,0.0,False,single
lysosome_lamp1,ridge,0,422,0.0,False,single
lysosome_lamp1,gbdt,0,422,0.0,False,single
lysosome_lamp1,catboost_multirmse,0,422,0.0,False,single
lysosome_lamp1,mlp,0,422,0.0,False,single
lysosome_lamp1,tabm_specialists,0,422,0.0,False,single
lysosome_lamp1,scbutterfly_ops_b,0,422,0.0,False,single
lysosome_lamp1,resmlp_52head,0,422,0.0,False,single
lysosome_lamp1,multitab_pilot,0,422,0.0,False,single
lysosome_lamp1,midas_ops,0,422,0.0,False,single
lysosome_lamp1,scpair_ops,0,422,0.0,False,single
lysosome_lamp1,ridge,1,374,0.0,False,single
lysosome_lamp1,gbdt,1,374,0.0,False,single
lysosome_lamp1,catboost_multirmse,1,374,0.0,False,single
lysosome_lamp1,mlp,1,374,0.0,False,single
lysosome_lamp1,tabm_specialists,1,374,0.0,False,single
lysosome_lamp1,scbutterfly_ops_b,1,374,0.0,False,single
lysosome_lamp1,resmlp_52head,1,374,0.0,False,single
lysosome_lamp1,multitab_pilot,1,374,0.0,False,single
lysosome_lamp1,midas_ops,1,374,0.0,False,single
lysosome_lamp1,scpair_ops,1,374,0.0,False,single
lysosome_lamp1,ridge,2,366,0.0,False,single
lysosome_lamp1,gbdt,2,366,0.0,False,single
lysosome_lamp1,catboost_multirmse,2,366,0.0,False,single
lysosome_lamp1,mlp,2,366,0.0,False,single
lysosome_lamp1,tabm_specialists,2,366,0.0,False,single
lysosome_lamp1,scbutterfly_ops_b,2,366,0.0,False,single
lysosome_lamp1,resmlp_52head,2,366,0.0,False,single
lysosome_lamp1,multitab_pilot,2,366,0.0,False,single
lysosome_lamp1,midas_ops,2,366,0.0,False,single
lysosome_lamp1,scpair_ops,2,366,0.0,False,single
lysosome_lamp1,ridge,3,394,0.0,False,single
lysosome_lamp1,gbdt,3,394,0.0,False,single
lysosome_lamp1,catboost_multirmse,3,394,0.0,False,single
lysosome_lamp1,mlp,3,394,0.0,False,single
lysosome_lamp1,tabm_specialists,3,394,0.0,False,single
lysosome_lamp1,scbutterfly_ops_b,3,394,0.0,False,single
lysosome_lamp1,resmlp_52head,3,394,0.0,False,single
lysosome_lamp1,multitab_pilot,3,394,0.0,False,single
lysosome_lamp1,midas_ops,3,394,0.0,False,single
lysosome_lamp1,scpair_ops,3,394,0.0,False,single
lysosome_lamp1,ridge,4,444,0.0,False,single
lysosome_lamp1,gbdt,4,444,0.0,False,single
lysosome_lamp1,catboost_multirmse,4,444,0.0,False,single
lysosome_lamp1,mlp,4,444,0.0,False,single
lysosome_lamp1,tabm_specialists,4,444,0.0,False,single
lysosome_lamp1,scbutterfly_ops_b,4,444,0.0,False,single
lysosome_lamp1,resmlp_52head,4,444,0.0,False,single
lysosome_lamp1,multitab_pilot,4,444,0.0,False,single
lysosome_lamp1,midas_ops,4,444,0.0,False,single
lysosome_lamp1,scpair_ops,4,444,0.0,False,single
autophagosome_atg101,ridge,0,422,0.0,False,single
autophagosome_atg101,gbdt,0,422,0.0,False,single
autophagosome_atg101,catboost_multirmse,0,422,0.0,False,single
autophagosome_atg101,mlp,0,422,0.0,False,single
autophagosome_atg101,tabm_specialists,0,422,0.0,False,single
autophagosome_atg101,scbutterfly_ops_b,0,422,0.0,False,single
autophagosome_atg101,resmlp_52head,0,422,0.0,False,single
autophagosome_atg101,multitab_pilot,0,422,0.0,False,single
autophagosome_atg101,midas_ops,0,422,0.0,False,single
autophagosome_atg101,scpair_ops,0,422,0.0,False,single
autophagosome_atg101,ridge,1,374,0.0,False,single
autophagosome_atg101,gbdt,1,374,0.0,False,single
autophagosome_atg101,catboost_multirmse,1,374,0.0,False,single
autophagosome_atg101,mlp,1,374,0.0,False,single
autophagosome_atg101,tabm_specialists,1,374,0.0,False,single
autophagosome_atg101,scbutterfly_ops_b,1,374,0.0,False,single
autophagosome_atg101,resmlp_52head,1,374,0.0,False,single
autophagosome_atg101,multitab_pilot,1,374,0.0,False,single
autophagosome_atg101,midas_ops,1,374,0.0,False,single
autophagosome_atg101,scpair_ops,1,374,0.0,False,single
autophagosome_atg101,ridge,2,366,0.0,False,single
autophagosome_atg101,gbdt,2,366,0.0,False,single
autophagosome_atg101,catboost_multirmse,2,366,0.0,False,single
autophagosome_atg101,mlp,2,366,0.0,False,single
autophagosome_atg101,tabm_specialists,2,366,0.0,False,single
autophagosome_atg101,scbutterfly_ops_b,2,366,0.0,False,single
autophagosome_atg101,resmlp_52head,2,366,0.0,False,single
autophagosome_atg101,multitab_pilot,2,366,0.0,False,single
autophagosome_atg101,midas_ops,2,366,0.0,False,single
autophagosome_atg101,scpair_ops,2,366,0.0,False,single
autophagosome_atg101,ridge,3,394,0.0,False,single
autophagosome_atg101,gbdt,3,394,0.0,False,single
autophagosome_atg101,catboost_multirmse,3,394,0.0,False,single
autophagosome_atg101,mlp,3,394,0.0,False,single
autophagosome_atg101,tabm_specialists,3,394,0.0,False,single
autophagosome_atg101,scbutterfly_ops_b,3,394,0.0,False,single
autophagosome_atg101,resmlp_52head,3,394,0.0,False,single
autophagosome_atg101,multitab_pilot,3,394,0.0,False,single
autophagosome_atg101,midas_ops,3,394,0.0,False,single
autophagosome_atg101,scpair_ops,3,394,0.0,False,single
autophagosome_atg101,ridge,4,444,0.0,False,single
autophagosome_atg101,gbdt,4,444,0.0,False,single
autophagosome_atg101,catboost_multirmse,4,444,0.0,False,single
autophagosome_atg101,mlp,4,444,0.0,False,single
autophagosome_atg101,tabm_specialists,4,444,0.0,False,single
autophagosome_atg101,scbutterfly_ops_b,4,444,0.0,False,single
autophagosome_atg101,resmlp_52head,4,444,0.0,False,single
autophagosome_atg101,multitab_pilot,4,444,0.0,False,single
autophagosome_atg101,midas_ops,4,444,0.0,False,single
autophagosome_atg101,scpair_ops,4,444,0.0,False,single
nuclear_speckles_srrm2,ridge,0,422,0.0,False,single
nuclear_speckles_srrm2,gbdt,0,422,0.0,False,single
nuclear_speckles_srrm2,catboost_multirmse,0,422,0.0,False,single
nuclear_speckles_srrm2,mlp,0,422,0.0,False,single
nuclear_speckles_srrm2,tabm_specialists,0,422,0.0,False,single
nuclear_speckles_srrm2,scbutterfly_ops_b,0,422,0.0,False,single
nuclear_speckles_srrm2,resmlp_52head,0,422,0.0,False,single
nuclear_speckles_srrm2,multitab_pilot,0,422,0.0,False,single
nuclear_speckles_srrm2,midas_ops,0,422,0.0,False,single
nuclear_speckles_srrm2,scpair_ops,0,422,0.0,False,single
nuclear_speckles_srrm2,ridge,1,374,0.0,False,single
nuclear_speckles_srrm2,gbdt,1,374,0.0,False,single
nuclear_speckles_srrm2,catboost_multirmse,1,374,0.0,False,single
nuclear_speckles_srrm2,mlp,1,374,0.0,False,single
nuclear_speckles_srrm2,tabm_specialists,1,374,0.0,False,single
nuclear_speckles_srrm2,scbutterfly_ops_b,1,374,0.0,False,single
nuclear_speckles_srrm2,resmlp_52head,1,374,0.0,False,single
nuclear_speckles_srrm2,multitab_pilot,1,374,0.0,False,single
nuclear_speckles_srrm2,midas_ops,1,374,0.0,False,single
nuclear_speckles_srrm2,scpair_ops,1,374,0.0,False,single
nuclear_speckles_srrm2,ridge,2,366,0.0,False,single
nuclear_speckles_srrm2,gbdt,2,366,0.0,False,single
nuclear_speckles_srrm2,catboost_multirmse,2,366,0.0,False,single
nuclear_speckles_srrm2,mlp,2,366,0.0,False,single
nuclear_speckles_srrm2,tabm_specialists,2,366,0.0,False,single
nuclear_speckles_srrm2,scbutterfly_ops_b,2,366,0.0,False,single
nuclear_speckles_srrm2,resmlp_52head,2,366,0.0,False,single
nuclear_speckles_srrm2,multitab_pilot,2,366,0.0,False,single
nuclear_speckles_srrm2,midas_ops,2,366,0.0,False,single
nuclear_speckles_srrm2,scpair_ops,2,366,0.0,False,single
nuclear_speckles_srrm2,ridge,3,394,0.0,False,single
nuclear_speckles_srrm2,gbdt,3,394,0.0,False,single
nuclear_speckles_srrm2,catboost_multirmse,3,394,0.0,False,single
nuclear_speckles_srrm2,mlp,3,394,0.0,False,single
nuclear_speckles_srrm2,tabm_specialists,3,394,0.0,False,single
nuclear_speckles_srrm2,scbutterfly_ops_b,3,394,0.0,False,single
nuclear_speckles_srrm2,resmlp_52head,3,394,0.0,False,single
nuclear_speckles_srrm2,multitab_pilot,3,394,0.0,False,single
nuclear_speckles_srrm2,midas_ops,3,394,0.0,False,single
nuclear_speckles_srrm2,scpair_ops,3,394,0.0,False,single
nuclear_speckles_srrm2,ridge,4,444,0.0,False,single
nuclear_speckles_srrm2,gbdt,4,444,0.0,False,single
nuclear_speckles_srrm2,catboost_multirmse,4,444,0.0,False,single
nuclear_speckles_srrm2,mlp,4,444,0.0,False,single
nuclear_speckles_srrm2,tabm_specialists,4,444,0.0,False,single
nuclear_speckles_srrm2,scbutterfly_ops_b,4,444,0.0,False,single
nuclear_speckles_srrm2,resmlp_52head,4,444,0.0,False,single
nuclear_speckles_srrm2,multitab_pilot,4,444,0.0,False,single
nuclear_speckles_srrm2,midas_ops,4,444,0.0,False,single
nuclear_speckles_srrm2,scpair_ops,4,444,0.0,False,single
proteasome_psmb7,ridge,0,422,0.0,False,single
proteasome_psmb7,gbdt,0,422,0.0,False,single
proteasome_psmb7,catboost_multirmse,0,422,0.0,False,single
proteasome_psmb7,mlp,0,422,0.0,False,single
proteasome_psmb7,tabm_specialists,0,422,0.0,False,single
proteasome_psmb7,scbutterfly_ops_b,0,422,0.0,False,single
proteasome_psmb7,resmlp_52head,0,422,0.0,False,single
proteasome_psmb7,multitab_pilot,0,422,0.0,False,single
proteasome_psmb7,midas_ops,0,422,0.0,False,single
proteasome_psmb7,scpair_ops,0,422,0.0,False,single
proteasome_psmb7,ridge,1,374,0.0,False,single
proteasome_psmb7,gbdt,1,374,0.0,False,single
proteasome_psmb7,catboost_multirmse,1,374,0.0,False,single
proteasome_psmb7,mlp,1,374,0.0,False,single
proteasome_psmb7,tabm_specialists,1,374,0.0,False,single
proteasome_psmb7,scbutterfly_ops_b,1,374,0.0,False,single
proteasome_psmb7,resmlp_52head,1,374,0.0,False,single
proteasome_psmb7,multitab_pilot,1,374,0.0,False,single
proteasome_psmb7,midas_ops,1,374,0.0,False,single
proteasome_psmb7,scpair_ops,1,374,0.0,False,single
proteasome_psmb7,ridge,2,366,0.0,False,single
proteasome_psmb7,gbdt,2,366,0.0,False,single
proteasome_psmb7,catboost_multirmse,2,366,0.0,False,single
proteasome_psmb7,mlp,2,366,0.0,False,single
proteasome_psmb7,tabm_specialists,2,366,0.0,False,single
proteasome_psmb7,scbutterfly_ops_b,2,366,0.0,False,single
proteasome_psmb7,resmlp_52head,2,366,0.0,False,single
proteasome_psmb7,multitab_pilot,2,366,0.0,False,single
proteasome_psmb7,midas_ops,2,366,0.0,False,single
proteasome_psmb7,scpair_ops,2,366,0.0,False,single
proteasome_psmb7,ridge,3,394,0.0,False,single
proteasome_psmb7,gbdt,3,394,0.0,False,single
proteasome_psmb7,catboost_multirmse,3,394,0.0,False,single
proteasome_psmb7,mlp,3,394,0.0,False,single
proteasome_psmb7,tabm_specialists,3,394,0.0,False,single
proteasome_psmb7,scbutterfly_ops_b,3,394,0.0,False,single
proteasome_psmb7,resmlp_52head,3,394,0.0,False,single
proteasome_psmb7,multitab_pilot,3,394,0.0,False,single
proteasome_psmb7,midas_ops,3,394,0.0,False,single
proteasome_psmb7,scpair_ops,3,394,0.0,False,single
proteasome_psmb7,ridge,4,444,0.0,False,single
proteasome_psmb7,gbdt,4,444,0.0,False,single
proteasome_psmb7,catboost_multirmse,4,444,0.0,False,single
proteasome_psmb7,mlp,4,444,0.0,False,single
proteasome_psmb7,tabm_specialists,4,444,0.0,False,single
proteasome_psmb7,scbutterfly_ops_b,4,444,0.0,False,single
proteasome_psmb7,resmlp_52head,4,444,0.0,False,single
proteasome_psmb7,multitab_pilot,4,444,0.0,False,single
proteasome_psmb7,midas_ops,4,444,0.0,False,single
proteasome_psmb7,scpair_ops,4,444,0.0,False,single
oxidative_stress_cellrox_live-cell_dye,ridge,0,422,0.0,False,single
oxidative_stress_cellrox_live-cell_dye,gbdt,0,422,0.0,False,single
oxidative_stress_cellrox_live-cell_dye,catboost_multirmse,0,422,0.0,False,single
oxidative_stress_cellrox_live-cell_dye,mlp,0,422,0.0,False,single
oxidative_stress_cellrox_live-cell_dye,tabm_specialists,0,422,0.0,False,single
oxidative_stress_cellrox_live-cell_dye,scbutterfly_ops_b,0,422,0.0,False,single
oxidative_stress_cellrox_live-cell_dye,resmlp_52head,0,422,0.0,False,single
oxidative_stress_cellrox_live-cell_dye,multitab_pilot,0,422,0.0,False,single
oxidative_stress_cellrox_live-cell_dye,midas_ops,0,422,0.0,False,single
oxidative_stress_cellrox_live-cell_dye,scpair_ops,0,422,0.0,False,single
oxidative_stress_cellrox_live-cell_dye,ridge,1,374,0.0,False,single
oxidative_stress_cellrox_live-cell_dye,gbdt,1,374,0.0,False,single
oxidative_stress_cellrox_live-cell_dye,catboost_multirmse,1,374,0.0,False,single
oxidative_stress_cellrox_live-cell_dye,mlp,1,374,0.0,False,single
oxidative_stress_cellrox_live-cell_dye,tabm_specialists,1,374,0.0,False,single
oxidative_stress_cellrox_live-cell_dye,scbutterfly_ops_b,1,374,0.0,False,single
oxidative_stress_cellrox_live-cell_dye,resmlp_52head,1,374,0.0,False,single
oxidative_stress_cellrox_live-cell_dye,multitab_pilot,1,374,0.0,False,single
oxidative_stress_cellrox_live-cell_dye,midas_ops,1,374,0.0,False,single
oxidative_stress_cellrox_live-cell_dye,scpair_ops,1,374,0.0,False,single
oxidative_stress_cellrox_live-cell_dye,ridge,2,366,0.0,False,single
oxidative_stress_cellrox_live-cell_dye,gbdt,2,366,0.0,False,single
oxidative_stress_cellrox_live-cell_dye,catboost_multirmse,2,366,0.0,False,single
oxidative_stress_cellrox_live-cell_dye,mlp,2,366,0.0,False,single
oxidative_stress_cellrox_live-cell_dye,tabm_specialists,2,366,0.0,False,single
oxidative_stress_cellrox_live-cell_dye,scbutterfly_ops_b,2,366,0.0,False,single
oxidative_stress_cellrox_live-cell_dye,resmlp_52head,2,366,0.0,False,single
oxidative_stress_cellrox_live-cell_dye,multitab_pilot,2,366,0.0,False,single
oxidative_stress_cellrox_live-cell_dye,midas_ops,2,366,0.0,False,single
oxidative_stress_cellrox_live-cell_dye,scpair_ops,2,366,0.0,False,single
oxidative_stress_cellrox_live-cell_dye,ridge,3,394,0.0,False,single
oxidative_stress_cellrox_live-cell_dye,gbdt,3,394,0.0,False,single
oxidative_stress_cellrox_live-cell_dye,catboost_multirmse,3,394,0.0,False,single
oxidative_stress_cellrox_live-cell_dye,mlp,3,394,0.0,False,single
oxidative_stress_cellrox_live-cell_dye,tabm_specialists,3,394,0.0,False,single
oxidative_stress_cellrox_live-cell_dye,scbutterfly_ops_b,3,394,0.0,False,single
oxidative_stress_cellrox_live-cell_dye,resmlp_52head,3,394,0.0,False,single
oxidative_stress_cellrox_live-cell_dye,multitab_pilot,3,394,0.0,False,single
oxidative_stress_cellrox_live-cell_dye,midas_ops,3,394,0.0,False,single
oxidative_stress_cellrox_live-cell_dye,scpair_ops,3,394,0.0,False,single
oxidative_stress_cellrox_live-cell_dye,ridge,4,444,0.0,False,single
oxidative_stress_cellrox_live-cell_dye,gbdt,4,444,0.0,False,single
oxidative_stress_cellrox_live-cell_dye,catboost_multirmse,4,444,0.0,False,single
oxidative_stress_cellrox_live-cell_dye,mlp,4,444,0.0,False,single
oxidative_stress_cellrox_live-cell_dye,tabm_specialists,4,444,0.0,False,single
oxidative_stress_cellrox_live-cell_dye,scbutterfly_ops_b,4,444,0.0,False,single
oxidative_stress_cellrox_live-cell_dye,resmlp_52head,4,444,0.0,False,single
oxidative_stress_cellrox_live-cell_dye,multitab_pilot,4,444,0.0,False,single
oxidative_stress_cellrox_live-cell_dye,midas_ops,4,444,0.0,False,single
oxidative_stress_cellrox_live-cell_dye,scpair_ops,4,444,0.0,False,single
er_ncln,ridge,0,211,0.0,False,single
er_ncln,gbdt,0,211,0.0,False,single
er_ncln,catboost_multirmse,0,211,0.0,False,single
er_ncln,mlp,0,211,0.0,False,single
er_ncln,tabm_specialists,0,211,0.0,False,single
er_ncln,scbutterfly_ops_b,0,211,0.0,False,single
er_ncln,resmlp_52head,0,211,0.0,False,single
er_ncln,multitab_pilot,0,211,0.0,False,single
er_ncln,midas_ops,0,211,0.0,False,single
er_ncln,scpair_ops,0,211,0.0,False,single
er_ncln,ridge,1,187,0.0,False,single
er_ncln,gbdt,1,187,0.0,False,single
er_ncln,catboost_multirmse,1,187,0.0,False,single
er_ncln,mlp,1,187,0.0,False,single
er_ncln,tabm_specialists,1,187,0.0,False,single
er_ncln,scbutterfly_ops_b,1,187,0.0,False,single
er_ncln,resmlp_52head,1,187,0.0,False,single
er_ncln,multitab_pilot,1,187,0.0,False,single
er_ncln,midas_ops,1,187,0.0,False,single
er_ncln,scpair_ops,1,187,0.0,False,single
er_ncln,ridge,2,183,0.0,False,single
er_ncln,gbdt,2,183,0.0,False,single
er_ncln,catboost_multirmse,2,183,0.0,False,single
er_ncln,mlp,2,183,0.0,False,single
er_ncln,tabm_specialists,2,183,0.0,False,single
er_ncln,scbutterfly_ops_b,2,183,0.0,False,single
er_ncln,resmlp_52head,2,183,0.0,False,single
er_ncln,multitab_pilot,2,183,0.0,False,single
er_ncln,midas_ops,2,183,0.0,False,single
er_ncln,scpair_ops,2,183,0.0,False,single
er_ncln,ridge,3,197,0.0,False,single
er_ncln,gbdt,3,197,0.0,False,single
er_ncln,catboost_multirmse,3,197,0.0,False,single
er_ncln,mlp,3,197,0.0,False,single
er_ncln,tabm_specialists,3,197,0.0,False,single
er_ncln,scbutterfly_ops_b,3,197,0.0,False,single
er_ncln,resmlp_52head,3,197,0.0,False,single
er_ncln,multitab_pilot,3,197,0.0,False,single
er_ncln,midas_ops,3,197,0.0,False,single
er_ncln,scpair_ops,3,197,0.0,False,single
er_ncln,ridge,4,222,0.0,False,single
er_ncln,gbdt,4,222,0.0,False,single
er_ncln,catboost_multirmse,4,222,0.0,False,single
er_ncln,mlp,4,222,0.0,False,single
er_ncln,tabm_specialists,4,222,0.0,False,single
er_ncln,scbutterfly_ops_b,4,222,0.0,False,single
er_ncln,resmlp_52head,4,222,0.0,False,single
er_ncln,multitab_pilot,4,222,0.0,False,single
er_ncln,midas_ops,4,222,0.0,False,single
er_ncln,scpair_ops,4,222,0.0,False,single
trans-golgi_vamp3,ridge,0,422,0.0,False,single
trans-golgi_vamp3,gbdt,0,422,0.0,False,single
trans-golgi_vamp3,catboost_multirmse,0,422,0.0,False,single
trans-golgi_vamp3,mlp,0,422,0.0,False,single
trans-golgi_vamp3,tabm_specialists,0,422,0.0,False,single
trans-golgi_vamp3,scbutterfly_ops_b,0,422,0.0,False,single
trans-golgi_vamp3,resmlp_52head,0,422,0.0,False,single
trans-golgi_vamp3,multitab_pilot,0,422,0.0,False,single
trans-golgi_vamp3,midas_ops,0,422,0.0,False,single
trans-golgi_vamp3,scpair_ops,0,422,0.0,False,single
trans-golgi_vamp3,ridge,1,374,0.0,False,single
trans-golgi_vamp3,gbdt,1,374,0.0,False,single
trans-golgi_vamp3,catboost_multirmse,1,374,0.0,False,single
trans-golgi_vamp3,mlp,1,374,0.0,False,single
trans-golgi_vamp3,tabm_specialists,1,374,0.0,False,single
trans-golgi_vamp3,scbutterfly_ops_b,1,374,0.0,False,single
trans-golgi_vamp3,resmlp_52head,1,374,0.0,False,single
trans-golgi_vamp3,multitab_pilot,1,374,0.0,False,single
trans-golgi_vamp3,midas_ops,1,374,0.0,False,single
trans-golgi_vamp3,scpair_ops,1,374,0.0,False,single
trans-golgi_vamp3,ridge,2,366,0.0,False,single
trans-golgi_vamp3,gbdt,2,366,0.0,False,single
trans-golgi_vamp3,catboost_multirmse,2,366,0.0,False,single
trans-golgi_vamp3,mlp,2,366,0.0,False,single
trans-golgi_vamp3,tabm_specialists,2,366,0.0,False,single
trans-golgi_vamp3,scbutterfly_ops_b,2,366,0.0,False,single
trans-golgi_vamp3,resmlp_52head,2,366,0.0,False,single
trans-golgi_vamp3,multitab_pilot,2,366,0.0,False,single
trans-golgi_vamp3,midas_ops,2,366,0.0,False,single
trans-golgi_vamp3,scpair_ops,2,366,0.0,False,single
trans-golgi_vamp3,ridge,3,394,0.0,False,single
trans-golgi_vamp3,gbdt,3,394,0.0,False,single
trans-golgi_vamp3,catboost_multirmse,3,394,0.0,False,single
trans-golgi_vamp3,mlp,3,394,0.0,False,single
trans-golgi_vamp3,tabm_specialists,3,394,0.0,False,single
trans-golgi_vamp3,scbutterfly_ops_b,3,394,0.0,False,single
trans-golgi_vamp3,resmlp_52head,3,394,0.0,False,single
trans-golgi_vamp3,multitab_pilot,3,394,0.0,False,single
trans-golgi_vamp3,midas_ops,3,394,0.0,False,single
trans-golgi_vamp3,scpair_ops,3,394,0.0,False,single
trans-golgi_vamp3,ridge,4,444,0.0,False,single
trans-golgi_vamp3,gbdt,4,444,0.0,False,single
trans-golgi_vamp3,catboost_multirmse,4,444,0.0,False,single
trans-golgi_vamp3,mlp,4,444,0.0,False,single
trans-golgi_vamp3,tabm_specialists,4,444,0.0,False,single
trans-golgi_vamp3,scbutterfly_ops_b,4,444,0.0,False,single
trans-golgi_vamp3,resmlp_52head,4,444,0.0,False,single
trans-golgi_vamp3,multitab_pilot,4,444,0.0,False,single
trans-golgi_vamp3,midas_ops,4,444,0.0,False,single
trans-golgi_vamp3,scpair_ops,4,444,0.0,False,single
p21,ridge,0,211,0.0,False,single
p21,gbdt,0,211,0.0,False,single
p21,catboost_multirmse,0,211,0.0,False,single
p21,mlp,0,211,0.0,False,single
p21,tabm_specialists,0,211,0.0,False,single
p21,scbutterfly_ops_b,0,211,0.0,False,single
p21,resmlp_52head,0,211,0.0,False,single
p21,multitab_pilot,0,211,0.0,False,single
p21,midas_ops,0,211,0.0,False,single
p21,scpair_ops,0,211,0.0,False,single
p21,ridge,1,187,0.0,False,single
p21,gbdt,1,187,0.0,False,single
p21,catboost_multirmse,1,187,0.0,False,single
p21,mlp,1,187,0.0,False,single
p21,tabm_specialists,1,187,0.0,False,single
p21,scbutterfly_ops_b,1,187,0.0,False,single
p21,resmlp_52head,1,187,0.0,False,single
p21,multitab_pilot,1,187,0.0,False,single
p21,midas_ops,1,187,0.0,False,single
p21,scpair_ops,1,187,0.0,False,single
p21,ridge,2,183,0.0,False,single
p21,gbdt,2,183,0.0,False,single
p21,catboost_multirmse,2,183,0.0,False,single
p21,mlp,2,183,0.0,False,single
p21,tabm_specialists,2,183,0.0,False,single
p21,scbutterfly_ops_b,2,183,0.0,False,single
p21,resmlp_52head,2,183,0.0,False,single
p21,multitab_pilot,2,183,0.0,False,single
p21,midas_ops,2,183,0.0,False,single
p21,scpair_ops,2,183,0.0,False,single
p21,ridge,3,197,0.0,False,single
p21,gbdt,3,197,0.0,False,single
p21,catboost_multirmse,3,197,0.0,False,single
p21,mlp,3,197,0.0,False,single
p21,tabm_specialists,3,197,0.0,False,single
p21,scbutterfly_ops_b,3,197,0.0,False,single
p21,resmlp_52head,3,197,0.0,False,single
p21,multitab_pilot,3,197,0.0,False,single
p21,midas_ops,3,197,0.0,False,single
p21,scpair_ops,3,197,0.0,False,single
p21,ridge,4,222,0.0,False,single
p21,gbdt,4,222,0.0,False,single
p21,catboost_multirmse,4,222,0.0,False,single
p21,mlp,4,222,0.0,False,single
p21,tabm_specialists,4,222,0.0,False,single
p21,scbutterfly_ops_b,4,222,0.0,False,single
p21,resmlp_52head,4,222,0.0,False,single
p21,multitab_pilot,4,222,0.0,False,single
p21,midas_ops,4,222,0.0,False,single
p21,scpair_ops,4,222,0.0,False,single
mitochondria_tomm20,ridge,0,211,0.0,False,single
mitochondria_tomm20,gbdt,0,211,0.0,False,single
mitochondria_tomm20,catboost_multirmse,0,211,0.0,False,single
mitochondria_tomm20,mlp,0,211,0.0,False,single
mitochondria_tomm20,tabm_specialists,0,211,0.0,False,single
mitochondria_tomm20,scbutterfly_ops_b,0,211,0.0,False,single
mitochondria_tomm20,resmlp_52head,0,211,0.0,False,single
mitochondria_tomm20,multitab_pilot,0,211,0.0,False,single
mitochondria_tomm20,midas_ops,0,211,0.0,False,single
mitochondria_tomm20,scpair_ops,0,211,0.0,False,single
mitochondria_tomm20,ridge,1,187,0.0,False,single
mitochondria_tomm20,gbdt,1,187,0.0,False,single
mitochondria_tomm20,catboost_multirmse,1,187,0.0,False,single
mitochondria_tomm20,mlp,1,187,0.0,False,single
mitochondria_tomm20,tabm_specialists,1,187,0.0,False,single
mitochondria_tomm20,scbutterfly_ops_b,1,187,0.0,False,single
mitochondria_tomm20,resmlp_52head,1,187,0.0,False,single
mitochondria_tomm20,multitab_pilot,1,187,0.0,False,single
mitochondria_tomm20,midas_ops,1,187,0.0,False,single
mitochondria_tomm20,scpair_ops,1,187,0.0,False,single
mitochondria_tomm20,ridge,2,183,0.0,False,single
mitochondria_tomm20,gbdt,2,183,0.0,False,single
mitochondria_tomm20,catboost_multirmse,2,183,0.0,False,single
mitochondria_tomm20,mlp,2,183,0.0,False,single
mitochondria_tomm20,tabm_specialists,2,183,0.0,False,single
mitochondria_tomm20,scbutterfly_ops_b,2,183,0.0,False,single
mitochondria_tomm20,resmlp_52head,2,183,0.0,False,single
mitochondria_tomm20,multitab_pilot,2,183,0.0,False,single
mitochondria_tomm20,midas_ops,2,183,0.0,False,single
mitochondria_tomm20,scpair_ops,2,183,0.0,False,single
mitochondria_tomm20,ridge,3,197,0.0,False,single
mitochondria_tomm20,gbdt,3,197,0.0,False,single
mitochondria_tomm20,catboost_multirmse,3,197,0.0,False,single
mitochondria_tomm20,mlp,3,197,0.0,False,single
mitochondria_tomm20,tabm_specialists,3,197,0.0,False,single
mitochondria_tomm20,scbutterfly_ops_b,3,197,0.0,False,single
mitochondria_tomm20,resmlp_52head,3,197,0.0,False,single
mitochondria_tomm20,multitab_pilot,3,197,0.0,False,single
mitochondria_tomm20,midas_ops,3,197,0.0,False,single
mitochondria_tomm20,scpair_ops,3,197,0.0,False,single
mitochondria_tomm20,ridge,4,222,0.0,False,single
mitochondria_tomm20,gbdt,4,222,0.0,False,single
mitochondria_tomm20,catboost_multirmse,4,222,0.0,False,single
mitochondria_tomm20,mlp,4,222,0.0,False,single
mitochondria_tomm20,tabm_specialists,4,222,0.0,False,single
mitochondria_tomm20,scbutterfly_ops_b,4,222,0.0,False,single
mitochondria_tomm20,resmlp_52head,4,222,0.0,False,single
mitochondria_tomm20,multitab_pilot,4,222,0.0,False,single
mitochondria_tomm20,midas_ops,4,222,0.0,False,single
mitochondria_tomm20,scpair_ops,4,222,0.0,False,single
p53,ridge,0,211,0.0,False,single
p53,gbdt,0,211,0.0,False,single
p53,catboost_multirmse,0,211,0.0,False,single
p53,mlp,0,211,0.0,False,single
p53,tabm_specialists,0,211,0.0,False,single
p53,scbutterfly_ops_b,0,211,0.0,False,single
p53,resmlp_52head,0,211,0.0,False,single
p53,multitab_pilot,0,211,0.0,False,single
p53,midas_ops,0,211,0.0,False,single
p53,scpair_ops,0,211,0.0,False,single
p53,ridge,1,187,0.0,False,single
p53,gbdt,1,187,0.0,False,single
p53,catboost_multirmse,1,187,0.0,False,single
p53,mlp,1,187,0.0,False,single
p53,tabm_specialists,1,187,0.0,False,single
p53,scbutterfly_ops_b,1,187,0.0,False,single
p53,resmlp_52head,1,187,0.0,False,single
p53,multitab_pilot,1,187,0.0,False,single
p53,midas_ops,1,187,0.0,False,single
p53,scpair_ops,1,187,0.0,False,single
p53,ridge,2,183,0.0,False,single
p53,gbdt,2,183,0.0,False,single
p53,catboost_multirmse,2,183,0.0,False,single
p53,mlp,2,183,0.0,False,single
p53,tabm_specialists,2,183,0.0,False,single
p53,scbutterfly_ops_b,2,183,0.0,False,single
p53,resmlp_52head,2,183,0.0,False,single
p53,multitab_pilot,2,183,0.0,False,single
p53,midas_ops,2,183,0.0,False,single
p53,scpair_ops,2,183,0.0,False,single
p53,ridge,3,197,0.0,False,single
p53,gbdt,3,197,0.0,False,single
p53,catboost_multirmse,3,197,0.0,False,single
p53,mlp,3,197,0.0,False,single
p53,tabm_specialists,3,197,0.0,False,single
p53,scbutterfly_ops_b,3,197,0.0,False,single
p53,resmlp_52head,3,197,0.0,False,single
p53,multitab_pilot,3,197,0.0,False,single
p53,midas_ops,3,197,0.0,False,single
p53,scpair_ops,3,197,0.0,False,single
p53,ridge,4,222,0.0,False,single
p53,gbdt,4,222,0.0,False,single
p53,catboost_multirmse,4,222,0.0,False,single
p53,mlp,4,222,0.0,False,single
p53,tabm_specialists,4,222,0.0,False,single
p53,scbutterfly_ops_b,4,222,0.0,False,single
p53,resmlp_52head,4,222,0.0,False,single
p53,multitab_pilot,4,222,0.0,False,single
p53,midas_ops,4,222,0.0,False,single
p53,scpair_ops,4,222,0.0,False,single
caspase_activity_cellevent-caspase_live-cell_dye,ridge,0,422,0.0,False,single
caspase_activity_cellevent-caspase_live-cell_dye,gbdt,0,422,0.0,False,single
caspase_activity_cellevent-caspase_live-cell_dye,catboost_multirmse,0,422,0.0,False,single
caspase_activity_cellevent-caspase_live-cell_dye,mlp,0,422,0.0,False,single
caspase_activity_cellevent-caspase_live-cell_dye,tabm_specialists,0,422,0.0,False,single
caspase_activity_cellevent-caspase_live-cell_dye,scbutterfly_ops_b,0,422,0.0,False,single
caspase_activity_cellevent-caspase_live-cell_dye,resmlp_52head,0,422,0.0,False,single
caspase_activity_cellevent-caspase_live-cell_dye,multitab_pilot,0,422,0.0,False,single
caspase_activity_cellevent-caspase_live-cell_dye,midas_ops,0,422,0.0,False,single
caspase_activity_cellevent-caspase_live-cell_dye,scpair_ops,0,422,0.0,False,single
caspase_activity_cellevent-caspase_live-cell_dye,ridge,1,374,0.0,False,single
caspase_activity_cellevent-caspase_live-cell_dye,gbdt,1,374,0.0,False,single
caspase_activity_cellevent-caspase_live-cell_dye,catboost_multirmse,1,374,0.0,False,single
caspase_activity_cellevent-caspase_live-cell_dye,mlp,1,374,0.0,False,single
caspase_activity_cellevent-caspase_live-cell_dye,tabm_specialists,1,374,0.0,False,single
caspase_activity_cellevent-caspase_live-cell_dye,scbutterfly_ops_b,1,374,0.0,False,single
caspase_activity_cellevent-caspase_live-cell_dye,resmlp_52head,1,374,0.0,False,single
caspase_activity_cellevent-caspase_live-cell_dye,multitab_pilot,1,374,0.0,False,single
caspase_activity_cellevent-caspase_live-cell_dye,midas_ops,1,374,0.0,False,single
caspase_activity_cellevent-caspase_live-cell_dye,scpair_ops,1,374,0.0,False,single
caspase_activity_cellevent-caspase_live-cell_dye,ridge,2,366,0.0,False,single
caspase_activity_cellevent-caspase_live-cell_dye,gbdt,2,366,0.0,False,single
caspase_activity_cellevent-caspase_live-cell_dye,catboost_multirmse,2,366,0.0,False,single
caspase_activity_cellevent-caspase_live-cell_dye,mlp,2,366,0.0,False,single
caspase_activity_cellevent-caspase_live-cell_dye,tabm_specialists,2,366,0.0,False,single
caspase_activity_cellevent-caspase_live-cell_dye,scbutterfly_ops_b,2,366,0.0,False,single
caspase_activity_cellevent-caspase_live-cell_dye,resmlp_52head,2,366,0.0,False,single
caspase_activity_cellevent-caspase_live-cell_dye,multitab_pilot,2,366,0.0,False,single
caspase_activity_cellevent-caspase_live-cell_dye,midas_ops,2,366,0.0,False,single
caspase_activity_cellevent-caspase_live-cell_dye,scpair_ops,2,366,0.0,False,single
caspase_activity_cellevent-caspase_live-cell_dye,ridge,3,394,0.0,False,single
caspase_activity_cellevent-caspase_live-cell_dye,gbdt,3,394,0.0,False,single
caspase_activity_cellevent-caspase_live-cell_dye,catboost_multirmse,3,394,0.0,False,single
caspase_activity_cellevent-caspase_live-cell_dye,mlp,3,394,0.0,False,single
caspase_activity_cellevent-caspase_live-cell_dye,tabm_specialists,3,394,0.0,False,single
caspase_activity_cellevent-caspase_live-cell_dye,scbutterfly_ops_b,3,394,0.0,False,single
caspase_activity_cellevent-caspase_live-cell_dye,resmlp_52head,3,394,0.0,False,single
caspase_activity_cellevent-caspase_live-cell_dye,multitab_pilot,3,394,0.0,False,single
caspase_activity_cellevent-caspase_live-cell_dye,midas_ops,3,394,0.0,False,single
caspase_activity_cellevent-caspase_live-cell_dye,scpair_ops,3,394,0.0,False,single
caspase_activity_cellevent-caspase_live-cell_dye,ridge,4,444,0.0,False,single
caspase_activity_cellevent-caspase_live-cell_dye,gbdt,4,444,0.0,False,single
caspase_activity_cellevent-caspase_live-cell_dye,catboost_multirmse,4,444,0.0,False,single
caspase_activity_cellevent-caspase_live-cell_dye,mlp,4,444,0.0,False,single
caspase_activity_cellevent-caspase_live-cell_dye,tabm_specialists,4,444,0.0,False,single
caspase_activity_cellevent-caspase_live-cell_dye,scbutterfly_ops_b,4,444,0.0,False,single
caspase_activity_cellevent-caspase_live-cell_dye,resmlp_52head,4,444,0.0,False,single
caspase_activity_cellevent-caspase_live-cell_dye,multitab_pilot,4,444,0.0,False,single
caspase_activity_cellevent-caspase_live-cell_dye,midas_ops,4,444,0.0,False,single
caspase_activity_cellevent-caspase_live-cell_dye,scpair_ops,4,444,0.0,False,single
ps6,ridge,0,211,0.0,False,single
ps6,gbdt,0,211,0.0,False,single
ps6,catboost_multirmse,0,211,0.0,False,single
ps6,mlp,0,211,0.0,False,single
ps6,tabm_specialists,0,211,0.0,False,single
ps6,scbutterfly_ops_b,0,211,0.0,False,single
ps6,resmlp_52head,0,211,0.0,False,single
ps6,multitab_pilot,0,211,0.0,False,single
ps6,midas_ops,0,211,0.0,False,single
ps6,scpair_ops,0,211,0.0,False,single
ps6,ridge,1,187,0.0,False,single
ps6,gbdt,1,187,0.0,False,single
ps6,catboost_multirmse,1,187,0.0,False,single
ps6,mlp,1,187,0.0,False,single
ps6,tabm_specialists,1,187,0.0,False,single
ps6,scbutterfly_ops_b,1,187,0.0,False,single
ps6,resmlp_52head,1,187,0.0,False,single
ps6,multitab_pilot,1,187,0.0,False,single
ps6,midas_ops,1,187,0.0,False,single
ps6,scpair_ops,1,187,0.0,False,single
ps6,ridge,2,183,0.0,False,single
ps6,gbdt,2,183,0.0,False,single
ps6,catboost_multirmse,2,183,0.0,False,single
ps6,mlp,2,183,0.0,False,single
ps6,tabm_specialists,2,183,0.0,False,single
ps6,scbutterfly_ops_b,2,183,0.0,False,single
ps6,resmlp_52head,2,183,0.0,False,single
ps6,multitab_pilot,2,183,0.0,False,single
ps6,midas_ops,2,183,0.0,False,single
ps6,scpair_ops,2,183,0.0,False,single
ps6,ridge,3,197,0.0,False,single
ps6,gbdt,3,197,0.0,False,single
ps6,catboost_multirmse,3,197,0.0,False,single
ps6,mlp,3,197,0.0,False,single
ps6,tabm_specialists,3,197,0.0,False,single
ps6,scbutterfly_ops_b,3,197,0.0,False,single
ps6,resmlp_52head,3,197,0.0,False,single
ps6,multitab_pilot,3,197,0.0,False,single
ps6,midas_ops,3,197,0.0,False,single
ps6,scpair_ops,3,197,0.0,False,single
ps6,ridge,4,222,0.0,False,single
ps6,gbdt,4,222,0.0,False,single
ps6,catboost_multirmse,4,222,0.0,False,single
ps6,mlp,4,222,0.0,False,single
ps6,tabm_specialists,4,222,0.0,False,single
ps6,scbutterfly_ops_b,4,222,0.0,False,single
ps6,resmlp_52head,4,222,0.0,False,single
ps6,multitab_pilot,4,222,0.0,False,single
ps6,midas_ops,4,222,0.0,False,single
ps6,scpair_ops,4,222,0.0,False,single
prb,ridge,0,211,0.0,False,single
prb,gbdt,0,211,0.0,False,single
prb,catboost_multirmse,0,211,0.0,False,single
prb,mlp,0,211,0.0,False,single
prb,tabm_specialists,0,211,0.0,False,single
prb,scbutterfly_ops_b,0,211,0.0,False,single
prb,resmlp_52head,0,211,0.0,False,single
prb,multitab_pilot,0,211,0.0,False,single
prb,midas_ops,0,211,0.0,False,single
prb,scpair_ops,0,211,0.0,False,single
prb,ridge,1,187,0.0,False,single
prb,gbdt,1,187,0.0,False,single
prb,catboost_multirmse,1,187,0.0,False,single
prb,mlp,1,187,0.0,False,single
prb,tabm_specialists,1,187,0.0,False,single
prb,scbutterfly_ops_b,1,187,0.0,False,single
prb,resmlp_52head,1,187,0.0,False,single
prb,multitab_pilot,1,187,0.0,False,single
prb,midas_ops,1,187,0.0,False,single
prb,scpair_ops,1,187,0.0,False,single
prb,ridge,2,183,0.0,False,single
prb,gbdt,2,183,0.0,False,single
prb,catboost_multirmse,2,183,0.0,False,single
prb,mlp,2,183,0.0,False,single
prb,tabm_specialists,2,183,0.0,False,single
prb,scbutterfly_ops_b,2,183,0.0,False,single
prb,resmlp_52head,2,183,0.0,False,single
prb,multitab_pilot,2,183,0.0,False,single
prb,midas_ops,2,183,0.0,False,single
prb,scpair_ops,2,183,0.0,False,single
prb,ridge,3,197,0.0,False,single
prb,gbdt,3,197,0.0,False,single
prb,catboost_multirmse,3,197,0.0,False,single
prb,mlp,3,197,0.0,False,single
prb,tabm_specialists,3,197,0.0,False,single
prb,scbutterfly_ops_b,3,197,0.0,False,single
prb,resmlp_52head,3,197,0.0,False,single
prb,multitab_pilot,3,197,0.0,False,single
prb,midas_ops,3,197,0.0,False,single
prb,scpair_ops,3,197,0.0,False,single
prb,ridge,4,222,0.0,False,single
prb,gbdt,4,222,0.0,False,single
prb,catboost_multirmse,4,222,0.0,False,single
prb,mlp,4,222,0.0,False,single
prb,tabm_specialists,4,222,0.0,False,single
prb,scbutterfly_ops_b,4,222,0.0,False,single
prb,resmlp_52head,4,222,0.0,False,single
prb,multitab_pilot,4,222,0.0,False,single
prb,midas_ops,4,222,0.0,False,single
prb,scpair_ops,4,222,0.0,False,single
nuclei_hoechst,ridge,0,211,0.0,False,single
nuclei_hoechst,gbdt,0,211,0.0,False,single
nuclei_hoechst,catboost_multirmse,0,211,0.0,False,single
nuclei_hoechst,mlp,0,211,0.0,False,single
nuclei_hoechst,tabm_specialists,0,211,0.0,False,single
nuclei_hoechst,scbutterfly_ops_b,0,211,0.0,False,single
nuclei_hoechst,resmlp_52head,0,211,0.0,False,single
nuclei_hoechst,multitab_pilot,0,211,0.0,False,single
nuclei_hoechst,midas_ops,0,211,0.0,False,single
nuclei_hoechst,scpair_ops,0,211,0.0,False,single
nuclei_hoechst,ridge,1,187,0.0,False,single
nuclei_hoechst,gbdt,1,187,0.0,False,single
nuclei_hoechst,catboost_multirmse,1,187,0.0,False,single
nuclei_hoechst,mlp,1,187,0.0,False,single
nuclei_hoechst,tabm_specialists,1,187,0.0,False,single
nuclei_hoechst,scbutterfly_ops_b,1,187,0.0,False,single
nuclei_hoechst,resmlp_52head,1,187,0.0,False,single
nuclei_hoechst,multitab_pilot,1,187,0.0,False,single
nuclei_hoechst,midas_ops,1,187,0.0,False,single
nuclei_hoechst,scpair_ops,1,187,0.0,False,single
nuclei_hoechst,ridge,2,183,0.0,False,single
nuclei_hoechst,gbdt,2,183,0.0,False,single
nuclei_hoechst,catboost_multirmse,2,183,0.0,False,single
nuclei_hoechst,mlp,2,183,0.0,False,single
nuclei_hoechst,tabm_specialists,2,183,0.0,False,single
nuclei_hoechst,scbutterfly_ops_b,2,183,0.0,False,single
nuclei_hoechst,resmlp_52head,2,183,0.0,False,single
nuclei_hoechst,multitab_pilot,2,183,0.0,False,single
nuclei_hoechst,midas_ops,2,183,0.0,False,single
nuclei_hoechst,scpair_ops,2,183,0.0,False,single
nuclei_hoechst,ridge,3,197,0.0,False,single
nuclei_hoechst,gbdt,3,197,0.0,False,single
nuclei_hoechst,catboost_multirmse,3,197,0.0,False,single
nuclei_hoechst,mlp,3,197,0.0,False,single
nuclei_hoechst,tabm_specialists,3,197,0.0,False,single
nuclei_hoechst,scbutterfly_ops_b,3,197,0.0,False,single
nuclei_hoechst,resmlp_52head,3,197,0.0,False,single
nuclei_hoechst,multitab_pilot,3,197,0.0,False,single
nuclei_hoechst,midas_ops,3,197,0.0,False,single
nuclei_hoechst,scpair_ops,3,197,0.0,False,single
nuclei_hoechst,ridge,4,222,0.0,False,single
nuclei_hoechst,gbdt,4,222,0.0,False,single
nuclei_hoechst,catboost_multirmse,4,222,0.0,False,single
nuclei_hoechst,mlp,4,222,0.0,False,single
nuclei_hoechst,tabm_specialists,4,222,0.0,False,single
nuclei_hoechst,scbutterfly_ops_b,4,222,0.0,False,single
nuclei_hoechst,resmlp_52head,4,222,0.0,False,single
nuclei_hoechst,multitab_pilot,4,222,0.0,False,single
nuclei_hoechst,midas_ops,4,222,0.0,False,single
nuclei_hoechst,scpair_ops,4,222,0.0,False,single
nucleoli_npm1,ridge,0,211,0.0,False,single
nucleoli_npm1,gbdt,0,211,0.0,False,single
nucleoli_npm1,catboost_multirmse,0,211,0.0,False,single
nucleoli_npm1,mlp,0,211,0.0,False,single
nucleoli_npm1,tabm_specialists,0,211,0.0,False,single
nucleoli_npm1,scbutterfly_ops_b,0,211,0.0,False,single
nucleoli_npm1,resmlp_52head,0,211,0.0,False,single
nucleoli_npm1,multitab_pilot,0,211,0.0,False,single
nucleoli_npm1,midas_ops,0,211,0.0,False,single
nucleoli_npm1,scpair_ops,0,211,0.0,False,single
nucleoli_npm1,ridge,1,187,0.0,False,single
nucleoli_npm1,gbdt,1,187,0.0,False,single
nucleoli_npm1,catboost_multirmse,1,187,0.0,False,single
nucleoli_npm1,mlp,1,187,0.0,False,single
nucleoli_npm1,tabm_specialists,1,187,0.0,False,single
nucleoli_npm1,scbutterfly_ops_b,1,187,0.0,False,single
nucleoli_npm1,resmlp_52head,1,187,0.0,False,single
nucleoli_npm1,multitab_pilot,1,187,0.0,False,single
nucleoli_npm1,midas_ops,1,187,0.0,False,single
nucleoli_npm1,scpair_ops,1,187,0.0,False,single
nucleoli_npm1,ridge,2,183,0.0,False,single
nucleoli_npm1,gbdt,2,183,0.0,False,single
nucleoli_npm1,catboost_multirmse,2,183,0.0,False,single
nucleoli_npm1,mlp,2,183,0.0,False,single
nucleoli_npm1,tabm_specialists,2,183,0.0,False,single
nucleoli_npm1,scbutterfly_ops_b,2,183,0.0,False,single
nucleoli_npm1,resmlp_52head,2,183,0.0,False,single
nucleoli_npm1,multitab_pilot,2,183,0.0,False,single
nucleoli_npm1,midas_ops,2,183,0.0,False,single
nucleoli_npm1,scpair_ops,2,183,0.0,False,single
nucleoli_npm1,ridge,3,197,0.0,False,single
nucleoli_npm1,gbdt,3,197,0.0,False,single
nucleoli_npm1,catboost_multirmse,3,197,0.0,False,single
nucleoli_npm1,mlp,3,197,0.0,False,single
nucleoli_npm1,tabm_specialists,3,197,0.0,False,single
nucleoli_npm1,scbutterfly_ops_b,3,197,0.0,False,single
nucleoli_npm1,resmlp_52head,3,197,0.0,False,single
nucleoli_npm1,multitab_pilot,3,197,0.0,False,single
nucleoli_npm1,midas_ops,3,197,0.0,False,single
nucleoli_npm1,scpair_ops,3,197,0.0,False,single
nucleoli_npm1,ridge,4,222,0.0,False,single
nucleoli_npm1,gbdt,4,222,0.0,False,single
nucleoli_npm1,catboost_multirmse,4,222,0.0,False,single
nucleoli_npm1,mlp,4,222,0.0,False,single
nucleoli_npm1,tabm_specialists,4,222,0.0,False,single
nucleoli_npm1,scbutterfly_ops_b,4,222,0.0,False,single
nucleoli_npm1,resmlp_52head,4,222,0.0,False,single
nucleoli_npm1,multitab_pilot,4,222,0.0,False,single
nucleoli_npm1,midas_ops,4,222,0.0,False,single
nucleoli_npm1,scpair_ops,4,222,0.0,False,single
b-catenin,ridge,0,211,0.0,False,single
b-catenin,gbdt,0,211,0.0,False,single
b-catenin,catboost_multirmse,0,211,0.0,False,single
b-catenin,mlp,0,211,0.0,False,single
b-catenin,tabm_specialists,0,211,0.0,False,single
b-catenin,scbutterfly_ops_b,0,211,0.0,False,single
b-catenin,resmlp_52head,0,211,0.0,False,single
b-catenin,multitab_pilot,0,211,0.0,False,single
b-catenin,midas_ops,0,211,0.0,False,single
b-catenin,scpair_ops,0,211,0.0,False,single
b-catenin,ridge,1,187,0.0,False,single
b-catenin,gbdt,1,187,0.0,False,single
b-catenin,catboost_multirmse,1,187,0.0,False,single
b-catenin,mlp,1,187,0.0,False,single
b-catenin,tabm_specialists,1,187,0.0,False,single
b-catenin,scbutterfly_ops_b,1,187,0.0,False,single
b-catenin,resmlp_52head,1,187,0.0,False,single
b-catenin,multitab_pilot,1,187,0.0,False,single
b-catenin,midas_ops,1,187,0.0,False,single
b-catenin,scpair_ops,1,187,0.0,False,single
b-catenin,ridge,2,183,0.0,False,single
b-catenin,gbdt,2,183,0.0,False,single
b-catenin,catboost_multirmse,2,183,0.0,False,single
b-catenin,mlp,2,183,0.0,False,single
b-catenin,tabm_specialists,2,183,0.0,False,single
b-catenin,scbutterfly_ops_b,2,183,0.0,False,single
b-catenin,resmlp_52head,2,183,0.0,False,single
b-catenin,multitab_pilot,2,183,0.0,False,single
b-catenin,midas_ops,2,183,0.0,False,single
b-catenin,scpair_ops,2,183,0.0,False,single
b-catenin,ridge,3,197,0.0,False,single
b-catenin,gbdt,3,197,0.0,False,single
b-catenin,catboost_multirmse,3,197,0.0,False,single
b-catenin,mlp,3,197,0.0,False,single
b-catenin,tabm_specialists,3,197,0.0,False,single
b-catenin,scbutterfly_ops_b,3,197,0.0,False,single
b-catenin,resmlp_52head,3,197,0.0,False,single
b-catenin,multitab_pilot,3,197,0.0,False,single
b-catenin,midas_ops,3,197,0.0,False,single
b-catenin,scpair_ops,3,197,0.0,False,single
b-catenin,ridge,4,222,0.0,False,single
b-catenin,gbdt,4,222,0.0,False,single
b-catenin,catboost_multirmse,4,222,0.0,False,single
b-catenin,mlp,4,222,0.0,False,single
b-catenin,tabm_specialists,4,222,0.0,False,single
b-catenin,scbutterfly_ops_b,4,222,0.0,False,single
b-catenin,resmlp_52head,4,222,0.0,False,single
b-catenin,multitab_pilot,4,222,0.0,False,single
b-catenin,midas_ops,4,222,0.0,False,single
b-catenin,scpair_ops,4,222,0.0,False,single
c-myc,ridge,0,211,0.0,False,single
c-myc,gbdt,0,211,0.0,False,single
c-myc,catboost_multirmse,0,211,0.0,False,single
c-myc,mlp,0,211,0.0,False,single
c-myc,tabm_specialists,0,211,0.0,False,single
c-myc,scbutterfly_ops_b,0,211,0.0,False,single
c-myc,resmlp_52head,0,211,0.0,False,single
c-myc,multitab_pilot,0,211,0.0,False,single
c-myc,midas_ops,0,211,0.0,False,single
c-myc,scpair_ops,0,211,0.0,False,single
c-myc,ridge,1,187,0.0,False,single
c-myc,gbdt,1,187,0.0,False,single
c-myc,catboost_multirmse,1,187,0.0,False,single
c-myc,mlp,1,187,0.0,False,single
c-myc,tabm_specialists,1,187,0.0,False,single
c-myc,scbutterfly_ops_b,1,187,0.0,False,single
c-myc,resmlp_52head,1,187,0.0,False,single
c-myc,multitab_pilot,1,187,0.0,False,single
c-myc,midas_ops,1,187,0.0,False,single
c-myc,scpair_ops,1,187,0.0,False,single
c-myc,ridge,2,183,0.0,False,single
c-myc,gbdt,2,183,0.0,False,single
c-myc,catboost_multirmse,2,183,0.0,False,single
c-myc,mlp,2,183,0.0,False,single
c-myc,tabm_specialists,2,183,0.0,False,single
c-myc,scbutterfly_ops_b,2,183,0.0,False,single
c-myc,resmlp_52head,2,183,0.0,False,single
c-myc,multitab_pilot,2,183,0.0,False,single
c-myc,midas_ops,2,183,0.0,False,single
c-myc,scpair_ops,2,183,0.0,False,single
c-myc,ridge,3,197,0.0,False,single
c-myc,gbdt,3,197,0.0,False,single
c-myc,catboost_multirmse,3,197,0.0,False,single
c-myc,mlp,3,197,0.0,False,single
c-myc,tabm_specialists,3,197,0.0,False,single
c-myc,scbutterfly_ops_b,3,197,0.0,False,single
c-myc,resmlp_52head,3,197,0.0,False,single
c-myc,multitab_pilot,3,197,0.0,False,single
c-myc,midas_ops,3,197,0.0,False,single
c-myc,scpair_ops,3,197,0.0,False,single
c-myc,ridge,4,222,0.0,False,single
c-myc,gbdt,4,222,0.0,False,single
c-myc,catboost_multirmse,4,222,0.0,False,single
c-myc,mlp,4,222,0.0,False,single
c-myc,tabm_specialists,4,222,0.0,False,single
c-myc,scbutterfly_ops_b,4,222,0.0,False,single
c-myc,resmlp_52head,4,222,0.0,False,single
c-myc,multitab_pilot,4,222,0.0,False,single
c-myc,midas_ops,4,222,0.0,False,single
c-myc,scpair_ops,4,222,0.0,False,single
er_cona,ridge,0,211,0.0,False,single
er_cona,gbdt,0,211,0.0,False,single
er_cona,catboost_multirmse,0,211,0.0,False,single
er_cona,mlp,0,211,0.0,False,single
er_cona,tabm_specialists,0,211,0.0,False,single
er_cona,scbutterfly_ops_b,0,211,0.0,False,single
er_cona,resmlp_52head,0,211,0.0,False,single
er_cona,multitab_pilot,0,211,0.0,False,single
er_cona,midas_ops,0,211,0.0,False,single
er_cona,scpair_ops,0,211,0.0,False,single
er_cona,ridge,1,187,0.0,False,single
er_cona,gbdt,1,187,0.0,False,single
er_cona,catboost_multirmse,1,187,0.0,False,single
er_cona,mlp,1,187,0.0,False,single
er_cona,tabm_specialists,1,187,0.0,False,single
er_cona,scbutterfly_ops_b,1,187,0.0,False,single
er_cona,resmlp_52head,1,187,0.0,False,single
er_cona,multitab_pilot,1,187,0.0,False,single
er_cona,midas_ops,1,187,0.0,False,single
er_cona,scpair_ops,1,187,0.0,False,single
er_cona,ridge,2,183,0.0,False,single
er_cona,gbdt,2,183,0.0,False,single
er_cona,catboost_multirmse,2,183,0.0,False,single
er_cona,mlp,2,183,0.0,False,single
er_cona,tabm_specialists,2,183,0.0,False,single
er_cona,scbutterfly_ops_b,2,183,0.0,False,single
er_cona,resmlp_52head,2,183,0.0,False,single
er_cona,multitab_pilot,2,183,0.0,False,single
er_cona,midas_ops,2,183,0.0,False,single
er_cona,scpair_ops,2,183,0.0,False,single
er_cona,ridge,3,197,0.0,False,single
er_cona,gbdt,3,197,0.0,False,single
er_cona,catboost_multirmse,3,197,0.0,False,single
er_cona,mlp,3,197,0.0,False,single
er_cona,tabm_specialists,3,197,0.0,False,single
er_cona,scbutterfly_ops_b,3,197,0.0,False,single
er_cona,resmlp_52head,3,197,0.0,False,single
er_cona,multitab_pilot,3,197,0.0,False,single
er_cona,midas_ops,3,197,0.0,False,single
er_cona,scpair_ops,3,197,0.0,False,single
er_cona,ridge,4,222,0.0,False,single
er_cona,gbdt,4,222,0.0,False,single
er_cona,catboost_multirmse,4,222,0.0,False,single
er_cona,mlp,4,222,0.0,False,single
er_cona,tabm_specialists,4,222,0.0,False,single
er_cona,scbutterfly_ops_b,4,222,0.0,False,single
er_cona,resmlp_52head,4,222,0.0,False,single
er_cona,multitab_pilot,4,222,0.0,False,single
er_cona,midas_ops,4,222,0.0,False,single
er_cona,scpair_ops,4,222,0.0,False,single
microtubules_tubulin,ridge,0,211,0.0,False,single
microtubules_tubulin,gbdt,0,211,0.0,False,single
microtubules_tubulin,catboost_multirmse,0,211,0.0,False,single
microtubules_tubulin,mlp,0,211,0.0,False,single
microtubules_tubulin,tabm_specialists,0,211,0.0,False,single
microtubules_tubulin,scbutterfly_ops_b,0,211,0.0,False,single
microtubules_tubulin,resmlp_52head,0,211,0.0,False,single
microtubules_tubulin,multitab_pilot,0,211,0.0,False,single
microtubules_tubulin,midas_ops,0,211,0.0,False,single
microtubules_tubulin,scpair_ops,0,211,0.0,False,single
microtubules_tubulin,ridge,1,187,0.0,False,single
microtubules_tubulin,gbdt,1,187,0.0,False,single
microtubules_tubulin,catboost_multirmse,1,187,0.0,False,single
microtubules_tubulin,mlp,1,187,0.0,False,single
microtubules_tubulin,tabm_specialists,1,187,0.0,False,single
microtubules_tubulin,scbutterfly_ops_b,1,187,0.0,False,single
microtubules_tubulin,resmlp_52head,1,187,0.0,False,single
microtubules_tubulin,multitab_pilot,1,187,0.0,False,single
microtubules_tubulin,midas_ops,1,187,0.0,False,single
microtubules_tubulin,scpair_ops,1,187,0.0,False,single
microtubules_tubulin,ridge,2,183,0.0,False,single
microtubules_tubulin,gbdt,2,183,0.0,False,single
microtubules_tubulin,catboost_multirmse,2,183,0.0,False,single
microtubules_tubulin,mlp,2,183,0.0,False,single
microtubules_tubulin,tabm_specialists,2,183,0.0,False,single
microtubules_tubulin,scbutterfly_ops_b,2,183,0.0,False,single
microtubules_tubulin,resmlp_52head,2,183,0.0,False,single
microtubules_tubulin,multitab_pilot,2,183,0.0,False,single
microtubules_tubulin,midas_ops,2,183,0.0,False,single
microtubules_tubulin,scpair_ops,2,183,0.0,False,single
microtubules_tubulin,ridge,3,197,0.0,False,single
microtubules_tubulin,gbdt,3,197,0.0,False,single
microtubules_tubulin,catboost_multirmse,3,197,0.0,False,single
microtubules_tubulin,mlp,3,197,0.0,False,single
microtubules_tubulin,tabm_specialists,3,197,0.0,False,single
microtubules_tubulin,scbutterfly_ops_b,3,197,0.0,False,single
microtubules_tubulin,resmlp_52head,3,197,0.0,False,single
microtubules_tubulin,multitab_pilot,3,197,0.0,False,single
microtubules_tubulin,midas_ops,3,197,0.0,False,single
microtubules_tubulin,scpair_ops,3,197,0.0,False,single
microtubules_tubulin,ridge,4,222,0.0,False,single
microtubules_tubulin,gbdt,4,222,0.0,False,single
microtubules_tubulin,catboost_multirmse,4,222,0.0,False,single
microtubules_tubulin,mlp,4,222,0.0,False,single
microtubules_tubulin,tabm_specialists,4,222,0.0,False,single
microtubules_tubulin,scbutterfly_ops_b,4,222,0.0,False,single
microtubules_tubulin,resmlp_52head,4,222,0.0,False,single
microtubules_tubulin,multitab_pilot,4,222,0.0,False,single
microtubules_tubulin,midas_ops,4,222,0.0,False,single
microtubules_tubulin,scpair_ops,4,222,0.0,False,single
nucleolus-dfc_fbl,ridge,0,422,0.0,False,single
nucleolus-dfc_fbl,gbdt,0,422,0.0,False,single
nucleolus-dfc_fbl,catboost_multirmse,0,422,0.0,False,single
nucleolus-dfc_fbl,mlp,0,422,0.0,False,single
nucleolus-dfc_fbl,tabm_specialists,0,422,0.0,False,single
nucleolus-dfc_fbl,scbutterfly_ops_b,0,422,0.0,False,single
nucleolus-dfc_fbl,resmlp_52head,0,422,0.0,False,single
nucleolus-dfc_fbl,multitab_pilot,0,422,0.0,False,single
nucleolus-dfc_fbl,midas_ops,0,422,0.0,False,single
nucleolus-dfc_fbl,scpair_ops,0,422,0.0,False,single
nucleolus-dfc_fbl,ridge,1,374,0.0,False,single
nucleolus-dfc_fbl,gbdt,1,374,0.0,False,single
nucleolus-dfc_fbl,catboost_multirmse,1,374,0.0,False,single
nucleolus-dfc_fbl,mlp,1,374,0.0,False,single
nucleolus-dfc_fbl,tabm_specialists,1,374,0.0,False,single
nucleolus-dfc_fbl,scbutterfly_ops_b,1,374,0.0,False,single
nucleolus-dfc_fbl,resmlp_52head,1,374,0.0,False,single
nucleolus-dfc_fbl,multitab_pilot,1,374,0.0,False,single
nucleolus-dfc_fbl,midas_ops,1,374,0.0,False,single
nucleolus-dfc_fbl,scpair_ops,1,374,0.0,False,single
nucleolus-dfc_fbl,ridge,2,366,0.0,False,single
nucleolus-dfc_fbl,gbdt,2,366,0.0,False,single
nucleolus-dfc_fbl,catboost_multirmse,2,366,0.0,False,single
nucleolus-dfc_fbl,mlp,2,366,0.0,False,single
nucleolus-dfc_fbl,tabm_specialists,2,366,0.0,False,single
nucleolus-dfc_fbl,scbutterfly_ops_b,2,366,0.0,False,single
nucleolus-dfc_fbl,resmlp_52head,2,366,0.0,False,single
nucleolus-dfc_fbl,multitab_pilot,2,366,0.0,False,single
nucleolus-dfc_fbl,midas_ops,2,366,0.0,False,single
nucleolus-dfc_fbl,scpair_ops,2,366,0.0,False,single
nucleolus-dfc_fbl,ridge,3,394,0.0,False,single
nucleolus-dfc_fbl,gbdt,3,394,0.0,False,single
nucleolus-dfc_fbl,catboost_multirmse,3,394,0.0,False,single
nucleolus-dfc_fbl,mlp,3,394,0.0,False,single
nucleolus-dfc_fbl,tabm_specialists,3,394,0.0,False,single
nucleolus-dfc_fbl,scbutterfly_ops_b,3,394,0.0,False,single
nucleolus-dfc_fbl,resmlp_52head,3,394,0.0,False,single
nucleolus-dfc_fbl,multitab_pilot,3,394,0.0,False,single
nucleolus-dfc_fbl,midas_ops,3,394,0.0,False,single
nucleolus-dfc_fbl,scpair_ops,3,394,0.0,False,single
nucleolus-dfc_fbl,ridge,4,444,0.0,False,single
nucleolus-dfc_fbl,gbdt,4,444,0.0,False,single
nucleolus-dfc_fbl,catboost_multirmse,4,444,0.0,False,single
nucleolus-dfc_fbl,mlp,4,444,0.0,False,single
nucleolus-dfc_fbl,tabm_specialists,4,444,0.0,False,single
nucleolus-dfc_fbl,scbutterfly_ops_b,4,444,0.0,False,single
nucleolus-dfc_fbl,resmlp_52head,4,444,0.0,False,single
nucleolus-dfc_fbl,multitab_pilot,4,444,0.0,False,single
nucleolus-dfc_fbl,midas_ops,4,444,0.0,False,single
nucleolus-dfc_fbl,scpair_ops,4,444,0.0,False,single
plasma_membrane_wga,ridge,0,211,0.0,False,single
plasma_membrane_wga,gbdt,0,211,0.0,False,single
plasma_membrane_wga,catboost_multirmse,0,211,0.0,False,single
plasma_membrane_wga,mlp,0,211,0.0,False,single
plasma_membrane_wga,tabm_specialists,0,211,0.0,False,single
plasma_membrane_wga,scbutterfly_ops_b,0,211,0.0,False,single
plasma_membrane_wga,resmlp_52head,0,211,0.0,False,single
plasma_membrane_wga,multitab_pilot,0,211,0.0,False,single
plasma_membrane_wga,midas_ops,0,211,0.0,False,single
plasma_membrane_wga,scpair_ops,0,211,0.0,False,single
plasma_membrane_wga,ridge,1,187,0.0,False,single
plasma_membrane_wga,gbdt,1,187,0.0,False,single
plasma_membrane_wga,catboost_multirmse,1,187,0.0,False,single
plasma_membrane_wga,mlp,1,187,0.0,False,single
plasma_membrane_wga,tabm_specialists,1,187,0.0,False,single
plasma_membrane_wga,scbutterfly_ops_b,1,187,0.0,False,single
plasma_membrane_wga,resmlp_52head,1,187,0.0,False,single
plasma_membrane_wga,multitab_pilot,1,187,0.0,False,single
plasma_membrane_wga,midas_ops,1,187,0.0,False,single
plasma_membrane_wga,scpair_ops,1,187,0.0,False,single
plasma_membrane_wga,ridge,2,183,0.0,False,single
plasma_membrane_wga,gbdt,2,183,0.0,False,single
plasma_membrane_wga,catboost_multirmse,2,183,0.0,False,single
plasma_membrane_wga,mlp,2,183,0.0,False,single
plasma_membrane_wga,tabm_specialists,2,183,0.0,False,single
plasma_membrane_wga,scbutterfly_ops_b,2,183,0.0,False,single
plasma_membrane_wga,resmlp_52head,2,183,0.0,False,single
plasma_membrane_wga,multitab_pilot,2,183,0.0,False,single
plasma_membrane_wga,midas_ops,2,183,0.0,False,single
plasma_membrane_wga,scpair_ops,2,183,0.0,False,single
plasma_membrane_wga,ridge,3,197,0.0,False,single
plasma_membrane_wga,gbdt,3,197,0.0,False,single
plasma_membrane_wga,catboost_multirmse,3,197,0.0,False,single
plasma_membrane_wga,mlp,3,197,0.0,False,single
plasma_membrane_wga,tabm_specialists,3,197,0.0,False,single
plasma_membrane_wga,scbutterfly_ops_b,3,197,0.0,False,single
plasma_membrane_wga,resmlp_52head,3,197,0.0,False,single
plasma_membrane_wga,multitab_pilot,3,197,0.0,False,single
plasma_membrane_wga,midas_ops,3,197,0.0,False,single
plasma_membrane_wga,scpair_ops,3,197,0.0,False,single
plasma_membrane_wga,ridge,4,222,0.0,False,single
plasma_membrane_wga,gbdt,4,222,0.0,False,single
plasma_membrane_wga,catboost_multirmse,4,222,0.0,False,single
plasma_membrane_wga,mlp,4,222,0.0,False,single
plasma_membrane_wga,tabm_specialists,4,222,0.0,False,single
plasma_membrane_wga,scbutterfly_ops_b,4,222,0.0,False,single
plasma_membrane_wga,resmlp_52head,4,222,0.0,False,single
plasma_membrane_wga,multitab_pilot,4,222,0.0,False,single
plasma_membrane_wga,midas_ops,4,222,0.0,False,single
plasma_membrane_wga,scpair_ops,4,222,0.0,False,single
microtubules_map4,ridge,0,211,0.0,False,single
microtubules_map4,gbdt,0,211,0.0,False,single
microtubules_map4,catboost_multirmse,0,211,0.0,False,single
microtubules_map4,mlp,0,211,0.0,False,single
microtubules_map4,tabm_specialists,0,211,0.0,False,single
microtubules_map4,scbutterfly_ops_b,0,211,0.0,False,single
microtubules_map4,resmlp_52head,0,211,0.0,False,single
microtubules_map4,multitab_pilot,0,211,0.0,False,single
microtubules_map4,midas_ops,0,211,0.0,False,single
microtubules_map4,scpair_ops,0,211,0.0,False,single
microtubules_map4,ridge,1,187,0.0,False,single
microtubules_map4,gbdt,1,187,0.0,False,single
microtubules_map4,catboost_multirmse,1,187,0.0,False,single
microtubules_map4,mlp,1,187,0.0,False,single
microtubules_map4,tabm_specialists,1,187,0.0,False,single
microtubules_map4,scbutterfly_ops_b,1,187,0.0,False,single
microtubules_map4,resmlp_52head,1,187,0.0,False,single
microtubules_map4,multitab_pilot,1,187,0.0,False,single
microtubules_map4,midas_ops,1,187,0.0,False,single
microtubules_map4,scpair_ops,1,187,0.0,False,single
microtubules_map4,ridge,2,183,0.0,False,single
microtubules_map4,gbdt,2,183,0.0,False,single
microtubules_map4,catboost_multirmse,2,183,0.0,False,single
microtubules_map4,mlp,2,183,0.0,False,single
microtubules_map4,tabm_specialists,2,183,0.0,False,single
microtubules_map4,scbutterfly_ops_b,2,183,0.0,False,single
microtubules_map4,resmlp_52head,2,183,0.0,False,single
microtubules_map4,multitab_pilot,2,183,0.0,False,single
microtubules_map4,midas_ops,2,183,0.0,False,single
microtubules_map4,scpair_ops,2,183,0.0,False,single
microtubules_map4,ridge,3,197,0.0,False,single
microtubules_map4,gbdt,3,197,0.0,False,single
microtubules_map4,catboost_multirmse,3,197,0.0,False,single
microtubules_map4,mlp,3,197,0.0,False,single
microtubules_map4,tabm_specialists,3,197,0.0,False,single
microtubules_map4,scbutterfly_ops_b,3,197,0.0,False,single
microtubules_map4,resmlp_52head,3,197,0.0,False,single
microtubules_map4,multitab_pilot,3,197,0.0,False,single
microtubules_map4,midas_ops,3,197,0.0,False,single
microtubules_map4,scpair_ops,3,197,0.0,False,single
microtubules_map4,ridge,4,222,0.0,False,single
microtubules_map4,gbdt,4,222,0.0,False,single
microtubules_map4,catboost_multirmse,4,222,0.0,False,single
microtubules_map4,mlp,4,222,0.0,False,single
microtubules_map4,tabm_specialists,4,222,0.0,False,single
microtubules_map4,scbutterfly_ops_b,4,222,0.0,False,single
microtubules_map4,resmlp_52head,4,222,0.0,False,single
microtubules_map4,multitab_pilot,4,222,0.0,False,single
microtubules_map4,midas_ops,4,222,0.0,False,single
microtubules_map4,scpair_ops,4,222,0.0,False,single
lipid_droplet_plin2,ridge,0,422,0.0,False,single
lipid_droplet_plin2,gbdt,0,422,0.0,False,single
lipid_droplet_plin2,catboost_multirmse,0,422,0.0,False,single
lipid_droplet_plin2,mlp,0,422,0.0,False,single
lipid_droplet_plin2,tabm_specialists,0,422,0.0,False,single
lipid_droplet_plin2,scbutterfly_ops_b,0,422,0.0,False,single
lipid_droplet_plin2,resmlp_52head,0,422,0.0,False,single
lipid_droplet_plin2,multitab_pilot,0,422,0.0,False,single
lipid_droplet_plin2,midas_ops,0,422,0.0,False,single
lipid_droplet_plin2,scpair_ops,0,422,0.0,False,single
lipid_droplet_plin2,ridge,1,374,0.0,False,single
lipid_droplet_plin2,gbdt,1,374,0.0,False,single
lipid_droplet_plin2,catboost_multirmse,1,374,0.0,False,single
lipid_droplet_plin2,mlp,1,374,0.0,False,single
lipid_droplet_plin2,tabm_specialists,1,374,0.0,False,single
lipid_droplet_plin2,scbutterfly_ops_b,1,374,0.0,False,single
lipid_droplet_plin2,resmlp_52head,1,374,0.0,False,single
lipid_droplet_plin2,multitab_pilot,1,374,0.0,False,single
lipid_droplet_plin2,midas_ops,1,374,0.0,False,single
lipid_droplet_plin2,scpair_ops,1,374,0.0,False,single
lipid_droplet_plin2,ridge,2,366,0.0,False,single
lipid_droplet_plin2,gbdt,2,366,0.0,False,single
lipid_droplet_plin2,catboost_multirmse,2,366,0.0,False,single
lipid_droplet_plin2,mlp,2,366,0.0,False,single
lipid_droplet_plin2,tabm_specialists,2,366,0.0,False,single
lipid_droplet_plin2,scbutterfly_ops_b,2,366,0.0,False,single
lipid_droplet_plin2,resmlp_52head,2,366,0.0,False,single
lipid_droplet_plin2,multitab_pilot,2,366,0.0,False,single
lipid_droplet_plin2,midas_ops,2,366,0.0,False,single
lipid_droplet_plin2,scpair_ops,2,366,0.0,False,single
lipid_droplet_plin2,ridge,3,394,0.0,False,single
lipid_droplet_plin2,gbdt,3,394,0.0,False,single
lipid_droplet_plin2,catboost_multirmse,3,394,0.0,False,single
lipid_droplet_plin2,mlp,3,394,0.0,False,single
lipid_droplet_plin2,tabm_specialists,3,394,0.0,False,single
lipid_droplet_plin2,scbutterfly_ops_b,3,394,0.0,False,single
lipid_droplet_plin2,resmlp_52head,3,394,0.0,False,single
lipid_droplet_plin2,multitab_pilot,3,394,0.0,False,single
lipid_droplet_plin2,midas_ops,3,394,0.0,False,single
lipid_droplet_plin2,scpair_ops,3,394,0.0,False,single
lipid_droplet_plin2,ridge,4,444,0.0,False,single
lipid_droplet_plin2,gbdt,4,444,0.0,False,single
lipid_droplet_plin2,catboost_multirmse,4,444,0.0,False,single
lipid_droplet_plin2,mlp,4,444,0.0,False,single
lipid_droplet_plin2,tabm_specialists,4,444,0.0,False,single
lipid_droplet_plin2,scbutterfly_ops_b,4,444,0.0,False,single
lipid_droplet_plin2,resmlp_52head,4,444,0.0,False,single
lipid_droplet_plin2,multitab_pilot,4,444,0.0,False,single
lipid_droplet_plin2,midas_ops,4,444,0.0,False,single
lipid_droplet_plin2,scpair_ops,4,444,0.0,False,single
cell_proliferation_marker_mki67,ridge,0,422,0.0,False,single
cell_proliferation_marker_mki67,gbdt,0,422,0.0,False,single
cell_proliferation_marker_mki67,catboost_multirmse,0,422,0.0,False,single
cell_proliferation_marker_mki67,mlp,0,422,0.0,False,single
cell_proliferation_marker_mki67,tabm_specialists,0,422,0.0,False,single
cell_proliferation_marker_mki67,scbutterfly_ops_b,0,422,0.0,False,single
cell_proliferation_marker_mki67,resmlp_52head,0,422,0.0,False,single
cell_proliferation_marker_mki67,multitab_pilot,0,422,0.0,False,single
cell_proliferation_marker_mki67,midas_ops,0,422,0.0,False,single
cell_proliferation_marker_mki67,scpair_ops,0,422,0.0,False,single
cell_proliferation_marker_mki67,ridge,1,374,0.0,False,single
cell_proliferation_marker_mki67,gbdt,1,374,0.0,False,single
cell_proliferation_marker_mki67,catboost_multirmse,1,374,0.0,False,single
cell_proliferation_marker_mki67,mlp,1,374,0.0,False,single
cell_proliferation_marker_mki67,tabm_specialists,1,374,0.0,False,single
cell_proliferation_marker_mki67,scbutterfly_ops_b,1,374,0.0,False,single
cell_proliferation_marker_mki67,resmlp_52head,1,374,0.0,False,single
cell_proliferation_marker_mki67,multitab_pilot,1,374,0.0,False,single
cell_proliferation_marker_mki67,midas_ops,1,374,0.0,False,single
cell_proliferation_marker_mki67,scpair_ops,1,374,0.0,False,single
cell_proliferation_marker_mki67,ridge,2,366,0.0,False,single
cell_proliferation_marker_mki67,gbdt,2,366,0.0,False,single
cell_proliferation_marker_mki67,catboost_multirmse,2,366,0.0,False,single
cell_proliferation_marker_mki67,mlp,2,366,0.0,False,single
cell_proliferation_marker_mki67,tabm_specialists,2,366,0.0,False,single
cell_proliferation_marker_mki67,scbutterfly_ops_b,2,366,0.0,False,single
cell_proliferation_marker_mki67,resmlp_52head,2,366,0.0,False,single
cell_proliferation_marker_mki67,multitab_pilot,2,366,0.0,False,single
cell_proliferation_marker_mki67,midas_ops,2,366,0.0,False,single
cell_proliferation_marker_mki67,scpair_ops,2,366,0.0,False,single
cell_proliferation_marker_mki67,ridge,3,394,0.0,False,single
cell_proliferation_marker_mki67,gbdt,3,394,0.0,False,single
cell_proliferation_marker_mki67,catboost_multirmse,3,394,0.0,False,single
cell_proliferation_marker_mki67,mlp,3,394,0.0,False,single
cell_proliferation_marker_mki67,tabm_specialists,3,394,0.0,False,single
cell_proliferation_marker_mki67,scbutterfly_ops_b,3,394,0.0,False,single
cell_proliferation_marker_mki67,resmlp_52head,3,394,0.0,False,single
cell_proliferation_marker_mki67,multitab_pilot,3,394,0.0,False,single
cell_proliferation_marker_mki67,midas_ops,3,394,0.0,False,single
cell_proliferation_marker_mki67,scpair_ops,3,394,0.0,False,single
cell_proliferation_marker_mki67,ridge,4,444,0.0,False,single
cell_proliferation_marker_mki67,gbdt,4,444,0.0,False,single
cell_proliferation_marker_mki67,catboost_multirmse,4,444,0.0,False,single
cell_proliferation_marker_mki67,mlp,4,444,0.0,False,single
cell_proliferation_marker_mki67,tabm_specialists,4,444,0.0,False,single
cell_proliferation_marker_mki67,scbutterfly_ops_b,4,444,0.0,False,single
cell_proliferation_marker_mki67,resmlp_52head,4,444,0.0,False,single
cell_proliferation_marker_mki67,multitab_pilot,4,444,0.0,False,single
cell_proliferation_marker_mki67,midas_ops,4,444,0.0,False,single
cell_proliferation_marker_mki67,scpair_ops,4,444,0.0,False,single
