reporter_slug,endpoint_index,endpoint_name,fold,common_control_scale,fold_target_scale,fold_to_common_factor
stress_granule_g3bp1,0,op_gfp_intensity_min_mean,0,21.013599243814408,21.386615753173828,1.0177511955487217
stress_granule_g3bp1,1,op_gfp_intensity_min_median,0,21.536924710460692,21.925397872924805,1.0180375409993159
stress_granule_g3bp1,2,op_gfp_intensity_min_std,0,6.07604447832933,6.090993881225586,1.0024603840458335
stress_granule_g3bp1,3,op_gfp_intensity_min_sum,0,4322.991005795852,5182.4453125,1.1988101075278375
stress_granule_g3bp1,4,op_gfp_intensity_min_min,0,13.712866674419507,13.79770565032959,1.0061868154868263
stress_granule_g3bp1,5,op_gfp_intensity_min_max,0,33.37509092901142,34.08966064453125,1.0214102702233745
stress_granule_g3bp1,6,op_gfp_intensity_max_mean,0,29.251948816824342,29.414958953857422,1.0055726248549746
stress_granule_g3bp1,7,op_gfp_intensity_max_median,0,29.47781840882513,29.38776206970215,0.9969449455901384
stress_granule_g3bp1,8,op_gfp_intensity_max_std,0,10.990423045699432,11.268613815307617,1.0253121075004517
stress_granule_g3bp1,9,op_gfp_intensity_max_sum,0,5976.516750121481,7133.23193359375,1.193543368459355
stress_granule_g3bp1,10,op_gfp_intensity_max_min,0,20.98354591756419,21.298870086669922,1.015027210860572
stress_granule_g3bp1,11,op_gfp_intensity_max_max,0,56.999212885077576,58.89445495605469,1.0332503200491263
stress_granule_g3bp1,12,op_gfp_intensity_mean_mean,0,25.520222397379072,25.746057510375977,1.0088492611655335
stress_granule_g3bp1,13,op_gfp_intensity_mean_median,0,26.310418215721448,26.466506958007812,1.0059325830933807
stress_granule_g3bp1,14,op_gfp_intensity_mean_std,0,7.303475616438603,7.420178413391113,1.0159790766864254
stress_granule_g3bp1,15,op_gfp_intensity_mean_sum,0,5180.720942801539,6189.2373046875,1.1946671849382786
stress_granule_g3bp1,16,op_gfp_intensity_mean_min,0,18.413934147656597,18.67755889892578,1.0143165903144458
stress_granule_g3bp1,17,op_gfp_intensity_mean_max,0,38.60142556678568,40.087059020996094,1.0384864919467824
stress_granule_g3bp1,18,op_gfp_intensity_range_mean,0,11.535854843783431,11.3403902053833,0.9830559034378398
stress_granule_g3bp1,19,op_gfp_intensity_range_median,0,9.561113501266465,9.170641899108887,0.959160446938962
stress_granule_g3bp1,20,op_gfp_intensity_range_std,0,11.023725233419853,11.238770484924316,1.0195074937873565
stress_granule_g3bp1,21,op_gfp_intensity_range_sum,0,1679.4917206660646,1975.07177734375,1.1759937563493688
stress_granule_g3bp1,22,op_gfp_intensity_range_min,0,8.119468474038003,8.075332641601562,0.9945641968341198
stress_granule_g3bp1,23,op_gfp_intensity_range_max,0,47.455736416543346,49.00413131713867,1.032628192448733
stress_granule_g3bp1,0,op_gfp_intensity_min_mean,1,21.013599243814408,21.39374542236328,1.0180904838879885
stress_granule_g3bp1,1,op_gfp_intensity_min_median,1,21.536924710460692,21.926414489746094,1.0180847444341123
stress_granule_g3bp1,2,op_gfp_intensity_min_std,1,6.07604447832933,6.083986282348633,1.0013070681176919
stress_granule_g3bp1,3,op_gfp_intensity_min_sum,1,4322.991005795852,5209.10595703125,1.2049772831003764
stress_granule_g3bp1,4,op_gfp_intensity_min_min,1,13.712866674419507,13.757593154907227,1.0032616433565387
stress_granule_g3bp1,5,op_gfp_intensity_min_max,1,33.37509092901142,34.17057418823242,1.0238346394594995
stress_granule_g3bp1,6,op_gfp_intensity_max_mean,1,29.251948816824342,29.408058166503906,1.0053367162187081
stress_granule_g3bp1,7,op_gfp_intensity_max_median,1,29.47781840882513,29.396556854248047,0.997243298216643
stress_granule_g3bp1,8,op_gfp_intensity_max_std,1,10.990423045699432,11.307289123535156,1.028831108367545
stress_granule_g3bp1,9,op_gfp_intensity_max_sum,1,5976.516750121481,7175.08544921875,1.2005463632429219
stress_granule_g3bp1,10,op_gfp_intensity_max_min,1,20.98354591756419,21.20354461669922,1.0104843433040018
stress_granule_g3bp1,11,op_gfp_intensity_max_max,1,56.999212885077576,59.14800262451172,1.0376985861851558
stress_granule_g3bp1,12,op_gfp_intensity_mean_mean,1,25.520222397379072,25.754480361938477,1.0091793073317208
stress_granule_g3bp1,13,op_gfp_intensity_mean_median,1,26.310418215721448,26.482555389404297,1.0065425479850407
stress_granule_g3bp1,14,op_gfp_intensity_mean_std,1,7.303475616438603,7.447012901306152,1.0196532846011668
stress_granule_g3bp1,15,op_gfp_intensity_mean_sum,1,5180.720942801539,6223.35693359375,1.201253069274253
stress_granule_g3bp1,16,op_gfp_intensity_mean_min,1,18.413934147656597,18.613136291503906,1.0108180110914897
stress_granule_g3bp1,17,op_gfp_intensity_mean_max,1,38.60142556678568,40.10884094238281,1.0390507695885247
stress_granule_g3bp1,18,op_gfp_intensity_range_mean,1,11.535854843783431,11.303970336914062,0.9798988016051251
stress_granule_g3bp1,19,op_gfp_intensity_range_median,1,9.561113501266465,9.07119083404541,0.948758827394303
stress_granule_g3bp1,20,op_gfp_intensity_range_std,1,11.023725233419853,11.242138862609863,1.0198130509029617
stress_granule_g3bp1,21,op_gfp_intensity_range_sum,1,1679.4917206660646,1990.7550048828125,1.1853318360469827
stress_granule_g3bp1,22,op_gfp_intensity_range_min,1,8.119468474038003,8.098368644714355,0.9974013287457038
stress_granule_g3bp1,23,op_gfp_intensity_range_max,1,47.455736416543346,49.337890625,1.0396612580602695
stress_granule_g3bp1,0,op_gfp_intensity_min_mean,2,21.013599243814408,21.460718154907227,1.0212775977073243
stress_granule_g3bp1,1,op_gfp_intensity_min_median,2,21.536924710460692,21.980361938476562,1.0205896261410288
stress_granule_g3bp1,2,op_gfp_intensity_min_std,2,6.07604447832933,6.1168904304504395,1.006722457721761
stress_granule_g3bp1,3,op_gfp_intensity_min_sum,2,4322.991005795852,5263.9453125,1.2176627953753794
stress_granule_g3bp1,4,op_gfp_intensity_min_min,2,13.712866674419507,13.755298614501953,1.003094315804995
stress_granule_g3bp1,5,op_gfp_intensity_min_max,2,33.37509092901142,34.381690979003906,1.0301602189529167
stress_granule_g3bp1,6,op_gfp_intensity_max_mean,2,29.251948816824342,29.526891708374023,1.00939913074754
stress_granule_g3bp1,7,op_gfp_intensity_max_median,2,29.47781840882513,29.515779495239258,1.0012877847976283
stress_granule_g3bp1,8,op_gfp_intensity_max_std,2,10.990423045699432,11.388094902038574,1.0361834894512776
stress_granule_g3bp1,9,op_gfp_intensity_max_sum,2,5976.516750121481,7254.48388671875,1.213831432258814
stress_granule_g3bp1,10,op_gfp_intensity_max_min,2,20.98354591756419,21.204286575317383,1.0105197023715817
stress_granule_g3bp1,11,op_gfp_intensity_max_max,2,56.999212885077576,59.3828010559082,1.0418179137953438
stress_granule_g3bp1,12,op_gfp_intensity_mean_mean,2,25.520222397379072,25.848915100097656,1.0128796958584632
stress_granule_g3bp1,13,op_gfp_intensity_mean_median,2,26.310418215721448,26.578109741210938,1.0101743546337676
stress_granule_g3bp1,14,op_gfp_intensity_mean_std,2,7.303475616438603,7.481082439422607,1.024318123632021
stress_granule_g3bp1,15,op_gfp_intensity_mean_sum,2,5180.720942801539,6291.10107421875,1.2143292687787115
stress_granule_g3bp1,16,op_gfp_intensity_mean_min,2,18.413934147656597,18.595006942749023,1.0098334659850767
stress_granule_g3bp1,17,op_gfp_intensity_mean_max,2,38.60142556678568,40.253639221191406,1.0428018817996028
stress_granule_g3bp1,18,op_gfp_intensity_range_mean,2,11.535854843783431,11.368505477905273,0.9854931109879264
stress_granule_g3bp1,19,op_gfp_intensity_range_median,2,9.561113501266465,9.167864799499512,0.9588699891790988
stress_granule_g3bp1,20,op_gfp_intensity_range_std,2,11.023725233419853,11.306357383728027,1.025638533646624
stress_granule_g3bp1,21,op_gfp_intensity_range_sum,2,1679.4917206660646,2016.219482421875,1.2004938503788924
stress_granule_g3bp1,22,op_gfp_intensity_range_min,2,8.119468474038003,8.119840621948242,1.0000458340236715
stress_granule_g3bp1,23,op_gfp_intensity_range_max,2,47.455736416543346,49.551998138427734,1.0441729889825
stress_granule_g3bp1,0,op_gfp_intensity_min_mean,3,21.013599243814408,21.48122215270996,1.022253346676591
stress_granule_g3bp1,1,op_gfp_intensity_min_median,3,21.536924710460692,22.01778793334961,1.0223273856111572
stress_granule_g3bp1,2,op_gfp_intensity_min_std,3,6.07604447832933,6.133184909820557,1.0094042154719278
stress_granule_g3bp1,3,op_gfp_intensity_min_sum,3,4322.991005795852,5258.6298828125,1.2164332231462505
stress_granule_g3bp1,4,op_gfp_intensity_min_min,3,13.712866674419507,13.827012062072754,1.0083239624772389
stress_granule_g3bp1,5,op_gfp_intensity_min_max,3,33.37509092901142,34.389320373535156,1.0303888144209403
stress_granule_g3bp1,6,op_gfp_intensity_max_mean,3,29.251948816824342,29.5516300201416,1.010244828650353
stress_granule_g3bp1,7,op_gfp_intensity_max_median,3,29.47781840882513,29.541501998901367,1.0021603902023215
stress_granule_g3bp1,8,op_gfp_intensity_max_std,3,10.990423045699432,11.322968482971191,1.0302577467572447
stress_granule_g3bp1,9,op_gfp_intensity_max_sum,3,5976.516750121481,7242.77880859375,1.2118729205346126
stress_granule_g3bp1,10,op_gfp_intensity_max_min,3,20.98354591756419,21.283061981201172,1.0142738536572256
stress_granule_g3bp1,11,op_gfp_intensity_max_max,3,56.999212885077576,59.056785583496094,1.036098265121082
stress_granule_g3bp1,12,op_gfp_intensity_mean_mean,3,25.520222397379072,25.868412017822266,1.013643675004923
stress_granule_g3bp1,13,op_gfp_intensity_mean_median,3,26.310418215721448,26.581289291381836,1.0102952022061942
stress_granule_g3bp1,14,op_gfp_intensity_mean_std,3,7.303475616438603,7.45209264755249,1.0203488091038986
stress_granule_g3bp1,15,op_gfp_intensity_mean_sum,3,5180.720942801539,6282.4775390625,1.2126647253200964
stress_granule_g3bp1,16,op_gfp_intensity_mean_min,3,18.413934147656597,18.653045654296875,1.012985356889131
stress_granule_g3bp1,17,op_gfp_intensity_mean_max,3,38.60142556678568,40.14583969116211,1.040009250997852
stress_granule_g3bp1,18,op_gfp_intensity_range_mean,3,11.535854843783431,11.36678695678711,0.9853441388361929
stress_granule_g3bp1,19,op_gfp_intensity_range_median,3,9.561113501266465,9.270781517028809,0.9696340824529277
stress_granule_g3bp1,20,op_gfp_intensity_range_std,3,11.023725233419853,11.249975204467773,1.0205239124032242
stress_granule_g3bp1,21,op_gfp_intensity_range_sum,3,1679.4917206660646,2009.1258544921875,1.1962701749404245
stress_granule_g3bp1,22,op_gfp_intensity_range_min,3,8.119468474038003,8.112060546875,0.9990876339766956
stress_granule_g3bp1,23,op_gfp_intensity_range_max,3,47.455736416543346,49.15610885620117,1.0358307038949472
stress_granule_g3bp1,0,op_gfp_intensity_min_mean,4,21.013599243814408,21.433853149414062,1.01999913963922
stress_granule_g3bp1,1,op_gfp_intensity_min_median,4,21.536924710460692,21.986392974853516,1.0208696585253192
stress_granule_g3bp1,2,op_gfp_intensity_min_std,4,6.07604447832933,6.109647274017334,1.0055303735527037
stress_granule_g3bp1,3,op_gfp_intensity_min_sum,4,4322.991005795852,5226.7841796875,1.209066632958507
stress_granule_g3bp1,4,op_gfp_intensity_min_min,4,13.712866674419507,13.80660629272461,1.0068358878220531
stress_granule_g3bp1,5,op_gfp_intensity_min_max,4,33.37509092901142,34.204795837402344,1.0248600044313196
stress_granule_g3bp1,6,op_gfp_intensity_max_mean,4,29.251948816824342,29.456436157226562,1.0069905544305002
stress_granule_g3bp1,7,op_gfp_intensity_max_median,4,29.47781840882513,29.454648971557617,0.99921400434231
stress_granule_g3bp1,8,op_gfp_intensity_max_std,4,10.990423045699432,11.242164611816406,1.0229055392199375
stress_granule_g3bp1,9,op_gfp_intensity_max_sum,4,5976.516750121481,7193.94384765625,1.203701779554123
stress_granule_g3bp1,10,op_gfp_intensity_max_min,4,20.98354591756419,21.291370391845703,1.014669802496243
stress_granule_g3bp1,11,op_gfp_intensity_max_max,4,56.999212885077576,58.568267822265625,1.027527659730172
stress_granule_g3bp1,12,op_gfp_intensity_mean_mean,4,25.520222397379072,25.79018783569336,1.0105784908184035
stress_granule_g3bp1,13,op_gfp_intensity_mean_median,4,26.310418215721448,26.513784408569336,1.0077294929780465
stress_granule_g3bp1,14,op_gfp_intensity_mean_std,4,7.303475616438603,7.432909965515137,1.0177222949557336
stress_granule_g3bp1,15,op_gfp_intensity_mean_sum,4,5180.720942801539,6241.68701171875,1.2047912019641576
stress_granule_g3bp1,16,op_gfp_intensity_mean_min,4,18.413934147656597,18.649520874023438,1.0127939377037916
stress_granule_g3bp1,17,op_gfp_intensity_mean_max,4,38.60142556678568,40.048038482666016,1.0374756345041585
stress_granule_g3bp1,18,op_gfp_intensity_range_mean,4,11.535854843783431,11.345542907714844,0.983502571881689
stress_granule_g3bp1,19,op_gfp_intensity_range_median,4,9.561113501266465,9.236001968383789,0.9659964780420595
stress_granule_g3bp1,20,op_gfp_intensity_range_std,4,11.023725233419853,11.188529968261719,1.0149500038645956
stress_granule_g3bp1,21,op_gfp_intensity_range_sum,4,1679.4917206660646,1991.537841796875,1.1857979514225037
stress_granule_g3bp1,22,op_gfp_intensity_range_min,4,8.119468474038003,8.127958297729492,1.001045613234245
stress_granule_g3bp1,23,op_gfp_intensity_range_max,4,47.455736416543346,48.5901985168457,1.023905689511266
lysosome_lysotracker_live-cell_dye,0,op_gfp_intensity_min_mean,0,13.196359293118524,18.024330139160156,1.3658562743558569
lysosome_lysotracker_live-cell_dye,1,op_gfp_intensity_min_median,0,12.883582811264855,17.07124900817871,1.3250389474931104
lysosome_lysotracker_live-cell_dye,2,op_gfp_intensity_min_std,0,9.667876508661521,12.468666076660156,1.2897005940745505
lysosome_lysotracker_live-cell_dye,3,op_gfp_intensity_min_sum,0,8558.01058639226,10995.82421875,1.2848575153942912
lysosome_lysotracker_live-cell_dye,4,op_gfp_intensity_min_min,0,3.878069611233994,5.187202453613281,1.3375733221979798
lysosome_lysotracker_live-cell_dye,5,op_gfp_intensity_min_max,0,50.66541196020743,63.50043487548828,1.2533290941236492
lysosome_lysotracker_live-cell_dye,6,op_gfp_intensity_max_mean,0,36.98732737902541,47.8322639465332,1.2932068180102596
lysosome_lysotracker_live-cell_dye,7,op_gfp_intensity_max_median,0,34.071823500482964,43.827308654785156,1.2863211930574807
lysosome_lysotracker_live-cell_dye,8,op_gfp_intensity_max_std,0,30.78186316144821,38.76876449584961,1.2594677681630508
lysosome_lysotracker_live-cell_dye,9,op_gfp_intensity_max_sum,0,17773.6868232758,22597.935546875,1.2714264503232686
lysosome_lysotracker_live-cell_dye,10,op_gfp_intensity_max_min,0,6.106869797696243,7.433168411254883,1.2171814133091512
lysosome_lysotracker_live-cell_dye,11,op_gfp_intensity_max_max,0,152.18049819410902,185.5052032470703,1.21898144275001
lysosome_lysotracker_live-cell_dye,12,op_gfp_intensity_mean_mean,0,23.821395788120814,31.293012619018555,1.3136515130076327
lysosome_lysotracker_live-cell_dye,13,op_gfp_intensity_mean_median,0,23.71613916964041,30.853466033935547,1.30094809333181
lysosome_lysotracker_live-cell_dye,14,op_gfp_intensity_mean_std,0,17.400646390849953,22.056983947753906,1.267595665834142
lysosome_lysotracker_live-cell_dye,15,op_gfp_intensity_mean_sum,0,12682.585360307956,16212.783203125,1.2783500163827264
lysosome_lysotracker_live-cell_dye,16,op_gfp_intensity_mean_min,0,4.2467344285498125,5.880738258361816,1.3847671327943123
lysosome_lysotracker_live-cell_dye,17,op_gfp_intensity_mean_max,0,79.43517948265772,98.0663070678711,1.234545042971558
lysosome_lysotracker_live-cell_dye,18,op_gfp_intensity_range_mean,0,25.333429856198038,32.47587966918945,1.281937734192907
lysosome_lysotracker_live-cell_dye,19,op_gfp_intensity_range_median,0,19.68630249430049,24.878738403320312,1.2637588196423943
lysosome_lysotracker_live-cell_dye,20,op_gfp_intensity_range_std,0,26.35809324224382,33.25345230102539,1.2616031059382722
lysosome_lysotracker_live-cell_dye,21,op_gfp_intensity_range_sum,0,9601.132597636884,12338.3486328125,1.2850930353622367
lysosome_lysotracker_live-cell_dye,22,op_gfp_intensity_range_min,0,4.126704715453495,4.076290130615234,0.9877833311771811
lysosome_lysotracker_live-cell_dye,23,op_gfp_intensity_range_max,0,141.99620086580072,174.04507446289062,1.22570233148265
lysosome_lysotracker_live-cell_dye,0,op_gfp_intensity_min_mean,1,13.196359293118524,18.09062385559082,1.370879911175539
lysosome_lysotracker_live-cell_dye,1,op_gfp_intensity_min_median,1,12.883582811264855,17.157346725463867,1.331721693942326
lysosome_lysotracker_live-cell_dye,2,op_gfp_intensity_min_std,1,9.667876508661521,12.463998794555664,1.2892178322084562
lysosome_lysotracker_live-cell_dye,3,op_gfp_intensity_min_sum,1,8558.01058639226,11134.2900390625,1.3010371892699777
lysosome_lysotracker_live-cell_dye,4,op_gfp_intensity_min_min,1,3.878069611233994,5.096057415008545,1.314070639744651
lysosome_lysotracker_live-cell_dye,5,op_gfp_intensity_min_max,1,50.66541196020743,63.60850524902344,1.2554621148443736
lysosome_lysotracker_live-cell_dye,6,op_gfp_intensity_max_mean,1,36.98732737902541,48.11717224121094,1.3009096804463083
lysosome_lysotracker_live-cell_dye,7,op_gfp_intensity_max_median,1,34.071823500482964,44.13669204711914,1.295401522800607
lysosome_lysotracker_live-cell_dye,8,op_gfp_intensity_max_std,1,30.78186316144821,38.828765869140625,1.2614170125273803
lysosome_lysotracker_live-cell_dye,9,op_gfp_intensity_max_sum,1,17773.6868232758,23057.23046875,1.2972677361770018
lysosome_lysotracker_live-cell_dye,10,op_gfp_intensity_max_min,1,6.106869797696243,7.421509742736816,1.2152723062044828
lysosome_lysotracker_live-cell_dye,11,op_gfp_intensity_max_max,1,152.18049819410902,185.92637634277344,1.2217490319004012
lysosome_lysotracker_live-cell_dye,12,op_gfp_intensity_mean_mean,1,23.821395788120814,31.461557388305664,1.3207268653835484
lysosome_lysotracker_live-cell_dye,13,op_gfp_intensity_mean_median,1,23.71613916964041,31.061878204345703,1.3097358715160834
lysosome_lysotracker_live-cell_dye,14,op_gfp_intensity_mean_std,1,17.400646390849953,22.066059112548828,1.2681172076545477
lysosome_lysotracker_live-cell_dye,15,op_gfp_intensity_mean_sum,1,12682.585360307956,16485.298828125,1.2998374037929368
lysosome_lysotracker_live-cell_dye,16,op_gfp_intensity_mean_min,1,4.2467344285498125,5.8252153396606445,1.3716928707618423
lysosome_lysotracker_live-cell_dye,17,op_gfp_intensity_mean_max,1,79.43517948265772,98.29866790771484,1.237470205869874
lysosome_lysotracker_live-cell_dye,18,op_gfp_intensity_range_mean,1,25.333429856198038,32.69229507446289,1.2904804150103837
lysosome_lysotracker_live-cell_dye,19,op_gfp_intensity_range_median,1,19.68630249430049,25.09238624572754,1.27461143366014
lysosome_lysotracker_live-cell_dye,20,op_gfp_intensity_range_std,1,26.35809324224382,33.3622932434082,1.2657324236921215
lysosome_lysotracker_live-cell_dye,21,op_gfp_intensity_range_sum,1,9601.132597636884,12660.4091796875,1.3186370515082348
lysosome_lysotracker_live-cell_dye,22,op_gfp_intensity_range_min,1,4.126704715453495,4.11480188369751,0.9971156570249836
lysosome_lysotracker_live-cell_dye,23,op_gfp_intensity_range_max,1,141.99620086580072,174.387939453125,1.2281169382689148
lysosome_lysotracker_live-cell_dye,0,op_gfp_intensity_min_mean,2,13.196359293118524,18.03237533569336,1.3664659270907136
lysosome_lysotracker_live-cell_dye,1,op_gfp_intensity_min_median,2,12.883582811264855,17.104764938354492,1.3276403923448077
lysosome_lysotracker_live-cell_dye,2,op_gfp_intensity_min_std,2,9.667876508661521,12.481678009033203,1.2910464875974343
lysosome_lysotracker_live-cell_dye,3,op_gfp_intensity_min_sum,2,8558.01058639226,10335.1015625,1.2076523460877016
lysosome_lysotracker_live-cell_dye,4,op_gfp_intensity_min_min,2,3.878069611233994,4.955310344696045,1.2777775649878742
lysosome_lysotracker_live-cell_dye,5,op_gfp_intensity_min_max,2,50.66541196020743,63.7939567565918,1.2591224326113348
lysosome_lysotracker_live-cell_dye,6,op_gfp_intensity_max_mean,2,36.98732737902541,48.16061782836914,1.3020842878115013
lysosome_lysotracker_live-cell_dye,7,op_gfp_intensity_max_median,2,34.071823500482964,44.11984634399414,1.2949071053789871
lysosome_lysotracker_live-cell_dye,8,op_gfp_intensity_max_std,2,30.78186316144821,38.95267868041992,1.2654425262082574
lysosome_lysotracker_live-cell_dye,9,op_gfp_intensity_max_sum,2,17773.6868232758,22757.5078125,1.280404456249199
lysosome_lysotracker_live-cell_dye,10,op_gfp_intensity_max_min,2,6.106869797696243,7.2917022705078125,1.1940163311257326
lysosome_lysotracker_live-cell_dye,11,op_gfp_intensity_max_max,2,152.18049819410902,186.08201599121094,1.222771762475504
lysosome_lysotracker_live-cell_dye,12,op_gfp_intensity_mean_mean,2,23.821395788120814,31.4503173828125,1.3202550204256316
lysosome_lysotracker_live-cell_dye,13,op_gfp_intensity_mean_median,2,23.71613916964041,31.035104751586914,1.3086069587294245
lysosome_lysotracker_live-cell_dye,14,op_gfp_intensity_mean_std,2,17.400646390849953,22.11794662475586,1.271099137810563
lysosome_lysotracker_live-cell_dye,15,op_gfp_intensity_mean_sum,2,12682.585360307956,15969.5625,1.259172483078973
lysosome_lysotracker_live-cell_dye,16,op_gfp_intensity_mean_min,2,4.2467344285498125,5.6636962890625,1.3336591643185363
lysosome_lysotracker_live-cell_dye,17,op_gfp_intensity_mean_max,2,79.43517948265772,98.44355773925781,1.2392942066776598
lysosome_lysotracker_live-cell_dye,18,op_gfp_intensity_range_mean,2,25.333429856198038,32.778099060058594,1.2938674015369915
lysosome_lysotracker_live-cell_dye,19,op_gfp_intensity_range_median,2,19.68630249430049,25.116357803344727,1.2758291106527662
lysosome_lysotracker_live-cell_dye,20,op_gfp_intensity_range_std,2,26.35809324224382,33.48292922973633,1.2703092337526758
lysosome_lysotracker_live-cell_dye,21,op_gfp_intensity_range_sum,2,9601.132597636884,12776.48046875,1.3307263844991226
lysosome_lysotracker_live-cell_dye,22,op_gfp_intensity_range_min,2,4.126704715453495,4.1105780601501465,0.9960921227915925
lysosome_lysotracker_live-cell_dye,23,op_gfp_intensity_range_max,2,141.99620086580072,174.61141967773438,1.2296907847749954
lysosome_lysotracker_live-cell_dye,0,op_gfp_intensity_min_mean,3,13.196359293118524,17.85493278503418,1.353019600970167
lysosome_lysotracker_live-cell_dye,1,op_gfp_intensity_min_median,3,12.883582811264855,16.915084838867188,1.3129177719164702
lysosome_lysotracker_live-cell_dye,2,op_gfp_intensity_min_std,3,9.667876508661521,12.385516166687012,1.281099955671831
lysosome_lysotracker_live-cell_dye,3,op_gfp_intensity_min_sum,3,8558.01058639226,10453.51953125,1.2214894367940734
lysosome_lysotracker_live-cell_dye,4,op_gfp_intensity_min_min,3,3.878069611233994,5.0849738121032715,1.3112126191270823
lysosome_lysotracker_live-cell_dye,5,op_gfp_intensity_min_max,3,50.66541196020743,63.49424362182617,1.2532068953015618
lysosome_lysotracker_live-cell_dye,6,op_gfp_intensity_max_mean,3,36.98732737902541,47.430763244628906,1.282351729785313
lysosome_lysotracker_live-cell_dye,7,op_gfp_intensity_max_median,3,34.071823500482964,43.32773208618164,1.27165873835803
lysosome_lysotracker_live-cell_dye,8,op_gfp_intensity_max_std,3,30.78186316144821,38.577720642089844,1.2532613909610681
lysosome_lysotracker_live-cell_dye,9,op_gfp_intensity_max_sum,3,17773.6868232758,22728.6953125,1.278783380088328
lysosome_lysotracker_live-cell_dye,10,op_gfp_intensity_max_min,3,6.106869797696243,7.370251655578613,1.2068787938395165
lysosome_lysotracker_live-cell_dye,11,op_gfp_intensity_max_max,3,152.18049819410902,184.88455200195312,1.2149030539125287
lysosome_lysotracker_live-cell_dye,12,op_gfp_intensity_mean_mean,3,23.821395788120814,31.0172119140625,1.3020736563862507
lysosome_lysotracker_live-cell_dye,13,op_gfp_intensity_mean_median,3,23.71613916964041,30.513010025024414,1.286592636633067
lysosome_lysotracker_live-cell_dye,14,op_gfp_intensity_mean_std,3,17.400646390849953,21.93350601196289,1.2604994963575904
lysosome_lysotracker_live-cell_dye,15,op_gfp_intensity_mean_sum,3,12682.585360307956,16026.8740234375,1.2636913979381519
lysosome_lysotracker_live-cell_dye,16,op_gfp_intensity_mean_min,3,4.2467344285498125,5.8041205406188965,1.366725571912182
lysosome_lysotracker_live-cell_dye,17,op_gfp_intensity_mean_max,3,79.43517948265772,97.74531555175781,1.2305041190609705
lysosome_lysotracker_live-cell_dye,18,op_gfp_intensity_range_mean,3,25.333429856198038,32.22343826293945,1.2719729798077744
lysosome_lysotracker_live-cell_dye,19,op_gfp_intensity_range_median,3,19.68630249430049,24.64925193786621,1.2521016551992217
lysosome_lysotracker_live-cell_dye,20,op_gfp_intensity_range_std,3,26.35809324224382,33.08198547363281,1.2550978240191017
lysosome_lysotracker_live-cell_dye,21,op_gfp_intensity_range_sum,3,9601.132597636884,12626.7421875,1.3151304868560825
lysosome_lysotracker_live-cell_dye,22,op_gfp_intensity_range_min,3,4.126704715453495,4.103677749633789,0.9944200112662591
lysosome_lysotracker_live-cell_dye,23,op_gfp_intensity_range_max,3,141.99620086580072,173.4420623779297,1.2214556538864596
lysosome_lysotracker_live-cell_dye,0,op_gfp_intensity_min_mean,4,13.196359293118524,17.862953186035156,1.3536273747373724
lysosome_lysotracker_live-cell_dye,1,op_gfp_intensity_min_median,4,12.883582811264855,16.902305603027344,1.311925871136458
lysosome_lysotracker_live-cell_dye,2,op_gfp_intensity_min_std,4,9.667876508661521,12.396697044372559,1.2822564534483107
lysosome_lysotracker_live-cell_dye,3,op_gfp_intensity_min_sum,4,8558.01058639226,11042.759765625,1.2903419146482054
lysosome_lysotracker_live-cell_dye,4,op_gfp_intensity_min_min,4,3.878069611233994,5.233610153198242,1.3495400232212227
lysosome_lysotracker_live-cell_dye,5,op_gfp_intensity_min_max,4,50.66541196020743,63.35464096069336,1.250451511387138
lysosome_lysotracker_live-cell_dye,6,op_gfp_intensity_max_mean,4,36.98732737902541,47.24784469604492,1.277406291400173
lysosome_lysotracker_live-cell_dye,7,op_gfp_intensity_max_median,4,34.071823500482964,43.18335723876953,1.267421370569069
lysosome_lysotracker_live-cell_dye,8,op_gfp_intensity_max_std,4,30.78186316144821,38.50604248046875,1.2509328067150414
lysosome_lysotracker_live-cell_dye,9,op_gfp_intensity_max_sum,4,17773.6868232758,22431.658203125,1.2620711969420595
lysosome_lysotracker_live-cell_dye,10,op_gfp_intensity_max_min,4,6.106869797696243,7.449716091156006,1.2198910960843374
lysosome_lysotracker_live-cell_dye,11,op_gfp_intensity_max_max,4,152.18049819410902,184.654541015625,1.2133916185508522
lysosome_lysotracker_live-cell_dye,12,op_gfp_intensity_mean_mean,4,23.821395788120814,30.936540603637695,1.2986871499387556
lysosome_lysotracker_live-cell_dye,13,op_gfp_intensity_mean_median,4,23.71613916964041,30.41874885559082,1.2826180786850239
lysosome_lysotracker_live-cell_dye,14,op_gfp_intensity_mean_std,4,17.400646390849953,21.930681228637695,1.2603371585189984
lysosome_lysotracker_live-cell_dye,15,op_gfp_intensity_mean_sum,4,12682.585360307956,16156.97265625,1.273949450938896
lysosome_lysotracker_live-cell_dye,16,op_gfp_intensity_mean_min,4,4.2467344285498125,5.919670104980469,1.3939346113060183
lysosome_lysotracker_live-cell_dye,17,op_gfp_intensity_mean_max,4,79.43517948265772,97.53775024414062,1.2278911041604061
lysosome_lysotracker_live-cell_dye,18,op_gfp_intensity_range_mean,4,25.333429856198038,32.055084228515625,1.2653274511375758
lysosome_lysotracker_live-cell_dye,19,op_gfp_intensity_range_median,4,19.68630249430049,24.526161193847656,1.245849046612404
lysosome_lysotracker_live-cell_dye,20,op_gfp_intensity_range_std,4,26.35809324224382,32.95306396484375,1.2502066694274472
lysosome_lysotracker_live-cell_dye,21,op_gfp_intensity_range_sum,4,9601.132597636884,12131.572265625,1.2635563713192473
lysosome_lysotracker_live-cell_dye,22,op_gfp_intensity_range_min,4,4.126704715453495,4.079229831695557,0.9884956915913667
lysosome_lysotracker_live-cell_dye,23,op_gfp_intensity_range_max,4,141.99620086580072,173.20237731933594,1.2197676857779307
er_golgi_cop-ii_sec23a,0,op_gfp_intensity_min_mean,0,4.071593132991041,4.213830471038818,1.0349340745506386
er_golgi_cop-ii_sec23a,1,op_gfp_intensity_min_median,0,4.245700676199185,4.388052940368652,1.0335285680800521
er_golgi_cop-ii_sec23a,2,op_gfp_intensity_min_std,0,1.3387477219186916,1.3340647220611572,0.9965019549382891
er_golgi_cop-ii_sec23a,3,op_gfp_intensity_min_sum,0,2414.019321366447,2954.59521484375,1.223931883515875
er_golgi_cop-ii_sec23a,4,op_gfp_intensity_min_min,0,3.5933547796518583,3.5896241664886475,0.9989618021620531
er_golgi_cop-ii_sec23a,5,op_gfp_intensity_min_max,0,6.894914582394165,7.309525966644287,1.060132925404009
er_golgi_cop-ii_sec23a,6,op_gfp_intensity_max_mean,0,5.915940850417646,6.161947250366211,1.0415836476680118
er_golgi_cop-ii_sec23a,7,op_gfp_intensity_max_median,0,6.095503204223287,6.227485656738281,1.0216524293553892
er_golgi_cop-ii_sec23a,8,op_gfp_intensity_max_std,0,2.445400951488297,3.029346466064453,1.238793361972302
er_golgi_cop-ii_sec23a,9,op_gfp_intensity_max_sum,0,3469.3566055952524,4233.2841796875,1.2201928659798802
er_golgi_cop-ii_sec23a,10,op_gfp_intensity_max_min,0,5.397583162564593,5.415202617645264,1.0032643230405178
er_golgi_cop-ii_sec23a,11,op_gfp_intensity_max_max,0,18.038794827843056,21.84855079650879,1.2111979212039896
er_golgi_cop-ii_sec23a,12,op_gfp_intensity_mean_mean,0,4.976048521472482,5.151366710662842,1.0352324115076115
er_golgi_cop-ii_sec23a,13,op_gfp_intensity_mean_median,0,5.229042321648822,5.378050804138184,1.0284963236714397
er_golgi_cop-ii_sec23a,14,op_gfp_intensity_mean_std,0,1.4592386820341439,1.5858205556869507,1.0867451467749982
er_golgi_cop-ii_sec23a,15,op_gfp_intensity_mean_sum,0,2895.382812203068,3540.337158203125,1.2227527024343001
er_golgi_cop-ii_sec23a,16,op_gfp_intensity_mean_min,0,4.193146955815145,4.210965633392334,1.0042494760534157
er_golgi_cop-ii_sec23a,17,op_gfp_intensity_mean_max,0,8.457303069550846,9.611432075500488,1.1364653715798476
er_golgi_cop-ii_sec23a,18,op_gfp_intensity_range_mean,0,2.3792713206592917,2.517361640930176,1.058038912616582
er_golgi_cop-ii_sec23a,19,op_gfp_intensity_range_median,0,2.147075928042212,2.15437650680542,1.003400242472964
er_golgi_cop-ii_sec23a,20,op_gfp_intensity_range_std,0,2.196344137626296,2.8417863845825195,1.2938711816144564
er_golgi_cop-ii_sec23a,21,op_gfp_intensity_range_sum,0,1064.9521659137756,1290.99609375,1.212257353026057
er_golgi_cop-ii_sec23a,22,op_gfp_intensity_range_min,0,2.9373074141404265,2.8509700298309326,0.9706066229588843
er_golgi_cop-ii_sec23a,23,op_gfp_intensity_range_max,0,17.30768685335878,21.15512466430664,1.2222964769091147
er_golgi_cop-ii_sec23a,0,op_gfp_intensity_min_mean,1,4.071593132991041,4.217166423797607,1.0357533982526457
er_golgi_cop-ii_sec23a,1,op_gfp_intensity_min_median,1,4.245700676199185,4.39359712600708,1.0348344033381776
er_golgi_cop-ii_sec23a,2,op_gfp_intensity_min_std,1,1.3387477219186916,1.3340061902999878,0.996458233660403
er_golgi_cop-ii_sec23a,3,op_gfp_intensity_min_sum,1,2414.019321366447,2930.593994140625,1.213989452446376
er_golgi_cop-ii_sec23a,4,op_gfp_intensity_min_min,1,3.5933547796518583,3.5930182933807373,0.9999063587394637
er_golgi_cop-ii_sec23a,5,op_gfp_intensity_min_max,1,6.894914582394165,7.341205596923828,1.0647275624950083
er_golgi_cop-ii_sec23a,6,op_gfp_intensity_max_mean,1,5.915940850417646,6.185848236083984,1.0456237464996432
er_golgi_cop-ii_sec23a,7,op_gfp_intensity_max_median,1,6.095503204223287,6.23591947555542,1.02303604257559
er_golgi_cop-ii_sec23a,8,op_gfp_intensity_max_std,1,2.445400951488297,3.1389987468719482,1.2836335673139903
er_golgi_cop-ii_sec23a,9,op_gfp_intensity_max_sum,1,3469.3566055952524,4206.07861328125,1.2123511911395441
er_golgi_cop-ii_sec23a,10,op_gfp_intensity_max_min,1,5.397583162564593,5.4260711669921875,1.005277918573849
er_golgi_cop-ii_sec23a,11,op_gfp_intensity_max_max,1,18.038794827843056,22.855188369750977,1.267001958161516
er_golgi_cop-ii_sec23a,12,op_gfp_intensity_mean_mean,1,4.976048521472482,5.158910274505615,1.0367483862434328
er_golgi_cop-ii_sec23a,13,op_gfp_intensity_mean_median,1,5.229042321648822,5.388777256011963,1.0305476461152017
er_golgi_cop-ii_sec23a,14,op_gfp_intensity_mean_std,1,1.4592386820341439,1.5929385423660278,1.0916230236889757
er_golgi_cop-ii_sec23a,15,op_gfp_intensity_mean_sum,1,2895.382812203068,3514.23974609375,1.2137392441795287
er_golgi_cop-ii_sec23a,16,op_gfp_intensity_mean_min,1,4.193146955815145,4.22591495513916,1.0078146555962155
er_golgi_cop-ii_sec23a,17,op_gfp_intensity_mean_max,1,8.457303069550846,9.683456420898438,1.1449816024403996
er_golgi_cop-ii_sec23a,18,op_gfp_intensity_range_mean,1,2.3792713206592917,2.539639472961426,1.0674022129841403
er_golgi_cop-ii_sec23a,19,op_gfp_intensity_range_median,1,2.147075928042212,2.1521568298339844,1.002366428557748
er_golgi_cop-ii_sec23a,20,op_gfp_intensity_range_std,1,2.196344137626296,2.9759626388549805,1.3549619059567135
er_golgi_cop-ii_sec23a,21,op_gfp_intensity_range_sum,1,1064.9521659137756,1286.89306640625,1.2084045721453032
er_golgi_cop-ii_sec23a,22,op_gfp_intensity_range_min,1,2.9373074141404265,2.854696035385132,0.9718751335465954
er_golgi_cop-ii_sec23a,23,op_gfp_intensity_range_max,1,17.30768685335878,22.12825584411621,1.2785218516836023
er_golgi_cop-ii_sec23a,0,op_gfp_intensity_min_mean,2,4.071593132991041,4.211010932922363,1.034241584406275
er_golgi_cop-ii_sec23a,1,op_gfp_intensity_min_median,2,4.245700676199185,4.380309104919434,1.0317046440590703
er_golgi_cop-ii_sec23a,2,op_gfp_intensity_min_std,2,1.3387477219186916,1.3184481859207153,0.9848369220984495
er_golgi_cop-ii_sec23a,3,op_gfp_intensity_min_sum,2,2414.019321366447,2946.572509765625,1.2206085028754983
er_golgi_cop-ii_sec23a,4,op_gfp_intensity_min_min,2,3.5933547796518583,3.556844711303711,0.9898395592456126
er_golgi_cop-ii_sec23a,5,op_gfp_intensity_min_max,2,6.894914582394165,7.328782558441162,1.0629257942012593
er_golgi_cop-ii_sec23a,6,op_gfp_intensity_max_mean,2,5.915940850417646,6.159067630767822,1.0410968916859629
er_golgi_cop-ii_sec23a,7,op_gfp_intensity_max_median,2,6.095503204223287,6.223714828491211,1.021033804752837
er_golgi_cop-ii_sec23a,8,op_gfp_intensity_max_std,2,2.445400951488297,2.9350998401641846,1.2002530048816134
er_golgi_cop-ii_sec23a,9,op_gfp_intensity_max_sum,2,3469.3566055952524,4225.21630859375,1.217867399903335
er_golgi_cop-ii_sec23a,10,op_gfp_intensity_max_min,2,5.397583162564593,5.442399024963379,1.0083029498664533
er_golgi_cop-ii_sec23a,11,op_gfp_intensity_max_max,2,18.038794827843056,21.704254150390625,1.2031986813714348
er_golgi_cop-ii_sec23a,12,op_gfp_intensity_mean_mean,2,4.976048521472482,5.146184921264648,1.0341910652715705
er_golgi_cop-ii_sec23a,13,op_gfp_intensity_mean_median,2,5.229042321648822,5.374794960021973,1.0278736773213173
er_golgi_cop-ii_sec23a,14,op_gfp_intensity_mean_std,2,1.4592386820341439,1.5487161874771118,1.0613179369109367
er_golgi_cop-ii_sec23a,15,op_gfp_intensity_mean_sum,2,2895.382812203068,3532.0068359375,1.219875596778179
er_golgi_cop-ii_sec23a,16,op_gfp_intensity_mean_min,2,4.193146955815145,4.236362934112549,1.0103063352543538
er_golgi_cop-ii_sec23a,17,op_gfp_intensity_mean_max,2,8.457303069550846,9.404166221618652,1.1119580490708478
er_golgi_cop-ii_sec23a,18,op_gfp_intensity_range_mean,2,2.3792713206592917,2.5161826610565186,1.0575433912090737
er_golgi_cop-ii_sec23a,19,op_gfp_intensity_range_median,2,2.147075928042212,2.159245729446411,1.005668081526719
er_golgi_cop-ii_sec23a,20,op_gfp_intensity_range_std,2,2.196344137626296,2.7495343685150146,1.2518686490936617
er_golgi_cop-ii_sec23a,21,op_gfp_intensity_range_sum,2,1064.9521659137756,1291.0023193359375,1.2122631989092214
er_golgi_cop-ii_sec23a,22,op_gfp_intensity_range_min,2,2.9373074141404265,2.8679544925689697,0.9763889468165347
er_golgi_cop-ii_sec23a,23,op_gfp_intensity_range_max,2,17.30768685335878,20.92220115661621,1.208838670001473
er_golgi_cop-ii_sec23a,0,op_gfp_intensity_min_mean,3,4.071593132991041,4.193261623382568,1.029882281067251
er_golgi_cop-ii_sec23a,1,op_gfp_intensity_min_median,3,4.245700676199185,4.358315944671631,1.0265245426046523
er_golgi_cop-ii_sec23a,2,op_gfp_intensity_min_std,3,1.3387477219186916,1.3003252744674683,0.9712997103022843
er_golgi_cop-ii_sec23a,3,op_gfp_intensity_min_sum,3,2414.019321366447,2956.081787109375,1.2245476914559639
er_golgi_cop-ii_sec23a,4,op_gfp_intensity_min_min,3,3.5933547796518583,3.5245535373687744,0.9808532008382012
er_golgi_cop-ii_sec23a,5,op_gfp_intensity_min_max,3,6.894914582394165,7.174201965332031,1.040506286133118
er_golgi_cop-ii_sec23a,6,op_gfp_intensity_max_mean,3,5.915940850417646,6.102175235748291,1.0314800959035109
er_golgi_cop-ii_sec23a,7,op_gfp_intensity_max_median,3,6.095503204223287,6.191378116607666,1.015728793697943
er_golgi_cop-ii_sec23a,8,op_gfp_intensity_max_std,3,2.445400951488297,2.748497724533081,1.1239456347067815
er_golgi_cop-ii_sec23a,9,op_gfp_intensity_max_sum,3,3469.3566055952524,4234.73974609375,1.2206124153579703
er_golgi_cop-ii_sec23a,10,op_gfp_intensity_max_min,3,5.397583162564593,5.436855316162109,1.0072758774463897
er_golgi_cop-ii_sec23a,11,op_gfp_intensity_max_max,3,18.038794827843056,20.193256378173828,1.1194348941208279
er_golgi_cop-ii_sec23a,12,op_gfp_intensity_mean_mean,3,4.976048521472482,5.117267608642578,1.0283797648999426
er_golgi_cop-ii_sec23a,13,op_gfp_intensity_mean_median,3,5.229042321648822,5.343299388885498,1.0218504766663752
er_golgi_cop-ii_sec23a,14,op_gfp_intensity_mean_std,3,1.4592386820341439,1.5165269374847412,1.0392590027635087
er_golgi_cop-ii_sec23a,15,op_gfp_intensity_mean_sum,3,2895.382812203068,3541.02978515625,1.2229919201813302
er_golgi_cop-ii_sec23a,16,op_gfp_intensity_mean_min,3,4.193146955815145,4.231013298034668,1.0090305306774447
er_golgi_cop-ii_sec23a,17,op_gfp_intensity_mean_max,3,8.457303069550846,9.161703109741211,1.0832889674636874
er_golgi_cop-ii_sec23a,18,op_gfp_intensity_range_mean,3,2.3792713206592917,2.458875894546509,1.0334575435747946
er_golgi_cop-ii_sec23a,19,op_gfp_intensity_range_median,3,2.147075928042212,2.1544978618621826,1.0034567635559763
er_golgi_cop-ii_sec23a,20,op_gfp_intensity_range_std,3,2.196344137626296,2.5147831439971924,1.144985934087292
er_golgi_cop-ii_sec23a,21,op_gfp_intensity_range_sum,3,1064.9521659137756,1291.6956787109375,1.2129142698185003
er_golgi_cop-ii_sec23a,22,op_gfp_intensity_range_min,3,2.9373074141404265,2.871342658996582,0.9775424407992555
er_golgi_cop-ii_sec23a,23,op_gfp_intensity_range_max,3,17.30768685335878,19.35232162475586,1.118134490687315
er_golgi_cop-ii_sec23a,0,op_gfp_intensity_min_mean,4,4.071593132991041,4.148534774780273,1.0188971833078788
er_golgi_cop-ii_sec23a,1,op_gfp_intensity_min_median,4,4.245700676199185,4.314300537109375,1.0161574887496783
er_golgi_cop-ii_sec23a,2,op_gfp_intensity_min_std,4,1.3387477219186916,1.3138136863708496,0.9813751051526671
er_golgi_cop-ii_sec23a,3,op_gfp_intensity_min_sum,4,2414.019321366447,2952.34521484375,1.2229998280099041
er_golgi_cop-ii_sec23a,4,op_gfp_intensity_min_min,4,3.5933547796518583,3.5360910892486572,0.9840640031628747
er_golgi_cop-ii_sec23a,5,op_gfp_intensity_min_max,4,6.894914582394165,7.094503402709961,1.0289472506048787
er_golgi_cop-ii_sec23a,6,op_gfp_intensity_max_mean,4,5.915940850417646,6.037762641906738,1.0205921246627225
er_golgi_cop-ii_sec23a,7,op_gfp_intensity_max_median,4,6.095503204223287,6.130488872528076,1.0057395865661345
er_golgi_cop-ii_sec23a,8,op_gfp_intensity_max_std,4,2.445400951488297,2.8059277534484863,1.1474305478374698
er_golgi_cop-ii_sec23a,9,op_gfp_intensity_max_sum,4,3469.3566055952524,4227.55517578125,1.218541550027807
er_golgi_cop-ii_sec23a,10,op_gfp_intensity_max_min,4,5.397583162564593,5.389763832092285,0.9985513274669783
er_golgi_cop-ii_sec23a,11,op_gfp_intensity_max_max,4,18.038794827843056,20.099931716918945,1.1142613411121294
er_golgi_cop-ii_sec23a,12,op_gfp_intensity_mean_mean,4,4.976048521472482,5.063270092010498,1.0175282797508185
er_golgi_cop-ii_sec23a,13,op_gfp_intensity_mean_median,4,5.229042321648822,5.283223628997803,1.0103616119388945
er_golgi_cop-ii_sec23a,14,op_gfp_intensity_mean_std,4,1.4592386820341439,1.5460052490234375,1.0594601610124144
er_golgi_cop-ii_sec23a,15,op_gfp_intensity_mean_sum,4,2895.382812203068,3535.53759765625,1.221095042339529
er_golgi_cop-ii_sec23a,16,op_gfp_intensity_mean_min,4,4.193146955815145,4.176775932312012,0.9960957668129352
er_golgi_cop-ii_sec23a,17,op_gfp_intensity_mean_max,4,8.457303069550846,9.28709602355957,1.09811555139797
er_golgi_cop-ii_sec23a,18,op_gfp_intensity_range_mean,4,2.3792713206592917,2.4426751136779785,1.0266484080517213
er_golgi_cop-ii_sec23a,19,op_gfp_intensity_range_median,4,2.147075928042212,2.1377451419830322,0.9956541890590297
er_golgi_cop-ii_sec23a,20,op_gfp_intensity_range_std,4,2.196344137626296,2.559842109680176,1.1655013737722957
er_golgi_cop-ii_sec23a,21,op_gfp_intensity_range_sum,4,1064.9521659137756,1288.325927734375,1.2097500422743728
er_golgi_cop-ii_sec23a,22,op_gfp_intensity_range_min,4,2.9373074141404265,2.8577992916107178,0.9729316304630048
er_golgi_cop-ii_sec23a,23,op_gfp_intensity_range_max,4,17.30768685335878,19.356334686279297,1.1183663565372948
early_endosome_eea1,0,op_gfp_intensity_min_mean,0,1.8821151847916786,2.012737274169922,1.069401750984067
early_endosome_eea1,1,op_gfp_intensity_min_median,0,2.0161709435617237,2.109807252883911,1.0464426439738148
early_endosome_eea1,2,op_gfp_intensity_min_std,0,0.8463049157939329,0.8701339960098267,1.0281566132621827
early_endosome_eea1,3,op_gfp_intensity_min_sum,0,1684.9775987736118,2410.781982421875,1.430750167940826
early_endosome_eea1,4,op_gfp_intensity_min_min,0,1.7843539433455156,1.9096758365631104,1.070233763701963
early_endosome_eea1,5,op_gfp_intensity_min_max,0,4.452241375493283,4.921431541442871,1.1053829130945545
early_endosome_eea1,6,op_gfp_intensity_max_mean,0,3.0264382281118536,3.452298402786255,1.140713321262826
early_endosome_eea1,7,op_gfp_intensity_max_median,0,2.7704958059604032,3.0092668533325195,1.0861835079693778
early_endosome_eea1,8,op_gfp_intensity_max_std,0,2.1129189017422525,2.5407791137695312,1.2024972239466822
early_endosome_eea1,9,op_gfp_intensity_max_sum,0,2322.8812125503937,3352.410888671875,1.4432123651261164
early_endosome_eea1,10,op_gfp_intensity_max_min,0,3.49382451410067,3.4752795696258545,0.9946920790097011
early_endosome_eea1,11,op_gfp_intensity_max_max,0,12.088882722102651,15.477895736694336,1.2803412931118439
early_endosome_eea1,12,op_gfp_intensity_mean_mean,0,2.523345846839534,2.7801239490509033,1.1017609625462088
early_endosome_eea1,13,op_gfp_intensity_mean_median,0,2.648121064966395,2.8227484226226807,1.065943872418273
early_endosome_eea1,14,op_gfp_intensity_mean_std,0,1.2207648489918475,1.3668608665466309,1.1196758062582117
early_endosome_eea1,15,op_gfp_intensity_mean_sum,0,1945.1231071795928,2802.770751953125,1.4409220381002579
early_endosome_eea1,16,op_gfp_intensity_mean_min,0,1.837659818034187,1.9125806093215942,1.0407696737732193
early_endosome_eea1,17,op_gfp_intensity_mean_max,0,6.51101809423224,7.71060848236084,1.1842400636532178
early_endosome_eea1,18,op_gfp_intensity_range_mean,0,1.4976268696496056,1.7873551845550537,1.1934582777439315
early_endosome_eea1,19,op_gfp_intensity_range_median,0,1.2042697990855036,1.3084182739257812,1.086482675991182
early_endosome_eea1,20,op_gfp_intensity_range_std,0,1.6871051015265064,2.1238327026367188,1.258862118735257
early_endosome_eea1,21,op_gfp_intensity_range_sum,0,643.72969785971,951.6190185546875,1.4782897568943243
early_endosome_eea1,22,op_gfp_intensity_range_min,0,2.1000862689142186,1.9945648908615112,0.9497537888730334
early_endosome_eea1,23,op_gfp_intensity_range_max,0,10.688096845697746,14.284051895141602,1.3364448415239918
early_endosome_eea1,0,op_gfp_intensity_min_mean,1,1.8821151847916786,2.0087056159973145,1.0672596620167258
early_endosome_eea1,1,op_gfp_intensity_min_median,1,2.0161709435617237,2.10402512550354,1.043574768410567
early_endosome_eea1,2,op_gfp_intensity_min_std,1,0.8463049157939329,0.8759264945983887,1.0350010714243192
early_endosome_eea1,3,op_gfp_intensity_min_sum,1,1684.9775987736118,2369.2216796875,1.40608497193785
early_endosome_eea1,4,op_gfp_intensity_min_min,1,1.7843539433455156,1.988635778427124,1.114485041403051
early_endosome_eea1,5,op_gfp_intensity_min_max,1,4.452241375493283,4.895997524261475,1.0996702809534953
early_endosome_eea1,6,op_gfp_intensity_max_mean,1,3.0264382281118536,3.4248125553131104,1.1316314086641035
early_endosome_eea1,7,op_gfp_intensity_max_median,1,2.7704958059604032,2.986771583557129,1.0780639252842157
early_endosome_eea1,8,op_gfp_intensity_max_std,1,2.1129189017422525,2.549480438232422,1.2066153774904438
early_endosome_eea1,9,op_gfp_intensity_max_sum,1,2322.8812125503937,3292.779296875,1.417540974150681
early_endosome_eea1,10,op_gfp_intensity_max_min,1,3.49382451410067,3.471547842025757,0.9936239865554188
early_endosome_eea1,11,op_gfp_intensity_max_max,1,12.088882722102651,15.787747383117676,1.3059724166446105
early_endosome_eea1,12,op_gfp_intensity_mean_mean,1,2.523345846839534,2.7642629146575928,1.0954752469305011
early_endosome_eea1,13,op_gfp_intensity_mean_median,1,2.648121064966395,2.8090927600860596,1.06078713592413
early_endosome_eea1,14,op_gfp_intensity_mean_std,1,1.2207648489918475,1.3619099855422974,1.1156202496058212
early_endosome_eea1,15,op_gfp_intensity_mean_sum,1,1945.1231071795928,2753.52978515625,1.4156069479575706
early_endosome_eea1,16,op_gfp_intensity_mean_min,1,1.837659818034187,1.9098780155181885,1.039299002337253
early_endosome_eea1,17,op_gfp_intensity_mean_max,1,6.51101809423224,7.774528503417969,1.194057271981014
early_endosome_eea1,18,op_gfp_intensity_range_mean,1,1.4976268696496056,1.771106243133545,1.182608484814328
early_endosome_eea1,19,op_gfp_intensity_range_median,1,1.2042697990855036,1.3018732070922852,1.0810477918493842
early_endosome_eea1,20,op_gfp_intensity_range_std,1,1.6871051015265064,2.1551597118377686,1.2774306176229107
early_endosome_eea1,21,op_gfp_intensity_range_sum,1,643.72969785971,933.2589721679688,1.4497683970009363
early_endosome_eea1,22,op_gfp_intensity_range_min,1,2.1000862689142186,1.9940354824066162,0.9495016999647198
early_endosome_eea1,23,op_gfp_intensity_range_max,1,10.688096845697746,14.761881828308105,1.3811515783794728
early_endosome_eea1,0,op_gfp_intensity_min_mean,2,1.8821151847916786,2.0033085346221924,1.0643921003399843
early_endosome_eea1,1,op_gfp_intensity_min_median,2,2.0161709435617237,2.098416805267334,1.0407930993987626
early_endosome_eea1,2,op_gfp_intensity_min_std,2,0.8463049157939329,0.8704660534858704,1.0285489747737924
early_endosome_eea1,3,op_gfp_intensity_min_sum,2,1684.9775987736118,2346.778564453125,1.392765438639182
early_endosome_eea1,4,op_gfp_intensity_min_min,2,1.7843539433455156,1.987565517425537,1.1138852383171338
early_endosome_eea1,5,op_gfp_intensity_min_max,2,4.452241375493283,4.8789286613464355,1.0958365124141272
early_endosome_eea1,6,op_gfp_intensity_max_mean,2,3.0264382281118536,3.418032169342041,1.1293910239412013
early_endosome_eea1,7,op_gfp_intensity_max_median,2,2.7704958059604032,2.981165647506714,1.076040483834366
early_endosome_eea1,8,op_gfp_intensity_max_std,2,2.1129189017422525,2.6215038299560547,1.2407025313628637
early_endosome_eea1,9,op_gfp_intensity_max_sum,2,2322.8812125503937,3263.5927734375,1.4049761803593295
early_endosome_eea1,10,op_gfp_intensity_max_min,2,3.49382451410067,3.4734809398651123,0.9941772764620966
early_endosome_eea1,11,op_gfp_intensity_max_max,2,12.088882722102651,16.36351776123047,1.3536005053066078
early_endosome_eea1,12,op_gfp_intensity_mean_mean,2,2.523345846839534,2.7591726779937744,1.0934579900926427
early_endosome_eea1,13,op_gfp_intensity_mean_median,2,2.648121064966395,2.8048675060272217,1.0591915691221676
early_endosome_eea1,14,op_gfp_intensity_mean_std,2,1.2207648489918475,1.3638468980789185,1.1172068881285642
early_endosome_eea1,15,op_gfp_intensity_mean_sum,2,1945.1231071795928,2728.156494140625,1.4025623797644469
early_endosome_eea1,16,op_gfp_intensity_mean_min,2,1.837659818034187,1.909936785697937,1.0393309833269726
early_endosome_eea1,17,op_gfp_intensity_mean_max,2,6.51101809423224,7.83029842376709,1.2026227404748775
early_endosome_eea1,18,op_gfp_intensity_range_mean,2,1.4976268696496056,1.7663979530334473,1.1794646509291897
early_endosome_eea1,19,op_gfp_intensity_range_median,2,1.2042697990855036,1.2955073118209839,1.0757616879579344
early_endosome_eea1,20,op_gfp_intensity_range_std,2,1.6871051015265064,2.2437257766723633,1.3299264963648216
early_endosome_eea1,21,op_gfp_intensity_range_sum,2,643.72969785971,926.6116333007812,1.439442108048774
early_endosome_eea1,22,op_gfp_intensity_range_min,2,2.1000862689142186,1.9935539960861206,0.9492724301829862
early_endosome_eea1,23,op_gfp_intensity_range_max,2,10.688096845697746,15.384891510009766,1.4394416267104286
early_endosome_eea1,0,op_gfp_intensity_min_mean,3,1.8821151847916786,2.002779245376587,1.0641108799078436
early_endosome_eea1,1,op_gfp_intensity_min_median,3,2.0161709435617237,2.101306200027466,1.0422262094082877
early_endosome_eea1,2,op_gfp_intensity_min_std,3,0.8463049157939329,0.8598694801330566,1.0160279871781184
early_endosome_eea1,3,op_gfp_intensity_min_sum,3,1684.9775987736118,2313.3388671875,1.3729196571344524
early_endosome_eea1,4,op_gfp_intensity_min_min,3,1.7843539433455156,1.9397226572036743,1.0870728111076748
early_endosome_eea1,5,op_gfp_intensity_min_max,3,4.452241375493283,4.859810829162598,1.0915425331413346
early_endosome_eea1,6,op_gfp_intensity_max_mean,3,3.0264382281118536,3.424386501312256,1.13149063129852
early_endosome_eea1,7,op_gfp_intensity_max_median,3,2.7704958059604032,2.9910881519317627,1.079621974340037
early_endosome_eea1,8,op_gfp_intensity_max_std,3,2.1129189017422525,2.6144256591796875,1.2373525822613953
early_endosome_eea1,9,op_gfp_intensity_max_sum,3,2322.8812125503937,3219.570068359375,1.3860244126837924
early_endosome_eea1,10,op_gfp_intensity_max_min,3,3.49382451410067,3.479973793029785,0.9960356563373504
early_endosome_eea1,11,op_gfp_intensity_max_max,3,12.088882722102651,16.0706729888916,1.3293762011197994
early_endosome_eea1,12,op_gfp_intensity_mean_mean,3,2.523345846839534,2.7642769813537598,1.0954808215512708
early_endosome_eea1,13,op_gfp_intensity_mean_median,3,2.648121064966395,2.810584783554077,1.0613505631358828
early_endosome_eea1,14,op_gfp_intensity_mean_std,3,1.2207648489918475,1.3620336055755615,1.1157215140167076
early_endosome_eea1,15,op_gfp_intensity_mean_sum,3,1945.1231071795928,2689.884033203125,1.38288626733936
early_endosome_eea1,16,op_gfp_intensity_mean_min,3,1.837659818034187,1.9113285541534424,1.0400883424648537
early_endosome_eea1,17,op_gfp_intensity_mean_max,3,6.51101809423224,7.744117736816406,1.1893866097034047
early_endosome_eea1,18,op_gfp_intensity_range_mean,3,1.4976268696496056,1.7696731090545654,1.1816515481380283
early_endosome_eea1,19,op_gfp_intensity_range_median,3,1.2042697990855036,1.298743724822998,1.0784491364055098
early_endosome_eea1,20,op_gfp_intensity_range_std,3,1.6871051015265064,2.2319843769073486,1.3229670012187333
early_endosome_eea1,21,op_gfp_intensity_range_sum,3,643.72969785971,916.2694702148438,1.4233761053145155
early_endosome_eea1,22,op_gfp_intensity_range_min,3,2.1000862689142186,1.9952008724212646,0.9500566247941893
early_endosome_eea1,23,op_gfp_intensity_range_max,3,10.688096845697746,15.042088508605957,1.4073682832188046
early_endosome_eea1,0,op_gfp_intensity_min_mean,4,1.8821151847916786,2.001915216445923,1.0636518065537548
early_endosome_eea1,1,op_gfp_intensity_min_median,4,2.0161709435617237,2.098435640335083,1.0408024413981645
early_endosome_eea1,2,op_gfp_intensity_min_std,4,0.8463049157939329,0.8597226142883301,1.015854449435414
early_endosome_eea1,3,op_gfp_intensity_min_sum,4,1684.9775987736118,2368.85791015625,1.4058690821055373
early_endosome_eea1,4,op_gfp_intensity_min_min,4,1.7843539433455156,1.8573217391967773,1.0408931177154535
early_endosome_eea1,5,op_gfp_intensity_min_max,4,4.452241375493283,4.880045413970947,1.0960873417224075
early_endosome_eea1,6,op_gfp_intensity_max_mean,4,3.0264382281118536,3.434887170791626,1.134960277360294
early_endosome_eea1,7,op_gfp_intensity_max_median,4,2.7704958059604032,2.9947893619537354,1.0809579121220072
early_endosome_eea1,8,op_gfp_intensity_max_std,4,2.1129189017422525,2.5987961292266846,1.2299554550265945
early_endosome_eea1,9,op_gfp_intensity_max_sum,4,2322.8812125503937,3295.65380859375,1.4187784509976324
early_endosome_eea1,10,op_gfp_intensity_max_min,4,3.49382451410067,3.480464458465576,0.9961760942539689
early_endosome_eea1,11,op_gfp_intensity_max_max,4,12.088882722102651,15.790607452392578,1.3062090033781117
early_endosome_eea1,12,op_gfp_intensity_mean_mean,4,2.523345846839534,2.7687108516693115,1.0972379609149079
early_endosome_eea1,13,op_gfp_intensity_mean_median,4,2.648121064966395,2.8123362064361572,1.062011946372945
early_endosome_eea1,14,op_gfp_intensity_mean_std,4,1.2207648489918475,1.3611133098602295,1.1149676458855176
early_endosome_eea1,15,op_gfp_intensity_mean_sum,4,1945.1231071795928,2754.332763671875,1.4160197642531878
early_endosome_eea1,16,op_gfp_intensity_mean_min,4,1.837659818034187,1.9050493240356445,1.0366713715673157
early_endosome_eea1,17,op_gfp_intensity_mean_max,4,6.51101809423224,7.644205093383789,1.1740414452473076
early_endosome_eea1,18,op_gfp_intensity_range_mean,4,1.4976268696496056,1.7796471118927002,1.188311419859259
early_endosome_eea1,19,op_gfp_intensity_range_median,4,1.2042697990855036,1.2998850345611572,1.0793968557114542
early_endosome_eea1,20,op_gfp_intensity_range_std,4,1.6871051015265064,2.1985220909118652,1.3031328569409366
early_endosome_eea1,21,op_gfp_intensity_range_sum,4,643.72969785971,936.9969482421875,1.4555751449056031
early_endosome_eea1,22,op_gfp_intensity_range_min,4,2.1000862689142186,1.9978104829788208,0.9512992454408665
early_endosome_eea1,23,op_gfp_intensity_range_max,4,10.688096845697746,14.604050636291504,1.3663845722140922
lipid_droplet_bodipy_live_cell_dye,0,op_gfp_intensity_min_mean,0,46.390529461659554,55.475135803222656,1.1958288997126292
lipid_droplet_bodipy_live_cell_dye,1,op_gfp_intensity_min_median,0,43.332568817175876,54.12164306640625,1.24898302924875
lipid_droplet_bodipy_live_cell_dye,2,op_gfp_intensity_min_std,0,29.598808519516012,31.300098419189453,1.0574783237829217
lipid_droplet_bodipy_live_cell_dye,3,op_gfp_intensity_min_sum,0,23498.731508427525,27722.591796875,1.179748438205383
lipid_droplet_bodipy_live_cell_dye,4,op_gfp_intensity_min_min,0,26.688155322845812,30.62933921813965,1.1476753956059327
lipid_droplet_bodipy_live_cell_dye,5,op_gfp_intensity_min_max,0,127.62525892333984,128.88543701171875,1.009874049220428
lipid_droplet_bodipy_live_cell_dye,6,op_gfp_intensity_max_mean,0,72.59292510001504,84.75081634521484,1.1674803877712496
lipid_droplet_bodipy_live_cell_dye,7,op_gfp_intensity_max_median,0,78.26739248074841,95.39207458496094,1.218797146058299
lipid_droplet_bodipy_live_cell_dye,8,op_gfp_intensity_max_std,0,34.99529639618031,36.32801055908203,1.0380826653906319
lipid_droplet_bodipy_live_cell_dye,9,op_gfp_intensity_max_sum,0,38608.51147592125,45879.765625,1.18833293155095
lipid_droplet_bodipy_live_cell_dye,10,op_gfp_intensity_max_min,0,34.62048536330831,39.446041107177734,1.1393844047311847
lipid_droplet_bodipy_live_cell_dye,11,op_gfp_intensity_max_max,0,86.27093536714597,87.36247253417969,1.0126524322750001
lipid_droplet_bodipy_live_cell_dye,12,op_gfp_intensity_mean_mean,0,60.8989878647519,72.02079772949219,1.182627170905373
lipid_droplet_bodipy_live_cell_dye,13,op_gfp_intensity_mean_median,0,62.5336313565623,76.88796997070312,1.229545898786741
lipid_droplet_bodipy_live_cell_dye,14,op_gfp_intensity_mean_std,0,30.99087324772218,32.51969909667969,1.049331486619851
lipid_droplet_bodipy_live_cell_dye,15,op_gfp_intensity_mean_sum,0,31281.085637067055,36939.44921875,1.1808876983149834
lipid_droplet_bodipy_live_cell_dye,16,op_gfp_intensity_mean_min,0,30.670655635872397,35.25277328491211,1.149397446974706
lipid_droplet_bodipy_live_cell_dye,17,op_gfp_intensity_mean_max,0,89.92304208468003,91.56873321533203,1.0183011060624736
lipid_droplet_bodipy_live_cell_dye,18,op_gfp_intensity_range_mean,0,34.31377268966493,37.25572967529297,1.0857369142191158
lipid_droplet_bodipy_live_cell_dye,19,op_gfp_intensity_range_median,0,30.677950904500367,33.964900970458984,1.1071437292598454
lipid_droplet_bodipy_live_cell_dye,20,op_gfp_intensity_range_std,0,29.78930500979451,30.16266632080078,1.0125334011949427
lipid_droplet_bodipy_live_cell_dye,21,op_gfp_intensity_range_sum,0,15370.64968572508,18537.791015625,1.2060512336600375
lipid_droplet_bodipy_live_cell_dye,22,op_gfp_intensity_range_min,0,14.68792831406002,14.46163272857666,0.9845930902817154
lipid_droplet_bodipy_live_cell_dye,23,op_gfp_intensity_range_max,0,112.8315368186944,110.84526062011719,0.9823960901838207
lipid_droplet_bodipy_live_cell_dye,0,op_gfp_intensity_min_mean,1,46.390529461659554,55.16893005371094,1.189228290642953
lipid_droplet_bodipy_live_cell_dye,1,op_gfp_intensity_min_median,1,43.332568817175876,53.699588775634766,1.2392431430086295
lipid_droplet_bodipy_live_cell_dye,2,op_gfp_intensity_min_std,1,29.598808519516012,31.365921020507812,1.0597021498289922
lipid_droplet_bodipy_live_cell_dye,3,op_gfp_intensity_min_sum,1,23498.731508427525,27744.087890625,1.1806632149771545
lipid_droplet_bodipy_live_cell_dye,4,op_gfp_intensity_min_min,1,26.688155322845812,30.434926986694336,1.14039080702746
lipid_droplet_bodipy_live_cell_dye,5,op_gfp_intensity_min_max,1,127.62525892333984,129.0794219970703,1.0113940068447105
lipid_droplet_bodipy_live_cell_dye,6,op_gfp_intensity_max_mean,1,72.59292510001504,84.50581359863281,1.164105365394834
lipid_droplet_bodipy_live_cell_dye,7,op_gfp_intensity_max_median,1,78.26739248074841,95.13993072509766,1.2155755763615022
lipid_droplet_bodipy_live_cell_dye,8,op_gfp_intensity_max_std,1,34.99529639618031,36.38264083862305,1.039643740311174
lipid_droplet_bodipy_live_cell_dye,9,op_gfp_intensity_max_sum,1,38608.51147592125,46061.4765625,1.193039430987307
lipid_droplet_bodipy_live_cell_dye,10,op_gfp_intensity_max_min,1,34.62048536330831,39.34003829956055,1.1363225525790617
lipid_droplet_bodipy_live_cell_dye,11,op_gfp_intensity_max_max,1,86.27093536714597,87.437255859375,1.0135192749129875
lipid_droplet_bodipy_live_cell_dye,12,op_gfp_intensity_mean_mean,1,60.8989878647519,71.73573303222656,1.1779462278017092
lipid_droplet_bodipy_live_cell_dye,13,op_gfp_intensity_mean_median,1,62.5336313565623,76.45728302001953,1.222658613635686
lipid_droplet_bodipy_live_cell_dye,14,op_gfp_intensity_mean_std,1,30.99087324772218,32.632728576660156,1.0529786726502988
lipid_droplet_bodipy_live_cell_dye,15,op_gfp_intensity_mean_sum,1,31281.085637067055,37032.62109375,1.1838662354438096
lipid_droplet_bodipy_live_cell_dye,16,op_gfp_intensity_mean_min,1,30.670655635872397,34.98094177246094,1.140534528761336
lipid_droplet_bodipy_live_cell_dye,17,op_gfp_intensity_mean_max,1,89.92304208468003,91.78727722167969,1.0207314509582996
lipid_droplet_bodipy_live_cell_dye,18,op_gfp_intensity_range_mean,1,34.31377268966493,37.29114532470703,1.0867690260109133
lipid_droplet_bodipy_live_cell_dye,19,op_gfp_intensity_range_median,1,30.677950904500367,34.239662170410156,1.116100038004406
lipid_droplet_bodipy_live_cell_dye,20,op_gfp_intensity_range_std,1,29.78930500979451,30.0451717376709,1.0085892144107511
lipid_droplet_bodipy_live_cell_dye,21,op_gfp_intensity_range_sum,1,15370.64968572508,18700.646484375,1.2166464571593567
lipid_droplet_bodipy_live_cell_dye,22,op_gfp_intensity_range_min,1,14.68792831406002,14.54127311706543,0.9900152564841833
lipid_droplet_bodipy_live_cell_dye,23,op_gfp_intensity_range_max,1,112.8315368186944,110.64940643310547,0.9806602795006211
lipid_droplet_bodipy_live_cell_dye,0,op_gfp_intensity_min_mean,2,46.390529461659554,55.056251525878906,1.18679937833823
lipid_droplet_bodipy_live_cell_dye,1,op_gfp_intensity_min_median,2,43.332568817175876,53.614158630371094,1.2372716433353905
lipid_droplet_bodipy_live_cell_dye,2,op_gfp_intensity_min_std,2,29.598808519516012,31.417417526245117,1.0614419666768007
lipid_droplet_bodipy_live_cell_dye,3,op_gfp_intensity_min_sum,2,23498.731508427525,27385.109375,1.165386708860377
lipid_droplet_bodipy_live_cell_dye,4,op_gfp_intensity_min_min,2,26.688155322845812,30.40816879272461,1.1393881826929553
lipid_droplet_bodipy_live_cell_dye,5,op_gfp_intensity_min_max,2,127.62525892333984,129.11209106445312,1.0116499833469985
lipid_droplet_bodipy_live_cell_dye,6,op_gfp_intensity_max_mean,2,72.59292510001504,84.55852508544922,1.1648314896933627
lipid_droplet_bodipy_live_cell_dye,7,op_gfp_intensity_max_median,2,78.26739248074841,95.12517547607422,1.2153870527815571
lipid_droplet_bodipy_live_cell_dye,8,op_gfp_intensity_max_std,2,34.99529639618031,36.486507415771484,1.0426117556687973
lipid_droplet_bodipy_live_cell_dye,9,op_gfp_intensity_max_sum,2,38608.51147592125,45286.99609375,1.1729795934244676
lipid_droplet_bodipy_live_cell_dye,10,op_gfp_intensity_max_min,2,34.62048536330831,39.52587890625,1.1416904902246272
lipid_droplet_bodipy_live_cell_dye,11,op_gfp_intensity_max_max,2,86.27093536714597,87.35603332519531,1.0125777928966628
lipid_droplet_bodipy_live_cell_dye,12,op_gfp_intensity_mean_mean,2,60.8989878647519,71.72517395019531,1.177772840978685
lipid_droplet_bodipy_live_cell_dye,13,op_gfp_intensity_mean_median,2,62.5336313565623,76.43446350097656,1.2222936976928895
lipid_droplet_bodipy_live_cell_dye,14,op_gfp_intensity_mean_std,2,30.99087324772218,32.71438217163086,1.0556134352888993
lipid_droplet_bodipy_live_cell_dye,15,op_gfp_intensity_mean_sum,2,31281.085637067055,36481.4609375,1.1662466373696017
lipid_droplet_bodipy_live_cell_dye,16,op_gfp_intensity_mean_min,2,30.670655635872397,35.14998245239258,1.1460460079399528
lipid_droplet_bodipy_live_cell_dye,17,op_gfp_intensity_mean_max,2,89.92304208468003,91.72470092773438,1.020035563758594
lipid_droplet_bodipy_live_cell_dye,18,op_gfp_intensity_range_mean,2,34.31377268966493,37.52067184448242,1.0934580753862542
lipid_droplet_bodipy_live_cell_dye,19,op_gfp_intensity_range_median,2,30.677950904500367,34.50271987915039,1.1246748515426088
lipid_droplet_bodipy_live_cell_dye,20,op_gfp_intensity_range_std,2,29.78930500979451,30.06077766418457,1.0091130912352873
lipid_droplet_bodipy_live_cell_dye,21,op_gfp_intensity_range_sum,2,15370.64968572508,18254.724609375,1.1876351997227805
lipid_droplet_bodipy_live_cell_dye,22,op_gfp_intensity_range_min,2,14.68792831406002,14.6336669921875,0.9963057198597178
lipid_droplet_bodipy_live_cell_dye,23,op_gfp_intensity_range_max,2,112.8315368186944,110.16992950439453,0.9764107855893452
lipid_droplet_bodipy_live_cell_dye,0,op_gfp_intensity_min_mean,3,46.390529461659554,55.13352966308594,1.1884651954371899
lipid_droplet_bodipy_live_cell_dye,1,op_gfp_intensity_min_median,3,43.332568817175876,53.727996826171875,1.239898724971863
lipid_droplet_bodipy_live_cell_dye,2,op_gfp_intensity_min_std,3,29.598808519516012,31.433767318725586,1.061994346765671
lipid_droplet_bodipy_live_cell_dye,3,op_gfp_intensity_min_sum,3,23498.731508427525,27196.2890625,1.1573513682109349
lipid_droplet_bodipy_live_cell_dye,4,op_gfp_intensity_min_min,3,26.688155322845812,30.451072692871094,1.1409957835041569
lipid_droplet_bodipy_live_cell_dye,5,op_gfp_intensity_min_max,3,127.62525892333984,129.0476837158203,1.01114532346089
lipid_droplet_bodipy_live_cell_dye,6,op_gfp_intensity_max_mean,3,72.59292510001504,84.62694549560547,1.165774011434455
lipid_droplet_bodipy_live_cell_dye,7,op_gfp_intensity_max_median,3,78.26739248074841,95.23212432861328,1.2167535075611178
lipid_droplet_bodipy_live_cell_dye,8,op_gfp_intensity_max_std,3,34.99529639618031,36.48200988769531,1.0424832375952466
lipid_droplet_bodipy_live_cell_dye,9,op_gfp_intensity_max_sum,3,38608.51147592125,44749.203125,1.159050204587879
lipid_droplet_bodipy_live_cell_dye,10,op_gfp_intensity_max_min,3,34.62048536330831,39.7808952331543,1.1490565431331337
lipid_droplet_bodipy_live_cell_dye,11,op_gfp_intensity_max_max,3,86.27093536714597,87.1800537109375,1.0105379446730531
lipid_droplet_bodipy_live_cell_dye,12,op_gfp_intensity_mean_mean,3,60.8989878647519,71.7981185913086,1.17897063824381
lipid_droplet_bodipy_live_cell_dye,13,op_gfp_intensity_mean_median,3,62.5336313565623,76.63577270507812,1.225512912693434
lipid_droplet_bodipy_live_cell_dye,14,op_gfp_intensity_mean_std,3,30.99087324772218,32.64844512939453,1.0534858075286466
lipid_droplet_bodipy_live_cell_dye,15,op_gfp_intensity_mean_sum,3,31281.085637067055,36114.98828125,1.154531166221895
lipid_droplet_bodipy_live_cell_dye,16,op_gfp_intensity_mean_min,3,30.670655635872397,35.384605407714844,1.1536957614407504
lipid_droplet_bodipy_live_cell_dye,17,op_gfp_intensity_mean_max,3,89.92304208468003,91.47787475585938,1.017290703640955
lipid_droplet_bodipy_live_cell_dye,18,op_gfp_intensity_range_mean,3,34.31377268966493,37.61638259887695,1.0962473563918766
lipid_droplet_bodipy_live_cell_dye,19,op_gfp_intensity_range_median,3,30.677950904500367,34.46416473388672,1.1234180809915477
lipid_droplet_bodipy_live_cell_dye,20,op_gfp_intensity_range_std,3,29.78930500979451,30.245038986206055,1.0152985769980771
lipid_droplet_bodipy_live_cell_dye,21,op_gfp_intensity_range_sum,3,15370.64968572508,17904.19140625,1.1648298394880376
lipid_droplet_bodipy_live_cell_dye,22,op_gfp_intensity_range_min,3,14.68792831406002,14.706955909729004,1.0012954580974343
lipid_droplet_bodipy_live_cell_dye,23,op_gfp_intensity_range_max,3,112.8315368186944,110.27252197265625,0.9773200390760417
lipid_droplet_bodipy_live_cell_dye,0,op_gfp_intensity_min_mean,4,46.390529461659554,55.034542083740234,1.1863314069140924
lipid_droplet_bodipy_live_cell_dye,1,op_gfp_intensity_min_median,4,43.332568817175876,53.659671783447266,1.238321965398414
lipid_droplet_bodipy_live_cell_dye,2,op_gfp_intensity_min_std,4,29.598808519516012,31.329456329345703,1.058470184997095
lipid_droplet_bodipy_live_cell_dye,3,op_gfp_intensity_min_sum,4,23498.731508427525,27374.650390625,1.164941621670405
lipid_droplet_bodipy_live_cell_dye,4,op_gfp_intensity_min_min,4,26.688155322845812,30.451257705688477,1.1410027158985148
lipid_droplet_bodipy_live_cell_dye,5,op_gfp_intensity_min_max,4,127.62525892333984,128.63746643066406,1.0079310907250125
lipid_droplet_bodipy_live_cell_dye,6,op_gfp_intensity_max_mean,4,72.59292510001504,83.98404693603516,1.1569177963324384
lipid_droplet_bodipy_live_cell_dye,7,op_gfp_intensity_max_median,4,78.26739248074841,94.40444946289062,1.2061785434606305
lipid_droplet_bodipy_live_cell_dye,8,op_gfp_intensity_max_std,4,34.99529639618031,36.21519088745117,1.0348588129519032
lipid_droplet_bodipy_live_cell_dye,9,op_gfp_intensity_max_sum,4,38608.51147592125,45082.453125,1.1676817209882933
lipid_droplet_bodipy_live_cell_dye,10,op_gfp_intensity_max_min,4,34.62048536330831,39.50516891479492,1.1410922897303897
lipid_droplet_bodipy_live_cell_dye,11,op_gfp_intensity_max_max,4,86.27093536714597,87.37454986572266,1.0127924253270235
lipid_droplet_bodipy_live_cell_dye,12,op_gfp_intensity_mean_mean,4,60.8989878647519,71.40127563476562,1.1724542252383214
lipid_droplet_bodipy_live_cell_dye,13,op_gfp_intensity_mean_median,4,62.5336313565623,76.22010040283203,1.2188657327163757
lipid_droplet_bodipy_live_cell_dye,14,op_gfp_intensity_mean_std,4,30.99087324772218,32.45417022705078,1.0472170295955165
lipid_droplet_bodipy_live_cell_dye,15,op_gfp_intensity_mean_sum,4,31281.085637067055,36376.30078125,1.1628848564688332
lipid_droplet_bodipy_live_cell_dye,16,op_gfp_intensity_mean_min,4,30.670655635872397,35.24184036254883,1.1490409850035932
lipid_droplet_bodipy_live_cell_dye,17,op_gfp_intensity_mean_max,4,89.92304208468003,91.48544311523438,1.0173748684912487
lipid_droplet_bodipy_live_cell_dye,18,op_gfp_intensity_range_mean,4,34.31377268966493,36.899627685546875,1.075359099078627
lipid_droplet_bodipy_live_cell_dye,19,op_gfp_intensity_range_median,4,30.677950904500367,33.66093444824219,1.09723542335105
lipid_droplet_bodipy_live_cell_dye,20,op_gfp_intensity_range_std,4,29.78930500979451,29.95441246032715,1.005542507637501
lipid_droplet_bodipy_live_cell_dye,21,op_gfp_intensity_range_sum,4,15370.64968572508,18081.115234375,1.1763403372056005
lipid_droplet_bodipy_live_cell_dye,22,op_gfp_intensity_range_min,4,14.68792831406002,14.544557571411133,0.9902388723866765
lipid_droplet_bodipy_live_cell_dye,23,op_gfp_intensity_range_max,4,112.8315368186944,110.54476928710938,0.9797329045047081
late_endosome_rab7a,0,op_gfp_intensity_min_mean,0,3.547277969277939,3.8505754470825195,1.0855014691353093
late_endosome_rab7a,1,op_gfp_intensity_min_median,0,3.6219132695152907,3.882270097732544,1.0718837831950891
late_endosome_rab7a,2,op_gfp_intensity_min_std,0,2.1510056394233525,2.2999770641326904,1.0692566406981967
late_endosome_rab7a,3,op_gfp_intensity_min_sum,0,4200.058330284506,5338.505859375,1.2710551710393454
late_endosome_rab7a,4,op_gfp_intensity_min_min,0,1.9309271589068122,2.2024035453796387,1.1405937998337141
late_endosome_rab7a,5,op_gfp_intensity_min_max,0,10.26931079140519,11.458137512207031,1.1157649958161575
late_endosome_rab7a,6,op_gfp_intensity_max_mean,0,8.575973929591116,9.788092613220215,1.141338895568085
late_endosome_rab7a,7,op_gfp_intensity_max_median,0,7.396600410063973,8.394938468933105,1.1349725554338141
late_endosome_rab7a,8,op_gfp_intensity_max_std,0,8.155558193579765,8.666370391845703,1.0626336280290491
late_endosome_rab7a,9,op_gfp_intensity_max_sum,0,5661.709181330323,7312.79541015625,1.2916232847618594
late_endosome_rab7a,10,op_gfp_intensity_max_min,0,2.7763601874252055,2.8170135021209717,1.0146426659191752
late_endosome_rab7a,11,op_gfp_intensity_max_max,0,43.20883278127524,46.680145263671875,1.0803380294943061
late_endosome_rab7a,12,op_gfp_intensity_mean_mean,0,5.740931022393859,6.495126724243164,1.1313716710595174
late_endosome_rab7a,13,op_gfp_intensity_mean_median,0,5.7007711791353985,6.289350986480713,1.1032456467467935
late_endosome_rab7a,14,op_gfp_intensity_mean_std,0,4.0276868484898305,4.453402042388916,1.1056971929331363
late_endosome_rab7a,15,op_gfp_intensity_mean_sum,0,4923.567511992035,6319.83837890625,1.2835892599245167
late_endosome_rab7a,16,op_gfp_intensity_mean_min,0,2.147259051410335,2.23349928855896,1.0401629403271029
late_endosome_rab7a,17,op_gfp_intensity_mean_max,0,18.77242966864641,21.646778106689453,1.1531154191960438
late_endosome_rab7a,18,op_gfp_intensity_range_mean,0,5.873094237736855,6.959056377410889,1.1849045998098098
late_endosome_rab7a,19,op_gfp_intensity_range_median,0,3.784923411931406,4.729757785797119,1.249631041644664
late_endosome_rab7a,20,op_gfp_intensity_range_std,0,7.720652121653832,8.037109375,1.0409884098337512
late_endosome_rab7a,21,op_gfp_intensity_range_sum,0,1583.7574391953247,2141.81396484375,1.3523623705483352
late_endosome_rab7a,22,op_gfp_intensity_range_min,0,2.0013117627119166,1.9467720985412598,0.9727480419658595
late_endosome_rab7a,23,op_gfp_intensity_range_max,0,43.26749384980573,45.87532043457031,1.060272189413538
late_endosome_rab7a,0,op_gfp_intensity_min_mean,1,3.547277969277939,3.8691937923431396,1.0907500979210625
late_endosome_rab7a,1,op_gfp_intensity_min_median,1,3.6219132695152907,3.8956210613250732,1.0755699464461257
late_endosome_rab7a,2,op_gfp_intensity_min_std,1,2.1510056394233525,2.3087143898010254,1.0733186131580537
late_endosome_rab7a,3,op_gfp_intensity_min_sum,1,4200.058330284506,5490.16015625,1.3071628354928357
late_endosome_rab7a,4,op_gfp_intensity_min_min,1,1.9309271589068122,2.2002389430999756,1.1394727827773852
late_endosome_rab7a,5,op_gfp_intensity_min_max,1,10.26931079140519,11.501385688781738,1.1199763959240305
late_endosome_rab7a,6,op_gfp_intensity_max_mean,1,8.575973929591116,9.775019645690918,1.1398145243845172
late_endosome_rab7a,7,op_gfp_intensity_max_median,1,7.396600410063973,8.42130184173584,1.13853681081347
late_endosome_rab7a,8,op_gfp_intensity_max_std,1,8.155558193579765,8.596063613891602,1.054012908725072
late_endosome_rab7a,9,op_gfp_intensity_max_sum,1,5661.709181330323,7507.83056640625,1.3260713904492964
late_endosome_rab7a,10,op_gfp_intensity_max_min,1,2.7763601874252055,2.823935031890869,1.0171356889070595
late_endosome_rab7a,11,op_gfp_intensity_max_max,1,43.20883278127524,46.4753303527832,1.075597912770361
late_endosome_rab7a,12,op_gfp_intensity_mean_mean,1,5.740931022393859,6.505506992340088,1.1331797868610194
late_endosome_rab7a,13,op_gfp_intensity_mean_median,1,5.7007711791353985,6.3092522621154785,1.1067366263019112
late_endosome_rab7a,14,op_gfp_intensity_mean_std,1,4.0276868484898305,4.435132026672363,1.1011610866260129
late_endosome_rab7a,15,op_gfp_intensity_mean_sum,1,4923.567511992035,6494.17822265625,1.3189985121233279
late_endosome_rab7a,16,op_gfp_intensity_mean_min,1,2.147259051410335,2.240816354751587,1.0435705711799435
late_endosome_rab7a,17,op_gfp_intensity_mean_max,1,18.77242966864641,21.61745262145996,1.1515532620460573
late_endosome_rab7a,18,op_gfp_intensity_range_mean,1,5.873094237736855,6.921658992767334,1.1785370219829019
late_endosome_rab7a,19,op_gfp_intensity_range_median,1,3.784923411931406,4.727605819702148,1.2490624789920655
late_endosome_rab7a,20,op_gfp_intensity_range_std,1,7.720652121653832,7.959256172180176,1.030904649862042
late_endosome_rab7a,21,op_gfp_intensity_range_sum,1,1583.7574391953247,2182.33740234375,1.3779492669360731
late_endosome_rab7a,22,op_gfp_intensity_range_min,1,2.0013117627119166,1.946763038635254,0.9727435149820209
late_endosome_rab7a,23,op_gfp_intensity_range_max,1,43.26749384980573,45.64667892456055,1.0549878179451222
late_endosome_rab7a,0,op_gfp_intensity_min_mean,2,3.547277969277939,3.868251085281372,1.0904843428632598
late_endosome_rab7a,1,op_gfp_intensity_min_median,2,3.6219132695152907,3.894562244415283,1.0752776100948658
late_endosome_rab7a,2,op_gfp_intensity_min_std,2,2.1510056394233525,2.3086800575256348,1.0733026521234748
late_endosome_rab7a,3,op_gfp_intensity_min_sum,2,4200.058330284506,5605.890625,1.334717326323481
late_endosome_rab7a,4,op_gfp_intensity_min_min,2,1.9309271589068122,2.1989784240722656,1.1388199777133021
late_endosome_rab7a,5,op_gfp_intensity_min_max,2,10.26931079140519,11.560054779052734,1.12568944633829
late_endosome_rab7a,6,op_gfp_intensity_max_mean,2,8.575973929591116,9.785181045532227,1.1409993927067317
late_endosome_rab7a,7,op_gfp_intensity_max_median,2,7.396600410063973,8.422731399536133,1.1387300830900617
late_endosome_rab7a,8,op_gfp_intensity_max_std,2,8.155558193579765,8.585734367370605,1.0527463802697754
late_endosome_rab7a,9,op_gfp_intensity_max_sum,2,5661.709181330323,7659.82080078125,1.3529166821283876
late_endosome_rab7a,10,op_gfp_intensity_max_min,2,2.7763601874252055,2.823960304260254,1.017144791605441
late_endosome_rab7a,11,op_gfp_intensity_max_max,2,43.20883278127524,46.36056900024414,1.0729419430263971
late_endosome_rab7a,12,op_gfp_intensity_mean_mean,2,5.740931022393859,6.512365818023682,1.1343745104445009
late_endosome_rab7a,13,op_gfp_intensity_mean_median,2,5.7007711791353985,6.308774471282959,1.106652814688095
late_endosome_rab7a,14,op_gfp_intensity_mean_std,2,4.0276868484898305,4.438788414001465,1.1020688998365837
late_endosome_rab7a,15,op_gfp_intensity_mean_sum,2,4923.567511992035,6628.97265625,1.34637590326612
late_endosome_rab7a,16,op_gfp_intensity_mean_min,2,2.147259051410335,2.2467167377471924,1.0463184385095654
late_endosome_rab7a,17,op_gfp_intensity_mean_max,2,18.77242966864641,21.610109329223633,1.151162087735329
late_endosome_rab7a,18,op_gfp_intensity_range_mean,2,5.873094237736855,6.921878337860107,1.178574369432797
late_endosome_rab7a,19,op_gfp_intensity_range_median,2,3.784923411931406,4.726602077484131,1.2487972841363775
late_endosome_rab7a,20,op_gfp_intensity_range_std,2,7.720652121653832,7.945320129394531,1.0290996154470657
late_endosome_rab7a,21,op_gfp_intensity_range_sum,2,1583.7574391953247,2213.73583984375,1.397774548714041
late_endosome_rab7a,22,op_gfp_intensity_range_min,2,2.0013117627119166,1.9536985158920288,0.9762089806760699
late_endosome_rab7a,23,op_gfp_intensity_range_max,2,43.26749384980573,45.55173110961914,1.052793380354838
late_endosome_rab7a,0,op_gfp_intensity_min_mean,3,3.547277969277939,3.8310749530792236,1.0800041570632968
late_endosome_rab7a,1,op_gfp_intensity_min_median,3,3.6219132695152907,3.8632233142852783,1.0666250202071463
late_endosome_rab7a,2,op_gfp_intensity_min_std,3,2.1510056394233525,2.3024516105651855,1.070407054433587
late_endosome_rab7a,3,op_gfp_intensity_min_sum,3,4200.058330284506,5457.99072265625,1.2995035529153076
late_endosome_rab7a,4,op_gfp_intensity_min_min,3,1.9309271589068122,2.1823697090148926,1.1302185579338133
late_endosome_rab7a,5,op_gfp_intensity_min_max,3,10.26931079140519,11.516523361206055,1.1214504648982586
late_endosome_rab7a,6,op_gfp_intensity_max_mean,3,8.575973929591116,9.748625755310059,1.1367368692286652
late_endosome_rab7a,7,op_gfp_intensity_max_median,3,7.396600410063973,8.359553337097168,1.1301885830851401
late_endosome_rab7a,8,op_gfp_intensity_max_std,3,8.155558193579765,8.616299629211426,1.056494163206924
late_endosome_rab7a,9,op_gfp_intensity_max_sum,3,5661.709181330323,7418.09814453125,1.310222391675058
late_endosome_rab7a,10,op_gfp_intensity_max_min,3,2.7763601874252055,2.78851056098938,1.0043763678859847
late_endosome_rab7a,11,op_gfp_intensity_max_max,3,43.20883278127524,46.52251052856445,1.0766898232142297
late_endosome_rab7a,12,op_gfp_intensity_mean_mean,3,5.740931022393859,6.472034454345703,1.1273492799512836
late_endosome_rab7a,13,op_gfp_intensity_mean_median,3,5.7007711791353985,6.267928600311279,1.099487841794397
late_endosome_rab7a,14,op_gfp_intensity_mean_std,3,4.0276868484898305,4.440857887268066,1.1025827116954618
late_endosome_rab7a,15,op_gfp_intensity_mean_sum,3,4923.567511992035,6434.51806640625,1.3068812503807623
late_endosome_rab7a,16,op_gfp_intensity_mean_min,3,2.147259051410335,2.2221052646636963,1.034856629526932
late_endosome_rab7a,17,op_gfp_intensity_mean_max,3,18.77242966864641,21.5927791595459,1.1502389163620104
late_endosome_rab7a,18,op_gfp_intensity_range_mean,3,5.873094237736855,6.9134440422058105,1.1771382787942195
late_endosome_rab7a,19,op_gfp_intensity_range_median,3,3.784923411931406,4.684751033782959,1.2377399814788803
late_endosome_rab7a,20,op_gfp_intensity_range_std,3,7.720652121653832,7.982415676116943,1.0339043322168282
late_endosome_rab7a,21,op_gfp_intensity_range_sum,3,1583.7574391953247,2116.1181640625,1.3361377895958975
late_endosome_rab7a,22,op_gfp_intensity_range_min,3,2.0013117627119166,1.9555343389511108,0.977126290559161
late_endosome_rab7a,23,op_gfp_intensity_range_max,3,43.26749384980573,45.72064971923828,1.056697433827533
late_endosome_rab7a,0,op_gfp_intensity_min_mean,4,3.547277969277939,3.810427188873291,1.074183422295749
late_endosome_rab7a,1,op_gfp_intensity_min_median,4,3.6219132695152907,3.841796398162842,1.060709109325795
late_endosome_rab7a,2,op_gfp_intensity_min_std,4,2.1510056394233525,2.2884716987609863,1.0639078098254016
late_endosome_rab7a,3,op_gfp_intensity_min_sum,4,4200.058330284506,5314.90087890625,1.265435015648039
late_endosome_rab7a,4,op_gfp_intensity_min_min,4,1.9309271589068122,2.1879079341888428,1.1330867268071982
late_endosome_rab7a,5,op_gfp_intensity_min_max,4,10.26931079140519,11.409309387207031,1.1110102341781256
late_endosome_rab7a,6,op_gfp_intensity_max_mean,4,8.575973929591116,9.705381393432617,1.1316943676734508
late_endosome_rab7a,7,op_gfp_intensity_max_median,4,7.396600410063973,8.312882423400879,1.1238788041179286
late_endosome_rab7a,8,op_gfp_intensity_max_std,4,8.155558193579765,8.599843978881836,1.0544764410671268
late_endosome_rab7a,9,op_gfp_intensity_max_sum,4,5661.709181330323,7237.12939453125,1.2782587665215883
late_endosome_rab7a,10,op_gfp_intensity_max_min,4,2.7763601874252055,2.7922282218933105,1.0057154091677207
late_endosome_rab7a,11,op_gfp_intensity_max_max,4,43.20883278127524,46.3367805480957,1.0723913969778878
late_endosome_rab7a,12,op_gfp_intensity_mean_mean,4,5.740931022393859,6.440317630767822,1.121824597028921
late_endosome_rab7a,13,op_gfp_intensity_mean_median,4,5.7007711791353985,6.230381488800049,1.0929015203421957
late_endosome_rab7a,14,op_gfp_intensity_mean_std,4,4.0276868484898305,4.433178424835205,1.1006760434956389
late_endosome_rab7a,15,op_gfp_intensity_mean_sum,4,4923.567511992035,6271.68359375,1.2738087938216425
late_endosome_rab7a,16,op_gfp_intensity_mean_min,4,2.147259051410335,2.2201619148254395,1.033951592085371
late_endosome_rab7a,17,op_gfp_intensity_mean_max,4,18.77242966864641,21.522375106811523,1.1464885199574382
late_endosome_rab7a,18,op_gfp_intensity_range_mean,4,5.873094237736855,6.898290157318115,1.1745580571471148
late_endosome_rab7a,19,op_gfp_intensity_range_median,4,3.784923411931406,4.675660133361816,1.2353381097811638
late_endosome_rab7a,20,op_gfp_intensity_range_std,4,7.720652121653832,7.963765621185303,1.031488726042923
late_endosome_rab7a,21,op_gfp_intensity_range_sum,4,1583.7574391953247,2082.746337890625,1.31506649083134
late_endosome_rab7a,22,op_gfp_intensity_range_min,4,2.0013117627119166,1.9568960666656494,0.9778067081432226
late_endosome_rab7a,23,op_gfp_intensity_range_max,4,43.26749384980573,45.519439697265625,1.0520470599771057
actin_filament_fastact_spy555_live_cell_dye,0,op_mcherry_intensity_min_mean,0,14.586913365847305,20.204248428344727,1.3850941540277757
actin_filament_fastact_spy555_live_cell_dye,1,op_mcherry_intensity_min_median,0,14.618037845193445,20.443546295166016,1.3985150751191997
actin_filament_fastact_spy555_live_cell_dye,2,op_mcherry_intensity_min_std,0,5.720540747037643,7.027988433837891,1.2285531638730662
actin_filament_fastact_spy555_live_cell_dye,3,op_mcherry_intensity_min_sum,0,5779.295093356732,7360.240234375,1.273553282101057
actin_filament_fastact_spy555_live_cell_dye,4,op_mcherry_intensity_min_min,0,10.509116757570418,14.326699256896973,1.363263877202287
actin_filament_fastact_spy555_live_cell_dye,5,op_mcherry_intensity_min_max,0,29.956454539492253,36.89561080932617,1.2316414401005258
actin_filament_fastact_spy555_live_cell_dye,6,op_mcherry_intensity_max_mean,0,26.909229403911443,29.639684677124023,1.1014690994018466
actin_filament_fastact_spy555_live_cell_dye,7,op_mcherry_intensity_max_median,0,20.88990102986405,26.134634017944336,1.2510654780308654
actin_filament_fastact_spy555_live_cell_dye,8,op_mcherry_intensity_max_std,0,37.972860337358455,40.51564025878906,1.0669630862368555
actin_filament_fastact_spy555_live_cell_dye,9,op_mcherry_intensity_max_sum,0,8593.878635796495,10567.3076171875,1.2296319351277534
actin_filament_fastact_spy555_live_cell_dye,10,op_mcherry_intensity_max_min,0,14.26276485278103,17.77994155883789,1.2465985201579666
actin_filament_fastact_spy555_live_cell_dye,11,op_mcherry_intensity_max_max,0,227.19059848134987,235.5076141357422,1.0366080978261742
actin_filament_fastact_spy555_live_cell_dye,12,op_mcherry_intensity_mean_mean,0,17.968887380156495,22.769939422607422,1.267186940453133
actin_filament_fastact_spy555_live_cell_dye,13,op_mcherry_intensity_mean_median,0,17.719788550517244,23.23908233642578,1.3114762780703402
actin_filament_fastact_spy555_live_cell_dye,14,op_mcherry_intensity_mean_std,0,11.9999854935072,12.847829818725586,1.0706537791797437
actin_filament_fastact_spy555_live_cell_dye,15,op_mcherry_intensity_mean_sum,0,6846.637529706895,8612.005859375,1.2578445729028802
actin_filament_fastact_spy555_live_cell_dye,16,op_mcherry_intensity_mean_min,0,12.492153464846488,16.36211585998535,1.3097914547743206
actin_filament_fastact_spy555_live_cell_dye,17,op_mcherry_intensity_mean_max,0,78.86930125412454,81.97673034667969,1.0393997289584538
actin_filament_fastact_spy555_live_cell_dye,18,op_mcherry_intensity_range_mean,0,17.61032291558043,19.3337459564209,1.09786436336813
actin_filament_fastact_spy555_live_cell_dye,19,op_mcherry_intensity_range_median,0,7.079561041682002,7.638141632080078,1.0789004554250394
actin_filament_fastact_spy555_live_cell_dye,20,op_mcherry_intensity_range_std,0,37.62843731613919,40.30087661743164,1.071021798722059
actin_filament_fastact_spy555_live_cell_dye,21,op_mcherry_intensity_range_sum,0,2981.9450459618624,3446.879638671875,1.1559165529692188
actin_filament_fastact_spy555_live_cell_dye,22,op_mcherry_intensity_range_min,0,4.628995753076006,4.402268409729004,0.9510201876516435
actin_filament_fastact_spy555_live_cell_dye,23,op_mcherry_intensity_range_max,0,221.79383311168698,233.1015625,1.0509830649016236
actin_filament_fastact_spy555_live_cell_dye,0,op_mcherry_intensity_min_mean,1,14.586913365847305,20.21907615661621,1.3861106629971236
actin_filament_fastact_spy555_live_cell_dye,1,op_mcherry_intensity_min_median,1,14.618037845193445,20.48805809020996,1.4015600662127603
actin_filament_fastact_spy555_live_cell_dye,2,op_mcherry_intensity_min_std,1,5.720540747037643,7.051529884338379,1.2326684130324537
actin_filament_fastact_spy555_live_cell_dye,3,op_mcherry_intensity_min_sum,1,5779.295093356732,7442.91748046875,1.287859048593027
actin_filament_fastact_spy555_live_cell_dye,4,op_mcherry_intensity_min_min,1,10.509116757570418,14.286758422851562,1.3594632881550066
actin_filament_fastact_spy555_live_cell_dye,5,op_mcherry_intensity_min_max,1,29.956454539492253,37.05841064453125,1.2370759896060575
actin_filament_fastact_spy555_live_cell_dye,6,op_mcherry_intensity_max_mean,1,26.909229403911443,29.662418365478516,1.1023139280668839
actin_filament_fastact_spy555_live_cell_dye,7,op_mcherry_intensity_max_median,1,20.88990102986405,26.124588012695312,1.2505845755491036
actin_filament_fastact_spy555_live_cell_dye,8,op_mcherry_intensity_max_std,1,37.972860337358455,40.675655364990234,1.0711770196824681
actin_filament_fastact_spy555_live_cell_dye,9,op_mcherry_intensity_max_sum,1,8593.878635796495,10688.5048828125,1.243734678575883
actin_filament_fastact_spy555_live_cell_dye,10,op_mcherry_intensity_max_min,1,14.26276485278103,17.729312896728516,1.2430488113440052
actin_filament_fastact_spy555_live_cell_dye,11,op_mcherry_intensity_max_max,1,227.19059848134987,235.85061645507812,1.0381178536066895
actin_filament_fastact_spy555_live_cell_dye,12,op_mcherry_intensity_mean_mean,1,17.968887380156495,22.772659301757812,1.2673383064833634
actin_filament_fastact_spy555_live_cell_dye,13,op_mcherry_intensity_mean_median,1,17.719788550517244,23.232547760009766,1.311107505249074
actin_filament_fastact_spy555_live_cell_dye,14,op_mcherry_intensity_mean_std,1,11.9999854935072,12.907752990722656,1.075647382882806
actin_filament_fastact_spy555_live_cell_dye,15,op_mcherry_intensity_mean_sum,1,6846.637529706895,8708.4951171875,1.2719375137652877
actin_filament_fastact_spy555_live_cell_dye,16,op_mcherry_intensity_mean_min,1,12.492153464846488,16.33036994934082,1.3072501867108226
actin_filament_fastact_spy555_live_cell_dye,17,op_mcherry_intensity_mean_max,1,78.86930125412454,82.18655395507812,1.0420601253999333
actin_filament_fastact_spy555_live_cell_dye,18,op_mcherry_intensity_range_mean,1,17.61032291558043,19.3941707611084,1.1012955783990617
actin_filament_fastact_spy555_live_cell_dye,19,op_mcherry_intensity_range_median,1,7.079561041682002,7.673567771911621,1.0839044577385961
actin_filament_fastact_spy555_live_cell_dye,20,op_mcherry_intensity_range_std,1,37.62843731613919,40.45935821533203,1.0752335494405088
actin_filament_fastact_spy555_live_cell_dye,21,op_mcherry_intensity_range_sum,1,2981.9450459618624,3487.65087890625,1.1695892530377823
actin_filament_fastact_spy555_live_cell_dye,22,op_mcherry_intensity_range_min,1,4.628995753076006,4.399327754974365,0.950384919245384
actin_filament_fastact_spy555_live_cell_dye,23,op_mcherry_intensity_range_max,1,221.79383311168698,233.46578979492188,1.0526252534594023
actin_filament_fastact_spy555_live_cell_dye,0,op_mcherry_intensity_min_mean,2,14.586913365847305,20.317703247070312,1.3928720036577886
actin_filament_fastact_spy555_live_cell_dye,1,op_mcherry_intensity_min_median,2,14.618037845193445,20.591161727905273,1.4086132452226376
actin_filament_fastact_spy555_live_cell_dye,2,op_mcherry_intensity_min_std,2,5.720540747037643,7.08892822265625,1.2392059660316588
actin_filament_fastact_spy555_live_cell_dye,3,op_mcherry_intensity_min_sum,2,5779.295093356732,7496.853515625,1.2971916807367376
actin_filament_fastact_spy555_live_cell_dye,4,op_mcherry_intensity_min_min,2,10.509116757570418,14.325571060180664,1.36315652310752
actin_filament_fastact_spy555_live_cell_dye,5,op_mcherry_intensity_min_max,2,29.956454539492253,37.135765075683594,1.239658218789767
actin_filament_fastact_spy555_live_cell_dye,6,op_mcherry_intensity_max_mean,2,26.909229403911443,29.739498138427734,1.1051783643460593
actin_filament_fastact_spy555_live_cell_dye,7,op_mcherry_intensity_max_median,2,20.88990102986405,26.238492965698242,1.2560372080359732
actin_filament_fastact_spy555_live_cell_dye,8,op_mcherry_intensity_max_std,2,37.972860337358455,40.682899475097656,1.0713677904077459
actin_filament_fastact_spy555_live_cell_dye,9,op_mcherry_intensity_max_sum,2,8593.878635796495,10785.5029296875,1.2550215550824895
actin_filament_fastact_spy555_live_cell_dye,10,op_mcherry_intensity_max_min,2,14.26276485278103,17.781213760375977,1.2466877175577147
actin_filament_fastact_spy555_live_cell_dye,11,op_mcherry_intensity_max_max,2,227.19059848134987,236.022705078125,1.0388753172702265
actin_filament_fastact_spy555_live_cell_dye,12,op_mcherry_intensity_mean_mean,2,17.968887380156495,22.879404067993164,1.2732788393598302
actin_filament_fastact_spy555_live_cell_dye,13,op_mcherry_intensity_mean_median,2,17.719788550517244,23.325374603271484,1.3163461029330743
actin_filament_fastact_spy555_live_cell_dye,14,op_mcherry_intensity_mean_std,2,11.9999854935072,12.949051856994629,1.0790889592325705
actin_filament_fastact_spy555_live_cell_dye,15,op_mcherry_intensity_mean_sum,2,6846.637529706895,8776.515625,1.2818723916549621
actin_filament_fastact_spy555_live_cell_dye,16,op_mcherry_intensity_mean_min,2,12.492153464846488,16.382192611694336,1.3113986037551173
actin_filament_fastact_spy555_live_cell_dye,17,op_mcherry_intensity_mean_max,2,78.86930125412454,82.57650756835938,1.0470044270113394
actin_filament_fastact_spy555_live_cell_dye,18,op_mcherry_intensity_range_mean,2,17.61032291558043,19.39349937438965,1.1012574537876068
actin_filament_fastact_spy555_live_cell_dye,19,op_mcherry_intensity_range_median,2,7.079561041682002,7.641716957092285,1.0794054761447078
actin_filament_fastact_spy555_live_cell_dye,20,op_mcherry_intensity_range_std,2,37.62843731613919,40.45940017700195,1.075234664598961
actin_filament_fastact_spy555_live_cell_dye,21,op_mcherry_intensity_range_sum,2,2981.9450459618624,3537.28271484375,1.186233367926724
actin_filament_fastact_spy555_live_cell_dye,22,op_mcherry_intensity_range_min,2,4.628995753076006,4.385083198547363,0.9473076737288946
actin_filament_fastact_spy555_live_cell_dye,23,op_mcherry_intensity_range_max,2,221.79383311168698,233.65164184570312,1.0534632030460693
actin_filament_fastact_spy555_live_cell_dye,0,op_mcherry_intensity_min_mean,3,14.586913365847305,20.20086669921875,1.384862320942793
actin_filament_fastact_spy555_live_cell_dye,1,op_mcherry_intensity_min_median,3,14.618037845193445,20.457530975341797,1.3994717479862344
actin_filament_fastact_spy555_live_cell_dye,2,op_mcherry_intensity_min_std,3,5.720540747037643,7.153500080108643,1.2504936852015347
actin_filament_fastact_spy555_live_cell_dye,3,op_mcherry_intensity_min_sum,3,5779.295093356732,7403.583984375,1.2810531154371023
actin_filament_fastact_spy555_live_cell_dye,4,op_mcherry_intensity_min_min,3,10.509116757570418,14.24622917175293,1.3556067080033554
actin_filament_fastact_spy555_live_cell_dye,5,op_mcherry_intensity_min_max,3,29.956454539492253,37.296836853027344,1.245035082634966
actin_filament_fastact_spy555_live_cell_dye,6,op_mcherry_intensity_max_mean,3,26.909229403911443,29.606090545654297,1.1002206752658197
actin_filament_fastact_spy555_live_cell_dye,7,op_mcherry_intensity_max_median,3,20.88990102986405,26.00966453552246,1.2450831862888787
actin_filament_fastact_spy555_live_cell_dye,8,op_mcherry_intensity_max_std,3,37.972860337358455,40.62576675415039,1.0698632231868495
actin_filament_fastact_spy555_live_cell_dye,9,op_mcherry_intensity_max_sum,3,8593.878635796495,10644.6240234375,1.2386286186424529
actin_filament_fastact_spy555_live_cell_dye,10,op_mcherry_intensity_max_min,3,14.26276485278103,17.6574649810791,1.238011364790618
actin_filament_fastact_spy555_live_cell_dye,11,op_mcherry_intensity_max_max,3,227.19059848134987,235.98521423339844,1.038710297920935
actin_filament_fastact_spy555_live_cell_dye,12,op_mcherry_intensity_mean_mean,3,17.968887380156495,22.72884178161621,1.2648997848757322
actin_filament_fastact_spy555_live_cell_dye,13,op_mcherry_intensity_mean_median,3,17.719788550517244,23.16799545288086,1.3074645550555728
actin_filament_fastact_spy555_live_cell_dye,14,op_mcherry_intensity_mean_std,3,11.9999854935072,12.912446022033691,1.0760384692981666
actin_filament_fastact_spy555_live_cell_dye,15,op_mcherry_intensity_mean_sum,3,6846.637529706895,8667.611328125,1.2659661462312086
actin_filament_fastact_spy555_live_cell_dye,16,op_mcherry_intensity_mean_min,3,12.492153464846488,16.278087615966797,1.303064972886709
actin_filament_fastact_spy555_live_cell_dye,17,op_mcherry_intensity_mean_max,3,78.86930125412454,82.69435119628906,1.0484985904698185
actin_filament_fastact_spy555_live_cell_dye,18,op_mcherry_intensity_range_mean,3,17.61032291558043,19.329391479492188,1.09761709493645
actin_filament_fastact_spy555_live_cell_dye,19,op_mcherry_intensity_range_median,3,7.079561041682002,7.446683883666992,1.0518567238595018
actin_filament_fastact_spy555_live_cell_dye,20,op_mcherry_intensity_range_std,3,37.62843731613919,40.39210510253906,1.0734462545755123
actin_filament_fastact_spy555_live_cell_dye,21,op_mcherry_intensity_range_sum,3,2981.9450459618624,3489.135986328125,1.1700872861668254
actin_filament_fastact_spy555_live_cell_dye,22,op_mcherry_intensity_range_min,3,4.628995753076006,4.330129623413086,0.9354360760723703
actin_filament_fastact_spy555_live_cell_dye,23,op_mcherry_intensity_range_max,3,221.79383311168698,233.57119750976562,1.0531005043415613
actin_filament_fastact_spy555_live_cell_dye,0,op_mcherry_intensity_min_mean,4,14.586913365847305,20.007736206054688,1.3716223373821692
actin_filament_fastact_spy555_live_cell_dye,1,op_mcherry_intensity_min_median,4,14.618037845193445,20.2218017578125,1.3833458342332605
actin_filament_fastact_spy555_live_cell_dye,2,op_mcherry_intensity_min_std,4,5.720540747037643,6.9686198234558105,1.2181750172943842
actin_filament_fastact_spy555_live_cell_dye,3,op_mcherry_intensity_min_sum,4,5779.295093356732,7334.826171875,1.2691558491806973
actin_filament_fastact_spy555_live_cell_dye,4,op_mcherry_intensity_min_min,4,10.509116757570418,14.237896919250488,1.3548138485562053
actin_filament_fastact_spy555_live_cell_dye,5,op_mcherry_intensity_min_max,4,29.956454539492253,36.70480728149414,1.2252720772782169
actin_filament_fastact_spy555_live_cell_dye,6,op_mcherry_intensity_max_mean,4,26.909229403911443,29.43600845336914,1.093900089502021
actin_filament_fastact_spy555_live_cell_dye,7,op_mcherry_intensity_max_median,4,20.88990102986405,25.855913162231445,1.2377231048279271
actin_filament_fastact_spy555_live_cell_dye,8,op_mcherry_intensity_max_std,4,37.972860337358455,40.469970703125,1.0657603968619092
actin_filament_fastact_spy555_live_cell_dye,9,op_mcherry_intensity_max_sum,4,8593.878635796495,10553.2451171875,1.2279955959849795
actin_filament_fastact_spy555_live_cell_dye,10,op_mcherry_intensity_max_min,4,14.26276485278103,17.63908576965332,1.236722749882114
actin_filament_fastact_spy555_live_cell_dye,11,op_mcherry_intensity_max_max,4,227.19059848134987,235.4724884033203,1.0364534887329429
actin_filament_fastact_spy555_live_cell_dye,12,op_mcherry_intensity_mean_mean,4,17.968887380156495,22.527725219726562,1.2537072965688743
actin_filament_fastact_spy555_live_cell_dye,13,op_mcherry_intensity_mean_median,4,17.719788550517244,22.994659423828125,1.2976824953792638
actin_filament_fastact_spy555_live_cell_dye,14,op_mcherry_intensity_mean_std,4,11.9999854935072,12.744572639465332,1.0620490038392967
actin_filament_fastact_spy555_live_cell_dye,15,op_mcherry_intensity_mean_sum,4,6846.637529706895,8588.2890625,1.254380566407415
actin_filament_fastact_spy555_live_cell_dye,16,op_mcherry_intensity_mean_min,4,12.492153464846488,16.254146575927734,1.3011484866614609
actin_filament_fastact_spy555_live_cell_dye,17,op_mcherry_intensity_mean_max,4,78.86930125412454,81.92427825927734,1.0387346782154108
actin_filament_fastact_spy555_live_cell_dye,18,op_mcherry_intensity_range_mean,4,17.61032291558043,19.30910301208496,1.0964650168340506
actin_filament_fastact_spy555_live_cell_dye,19,op_mcherry_intensity_range_median,4,7.079561041682002,7.591162204742432,1.0722645316635169
actin_filament_fastact_spy555_live_cell_dye,20,op_mcherry_intensity_range_std,4,37.62843731613919,40.26097106933594,1.0699612830338725
actin_filament_fastact_spy555_live_cell_dye,21,op_mcherry_intensity_range_sum,4,2981.9450459618624,3465.3505859375,1.162110814426397
actin_filament_fastact_spy555_live_cell_dye,22,op_mcherry_intensity_range_min,4,4.628995753076006,4.357119083404541,0.9412665977300151
actin_filament_fastact_spy555_live_cell_dye,23,op_mcherry_intensity_range_max,4,221.79383311168698,233.0865478515625,1.050915368481814
plasma_membrane_slc3a2,0,op_gfp_intensity_min_mean,0,12.83048628714997,13.239039421081543,1.0318423732965405
plasma_membrane_slc3a2,1,op_gfp_intensity_min_median,0,12.731770309556152,13.140704154968262,1.0321191661072595
plasma_membrane_slc3a2,2,op_gfp_intensity_min_std,0,4.577914149873392,4.411913871765137,0.9637388835452831
plasma_membrane_slc3a2,3,op_gfp_intensity_min_sum,0,531.8720020004836,605.4061279296875,1.1382553051347437
plasma_membrane_slc3a2,4,op_gfp_intensity_min_min,0,11.316078441400403,11.533438682556152,1.019208088940116
plasma_membrane_slc3a2,5,op_gfp_intensity_min_max,0,17.966688621110436,18.323883056640625,1.0198809275912142
plasma_membrane_slc3a2,6,op_gfp_intensity_max_mean,0,27.224265452371863,28.072021484375,1.0311397210509228
plasma_membrane_slc3a2,7,op_gfp_intensity_max_median,0,25.624919401438973,26.322715759277344,1.0272311630294995
plasma_membrane_slc3a2,8,op_gfp_intensity_max_std,0,17.800496143291166,17.745399475097656,0.996904767836245
plasma_membrane_slc3a2,9,op_gfp_intensity_max_sum,0,736.5934711193515,837.2846069335938,1.1366983821635408
plasma_membrane_slc3a2,10,op_gfp_intensity_max_min,0,18.92728158135783,19.701906204223633,1.0409263538208657
plasma_membrane_slc3a2,11,op_gfp_intensity_max_max,0,49.42353750556037,51.54963302612305,1.04301787423297
plasma_membrane_slc3a2,12,op_gfp_intensity_mean_mean,0,17.934984104802673,18.62386131286621,1.0384096915859027
plasma_membrane_slc3a2,13,op_gfp_intensity_mean_median,0,17.98905692644727,18.621976852416992,1.0351836079321763
plasma_membrane_slc3a2,14,op_gfp_intensity_mean_std,0,6.09702293383466,6.0913214683532715,0.9990648771468861
plasma_membrane_slc3a2,15,op_gfp_intensity_mean_sum,0,625.7213910247447,711.6027221679688,1.1372517103859532
plasma_membrane_slc3a2,16,op_gfp_intensity_mean_min,0,15.348938372765213,15.785100936889648,1.0284164646134974
plasma_membrane_slc3a2,17,op_gfp_intensity_mean_max,0,23.581774592499066,24.601089477539062,1.0432246895178203
plasma_membrane_slc3a2,18,op_gfp_intensity_range_mean,0,17.33510714444659,17.585002899169922,1.01441558754965
plasma_membrane_slc3a2,19,op_gfp_intensity_range_median,0,15.895061126769063,16.029508590698242,1.0084584427110352
plasma_membrane_slc3a2,20,op_gfp_intensity_range_std,0,18.689144883961685,18.697608947753906,1.0004528866272253
plasma_membrane_slc3a2,21,op_gfp_intensity_range_sum,0,219.75903613461503,247.21034240722656,1.1249154835926567
plasma_membrane_slc3a2,22,op_gfp_intensity_range_min,0,9.174221679675556,9.550296783447266,1.0409925895517502
plasma_membrane_slc3a2,23,op_gfp_intensity_range_max,0,43.16677879828113,44.94758605957031,1.0412541151057604
plasma_membrane_slc3a2,0,op_gfp_intensity_min_mean,1,12.83048628714997,13.296981811523438,1.0363583666225242
plasma_membrane_slc3a2,1,op_gfp_intensity_min_median,1,12.731770309556152,13.211921691894531,1.0377128530176192
plasma_membrane_slc3a2,2,op_gfp_intensity_min_std,1,4.577914149873392,4.505815505981445,0.9842507654072237
plasma_membrane_slc3a2,3,op_gfp_intensity_min_sum,1,531.8720020004836,605.4182739257812,1.1382781414488345
plasma_membrane_slc3a2,4,op_gfp_intensity_min_min,1,11.316078441400403,11.555654525756836,1.0211712993681568
plasma_membrane_slc3a2,5,op_gfp_intensity_min_max,1,17.966688621110436,18.443037033081055,1.0265128662279437
plasma_membrane_slc3a2,6,op_gfp_intensity_max_mean,1,27.224265452371863,28.231943130493164,1.037013952860701
plasma_membrane_slc3a2,7,op_gfp_intensity_max_median,1,25.624919401438973,26.446487426757812,1.0320612920746477
plasma_membrane_slc3a2,8,op_gfp_intensity_max_std,1,17.800496143291166,17.9100284576416,1.0061533292931117
plasma_membrane_slc3a2,9,op_gfp_intensity_max_sum,1,736.5934711193515,837.1715087890625,1.1365448400144917
plasma_membrane_slc3a2,10,op_gfp_intensity_max_min,1,18.92728158135783,19.72403907775879,1.0420957173895335
plasma_membrane_slc3a2,11,op_gfp_intensity_max_max,1,49.42353750556037,51.79702377319336,1.0480233991216426
plasma_membrane_slc3a2,12,op_gfp_intensity_mean_mean,1,17.934984104802673,18.709197998046875,1.0431678048176736
plasma_membrane_slc3a2,13,op_gfp_intensity_mean_median,1,17.98905692644727,18.699670791625977,1.039502563590978
plasma_membrane_slc3a2,14,op_gfp_intensity_mean_std,1,6.09702293383466,6.166647911071777,1.0114195039107927
plasma_membrane_slc3a2,15,op_gfp_intensity_mean_sum,1,625.7213910247447,711.5689086914062,1.1371976711968708
plasma_membrane_slc3a2,16,op_gfp_intensity_mean_min,1,15.348938372765213,15.841626167297363,1.0320991447464773
plasma_membrane_slc3a2,17,op_gfp_intensity_mean_max,1,23.581774592499066,24.763622283935547,1.0501169955128147
plasma_membrane_slc3a2,18,op_gfp_intensity_range_mean,1,17.33510714444659,17.681419372558594,1.0199775072185204
plasma_membrane_slc3a2,19,op_gfp_intensity_range_median,1,15.895061126769063,16.068374633789062,1.0109036074562885
plasma_membrane_slc3a2,20,op_gfp_intensity_range_std,1,18.689144883961685,18.890174865722656,1.010756510424053
plasma_membrane_slc3a2,21,op_gfp_intensity_range_sum,1,219.75903613461503,247.14346313476562,1.1246111535699312
plasma_membrane_slc3a2,22,op_gfp_intensity_range_min,1,9.174221679675556,9.47164535522461,1.03241949954272
plasma_membrane_slc3a2,23,op_gfp_intensity_range_max,1,43.16677879828113,45.14176940917969,1.045752559395912
plasma_membrane_slc3a2,0,op_gfp_intensity_min_mean,2,12.83048628714997,13.284037590026855,1.035349502172114
plasma_membrane_slc3a2,1,op_gfp_intensity_min_median,2,12.731770309556152,13.215938568115234,1.0380283532287475
plasma_membrane_slc3a2,2,op_gfp_intensity_min_std,2,4.577914149873392,4.513278007507324,0.9858808749465398
plasma_membrane_slc3a2,3,op_gfp_intensity_min_sum,2,531.8720020004836,618.9312744140625,1.1636846310505733
plasma_membrane_slc3a2,4,op_gfp_intensity_min_min,2,11.316078441400403,11.55622386932373,1.0212216121659907
plasma_membrane_slc3a2,5,op_gfp_intensity_min_max,2,17.966688621110436,18.43255043029785,1.025929197027439
plasma_membrane_slc3a2,6,op_gfp_intensity_max_mean,2,27.224265452371863,28.21452522277832,1.036374159374066
plasma_membrane_slc3a2,7,op_gfp_intensity_max_median,2,25.624919401438973,26.46708106994629,1.0328649489707282
plasma_membrane_slc3a2,8,op_gfp_intensity_max_std,2,17.800496143291166,17.805944442749023,1.0003060757078903
plasma_membrane_slc3a2,9,op_gfp_intensity_max_sum,2,736.5934711193515,854.3677368164062,1.159890455610584
plasma_membrane_slc3a2,10,op_gfp_intensity_max_min,2,18.92728158135783,19.81114959716797,1.046698096185175
plasma_membrane_slc3a2,11,op_gfp_intensity_max_max,2,49.42353750556037,51.60624694824219,1.0441633592584556
plasma_membrane_slc3a2,12,op_gfp_intensity_mean_mean,2,17.934984104802673,18.70009994506836,1.0426605251387315
plasma_membrane_slc3a2,13,op_gfp_intensity_mean_median,2,17.98905692644727,18.698179244995117,1.0394196494817527
plasma_membrane_slc3a2,14,op_gfp_intensity_mean_std,2,6.09702293383466,6.095948696136475,0.9998238094706476
plasma_membrane_slc3a2,15,op_gfp_intensity_mean_sum,2,625.7213910247447,726.7603149414062,1.1614758986442673
plasma_membrane_slc3a2,16,op_gfp_intensity_mean_min,2,15.348938372765213,15.881903648376465,1.0347232663698052
plasma_membrane_slc3a2,17,op_gfp_intensity_mean_max,2,23.581774592499066,24.65885353088379,1.0456742105713843
plasma_membrane_slc3a2,18,op_gfp_intensity_range_mean,2,17.33510714444659,17.686391830444336,1.0202643504346776
plasma_membrane_slc3a2,19,op_gfp_intensity_range_median,2,15.895061126769063,16.1060733795166,1.0132753344617322
plasma_membrane_slc3a2,20,op_gfp_intensity_range_std,2,18.689144883961685,18.823341369628906,1.007180450817864
plasma_membrane_slc3a2,21,op_gfp_intensity_range_sum,2,219.75903613461503,250.65538024902344,1.1405919167550527
plasma_membrane_slc3a2,22,op_gfp_intensity_range_min,2,9.174221679675556,9.577214241027832,1.043926621289854
plasma_membrane_slc3a2,23,op_gfp_intensity_range_max,2,43.16677879828113,44.987972259521484,1.0421897003190999
plasma_membrane_slc3a2,0,op_gfp_intensity_min_mean,3,12.83048628714997,13.162163734436035,1.0258507308190064
plasma_membrane_slc3a2,1,op_gfp_intensity_min_median,3,12.731770309556152,13.088659286499023,1.0280313709928461
plasma_membrane_slc3a2,2,op_gfp_intensity_min_std,3,4.577914149873392,4.4157233238220215,0.964571020612989
plasma_membrane_slc3a2,3,op_gfp_intensity_min_sum,3,531.8720020004836,622.8607788085938,1.1710726950579877
plasma_membrane_slc3a2,4,op_gfp_intensity_min_min,3,11.316078441400403,11.474499702453613,1.0139996609137683
plasma_membrane_slc3a2,5,op_gfp_intensity_min_max,3,17.966688621110436,18.198087692260742,1.012879338871517
plasma_membrane_slc3a2,6,op_gfp_intensity_max_mean,3,27.224265452371863,27.79463768005371,1.0209508766611057
plasma_membrane_slc3a2,7,op_gfp_intensity_max_median,3,25.624919401438973,26.036588668823242,1.0160651926718314
plasma_membrane_slc3a2,8,op_gfp_intensity_max_std,3,17.800496143291166,17.454004287719727,0.9805347079776746
plasma_membrane_slc3a2,9,op_gfp_intensity_max_sum,3,736.5934711193515,858.5936889648438,1.1656276122840143
plasma_membrane_slc3a2,10,op_gfp_intensity_max_min,3,18.92728158135783,19.566144943237305,1.0337535720136755
plasma_membrane_slc3a2,11,op_gfp_intensity_max_max,3,49.42353750556037,50.85482406616211,1.0289596138366404
plasma_membrane_slc3a2,12,op_gfp_intensity_mean_mean,3,17.934984104802673,18.485998153686523,1.0307228624047846
plasma_membrane_slc3a2,13,op_gfp_intensity_mean_median,3,17.98905692644727,18.497800827026367,1.0282807432684895
plasma_membrane_slc3a2,14,op_gfp_intensity_mean_std,3,6.09702293383466,5.956533908843994,0.9769577666813356
plasma_membrane_slc3a2,15,op_gfp_intensity_mean_sum,3,625.7213910247447,730.8772583007812,1.1680554137742083
plasma_membrane_slc3a2,16,op_gfp_intensity_mean_min,3,15.348938372765213,15.711758613586426,1.0236381326193214
plasma_membrane_slc3a2,17,op_gfp_intensity_mean_max,3,23.581774592499066,24.308853149414062,1.030832224015332
plasma_membrane_slc3a2,18,op_gfp_intensity_range_mean,3,17.33510714444659,17.36789321899414,1.0018913107530492
plasma_membrane_slc3a2,19,op_gfp_intensity_range_median,3,15.895061126769063,15.793846130371094,0.9936322990147227
plasma_membrane_slc3a2,20,op_gfp_intensity_range_std,3,18.689144883961685,18.488048553466797,0.9892399394545086
plasma_membrane_slc3a2,21,op_gfp_intensity_range_sum,3,219.75903613461503,250.74330139160156,1.1409919965157058
plasma_membrane_slc3a2,22,op_gfp_intensity_range_min,3,9.174221679675556,9.434405326843262,1.0283602965191165
plasma_membrane_slc3a2,23,op_gfp_intensity_range_max,3,43.16677879828113,44.298423767089844,1.026215645464233
plasma_membrane_slc3a2,0,op_gfp_intensity_min_mean,4,12.83048628714997,13.078843116760254,1.0193567744863279
plasma_membrane_slc3a2,1,op_gfp_intensity_min_median,4,12.731770309556152,12.995352745056152,1.0207027325416138
plasma_membrane_slc3a2,2,op_gfp_intensity_min_std,4,4.577914149873392,4.334868431091309,0.9469090701954721
plasma_membrane_slc3a2,3,op_gfp_intensity_min_sum,4,531.8720020004836,615.8364868164062,1.157865961171324
plasma_membrane_slc3a2,4,op_gfp_intensity_min_min,4,11.316078441400403,11.427234649658203,1.0098228559331235
plasma_membrane_slc3a2,5,op_gfp_intensity_min_max,4,17.966688621110436,18.044824600219727,1.0043489360091364
plasma_membrane_slc3a2,6,op_gfp_intensity_max_mean,4,27.224265452371863,27.571760177612305,1.0127641543111006
plasma_membrane_slc3a2,7,op_gfp_intensity_max_median,4,25.624919401438973,25.831188201904297,1.008049539482795
plasma_membrane_slc3a2,8,op_gfp_intensity_max_std,4,17.800496143291166,17.309513092041016,0.9724174513284453
plasma_membrane_slc3a2,9,op_gfp_intensity_max_sum,4,736.5934711193515,849.2510986328125,1.1529441027250251
plasma_membrane_slc3a2,10,op_gfp_intensity_max_min,4,18.92728158135783,19.447654724121094,1.027493284787172
plasma_membrane_slc3a2,11,op_gfp_intensity_max_max,4,49.42353750556037,50.636844635009766,1.0245491761756813
plasma_membrane_slc3a2,12,op_gfp_intensity_mean_mean,4,17.934984104802673,18.35489845275879,1.023413143022729
plasma_membrane_slc3a2,13,op_gfp_intensity_mean_median,4,17.98905692644727,18.370494842529297,1.0212038862093566
plasma_membrane_slc3a2,14,op_gfp_intensity_mean_std,4,6.09702293383466,5.938538074493408,0.9740061894040516
plasma_membrane_slc3a2,15,op_gfp_intensity_mean_sum,4,625.7213910247447,722.738037109375,1.1550476737350246
plasma_membrane_slc3a2,16,op_gfp_intensity_mean_min,4,15.348938372765213,15.605764389038086,1.0167324938074271
plasma_membrane_slc3a2,17,op_gfp_intensity_mean_max,4,23.581774592499066,24.176036834716797,1.0252000645620094
plasma_membrane_slc3a2,18,op_gfp_intensity_range_mean,4,17.33510714444659,17.21117401123047,0.992850743166256
plasma_membrane_slc3a2,19,op_gfp_intensity_range_median,4,15.895061126769063,15.656584739685059,0.9849968247884002
plasma_membrane_slc3a2,20,op_gfp_intensity_range_std,4,18.689144883961685,18.273033142089844,0.9777351107043463
plasma_membrane_slc3a2,21,op_gfp_intensity_range_sum,4,219.75903613461503,248.4368133544922,1.1304964643288222
plasma_membrane_slc3a2,22,op_gfp_intensity_range_min,4,9.174221679675556,9.367055892944336,1.021019136009759
plasma_membrane_slc3a2,23,op_gfp_intensity_range_max,4,43.16677879828113,44.14130401611328,1.0225758151282522
clathrin_vesicles_clta,0,op_gfp_intensity_min_mean,0,4.052710938991023,4.397183895111084,1.084998155877809
clathrin_vesicles_clta,1,op_gfp_intensity_min_median,0,4.245121806966763,4.6190571784973145,1.0880858991883056
clathrin_vesicles_clta,2,op_gfp_intensity_min_std,0,1.0694109210806872,1.1060632467269897,1.0342733788516614
clathrin_vesicles_clta,3,op_gfp_intensity_min_sum,0,4987.938978186486,6724.98193359375,1.348248637965258
clathrin_vesicles_clta,4,op_gfp_intensity_min_min,0,2.856383259537059,3.2415599822998047,1.1348477034644056
clathrin_vesicles_clta,5,op_gfp_intensity_min_max,0,6.806108920915399,6.821008682250977,1.0021891746824372
clathrin_vesicles_clta,6,op_gfp_intensity_max_mean,0,5.511323371640437,5.883810520172119,1.067585790819023
clathrin_vesicles_clta,7,op_gfp_intensity_max_median,0,5.710274895385398,6.131554126739502,1.0737756481206446
clathrin_vesicles_clta,8,op_gfp_intensity_max_std,0,1.9728811921851257,2.0129058361053467,1.0202874071073131
clathrin_vesicles_clta,9,op_gfp_intensity_max_sum,0,5932.815491827049,8004.7646484375,1.349235394133651
clathrin_vesicles_clta,10,op_gfp_intensity_max_min,0,3.8611475083148243,4.18727445602417,1.0844637370126482
clathrin_vesicles_clta,11,op_gfp_intensity_max_max,0,20.559754601667077,20.428483963012695,0.9936151651030048
clathrin_vesicles_clta,12,op_gfp_intensity_mean_mean,0,4.763676940477046,5.122748374938965,1.0753769491400398
clathrin_vesicles_clta,13,op_gfp_intensity_mean_median,0,5.033604724232692,5.433499813079834,1.0794450718233741
clathrin_vesicles_clta,14,op_gfp_intensity_mean_std,0,1.2448835297232903,1.291940450668335,1.037800259880942
clathrin_vesicles_clta,15,op_gfp_intensity_mean_sum,0,5453.780418561634,7356.044921875,1.3487974134123764
clathrin_vesicles_clta,16,op_gfp_intensity_mean_min,0,3.2779723669629646,3.5860280990600586,1.09397752561975
clathrin_vesicles_clta,17,op_gfp_intensity_mean_max,0,9.018807245983444,9.129130363464355,1.0122325618534584
clathrin_vesicles_clta,18,op_gfp_intensity_range_mean,0,1.716060029764761,1.7760108709335327,1.03493516551224
clathrin_vesicles_clta,19,op_gfp_intensity_range_median,0,1.4478726040932075,1.491090178489685,1.0298490172921977
clathrin_vesicles_clta,20,op_gfp_intensity_range_std,0,1.8417270767200795,1.873139500617981,1.0170559602967035
clathrin_vesicles_clta,21,op_gfp_intensity_range_sum,0,954.3353631332113,1290.32177734375,1.3520632548996718
clathrin_vesicles_clta,22,op_gfp_intensity_range_min,0,1.270408801697517,1.2091257572174072,0.9517611619203019
clathrin_vesicles_clta,23,op_gfp_intensity_range_max,0,18.927344666552305,18.98797607421875,1.0032033763179466
clathrin_vesicles_clta,0,op_gfp_intensity_min_mean,1,4.052710938991023,4.41304874420166,1.0889127822425815
clathrin_vesicles_clta,1,op_gfp_intensity_min_median,1,4.245121806966763,4.636507987976074,1.0921966904146305
clathrin_vesicles_clta,2,op_gfp_intensity_min_std,1,1.0694109210806872,1.1093521118164062,1.0373487776759907
clathrin_vesicles_clta,3,op_gfp_intensity_min_sum,1,4987.938978186486,6721.23095703125,1.3474966286526133
clathrin_vesicles_clta,4,op_gfp_intensity_min_min,1,2.856383259537059,3.2499606609344482,1.137788722883489
clathrin_vesicles_clta,5,op_gfp_intensity_min_max,1,6.806108920915399,6.85640287399292,1.007389531031889
clathrin_vesicles_clta,6,op_gfp_intensity_max_mean,1,5.511323371640437,5.910465717315674,1.072422233057327
clathrin_vesicles_clta,7,op_gfp_intensity_max_median,1,5.710274895385398,6.15415620803833,1.077733790541615
clathrin_vesicles_clta,8,op_gfp_intensity_max_std,1,1.9728811921851257,2.0350255966186523,1.0314993141399948
clathrin_vesicles_clta,9,op_gfp_intensity_max_sum,1,5932.815491827049,7998.19384765625,1.3481278591377792
clathrin_vesicles_clta,10,op_gfp_intensity_max_min,1,3.8611475083148243,4.2122087478637695,1.090921478341076
clathrin_vesicles_clta,11,op_gfp_intensity_max_max,1,20.559754601667077,20.565980911254883,1.0003028396840545
clathrin_vesicles_clta,12,op_gfp_intensity_mean_mean,1,4.763676940477046,5.143237113952637,1.0796779836706518
clathrin_vesicles_clta,13,op_gfp_intensity_mean_median,1,5.033604724232692,5.453681945800781,1.083454550879961
clathrin_vesicles_clta,14,op_gfp_intensity_mean_std,1,1.2448835297232903,1.2977436780929565,1.0424619228285685
clathrin_vesicles_clta,15,op_gfp_intensity_mean_sum,1,5453.780418561634,7350.89892578125,1.3478538484539788
clathrin_vesicles_clta,16,op_gfp_intensity_mean_min,1,3.2779723669629646,3.608144521713257,1.1007245082594141
clathrin_vesicles_clta,17,op_gfp_intensity_mean_max,1,9.018807245983444,9.191594123840332,1.01915850656791
clathrin_vesicles_clta,18,op_gfp_intensity_range_mean,1,1.716060029764761,1.7935521602630615,1.0451570045069596
clathrin_vesicles_clta,19,op_gfp_intensity_range_median,1,1.4478726040932075,1.5124768018722534,1.044620084388921
clathrin_vesicles_clta,20,op_gfp_intensity_range_std,1,1.8417270767200795,1.9004395008087158,1.0318790035889558
clathrin_vesicles_clta,21,op_gfp_intensity_range_sum,1,954.3353631332113,1287.556884765625,1.3491660631105638
clathrin_vesicles_clta,22,op_gfp_intensity_range_min,1,1.270408801697517,1.2076642513275146,0.9506107401915326
clathrin_vesicles_clta,23,op_gfp_intensity_range_max,1,18.927344666552305,19.095205307006836,1.0088686840870589
clathrin_vesicles_clta,0,op_gfp_intensity_min_mean,2,4.052710938991023,4.424217700958252,1.091668704617685
clathrin_vesicles_clta,1,op_gfp_intensity_min_median,2,4.245121806966763,4.6433281898498535,1.093803287865518
clathrin_vesicles_clta,2,op_gfp_intensity_min_std,2,1.0694109210806872,1.118853211402893,1.0462332012396527
clathrin_vesicles_clta,3,op_gfp_intensity_min_sum,2,4987.938978186486,6700.51318359375,1.343343054695894
clathrin_vesicles_clta,4,op_gfp_intensity_min_min,2,2.856383259537059,3.267716646194458,1.1440049703708404
clathrin_vesicles_clta,5,op_gfp_intensity_min_max,2,6.806108920915399,6.8667097091674805,1.0089038816387221
clathrin_vesicles_clta,6,op_gfp_intensity_max_mean,2,5.511323371640437,5.9248199462890625,1.075026730744262
clathrin_vesicles_clta,7,op_gfp_intensity_max_median,2,5.710274895385398,6.163516044616699,1.0793729124315146
clathrin_vesicles_clta,8,op_gfp_intensity_max_std,2,1.9728811921851257,2.0471339225769043,1.0376366963636252
clathrin_vesicles_clta,9,op_gfp_intensity_max_sum,2,5932.815491827049,7973.3017578125,1.343932196913319
clathrin_vesicles_clta,10,op_gfp_intensity_max_min,2,3.8611475083148243,4.204528331756592,1.0889323245750935
clathrin_vesicles_clta,11,op_gfp_intensity_max_max,2,20.559754601667077,20.597034454345703,1.001813244048915
clathrin_vesicles_clta,12,op_gfp_intensity_mean_mean,2,4.763676940477046,5.15475606918335,1.0820960643622362
clathrin_vesicles_clta,13,op_gfp_intensity_mean_median,2,5.033604724232692,5.461663722991943,1.0850402489290623
clathrin_vesicles_clta,14,op_gfp_intensity_mean_std,2,1.2448835297232903,1.305019497871399,1.0483065015419357
clathrin_vesicles_clta,15,op_gfp_intensity_mean_sum,2,5453.780418561634,7328.00341796875,1.3436557498773334
clathrin_vesicles_clta,16,op_gfp_intensity_mean_min,2,3.2779723669629646,3.610520601272583,1.101449370855351
clathrin_vesicles_clta,17,op_gfp_intensity_mean_max,2,9.018807245983444,9.195287704467773,1.0195680485978815
clathrin_vesicles_clta,18,op_gfp_intensity_range_mean,2,1.716060029764761,1.8028467893600464,1.0505732655559736
clathrin_vesicles_clta,19,op_gfp_intensity_range_median,2,1.4478726040932075,1.5161967277526855,1.0471893200177436
clathrin_vesicles_clta,20,op_gfp_intensity_range_std,2,1.8417270767200795,1.9156384468078613,1.0401315542471201
clathrin_vesicles_clta,21,op_gfp_intensity_range_sum,2,954.3353631332113,1283.169189453125,1.344568418003822
clathrin_vesicles_clta,22,op_gfp_intensity_range_min,2,1.270408801697517,1.202629566192627,0.9466476968560643
clathrin_vesicles_clta,23,op_gfp_intensity_range_max,2,18.927344666552305,19.132286071777344,1.0108277948563595
clathrin_vesicles_clta,0,op_gfp_intensity_min_mean,3,4.052710938991023,4.4100189208984375,1.0881651781452666
clathrin_vesicles_clta,1,op_gfp_intensity_min_median,3,4.245121806966763,4.631138324737549,1.0909317883734893
clathrin_vesicles_clta,2,op_gfp_intensity_min_std,3,1.0694109210806872,1.1238243579864502,1.0508816918110166
clathrin_vesicles_clta,3,op_gfp_intensity_min_sum,3,4987.938978186486,6740.015625,1.35126264665141
clathrin_vesicles_clta,4,op_gfp_intensity_min_min,3,2.856383259537059,3.2639808654785156,1.1426970994107832
clathrin_vesicles_clta,5,op_gfp_intensity_min_max,3,6.806108920915399,6.8623948097229,1.008269907146877
clathrin_vesicles_clta,6,op_gfp_intensity_max_mean,3,5.511323371640437,5.896177768707275,1.0698297615863335
clathrin_vesicles_clta,7,op_gfp_intensity_max_median,3,5.710274895385398,6.142016887664795,1.0756079173400737
clathrin_vesicles_clta,8,op_gfp_intensity_max_std,3,1.9728811921851257,2.0158932209014893,1.0218016314853324
clathrin_vesicles_clta,9,op_gfp_intensity_max_sum,3,5932.815491827049,8022.740234375,1.3522652517050289
clathrin_vesicles_clta,10,op_gfp_intensity_max_min,3,3.8611475083148243,4.178778171539307,1.0822632811982649
clathrin_vesicles_clta,11,op_gfp_intensity_max_max,3,20.559754601667077,20.470138549804688,0.9956411905881832
clathrin_vesicles_clta,12,op_gfp_intensity_mean_mean,3,4.763676940477046,5.134069442749023,1.0777534889330438
clathrin_vesicles_clta,13,op_gfp_intensity_mean_median,3,5.033604724232692,5.442272186279297,1.0811878334584368
clathrin_vesicles_clta,14,op_gfp_intensity_mean_std,3,1.2448835297232903,1.2955611944198608,1.04070875988522
clathrin_vesicles_clta,15,op_gfp_intensity_mean_sum,3,5453.780418561634,7372.1630859375,1.3517528246730943
clathrin_vesicles_clta,16,op_gfp_intensity_mean_min,3,3.2779723669629646,3.5917088985443115,1.0957105480031923
clathrin_vesicles_clta,17,op_gfp_intensity_mean_max,3,9.018807245983444,9.149795532226562,1.0145239035130122
clathrin_vesicles_clta,18,op_gfp_intensity_range_mean,3,1.716060029764761,1.7810564041137695,1.0378753500586564
clathrin_vesicles_clta,19,op_gfp_intensity_range_median,3,1.4478726040932075,1.5020337104797363,1.0374073701190372
clathrin_vesicles_clta,20,op_gfp_intensity_range_std,3,1.8417270767200795,1.8800948858261108,1.0208325161697467
clathrin_vesicles_clta,21,op_gfp_intensity_range_sum,3,954.3353631332113,1293.038330078125,1.354909793799222
clathrin_vesicles_clta,22,op_gfp_intensity_range_min,3,1.270408801697517,1.2047842741012573,0.9483437713052898
clathrin_vesicles_clta,23,op_gfp_intensity_range_max,3,18.927344666552305,18.998493194580078,1.0037590337831965
clathrin_vesicles_clta,0,op_gfp_intensity_min_mean,4,4.052710938991023,4.390911102294922,1.0834503541938025
clathrin_vesicles_clta,1,op_gfp_intensity_min_median,4,4.245121806966763,4.609499931335449,1.0858345510300076
clathrin_vesicles_clta,2,op_gfp_intensity_min_std,4,1.0694109210806872,1.120556354522705,1.047825800572836
clathrin_vesicles_clta,3,op_gfp_intensity_min_sum,4,4987.938978186486,6640.04931640625,1.3312210404828244
clathrin_vesicles_clta,4,op_gfp_intensity_min_min,4,2.856383259537059,3.249751091003418,1.1377153539018126
clathrin_vesicles_clta,5,op_gfp_intensity_min_max,4,6.806108920915399,6.8388352394104,1.0048083741937235
clathrin_vesicles_clta,6,op_gfp_intensity_max_mean,4,5.511323371640437,5.8686203956604,1.0648296243799635
clathrin_vesicles_clta,7,op_gfp_intensity_max_median,4,5.710274895385398,6.113193988800049,1.0705603671970783
clathrin_vesicles_clta,8,op_gfp_intensity_max_std,4,1.9728811921851257,1.9984633922576904,1.0129669237934344
clathrin_vesicles_clta,9,op_gfp_intensity_max_sum,4,5932.815491827049,7904.0234375,1.3322550563705302
clathrin_vesicles_clta,10,op_gfp_intensity_max_min,4,3.8611475083148243,4.175296306610107,1.0813615117316229
clathrin_vesicles_clta,11,op_gfp_intensity_max_max,4,20.559754601667077,20.381086349487305,0.9913098061897448
clathrin_vesicles_clta,12,op_gfp_intensity_mean_mean,4,4.763676940477046,5.111686706542969,1.0730548629586691
clathrin_vesicles_clta,13,op_gfp_intensity_mean_median,4,5.033604724232692,5.418514251708984,1.0764679684964669
clathrin_vesicles_clta,14,op_gfp_intensity_mean_std,4,1.2448835297232903,1.2913159132003784,1.0372985764277955
clathrin_vesicles_clta,15,op_gfp_intensity_mean_sum,4,5453.780418561634,7263.11474609375,1.3317578246044062
clathrin_vesicles_clta,16,op_gfp_intensity_mean_min,4,3.2779723669629646,3.5768327713012695,1.0911723379215665
clathrin_vesicles_clta,17,op_gfp_intensity_mean_max,4,9.018807245983444,9.117107391357422,1.0108994618349068
clathrin_vesicles_clta,18,op_gfp_intensity_range_mean,4,1.716060029764761,1.766081690788269,1.0291491324055633
clathrin_vesicles_clta,19,op_gfp_intensity_range_median,4,1.4478726040932075,1.4765745401382446,1.0198235231220587
clathrin_vesicles_clta,20,op_gfp_intensity_range_std,4,1.8417270767200795,1.8581417798995972,1.0089126686505312
clathrin_vesicles_clta,21,op_gfp_intensity_range_sum,4,954.3353631332113,1274.3743896484375,1.335352789887713
clathrin_vesicles_clta,22,op_gfp_intensity_range_min,4,1.270408801697517,1.2164887189865112,0.9575569040147094
clathrin_vesicles_clta,23,op_gfp_intensity_range_max,4,18.927344666552305,18.93644905090332,1.0004810175178511
autophagosome_map1lc3b,0,op_gfp_intensity_min_mean,0,2.9762536993962896,2.9159274101257324,0.9797307973837063
autophagosome_map1lc3b,1,op_gfp_intensity_min_median,0,2.9630190739015867,2.9589648246765137,0.9986317167983213
autophagosome_map1lc3b,2,op_gfp_intensity_min_std,0,1.4650734107155736,3.143130302429199,2.1453739310537525
autophagosome_map1lc3b,3,op_gfp_intensity_min_sum,0,1544.5124393769177,2250.189208984375,1.4568929013560676
autophagosome_map1lc3b,4,op_gfp_intensity_min_min,0,2.443432189468778,6.57567024230957,2.6911613388129974
autophagosome_map1lc3b,5,op_gfp_intensity_min_max,0,6.820599533185642,9.900896072387695,1.451616683286398
autophagosome_map1lc3b,6,op_gfp_intensity_max_mean,0,5.698947510348981,7.146902561187744,1.2540741160028857
autophagosome_map1lc3b,7,op_gfp_intensity_max_median,0,5.353798311375751,6.619697570800781,1.2364488136834082
autophagosome_map1lc3b,8,op_gfp_intensity_max_std,0,4.340334027051747,5.697309970855713,1.3126432056487867
autophagosome_map1lc3b,9,op_gfp_intensity_max_sum,0,2257.9552879245903,3374.305908203125,1.4944077618581337
autophagosome_map1lc3b,10,op_gfp_intensity_max_min,0,3.813744636752353,4.721792697906494,1.2380988103931894
autophagosome_map1lc3b,11,op_gfp_intensity_max_max,0,20.474228741287686,26.54303741455078,1.2964120773460408
autophagosome_map1lc3b,12,op_gfp_intensity_mean_mean,0,4.165280712434121,4.390185832977295,1.0539951892970363
autophagosome_map1lc3b,13,op_gfp_intensity_mean_median,0,4.214602316573596,4.37042760848999,1.0369727153861288
autophagosome_map1lc3b,14,op_gfp_intensity_mean_std,0,2.2051339354594184,3.8770394325256348,1.7581877319020494
autophagosome_map1lc3b,15,op_gfp_intensity_mean_sum,0,1877.2049451868224,2775.58056640625,1.4785708792867152
autophagosome_map1lc3b,16,op_gfp_intensity_mean_min,0,3.0903119391201406,5.822402477264404,1.8840824460336298
autophagosome_map1lc3b,17,op_gfp_intensity_mean_max,0,9.433568237787869,13.884075164794922,1.471773438727007
autophagosome_map1lc3b,18,op_gfp_intensity_range_mean,0,3.3547673752813405,6.151078701019287,1.8335335994804827
autophagosome_map1lc3b,19,op_gfp_intensity_range_median,0,2.450375583095186,5.215707302093506,2.1285338207236366
autophagosome_map1lc3b,20,op_gfp_intensity_range_std,0,4.0514435210195465,4.639998912811279,1.1452705409166417
autophagosome_map1lc3b,21,op_gfp_intensity_range_sum,0,744.087545784947,1157.2012939453125,1.555195084907068
autophagosome_map1lc3b,22,op_gfp_intensity_range_min,0,2.485828242472647,2.569582223892212,1.03369258583057
autophagosome_map1lc3b,23,op_gfp_intensity_range_max,0,20.19521593674426,26.717885971069336,1.3229809502782974
autophagosome_map1lc3b,0,op_gfp_intensity_min_mean,1,2.9762536993962896,2.911031484603882,0.9780858013530105
autophagosome_map1lc3b,1,op_gfp_intensity_min_median,1,2.9630190739015867,2.9525279998779297,0.9964593295682559
autophagosome_map1lc3b,2,op_gfp_intensity_min_std,1,1.4650734107155736,3.136073112487793,2.1405569779305917
autophagosome_map1lc3b,3,op_gfp_intensity_min_sum,1,1544.5124393769177,2244.77490234375,1.4533873895177756
autophagosome_map1lc3b,4,op_gfp_intensity_min_min,1,2.443432189468778,6.549947738647461,2.6806341370461655
autophagosome_map1lc3b,5,op_gfp_intensity_min_max,1,6.820599533185642,9.889616966247559,1.4499630007786861
autophagosome_map1lc3b,6,op_gfp_intensity_max_mean,1,5.698947510348981,7.177420139312744,1.2594290658545173
autophagosome_map1lc3b,7,op_gfp_intensity_max_median,1,5.353798311375751,6.630401134490967,1.2384480603990422
autophagosome_map1lc3b,8,op_gfp_intensity_max_std,1,4.340334027051747,5.731551170349121,1.320532275771039
autophagosome_map1lc3b,9,op_gfp_intensity_max_sum,1,2257.9552879245903,3371.828857421875,1.4933107291602337
autophagosome_map1lc3b,10,op_gfp_intensity_max_min,1,3.813744636752353,4.7159953117370605,1.2365786807773873
autophagosome_map1lc3b,11,op_gfp_intensity_max_max,1,20.474228741287686,26.699914932250977,1.3040742715943565
autophagosome_map1lc3b,12,op_gfp_intensity_mean_mean,1,4.165280712434121,4.404327869415283,1.0573904073902063
autophagosome_map1lc3b,13,op_gfp_intensity_mean_median,1,4.214602316573596,4.379432678222656,1.0391093510770584
autophagosome_map1lc3b,14,op_gfp_intensity_mean_std,1,2.2051339354594184,3.878006935119629,1.7586264819382427
autophagosome_map1lc3b,15,op_gfp_intensity_mean_sum,1,1877.2049451868224,2771.708984375,1.4765084608804688
autophagosome_map1lc3b,16,op_gfp_intensity_mean_min,1,3.0903119391201406,5.80329704284668,1.8779000816658553
autophagosome_map1lc3b,17,op_gfp_intensity_mean_max,1,9.433568237787869,13.901283264160156,1.4735975734479818
autophagosome_map1lc3b,18,op_gfp_intensity_range_mean,1,3.3547673752813405,6.169161796569824,1.8389238675759032
autophagosome_map1lc3b,19,op_gfp_intensity_range_median,1,2.450375583095186,5.214236736297607,2.1279336817873675
autophagosome_map1lc3b,20,op_gfp_intensity_range_std,1,4.0514435210195465,4.693487167358398,1.1584728117294059
autophagosome_map1lc3b,21,op_gfp_intensity_range_sum,1,744.087545784947,1160.172119140625,1.559187659721875
autophagosome_map1lc3b,22,op_gfp_intensity_range_min,1,2.485828242472647,2.5677387714385986,1.0329510010251053
autophagosome_map1lc3b,23,op_gfp_intensity_range_max,1,20.19521593674426,26.878873825073242,1.330952533969611
autophagosome_map1lc3b,0,op_gfp_intensity_min_mean,2,2.9762536993962896,2.9082486629486084,0.9771507931392154
autophagosome_map1lc3b,1,op_gfp_intensity_min_median,2,2.9630190739015867,2.9514412879943848,0.9960925712530238
autophagosome_map1lc3b,2,op_gfp_intensity_min_std,2,1.4650734107155736,3.133298635482788,2.1386632318665977
autophagosome_map1lc3b,3,op_gfp_intensity_min_sum,2,1544.5124393769177,2255.196044921875,1.460134594857429
autophagosome_map1lc3b,4,op_gfp_intensity_min_min,2,2.443432189468778,6.548044681549072,2.6798552911642988
autophagosome_map1lc3b,5,op_gfp_intensity_min_max,2,6.820599533185642,9.885644912719727,1.4493806394322228
autophagosome_map1lc3b,6,op_gfp_intensity_max_mean,2,5.698947510348981,7.162011623382568,1.2567253182059919
autophagosome_map1lc3b,7,op_gfp_intensity_max_median,2,5.353798311375751,6.61718225479126,1.2359789947131685
autophagosome_map1lc3b,8,op_gfp_intensity_max_std,2,4.340334027051747,5.691788673400879,1.3113711152012724
autophagosome_map1lc3b,9,op_gfp_intensity_max_sum,2,2257.9552879245903,3390.138671875,1.5014197535288936
autophagosome_map1lc3b,10,op_gfp_intensity_max_min,2,3.813744636752353,4.7164530754089355,1.2366987107519858
autophagosome_map1lc3b,11,op_gfp_intensity_max_max,2,20.474228741287686,26.518827438354492,1.2952296163848878
autophagosome_map1lc3b,12,op_gfp_intensity_mean_mean,2,4.165280712434121,4.395697593688965,1.0553184520234153
autophagosome_map1lc3b,13,op_gfp_intensity_mean_median,2,4.214602316573596,4.37010383605957,1.0368958938010537
autophagosome_map1lc3b,14,op_gfp_intensity_mean_std,2,2.2051339354594184,3.8643627166748047,1.7524390036062376
autophagosome_map1lc3b,15,op_gfp_intensity_mean_sum,2,1877.2049451868224,2785.931640625,1.4840849677964916
autophagosome_map1lc3b,16,op_gfp_intensity_mean_min,2,3.0903119391201406,5.800692081451416,1.877057137184333
autophagosome_map1lc3b,17,op_gfp_intensity_mean_max,2,9.433568237787869,13.840726852416992,1.4671783256918045
autophagosome_map1lc3b,18,op_gfp_intensity_range_mean,2,3.3547673752813405,6.156622409820557,1.8351860862794531
autophagosome_map1lc3b,19,op_gfp_intensity_range_median,2,2.450375583095186,5.205536365509033,2.1243830543453557
autophagosome_map1lc3b,20,op_gfp_intensity_range_std,2,4.0514435210195465,4.650699138641357,1.147911630635544
autophagosome_map1lc3b,21,op_gfp_intensity_range_sum,2,744.087545784947,1168.2322998046875,1.5700199612564474
autophagosome_map1lc3b,22,op_gfp_intensity_range_min,2,2.485828242472647,2.563995122909546,1.0314450045668266
autophagosome_map1lc3b,23,op_gfp_intensity_range_max,2,20.19521593674426,26.688220977783203,1.3215120383647507
autophagosome_map1lc3b,0,op_gfp_intensity_min_mean,3,2.9762536993962896,2.9225926399230957,0.9819702670225732
autophagosome_map1lc3b,1,op_gfp_intensity_min_median,3,2.9630190739015867,2.9654550552368164,1.0008221281316363
autophagosome_map1lc3b,2,op_gfp_intensity_min_std,3,1.4650734107155736,3.138507604598999,2.1422186640231793
autophagosome_map1lc3b,3,op_gfp_intensity_min_sum,3,1544.5124393769177,2212.74365234375,1.4326486442779367
autophagosome_map1lc3b,4,op_gfp_intensity_min_min,3,2.443432189468778,6.557140350341797,2.6835777880815153
autophagosome_map1lc3b,5,op_gfp_intensity_min_max,3,6.820599533185642,9.896811485290527,1.4510178228669737
autophagosome_map1lc3b,6,op_gfp_intensity_max_mean,3,5.698947510348981,7.176886081695557,1.2593353542321137
autophagosome_map1lc3b,7,op_gfp_intensity_max_median,3,5.353798311375751,6.640575885772705,1.2403485337994165
autophagosome_map1lc3b,8,op_gfp_intensity_max_std,3,4.340334027051747,5.692709922790527,1.3115833683098825
autophagosome_map1lc3b,9,op_gfp_intensity_max_sum,3,2257.9552879245903,3322.379638671875,1.4714107300705919
autophagosome_map1lc3b,10,op_gfp_intensity_max_min,3,3.813744636752353,4.707866191864014,1.2344471484784736
autophagosome_map1lc3b,11,op_gfp_intensity_max_max,3,20.474228741287686,26.499608993530273,1.2942909512431107
autophagosome_map1lc3b,12,op_gfp_intensity_mean_mean,3,4.165280712434121,4.409129619598389,1.058543210890045
autophagosome_map1lc3b,13,op_gfp_intensity_mean_median,3,4.214602316573596,4.387970447540283,1.0411351102534467
autophagosome_map1lc3b,14,op_gfp_intensity_mean_std,3,2.2051339354594184,3.8707542419433594,1.7553374784633773
autophagosome_map1lc3b,15,op_gfp_intensity_mean_sum,3,1877.2049451868224,2731.2587890625,1.4549603633132773
autophagosome_map1lc3b,16,op_gfp_intensity_mean_min,3,3.0903119391201406,5.804195880889893,1.8781909384016542
autophagosome_map1lc3b,17,op_gfp_intensity_mean_max,3,9.433568237787869,13.865872383117676,1.4698438632770374
autophagosome_map1lc3b,18,op_gfp_intensity_range_mean,3,3.3547673752813405,6.165135383605957,1.837723661268445
autophagosome_map1lc3b,19,op_gfp_intensity_range_median,3,2.450375583095186,5.215831756591797,2.128584610691979
autophagosome_map1lc3b,20,op_gfp_intensity_range_std,3,4.0514435210195465,4.6442742347717285,1.1463257998479999
autophagosome_map1lc3b,21,op_gfp_intensity_range_sum,3,744.087545784947,1144.0599365234375,1.537534048250404
autophagosome_map1lc3b,22,op_gfp_intensity_range_min,3,2.485828242472647,2.5655856132507324,1.0320848276704553
autophagosome_map1lc3b,23,op_gfp_intensity_range_max,3,20.19521593674426,26.646286010742188,1.3194355581145585
autophagosome_map1lc3b,0,op_gfp_intensity_min_mean,4,2.9762536993962896,2.9139089584350586,0.9790526120223295
autophagosome_map1lc3b,1,op_gfp_intensity_min_median,4,2.9630190739015867,2.9596590995788574,0.9988660301405671
autophagosome_map1lc3b,2,op_gfp_intensity_min_std,4,1.4650734107155736,3.1427407264709473,2.145108022222562
autophagosome_map1lc3b,3,op_gfp_intensity_min_sum,4,1544.5124393769177,2221.865966796875,1.4385549187892674
autophagosome_map1lc3b,4,op_gfp_intensity_min_min,4,2.443432189468778,6.577298164367676,2.6918275828221914
autophagosome_map1lc3b,5,op_gfp_intensity_min_max,4,6.820599533185642,9.887027740478516,1.4495833822779303
autophagosome_map1lc3b,6,op_gfp_intensity_max_mean,4,5.698947510348981,7.126735687255859,1.2505354145329628
autophagosome_map1lc3b,7,op_gfp_intensity_max_median,4,5.353798311375751,6.616845607757568,1.235916114676583
autophagosome_map1lc3b,8,op_gfp_intensity_max_std,4,4.340334027051747,5.680965423583984,1.3088774707606747
autophagosome_map1lc3b,9,op_gfp_intensity_max_sum,4,2257.9552879245903,3334.55615234375,1.4768034469844273
autophagosome_map1lc3b,10,op_gfp_intensity_max_min,4,3.813744636752353,4.723928928375244,1.2386589502746497
autophagosome_map1lc3b,11,op_gfp_intensity_max_max,4,20.474228741287686,26.475446701049805,1.2931108192446952
autophagosome_map1lc3b,12,op_gfp_intensity_mean_mean,4,4.165280712434121,4.378506660461426,1.0511912552233964
autophagosome_map1lc3b,13,op_gfp_intensity_mean_median,4,4.214602316573596,4.367112159729004,1.0361860578293887
autophagosome_map1lc3b,14,op_gfp_intensity_mean_std,4,2.2051339354594184,3.8726089000701904,1.7561785421724825
autophagosome_map1lc3b,15,op_gfp_intensity_mean_sum,4,1877.2049451868224,2741.538818359375,1.4604366057039833
autophagosome_map1lc3b,16,op_gfp_intensity_mean_min,4,3.0903119391201406,5.8232951164245605,1.884371296860906
autophagosome_map1lc3b,17,op_gfp_intensity_mean_max,4,9.433568237787869,13.86465072631836,1.469714362247467
autophagosome_map1lc3b,18,op_gfp_intensity_range_mean,4,3.3547673752813405,6.13831090927124,1.8297277344771077
autophagosome_map1lc3b,19,op_gfp_intensity_range_median,4,2.450375583095186,5.214480876922607,2.1280333157482527
autophagosome_map1lc3b,20,op_gfp_intensity_range_std,4,4.0514435210195465,4.618063926696777,1.1398564246885121
autophagosome_map1lc3b,21,op_gfp_intensity_range_sum,4,744.087545784947,1145.960205078125,1.5400878721457938
autophagosome_map1lc3b,22,op_gfp_intensity_range_min,4,2.485828242472647,2.5679476261138916,1.0330350191691284
autophagosome_map1lc3b,23,op_gfp_intensity_range_max,4,20.19521593674426,26.638076782226562,1.3190290643914244
fe2+_ferhonox_live-cell_dye,0,op_mcherry_intensity_min_mean,0,67.6193231020144,195.88206481933594,2.8968356356335745
fe2+_ferhonox_live-cell_dye,1,op_mcherry_intensity_min_median,0,76.06334779685336,175.32681274414062,2.3050104659131723
fe2+_ferhonox_live-cell_dye,2,op_mcherry_intensity_min_std,0,25.78276778131226,82.22303771972656,3.1890694752843047
fe2+_ferhonox_live-cell_dye,3,op_mcherry_intensity_min_sum,0,20102.402942696994,30848.583984375,1.5345719649690928
fe2+_ferhonox_live-cell_dye,4,op_mcherry_intensity_min_min,0,54.14256212628965,112.6695556640625,2.0809793855203296
fe2+_ferhonox_live-cell_dye,5,op_mcherry_intensity_min_max,0,58.85942017873887,421.66204833984375,7.163883827930674
fe2+_ferhonox_live-cell_dye,6,op_mcherry_intensity_max_mean,0,76.9274315436477,264.52899169921875,3.4386822280570772
fe2+_ferhonox_live-cell_dye,7,op_mcherry_intensity_max_median,0,110.90352335032739,250.38897705078125,2.257718866693175
fe2+_ferhonox_live-cell_dye,8,op_mcherry_intensity_max_std,0,26.784456380248844,108.7406234741211,4.0598406004725796
fe2+_ferhonox_live-cell_dye,9,op_mcherry_intensity_max_sum,0,27924.88285634,42693.875,1.5288828683593523
fe2+_ferhonox_live-cell_dye,10,op_mcherry_intensity_max_min,0,66.64351314836478,134.4764404296875,2.0178474104495363
fe2+_ferhonox_live-cell_dye,11,op_mcherry_intensity_max_max,0,37.682177139655266,430.4135437011719,11.422204776173118
fe2+_ferhonox_live-cell_dye,12,op_mcherry_intensity_mean_mean,0,74.97714325174226,234.84918212890625,3.1322770106134845
fe2+_ferhonox_live-cell_dye,13,op_mcherry_intensity_mean_median,0,96.61015310792838,215.8991241455078,2.234745699081082
fe2+_ferhonox_live-cell_dye,14,op_mcherry_intensity_mean_std,0,24.855421611263264,96.98455047607422,3.9019475104025414
fe2+_ferhonox_live-cell_dye,15,op_mcherry_intensity_mean_sum,0,24035.363486812268,36995.87109375,1.53922661140735
fe2+_ferhonox_live-cell_dye,16,op_mcherry_intensity_mean_min,0,62.06368215963978,126.25518798828125,2.0342845218807435
fe2+_ferhonox_live-cell_dye,17,op_mcherry_intensity_mean_max,0,39.35839872757848,430.91864013671875,10.948581600571405
fe2+_ferhonox_live-cell_dye,18,op_mcherry_intensity_range_mean,0,20.4195557036796,72.59236145019531,3.5550411822679466
fe2+_ferhonox_live-cell_dye,19,op_mcherry_intensity_range_median,0,21.712506490083427,52.17803955078125,2.403132939746597
fe2+_ferhonox_live-cell_dye,20,op_mcherry_intensity_range_std,0,18.697459727497527,66.59673309326172,3.561806473385304
fe2+_ferhonox_live-cell_dye,21,op_mcherry_intensity_range_sum,0,7986.658475840004,11985.57421875,1.5006994796393127
fe2+_ferhonox_live-cell_dye,22,op_mcherry_intensity_range_min,0,6.505708877328184,6.906802177429199,1.0616525128412662
fe2+_ferhonox_live-cell_dye,23,op_mcherry_intensity_range_max,0,69.51952438062692,284.577880859375,4.093495796968925
fe2+_ferhonox_live-cell_dye,0,op_mcherry_intensity_min_mean,1,67.6193231020144,195.7563018798828,2.8949757687540525
fe2+_ferhonox_live-cell_dye,1,op_mcherry_intensity_min_median,1,76.06334779685336,175.18576049804688,2.3031560609970163
fe2+_ferhonox_live-cell_dye,2,op_mcherry_intensity_min_std,1,25.78276778131226,82.23445129394531,3.189512157556261
fe2+_ferhonox_live-cell_dye,3,op_mcherry_intensity_min_sum,1,20102.402942696994,30640.21875,1.5242067745503673
fe2+_ferhonox_live-cell_dye,4,op_mcherry_intensity_min_min,1,54.14256212628965,112.773193359375,2.0828935486341984
fe2+_ferhonox_live-cell_dye,5,op_mcherry_intensity_min_max,1,58.85942017873887,421.5533752441406,7.162037511820642
fe2+_ferhonox_live-cell_dye,6,op_mcherry_intensity_max_mean,1,76.9274315436477,264.2578125,3.435157098025082
fe2+_ferhonox_live-cell_dye,7,op_mcherry_intensity_max_median,1,110.90352335032739,250.2095947265625,2.2561014038858658
fe2+_ferhonox_live-cell_dye,8,op_mcherry_intensity_max_std,1,26.784456380248844,108.77001190185547,4.0609378199687365
fe2+_ferhonox_live-cell_dye,9,op_mcherry_intensity_max_sum,1,27924.88285634,42466.921875,1.5207555961280752
fe2+_ferhonox_live-cell_dye,10,op_mcherry_intensity_max_min,1,66.64351314836478,134.2784881591797,2.0148770947930505
fe2+_ferhonox_live-cell_dye,11,op_mcherry_intensity_max_max,1,37.682177139655266,430.30291748046875,11.419269005761203
fe2+_ferhonox_live-cell_dye,12,op_mcherry_intensity_mean_mean,1,74.97714325174226,234.65011596679688,3.1296219859822982
fe2+_ferhonox_live-cell_dye,13,op_mcherry_intensity_mean_median,1,96.61015310792838,215.8300018310547,2.2340302223715494
fe2+_ferhonox_live-cell_dye,14,op_mcherry_intensity_mean_std,1,24.855421611263264,97.01022338867188,3.9029804002484343
fe2+_ferhonox_live-cell_dye,15,op_mcherry_intensity_mean_sum,1,24035.363486812268,36771.63671875,1.529897259050227
fe2+_ferhonox_live-cell_dye,16,op_mcherry_intensity_mean_min,1,62.06368215963978,126.1648941040039,2.032829663239822
fe2+_ferhonox_live-cell_dye,17,op_mcherry_intensity_mean_max,1,39.35839872757848,430.8029479980469,10.945642148194985
fe2+_ferhonox_live-cell_dye,18,op_mcherry_intensity_range_mean,1,20.4195557036796,72.51634216308594,3.5513183154136163
fe2+_ferhonox_live-cell_dye,19,op_mcherry_intensity_range_median,1,21.712506490083427,52.159786224365234,2.4022922571462555
fe2+_ferhonox_live-cell_dye,20,op_mcherry_intensity_range_std,1,18.697459727497527,66.5698013305664,3.56036607650317
fe2+_ferhonox_live-cell_dye,21,op_mcherry_intensity_range_sum,1,7986.658475840004,11968.5361328125,1.4985661611821581
fe2+_ferhonox_live-cell_dye,22,op_mcherry_intensity_range_min,1,6.505708877328184,6.8554863929748535,1.0537647045452054
fe2+_ferhonox_live-cell_dye,23,op_mcherry_intensity_range_max,1,69.51952438062692,284.44927978515625,4.091645941473444
fe2+_ferhonox_live-cell_dye,0,op_mcherry_intensity_min_mean,2,67.6193231020144,195.91783142089844,2.8973645761778113
fe2+_ferhonox_live-cell_dye,1,op_mcherry_intensity_min_median,2,76.06334779685336,175.3227996826172,2.3049577064483358
fe2+_ferhonox_live-cell_dye,2,op_mcherry_intensity_min_std,2,25.78276778131226,82.25325012207031,3.1902412812983063
fe2+_ferhonox_live-cell_dye,3,op_mcherry_intensity_min_sum,2,20102.402942696994,30731.9296875,1.5287689623525633
fe2+_ferhonox_live-cell_dye,4,op_mcherry_intensity_min_min,2,54.14256212628965,113.05546569824219,2.0881070503190426
fe2+_ferhonox_live-cell_dye,5,op_mcherry_intensity_min_max,2,58.85942017873887,421.5838623046875,7.162555475817811
fe2+_ferhonox_live-cell_dye,6,op_mcherry_intensity_max_mean,2,76.9274315436477,264.40911865234375,3.4371239666609847
fe2+_ferhonox_live-cell_dye,7,op_mcherry_intensity_max_median,2,110.90352335032739,250.47775268554688,2.2585193429276877
fe2+_ferhonox_live-cell_dye,8,op_mcherry_intensity_max_std,2,26.784456380248844,108.74868774414062,4.060141680692579
fe2+_ferhonox_live-cell_dye,9,op_mcherry_intensity_max_sum,2,27924.88285634,42606.73828125,1.5257624714288343
fe2+_ferhonox_live-cell_dye,10,op_mcherry_intensity_max_min,2,66.64351314836478,134.79075622558594,2.0225637853981184
fe2+_ferhonox_live-cell_dye,11,op_mcherry_intensity_max_max,2,37.682177139655266,430.27178955078125,11.418442940707369
fe2+_ferhonox_live-cell_dye,12,op_mcherry_intensity_mean_mean,2,74.97714325174226,234.8036346435547,3.131669525673726
fe2+_ferhonox_live-cell_dye,13,op_mcherry_intensity_mean_median,2,96.61015310792838,216.02928161621094,2.2360929433045516
fe2+_ferhonox_live-cell_dye,14,op_mcherry_intensity_mean_std,2,24.855421611263264,96.99429321289062,3.9023394867274166
fe2+_ferhonox_live-cell_dye,15,op_mcherry_intensity_mean_sum,2,24035.363486812268,36894.74609375,1.5350192691695062
fe2+_ferhonox_live-cell_dye,16,op_mcherry_intensity_mean_min,2,62.06368215963978,126.58544921875,2.039605850216037
fe2+_ferhonox_live-cell_dye,17,op_mcherry_intensity_mean_max,2,39.35839872757848,430.7951965332031,10.945445202559634
fe2+_ferhonox_live-cell_dye,18,op_mcherry_intensity_range_mean,2,20.4195557036796,72.50911712646484,3.550964486137116
fe2+_ferhonox_live-cell_dye,19,op_mcherry_intensity_range_median,2,21.712506490083427,52.17529296875,2.4030064420512476
fe2+_ferhonox_live-cell_dye,20,op_mcherry_intensity_range_std,2,18.697459727497527,66.51528930664062,3.557450598961287
fe2+_ferhonox_live-cell_dye,21,op_mcherry_intensity_range_sum,2,7986.658475840004,12018.6259765625,1.5048378508883755
fe2+_ferhonox_live-cell_dye,22,op_mcherry_intensity_range_min,2,6.505708877328184,6.839284896850586,1.0512743539270386
fe2+_ferhonox_live-cell_dye,23,op_mcherry_intensity_range_max,2,69.51952438062692,284.3101806640625,4.089645077366086
fe2+_ferhonox_live-cell_dye,0,op_mcherry_intensity_min_mean,3,67.6193231020144,195.41175842285156,2.889880428528427
fe2+_ferhonox_live-cell_dye,1,op_mcherry_intensity_min_median,3,76.06334779685336,174.6886749267578,2.296620908578842
fe2+_ferhonox_live-cell_dye,2,op_mcherry_intensity_min_std,3,25.78276778131226,82.11573791503906,3.1849077884709414
fe2+_ferhonox_live-cell_dye,3,op_mcherry_intensity_min_sum,3,20102.402942696994,30859.810546875,1.5351304336522649
fe2+_ferhonox_live-cell_dye,4,op_mcherry_intensity_min_min,3,54.14256212628965,112.9969711303711,2.087026669827727
fe2+_ferhonox_live-cell_dye,5,op_mcherry_intensity_min_max,3,58.85942017873887,421.76348876953125,7.165607263693028
fe2+_ferhonox_live-cell_dye,6,op_mcherry_intensity_max_mean,3,76.9274315436477,263.8725280761719,3.4301486840419697
fe2+_ferhonox_live-cell_dye,7,op_mcherry_intensity_max_median,3,110.90352335032739,249.17201232910156,2.2467456831105808
fe2+_ferhonox_live-cell_dye,8,op_mcherry_intensity_max_std,3,26.784456380248844,108.7466812133789,4.060066766692712
fe2+_ferhonox_live-cell_dye,9,op_mcherry_intensity_max_sum,3,27924.88285634,42756.98828125,1.5311429774375063
fe2+_ferhonox_live-cell_dye,10,op_mcherry_intensity_max_min,3,66.64351314836478,134.84776306152344,2.023419185019843
fe2+_ferhonox_live-cell_dye,11,op_mcherry_intensity_max_max,3,37.682177139655266,430.56072998046875,11.426110768089439
fe2+_ferhonox_live-cell_dye,12,op_mcherry_intensity_mean_mean,3,74.97714325174226,234.2249298095703,3.1239511089818373
fe2+_ferhonox_live-cell_dye,13,op_mcherry_intensity_mean_median,3,96.61015310792838,214.95480346679688,2.2249711500473386
fe2+_ferhonox_live-cell_dye,14,op_mcherry_intensity_mean_std,3,24.855421611263264,96.92053985595703,3.8993721921835105
fe2+_ferhonox_live-cell_dye,15,op_mcherry_intensity_mean_sum,3,24035.363486812268,37038.25,1.5409898011453897
fe2+_ferhonox_live-cell_dye,16,op_mcherry_intensity_mean_min,3,62.06368215963978,126.62334442138672,2.040216436009823
fe2+_ferhonox_live-cell_dye,17,op_mcherry_intensity_mean_max,3,39.35839872757848,431.0802001953125,10.952686443853063
fe2+_ferhonox_live-cell_dye,18,op_mcherry_intensity_range_mean,3,20.4195557036796,72.42417907714844,3.5468048437556168
fe2+_ferhonox_live-cell_dye,19,op_mcherry_intensity_range_median,3,21.712506490083427,51.99196243286133,2.3945628965779324
fe2+_ferhonox_live-cell_dye,20,op_mcherry_intensity_range_std,3,18.697459727497527,66.51640319824219,3.557510173449897
fe2+_ferhonox_live-cell_dye,21,op_mcherry_intensity_range_sum,3,7986.658475840004,12041.1923828125,1.50766336375064
fe2+_ferhonox_live-cell_dye,22,op_mcherry_intensity_range_min,3,6.505708877328184,6.773207664489746,1.0411175464819478
fe2+_ferhonox_live-cell_dye,23,op_mcherry_intensity_range_max,3,69.51952438062692,284.5600891113281,4.093239872490077
fe2+_ferhonox_live-cell_dye,0,op_mcherry_intensity_min_mean,4,67.6193231020144,195.29742431640625,2.888189578913254
fe2+_ferhonox_live-cell_dye,1,op_mcherry_intensity_min_median,4,76.06334779685336,174.5235595703125,2.294450147479997
fe2+_ferhonox_live-cell_dye,2,op_mcherry_intensity_min_std,4,25.78276778131226,82.06495666503906,3.182938207453468
fe2+_ferhonox_live-cell_dye,3,op_mcherry_intensity_min_sum,4,20102.402942696994,30716.490234375,1.528000922175028
fe2+_ferhonox_live-cell_dye,4,op_mcherry_intensity_min_min,4,54.14256212628965,112.80660247802734,2.0835106069583764
fe2+_ferhonox_live-cell_dye,5,op_mcherry_intensity_min_max,4,58.85942017873887,421.92047119140625,7.168274337568344
fe2+_ferhonox_live-cell_dye,6,op_mcherry_intensity_max_mean,4,76.9274315436477,263.93817138671875,3.431001998772875
fe2+_ferhonox_live-cell_dye,7,op_mcherry_intensity_max_median,4,110.90352335032739,249.0462188720703,2.245611422870409
fe2+_ferhonox_live-cell_dye,8,op_mcherry_intensity_max_std,4,26.784456380248844,108.76737213134766,4.060839263908075
fe2+_ferhonox_live-cell_dye,9,op_mcherry_intensity_max_sum,4,27924.88285634,42507.52734375,1.522209692424876
fe2+_ferhonox_live-cell_dye,10,op_mcherry_intensity_max_min,4,66.64351314836478,134.69992065429688,2.021200778452689
fe2+_ferhonox_live-cell_dye,11,op_mcherry_intensity_max_max,4,37.682177139655266,430.69805908203125,11.429755172738712
fe2+_ferhonox_live-cell_dye,12,op_mcherry_intensity_mean_mean,4,74.97714325174226,234.19471740722656,3.1235481541474246
fe2+_ferhonox_live-cell_dye,13,op_mcherry_intensity_mean_median,4,96.61015310792838,214.70956420898438,2.2224327081763424
fe2+_ferhonox_live-cell_dye,14,op_mcherry_intensity_mean_std,4,24.855421611263264,96.90372467041016,3.8986956723557697
fe2+_ferhonox_live-cell_dye,15,op_mcherry_intensity_mean_sum,4,24035.363486812268,36845.44921875,1.5329682548369354
fe2+_ferhonox_live-cell_dye,16,op_mcherry_intensity_mean_min,4,62.06368215963978,126.49097442626953,2.038083626764366
fe2+_ferhonox_live-cell_dye,17,op_mcherry_intensity_mean_max,4,39.35839872757848,431.1974792480469,10.955666215808375
fe2+_ferhonox_live-cell_dye,18,op_mcherry_intensity_range_mean,4,20.4195557036796,72.52067565917969,3.551530538253165
fe2+_ferhonox_live-cell_dye,19,op_mcherry_intensity_range_median,4,21.712506490083427,51.96873092651367,2.3934929369047704
fe2+_ferhonox_live-cell_dye,20,op_mcherry_intensity_range_std,4,18.697459727497527,66.67513275146484,3.5659995380767513
fe2+_ferhonox_live-cell_dye,21,op_mcherry_intensity_range_sum,4,7986.658475840004,11928.1923828125,1.493514768272089
fe2+_ferhonox_live-cell_dye,22,op_mcherry_intensity_range_min,4,6.505708877328184,6.764976501464844,1.0398523249388218
fe2+_ferhonox_live-cell_dye,23,op_mcherry_intensity_range_max,4,69.51952438062692,284.85052490234375,4.097417631092473
recycling_endosome_tfrc,0,op_gfp_intensity_min_mean,0,2.221679138759612,3.3641834259033203,1.5142526061533714
recycling_endosome_tfrc,1,op_gfp_intensity_min_median,0,2.3305155293253375,3.3450825214385986,1.4353401551488347
recycling_endosome_tfrc,2,op_gfp_intensity_min_std,0,1.2845119399944525,1.5822913646697998,1.2318230102840722
recycling_endosome_tfrc,3,op_gfp_intensity_min_sum,0,2138.0120102952997,2636.12548828125,1.2329797379936849
recycling_endosome_tfrc,4,op_gfp_intensity_min_min,0,1.8406251010480337,2.3678460121154785,1.28643579334393
recycling_endosome_tfrc,5,op_gfp_intensity_min_max,0,5.668895546066385,7.07810115814209,1.2485855667341665
recycling_endosome_tfrc,6,op_gfp_intensity_max_mean,0,4.198016862608402,5.556358814239502,1.3235675310715895
recycling_endosome_tfrc,7,op_gfp_intensity_max_median,0,4.050749774971498,5.029870986938477,1.2417135755994377
recycling_endosome_tfrc,8,op_gfp_intensity_max_std,0,3.6788917621445143,4.350818157196045,1.182643697747674
recycling_endosome_tfrc,9,op_gfp_intensity_max_sum,0,2899.6861308421194,3534.60546875,1.218961401082223
recycling_endosome_tfrc,10,op_gfp_intensity_max_min,0,2.823891395240775,3.4011590480804443,1.2044227528766025
recycling_endosome_tfrc,11,op_gfp_intensity_max_max,0,19.431555333360734,21.611541748046875,1.1121879529089196
recycling_endosome_tfrc,12,op_gfp_intensity_mean_mean,0,3.1049532275967255,4.533725738525391,1.4601591090744235
recycling_endosome_tfrc,13,op_gfp_intensity_mean_median,0,3.3124804734330913,4.556034564971924,1.3754147689359808
recycling_endosome_tfrc,14,op_gfp_intensity_mean_std,0,1.9391876230118028,2.3905701637268066,1.2327688849488168
recycling_endosome_tfrc,15,op_gfp_intensity_mean_sum,0,2472.2785786852123,3025.368896484375,1.2237168264804943
recycling_endosome_tfrc,16,op_gfp_intensity_mean_min,0,1.8558749838449222,2.3777730464935303,1.281214018827584
recycling_endosome_tfrc,17,op_gfp_intensity_mean_max,0,8.167841232191298,10.088773727416992,1.2351823989495372
recycling_endosome_tfrc,18,op_gfp_intensity_range_mean,0,2.4769034319197685,2.6846303939819336,1.0838655877274805
recycling_endosome_tfrc,19,op_gfp_intensity_range_median,0,1.6750986203365947,1.6595162153244019,0.9906976193383398
recycling_endosome_tfrc,20,op_gfp_intensity_range_std,0,3.431964827591214,3.853325843811035,1.1227754471235536
recycling_endosome_tfrc,21,op_gfp_intensity_range_sum,0,774.7017180228987,911.3116455078125,1.1763387434244412
recycling_endosome_tfrc,22,op_gfp_intensity_range_min,0,1.658518298155537,1.8266083002090454,1.1013495010820464
recycling_endosome_tfrc,23,op_gfp_intensity_range_max,0,19.443701515833624,20.87038230895996,1.073374958567665
recycling_endosome_tfrc,0,op_gfp_intensity_min_mean,1,2.221679138759612,3.3616983890533447,1.5131340662136377
recycling_endosome_tfrc,1,op_gfp_intensity_min_median,1,2.3305155293253375,3.3440911769866943,1.4349147795444117
recycling_endosome_tfrc,2,op_gfp_intensity_min_std,1,1.2845119399944525,1.5779308080673218,1.2284282916623854
recycling_endosome_tfrc,3,op_gfp_intensity_min_sum,1,2138.0120102952997,2625.58935546875,1.2280517334914816
recycling_endosome_tfrc,4,op_gfp_intensity_min_min,1,1.8406251010480337,2.380535840988159,1.293330097276575
recycling_endosome_tfrc,5,op_gfp_intensity_min_max,1,5.668895546066385,7.082001686096191,1.2492736245617284
recycling_endosome_tfrc,6,op_gfp_intensity_max_mean,1,4.198016862608402,5.554222583770752,1.3230586644951405
recycling_endosome_tfrc,7,op_gfp_intensity_max_median,1,4.050749774971498,5.027775764465332,1.2411963324742044
recycling_endosome_tfrc,8,op_gfp_intensity_max_std,1,3.6788917621445143,4.354103088378906,1.1835366109930876
recycling_endosome_tfrc,9,op_gfp_intensity_max_sum,1,2899.6861308421194,3522.655517578125,1.2148402822325755
recycling_endosome_tfrc,10,op_gfp_intensity_max_min,1,2.823891395240775,3.400963544845581,1.2043535210232839
recycling_endosome_tfrc,11,op_gfp_intensity_max_max,1,19.431555333360734,21.612747192382812,1.1122499883103714
recycling_endosome_tfrc,12,op_gfp_intensity_mean_mean,1,3.1049532275967255,4.531813144683838,1.459543127543831
recycling_endosome_tfrc,13,op_gfp_intensity_mean_median,1,3.3124804734330913,4.552763938903809,1.3744274043026354
recycling_endosome_tfrc,14,op_gfp_intensity_mean_std,1,1.9391876230118028,2.3877339363098145,1.2313062995943438
recycling_endosome_tfrc,15,op_gfp_intensity_mean_sum,1,2472.2785786852123,3014.0751953125,1.2191486919388437
recycling_endosome_tfrc,16,op_gfp_intensity_mean_min,1,1.8558749838449222,2.3788487911224365,1.2817936616582004
recycling_endosome_tfrc,17,op_gfp_intensity_mean_max,1,8.167841232191298,10.085185050964355,1.2347430323714392
recycling_endosome_tfrc,18,op_gfp_intensity_range_mean,1,2.4769034319197685,2.6871416568756104,1.0848794596698883
recycling_endosome_tfrc,19,op_gfp_intensity_range_median,1,1.6750986203365947,1.6708641052246094,0.9974720801148207
recycling_endosome_tfrc,20,op_gfp_intensity_range_std,1,3.431964827591214,3.8615925312042236,1.1251841802570428
recycling_endosome_tfrc,21,op_gfp_intensity_range_sum,1,774.7017180228987,909.58984375,1.1741162083276988
recycling_endosome_tfrc,22,op_gfp_intensity_range_min,1,1.658518298155537,1.8248752355575562,1.100304553520469
recycling_endosome_tfrc,23,op_gfp_intensity_range_max,1,19.443701515833624,20.84958267211914,1.0723052220864768
recycling_endosome_tfrc,0,op_gfp_intensity_min_mean,2,2.221679138759612,3.371457576751709,1.5175267742010805
recycling_endosome_tfrc,1,op_gfp_intensity_min_median,2,2.3305155293253375,3.3523311614990234,1.438450471286708
recycling_endosome_tfrc,2,op_gfp_intensity_min_std,2,1.2845119399944525,1.5814180374145508,1.2311431199474725
recycling_endosome_tfrc,3,op_gfp_intensity_min_sum,2,2138.0120102952997,2577.737548828125,1.2056702845519054
recycling_endosome_tfrc,4,op_gfp_intensity_min_min,2,1.8406251010480337,2.3842198848724365,1.2953316150664713
recycling_endosome_tfrc,5,op_gfp_intensity_min_max,2,5.668895546066385,7.102171897888184,1.2528316742079224
recycling_endosome_tfrc,6,op_gfp_intensity_max_mean,2,4.198016862608402,5.58307409286499,1.3299313165207238
recycling_endosome_tfrc,7,op_gfp_intensity_max_median,2,4.050749774971498,5.046649932861328,1.2458557583692853
recycling_endosome_tfrc,8,op_gfp_intensity_max_std,2,3.6788917621445143,4.380488395690918,1.190708691341717
recycling_endosome_tfrc,9,op_gfp_intensity_max_sum,2,2899.6861308421194,3459.69970703125,1.1931290322192536
recycling_endosome_tfrc,10,op_gfp_intensity_max_min,2,2.823891395240775,3.409149169921875,1.2072522249501025
recycling_endosome_tfrc,11,op_gfp_intensity_max_max,2,19.431555333360734,21.790307998657227,1.12138774404985
recycling_endosome_tfrc,12,op_gfp_intensity_mean_mean,2,3.1049532275967255,4.548398494720459,1.464884705603433
recycling_endosome_tfrc,13,op_gfp_intensity_mean_median,2,3.3124804734330913,4.566444396972656,1.378557378253748
recycling_endosome_tfrc,14,op_gfp_intensity_mean_std,2,1.9391876230118028,2.3935647010803223,1.2343131075490337
recycling_endosome_tfrc,15,op_gfp_intensity_mean_sum,2,2472.2785786852123,2958.63525390625,1.1967240582894538
recycling_endosome_tfrc,16,op_gfp_intensity_mean_min,2,1.8558749838449222,2.3863015174865723,1.285809409717208
recycling_endosome_tfrc,17,op_gfp_intensity_mean_max,2,8.167841232191298,10.11994457244873,1.2389986882413622
recycling_endosome_tfrc,18,op_gfp_intensity_range_mean,2,2.4769034319197685,2.7136404514312744,1.0955778156147244
recycling_endosome_tfrc,19,op_gfp_intensity_range_median,2,1.6750986203365947,1.684834599494934,1.0058121826620472
recycling_endosome_tfrc,20,op_gfp_intensity_range_std,2,3.431964827591214,3.895333766937256,1.1350156434065979
recycling_endosome_tfrc,21,op_gfp_intensity_range_sum,2,774.7017180228987,894.6779174804688,1.1548676047392266
recycling_endosome_tfrc,22,op_gfp_intensity_range_min,2,1.658518298155537,1.8265174627304077,1.1012947308219059
recycling_endosome_tfrc,23,op_gfp_intensity_range_max,2,19.443701515833624,21.03923988342285,1.082059394209993
recycling_endosome_tfrc,0,op_gfp_intensity_min_mean,3,2.221679138759612,3.3782975673675537,1.5206055223859618
recycling_endosome_tfrc,1,op_gfp_intensity_min_median,3,2.3305155293253375,3.360138416290283,1.4418004832016769
recycling_endosome_tfrc,2,op_gfp_intensity_min_std,3,1.2845119399944525,1.5831400156021118,1.2324836899600553
recycling_endosome_tfrc,3,op_gfp_intensity_min_sum,3,2138.0120102952997,2591.424560546875,1.2120720314330464
recycling_endosome_tfrc,4,op_gfp_intensity_min_min,3,1.8406251010480337,2.3893356323242188,1.2981109683681673
recycling_endosome_tfrc,5,op_gfp_intensity_min_max,3,5.668895546066385,7.103830814361572,1.2531243090712583
recycling_endosome_tfrc,6,op_gfp_intensity_max_mean,3,4.198016862608402,5.568864822387695,1.3265465586833134
recycling_endosome_tfrc,7,op_gfp_intensity_max_median,3,4.050749774971498,5.049690246582031,1.2466063141650268
recycling_endosome_tfrc,8,op_gfp_intensity_max_std,3,3.6788917621445143,4.341348648071289,1.180069686404857
recycling_endosome_tfrc,9,op_gfp_intensity_max_sum,3,2899.6861308421194,3480.4033203125,1.200268981974863
recycling_endosome_tfrc,10,op_gfp_intensity_max_min,3,2.823891395240775,3.406080484390259,1.206165538140267
recycling_endosome_tfrc,11,op_gfp_intensity_max_max,3,19.431555333360734,21.91230583190918,1.127666080042981
recycling_endosome_tfrc,12,op_gfp_intensity_mean_mean,3,3.1049532275967255,4.551751613616943,1.4659646313384433
recycling_endosome_tfrc,13,op_gfp_intensity_mean_median,3,3.3124804734330913,4.573817729949951,1.3807833032173609
recycling_endosome_tfrc,14,op_gfp_intensity_mean_std,3,1.9391876230118028,2.3816897869110107,1.2281894534846227
recycling_endosome_tfrc,15,op_gfp_intensity_mean_sum,3,2472.2785786852123,2975.5263671875,1.2035562629717567
recycling_endosome_tfrc,16,op_gfp_intensity_mean_min,3,1.8558749838449222,2.3851521015167236,1.2851900706023138
recycling_endosome_tfrc,17,op_gfp_intensity_mean_max,3,8.167841232191298,10.125736236572266,1.2397077696202594
recycling_endosome_tfrc,18,op_gfp_intensity_range_mean,3,2.4769034319197685,2.6649420261383057,1.075916804747125
recycling_endosome_tfrc,19,op_gfp_intensity_range_median,3,1.6750986203365947,1.6482611894607544,0.9839785965136503
recycling_endosome_tfrc,20,op_gfp_intensity_range_std,3,3.431964827591214,3.8524694442749023,1.1225259109018395
recycling_endosome_tfrc,21,op_gfp_intensity_range_sum,3,774.7017180228987,902.016357421875,1.1643402053165617
recycling_endosome_tfrc,22,op_gfp_intensity_range_min,3,1.658518298155537,1.8232942819595337,1.099351320987683
recycling_endosome_tfrc,23,op_gfp_intensity_range_max,3,19.443701515833624,21.21074104309082,1.0908797908576326
recycling_endosome_tfrc,0,op_gfp_intensity_min_mean,4,2.221679138759612,3.361208200454712,1.5129134274228777
recycling_endosome_tfrc,1,op_gfp_intensity_min_median,4,2.3305155293253375,3.342273235321045,1.4341347196637655
recycling_endosome_tfrc,2,op_gfp_intensity_min_std,4,1.2845119399944525,1.5812325477600098,1.230998715174916
recycling_endosome_tfrc,3,op_gfp_intensity_min_sum,4,2138.0120102952997,2668.317626953125,1.248036780946137
recycling_endosome_tfrc,4,op_gfp_intensity_min_min,4,1.8406251010480337,2.3663172721862793,1.2856052385892824
recycling_endosome_tfrc,5,op_gfp_intensity_min_max,4,5.668895546066385,7.064093589782715,1.2461146148096607
recycling_endosome_tfrc,6,op_gfp_intensity_max_mean,4,4.198016862608402,5.538299560546875,1.3192656775336773
recycling_endosome_tfrc,7,op_gfp_intensity_max_median,4,4.050749774971498,5.017735004425049,1.2387175913526662
recycling_endosome_tfrc,8,op_gfp_intensity_max_std,4,3.6788917621445143,4.332390308380127,1.1776346216434137
recycling_endosome_tfrc,9,op_gfp_intensity_max_sum,4,2899.6861308421194,3580.15087890625,1.2346684149109999
recycling_endosome_tfrc,10,op_gfp_intensity_max_min,4,2.823891395240775,3.3948395252227783,1.2021848754326199
recycling_endosome_tfrc,11,op_gfp_intensity_max_max,4,19.431555333360734,21.783933639526367,1.1210597024174895
recycling_endosome_tfrc,12,op_gfp_intensity_mean_mean,4,3.1049532275967255,4.5271382331848145,1.4580374972955321
recycling_endosome_tfrc,13,op_gfp_intensity_mean_median,4,3.3124804734330913,4.55230712890625,1.3742894985847838
recycling_endosome_tfrc,14,op_gfp_intensity_mean_std,4,1.9391876230118028,2.378382682800293,1.2264840465031253
recycling_endosome_tfrc,15,op_gfp_intensity_mean_sum,4,2472.2785786852123,3063.408203125,1.2391031615677217
recycling_endosome_tfrc,16,op_gfp_intensity_mean_min,4,1.8558749838449222,2.3731894493103027,1.2787442419174326
recycling_endosome_tfrc,17,op_gfp_intensity_mean_max,4,8.167841232191298,10.084193229675293,1.2346216023312526
recycling_endosome_tfrc,18,op_gfp_intensity_range_mean,4,2.4769034319197685,2.64998459815979,1.0698780436934
recycling_endosome_tfrc,19,op_gfp_intensity_range_median,4,1.6750986203365947,1.625396966934204,0.9703291180596856
recycling_endosome_tfrc,20,op_gfp_intensity_range_std,4,3.431964827591214,3.8395512104034424,1.1187618181676704
recycling_endosome_tfrc,21,op_gfp_intensity_range_sum,4,774.7017180228987,924.6839599609375,1.1935999862254154
recycling_endosome_tfrc,22,op_gfp_intensity_range_min,4,1.658518298155537,1.8227603435516357,1.0990293839861487
recycling_endosome_tfrc,23,op_gfp_intensity_range_max,4,19.443701515833624,21.09316062927246,1.0848325670961174
er_golgi_cope,0,op_gfp_intensity_min_mean,0,13.696005331653163,23.039501190185547,1.682205915686847
er_golgi_cope,1,op_gfp_intensity_min_median,0,13.541474028183881,22.98859214782715,1.6976432624676585
er_golgi_cope,2,op_gfp_intensity_min_std,0,10.379441404592038,10.972719192504883,1.0571589322379495
er_golgi_cope,3,op_gfp_intensity_min_sum,0,3179.922814860809,4461.64892578125,1.403068308743382
er_golgi_cope,4,op_gfp_intensity_min_min,0,9.058199325686944,13.324258804321289,1.4709610956050385
er_golgi_cope,5,op_gfp_intensity_min_max,0,47.87232896545691,62.322757720947266,1.3018534729304128
er_golgi_cope,6,op_gfp_intensity_max_mean,0,22.426117780181837,35.366355895996094,1.577016416423607
er_golgi_cope,7,op_gfp_intensity_max_median,0,20.982412994715546,34.07695388793945,1.6240722121198257
er_golgi_cope,8,op_gfp_intensity_max_std,0,22.307086745854335,23.415142059326172,1.0496727934981365
er_golgi_cope,9,op_gfp_intensity_max_sum,0,4239.78094641136,5969.8798828125,1.4080632839924272
er_golgi_cope,10,op_gfp_intensity_max_min,0,13.835776412508787,19.28165054321289,1.3936081336050317
er_golgi_cope,11,op_gfp_intensity_max_max,0,102.4766190551702,133.4777374267578,1.3025189419539454
er_golgi_cope,12,op_gfp_intensity_mean_mean,0,17.015959762876193,28.167911529541016,1.6553818839531516
er_golgi_cope,13,op_gfp_intensity_mean_median,0,17.248792210743915,28.51545524597168,1.6531856200464863
er_golgi_cope,14,op_gfp_intensity_mean_std,0,13.270654706966138,13.908178329467773,1.0480401032638564
er_golgi_cope,15,op_gfp_intensity_mean_sum,0,3666.09025440569,5155.30126953125,1.4062123166051121
er_golgi_cope,16,op_gfp_intensity_mean_min,0,11.135752945475454,16.379840850830078,1.4709235137517431
er_golgi_cope,17,op_gfp_intensity_mean_max,0,62.71751326210055,81.69695281982422,1.3026178585622066
er_golgi_cope,18,op_gfp_intensity_range_mean,0,11.696739358650216,14.082292556762695,1.203950274086279
er_golgi_cope,19,op_gfp_intensity_range_median,0,8.432470609642118,10.67768383026123,1.2662580546740145
er_golgi_cope,20,op_gfp_intensity_range_std,0,19.24514555935975,19.891427993774414,1.0335815820369492
er_golgi_cope,21,op_gfp_intensity_range_sum,0,1090.3756608275744,1543.077392578125,1.415179600952353
er_golgi_cope,22,op_gfp_intensity_range_min,0,4.780739440633831,4.945905685424805,1.0345482632638678
er_golgi_cope,23,op_gfp_intensity_range_max,0,88.17780706450876,108.61115264892578,1.2317288926165797
er_golgi_cope,0,op_gfp_intensity_min_mean,1,13.696005331653163,23.17708969116211,1.6922518011581806
er_golgi_cope,1,op_gfp_intensity_min_median,1,13.541474028183881,23.1539249420166,1.7098526271088597
er_golgi_cope,2,op_gfp_intensity_min_std,1,10.379441404592038,11.183606147766113,1.0774766879861473
er_golgi_cope,3,op_gfp_intensity_min_sum,1,3179.922814860809,4448.83642578125,1.3990391228964416
er_golgi_cope,4,op_gfp_intensity_min_min,1,9.058199325686944,13.31081771850586,1.4694772371324927
er_golgi_cope,5,op_gfp_intensity_min_max,1,47.87232896545691,63.056800842285156,1.3171868218023164
er_golgi_cope,6,op_gfp_intensity_max_mean,1,22.426117780181837,35.55356216430664,1.585364105941049
er_golgi_cope,7,op_gfp_intensity_max_median,1,20.982412994715546,34.24989700317383,1.6323145012825608
er_golgi_cope,8,op_gfp_intensity_max_std,1,22.307086745854335,23.524639129638672,1.0545814161058307
er_golgi_cope,9,op_gfp_intensity_max_sum,1,4239.78094641136,5952.48828125,1.4039612792468232
er_golgi_cope,10,op_gfp_intensity_max_min,1,13.835776412508787,19.357736587524414,1.3991073583715388
er_golgi_cope,11,op_gfp_intensity_max_max,1,102.4766190551702,133.7355499267578,1.3050347597314738
er_golgi_cope,12,op_gfp_intensity_mean_mean,1,17.015959762876193,28.325471878051758,1.6646414467816024
er_golgi_cope,13,op_gfp_intensity_mean_median,1,17.248792210743915,28.673913955688477,1.6623722754239043
er_golgi_cope,14,op_gfp_intensity_mean_std,1,13.270654706966138,14.081918716430664,1.061132176774871
er_golgi_cope,15,op_gfp_intensity_mean_sum,1,3666.09025440569,5139.88232421875,1.402006488531466
er_golgi_cope,16,op_gfp_intensity_mean_min,1,11.135752945475454,16.379535675048828,1.4708961087093768
er_golgi_cope,17,op_gfp_intensity_mean_max,1,62.71751326210055,82.14165496826172,1.309708416291737
er_golgi_cope,18,op_gfp_intensity_range_mean,1,11.696739358650216,14.1954345703125,1.213623227383826
er_golgi_cope,19,op_gfp_intensity_range_median,1,8.432470609642118,10.771058082580566,1.2773312331814577
er_golgi_cope,20,op_gfp_intensity_range_std,1,19.24514555935975,19.953733444213867,1.0368190452323964
er_golgi_cope,21,op_gfp_intensity_range_sum,1,1090.3756608275744,1540.3746337890625,1.4127008600136466
er_golgi_cope,22,op_gfp_intensity_range_min,1,4.780739440633831,5.002452850341797,1.046376384335761
er_golgi_cope,23,op_gfp_intensity_range_max,1,88.17780706450876,108.81615447998047,1.2340537614002263
er_golgi_cope,0,op_gfp_intensity_min_mean,2,13.696005331653163,23.18807029724121,1.6930535390235801
er_golgi_cope,1,op_gfp_intensity_min_median,2,13.541474028183881,23.080440521240234,1.704426008069941
er_golgi_cope,2,op_gfp_intensity_min_std,2,10.379441404592038,11.286437034606934,1.0873838576335741
er_golgi_cope,3,op_gfp_intensity_min_sum,2,3179.922814860809,4466.3076171875,1.404533341600305
er_golgi_cope,4,op_gfp_intensity_min_min,2,9.058199325686944,13.303589820861816,1.4686792973451062
er_golgi_cope,5,op_gfp_intensity_min_max,2,47.87232896545691,62.66328430175781,1.3089666965434994
er_golgi_cope,6,op_gfp_intensity_max_mean,2,22.426117780181837,35.58663558959961,1.5868388785975183
er_golgi_cope,7,op_gfp_intensity_max_median,2,20.982412994715546,34.38318634033203,1.6386669325873764
er_golgi_cope,8,op_gfp_intensity_max_std,2,22.307086745854335,23.441633224487305,1.0508603607256704
er_golgi_cope,9,op_gfp_intensity_max_sum,2,4239.78094641136,5967.45654296875,1.407491712046994
er_golgi_cope,10,op_gfp_intensity_max_min,2,13.835776412508787,19.418554306030273,1.403503043636507
er_golgi_cope,11,op_gfp_intensity_max_max,2,102.4766190551702,133.70582580566406,1.3047447021420664
er_golgi_cope,12,op_gfp_intensity_mean_mean,2,17.015959762876193,28.34317398071289,1.665681770272479
er_golgi_cope,13,op_gfp_intensity_mean_median,2,17.248792210743915,28.749095916748047,1.6667309551587521
er_golgi_cope,14,op_gfp_intensity_mean_std,2,13.270654706966138,14.190631866455078,1.069324172755849
er_golgi_cope,15,op_gfp_intensity_mean_sum,2,3666.09025440569,5155.93701171875,1.4063857280989334
er_golgi_cope,16,op_gfp_intensity_mean_min,2,11.135752945475454,16.358583450317383,1.4690145812694242
er_golgi_cope,17,op_gfp_intensity_mean_max,2,62.71751326210055,82.03759002685547,1.308049151821678
er_golgi_cope,18,op_gfp_intensity_range_mean,2,11.696739358650216,14.236629486083984,1.2171451418685684
er_golgi_cope,19,op_gfp_intensity_range_median,2,8.432470609642118,10.915243148803711,1.2944300258008208
er_golgi_cope,20,op_gfp_intensity_range_std,2,19.24514555935975,19.7495059967041,1.0262071510859039
er_golgi_cope,21,op_gfp_intensity_range_sum,2,1090.3756608275744,1536.432861328125,1.4090858009082867
er_golgi_cope,22,op_gfp_intensity_range_min,2,4.780739440633831,5.320375442504883,1.1128770995725938
er_golgi_cope,23,op_gfp_intensity_range_max,2,88.17780706450876,108.65465545654297,1.2322222458657182
er_golgi_cope,0,op_gfp_intensity_min_mean,3,13.696005331653163,22.99653434753418,1.6790687350556401
er_golgi_cope,1,op_gfp_intensity_min_median,3,13.541474028183881,22.91849708557129,1.6924669380800792
er_golgi_cope,2,op_gfp_intensity_min_std,3,10.379441404592038,10.877507209777832,1.0479858005620073
er_golgi_cope,3,op_gfp_intensity_min_sum,3,3179.922814860809,4447.67333984375,1.398673363723903
er_golgi_cope,4,op_gfp_intensity_min_min,3,9.058199325686944,13.22545337677002,1.460053251341656
er_golgi_cope,5,op_gfp_intensity_min_max,3,47.87232896545691,61.626556396484375,1.2873105973380168
er_golgi_cope,6,op_gfp_intensity_max_mean,3,22.426117780181837,35.36599349975586,1.577000256861627
er_golgi_cope,7,op_gfp_intensity_max_median,3,20.982412994715546,34.17631912231445,1.628807855937342
er_golgi_cope,8,op_gfp_intensity_max_std,3,22.307086745854335,23.176467895507812,1.0389733163975368
er_golgi_cope,9,op_gfp_intensity_max_sum,3,4239.78094641136,5941.36962890625,1.4013388200952106
er_golgi_cope,10,op_gfp_intensity_max_min,3,13.835776412508787,19.27450180053711,1.3930914482768908
er_golgi_cope,11,op_gfp_intensity_max_max,3,102.4766190551702,133.00320434570312,1.297888294637222
er_golgi_cope,12,op_gfp_intensity_mean_mean,3,17.015959762876193,28.110164642333984,1.6519881942634864
er_golgi_cope,13,op_gfp_intensity_mean_median,3,17.248792210743915,28.556196212768555,1.6555475805999618
er_golgi_cope,14,op_gfp_intensity_mean_std,3,13.270654706966138,13.80528736114502,1.0402868333163877
er_golgi_cope,15,op_gfp_intensity_mean_sum,3,3666.09025440569,5133.458984375,1.4002543931388252
er_golgi_cope,16,op_gfp_intensity_mean_min,3,11.135752945475454,16.243392944335938,1.4586703767467972
er_golgi_cope,17,op_gfp_intensity_mean_max,3,62.71751326210055,81.01236724853516,1.2917024772646712
er_golgi_cope,18,op_gfp_intensity_range_mean,3,11.696739358650216,14.220507621765137,1.215766820626681
er_golgi_cope,19,op_gfp_intensity_range_median,3,8.432470609642118,10.911612510681152,1.293999471306103
er_golgi_cope,20,op_gfp_intensity_range_std,3,19.24514555935975,19.631704330444336,1.020086040393526
er_golgi_cope,21,op_gfp_intensity_range_sum,3,1090.3756608275744,1528.610107421875,1.4019114350568767
er_golgi_cope,22,op_gfp_intensity_range_min,3,4.780739440633831,5.30337381362915,1.1093208235849867
er_golgi_cope,23,op_gfp_intensity_range_max,3,88.17780706450876,107.97071075439453,1.224465819108041
er_golgi_cope,0,op_gfp_intensity_min_mean,4,13.696005331653163,22.958473205566406,1.6762897392064044
er_golgi_cope,1,op_gfp_intensity_min_median,4,13.541474028183881,22.853858947753906,1.6876935923067276
er_golgi_cope,2,op_gfp_intensity_min_std,4,10.379441404592038,10.892694473266602,1.0494490068075815
er_golgi_cope,3,op_gfp_intensity_min_sum,4,3179.922814860809,4402.91796875,1.3845990060430833
er_golgi_cope,4,op_gfp_intensity_min_min,4,9.058199325686944,13.239747047424316,1.4616312328079906
er_golgi_cope,5,op_gfp_intensity_min_max,4,47.87232896545691,61.65980911254883,1.2880052097954229
er_golgi_cope,6,op_gfp_intensity_max_mean,4,22.426117780181837,35.33135986328125,1.5754559130383188
er_golgi_cope,7,op_gfp_intensity_max_median,4,20.982412994715546,34.12518310546875,1.6263707665111364
er_golgi_cope,8,op_gfp_intensity_max_std,4,22.307086745854335,23.325946807861328,1.0456742771306229
er_golgi_cope,9,op_gfp_intensity_max_sum,4,4239.78094641136,5886.28857421875,1.3883473341237191
er_golgi_cope,10,op_gfp_intensity_max_min,4,13.835776412508787,19.28761863708496,1.3940394858973884
er_golgi_cope,11,op_gfp_intensity_max_max,4,102.4766190551702,133.27833557128906,1.3005731141416383
er_golgi_cope,12,op_gfp_intensity_mean_mean,4,17.015959762876193,28.10039520263672,1.6514140603425436
er_golgi_cope,13,op_gfp_intensity_mean_median,4,17.248792210743915,28.509130477905273,1.652818941151574
er_golgi_cope,14,op_gfp_intensity_mean_std,4,13.270654706966138,13.907867431640625,1.0480166757967109
er_golgi_cope,15,op_gfp_intensity_mean_sum,4,3666.09025440569,5084.83203125,1.3869904116897696
er_golgi_cope,16,op_gfp_intensity_mean_min,4,11.135752945475454,16.283418655395508,1.4622647193346356
er_golgi_cope,17,op_gfp_intensity_mean_max,4,62.71751326210055,81.08063507080078,1.2927909742205428
er_golgi_cope,18,op_gfp_intensity_range_mean,4,11.696739358650216,14.145183563232422,1.209327072229876
er_golgi_cope,19,op_gfp_intensity_range_median,4,8.432470609642118,10.775444030761719,1.2778513592968264
er_golgi_cope,20,op_gfp_intensity_range_std,4,19.24514555935975,19.7281551361084,1.0250977356995745
er_golgi_cope,21,op_gfp_intensity_range_sum,4,1090.3756608275744,1518.7467041015625,1.392865558782615
er_golgi_cope,22,op_gfp_intensity_range_min,4,4.780739440633831,5.295139312744141,1.1075983911062324
er_golgi_cope,23,op_gfp_intensity_range_max,4,88.17780706450876,108.28520202636719,1.2280323772074344
chaperones_hspa1b,0,op_gfp_intensity_min_mean,0,21.340281497401534,32.80890655517578,1.5374167655272357
chaperones_hspa1b,1,op_gfp_intensity_min_median,0,21.753587831432316,33.398765563964844,1.5353221649123145
chaperones_hspa1b,2,op_gfp_intensity_min_std,0,12.692531466025418,12.942622184753418,1.0197037698427163
chaperones_hspa1b,3,op_gfp_intensity_min_sum,0,1038.482301278111,1201.721435546875,1.1571900975759122
chaperones_hspa1b,4,op_gfp_intensity_min_min,0,18.475220575641277,27.79420280456543,1.5044043826578612
chaperones_hspa1b,5,op_gfp_intensity_min_max,0,38.78369114275169,49.82142639160156,1.2845973377887916
chaperones_hspa1b,6,op_gfp_intensity_max_mean,0,43.35076078575906,56.21485900878906,1.2967444628389526
chaperones_hspa1b,7,op_gfp_intensity_max_median,0,38.70140883358528,50.21225357055664,1.2974270209766159
chaperones_hspa1b,8,op_gfp_intensity_max_std,0,48.821024819459396,49.456443786621094,1.0130152730204145
chaperones_hspa1b,9,op_gfp_intensity_max_sum,0,1584.1618827543307,1815.28857421875,1.1458984046899088
chaperones_hspa1b,10,op_gfp_intensity_max_min,0,30.919784034409904,40.48582077026367,1.3093823917142484
chaperones_hspa1b,11,op_gfp_intensity_max_max,0,150.58377209544,169.93051147460938,1.128478249083224
chaperones_hspa1b,12,op_gfp_intensity_mean_mean,0,27.995337527529983,39.65897750854492,1.4166279463337486
chaperones_hspa1b,13,op_gfp_intensity_mean_median,0,27.880313858247156,39.631980895996094,1.421504115681708
chaperones_hspa1b,14,op_gfp_intensity_mean_std,0,19.744507822321612,19.311899185180664,0.9780896722757569
chaperones_hspa1b,15,op_gfp_intensity_mean_sum,0,1244.862342990893,1435.9954833984375,1.1535375710284
chaperones_hspa1b,16,op_gfp_intensity_mean_min,0,24.772288742451718,34.756614685058594,1.4030441452709599
chaperones_hspa1b,17,op_gfp_intensity_mean_max,0,60.246503542519044,69.64505004882812,1.1560015262906675
chaperones_hspa1b,18,op_gfp_intensity_range_mean,0,31.994094873173626,32.622093200683594,1.0196285698970198
chaperones_hspa1b,19,op_gfp_intensity_range_median,0,25.015950873596854,24.870763778686523,0.994196219218532
chaperones_hspa1b,20,op_gfp_intensity_range_std,0,47.83052187976371,48.924076080322266,1.0228631040929792
chaperones_hspa1b,21,op_gfp_intensity_range_sum,0,587.075281972983,658.0509033203125,1.1208969676066105
chaperones_hspa1b,22,op_gfp_intensity_range_min,0,14.355839678876608,13.54958438873291,0.9438378173496856
chaperones_hspa1b,23,op_gfp_intensity_range_max,0,144.5143637722391,154.12762451171875,1.0665211435634907
chaperones_hspa1b,0,op_gfp_intensity_min_mean,1,21.340281497401534,32.66226577758789,1.530545217108076
chaperones_hspa1b,1,op_gfp_intensity_min_median,1,21.753587831432316,33.21830749511719,1.5270266106227868
chaperones_hspa1b,2,op_gfp_intensity_min_std,1,12.692531466025418,12.899222373962402,1.0162844510955313
chaperones_hspa1b,3,op_gfp_intensity_min_sum,1,1038.482301278111,1213.876708984375,1.1688949416763266
chaperones_hspa1b,4,op_gfp_intensity_min_min,1,18.475220575641277,27.739831924438477,1.5014614743497114
chaperones_hspa1b,5,op_gfp_intensity_min_max,1,38.78369114275169,49.561614990234375,1.2778983518565117
chaperones_hspa1b,6,op_gfp_intensity_max_mean,1,43.35076078575906,56.193504333496094,1.2962518607506408
chaperones_hspa1b,7,op_gfp_intensity_max_median,1,38.70140883358528,50.111244201660156,1.294817054777948
chaperones_hspa1b,8,op_gfp_intensity_max_std,1,48.821024819459396,49.08014678955078,1.005307589733104
chaperones_hspa1b,9,op_gfp_intensity_max_sum,1,1584.1618827543307,1834.684814453125,1.1581422545423314
chaperones_hspa1b,10,op_gfp_intensity_max_min,1,30.919784034409904,40.684940338134766,1.315822267479535
chaperones_hspa1b,11,op_gfp_intensity_max_max,1,150.58377209544,169.7648162841797,1.1273778968465655
chaperones_hspa1b,12,op_gfp_intensity_mean_mean,1,27.995337527529983,39.60481262207031,1.4146931639285947
chaperones_hspa1b,13,op_gfp_intensity_mean_median,1,27.880313858247156,39.56736373901367,1.4191864532152467
chaperones_hspa1b,14,op_gfp_intensity_mean_std,1,19.744507822321612,19.2883358001709,0.9768962576198025
chaperones_hspa1b,15,op_gfp_intensity_mean_sum,1,1244.862342990893,1450.0655517578125,1.1648400804492973
chaperones_hspa1b,16,op_gfp_intensity_mean_min,1,24.772288742451718,34.70328903198242,1.400891511994698
chaperones_hspa1b,17,op_gfp_intensity_mean_max,1,60.246503542519044,69.83721923828125,1.1591912415131866
chaperones_hspa1b,18,op_gfp_intensity_range_mean,1,31.994094873173626,32.70651626586914,1.0222672776185604
chaperones_hspa1b,19,op_gfp_intensity_range_median,1,25.015950873596854,24.866029739379883,0.9940069783885287
chaperones_hspa1b,20,op_gfp_intensity_range_std,1,47.83052187976371,48.56517791748047,1.0153595655837404
chaperones_hspa1b,21,op_gfp_intensity_range_sum,1,587.075281972983,665.1543579101562,1.1329967013340656
chaperones_hspa1b,22,op_gfp_intensity_range_min,1,14.355839678876608,14.00050163269043,0.9752478396154682
chaperones_hspa1b,23,op_gfp_intensity_range_max,1,144.5143637722391,153.94520568847656,1.0652588550374196
chaperones_hspa1b,0,op_gfp_intensity_min_mean,2,21.340281497401534,32.8319091796875,1.5384946624853673
chaperones_hspa1b,1,op_gfp_intensity_min_median,2,21.753587831432316,33.47539520263672,1.538844785606688
chaperones_hspa1b,2,op_gfp_intensity_min_std,2,12.692531466025418,13.435376167297363,1.058526126427998
chaperones_hspa1b,3,op_gfp_intensity_min_sum,2,1038.482301278111,1213.697509765625,1.1687223829157878
chaperones_hspa1b,4,op_gfp_intensity_min_min,2,18.475220575641277,27.66518783569336,1.497421247147037
chaperones_hspa1b,5,op_gfp_intensity_min_max,2,38.78369114275169,50.094383239746094,1.2916352663639716
chaperones_hspa1b,6,op_gfp_intensity_max_mean,2,43.35076078575906,56.448646545410156,1.3021373909533283
chaperones_hspa1b,7,op_gfp_intensity_max_median,2,38.70140883358528,50.68690872192383,1.3096915654899226
chaperones_hspa1b,8,op_gfp_intensity_max_std,2,48.821024819459396,49.09140396118164,1.0055381701371922
chaperones_hspa1b,9,op_gfp_intensity_max_sum,2,1584.1618827543307,1833.3389892578125,1.1572927042470216
chaperones_hspa1b,10,op_gfp_intensity_max_min,2,30.919784034409904,40.88111877441406,1.3221670218950567
chaperones_hspa1b,11,op_gfp_intensity_max_max,2,150.58377209544,170.12791442871094,1.1297891669288498
chaperones_hspa1b,12,op_gfp_intensity_mean_mean,2,27.995337527529983,39.900123596191406,1.4252417409489893
chaperones_hspa1b,13,op_gfp_intensity_mean_median,2,27.880313858247156,39.933387756347656,1.4323148569769466
chaperones_hspa1b,14,op_gfp_intensity_mean_std,2,19.744507822321612,19.625463485717773,0.9939707620126517
chaperones_hspa1b,15,op_gfp_intensity_mean_sum,2,1244.862342990893,1450.1136474609375,1.1648787158079743
chaperones_hspa1b,16,op_gfp_intensity_mean_min,2,24.772288742451718,34.80837631225586,1.4051336424399705
chaperones_hspa1b,17,op_gfp_intensity_mean_max,2,60.246503542519044,70.28260803222656,1.1665840156619964
chaperones_hspa1b,18,op_gfp_intensity_range_mean,2,31.994094873173626,32.77849197387695,1.0245169336345572
chaperones_hspa1b,19,op_gfp_intensity_range_median,2,25.015950873596854,25.27363395690918,1.0103007510933473
chaperones_hspa1b,20,op_gfp_intensity_range_std,2,47.83052187976371,48.547019958496094,1.0149799343718957
chaperones_hspa1b,21,op_gfp_intensity_range_sum,2,587.075281972983,663.795654296875,1.1306823412255715
chaperones_hspa1b,22,op_gfp_intensity_range_min,2,14.355839678876608,14.042023658752441,0.9781401835668366
chaperones_hspa1b,23,op_gfp_intensity_range_max,2,144.5143637722391,154.22518920898438,1.0671962646706175
chaperones_hspa1b,0,op_gfp_intensity_min_mean,3,21.340281497401534,32.70915603637695,1.5327424823500915
chaperones_hspa1b,1,op_gfp_intensity_min_median,3,21.753587831432316,33.28436279296875,1.530063134913098
chaperones_hspa1b,2,op_gfp_intensity_min_std,3,12.692531466025418,13.776786804199219,1.085424672066094
chaperones_hspa1b,3,op_gfp_intensity_min_sum,3,1038.482301278111,1202.42431640625,1.1578669322783524
chaperones_hspa1b,4,op_gfp_intensity_min_min,3,18.475220575641277,27.45412254333496,1.4859970104785623
chaperones_hspa1b,5,op_gfp_intensity_min_max,3,38.78369114275169,50.72956848144531,1.3080129040509387
chaperones_hspa1b,6,op_gfp_intensity_max_mean,3,43.35076078575906,56.70948028564453,1.3081542113160303
chaperones_hspa1b,7,op_gfp_intensity_max_median,3,38.70140883358528,50.882389068603516,1.3147425533627477
chaperones_hspa1b,8,op_gfp_intensity_max_std,3,48.821024819459396,49.445438385009766,1.0127898496162147
chaperones_hspa1b,9,op_gfp_intensity_max_sum,3,1584.1618827543307,1821.0634765625,1.1495438038164865
chaperones_hspa1b,10,op_gfp_intensity_max_min,3,30.919784034409904,40.87114715576172,1.3218445222734148
chaperones_hspa1b,11,op_gfp_intensity_max_max,3,150.58377209544,170.44117736816406,1.1318694902936715
chaperones_hspa1b,12,op_gfp_intensity_mean_mean,3,27.995337527529983,39.880859375,1.4245536184652914
chaperones_hspa1b,13,op_gfp_intensity_mean_median,3,27.880313858247156,39.912559509277344,1.4315677977014947
chaperones_hspa1b,14,op_gfp_intensity_mean_std,3,19.744507822321612,19.756250381469727,1.0005947253410308
chaperones_hspa1b,15,op_gfp_intensity_mean_sum,3,1244.862342990893,1438.0159912109375,1.1551606483299797
chaperones_hspa1b,16,op_gfp_intensity_mean_min,3,24.772288742451718,34.64875411987305,1.3986900637281952
chaperones_hspa1b,17,op_gfp_intensity_mean_max,3,60.246503542519044,70.70695495605469,1.1736275268846625
chaperones_hspa1b,18,op_gfp_intensity_range_mean,3,31.994094873173626,33.16280746459961,1.0365290093705988
chaperones_hspa1b,19,op_gfp_intensity_range_median,3,25.015950873596854,25.781124114990234,1.0305874138168774
chaperones_hspa1b,20,op_gfp_intensity_range_std,3,47.83052187976371,48.891048431396484,1.0221725900105947
chaperones_hspa1b,21,op_gfp_intensity_range_sum,3,587.075281972983,662.4129638671875,1.1283271229560496
chaperones_hspa1b,22,op_gfp_intensity_range_min,3,14.355839678876608,14.39256763458252,1.0025583982913904
chaperones_hspa1b,23,op_gfp_intensity_range_max,3,144.5143637722391,154.48779296875,1.0690134110975256
chaperones_hspa1b,0,op_gfp_intensity_min_mean,4,21.340281497401534,32.648075103759766,1.5298802458503233
chaperones_hspa1b,1,op_gfp_intensity_min_median,4,21.753587831432316,33.287811279296875,1.5302216598587228
chaperones_hspa1b,2,op_gfp_intensity_min_std,4,12.692531466025418,13.282772064208984,1.046502984827218
chaperones_hspa1b,3,op_gfp_intensity_min_sum,4,1038.482301278111,1185.052734375,1.1411390766279768
chaperones_hspa1b,4,op_gfp_intensity_min_min,4,18.475220575641277,27.519920349121094,1.4895584188805213
chaperones_hspa1b,5,op_gfp_intensity_min_max,4,38.78369114275169,50.089744567871094,1.291515662691956
chaperones_hspa1b,6,op_gfp_intensity_max_mean,4,43.35076078575906,56.01577377319336,1.2921520351171052
chaperones_hspa1b,7,op_gfp_intensity_max_median,4,38.70140883358528,49.95936584472656,1.2908926922931954
chaperones_hspa1b,8,op_gfp_intensity_max_std,4,48.821024819459396,49.375858306884766,1.0113646423744105
chaperones_hspa1b,9,op_gfp_intensity_max_sum,4,1584.1618827543307,1793.3006591796875,1.1320185636973754
chaperones_hspa1b,10,op_gfp_intensity_max_min,4,30.919784034409904,40.379512786865234,1.3059442052353218
chaperones_hspa1b,11,op_gfp_intensity_max_max,4,150.58377209544,169.99107360839844,1.1288804314229697
chaperones_hspa1b,12,op_gfp_intensity_mean_mean,4,27.995337527529983,39.49435043334961,1.4107474287285073
chaperones_hspa1b,13,op_gfp_intensity_mean_median,4,27.880313858247156,39.49612808227539,1.416631401033967
chaperones_hspa1b,14,op_gfp_intensity_mean_std,4,19.744507822321612,19.439340591430664,0.9845441966121865
chaperones_hspa1b,15,op_gfp_intensity_mean_sum,4,1244.862342990893,1416.7335205078125,1.1380644040561012
chaperones_hspa1b,16,op_gfp_intensity_mean_min,4,24.772288742451718,34.518531799316406,1.393433289842241
chaperones_hspa1b,17,op_gfp_intensity_mean_max,4,60.246503542519044,69.76023864746094,1.1579134812068814
chaperones_hspa1b,18,op_gfp_intensity_range_mean,4,31.994094873173626,32.47631072998047,1.015072026844903
chaperones_hspa1b,19,op_gfp_intensity_range_median,4,25.015950873596854,24.718284606933594,0.9881009413486883
chaperones_hspa1b,20,op_gfp_intensity_range_std,4,47.83052187976371,48.74248504638672,1.0190665527111642
chaperones_hspa1b,21,op_gfp_intensity_range_sum,4,587.075281972983,651.5597534179688,1.109840208615619
chaperones_hspa1b,22,op_gfp_intensity_range_min,4,14.355839678876608,13.711176872253418,0.9550940369185262
chaperones_hspa1b,23,op_gfp_intensity_range_max,4,144.5143637722391,154.06288146972656,1.0660731393630625
nucleolus-gc_npm3,0,op_gfp_intensity_min_mean,0,4.619096325034881,11.344121932983398,2.4559180269741905
nucleolus-gc_npm3,1,op_gfp_intensity_min_median,0,4.659318832371495,11.347553253173828,2.4354532628964054
nucleolus-gc_npm3,2,op_gfp_intensity_min_std,0,2.272346052627581,2.2762582302093506,1.001721646919599
nucleolus-gc_npm3,3,op_gfp_intensity_min_sum,0,174.64084617577194,194.2000274658203,1.111996601702001
nucleolus-gc_npm3,4,op_gfp_intensity_min_min,0,4.933911462816287,11.288477897644043,2.287936859572376
nucleolus-gc_npm3,5,op_gfp_intensity_min_max,0,5.748794985299686,12.135198593139648,2.110911699611956
nucleolus-gc_npm3,6,op_gfp_intensity_max_mean,0,16.42895798819703,21.29475975036621,1.2961722688477804
nucleolus-gc_npm3,7,op_gfp_intensity_max_median,0,17.456631146967876,22.005632400512695,1.2605887250092327
nucleolus-gc_npm3,8,op_gfp_intensity_max_std,0,11.662303847286493,11.956921577453613,1.0252623953230022
nucleolus-gc_npm3,9,op_gfp_intensity_max_sum,0,268.59079939396406,295.8610534667969,1.1015308571044287
nucleolus-gc_npm3,10,op_gfp_intensity_max_min,0,15.868893011996438,19.89461326599121,1.2536862685350163
nucleolus-gc_npm3,11,op_gfp_intensity_max_max,0,23.30018598859998,28.610374450683594,1.227903265007486
nucleolus-gc_npm3,12,op_gfp_intensity_mean_mean,0,9.463112287758264,15.3049898147583,1.617331523642306
nucleolus-gc_npm3,13,op_gfp_intensity_mean_median,0,9.96539315302085,15.596922874450684,1.5651086349486096
nucleolus-gc_npm3,14,op_gfp_intensity_mean_std,0,6.11980389943377,6.420411586761475,1.0491204771047513
nucleolus-gc_npm3,15,op_gfp_intensity_mean_sum,0,217.61264904241276,240.37326049804688,1.1045923183040618
nucleolus-gc_npm3,16,op_gfp_intensity_mean_min,0,9.586636491111298,14.739829063415527,1.537539164761515
nucleolus-gc_npm3,17,op_gfp_intensity_mean_max,0,12.670678800449268,18.646848678588867,1.4716534900977603
nucleolus-gc_npm3,18,op_gfp_intensity_range_mean,0,14.217694764139093,14.655988693237305,1.0308273553743543
nucleolus-gc_npm3,19,op_gfp_intensity_range_median,0,15.20620603488137,15.466534614562988,1.0171198903319114
nucleolus-gc_npm3,20,op_gfp_intensity_range_std,0,10.838547644860682,11.009038925170898,1.0157300854225666
nucleolus-gc_npm3,21,op_gfp_intensity_range_sum,0,102.27342234973379,110.6661605834961,1.0820617716796699
nucleolus-gc_npm3,22,op_gfp_intensity_range_min,0,13.172154528299616,13.260884284973145,1.0067361612318544
nucleolus-gc_npm3,23,op_gfp_intensity_range_max,0,21.088257939830626,22.48626136779785,1.0662929783937598
nucleolus-gc_npm3,0,op_gfp_intensity_min_mean,1,4.619096325034881,11.351096153259277,2.457427893793395
nucleolus-gc_npm3,1,op_gfp_intensity_min_median,1,4.659318832371495,11.355931282043457,2.437251386006466
nucleolus-gc_npm3,2,op_gfp_intensity_min_std,1,2.272346052627581,2.27878737449646,1.0028346570987419
nucleolus-gc_npm3,3,op_gfp_intensity_min_sum,1,174.64084617577194,193.99041748046875,1.1107963671065926
nucleolus-gc_npm3,4,op_gfp_intensity_min_min,1,4.933911462816287,11.292311668395996,2.288713884207059
nucleolus-gc_npm3,5,op_gfp_intensity_min_max,1,5.748794985299686,12.114018440246582,2.107227422655267
nucleolus-gc_npm3,6,op_gfp_intensity_max_mean,1,16.42895798819703,21.24142837524414,1.2929260876133781
nucleolus-gc_npm3,7,op_gfp_intensity_max_median,1,17.456631146967876,22.0256290435791,1.2617342291387554
nucleolus-gc_npm3,8,op_gfp_intensity_max_std,1,11.662303847286493,11.842196464538574,1.0154251355141923
nucleolus-gc_npm3,9,op_gfp_intensity_max_sum,1,268.59079939396406,294.0400085449219,1.0947508597032372
nucleolus-gc_npm3,10,op_gfp_intensity_max_min,1,15.868893011996438,19.904512405395508,1.2543100763454802
nucleolus-gc_npm3,11,op_gfp_intensity_max_max,1,23.30018598859998,28.456802368164062,1.2213122411163175
nucleolus-gc_npm3,12,op_gfp_intensity_mean_mean,1,9.463112287758264,15.266922950744629,1.6133088656777677
nucleolus-gc_npm3,13,op_gfp_intensity_mean_median,1,9.96539315302085,15.566194534301758,1.562025129894962
nucleolus-gc_npm3,14,op_gfp_intensity_mean_std,1,6.11980389943377,6.362974643707275,1.0397350549575624
nucleolus-gc_npm3,15,op_gfp_intensity_mean_sum,1,217.61264904241276,239.53927612304688,1.1007598923000135
nucleolus-gc_npm3,16,op_gfp_intensity_mean_min,1,9.586636491111298,14.743401527404785,1.5379118151684197
nucleolus-gc_npm3,17,op_gfp_intensity_mean_max,1,12.670678800449268,18.503602981567383,1.4603482002014994
nucleolus-gc_npm3,18,op_gfp_intensity_range_mean,1,14.217694764139093,14.609442710876465,1.0275535488161884
nucleolus-gc_npm3,19,op_gfp_intensity_range_median,1,15.20620603488137,15.528725624084473,1.0212097342666064
nucleolus-gc_npm3,20,op_gfp_intensity_range_std,1,10.838547644860682,10.911321640014648,1.0067143677860264
nucleolus-gc_npm3,21,op_gfp_intensity_range_sum,1,102.27342234973379,109.06678009033203,1.0664234909179797
nucleolus-gc_npm3,22,op_gfp_intensity_range_min,1,13.172154528299616,13.277422904968262,1.0079917356300734
nucleolus-gc_npm3,23,op_gfp_intensity_range_max,1,21.088257939830626,22.324443817138672,1.0586196299777417
nucleolus-gc_npm3,0,op_gfp_intensity_min_mean,2,4.619096325034881,11.3416166305542,2.4553756476313695
nucleolus-gc_npm3,1,op_gfp_intensity_min_median,2,4.659318832371495,11.347929000854492,2.435533907233954
nucleolus-gc_npm3,2,op_gfp_intensity_min_std,2,2.272346052627581,2.283912181854248,1.005089950631988
nucleolus-gc_npm3,3,op_gfp_intensity_min_sum,2,174.64084617577194,198.37933349609375,1.135927463936069
nucleolus-gc_npm3,4,op_gfp_intensity_min_min,2,4.933911462816287,11.278868675231934,2.285989272453205
nucleolus-gc_npm3,5,op_gfp_intensity_min_max,2,5.748794985299686,12.106717109680176,2.1059573598707924
nucleolus-gc_npm3,6,op_gfp_intensity_max_mean,2,16.42895798819703,21.20625877380371,1.2907853796350817
nucleolus-gc_npm3,7,op_gfp_intensity_max_median,2,17.456631146967876,21.99860191345215,1.2601859848126074
nucleolus-gc_npm3,8,op_gfp_intensity_max_std,2,11.662303847286493,11.870980262756348,1.0178932411813646
nucleolus-gc_npm3,9,op_gfp_intensity_max_sum,2,268.59079939396406,302.3053894042969,1.1255239944421211
nucleolus-gc_npm3,10,op_gfp_intensity_max_min,2,15.868893011996438,19.879289627075195,1.2527206284677206
nucleolus-gc_npm3,11,op_gfp_intensity_max_max,2,23.30018598859998,28.477264404296875,1.2221904330819449
nucleolus-gc_npm3,12,op_gfp_intensity_mean_mean,2,9.463112287758264,15.238279342651367,1.6102819959522212
nucleolus-gc_npm3,13,op_gfp_intensity_mean_median,2,9.96539315302085,15.547121047973633,1.5601111576075422
nucleolus-gc_npm3,14,op_gfp_intensity_mean_std,2,6.11980389943377,6.371212482452393,1.0410811501724564
nucleolus-gc_npm3,15,op_gfp_intensity_mean_sum,2,217.61264904241276,245.46311950683594,1.127981854855299
nucleolus-gc_npm3,16,op_gfp_intensity_mean_min,2,9.586636491111298,14.716644287109375,1.535120717339664
nucleolus-gc_npm3,17,op_gfp_intensity_mean_max,2,12.670678800449268,18.48385238647461,1.4587894364285536
nucleolus-gc_npm3,18,op_gfp_intensity_range_mean,2,14.217694764139093,14.583696365356445,1.025742682431227
nucleolus-gc_npm3,19,op_gfp_intensity_range_median,2,15.20620603488137,15.512839317321777,1.0201650090586056
nucleolus-gc_npm3,20,op_gfp_intensity_range_std,2,10.838547644860682,10.935969352722168,1.0089884467046357
nucleolus-gc_npm3,21,op_gfp_intensity_range_sum,2,102.27342234973379,113.16443634033203,1.1064891908413446
nucleolus-gc_npm3,22,op_gfp_intensity_range_min,2,13.172154528299616,13.270570755004883,1.0074715359961672
nucleolus-gc_npm3,23,op_gfp_intensity_range_max,2,21.088257939830626,22.350765228271484,1.0598677848138554
nucleolus-gc_npm3,0,op_gfp_intensity_min_mean,3,4.619096325034881,11.339604377746582,2.4549400098645813
nucleolus-gc_npm3,1,op_gfp_intensity_min_median,3,4.659318832371495,11.341658592224121,2.4341881292659804
nucleolus-gc_npm3,2,op_gfp_intensity_min_std,3,2.272346052627581,2.2927470207214355,1.0089779318912557
nucleolus-gc_npm3,3,op_gfp_intensity_min_sum,3,174.64084617577194,197.53211975097656,1.1310762864270887
nucleolus-gc_npm3,4,op_gfp_intensity_min_min,3,4.933911462816287,11.27148151397705,2.284492050358615
nucleolus-gc_npm3,5,op_gfp_intensity_min_max,3,5.748794985299686,12.13634204864502,2.111110603122743
nucleolus-gc_npm3,6,op_gfp_intensity_max_mean,3,16.42895798819703,21.30558967590332,1.2968314661958344
nucleolus-gc_npm3,7,op_gfp_intensity_max_median,3,17.456631146967876,22.01909637451172,1.2613600063570294
nucleolus-gc_npm3,8,op_gfp_intensity_max_std,3,11.662303847286493,12.104660034179688,1.0379304289003
nucleolus-gc_npm3,9,op_gfp_intensity_max_sum,3,268.59079939396406,302.01690673828125,1.1244499343229117
nucleolus-gc_npm3,10,op_gfp_intensity_max_min,3,15.868893011996438,19.860116958618164,1.2515124365388608
nucleolus-gc_npm3,11,op_gfp_intensity_max_max,3,23.30018598859998,28.808067321777344,1.2363878698595878
nucleolus-gc_npm3,12,op_gfp_intensity_mean_mean,3,9.463112287758264,15.274484634399414,1.6141079350985719
nucleolus-gc_npm3,13,op_gfp_intensity_mean_median,3,9.96539315302085,15.577912330627441,1.5632009787697383
nucleolus-gc_npm3,14,op_gfp_intensity_mean_std,3,6.11980389943377,6.455265045166016,1.0548156691366015
nucleolus-gc_npm3,15,op_gfp_intensity_mean_sum,3,217.61264904241276,244.8039093017578,1.1249525722838174
nucleolus-gc_npm3,16,op_gfp_intensity_mean_min,3,9.586636491111298,14.704687118530273,1.5338734426995764
nucleolus-gc_npm3,17,op_gfp_intensity_mean_max,3,12.670678800449268,18.63821792602539,1.4709723306508669
nucleolus-gc_npm3,18,op_gfp_intensity_range_mean,3,14.217694764139093,14.721556663513184,1.0354390713637325
nucleolus-gc_npm3,19,op_gfp_intensity_range_median,3,15.20620603488137,15.519964218139648,1.020633561227472
nucleolus-gc_npm3,20,op_gfp_intensity_range_std,3,10.838547644860682,11.20449447631836,1.0337634564563822
nucleolus-gc_npm3,21,op_gfp_intensity_range_sum,3,102.27342234973379,114.01630401611328,1.114818507062603
nucleolus-gc_npm3,22,op_gfp_intensity_range_min,3,13.172154528299616,13.278763771057129,1.008093531132547
nucleolus-gc_npm3,23,op_gfp_intensity_range_max,3,21.088257939830626,22.79526710510254,1.080945954385724
nucleolus-gc_npm3,0,op_gfp_intensity_min_mean,4,4.619096325034881,11.347350120544434,2.4566169055716207
nucleolus-gc_npm3,1,op_gfp_intensity_min_median,4,4.659318832371495,11.348843574523926,2.4357301963702715
nucleolus-gc_npm3,2,op_gfp_intensity_min_std,4,2.272346052627581,2.290872812271118,1.0081531418254337
nucleolus-gc_npm3,3,op_gfp_intensity_min_sum,4,174.64084617577194,194.70333862304688,1.1148785801637866
nucleolus-gc_npm3,4,op_gfp_intensity_min_min,4,4.933911462816287,11.287723541259766,2.287783967411671
nucleolus-gc_npm3,5,op_gfp_intensity_min_max,4,5.748794985299686,12.142097473144531,2.11211175632341
nucleolus-gc_npm3,6,op_gfp_intensity_max_mean,4,16.42895798819703,21.232763290405273,1.2923986600768846
nucleolus-gc_npm3,7,op_gfp_intensity_max_median,4,17.456631146967876,21.95245933532715,1.2575427154591723
nucleolus-gc_npm3,8,op_gfp_intensity_max_std,4,11.662303847286493,11.9646635055542,1.0259262374078906
nucleolus-gc_npm3,9,op_gfp_intensity_max_sum,4,268.59079939396406,297.9798278808594,1.109419341813671
nucleolus-gc_npm3,10,op_gfp_intensity_max_min,4,15.868893011996438,19.84111213684082,1.250314821698117
nucleolus-gc_npm3,11,op_gfp_intensity_max_max,4,23.30018598859998,28.547182083129883,1.2251911678772471
nucleolus-gc_npm3,12,op_gfp_intensity_mean_mean,4,9.463112287758264,15.271963119506836,1.6138414778468873
nucleolus-gc_npm3,13,op_gfp_intensity_mean_median,4,9.96539315302085,15.573513984680176,1.5627596167602593
nucleolus-gc_npm3,14,op_gfp_intensity_mean_std,4,6.11980389943377,6.44600248336792,1.0533021301490284
nucleolus-gc_npm3,15,op_gfp_intensity_mean_sum,4,217.61264904241276,241.46299743652344,1.1096000094620522
nucleolus-gc_npm3,16,op_gfp_intensity_mean_min,4,9.586636491111298,14.70351505279541,1.533751182328491
nucleolus-gc_npm3,17,op_gfp_intensity_mean_max,4,12.670678800449268,18.625385284423828,1.4699595481627568
nucleolus-gc_npm3,18,op_gfp_intensity_range_mean,4,14.217694764139093,14.611102104187012,1.0276702620624687
nucleolus-gc_npm3,19,op_gfp_intensity_range_median,4,15.20620603488137,15.430794715881348,1.0147695408364714
nucleolus-gc_npm3,20,op_gfp_intensity_range_std,4,10.838547644860682,11.001514434814453,1.0150358512315112
nucleolus-gc_npm3,21,op_gfp_intensity_range_sum,4,102.27342234973379,112.48844146728516,1.0998795081152182
nucleolus-gc_npm3,22,op_gfp_intensity_range_min,4,13.172154528299616,13.255270957946777,1.0063100102165208
nucleolus-gc_npm3,23,op_gfp_intensity_range_max,4,21.088257939830626,22.414958953857422,1.062911835477931
nuclei_nucleolive_live_cell_dye,0,op_mcherry_intensity_min_mean,0,34.329094591210875,44.0850715637207,1.2841897547454575
nuclei_nucleolive_live_cell_dye,1,op_mcherry_intensity_min_median,0,39.30222238376921,47.35772705078125,1.204963082961404
nuclei_nucleolive_live_cell_dye,2,op_mcherry_intensity_min_std,0,31.47185789726113,30.854015350341797,0.9803684120290496
nuclei_nucleolive_live_cell_dye,3,op_mcherry_intensity_min_sum,0,2716.626891354563,3489.926025390625,1.2846541556726179
nuclei_nucleolive_live_cell_dye,4,op_mcherry_intensity_min_min,0,14.387871085243384,17.168521881103516,1.1932635328316257
nuclei_nucleolive_live_cell_dye,5,op_mcherry_intensity_min_max,0,102.71887354473523,101.7545394897461,0.9906119097522116
nuclei_nucleolive_live_cell_dye,6,op_mcherry_intensity_max_mean,0,51.84325213931559,67.62539672851562,1.3044204199765386
nuclei_nucleolive_live_cell_dye,7,op_mcherry_intensity_max_median,0,63.50780937896741,79.09484100341797,1.2454348807945608
nuclei_nucleolive_live_cell_dye,8,op_mcherry_intensity_max_std,0,40.21277979663986,39.86952590942383,0.9914640597105722
nuclei_nucleolive_live_cell_dye,9,op_mcherry_intensity_max_sum,0,4162.030215132397,5504.07421875,1.322449365873936
nuclei_nucleolive_live_cell_dye,10,op_mcherry_intensity_max_min,0,36.71503546619126,38.98768997192383,1.0618998314144439
nuclei_nucleolive_live_cell_dye,11,op_mcherry_intensity_max_max,0,120.1686151736877,130.83270263671875,1.088742700809338
nuclei_nucleolive_live_cell_dye,12,op_mcherry_intensity_mean_mean,0,40.69570171994346,53.15559768676758,1.30617228454665
nuclei_nucleolive_live_cell_dye,13,op_mcherry_intensity_mean_median,0,48.103581141534754,60.26003646850586,1.2527141439054874
nuclei_nucleolive_live_cell_dye,14,op_mcherry_intensity_mean_std,0,30.057148214160602,29.795181274414062,0.9912843714287198
nuclei_nucleolive_live_cell_dye,15,op_mcherry_intensity_mean_sum,0,3291.4470847341645,4266.013671875,1.2960906136577148
nuclei_nucleolive_live_cell_dye,16,op_mcherry_intensity_mean_min,0,25.454816494182545,28.83702850341797,1.132871199837893
nuclei_nucleolive_live_cell_dye,17,op_mcherry_intensity_mean_max,0,90.56216846016613,93.41549682617188,1.0315068467829454
nuclei_nucleolive_live_cell_dye,18,op_mcherry_intensity_range_mean,0,30.011636862315644,32.77913284301758,1.0922140965985419
nuclei_nucleolive_live_cell_dye,19,op_mcherry_intensity_range_median,0,29.165014321125835,30.3983154296875,1.0422870050733464
nuclei_nucleolive_live_cell_dye,20,op_mcherry_intensity_range_std,0,38.96882359268676,38.16874694824219,0.9794688017065334
nuclei_nucleolive_live_cell_dye,21,op_mcherry_intensity_range_sum,0,1533.2323957714955,2118.22509765625,1.3815420959654303
nuclei_nucleolive_live_cell_dye,22,op_mcherry_intensity_range_min,0,14.843502402851302,11.626852035522461,0.7832957289978306
nuclei_nucleolive_live_cell_dye,23,op_mcherry_intensity_range_max,0,118.72945792577165,144.5491485595703,1.2174665924099548
nuclei_nucleolive_live_cell_dye,0,op_mcherry_intensity_min_mean,1,34.329094591210875,44.135169982910156,1.285649112173494
nuclei_nucleolive_live_cell_dye,1,op_mcherry_intensity_min_median,1,39.30222238376921,47.298187255859375,1.2034481611246566
nuclei_nucleolive_live_cell_dye,2,op_mcherry_intensity_min_std,1,31.47185789726113,30.965375900268555,0.9839068288041345
nuclei_nucleolive_live_cell_dye,3,op_mcherry_intensity_min_sum,1,2716.626891354563,3394.77294921875,1.2496279706360596
nuclei_nucleolive_live_cell_dye,4,op_mcherry_intensity_min_min,1,14.387871085243384,17.210432052612305,1.1961764148876632
nuclei_nucleolive_live_cell_dye,5,op_mcherry_intensity_min_max,1,102.71887354473523,101.85572052001953,0.991596938372384
nuclei_nucleolive_live_cell_dye,6,op_mcherry_intensity_max_mean,1,51.84325213931559,67.6617431640625,1.3051215032235772
nuclei_nucleolive_live_cell_dye,7,op_mcherry_intensity_max_median,1,63.50780937896741,78.99844360351562,1.2439169981775253
nuclei_nucleolive_live_cell_dye,8,op_mcherry_intensity_max_std,1,40.21277979663986,39.88569641113281,0.9918661831596537
nuclei_nucleolive_live_cell_dye,9,op_mcherry_intensity_max_sum,1,4162.030215132397,5346.208984375,1.2845195032311734
nuclei_nucleolive_live_cell_dye,10,op_mcherry_intensity_max_min,1,36.71503546619126,38.90567398071289,1.0596659784392382
nuclei_nucleolive_live_cell_dye,11,op_mcherry_intensity_max_max,1,120.1686151736877,131.3083038330078,1.0927004829274198
nuclei_nucleolive_live_cell_dye,12,op_mcherry_intensity_mean_mean,1,40.69570171994346,53.18771743774414,1.3069615509708439
nuclei_nucleolive_live_cell_dye,13,op_mcherry_intensity_mean_median,1,48.103581141534754,60.16915512084961,1.2508248594593077
nuclei_nucleolive_live_cell_dye,14,op_mcherry_intensity_mean_std,1,30.057148214160602,29.845104217529297,0.9929453055519284
nuclei_nucleolive_live_cell_dye,15,op_mcherry_intensity_mean_sum,1,3291.4470847341645,4148.20703125,1.2602988668690787
nuclei_nucleolive_live_cell_dye,16,op_mcherry_intensity_mean_min,1,25.454816494182545,28.865163803100586,1.1339765034133105
nuclei_nucleolive_live_cell_dye,17,op_mcherry_intensity_mean_max,1,90.56216846016613,93.6744613647461,1.034366369064461
nuclei_nucleolive_live_cell_dye,18,op_mcherry_intensity_range_mean,1,30.011636862315644,32.68217849731445,1.0889835381938828
nuclei_nucleolive_live_cell_dye,19,op_mcherry_intensity_range_median,1,29.165014321125835,30.255277633666992,1.037382574221862
nuclei_nucleolive_live_cell_dye,20,op_mcherry_intensity_range_std,1,38.96882359268676,38.27894592285156,0.9822966770296687
nuclei_nucleolive_live_cell_dye,21,op_mcherry_intensity_range_sum,1,1533.2323957714955,2052.5087890625,1.3386808123302885
nuclei_nucleolive_live_cell_dye,22,op_mcherry_intensity_range_min,1,14.843502402851302,11.388702392578125,0.7672516959602782
nuclei_nucleolive_live_cell_dye,23,op_mcherry_intensity_range_max,1,118.72945792577165,145.07508850097656,1.2218963266190932
nuclei_nucleolive_live_cell_dye,0,op_mcherry_intensity_min_mean,2,34.329094591210875,44.338253021240234,1.2915648824770334
nuclei_nucleolive_live_cell_dye,1,op_mcherry_intensity_min_median,2,39.30222238376921,47.578792572021484,1.2105878417621054
nuclei_nucleolive_live_cell_dye,2,op_mcherry_intensity_min_std,2,31.47185789726113,31.05259132385254,0.9866780482176402
nuclei_nucleolive_live_cell_dye,3,op_mcherry_intensity_min_sum,2,2716.626891354563,3469.443603515625,1.2771145034884392
nuclei_nucleolive_live_cell_dye,4,op_mcherry_intensity_min_min,2,14.387871085243384,17.30462074279785,1.2027228100859182
nuclei_nucleolive_live_cell_dye,5,op_mcherry_intensity_min_max,2,102.71887354473523,102.16548156738281,0.9946125579627642
nuclei_nucleolive_live_cell_dye,6,op_mcherry_intensity_max_mean,2,51.84325213931559,68.00638580322266,1.3117692852383709
nuclei_nucleolive_live_cell_dye,7,op_mcherry_intensity_max_median,2,63.50780937896741,79.3244857788086,1.2490508892451166
nuclei_nucleolive_live_cell_dye,8,op_mcherry_intensity_max_std,2,40.21277979663986,40.2569580078125,1.0010986112225033
nuclei_nucleolive_live_cell_dye,9,op_mcherry_intensity_max_sum,2,4162.030215132397,5454.6357421875,1.3105709137707413
nuclei_nucleolive_live_cell_dye,10,op_mcherry_intensity_max_min,2,36.71503546619126,38.80348587036133,1.0568827015322702
nuclei_nucleolive_live_cell_dye,11,op_mcherry_intensity_max_max,2,120.1686151736877,132.11444091796875,1.0994088658425076
nuclei_nucleolive_live_cell_dye,12,op_mcherry_intensity_mean_mean,2,40.69570171994346,53.4466438293457,1.313324050710581
nuclei_nucleolive_live_cell_dye,13,op_mcherry_intensity_mean_median,2,48.103581141534754,60.50853729248047,1.2578800965867118
nuclei_nucleolive_live_cell_dye,14,op_mcherry_intensity_mean_std,2,30.057148214160602,29.995529174804688,0.9979499372689361
nuclei_nucleolive_live_cell_dye,15,op_mcherry_intensity_mean_sum,2,3291.4470847341645,4237.3046875,1.2873683150346706
nuclei_nucleolive_live_cell_dye,16,op_mcherry_intensity_mean_min,2,25.454816494182545,28.950395584106445,1.137324859156725
nuclei_nucleolive_live_cell_dye,17,op_mcherry_intensity_mean_max,2,90.56216846016613,94.04308319091797,1.0384367422946914
nuclei_nucleolive_live_cell_dye,18,op_mcherry_intensity_range_mean,2,30.011636862315644,32.926177978515625,1.0971137005812452
nuclei_nucleolive_live_cell_dye,19,op_mcherry_intensity_range_median,2,29.165014321125835,30.398462295532227,1.0422920407590177
nuclei_nucleolive_live_cell_dye,20,op_mcherry_intensity_range_std,2,38.96882359268676,38.72514724731445,0.9937468898748578
nuclei_nucleolive_live_cell_dye,21,op_mcherry_intensity_range_sum,2,1533.2323957714955,2084.392822265625,1.3594761159587914
nuclei_nucleolive_live_cell_dye,22,op_mcherry_intensity_range_min,2,14.843502402851302,11.051931381225586,0.7445635862262946
nuclei_nucleolive_live_cell_dye,23,op_mcherry_intensity_range_max,2,118.72945792577165,145.86529541015625,1.2285518519030856
nuclei_nucleolive_live_cell_dye,0,op_mcherry_intensity_min_mean,3,34.329094591210875,44.5643310546875,1.2981504926173353
nuclei_nucleolive_live_cell_dye,1,op_mcherry_intensity_min_median,3,39.30222238376921,47.97971725463867,1.2207889107678815
nuclei_nucleolive_live_cell_dye,2,op_mcherry_intensity_min_std,3,31.47185789726113,31.065048217773438,0.987073858784705
nuclei_nucleolive_live_cell_dye,3,op_mcherry_intensity_min_sum,3,2716.626891354563,3522.191650390625,1.2965312467456256
nuclei_nucleolive_live_cell_dye,4,op_mcherry_intensity_min_min,3,14.387871085243384,17.38987159729004,1.208647999016727
nuclei_nucleolive_live_cell_dye,5,op_mcherry_intensity_min_max,3,102.71887354473523,102.31646728515625,0.9960824506179604
nuclei_nucleolive_live_cell_dye,6,op_mcherry_intensity_max_mean,3,51.84325213931559,68.30255126953125,1.3174819952649859
nuclei_nucleolive_live_cell_dye,7,op_mcherry_intensity_max_median,3,63.50780937896741,79.7324447631836,1.2554746501709675
nuclei_nucleolive_live_cell_dye,8,op_mcherry_intensity_max_std,3,40.21277979663986,40.28635025024414,1.001829529168994
nuclei_nucleolive_live_cell_dye,9,op_mcherry_intensity_max_sum,3,4162.030215132397,5552.76611328125,1.334148438685617
nuclei_nucleolive_live_cell_dye,10,op_mcherry_intensity_max_min,3,36.71503546619126,39.01911926269531,1.0627558646545705
nuclei_nucleolive_live_cell_dye,11,op_mcherry_intensity_max_max,3,120.1686151736877,131.8556365966797,1.0972551893528935
nuclei_nucleolive_live_cell_dye,12,op_mcherry_intensity_mean_mean,3,40.69570171994346,53.70353698730469,1.3196365885733474
nuclei_nucleolive_live_cell_dye,13,op_mcherry_intensity_mean_median,3,48.103581141534754,60.91040802001953,1.2662343753743273
nuclei_nucleolive_live_cell_dye,14,op_mcherry_intensity_mean_std,3,30.057148214160602,29.97886848449707,0.9973956368346797
nuclei_nucleolive_live_cell_dye,15,op_mcherry_intensity_mean_sum,3,3291.4470847341645,4306.11669921875,1.3082746246144
nuclei_nucleolive_live_cell_dye,16,op_mcherry_intensity_mean_min,3,25.454816494182545,29.03801155090332,1.1407668783446026
nuclei_nucleolive_live_cell_dye,17,op_mcherry_intensity_mean_max,3,90.56216846016613,93.7668685913086,1.035386742451425
nuclei_nucleolive_live_cell_dye,18,op_mcherry_intensity_range_mean,3,30.011636862315644,33.021427154541016,1.1002874420356805
nuclei_nucleolive_live_cell_dye,19,op_mcherry_intensity_range_median,3,29.165014321125835,30.55936050415039,1.0478088633069709
nuclei_nucleolive_live_cell_dye,20,op_mcherry_intensity_range_std,3,38.96882359268676,38.68421936035156,0.9926966172930966
nuclei_nucleolive_live_cell_dye,21,op_mcherry_intensity_range_sum,3,1533.2323957714955,2129.03564453125,1.3885929167704265
nuclei_nucleolive_live_cell_dye,22,op_mcherry_intensity_range_min,3,14.843502402851302,11.113306045532227,0.7486983694223986
nuclei_nucleolive_live_cell_dye,23,op_mcherry_intensity_range_max,3,118.72945792577165,145.56005859375,1.225980991884529
nuclei_nucleolive_live_cell_dye,0,op_mcherry_intensity_min_mean,4,34.329094591210875,44.273921966552734,1.2896909310823474
nuclei_nucleolive_live_cell_dye,1,op_mcherry_intensity_min_median,4,39.30222238376921,47.64306640625,1.2122232158028126
nuclei_nucleolive_live_cell_dye,2,op_mcherry_intensity_min_std,4,31.47185789726113,30.91436004638672,0.9822858296864981
nuclei_nucleolive_live_cell_dye,3,op_mcherry_intensity_min_sum,4,2716.626891354563,3554.79638671875,1.30853316590202
nuclei_nucleolive_live_cell_dye,4,op_mcherry_intensity_min_min,4,14.387871085243384,17.138761520385742,1.1911950989026967
nuclei_nucleolive_live_cell_dye,5,op_mcherry_intensity_min_max,4,102.71887354473523,102.11768341064453,0.9941472281252298
nuclei_nucleolive_live_cell_dye,6,op_mcherry_intensity_max_mean,4,51.84325213931559,67.73847961425781,1.3066016659647013
nuclei_nucleolive_live_cell_dye,7,op_mcherry_intensity_max_median,4,63.50780937896741,79.13941955566406,1.2461368189133846
nuclei_nucleolive_live_cell_dye,8,op_mcherry_intensity_max_std,4,40.21277979663986,39.896644592285156,0.9921384394226554
nuclei_nucleolive_live_cell_dye,9,op_mcherry_intensity_max_sum,4,4162.030215132397,5615.7548828125,1.3492825838684737
nuclei_nucleolive_live_cell_dye,10,op_mcherry_intensity_max_min,4,36.71503546619126,38.7375373840332,1.0550864759399279
nuclei_nucleolive_live_cell_dye,11,op_mcherry_intensity_max_max,4,120.1686151736877,131.1520233154297,1.091399972662304
nuclei_nucleolive_live_cell_dye,12,op_mcherry_intensity_mean_mean,4,40.69570171994346,53.33153533935547,1.3104955335668695
nuclei_nucleolive_live_cell_dye,13,op_mcherry_intensity_mean_median,4,48.103581141534754,60.500179290771484,1.2577063464934621
nuclei_nucleolive_live_cell_dye,14,op_mcherry_intensity_mean_std,4,30.057148214160602,29.826580047607422,0.9923290072328101
nuclei_nucleolive_live_cell_dye,15,op_mcherry_intensity_mean_sum,4,3291.4470847341645,4347.07177734375,1.3207175037100265
nuclei_nucleolive_live_cell_dye,16,op_mcherry_intensity_mean_min,4,25.454816494182545,28.708818435668945,1.1278344293792129
nuclei_nucleolive_live_cell_dye,17,op_mcherry_intensity_mean_max,4,90.56216846016613,93.48107147216797,1.032230931101056
nuclei_nucleolive_live_cell_dye,18,op_mcherry_intensity_range_mean,4,30.011636862315644,32.56045150756836,1.0849275451700922
nuclei_nucleolive_live_cell_dye,19,op_mcherry_intensity_range_median,4,29.165014321125835,30.16967010498047,1.0344472926634878
nuclei_nucleolive_live_cell_dye,20,op_mcherry_intensity_range_std,4,38.96882359268676,38.15257263183594,0.9790537438496345
nuclei_nucleolive_live_cell_dye,21,op_mcherry_intensity_range_sum,4,1533.2323957714955,2164.288818359375,1.4115856306769092
nuclei_nucleolive_live_cell_dye,22,op_mcherry_intensity_range_min,4,14.843502402851302,11.076337814331055,0.746207836514608
nuclei_nucleolive_live_cell_dye,23,op_mcherry_intensity_range_max,4,118.72945792577165,144.87277221679688,1.2201923157719605
endosome_vps35,0,op_gfp_intensity_min_mean,0,2.2335036770451504,3.1586365699768066,1.414207015837814
endosome_vps35,1,op_gfp_intensity_min_median,0,2.2861303801275947,2.949582099914551,1.2902072976913623
endosome_vps35,2,op_gfp_intensity_min_std,0,1.194656475420015,1.7371864318847656,1.4541305116803631
endosome_vps35,3,op_gfp_intensity_min_sum,0,2402.7647222861133,3227.922607421875,1.3434201765500637
endosome_vps35,4,op_gfp_intensity_min_min,0,2.034967467924941,2.1709439754486084,1.06681999081898
endosome_vps35,5,op_gfp_intensity_min_max,0,5.490289650309082,8.927796363830566,1.626106623232158
endosome_vps35,6,op_gfp_intensity_max_mean,0,4.589773184337054,5.191939353942871,1.1311973697656246
endosome_vps35,7,op_gfp_intensity_max_median,0,4.325110786702726,4.597735404968262,1.0630329792022213
endosome_vps35,8,op_gfp_intensity_max_std,0,3.883322111727018,4.453752517700195,1.14689237450856
endosome_vps35,9,op_gfp_intensity_max_sum,0,2896.615156689656,3905.5498046875,1.3483150482271475
endosome_vps35,10,op_gfp_intensity_max_min,0,3.3894048077009047,3.4721896648406982,1.0244246001397361
endosome_vps35,11,op_gfp_intensity_max_max,0,18.220181276728383,22.968835830688477,1.2606260871852732
endosome_vps35,12,op_gfp_intensity_mean_mean,0,3.1018316462524433,3.9022011756896973,1.258031260466454
endosome_vps35,13,op_gfp_intensity_mean_median,0,3.083519182581355,3.580181360244751,1.1610699166293552
endosome_vps35,14,op_gfp_intensity_mean_std,0,1.8834574589122108,2.5498671531677246,1.353822535838106
endosome_vps35,15,op_gfp_intensity_mean_sum,0,2636.312376698838,3547.29931640625,1.3455534889412992
endosome_vps35,16,op_gfp_intensity_mean_min,0,2.4905935448440277,2.531859874725342,1.0165688736995013
endosome_vps35,17,op_gfp_intensity_mean_max,0,8.077235443714507,11.894549369812012,1.472601542037262
endosome_vps35,18,op_gfp_intensity_range_mean,0,3.0181308388001122,3.0539495944976807,1.0118678604774498
endosome_vps35,19,op_gfp_intensity_range_median,0,2.7160755265165872,2.7687430381774902,1.0193910335506944
endosome_vps35,20,op_gfp_intensity_range_std,0,3.545871870179308,3.6813018321990967,1.0381936987511453
endosome_vps35,21,op_gfp_intensity_range_sum,0,503.37110344376384,688.7310791015625,1.3682372197960444
endosome_vps35,22,op_gfp_intensity_range_min,0,2.3514200138306807,2.653202772140503,1.1283406437534698
endosome_vps35,23,op_gfp_intensity_range_max,0,17.39945139197942,20.18578338623047,1.1601390717143794
endosome_vps35,0,op_gfp_intensity_min_mean,1,2.2335036770451504,3.1680450439453125,1.4184194440801319
endosome_vps35,1,op_gfp_intensity_min_median,1,2.2861303801275947,2.962576389312744,1.295891264586316
endosome_vps35,2,op_gfp_intensity_min_std,1,1.194656475420015,1.7402739524841309,1.4567149538718138
endosome_vps35,3,op_gfp_intensity_min_sum,1,2402.7647222861133,3309.09765625,1.3772041954659444
endosome_vps35,4,op_gfp_intensity_min_min,1,2.034967467924941,2.1662826538085938,1.0645293784561358
endosome_vps35,5,op_gfp_intensity_min_max,1,5.490289650309082,8.934164047241211,1.6272664315148204
endosome_vps35,6,op_gfp_intensity_max_mean,1,4.589773184337054,5.217049598693848,1.1366682816696523
endosome_vps35,7,op_gfp_intensity_max_median,1,4.325110786702726,4.626888275146484,1.0697733545627441
endosome_vps35,8,op_gfp_intensity_max_std,1,3.883322111727018,4.447935581207275,1.145394446619613
endosome_vps35,9,op_gfp_intensity_max_sum,1,2896.615156689656,4010.3115234375,1.3844819924302998
endosome_vps35,10,op_gfp_intensity_max_min,1,3.3894048077009047,3.4853761196136475,1.028315092872557
endosome_vps35,11,op_gfp_intensity_max_max,1,18.220181276728383,22.953845977783203,1.2598033811606948
endosome_vps35,12,op_gfp_intensity_mean_mean,1,3.1018316462524433,3.920407772064209,1.2639008879804128
endosome_vps35,13,op_gfp_intensity_mean_median,1,3.083519182581355,3.602219581604004,1.1682170170864385
endosome_vps35,14,op_gfp_intensity_mean_std,1,1.8834574589122108,2.5537612438201904,1.355890058326623
endosome_vps35,15,op_gfp_intensity_mean_sum,1,2636.312376698838,3639.383544921875,1.380482668551999
endosome_vps35,16,op_gfp_intensity_mean_min,1,2.4905935448440277,2.5481154918670654,1.0230956781937055
endosome_vps35,17,op_gfp_intensity_mean_max,1,8.077235443714507,11.903155326843262,1.473667000273712
endosome_vps35,18,op_gfp_intensity_range_mean,1,3.0181308388001122,3.0681986808776855,1.0165890230582177
endosome_vps35,19,op_gfp_intensity_range_median,1,2.7160755265165872,2.779115676879883,1.0232100137672333
endosome_vps35,20,op_gfp_intensity_range_std,1,3.545871870179308,3.6718661785125732,1.0355326737530688
endosome_vps35,21,op_gfp_intensity_range_sum,1,503.37110344376384,712.7274169921875,1.4159084860377027
endosome_vps35,22,op_gfp_intensity_range_min,1,2.3514200138306807,2.6554245948791504,1.1292855292803339
endosome_vps35,23,op_gfp_intensity_range_max,1,17.39945139197942,20.139995574951172,1.1575075053363495
endosome_vps35,0,op_gfp_intensity_min_mean,2,2.2335036770451504,3.159735918045044,1.4146992236991824
endosome_vps35,1,op_gfp_intensity_min_median,2,2.2861303801275947,2.958813428878784,1.294245269035638
endosome_vps35,2,op_gfp_intensity_min_std,2,1.194656475420015,1.7409307956695557,1.457264771496327
endosome_vps35,3,op_gfp_intensity_min_sum,2,2402.7647222861133,3230.30322265625,1.3444109582159898
endosome_vps35,4,op_gfp_intensity_min_min,2,2.034967467924941,2.187652349472046,1.0750306252820827
endosome_vps35,5,op_gfp_intensity_min_max,2,5.490289650309082,8.898202896118164,1.6207164763369506
endosome_vps35,6,op_gfp_intensity_max_mean,2,4.589773184337054,5.218706130981445,1.1370291997850073
endosome_vps35,7,op_gfp_intensity_max_median,2,4.325110786702726,4.625680446624756,1.0694940950058696
endosome_vps35,8,op_gfp_intensity_max_std,2,3.883322111727018,4.461612701416016,1.148916462001092
endosome_vps35,9,op_gfp_intensity_max_sum,2,2896.615156689656,3906.183349609375,1.348533767279422
endosome_vps35,10,op_gfp_intensity_max_min,2,3.3894048077009047,3.476325035095215,1.0256446875855085
endosome_vps35,11,op_gfp_intensity_max_max,2,18.220181276728383,22.952035903930664,1.2597040367126322
endosome_vps35,12,op_gfp_intensity_mean_mean,2,3.1018316462524433,3.9125313758850098,1.261361615357827
endosome_vps35,13,op_gfp_intensity_mean_median,2,3.083519182581355,3.597778081893921,1.1667766175146854
endosome_vps35,14,op_gfp_intensity_mean_std,2,1.8834574589122108,2.5528602600097656,1.3554116913711276
endosome_vps35,15,op_gfp_intensity_mean_sum,2,2636.312376698838,3549.05615234375,1.3462198879435676
endosome_vps35,16,op_gfp_intensity_mean_min,2,2.4905935448440277,2.5474135875701904,1.0228138560961866
endosome_vps35,17,op_gfp_intensity_mean_max,2,8.077235443714507,11.895354270935059,1.4727011926081357
endosome_vps35,18,op_gfp_intensity_range_mean,2,3.0181308388001122,3.087791681289673,1.0230807894720877
endosome_vps35,19,op_gfp_intensity_range_median,2,2.7160755265165872,2.788983106613159,1.0268429870174034
endosome_vps35,20,op_gfp_intensity_range_std,2,3.545871870179308,3.691589117050171,1.0410948991406996
endosome_vps35,21,op_gfp_intensity_range_sum,2,503.37110344376384,686.931396484375,1.3646619597048808
endosome_vps35,22,op_gfp_intensity_range_min,2,2.3514200138306807,2.642782211303711,1.1239090403923093
endosome_vps35,23,op_gfp_intensity_range_max,2,17.39945139197942,20.155311584472656,1.1583877635224522
endosome_vps35,0,op_gfp_intensity_min_mean,3,2.2335036770451504,3.1597635746002197,1.4147116062868899
endosome_vps35,1,op_gfp_intensity_min_median,3,2.2861303801275947,2.9608662128448486,1.295143198560528
endosome_vps35,2,op_gfp_intensity_min_std,3,1.194656475420015,1.7414287328720093,1.4576815751655814
endosome_vps35,3,op_gfp_intensity_min_sum,3,2402.7647222861133,3117.78662109375,1.2975829852068614
endosome_vps35,4,op_gfp_intensity_min_min,3,2.034967467924941,2.1893458366394043,1.075862819011983
endosome_vps35,5,op_gfp_intensity_min_max,3,5.490289650309082,8.884527206420898,1.618225589595393
endosome_vps35,6,op_gfp_intensity_max_mean,3,4.589773184337054,5.183711051940918,1.1294046227884902
endosome_vps35,7,op_gfp_intensity_max_median,3,4.325110786702726,4.608381748199463,1.0654944983993555
endosome_vps35,8,op_gfp_intensity_max_std,3,3.883322111727018,4.378714561462402,1.1275692398112889
endosome_vps35,9,op_gfp_intensity_max_sum,3,2896.615156689656,3772.96337890625,1.3025421655316174
endosome_vps35,10,op_gfp_intensity_max_min,3,3.3894048077009047,3.467008113861084,1.0228958506177428
endosome_vps35,11,op_gfp_intensity_max_max,3,18.220181276728383,22.770362854003906,1.249733057435999
endosome_vps35,12,op_gfp_intensity_mean_mean,3,3.1018316462524433,3.9022157192230225,1.2580359491584863
endosome_vps35,13,op_gfp_intensity_mean_median,3,3.083519182581355,3.5876145362854004,1.163480531125493
endosome_vps35,14,op_gfp_intensity_mean_std,3,1.8834574589122108,2.5423085689544678,1.3498093927870163
endosome_vps35,15,op_gfp_intensity_mean_sum,3,2636.312376698838,3426.474853515625,1.2997226291545239
endosome_vps35,16,op_gfp_intensity_mean_min,3,2.4905935448440277,2.539116382598877,1.0194824393788782
endosome_vps35,17,op_gfp_intensity_mean_max,3,8.077235443714507,11.868751525878906,1.4694076467852448
endosome_vps35,18,op_gfp_intensity_range_mean,3,3.0181308388001122,3.042055606842041,1.0079270148710453
endosome_vps35,19,op_gfp_intensity_range_median,3,2.7160755265165872,2.7749528884887695,1.0216773655214564
endosome_vps35,20,op_gfp_intensity_range_std,3,3.545871870179308,3.5941758155822754,1.0136225862556405
endosome_vps35,21,op_gfp_intensity_range_sum,3,503.37110344376384,666.252685546875,1.3235815107159963
endosome_vps35,22,op_gfp_intensity_range_min,3,2.3514200138306807,2.6381452083587646,1.1219370392535624
endosome_vps35,23,op_gfp_intensity_range_max,3,17.39945139197942,19.97199249267578,1.1478518513452798
endosome_vps35,0,op_gfp_intensity_min_mean,4,2.2335036770451504,3.1527388095855713,1.4115664290092138
endosome_vps35,1,op_gfp_intensity_min_median,4,2.2861303801275947,2.9506752490997314,1.2906854634139662
endosome_vps35,2,op_gfp_intensity_min_std,4,1.194656475420015,1.735878825187683,1.4530359654873892
endosome_vps35,3,op_gfp_intensity_min_sum,4,2402.7647222861133,3124.5087890625,1.3003806656898484
endosome_vps35,4,op_gfp_intensity_min_min,4,2.034967467924941,2.1881496906280518,1.0752750228775454
endosome_vps35,5,op_gfp_intensity_min_max,4,5.490289650309082,8.895608901977539,1.6202440068852744
endosome_vps35,6,op_gfp_intensity_max_mean,4,4.589773184337054,5.151155948638916,1.1223116571898635
endosome_vps35,7,op_gfp_intensity_max_median,4,4.325110786702726,4.56796407699585,1.0561496114827302
endosome_vps35,8,op_gfp_intensity_max_std,4,3.883322111727018,4.381618976593018,1.1283171600319277
endosome_vps35,9,op_gfp_intensity_max_sum,4,2896.615156689656,3783.750244140625,1.3062661207865858
endosome_vps35,10,op_gfp_intensity_max_min,4,3.3894048077009047,3.4536290168762207,1.01894852129477
endosome_vps35,11,op_gfp_intensity_max_max,4,18.220181276728383,22.85471534729004,1.254362676208995
endosome_vps35,12,op_gfp_intensity_mean_mean,4,3.1018316462524433,3.885510206222534,1.2526502561532995
endosome_vps35,13,op_gfp_intensity_mean_median,4,3.083519182581355,3.5630228519439697,1.1555053304261271
endosome_vps35,14,op_gfp_intensity_mean_std,4,1.8834574589122108,2.538884162902832,1.3479912439164738
endosome_vps35,15,op_gfp_intensity_mean_sum,4,2636.312376698838,3435.12255859375,1.3030028569281966
endosome_vps35,16,op_gfp_intensity_mean_min,4,2.4905935448440277,2.5259597301483154,1.0141999024198476
endosome_vps35,17,op_gfp_intensity_mean_max,4,8.077235443714507,11.884093284606934,1.471307029171079
endosome_vps35,18,op_gfp_intensity_range_mean,4,3.0181308388001122,3.005554437637329,0.9958330497137152
endosome_vps35,19,op_gfp_intensity_range_median,4,2.7160755265165872,2.745267152786255,1.010747722581598
endosome_vps35,20,op_gfp_intensity_range_std,4,3.545871870179308,3.597259998321533,1.0144923815703546
endosome_vps35,21,op_gfp_intensity_range_sum,4,503.37110344376384,670.5095825195312,1.3320382873238172
endosome_vps35,22,op_gfp_intensity_range_min,4,2.3514200138306807,2.6275572776794434,1.1174342576930396
endosome_vps35,23,op_gfp_intensity_range_max,4,17.39945139197942,20.068235397338867,1.153383227162534
er_sec61b,0,op_mcherry_intensity_min_mean,0,3.2641549279467514,4.121959209442139,1.2627952105309448
er_sec61b,1,op_mcherry_intensity_min_median,0,3.3111811647078695,4.102295398712158,1.2389220627479878
er_sec61b,2,op_mcherry_intensity_min_std,0,1.6287459756830405,2.2876086235046387,1.4045214279318747
er_sec61b,3,op_mcherry_intensity_min_sum,0,1645.6689954781714,2101.031005859375,1.2767032809346281
er_sec61b,4,op_mcherry_intensity_min_min,0,2.2917196424401887,2.6208419799804688,1.1436137001425861
er_sec61b,5,op_mcherry_intensity_min_max,0,7.313315825144853,9.573323249816895,1.309026367615852
er_sec61b,6,op_mcherry_intensity_max_mean,0,7.237022374759642,8.654129028320312,1.1958134962388778
er_sec61b,7,op_mcherry_intensity_max_median,0,6.663027214740187,7.947287082672119,1.1927442026787534
er_sec61b,8,op_mcherry_intensity_max_std,0,5.550426859583678,6.556400299072266,1.181242535923452
er_sec61b,9,op_mcherry_intensity_max_sum,0,1913.363386976524,2434.53125,1.2723831064035462
er_sec61b,10,op_mcherry_intensity_max_min,0,4.211245915878661,4.889432907104492,1.1610418875489321
er_sec61b,11,op_mcherry_intensity_max_max,0,23.69771163596108,27.69369888305664,1.168623338340892
er_sec61b,12,op_mcherry_intensity_mean_mean,0,4.863797465096321,5.959260940551758,1.2252280205573367
er_sec61b,13,op_mcherry_intensity_mean_median,0,4.971148147279363,6.047430038452148,1.2165056963272798
er_sec61b,14,op_mcherry_intensity_mean_std,0,2.2268180729665166,2.879220724105835,1.2929752812137916
er_sec61b,15,op_mcherry_intensity_mean_sum,0,1766.1191114962028,2251.8642578125,1.2750353264139633
er_sec61b,16,op_mcherry_intensity_mean_min,0,3.2196511112457693,3.7642385959625244,1.1691448749880355
er_sec61b,17,op_mcherry_intensity_mean_max,0,9.128162810773684,11.518903732299805,1.261908225245983
er_sec61b,18,op_mcherry_intensity_range_mean,0,4.459527183103188,5.227165699005127,1.1721345076245893
er_sec61b,19,op_mcherry_intensity_range_median,0,3.28583822686046,3.7635765075683594,1.1453931227662315
er_sec61b,20,op_mcherry_intensity_range_std,0,5.818109817466845,6.795825481414795,1.1680469593428264
er_sec61b,21,op_mcherry_intensity_range_sum,0,281.88601124479936,351.1308288574219,1.2456482934603235
er_sec61b,22,op_mcherry_intensity_range_min,0,2.2026007591236882,2.382415294647217,1.0816373710844758
er_sec61b,23,op_mcherry_intensity_range_max,0,23.749146964234228,27.548721313476562,1.1599878241927772
er_sec61b,0,op_mcherry_intensity_min_mean,1,3.2641549279467514,3.763150215148926,1.152871201954883
er_sec61b,1,op_mcherry_intensity_min_median,1,3.3111811647078695,3.7538139820098877,1.133678223958208
er_sec61b,2,op_mcherry_intensity_min_std,1,1.6287459756830405,1.984967589378357,1.2187091289947343
er_sec61b,3,op_mcherry_intensity_min_sum,1,1645.6689954781714,2115.79638671875,1.2856755474717907
er_sec61b,4,op_mcherry_intensity_min_min,1,2.2917196424401887,2.5466208457946777,1.1112270448068744
er_sec61b,5,op_mcherry_intensity_min_max,1,7.313315825144853,9.022604942321777,1.2337228636154338
er_sec61b,6,op_mcherry_intensity_max_mean,1,7.237022374759642,8.170245170593262,1.128951210526638
er_sec61b,7,op_mcherry_intensity_max_median,1,6.663027214740187,7.382237911224365,1.107940531128721
er_sec61b,8,op_mcherry_intensity_max_std,1,5.550426859583678,6.39254903793335,1.1517220566370705
er_sec61b,9,op_mcherry_intensity_max_sum,1,1913.363386976524,2451.468994140625,1.2812354468716
er_sec61b,10,op_mcherry_intensity_max_min,1,4.211245915878661,4.675474643707275,1.1102354830617283
er_sec61b,11,op_mcherry_intensity_max_max,1,23.69771163596108,27.34437370300293,1.153882455954442
er_sec61b,12,op_mcherry_intensity_mean_mean,1,4.863797465096321,5.5040364265441895,1.1316335571212337
er_sec61b,13,op_mcherry_intensity_mean_median,1,4.971148147279363,5.557403087615967,1.1179314965009546
er_sec61b,14,op_mcherry_intensity_mean_std,1,2.2268180729665166,2.648061513900757,1.1891683231998693
er_sec61b,15,op_mcherry_intensity_mean_sum,1,1766.1191114962028,2267.5810546875,1.2839343846783209
er_sec61b,16,op_mcherry_intensity_mean_min,1,3.2196511112457693,3.568481206893921,1.108344066979723
er_sec61b,17,op_mcherry_intensity_mean_max,1,9.128162810773684,10.93211555480957,1.197624952734929
er_sec61b,18,op_mcherry_intensity_range_mean,1,4.459527183103188,5.060947895050049,1.1348619903530577
er_sec61b,19,op_mcherry_intensity_range_median,1,3.28583822686046,3.665358781814575,1.115501898983243
er_sec61b,20,op_mcherry_intensity_range_std,1,5.818109817466845,6.6444196701049805,1.1420237634837054
er_sec61b,21,op_mcherry_intensity_range_sum,1,281.88601124479936,352.944580078125,1.2520826362384332
er_sec61b,22,op_mcherry_intensity_range_min,1,2.2026007591236882,2.3655991554260254,1.0740026968696708
er_sec61b,23,op_mcherry_intensity_range_max,1,23.749146964234228,27.26462745666504,1.1480255479375767
er_sec61b,0,op_mcherry_intensity_min_mean,2,3.2641549279467514,3.7556095123291016,1.1505610472636143
er_sec61b,1,op_mcherry_intensity_min_median,2,3.3111811647078695,3.744575023651123,1.1308879935542548
er_sec61b,2,op_mcherry_intensity_min_std,2,1.6287459756830405,1.9720274209976196,1.2107642630832096
er_sec61b,3,op_mcherry_intensity_min_sum,2,1645.6689954781714,2119.003173828125,1.287624169654129
er_sec61b,4,op_mcherry_intensity_min_min,2,2.2917196424401887,2.5418996810913086,1.1091669478316868
er_sec61b,5,op_mcherry_intensity_min_max,2,7.313315825144853,9.064818382263184,1.2394949977541327
er_sec61b,6,op_mcherry_intensity_max_mean,2,7.237022374759642,8.156261444091797,1.1270189619059572
er_sec61b,7,op_mcherry_intensity_max_median,2,6.663027214740187,7.358448505401611,1.1043701711322729
er_sec61b,8,op_mcherry_intensity_max_std,2,5.550426859583678,6.44016695022583,1.1603012008177132
er_sec61b,9,op_mcherry_intensity_max_sum,2,1913.363386976524,2455.844482421875,1.2835222515167772
er_sec61b,10,op_mcherry_intensity_max_min,2,4.211245915878661,4.630697250366211,1.0996026693444791
er_sec61b,11,op_mcherry_intensity_max_max,2,23.69771163596108,27.258020401000977,1.150238504870536
er_sec61b,12,op_mcherry_intensity_mean_mean,2,4.863797465096321,5.482901096343994,1.1272881191477433
er_sec61b,13,op_mcherry_intensity_mean_median,2,4.971148147279363,5.537550449371338,1.113937924461567
er_sec61b,14,op_mcherry_intensity_mean_std,2,2.2268180729665166,2.655597448348999,1.1925524947852038
er_sec61b,15,op_mcherry_intensity_mean_sum,2,1766.1191114962028,2271.304443359375,1.286042616590675
er_sec61b,16,op_mcherry_intensity_mean_min,2,3.2196511112457693,3.5314598083496094,1.0968454923624296
er_sec61b,17,op_mcherry_intensity_mean_max,2,9.128162810773684,10.94387149810791,1.1989128288981876
er_sec61b,18,op_mcherry_intensity_range_mean,2,4.459527183103188,5.062290668487549,1.1351630925511982
er_sec61b,19,op_mcherry_intensity_range_median,2,3.28583822686046,3.651963472366333,1.1114252194502274
er_sec61b,20,op_mcherry_intensity_range_std,2,5.818109817466845,6.679798603057861,1.1481045928359923
er_sec61b,21,op_mcherry_intensity_range_sum,2,281.88601124479936,354.1146545410156,1.2562335143104724
er_sec61b,22,op_mcherry_intensity_range_min,2,2.2026007591236882,2.3727731704711914,1.0772597624161389
er_sec61b,23,op_mcherry_intensity_range_max,2,23.749146964234228,27.184120178222656,1.1446356460365263
er_sec61b,0,op_mcherry_intensity_min_mean,3,3.2641549279467514,4.116147518157959,1.261014752368735
er_sec61b,1,op_mcherry_intensity_min_median,3,3.3111811647078695,4.100863933563232,1.2384897502052061
er_sec61b,2,op_mcherry_intensity_min_std,3,1.6287459756830405,2.3304457664489746,1.4308221179006537
er_sec61b,3,op_mcherry_intensity_min_sum,3,1645.6689954781714,2113.33642578125,1.28418073840371
er_sec61b,4,op_mcherry_intensity_min_min,3,2.2917196424401887,2.6160223484039307,1.1415106367978018
er_sec61b,5,op_mcherry_intensity_min_max,3,7.313315825144853,9.844510078430176,1.346107608888228
er_sec61b,6,op_mcherry_intensity_max_mean,3,7.237022374759642,8.663098335266113,1.1970528605079565
er_sec61b,7,op_mcherry_intensity_max_median,3,6.663027214740187,7.908568859100342,1.1869332968661337
er_sec61b,8,op_mcherry_intensity_max_std,3,5.550426859583678,6.660959720611572,1.2000806224678713
er_sec61b,9,op_mcherry_intensity_max_sum,3,1913.363386976524,2450.110107421875,1.280525238487767
er_sec61b,10,op_mcherry_intensity_max_min,3,4.211245915878661,4.874342441558838,1.1574585143983036
er_sec61b,11,op_mcherry_intensity_max_max,3,23.69771163596108,27.697965621948242,1.1688033869024217
er_sec61b,12,op_mcherry_intensity_mean_mean,3,4.863797465096321,5.952824115753174,1.2239046050893252
er_sec61b,13,op_mcherry_intensity_mean_median,3,4.971148147279363,6.017792224884033,1.210543730863761
er_sec61b,14,op_mcherry_intensity_mean_std,3,2.2268180729665166,2.9621596336364746,1.3302207619010171
er_sec61b,15,op_mcherry_intensity_mean_sum,3,1766.1191114962028,2265.56396484375,1.2827922817303261
er_sec61b,16,op_mcherry_intensity_mean_min,3,3.2196511112457693,3.7462260723114014,1.1635503173702215
er_sec61b,17,op_mcherry_intensity_mean_max,3,9.128162810773684,11.762360572814941,1.2885791825417703
er_sec61b,18,op_mcherry_intensity_range_mean,3,4.459527183103188,5.246909141540527,1.1765617578071212
er_sec61b,19,op_mcherry_intensity_range_median,3,3.28583822686046,3.7456867694854736,1.1399486252445203
er_sec61b,20,op_mcherry_intensity_range_std,3,5.818109817466845,6.864933490753174,1.1799250454406354
er_sec61b,21,op_mcherry_intensity_range_sum,3,281.88601124479936,354.5198059082031,1.2576708022603014
er_sec61b,22,op_mcherry_intensity_range_min,3,2.2026007591236882,2.4019200801849365,1.0904927142314016
er_sec61b,23,op_mcherry_intensity_range_max,3,23.749146964234228,27.546945571899414,1.1599130534408078
er_sec61b,0,op_mcherry_intensity_min_mean,4,3.2641549279467514,4.126059055328369,1.2640512311478367
er_sec61b,1,op_mcherry_intensity_min_median,4,3.3111811647078695,4.11521053314209,1.2428225241807802
er_sec61b,2,op_mcherry_intensity_min_std,4,1.6287459756830405,2.2902767658233643,1.4061595853600808
er_sec61b,3,op_mcherry_intensity_min_sum,4,1645.6689954781714,2108.16943359375,1.281040986605689
er_sec61b,4,op_mcherry_intensity_min_min,4,2.2917196424401887,2.6145505905151367,1.140868430019303
er_sec61b,5,op_mcherry_intensity_min_max,4,7.313315825144853,9.60890007019043,1.313891031090553
er_sec61b,6,op_mcherry_intensity_max_mean,4,7.237022374759642,8.653840065002441,1.1957735677568435
er_sec61b,7,op_mcherry_intensity_max_median,4,6.663027214740187,7.9331889152526855,1.1906283224691927
er_sec61b,8,op_mcherry_intensity_max_std,4,5.550426859583678,6.519678115844727,1.1746264351880407
er_sec61b,9,op_mcherry_intensity_max_sum,4,1913.363386976524,2443.436767578125,1.2770374849908763
er_sec61b,10,op_mcherry_intensity_max_min,4,4.211245915878661,4.914928436279297,1.1670960410427171
er_sec61b,11,op_mcherry_intensity_max_max,4,23.69771163596108,27.590333938598633,1.164261527122751
er_sec61b,12,op_mcherry_intensity_mean_mean,4,4.863797465096321,5.96584939956665,1.2265826121212686
er_sec61b,13,op_mcherry_intensity_mean_median,4,4.971148147279363,6.041697978973389,1.2153526308162677
er_sec61b,14,op_mcherry_intensity_mean_std,4,2.2268180729665166,2.8636631965637207,1.285988842702724
er_sec61b,15,op_mcherry_intensity_mean_sum,4,1766.1191114962028,2259.765625,1.279509185020706
er_sec61b,16,op_mcherry_intensity_mean_min,4,3.2196511112457693,3.775362014770508,1.1725997272138344
er_sec61b,17,op_mcherry_intensity_mean_max,4,9.128162810773684,11.53661823272705,1.2638488677163757
er_sec61b,18,op_mcherry_intensity_range_mean,4,4.459527183103188,5.222133159637451,1.171006015934541
er_sec61b,19,op_mcherry_intensity_range_median,4,3.28583822686046,3.7496345043182373,1.1411500644390895
er_sec61b,20,op_mcherry_intensity_range_std,4,5.818109817466845,6.7556681632995605,1.161144834877132
er_sec61b,21,op_mcherry_intensity_range_sum,4,281.88601124479936,352.9324645996094,1.252039656175456
er_sec61b,22,op_mcherry_intensity_range_min,4,2.2026007591236882,2.4052257537841797,1.0919935189439898
er_sec61b,23,op_mcherry_intensity_range_max,4,23.749146964234228,27.44330406188965,1.155549043644336
er_golgi_bridge_vapa,0,op_gfp_intensity_min_mean,0,1.356743280549453,1.5449674129486084,1.1387323122196915
er_golgi_bridge_vapa,1,op_gfp_intensity_min_median,0,1.455009998802962,1.7480391263961792,1.2013932054310916
er_golgi_bridge_vapa,2,op_gfp_intensity_min_std,0,0.8122140420517632,0.7776192426681519,0.9574067947702306
er_golgi_bridge_vapa,3,op_gfp_intensity_min_sum,0,1263.3684440670916,1763.8621826171875,1.3961581761048933
er_golgi_bridge_vapa,4,op_gfp_intensity_min_min,0,1.6950521434531356,1.9547951221466064,1.1532359813806827
er_golgi_bridge_vapa,5,op_gfp_intensity_min_max,0,3.0457646155796314,2.342738628387451,0.7691791468073151
er_golgi_bridge_vapa,6,op_gfp_intensity_max_mean,0,2.671993559459657,2.204941511154175,0.8252046504184196
er_golgi_bridge_vapa,7,op_gfp_intensity_max_median,0,2.3341082131797655,2.1913163661956787,0.9388238102339048
er_golgi_bridge_vapa,8,op_gfp_intensity_max_std,0,2.2569164081279514,1.5710328817367554,0.6960970623807388
er_golgi_bridge_vapa,9,op_gfp_intensity_max_sum,0,1431.9076336708208,2003.885986328125,1.399451989225721
er_golgi_bridge_vapa,10,op_gfp_intensity_max_min,0,2.203141658540461,2.184929847717285,0.9917337086552842
er_golgi_bridge_vapa,11,op_gfp_intensity_max_max,0,7.8523039563521415,7.258103847503662,0.9243279281913431
er_golgi_bridge_vapa,12,op_gfp_intensity_mean_mean,0,1.637304073407851,1.531785488128662,0.9355534582775668
er_golgi_bridge_vapa,13,op_gfp_intensity_mean_median,0,1.588391156037534,1.600572943687439,1.007669261821058
er_golgi_bridge_vapa,14,op_gfp_intensity_mean_std,0,1.1067804846086051,0.7703455686569214,0.6960238090296121
er_golgi_bridge_vapa,15,op_gfp_intensity_mean_sum,0,1343.723121200653,1878.1116943359375,1.3976924745164718
er_golgi_bridge_vapa,16,op_gfp_intensity_mean_min,0,1.6601900212842822,1.7210551500320435,1.0366615435386592
er_golgi_bridge_vapa,17,op_gfp_intensity_mean_max,0,3.6831287268789197,3.022420644760132,0.8206122752927315
er_golgi_bridge_vapa,18,op_gfp_intensity_range_mean,0,2.195992804646952,1.8341864347457886,0.8352424611157454
er_golgi_bridge_vapa,19,op_gfp_intensity_range_median,0,1.7509933209752533,1.7640891075134277,1.0074790613883555
er_golgi_bridge_vapa,20,op_gfp_intensity_range_std,0,2.312712744825964,1.737914800643921,0.7514615918176654
er_golgi_bridge_vapa,21,op_gfp_intensity_range_sum,0,174.26623789137992,246.17091369628906,1.4126139215200555
er_golgi_bridge_vapa,22,op_gfp_intensity_range_min,0,1.5707150560035754,1.557518482208252,0.9915983655056443
er_golgi_bridge_vapa,23,op_gfp_intensity_range_max,0,7.721797223919396,7.247036933898926,0.9385168664427199
er_golgi_bridge_vapa,0,op_gfp_intensity_min_mean,1,1.356743280549453,1.5461959838867188,1.1396378416265613
er_golgi_bridge_vapa,1,op_gfp_intensity_min_median,1,1.455009998802962,1.755851149559021,1.2067622566192406
er_golgi_bridge_vapa,2,op_gfp_intensity_min_std,1,0.8122140420517632,0.7748690843582153,0.9540207928451847
er_golgi_bridge_vapa,3,op_gfp_intensity_min_sum,1,1263.3684440670916,1763.362548828125,1.3957626986086737
er_golgi_bridge_vapa,4,op_gfp_intensity_min_min,1,1.6950521434531356,1.9469763040542603,1.1486232512516745
er_golgi_bridge_vapa,5,op_gfp_intensity_min_max,1,3.0457646155796314,2.3409597873687744,0.7685951092196508
er_golgi_bridge_vapa,6,op_gfp_intensity_max_mean,1,2.671993559459657,2.2734405994415283,0.8508405985459314
er_golgi_bridge_vapa,7,op_gfp_intensity_max_median,1,2.3341082131797655,2.2664294242858887,0.9710044339368149
er_golgi_bridge_vapa,8,op_gfp_intensity_max_std,1,2.2569164081279514,1.5536738634109497,0.688405586407907
er_golgi_bridge_vapa,9,op_gfp_intensity_max_sum,1,1431.9076336708208,2003.350341796875,1.3990779116534986
er_golgi_bridge_vapa,10,op_gfp_intensity_max_min,1,2.203141658540461,2.2186741828918457,1.0070501705104495
er_golgi_bridge_vapa,11,op_gfp_intensity_max_max,1,7.8523039563521415,7.3101654052734375,0.9309580278486113
er_golgi_bridge_vapa,12,op_gfp_intensity_mean_mean,1,1.637304073407851,1.5451741218566895,0.9437307015553903
er_golgi_bridge_vapa,13,op_gfp_intensity_mean_median,1,1.588391156037534,1.6122575998306274,1.015025545629851
er_golgi_bridge_vapa,14,op_gfp_intensity_mean_std,1,1.1067804846086051,0.7708883285522461,0.6965142042822142
er_golgi_bridge_vapa,15,op_gfp_intensity_mean_sum,1,1343.723121200653,1877.5687255859375,1.3972883966663303
er_golgi_bridge_vapa,16,op_gfp_intensity_mean_min,1,1.6601900212842822,1.732140064239502,1.0433384383912638
er_golgi_bridge_vapa,17,op_gfp_intensity_mean_max,1,3.6831287268789197,3.0589640140533447,0.8305341031741533
er_golgi_bridge_vapa,18,op_gfp_intensity_range_mean,1,2.195992804646952,1.905148983001709,0.8675570243081913
er_golgi_bridge_vapa,19,op_gfp_intensity_range_median,1,1.7509933209752533,1.8434743881225586,1.0528163448937635
er_golgi_bridge_vapa,20,op_gfp_intensity_range_std,1,2.312712744825964,1.7174495458602905,0.7426125660018067
er_golgi_bridge_vapa,21,op_gfp_intensity_range_sum,1,174.26623789137992,246.47523498535156,1.4143602224257545
er_golgi_bridge_vapa,22,op_gfp_intensity_range_min,1,1.5707150560035754,1.6001815795898438,1.0187599421509597
er_golgi_bridge_vapa,23,op_gfp_intensity_range_max,1,7.721797223919396,7.283934116363525,0.9432951818263855
er_golgi_bridge_vapa,0,op_gfp_intensity_min_mean,2,1.356743280549453,1.5350018739700317,1.1313871208917192
er_golgi_bridge_vapa,1,op_gfp_intensity_min_median,2,1.455009998802962,1.7484387159347534,1.2016678355291
er_golgi_bridge_vapa,2,op_gfp_intensity_min_std,2,0.8122140420517632,0.7574760317802429,0.9326064221529037
er_golgi_bridge_vapa,3,op_gfp_intensity_min_sum,2,1263.3684440670916,1779.38427734375,1.4084444531600595
er_golgi_bridge_vapa,4,op_gfp_intensity_min_min,2,1.6950521434531356,1.9140547513961792,1.1292011038061016
er_golgi_bridge_vapa,5,op_gfp_intensity_min_max,2,3.0457646155796314,2.2717597484588623,0.7458750216081717
er_golgi_bridge_vapa,6,op_gfp_intensity_max_mean,2,2.671993559459657,2.2608113288879395,0.8461140637424034
er_golgi_bridge_vapa,7,op_gfp_intensity_max_median,2,2.3341082131797655,2.2762904167175293,0.9752291705518354
er_golgi_bridge_vapa,8,op_gfp_intensity_max_std,2,2.2569164081279514,1.5869617462158203,0.703154862315951
er_golgi_bridge_vapa,9,op_gfp_intensity_max_sum,2,1431.9076336708208,2020.1151123046875,1.4107859088130883
er_golgi_bridge_vapa,10,op_gfp_intensity_max_min,2,2.203141658540461,2.222229480743408,1.0086639105247517
er_golgi_bridge_vapa,11,op_gfp_intensity_max_max,2,7.8523039563521415,7.700229644775391,0.9806331603536909
er_golgi_bridge_vapa,12,op_gfp_intensity_mean_mean,2,1.637304073407851,1.5392738580703735,0.9401270558538101
er_golgi_bridge_vapa,13,op_gfp_intensity_mean_median,2,1.588391156037534,1.6163034439086914,1.0175726789746102
er_golgi_bridge_vapa,14,op_gfp_intensity_mean_std,2,1.1067804846086051,0.7574481964111328,0.6843707554881509
er_golgi_bridge_vapa,15,op_gfp_intensity_mean_sum,2,1343.723121200653,1894.1094970703125,1.4095980542314956
er_golgi_bridge_vapa,16,op_gfp_intensity_mean_min,2,1.6601900212842822,1.7236096858978271,1.0382002444301437
er_golgi_bridge_vapa,17,op_gfp_intensity_mean_max,2,3.6831287268789197,3.147336721420288,0.8545280262542816
er_golgi_bridge_vapa,18,op_gfp_intensity_range_mean,2,2.195992804646952,1.8859084844589233,0.8587953842417617
er_golgi_bridge_vapa,19,op_gfp_intensity_range_median,2,1.7509933209752533,1.8497956991195679,1.056426473454099
er_golgi_bridge_vapa,20,op_gfp_intensity_range_std,2,2.312712744825964,1.7448991537094116,0.7544815747710677
er_golgi_bridge_vapa,21,op_gfp_intensity_range_sum,2,174.26623789137992,246.66468811035156,1.4154473700413364
er_golgi_bridge_vapa,22,op_gfp_intensity_range_min,2,1.5707150560035754,1.6080023050308228,1.0237390282118506
er_golgi_bridge_vapa,23,op_gfp_intensity_range_max,2,7.721797223919396,7.6730241775512695,0.9936837183166316
er_golgi_bridge_vapa,0,op_gfp_intensity_min_mean,3,1.356743280549453,1.4874975681304932,1.0963736393285008
er_golgi_bridge_vapa,1,op_gfp_intensity_min_median,3,1.455009998802962,1.6940873861312866,1.1643132263867697
er_golgi_bridge_vapa,2,op_gfp_intensity_min_std,3,0.8122140420517632,0.7383912205696106,0.9091091539175239
er_golgi_bridge_vapa,3,op_gfp_intensity_min_sum,3,1263.3684440670916,1792.17724609375,1.4185705322228042
er_golgi_bridge_vapa,4,op_gfp_intensity_min_min,3,1.6950521434531356,1.848451852798462,1.0904985194336398
er_golgi_bridge_vapa,5,op_gfp_intensity_min_max,3,3.0457646155796314,2.253666400909424,0.7399345272387488
er_golgi_bridge_vapa,6,op_gfp_intensity_max_mean,3,2.671993559459657,2.264749050140381,0.8475877653681055
er_golgi_bridge_vapa,7,op_gfp_intensity_max_median,3,2.3341082131797655,2.2681188583374023,0.9717282367330924
er_golgi_bridge_vapa,8,op_gfp_intensity_max_std,3,2.2569164081279514,1.6245694160461426,0.7198181599440261
er_golgi_bridge_vapa,9,op_gfp_intensity_max_sum,3,1431.9076336708208,2035.2005615234375,1.4213211199286804
er_golgi_bridge_vapa,10,op_gfp_intensity_max_min,3,2.203141658540461,2.197756767272949,0.9975558125158965
er_golgi_bridge_vapa,11,op_gfp_intensity_max_max,3,7.8523039563521415,7.819064140319824,0.995766870944237
er_golgi_bridge_vapa,12,op_gfp_intensity_mean_mean,3,1.637304073407851,1.5162603855133057,0.9260713450479559
er_golgi_bridge_vapa,13,op_gfp_intensity_mean_median,3,1.588391156037534,1.5948965549468994,1.0040955899840152
er_golgi_bridge_vapa,14,op_gfp_intensity_mean_std,3,1.1067804846086051,0.7547224760055542,0.6819080084091377
er_golgi_bridge_vapa,15,op_gfp_intensity_mean_sum,3,1343.723121200653,1908.057861328125,1.4199784399208846
er_golgi_bridge_vapa,16,op_gfp_intensity_mean_min,3,1.6601900212842822,1.6730765104293823,1.0077620567404275
er_golgi_bridge_vapa,17,op_gfp_intensity_mean_max,3,3.6831287268789197,3.1318321228027344,0.8503183991227606
er_golgi_bridge_vapa,18,op_gfp_intensity_range_mean,3,2.195992804646952,1.8978993892669678,0.8642557412987933
er_golgi_bridge_vapa,19,op_gfp_intensity_range_median,3,1.7509933209752533,1.841989517211914,1.051968328574765
er_golgi_bridge_vapa,20,op_gfp_intensity_range_std,3,2.312712744825964,1.7750273942947388,0.7675088046562881
er_golgi_bridge_vapa,21,op_gfp_intensity_range_sum,3,174.26623789137992,248.51266479492188,1.4260516999845934
er_golgi_bridge_vapa,22,op_gfp_intensity_range_min,3,1.5707150560035754,1.6126879453659058,1.026722153838089
er_golgi_bridge_vapa,23,op_gfp_intensity_range_max,3,7.721797223919396,7.795289516448975,1.0095175113252035
er_golgi_bridge_vapa,0,op_gfp_intensity_min_mean,4,1.356743280549453,1.505541443824768,1.1096730423570293
er_golgi_bridge_vapa,1,op_gfp_intensity_min_median,4,1.455009998802962,1.707039713859558,1.1732151086686287
er_golgi_bridge_vapa,2,op_gfp_intensity_min_std,4,0.8122140420517632,0.7578086853027344,0.9330159860181764
er_golgi_bridge_vapa,3,op_gfp_intensity_min_sum,4,1263.3684440670916,1790.99267578125,1.417632903680582
er_golgi_bridge_vapa,4,op_gfp_intensity_min_min,4,1.6950521434531356,1.9012231826782227,1.1216310896519552
er_golgi_bridge_vapa,5,op_gfp_intensity_min_max,4,3.0457646155796314,2.332598924636841,0.7658500307952819
er_golgi_bridge_vapa,6,op_gfp_intensity_max_mean,4,2.671993559459657,2.210995674133301,0.8274704354378828
er_golgi_bridge_vapa,7,op_gfp_intensity_max_median,4,2.3341082131797655,2.177795886993408,0.9330312428088274
er_golgi_bridge_vapa,8,op_gfp_intensity_max_std,4,2.2569164081279514,1.6978273391723633,0.7522774583311498
er_golgi_bridge_vapa,9,op_gfp_intensity_max_sum,4,1431.9076336708208,2034.4698486328125,1.420810812648069
er_golgi_bridge_vapa,10,op_gfp_intensity_max_min,4,2.203141658540461,2.163893699645996,0.9821854583238802
er_golgi_bridge_vapa,11,op_gfp_intensity_max_max,4,7.8523039563521415,7.829142093658447,0.9970503099698583
er_golgi_bridge_vapa,12,op_gfp_intensity_mean_mean,4,1.637304073407851,1.5151100158691406,0.9253687451687711
er_golgi_bridge_vapa,13,op_gfp_intensity_mean_median,4,1.588391156037534,1.582503080368042,0.9962930568788985
er_golgi_bridge_vapa,14,op_gfp_intensity_mean_std,4,1.1067804846086051,0.7908633947372437,0.7145621067007878
er_golgi_bridge_vapa,15,op_gfp_intensity_mean_sum,4,1343.723121200653,1906.9864501953125,1.4191810947566106
er_golgi_bridge_vapa,16,op_gfp_intensity_mean_min,4,1.6601900212842822,1.6775470972061157,1.0104548730562821
er_golgi_bridge_vapa,17,op_gfp_intensity_mean_max,4,3.6831287268789197,3.1932544708251953,0.8669950760942197
er_golgi_bridge_vapa,18,op_gfp_intensity_range_mean,4,2.195992804646952,1.838597059249878,0.8372509488005666
er_golgi_bridge_vapa,19,op_gfp_intensity_range_median,4,1.7509933209752533,1.7447021007537842,0.9964070564141472
er_golgi_bridge_vapa,20,op_gfp_intensity_range_std,4,2.312712744825964,1.8460922241210938,0.7982367149794972
er_golgi_bridge_vapa,21,op_gfp_intensity_range_sum,4,174.26623789137992,249.364013671875,1.430937034558028
er_golgi_bridge_vapa,22,op_gfp_intensity_range_min,4,1.5707150560035754,1.5624192953109741,0.9947184814579237
er_golgi_bridge_vapa,23,op_gfp_intensity_range_max,4,7.721797223919396,7.811209678649902,1.011579228531609
mitochondria_chromalive_561_excitation,0,op_mcherry_intensity_min_mean,0,4.551726421913137,9.32270622253418,2.048169278727378
mitochondria_chromalive_561_excitation,1,op_mcherry_intensity_min_median,0,3.85706911807616,8.818506240844727,2.286323104638386
mitochondria_chromalive_561_excitation,2,op_mcherry_intensity_min_std,0,5.254475787219008,5.613689422607422,1.0683633629566178
mitochondria_chromalive_561_excitation,3,op_mcherry_intensity_min_sum,0,1119.6886879230137,1345.7568359375,1.2019026810334534
mitochondria_chromalive_561_excitation,4,op_mcherry_intensity_min_min,0,2.711214603023094,8.031723022460938,2.962407702254665
mitochondria_chromalive_561_excitation,5,op_mcherry_intensity_min_max,0,22.14914655103112,28.6413516998291,1.2931131063601071
mitochondria_chromalive_561_excitation,6,op_mcherry_intensity_max_mean,0,24.025622224089776,31.43206214904785,1.3082725540207596
mitochondria_chromalive_561_excitation,7,op_mcherry_intensity_max_median,0,22.012010452510523,24.233503341674805,1.100921853274466
mitochondria_chromalive_561_excitation,8,op_mcherry_intensity_max_std,0,27.866276210365864,34.40077209472656,1.2344947647482931
mitochondria_chromalive_561_excitation,9,op_mcherry_intensity_max_sum,0,2185.395678211317,2823.1064453125,1.2918056320231817
mitochondria_chromalive_561_excitation,10,op_mcherry_intensity_max_min,0,7.46921729644672,10.973383903503418,1.4691477658206185
mitochondria_chromalive_561_excitation,11,op_mcherry_intensity_max_max,0,105.36260423120407,147.75839233398438,1.4023798425649052
mitochondria_chromalive_561_excitation,12,op_mcherry_intensity_mean_mean,0,10.349025533841477,15.712881088256836,1.5182957116953153
mitochondria_chromalive_561_excitation,13,op_mcherry_intensity_mean_median,0,11.3426806972258,14.484463691711426,1.2769876961496451
mitochondria_chromalive_561_excitation,14,op_mcherry_intensity_mean_std,0,8.844754898095951,10.623403549194336,1.201096431906924
mitochondria_chromalive_561_excitation,15,op_mcherry_intensity_mean_sum,0,1509.893707762986,1881.4105224609375,1.2460549459791974
mitochondria_chromalive_561_excitation,16,op_mcherry_intensity_mean_min,0,4.432557280848775,8.922761917114258,2.0130054394707493
mitochondria_chromalive_561_excitation,17,op_mcherry_intensity_mean_max,0,29.105337875297767,44.474266052246094,1.528045001325761
mitochondria_chromalive_561_excitation,18,op_mcherry_intensity_range_mean,0,22.325475284774154,25.281084060668945,1.1323872723063817
mitochondria_chromalive_561_excitation,19,op_mcherry_intensity_range_median,0,18.557049535647003,17.65281105041504,0.951272507868507
mitochondria_chromalive_561_excitation,20,op_mcherry_intensity_range_std,0,27.978009925704747,34.40087890625,1.2295684717247974
mitochondria_chromalive_561_excitation,21,op_mcherry_intensity_range_sum,0,1162.5177970419868,1531.9696044921875,1.3178031410704134
mitochondria_chromalive_561_excitation,22,op_mcherry_intensity_range_min,0,6.46872248455318,6.4959716796875,1.0042124538808688
mitochondria_chromalive_561_excitation,23,op_mcherry_intensity_range_max,0,105.56330857632416,143.04721069335938,1.3550845707903678
mitochondria_chromalive_561_excitation,0,op_mcherry_intensity_min_mean,1,4.551726421913137,9.354089736938477,2.0550641382807138
mitochondria_chromalive_561_excitation,1,op_mcherry_intensity_min_median,1,3.85706911807616,8.862762451171875,2.2977971563010176
mitochondria_chromalive_561_excitation,2,op_mcherry_intensity_min_std,1,5.254475787219008,5.643694877624512,1.0740738193812294
mitochondria_chromalive_561_excitation,3,op_mcherry_intensity_min_sum,1,1119.6886879230137,1346.2711181640625,1.2023619892609185
mitochondria_chromalive_561_excitation,4,op_mcherry_intensity_min_min,1,2.711214603023094,8.05057144165039,2.9693597226400805
mitochondria_chromalive_561_excitation,5,op_mcherry_intensity_min_max,1,22.14914655103112,28.544052124023438,1.2887201797260497
mitochondria_chromalive_561_excitation,6,op_mcherry_intensity_max_mean,1,24.025622224089776,31.446170806884766,1.3088597878374457
mitochondria_chromalive_561_excitation,7,op_mcherry_intensity_max_median,1,22.012010452510523,24.224470138549805,1.1005114771689082
mitochondria_chromalive_561_excitation,8,op_mcherry_intensity_max_std,1,27.866276210365864,34.48151397705078,1.2373922413151184
mitochondria_chromalive_561_excitation,9,op_mcherry_intensity_max_sum,1,2185.395678211317,2843.4462890625,1.301112799577685
mitochondria_chromalive_561_excitation,10,op_mcherry_intensity_max_min,1,7.46921729644672,10.95868968963623,1.4671804627841707
mitochondria_chromalive_561_excitation,11,op_mcherry_intensity_max_max,1,105.36260423120407,147.48336791992188,1.3997695766544405
mitochondria_chromalive_561_excitation,12,op_mcherry_intensity_mean_mean,1,10.349025533841477,15.725584030151367,1.5195231646427443
mitochondria_chromalive_561_excitation,13,op_mcherry_intensity_mean_median,1,11.3426806972258,14.509740829467773,1.2792161938417763
mitochondria_chromalive_561_excitation,14,op_mcherry_intensity_mean_std,1,8.844754898095951,10.669934272766113,1.206357258702904
mitochondria_chromalive_561_excitation,15,op_mcherry_intensity_mean_sum,1,1509.893707762986,1889.8975830078125,1.2516759115499787
mitochondria_chromalive_561_excitation,16,op_mcherry_intensity_mean_min,1,4.432557280848775,8.951834678649902,2.0195643533648244
mitochondria_chromalive_561_excitation,17,op_mcherry_intensity_mean_max,1,29.105337875297767,44.53538513183594,1.5301449281450854
mitochondria_chromalive_561_excitation,18,op_mcherry_intensity_range_mean,1,22.325475284774154,25.26968002319336,1.131876464033316
mitochondria_chromalive_561_excitation,19,op_mcherry_intensity_range_median,1,18.557049535647003,17.610536575317383,0.9489944261607199
mitochondria_chromalive_561_excitation,20,op_mcherry_intensity_range_std,1,27.978009925704747,34.47877883911133,1.23235279888274
mitochondria_chromalive_561_excitation,21,op_mcherry_intensity_range_sum,1,1162.5177970419868,1546.94677734375,1.33068653338464
mitochondria_chromalive_561_excitation,22,op_mcherry_intensity_range_min,1,6.46872248455318,6.418780326843262,0.992279440364125
mitochondria_chromalive_561_excitation,23,op_mcherry_intensity_range_max,1,105.56330857632416,142.74371337890625,1.3522095442442483
mitochondria_chromalive_561_excitation,0,op_mcherry_intensity_min_mean,2,4.551726421913137,9.318788528442383,2.0473085736390986
mitochondria_chromalive_561_excitation,1,op_mcherry_intensity_min_median,2,3.85706911807616,8.83286190032959,2.2900450134363344
mitochondria_chromalive_561_excitation,2,op_mcherry_intensity_min_std,2,5.254475787219008,5.645705699920654,1.0744565068989895
mitochondria_chromalive_561_excitation,3,op_mcherry_intensity_min_sum,2,1119.6886879230137,1322.570068359375,1.1811944539805075
mitochondria_chromalive_561_excitation,4,op_mcherry_intensity_min_min,2,2.711214603023094,8.032382011413574,2.9626507626719043
mitochondria_chromalive_561_excitation,5,op_mcherry_intensity_min_max,2,22.14914655103112,28.564071655273438,1.2896240308610754
mitochondria_chromalive_561_excitation,6,op_mcherry_intensity_max_mean,2,24.025622224089776,31.393735885620117,1.30667732942802
mitochondria_chromalive_561_excitation,7,op_mcherry_intensity_max_median,2,22.012010452510523,24.175537109375,1.0982884621798696
mitochondria_chromalive_561_excitation,8,op_mcherry_intensity_max_std,2,27.866276210365864,34.42451858520508,1.235346923475898
mitochondria_chromalive_561_excitation,9,op_mcherry_intensity_max_sum,2,2185.395678211317,2776.25439453125,1.2703669281544172
mitochondria_chromalive_561_excitation,10,op_mcherry_intensity_max_min,2,7.46921729644672,10.943984985351562,1.4652117552608719
mitochondria_chromalive_561_excitation,11,op_mcherry_intensity_max_max,2,105.36260423120407,147.6344757080078,1.4012037457240882
mitochondria_chromalive_561_excitation,12,op_mcherry_intensity_mean_mean,2,10.349025533841477,15.682222366333008,1.5153332374194937
mitochondria_chromalive_561_excitation,13,op_mcherry_intensity_mean_median,2,11.3426806972258,14.467458724975586,1.2754884944009792
mitochondria_chromalive_561_excitation,14,op_mcherry_intensity_mean_std,2,8.844754898095951,10.678094863891602,1.207279906217675
mitochondria_chromalive_561_excitation,15,op_mcherry_intensity_mean_sum,2,1509.893707762986,1852.0389404296875,1.2266021978286232
mitochondria_chromalive_561_excitation,16,op_mcherry_intensity_mean_min,2,4.432557280848775,8.935590744018555,2.015899666457894
mitochondria_chromalive_561_excitation,17,op_mcherry_intensity_mean_max,2,29.105337875297767,44.679779052734375,1.5351060085323702
mitochondria_chromalive_561_excitation,18,op_mcherry_intensity_range_mean,2,22.325475284774154,25.24451446533203,1.1307492513966162
mitochondria_chromalive_561_excitation,19,op_mcherry_intensity_range_median,2,18.557049535647003,17.586763381958008,0.9477133392447364
mitochondria_chromalive_561_excitation,20,op_mcherry_intensity_range_std,2,27.978009925704747,34.421932220458984,1.2303209667830555
mitochondria_chromalive_561_excitation,21,op_mcherry_intensity_range_sum,2,1162.5177970419868,1504.9180908203125,1.2945333780261767
mitochondria_chromalive_561_excitation,22,op_mcherry_intensity_range_min,2,6.46872248455318,6.399401664733887,0.9892836924161105
mitochondria_chromalive_561_excitation,23,op_mcherry_intensity_range_max,2,105.56330857632416,142.91656494140625,1.3538469650946476
mitochondria_chromalive_561_excitation,0,op_mcherry_intensity_min_mean,3,4.551726421913137,9.314983367919922,2.0464725918225857
mitochondria_chromalive_561_excitation,1,op_mcherry_intensity_min_median,3,3.85706911807616,8.811904907226562,2.284611615054954
mitochondria_chromalive_561_excitation,2,op_mcherry_intensity_min_std,3,5.254475787219008,5.6078972816467285,1.0672610377779992
mitochondria_chromalive_561_excitation,3,op_mcherry_intensity_min_sum,3,1119.6886879230137,1317.699462890625,1.1768444899938346
mitochondria_chromalive_561_excitation,4,op_mcherry_intensity_min_min,3,2.711214603023094,8.042693138122559,2.966453901935571
mitochondria_chromalive_561_excitation,5,op_mcherry_intensity_min_max,3,22.14914655103112,28.32794761657715,1.2789633926214816
mitochondria_chromalive_561_excitation,6,op_mcherry_intensity_max_mean,3,24.025622224089776,31.383222579956055,1.3062397421902785
mitochondria_chromalive_561_excitation,7,op_mcherry_intensity_max_median,3,22.012010452510523,24.246139526367188,1.1014959119103025
mitochondria_chromalive_561_excitation,8,op_mcherry_intensity_max_std,3,27.866276210365864,34.33690643310547,1.2322029026731824
mitochondria_chromalive_561_excitation,9,op_mcherry_intensity_max_sum,3,2185.395678211317,2767.443603515625,1.266335259608776
mitochondria_chromalive_561_excitation,10,op_mcherry_intensity_max_min,3,7.46921729644672,11.005681991577148,1.473471925473745
mitochondria_chromalive_561_excitation,11,op_mcherry_intensity_max_max,3,105.36260423120407,147.1423797607422,1.3965332466332934
mitochondria_chromalive_561_excitation,12,op_mcherry_intensity_mean_mean,3,10.349025533841477,15.688770294189453,1.515965947024377
mitochondria_chromalive_561_excitation,13,op_mcherry_intensity_mean_median,3,11.3426806972258,14.502326965332031,1.2785625684481288
mitochondria_chromalive_561_excitation,14,op_mcherry_intensity_mean_std,3,8.844754898095951,10.64162826538086,1.2031569430682278
mitochondria_chromalive_561_excitation,15,op_mcherry_intensity_mean_sum,3,1509.893707762986,1846.88525390625,1.2231889201277226
mitochondria_chromalive_561_excitation,16,op_mcherry_intensity_mean_min,3,4.432557280848775,8.957980155944824,2.0209507939465343
mitochondria_chromalive_561_excitation,17,op_mcherry_intensity_mean_max,3,29.105337875297767,44.542171478271484,1.5303780931564186
mitochondria_chromalive_561_excitation,18,op_mcherry_intensity_range_mean,3,22.325475284774154,25.235912322998047,1.1303639452732634
mitochondria_chromalive_561_excitation,19,op_mcherry_intensity_range_median,3,18.557049535647003,17.664915084838867,0.9519247685848767
mitochondria_chromalive_561_excitation,20,op_mcherry_intensity_range_std,3,27.978009925704747,34.33401107788086,1.2271784579766178
mitochondria_chromalive_561_excitation,21,op_mcherry_intensity_range_sum,3,1162.5177970419868,1499.849609375,1.2901734607344078
mitochondria_chromalive_561_excitation,22,op_mcherry_intensity_range_min,3,6.46872248455318,6.46892786026001,1.0000317490365864
mitochondria_chromalive_561_excitation,23,op_mcherry_intensity_range_max,3,105.56330857632416,142.4063262939453,1.3490134802944622
mitochondria_chromalive_561_excitation,0,op_mcherry_intensity_min_mean,4,4.551726421913137,9.286768913269043,2.0402739647445065
mitochondria_chromalive_561_excitation,1,op_mcherry_intensity_min_median,4,3.85706911807616,8.773483276367188,2.274650261062278
mitochondria_chromalive_561_excitation,2,op_mcherry_intensity_min_std,4,5.254475787219008,5.57967472076416,1.0618898909642263
mitochondria_chromalive_561_excitation,3,op_mcherry_intensity_min_sum,4,1119.6886879230137,1329.84619140625,1.1876927986769892
mitochondria_chromalive_561_excitation,4,op_mcherry_intensity_min_min,4,2.711214603023094,8.022239685058594,2.9589098834572263
mitochondria_chromalive_561_excitation,5,op_mcherry_intensity_min_max,4,22.14914655103112,28.21038246154785,1.2736555061637154
mitochondria_chromalive_561_excitation,6,op_mcherry_intensity_max_mean,4,24.025622224089776,31.47509002685547,1.3100634702936573
mitochondria_chromalive_561_excitation,7,op_mcherry_intensity_max_median,4,22.012010452510523,24.242631912231445,1.1013365618980302
mitochondria_chromalive_561_excitation,8,op_mcherry_intensity_max_std,4,27.866276210365864,34.42045974731445,1.2352012693576375
mitochondria_chromalive_561_excitation,9,op_mcherry_intensity_max_sum,4,2185.395678211317,2799.96044921875,1.281214416746004
mitochondria_chromalive_561_excitation,10,op_mcherry_intensity_max_min,4,7.46921729644672,10.937853813171387,1.4643908965367465
mitochondria_chromalive_561_excitation,11,op_mcherry_intensity_max_max,4,105.36260423120407,147.4198455810547,1.3991666840121155
mitochondria_chromalive_561_excitation,12,op_mcherry_intensity_mean_mean,4,10.349025533841477,15.708301544189453,1.51785320200661
mitochondria_chromalive_561_excitation,13,op_mcherry_intensity_mean_median,4,11.3426806972258,14.494000434875488,1.2778284800365085
mitochondria_chromalive_561_excitation,14,op_mcherry_intensity_mean_std,4,8.844754898095951,10.631925582885742,1.2020599446090385
mitochondria_chromalive_561_excitation,15,op_mcherry_intensity_mean_sum,4,1509.893707762986,1864.1710205078125,1.2346372535519161
mitochondria_chromalive_561_excitation,16,op_mcherry_intensity_mean_min,4,4.432557280848775,8.91491413116455,2.0112349522660797
mitochondria_chromalive_561_excitation,17,op_mcherry_intensity_mean_max,4,29.105337875297767,44.33799362182617,1.5233629587738489
mitochondria_chromalive_561_excitation,18,op_mcherry_intensity_range_mean,4,22.325475284774154,25.31892967224121,1.1340824483816734
mitochondria_chromalive_561_excitation,19,op_mcherry_intensity_range_median,4,18.557049535647003,17.625171661376953,0.949783079875927
mitochondria_chromalive_561_excitation,20,op_mcherry_intensity_range_std,4,27.978009925704747,34.42002487182617,1.2302527936485874
mitochondria_chromalive_561_excitation,21,op_mcherry_intensity_range_sum,4,1162.5177970419868,1520.7392578125,1.3081427756908355
mitochondria_chromalive_561_excitation,22,op_mcherry_intensity_range_min,4,6.46872248455318,6.422356128692627,0.9928322236776623
mitochondria_chromalive_561_excitation,23,op_mcherry_intensity_range_max,4,105.56330857632416,142.6768798828125,1.351576431309507
peroxisome_peroxi_spy650_live_cell_dye,0,op_cy5_intensity_min_mean,0,7.720003887915945,22.918550491333008,2.9687226618120253
peroxisome_peroxi_spy650_live_cell_dye,1,op_cy5_intensity_min_median,0,8.334013048751139,23.02450180053711,2.7627148728771616
peroxisome_peroxi_spy650_live_cell_dye,2,op_cy5_intensity_min_std,0,4.006557986249074,4.188198089599609,1.045335698116424
peroxisome_peroxi_spy650_live_cell_dye,3,op_cy5_intensity_min_sum,0,4585.219159306003,5819.86865234375,1.2692672803942084
peroxisome_peroxi_spy650_live_cell_dye,4,op_cy5_intensity_min_min,0,10.108896715916648,22.122011184692383,2.1883704825929082
peroxisome_peroxi_spy650_live_cell_dye,5,op_cy5_intensity_min_max,0,11.820306825065702,27.16872215270996,2.298478588990345
peroxisome_peroxi_spy650_live_cell_dye,6,op_cy5_intensity_max_mean,0,13.336548879899095,27.257543563842773,2.0438228667182003
peroxisome_peroxi_spy650_live_cell_dye,7,op_cy5_intensity_max_median,0,11.938562127902552,26.339006423950195,2.2062126193900045
peroxisome_peroxi_spy650_live_cell_dye,8,op_cy5_intensity_max_std,0,12.58881355042329,11.970637321472168,0.9508947982687109
peroxisome_peroxi_spy650_live_cell_dye,9,op_cy5_intensity_max_sum,0,5379.008849629584,6857.64013671875,1.2748891716716528
peroxisome_peroxi_spy650_live_cell_dye,10,op_cy5_intensity_max_min,0,11.578786980188651,24.357851028442383,2.103661728134282
peroxisome_peroxi_spy650_live_cell_dye,11,op_cy5_intensity_max_max,0,45.9799610618318,56.85700607299805,1.2365605529012798
peroxisome_peroxi_spy650_live_cell_dye,12,op_cy5_intensity_mean_mean,0,9.297523841161407,24.562414169311523,2.641823198190723
peroxisome_peroxi_spy650_live_cell_dye,13,op_cy5_intensity_mean_median,0,9.559822428430424,24.441843032836914,2.5567256312364255
peroxisome_peroxi_spy650_live_cell_dye,14,op_cy5_intensity_mean_std,0,6.1373813809574544,6.044670581817627,0.9848940788611438
peroxisome_peroxi_spy650_live_cell_dye,15,op_cy5_intensity_mean_sum,0,4929.279000585609,6272.8046875,1.2725602845273676
peroxisome_peroxi_spy650_live_cell_dye,16,op_cy5_intensity_mean_min,0,8.134657587801803,21.69683265686035,2.667209089340834
peroxisome_peroxi_spy650_live_cell_dye,17,op_cy5_intensity_mean_max,0,21.623035121175317,35.737762451171875,1.6527634650222662
peroxisome_peroxi_spy650_live_cell_dye,18,op_cy5_intensity_range_mean,0,10.92471125213399,9.826334953308105,0.8994594663898936
peroxisome_peroxi_spy650_live_cell_dye,19,op_cy5_intensity_range_median,0,9.255942133579884,8.395010948181152,0.9069861097904517
peroxisome_peroxi_spy650_live_cell_dye,20,op_cy5_intensity_range_std,0,12.3514820543803,11.5194730758667,0.9326389355665591
peroxisome_peroxi_spy650_live_cell_dye,21,op_cy5_intensity_range_sum,0,811.2632288111819,1061.8436279296875,1.3088768111500677
peroxisome_peroxi_spy650_live_cell_dye,22,op_cy5_intensity_range_min,0,10.025015889017617,9.656622886657715,0.9632526265855124
peroxisome_peroxi_spy650_live_cell_dye,23,op_cy5_intensity_range_max,0,44.549129861521905,48.17284393310547,1.081341971949792
peroxisome_peroxi_spy650_live_cell_dye,0,op_cy5_intensity_min_mean,1,7.720003887915945,22.941905975341797,2.971747982051222
peroxisome_peroxi_spy650_live_cell_dye,1,op_cy5_intensity_min_median,1,8.334013048751139,23.05413246154785,2.766270262200098
peroxisome_peroxi_spy650_live_cell_dye,2,op_cy5_intensity_min_std,1,4.006557986249074,4.298003196716309,1.072742042288544
peroxisome_peroxi_spy650_live_cell_dye,3,op_cy5_intensity_min_sum,1,4585.219159306003,5870.39794921875,1.2802873200301434
peroxisome_peroxi_spy650_live_cell_dye,4,op_cy5_intensity_min_min,1,10.108896715916648,22.186471939086914,2.1947471185608114
peroxisome_peroxi_spy650_live_cell_dye,5,op_cy5_intensity_min_max,1,11.820306825065702,27.095260620117188,2.2922637306385303
peroxisome_peroxi_spy650_live_cell_dye,6,op_cy5_intensity_max_mean,1,13.336548879899095,27.16197395324707,2.03665687411724
peroxisome_peroxi_spy650_live_cell_dye,7,op_cy5_intensity_max_median,1,11.938562127902552,26.268537521362305,2.20030999042741
peroxisome_peroxi_spy650_live_cell_dye,8,op_cy5_intensity_max_std,1,12.58881355042329,11.835558891296387,0.9401647616663943
peroxisome_peroxi_spy650_live_cell_dye,9,op_cy5_intensity_max_sum,1,5379.008849629584,6911.66259765625,1.2849323715338765
peroxisome_peroxi_spy650_live_cell_dye,10,op_cy5_intensity_max_min,1,11.578786980188651,24.21878433227539,2.0916512561906377
peroxisome_peroxi_spy650_live_cell_dye,11,op_cy5_intensity_max_max,1,45.9799610618318,56.482269287109375,1.228410550656068
peroxisome_peroxi_spy650_live_cell_dye,12,op_cy5_intensity_mean_mean,1,9.297523841161407,24.5440731048584,2.639850515488698
peroxisome_peroxi_spy650_live_cell_dye,13,op_cy5_intensity_mean_median,1,9.559822428430424,24.416648864746094,2.5540902090536983
peroxisome_peroxi_spy650_live_cell_dye,14,op_cy5_intensity_mean_std,1,6.1373813809574544,6.010776042938232,0.9793714403325101
peroxisome_peroxi_spy650_live_cell_dye,15,op_cy5_intensity_mean_sum,1,4929.279000585609,6325.04638671875,1.2831585280458504
peroxisome_peroxi_spy650_live_cell_dye,16,op_cy5_intensity_mean_min,1,8.134657587801803,21.66846466064453,2.6637217887495517
peroxisome_peroxi_spy650_live_cell_dye,17,op_cy5_intensity_mean_max,1,21.623035121175317,35.6165771484375,1.6471590111583543
peroxisome_peroxi_spy650_live_cell_dye,18,op_cy5_intensity_range_mean,1,10.92471125213399,9.57741641998291,0.8766745590746936
peroxisome_peroxi_spy650_live_cell_dye,19,op_cy5_intensity_range_median,1,9.255942133579884,8.22121810913086,0.888209756552483
peroxisome_peroxi_spy650_live_cell_dye,20,op_cy5_intensity_range_std,1,12.3514820543803,11.395164489746094,0.9225746707622783
peroxisome_peroxi_spy650_live_cell_dye,21,op_cy5_intensity_range_sum,1,811.2632288111819,1065.689453125,1.313617350421086
peroxisome_peroxi_spy650_live_cell_dye,22,op_cy5_intensity_range_min,1,10.025015889017617,9.329099655151367,0.9305820318321266
peroxisome_peroxi_spy650_live_cell_dye,23,op_cy5_intensity_range_max,1,44.549129861521905,47.809696197509766,1.0731903484113634
peroxisome_peroxi_spy650_live_cell_dye,0,op_cy5_intensity_min_mean,2,7.720003887915945,22.931705474853516,2.970426674363249
peroxisome_peroxi_spy650_live_cell_dye,1,op_cy5_intensity_min_median,2,8.334013048751139,23.04499626159668,2.765174007622894
peroxisome_peroxi_spy650_live_cell_dye,2,op_cy5_intensity_min_std,2,4.006557986249074,4.288718223571777,1.0704245984436283
peroxisome_peroxi_spy650_live_cell_dye,3,op_cy5_intensity_min_sum,2,4585.219159306003,5947.79931640625,1.297167945469913
peroxisome_peroxi_spy650_live_cell_dye,4,op_cy5_intensity_min_min,2,10.108896715916648,22.175901412963867,2.193701452904103
peroxisome_peroxi_spy650_live_cell_dye,5,op_cy5_intensity_min_max,2,11.820306825065702,26.93620491027832,2.2788075901006573
peroxisome_peroxi_spy650_live_cell_dye,6,op_cy5_intensity_max_mean,2,13.336548879899095,27.152475357055664,2.0359446511668393
peroxisome_peroxi_spy650_live_cell_dye,7,op_cy5_intensity_max_median,2,11.938562127902552,26.282495498657227,2.201479141045833
peroxisome_peroxi_spy650_live_cell_dye,8,op_cy5_intensity_max_std,2,12.58881355042329,11.810009002685547,0.9381351908487392
peroxisome_peroxi_spy650_live_cell_dye,9,op_cy5_intensity_max_sum,2,5379.008849629584,7000.5927734375,1.3014651898034306
peroxisome_peroxi_spy650_live_cell_dye,10,op_cy5_intensity_max_min,2,11.578786980188651,24.303953170776367,2.0990068486759905
peroxisome_peroxi_spy650_live_cell_dye,11,op_cy5_intensity_max_max,2,45.9799610618318,56.382144927978516,1.2262329855425131
peroxisome_peroxi_spy650_live_cell_dye,12,op_cy5_intensity_mean_mean,2,9.297523841161407,24.49626922607422,2.6347089445069116
peroxisome_peroxi_spy650_live_cell_dye,13,op_cy5_intensity_mean_median,2,9.559822428430424,24.379404067993164,2.5501942374463002
peroxisome_peroxi_spy650_live_cell_dye,14,op_cy5_intensity_mean_std,2,6.1373813809574544,5.93987512588501,0.967819132816929
peroxisome_peroxi_spy650_live_cell_dye,15,op_cy5_intensity_mean_sum,2,4929.279000585609,6406.7841796875,1.2997406271640053
peroxisome_peroxi_spy650_live_cell_dye,16,op_cy5_intensity_mean_min,2,8.134657587801803,21.6821346282959,2.665402248867734
peroxisome_peroxi_spy650_live_cell_dye,17,op_cy5_intensity_mean_max,2,21.623035121175317,35.40191650390625,1.6372316053465295
peroxisome_peroxi_spy650_live_cell_dye,18,op_cy5_intensity_range_mean,2,10.92471125213399,9.754437446594238,0.8928782849696686
peroxisome_peroxi_spy650_live_cell_dye,19,op_cy5_intensity_range_median,2,9.255942133579884,8.483894348144531,0.9165889572024851
peroxisome_peroxi_spy650_live_cell_dye,20,op_cy5_intensity_range_std,2,12.3514820543803,11.411678314208984,0.9239116620958028
peroxisome_peroxi_spy650_live_cell_dye,21,op_cy5_intensity_range_sum,2,811.2632288111819,1076.854736328125,1.3273801869537938
peroxisome_peroxi_spy650_live_cell_dye,22,op_cy5_intensity_range_min,2,10.025015889017617,9.517181396484375,0.949343273052607
peroxisome_peroxi_spy650_live_cell_dye,23,op_cy5_intensity_range_max,2,44.549129861521905,47.797279357910156,1.072911626029171
peroxisome_peroxi_spy650_live_cell_dye,0,op_cy5_intensity_min_mean,3,7.720003887915945,22.87517738342285,2.963104386414775
peroxisome_peroxi_spy650_live_cell_dye,1,op_cy5_intensity_min_median,3,8.334013048751139,22.96332359313965,2.7553740867469276
peroxisome_peroxi_spy650_live_cell_dye,2,op_cy5_intensity_min_std,3,4.006557986249074,4.241053581237793,1.0585279423868397
peroxisome_peroxi_spy650_live_cell_dye,3,op_cy5_intensity_min_sum,3,4585.219159306003,5912.97119140625,1.28957220712242
peroxisome_peroxi_spy650_live_cell_dye,4,op_cy5_intensity_min_min,3,10.108896715916648,22.102174758911133,2.1864082085348486
peroxisome_peroxi_spy650_live_cell_dye,5,op_cy5_intensity_min_max,3,11.820306825065702,27.016254425048828,2.28557979288314
peroxisome_peroxi_spy650_live_cell_dye,6,op_cy5_intensity_max_mean,3,13.336548879899095,27.184967041015625,2.038380939913843
peroxisome_peroxi_spy650_live_cell_dye,7,op_cy5_intensity_max_median,3,11.938562127902552,26.25605010986328,2.199264017607129
peroxisome_peroxi_spy650_live_cell_dye,8,op_cy5_intensity_max_std,3,12.58881355042329,11.981112480163574,0.9517268988196841
peroxisome_peroxi_spy650_live_cell_dye,9,op_cy5_intensity_max_sum,3,5379.008849629584,6965.80078125,1.2949970851469574
peroxisome_peroxi_spy650_live_cell_dye,10,op_cy5_intensity_max_min,3,11.578786980188651,24.284393310546875,2.0973175646203326
peroxisome_peroxi_spy650_live_cell_dye,11,op_cy5_intensity_max_max,3,45.9799610618318,56.751853942871094,1.2342736407835084
peroxisome_peroxi_spy650_live_cell_dye,12,op_cy5_intensity_mean_mean,3,9.297523841161407,24.461410522460938,2.6309596985561825
peroxisome_peroxi_spy650_live_cell_dye,13,op_cy5_intensity_mean_median,3,9.559822428430424,24.33053207397461,2.545082009224026
peroxisome_peroxi_spy650_live_cell_dye,14,op_cy5_intensity_mean_std,3,6.1373813809574544,6.021038055419922,0.981043490975074
peroxisome_peroxi_spy650_live_cell_dye,15,op_cy5_intensity_mean_sum,3,4929.279000585609,6371.62255859375,1.2926074092857776
peroxisome_peroxi_spy650_live_cell_dye,16,op_cy5_intensity_mean_min,3,8.134657587801803,21.60338592529297,2.655721607469746
peroxisome_peroxi_spy650_live_cell_dye,17,op_cy5_intensity_mean_max,3,21.623035121175317,35.64881134033203,1.648649745077709
peroxisome_peroxi_spy650_live_cell_dye,18,op_cy5_intensity_range_mean,3,10.92471125213399,9.847439765930176,0.9013913080775123
peroxisome_peroxi_spy650_live_cell_dye,19,op_cy5_intensity_range_median,3,9.255942133579884,8.453581809997559,0.9133140298412821
peroxisome_peroxi_spy650_live_cell_dye,20,op_cy5_intensity_range_std,3,12.3514820543803,11.55537223815918,0.9355454015383693
peroxisome_peroxi_spy650_live_cell_dye,21,op_cy5_intensity_range_sum,3,811.2632288111819,1077.601318359375,1.3283004579641589
peroxisome_peroxi_spy650_live_cell_dye,22,op_cy5_intensity_range_min,3,10.025015889017617,9.581676483154297,0.9557766879602657
peroxisome_peroxi_spy650_live_cell_dye,23,op_cy5_intensity_range_max,3,44.549129861521905,48.00627517700195,1.0776029818366006
peroxisome_peroxi_spy650_live_cell_dye,0,op_cy5_intensity_min_mean,4,7.720003887915945,22.887502670288086,2.9647009253601144
peroxisome_peroxi_spy650_live_cell_dye,1,op_cy5_intensity_min_median,4,8.334013048751139,22.95811653137207,2.754749290296872
peroxisome_peroxi_spy650_live_cell_dye,2,op_cy5_intensity_min_std,4,4.006557986249074,4.210689067840576,1.0509492392952007
peroxisome_peroxi_spy650_live_cell_dye,3,op_cy5_intensity_min_sum,4,4585.219159306003,5846.89794921875,1.2751621560666488
peroxisome_peroxi_spy650_live_cell_dye,4,op_cy5_intensity_min_min,4,10.108896715916648,22.13518714904785,2.189673885399935
peroxisome_peroxi_spy650_live_cell_dye,5,op_cy5_intensity_min_max,4,11.820306825065702,27.148168563842773,2.296739751820433
peroxisome_peroxi_spy650_live_cell_dye,6,op_cy5_intensity_max_mean,4,13.336548879899095,27.193439483642578,2.039016219902935
peroxisome_peroxi_spy650_live_cell_dye,7,op_cy5_intensity_max_median,4,11.938562127902552,26.24361801147461,2.1982226779336003
peroxisome_peroxi_spy650_live_cell_dye,8,op_cy5_intensity_max_std,4,12.58881355042329,12.007201194763184,0.9537992716048647
peroxisome_peroxi_spy650_live_cell_dye,9,op_cy5_intensity_max_sum,4,5379.008849629584,6891.052734375,1.2811008360489202
peroxisome_peroxi_spy650_live_cell_dye,10,op_cy5_intensity_max_min,4,11.578786980188651,24.29094886779785,2.0978837342253347
peroxisome_peroxi_spy650_live_cell_dye,11,op_cy5_intensity_max_max,4,45.9799610618318,56.971778869628906,1.2390567010923692
peroxisome_peroxi_spy650_live_cell_dye,12,op_cy5_intensity_mean_mean,4,9.297523841161407,24.498239517211914,2.6349208601923517
peroxisome_peroxi_spy650_live_cell_dye,13,op_cy5_intensity_mean_median,4,9.559822428430424,24.361873626708984,2.5483604752174074
peroxisome_peroxi_spy650_live_cell_dye,14,op_cy5_intensity_mean_std,4,6.1373813809574544,6.022388935089111,0.981263597822822
peroxisome_peroxi_spy650_live_cell_dye,15,op_cy5_intensity_mean_sum,4,4929.279000585609,6302.47509765625,1.2785795035962668
peroxisome_peroxi_spy650_live_cell_dye,16,op_cy5_intensity_mean_min,4,8.134657587801803,21.624996185302734,2.6583781741139485
peroxisome_peroxi_spy650_live_cell_dye,17,op_cy5_intensity_mean_max,4,21.623035121175317,35.73215103149414,1.6525039538275479
peroxisome_peroxi_spy650_live_cell_dye,18,op_cy5_intensity_range_mean,4,10.92471125213399,9.681222915649414,0.8861765489461629
peroxisome_peroxi_spy650_live_cell_dye,19,op_cy5_intensity_range_median,4,9.255942133579884,8.196783065795898,0.8855698261183556
peroxisome_peroxi_spy650_live_cell_dye,20,op_cy5_intensity_range_std,4,12.3514820543803,11.568669319152832,0.9366219590668593
peroxisome_peroxi_spy650_live_cell_dye,21,op_cy5_intensity_range_sum,4,811.2632288111819,1068.195068359375,1.3167058858623468
peroxisome_peroxi_spy650_live_cell_dye,22,op_cy5_intensity_range_min,4,10.025015889017617,9.525467872619629,0.9501698529031518
peroxisome_peroxi_spy650_live_cell_dye,23,op_cy5_intensity_range_max,4,44.549129861521905,48.16832733154297,1.081240587218451
chromalive_488_excitation,0,op_gfp_intensity_min_mean,0,11.306140533683424,13.52149486541748,1.1959425787371065
chromalive_488_excitation,1,op_gfp_intensity_min_median,0,11.375361345191054,13.43899154663086,1.1814122768339317
chromalive_488_excitation,2,op_gfp_intensity_min_std,0,8.819572410063847,8.865531921386719,1.0052110815792417
chromalive_488_excitation,3,op_gfp_intensity_min_sum,0,755.1193437831839,1398.3597412109375,1.8518393850236818
chromalive_488_excitation,4,op_gfp_intensity_min_min,0,8.920245757543192,9.28696060180664,1.0411103969813102
chromalive_488_excitation,5,op_gfp_intensity_min_max,0,24.452916444909125,31.627338409423828,1.2933973941586159
chromalive_488_excitation,6,op_gfp_intensity_max_mean,0,45.17330425117116,44.26873779296875,0.9799756410739212
chromalive_488_excitation,7,op_gfp_intensity_max_median,0,41.357976488774845,39.111141204833984,0.9456734716082958
chromalive_488_excitation,8,op_gfp_intensity_max_std,0,49.28268716583748,48.40989685058594,0.982290123257391
chromalive_488_excitation,9,op_gfp_intensity_max_sum,0,1083.4852776825346,1897.42919921875,1.751227486244353
chromalive_488_excitation,10,op_gfp_intensity_max_min,0,29.250702235697265,30.081649780273438,1.0284077810467775
chromalive_488_excitation,11,op_gfp_intensity_max_max,0,111.83661929583067,116.0191879272461,1.0373989186882668
chromalive_488_excitation,12,op_gfp_intensity_mean_mean,0,19.46846616066833,19.25601577758789,0.9890874616763775
chromalive_488_excitation,13,op_gfp_intensity_mean_median,0,18.43306136994634,17.640377044677734,0.9569965992430852
chromalive_488_excitation,14,op_gfp_intensity_mean_std,0,20.060496702049093,20.60356330871582,1.0270714436802184
chromalive_488_excitation,15,op_gfp_intensity_mean_sum,0,900.7035621455855,1641.0517578125,1.8219665456893666
chromalive_488_excitation,16,op_gfp_intensity_mean_min,0,14.634572350610622,15.66578197479248,1.0704639397364304
chromalive_488_excitation,17,op_gfp_intensity_mean_max,0,48.704073654786015,54.10800552368164,1.1109544122982122
chromalive_488_excitation,18,op_gfp_intensity_range_mean,0,43.95228300019948,45.62535095214844,1.0380655528619835
chromalive_488_excitation,19,op_gfp_intensity_range_median,0,40.584373358821686,41.142547607421875,1.0137534277951064
chromalive_488_excitation,20,op_gfp_intensity_range_std,0,49.283630663341924,49.3524284362793,1.0013959558581902
chromalive_488_excitation,21,op_gfp_intensity_range_sum,0,405.73934055142684,564.499267578125,1.3912855155009933
chromalive_488_excitation,22,op_gfp_intensity_range_min,0,29.556908913282204,28.804912567138672,0.9745576796156245
chromalive_488_excitation,23,op_gfp_intensity_range_max,0,110.27211532005077,115.18885803222656,1.0445873618902255
chromalive_488_excitation,0,op_gfp_intensity_min_mean,1,11.306140533683424,13.458436012268066,1.1903651800694048
chromalive_488_excitation,1,op_gfp_intensity_min_median,1,11.375361345191054,13.435972213745117,1.181146849407574
chromalive_488_excitation,2,op_gfp_intensity_min_std,1,8.819572410063847,8.73217487335205,0.9900905018238675
chromalive_488_excitation,3,op_gfp_intensity_min_sum,1,755.1193437831839,1375.7576904296875,1.821907625272948
chromalive_488_excitation,4,op_gfp_intensity_min_min,1,8.920245757543192,9.280685424804688,1.0404069211833875
chromalive_488_excitation,5,op_gfp_intensity_min_max,1,24.452916444909125,31.139934539794922,1.2734650531338962
chromalive_488_excitation,6,op_gfp_intensity_max_mean,1,45.17330425117116,44.33026123046875,0.9813375834538259
chromalive_488_excitation,7,op_gfp_intensity_max_median,1,41.357976488774845,39.181087493896484,0.9473647122104922
chromalive_488_excitation,8,op_gfp_intensity_max_std,1,49.28268716583748,48.55397415161133,0.9852136103744908
chromalive_488_excitation,9,op_gfp_intensity_max_sum,1,1083.4852776825346,1871.4547119140625,1.7272543988017215
chromalive_488_excitation,10,op_gfp_intensity_max_min,1,29.250702235697265,30.059246063232422,1.0276418603909077
chromalive_488_excitation,11,op_gfp_intensity_max_max,1,111.83661929583067,115.54036712646484,1.0331174874021987
chromalive_488_excitation,12,op_gfp_intensity_mean_mean,1,19.46846616066833,19.224111557006836,0.9874486977225171
chromalive_488_excitation,13,op_gfp_intensity_mean_median,1,18.43306136994634,17.62635040283203,0.9562356490371378
chromalive_488_excitation,14,op_gfp_intensity_mean_std,1,20.060496702049093,20.60880470275879,1.0273327230553413
chromalive_488_excitation,15,op_gfp_intensity_mean_sum,1,900.7035621455855,1616.962890625,1.7952220448348153
chromalive_488_excitation,16,op_gfp_intensity_mean_min,1,14.634572350610622,15.687767028808594,1.0719662080288959
chromalive_488_excitation,17,op_gfp_intensity_mean_max,1,48.704073654786015,53.87380599975586,1.1061457893976765
chromalive_488_excitation,18,op_gfp_intensity_range_mean,1,43.95228300019948,45.723426818847656,1.0402969697533149
chromalive_488_excitation,19,op_gfp_intensity_range_median,1,40.584373358821686,41.267826080322266,1.0168402925790652
chromalive_488_excitation,20,op_gfp_intensity_range_std,1,49.283630663341924,49.54671859741211,1.0053382417352192
chromalive_488_excitation,21,op_gfp_intensity_range_sum,1,405.73934055142684,560.4241333007812,1.381241790700225
chromalive_488_excitation,22,op_gfp_intensity_range_min,1,29.556908913282204,28.757959365844727,0.9729691102076494
chromalive_488_excitation,23,op_gfp_intensity_range_max,1,110.27211532005077,114.7529067993164,1.04063394872095
chromalive_488_excitation,0,op_gfp_intensity_min_mean,2,11.306140533683424,13.399940490722656,1.1851913967282957
chromalive_488_excitation,1,op_gfp_intensity_min_median,2,11.375361345191054,13.370368957519531,1.1753797133813133
chromalive_488_excitation,2,op_gfp_intensity_min_std,2,8.819572410063847,8.716678619384766,0.9883334717495293
chromalive_488_excitation,3,op_gfp_intensity_min_sum,2,755.1193437831839,1350.0557861328125,1.787870748177326
chromalive_488_excitation,4,op_gfp_intensity_min_min,2,8.920245757543192,9.208391189575195,1.0323024095819715
chromalive_488_excitation,5,op_gfp_intensity_min_max,2,24.452916444909125,31.260953903198242,1.2784141300129657
chromalive_488_excitation,6,op_gfp_intensity_max_mean,2,45.17330425117116,44.43561553955078,0.9836698084444143
chromalive_488_excitation,7,op_gfp_intensity_max_median,2,41.357976488774845,39.312984466552734,0.9505538666095729
chromalive_488_excitation,8,op_gfp_intensity_max_std,2,49.28268716583748,49.24675750732422,0.9992709476576965
chromalive_488_excitation,9,op_gfp_intensity_max_sum,2,1083.4852776825346,1838.2430419921875,1.6966017719447037
chromalive_488_excitation,10,op_gfp_intensity_max_min,2,29.250702235697265,29.31214714050293,1.002100630074128
chromalive_488_excitation,11,op_gfp_intensity_max_max,2,111.83661929583067,116.36267852783203,1.0404702794174152
chromalive_488_excitation,12,op_gfp_intensity_mean_mean,2,19.46846616066833,19.126708984375,0.9824456033940786
chromalive_488_excitation,13,op_gfp_intensity_mean_median,2,18.43306136994634,17.55615234375,0.9524273798802584
chromalive_488_excitation,14,op_gfp_intensity_mean_std,2,20.060496702049093,20.839405059814453,1.038827969682615
chromalive_488_excitation,15,op_gfp_intensity_mean_sum,2,900.7035621455855,1587.2576904296875,1.7622420484811303
chromalive_488_excitation,16,op_gfp_intensity_mean_min,2,14.634572350610622,15.320554733276367,1.0468740982811926
chromalive_488_excitation,17,op_gfp_intensity_mean_max,2,48.704073654786015,54.19015884399414,1.112641197697208
chromalive_488_excitation,18,op_gfp_intensity_range_mean,2,43.95228300019948,45.7781982421875,1.041543126257622
chromalive_488_excitation,19,op_gfp_intensity_range_median,2,40.584373358821686,41.32569885253906,1.0182662791701387
chromalive_488_excitation,20,op_gfp_intensity_range_std,2,49.283630663341924,50.1439323425293,1.0174561343717576
chromalive_488_excitation,21,op_gfp_intensity_range_sum,2,405.73934055142684,555.3576049804688,1.368754639926463
chromalive_488_excitation,22,op_gfp_intensity_range_min,2,29.556908913282204,28.05621910095215,0.9492271056918378
chromalive_488_excitation,23,op_gfp_intensity_range_max,2,110.27211532005077,115.42928314208984,1.046767651160686
chromalive_488_excitation,0,op_gfp_intensity_min_mean,3,11.306140533683424,13.364155769348145,1.182026327156774
chromalive_488_excitation,1,op_gfp_intensity_min_median,3,11.375361345191054,13.304576873779297,1.1695959776613005
chromalive_488_excitation,2,op_gfp_intensity_min_std,3,8.819572410063847,8.721047401428223,0.988828822526226
chromalive_488_excitation,3,op_gfp_intensity_min_sum,3,755.1193437831839,1344.95947265625,1.7811217309279073
chromalive_488_excitation,4,op_gfp_intensity_min_min,3,8.920245757543192,9.2230806350708,1.0339491630341602
chromalive_488_excitation,5,op_gfp_intensity_min_max,3,24.452916444909125,31.479400634765625,1.2873474910727611
chromalive_488_excitation,6,op_gfp_intensity_max_mean,3,45.17330425117116,44.79609680175781,0.9916497706850044
chromalive_488_excitation,7,op_gfp_intensity_max_median,3,41.357976488774845,40.0505485534668,0.9683875265110491
chromalive_488_excitation,8,op_gfp_intensity_max_std,3,49.28268716583748,48.85193634033203,0.9912595913437926
chromalive_488_excitation,9,op_gfp_intensity_max_sum,3,1083.4852776825346,1828.39599609375,1.6875134658077717
chromalive_488_excitation,10,op_gfp_intensity_max_min,3,29.250702235697265,29.87910270690918,1.0214832610221924
chromalive_488_excitation,11,op_gfp_intensity_max_max,3,111.83661929583067,115.69893646240234,1.034535353365386
chromalive_488_excitation,12,op_gfp_intensity_mean_mean,3,19.46846616066833,19.307329177856445,0.9917231803737355
chromalive_488_excitation,13,op_gfp_intensity_mean_median,3,18.43306136994634,17.776918411254883,0.9644040159405508
chromalive_488_excitation,14,op_gfp_intensity_mean_std,3,20.060496702049093,20.84135627746582,1.038925236349555
chromalive_488_excitation,15,op_gfp_intensity_mean_sum,3,900.7035621455855,1579.9259033203125,1.754101981740515
chromalive_488_excitation,16,op_gfp_intensity_mean_min,3,14.634572350610622,15.463651657104492,1.0566521034322727
chromalive_488_excitation,17,op_gfp_intensity_mean_max,3,48.704073654786015,53.87413024902344,1.1061524469366306
chromalive_488_excitation,18,op_gfp_intensity_range_mean,3,43.95228300019948,46.15310287475586,1.0500729364740027
chromalive_488_excitation,19,op_gfp_intensity_range_median,3,40.584373358821686,42.07902908325195,1.0368283553676054
chromalive_488_excitation,20,op_gfp_intensity_range_std,3,49.283630663341924,49.719791412353516,1.0088500125323765
chromalive_488_excitation,21,op_gfp_intensity_range_sum,3,405.73934055142684,551.4790649414062,1.3591954484667654
chromalive_488_excitation,22,op_gfp_intensity_range_min,3,29.556908913282204,28.661867141723633,0.9697180184103636
chromalive_488_excitation,23,op_gfp_intensity_range_max,3,110.27211532005077,114.84056854248047,1.0414289071101097
chromalive_488_excitation,0,op_gfp_intensity_min_mean,4,11.306140533683424,13.555996894836426,1.1989941973965559
chromalive_488_excitation,1,op_gfp_intensity_min_median,4,11.375361345191054,13.472465515136719,1.1843549498172397
chromalive_488_excitation,2,op_gfp_intensity_min_std,4,8.819572410063847,8.865001678466797,1.0051509604197038
chromalive_488_excitation,3,op_gfp_intensity_min_sum,4,755.1193437831839,1369.215087890625,1.8132432961269302
chromalive_488_excitation,4,op_gfp_intensity_min_min,4,8.920245757543192,9.311809539794922,1.0438960756121112
chromalive_488_excitation,5,op_gfp_intensity_min_max,4,24.452916444909125,31.881572723388672,1.3037942854471303
chromalive_488_excitation,6,op_gfp_intensity_max_mean,4,45.17330425117116,44.3184814453125,0.9810768147243403
chromalive_488_excitation,7,op_gfp_intensity_max_median,4,41.357976488774845,39.519222259521484,0.9555405175649145
chromalive_488_excitation,8,op_gfp_intensity_max_std,4,49.28268716583748,48.21406173706055,0.9783164131212857
chromalive_488_excitation,9,op_gfp_intensity_max_sum,4,1083.4852776825346,1858.2530517578125,1.7150699599097716
chromalive_488_excitation,10,op_gfp_intensity_max_min,4,29.250702235697265,30.122896194458008,1.0298178810112917
chromalive_488_excitation,11,op_gfp_intensity_max_max,4,111.83661929583067,115.40226745605469,1.031882653308682
chromalive_488_excitation,12,op_gfp_intensity_mean_mean,4,19.46846616066833,19.435382843017578,0.9983006715897531
chromalive_488_excitation,13,op_gfp_intensity_mean_median,4,18.43306136994634,17.925762176513672,0.972478842051718
chromalive_488_excitation,14,op_gfp_intensity_mean_std,4,20.060496702049093,20.649627685546875,1.0293677166746127
chromalive_488_excitation,15,op_gfp_intensity_mean_sum,4,900.7035621455855,1606.714111328125,1.7838434073700524
chromalive_488_excitation,16,op_gfp_intensity_mean_min,4,14.634572350610622,15.762181282043457,1.0770510339774833
chromalive_488_excitation,17,op_gfp_intensity_mean_max,4,48.704073654786015,53.99989318847656,1.1087346321629534
chromalive_488_excitation,18,op_gfp_intensity_range_mean,4,43.95228300019948,45.61052703857422,1.037728279970513
chromalive_488_excitation,19,op_gfp_intensity_range_median,4,40.584373358821686,41.464237213134766,1.0216798679268464
chromalive_488_excitation,20,op_gfp_intensity_range_std,4,49.283630663341924,49.11449432373047,0.996568103093564
chromalive_488_excitation,21,op_gfp_intensity_range_sum,4,405.73934055142684,556.631591796875,1.3718945543717194
chromalive_488_excitation,22,op_gfp_intensity_range_min,4,29.556908913282204,28.78544807434082,0.9738991367059122
chromalive_488_excitation,23,op_gfp_intensity_range_max,4,110.27211532005077,114.57583618164062,1.0390281881244305
chromatin_h2bc21,0,op_mcherry_intensity_min_mean,0,50.96233515994114,49.09819793701172,0.9634212753972325
chromatin_h2bc21,1,op_mcherry_intensity_min_median,0,59.03238106044014,57.205684661865234,0.96905602712002
chromatin_h2bc21,2,op_mcherry_intensity_min_std,0,38.95089497353067,37.049808502197266,0.9511927396629705
chromatin_h2bc21,3,op_mcherry_intensity_min_sum,0,533.5714054484257,597.510986328125,1.1198332223706084
chromatin_h2bc21,4,op_mcherry_intensity_min_min,0,29.615520525395258,28.492422103881836,0.962077370190054
chromatin_h2bc21,5,op_mcherry_intensity_min_max,0,80.67751995363363,78.93082427978516,0.9783496607871397
chromatin_h2bc21,6,op_mcherry_intensity_max_mean,0,97.28337250111818,94.53514862060547,0.9717503226928002
chromatin_h2bc21,7,op_mcherry_intensity_max_median,0,113.71352689086976,111.82113647460938,0.9833582646849349
chromatin_h2bc21,8,op_mcherry_intensity_max_std,0,86.47233546596244,83.13389587402344,0.9613929752914665
chromatin_h2bc21,9,op_mcherry_intensity_max_sum,0,892.4577471717182,973.6052856445312,1.09092591635848
chromatin_h2bc21,10,op_mcherry_intensity_max_min,0,110.03538416834377,103.6753158569336,0.9421997900086406
chromatin_h2bc21,11,op_mcherry_intensity_max_max,0,131.19098354119726,130.40243530273438,0.9939893107195491
chromatin_h2bc21,12,op_mcherry_intensity_mean_mean,0,70.12207176645335,68.23223876953125,0.9730493844617666
chromatin_h2bc21,13,op_mcherry_intensity_mean_median,0,83.04152447982055,82.7276382446289,0.9962201291804569
chromatin_h2bc21,14,op_mcherry_intensity_mean_std,0,56.86337683865869,54.60603713989258,0.9603023980589304
chromatin_h2bc21,15,op_mcherry_intensity_mean_sum,0,697.5843800618444,766.6658325195312,1.0990295288027556
chromatin_h2bc21,16,op_mcherry_intensity_mean_min,0,86.91481821143394,82.05787658691406,0.9441183710158076
chromatin_h2bc21,17,op_mcherry_intensity_mean_max,0,79.65043152531375,79.24853515625,0.9949542474363617
chromatin_h2bc21,18,op_mcherry_intensity_range_mean,0,73.57479791984437,71.04949951171875,0.9656771275012295
chromatin_h2bc21,19,op_mcherry_intensity_range_median,0,89.40625726839356,85.13756561279297,0.952255112941523
chromatin_h2bc21,20,op_mcherry_intensity_range_std,0,73.00018714681813,71.19181823730469,0.9752278866645033
chromatin_h2bc21,21,op_mcherry_intensity_range_sum,0,437.3643957295842,449.1239929199219,1.0268874131162895
chromatin_h2bc21,22,op_mcherry_intensity_range_min,0,59.148260549582,54.2917594909668,0.9178927492796823
chromatin_h2bc21,23,op_mcherry_intensity_range_max,0,117.22195208482748,117.11444854736328,0.9990829060977725
chromatin_h2bc21,0,op_mcherry_intensity_min_mean,1,50.96233515994114,49.11172866821289,0.9636867799342343
chromatin_h2bc21,1,op_mcherry_intensity_min_median,1,59.03238106044014,57.25486755371094,0.9698891781968053
chromatin_h2bc21,2,op_mcherry_intensity_min_std,1,38.95089497353067,37.10697937011719,0.9526605074243729
chromatin_h2bc21,3,op_mcherry_intensity_min_sum,1,533.5714054484257,607.9614868164062,1.1394191679096097
chromatin_h2bc21,4,op_mcherry_intensity_min_min,1,29.615520525395258,28.528295516967773,0.9632886746834252
chromatin_h2bc21,5,op_mcherry_intensity_min_max,1,80.67751995363363,78.95977020263672,0.9787084462687484
chromatin_h2bc21,6,op_mcherry_intensity_max_mean,1,97.28337250111818,94.16310119628906,0.9679259546147698
chromatin_h2bc21,7,op_mcherry_intensity_max_median,1,113.71352689086976,111.52123260498047,0.9807209014984363
chromatin_h2bc21,8,op_mcherry_intensity_max_std,1,86.47233546596244,83.11325073242188,0.9611542267773862
chromatin_h2bc21,9,op_mcherry_intensity_max_sum,1,892.4577471717182,989.8597412109375,1.1091390537511667
chromatin_h2bc21,10,op_mcherry_intensity_max_min,1,110.03538416834377,103.11972045898438,0.9371505469660643
chromatin_h2bc21,11,op_mcherry_intensity_max_max,1,131.19098354119726,130.84100341796875,0.9973322852395675
chromatin_h2bc21,12,op_mcherry_intensity_mean_mean,1,70.12207176645335,68.07088470458984,0.9707483391435563
chromatin_h2bc21,13,op_mcherry_intensity_mean_median,1,83.04152447982055,82.63517761230469,0.9951067027001099
chromatin_h2bc21,14,op_mcherry_intensity_mean_std,1,56.86337683865869,54.513282775878906,0.9586712187451016
chromatin_h2bc21,15,op_mcherry_intensity_mean_sum,1,697.5843800618444,779.260498046875,1.1170842127769398
chromatin_h2bc21,16,op_mcherry_intensity_mean_min,1,86.91481821143394,81.86456298828125,0.9418941979391
chromatin_h2bc21,17,op_mcherry_intensity_mean_max,1,79.65043152531375,79.23888397216797,0.9948330781734059
chromatin_h2bc21,18,op_mcherry_intensity_range_mean,1,73.57479791984437,70.56233978271484,0.9590558421864586
chromatin_h2bc21,19,op_mcherry_intensity_range_median,1,89.40625726839356,84.8497085571289,0.9490354607106961
chromatin_h2bc21,20,op_mcherry_intensity_range_std,1,73.00018714681813,71.25294494628906,0.9760652366956948
chromatin_h2bc21,21,op_mcherry_intensity_range_sum,1,437.3643957295842,456.32568359375,1.0433535240849583
chromatin_h2bc21,22,op_mcherry_intensity_range_min,1,59.148260549582,53.20180892944336,0.8994653170712615
chromatin_h2bc21,23,op_mcherry_intensity_range_max,1,117.22195208482748,117.56253814697266,1.0029054802115793
chromatin_h2bc21,0,op_mcherry_intensity_min_mean,2,50.96233515994114,49.086421966552734,0.9631902033629148
chromatin_h2bc21,1,op_mcherry_intensity_min_median,2,59.03238106044014,57.27517318725586,0.9702331526931776
chromatin_h2bc21,2,op_mcherry_intensity_min_std,2,38.95089497353067,37.179988861083984,0.9545349057152571
chromatin_h2bc21,3,op_mcherry_intensity_min_sum,2,533.5714054484257,606.5789184570312,1.1368280088908593
chromatin_h2bc21,4,op_mcherry_intensity_min_min,2,29.615520525395258,28.529436111450195,0.9633271880866066
chromatin_h2bc21,5,op_mcherry_intensity_min_max,2,80.67751995363363,79.02478790283203,0.9795143423874277
chromatin_h2bc21,6,op_mcherry_intensity_max_mean,2,97.28337250111818,94.0645980834961,0.9669134166007136
chromatin_h2bc21,7,op_mcherry_intensity_max_median,2,113.71352689086976,111.42548370361328,0.9798788829278657
chromatin_h2bc21,8,op_mcherry_intensity_max_std,2,86.47233546596244,82.89598846435547,0.9586417207036728
chromatin_h2bc21,9,op_mcherry_intensity_max_sum,2,892.4577471717182,988.811767578125,1.107964798010619
chromatin_h2bc21,10,op_mcherry_intensity_max_min,2,110.03538416834377,103.0811996459961,0.9368004703677099
chromatin_h2bc21,11,op_mcherry_intensity_max_max,2,131.19098354119726,130.34902954101562,0.9935822266328445
chromatin_h2bc21,12,op_mcherry_intensity_mean_mean,2,70.12207176645335,68.0875015258789,0.9709853090571722
chromatin_h2bc21,13,op_mcherry_intensity_mean_median,2,83.04152447982055,82.67203521728516,0.9955505481763502
chromatin_h2bc21,14,op_mcherry_intensity_mean_std,2,56.86337683865869,54.46257019042969,0.9577793866333171
chromatin_h2bc21,15,op_mcherry_intensity_mean_sum,2,697.5843800618444,778.2999877929688,1.1157073037156717
chromatin_h2bc21,16,op_mcherry_intensity_mean_min,2,86.91481821143394,81.821044921875,0.9413935000454406
chromatin_h2bc21,17,op_mcherry_intensity_mean_max,2,79.65043152531375,79.21302032470703,0.9945083637058801
chromatin_h2bc21,18,op_mcherry_intensity_range_mean,2,73.57479791984437,70.3775634765625,0.9565444345934178
chromatin_h2bc21,19,op_mcherry_intensity_range_median,2,89.40625726839356,84.54881286621094,0.9456699726552606
chromatin_h2bc21,20,op_mcherry_intensity_range_std,2,73.00018714681813,71.06920623779297,0.973548274538782
chromatin_h2bc21,21,op_mcherry_intensity_range_sum,2,437.3643957295842,457.2070617675781,1.045368727385533
chromatin_h2bc21,22,op_mcherry_intensity_range_min,2,59.148260549582,53.126220703125,0.8981873720291584
chromatin_h2bc21,23,op_mcherry_intensity_range_max,2,117.22195208482748,117.19096374511719,0.9997356438861565
chromatin_h2bc21,0,op_mcherry_intensity_min_mean,3,50.96233515994114,49.252838134765625,0.9664556771229105
chromatin_h2bc21,1,op_mcherry_intensity_min_median,3,59.03238106044014,57.40333938598633,0.9724042695688334
chromatin_h2bc21,2,op_mcherry_intensity_min_std,3,38.95089497353067,37.27771759033203,0.9570439296879915
chromatin_h2bc21,3,op_mcherry_intensity_min_sum,3,533.5714054484257,602.4509887695312,1.1290915941479613
chromatin_h2bc21,4,op_mcherry_intensity_min_min,3,29.615520525395258,28.594032287597656,0.9655083476610963
chromatin_h2bc21,5,op_mcherry_intensity_min_max,3,80.67751995363363,79.15554809570312,0.9811351184468089
chromatin_h2bc21,6,op_mcherry_intensity_max_mean,3,97.28337250111818,94.57152557373047,0.9721242504482814
chromatin_h2bc21,7,op_mcherry_intensity_max_median,3,113.71352689086976,111.77808380126953,0.9829796582471876
chromatin_h2bc21,8,op_mcherry_intensity_max_std,3,86.47233546596244,82.88078308105469,0.958465879687944
chromatin_h2bc21,9,op_mcherry_intensity_max_sum,3,892.4577471717182,983.6488647460938,1.1021797590567943
chromatin_h2bc21,10,op_mcherry_intensity_max_min,3,110.03538416834377,103.73397064208984,0.9427328438585414
chromatin_h2bc21,11,op_mcherry_intensity_max_max,3,131.19098354119726,130.40643310546875,0.9940197838711825
chromatin_h2bc21,12,op_mcherry_intensity_mean_mean,3,70.12207176645335,68.3752212524414,0.9750884354953181
chromatin_h2bc21,13,op_mcherry_intensity_mean_median,3,83.04152447982055,82.77949523925781,0.996844599828771
chromatin_h2bc21,14,op_mcherry_intensity_mean_std,3,56.86337683865869,54.42993927001953,0.9572055388911623
chromatin_h2bc21,15,op_mcherry_intensity_mean_sum,3,697.5843800618444,773.2146606445312,1.1084173940018294
chromatin_h2bc21,16,op_mcherry_intensity_mean_min,3,86.91481821143394,82.17677307128906,0.9454863366495361
chromatin_h2bc21,17,op_mcherry_intensity_mean_max,3,79.65043152531375,79.35649871826172,0.9963097148198298
chromatin_h2bc21,18,op_mcherry_intensity_range_mean,3,73.57479791984437,70.81983184814453,0.9625555740608187
chromatin_h2bc21,19,op_mcherry_intensity_range_median,3,89.40625726839356,84.84194946289062,0.9489486760216225
chromatin_h2bc21,20,op_mcherry_intensity_range_std,3,73.00018714681813,71.11123657226562,0.9741240310692156
chromatin_h2bc21,21,op_mcherry_intensity_range_sum,3,437.3643957295842,456.6611633300781,1.044120572659565
chromatin_h2bc21,22,op_mcherry_intensity_range_min,3,59.148260549582,53.89324188232422,0.9111551444044128
chromatin_h2bc21,23,op_mcherry_intensity_range_max,3,117.22195208482748,117.27822875976562,1.0004800864849737
chromatin_h2bc21,0,op_mcherry_intensity_min_mean,4,50.96233515994114,49.18101501464844,0.9650463398173931
chromatin_h2bc21,1,op_mcherry_intensity_min_median,4,59.03238106044014,57.329654693603516,0.9711560615335287
chromatin_h2bc21,2,op_mcherry_intensity_min_std,4,38.95089497353067,37.111045837402344,0.9527649072664798
chromatin_h2bc21,3,op_mcherry_intensity_min_sum,4,533.5714054484257,590.007080078125,1.1057696759110798
chromatin_h2bc21,4,op_mcherry_intensity_min_min,4,29.615520525395258,28.46813201904297,0.9612571892711321
chromatin_h2bc21,5,op_mcherry_intensity_min_max,4,80.67751995363363,78.92694854736328,0.978301620980957
chromatin_h2bc21,6,op_mcherry_intensity_max_mean,4,97.28337250111818,94.46672821044922,0.9710470122668025
chromatin_h2bc21,7,op_mcherry_intensity_max_median,4,113.71352689086976,111.5833740234375,0.9812673749053923
chromatin_h2bc21,8,op_mcherry_intensity_max_std,4,86.47233546596244,82.91496276855469,0.9588611469987645
chromatin_h2bc21,9,op_mcherry_intensity_max_sum,4,892.4577471717182,961.6483154296875,1.0775281165716144
chromatin_h2bc21,10,op_mcherry_intensity_max_min,4,110.03538416834377,103.75113677978516,0.9428888494727814
chromatin_h2bc21,11,op_mcherry_intensity_max_max,4,131.19098354119726,130.02490234375,0.9911115751557646
chromatin_h2bc21,12,op_mcherry_intensity_mean_mean,4,70.12207176645335,68.25228118896484,0.9733352062997229
chromatin_h2bc21,13,op_mcherry_intensity_mean_median,4,83.04152447982055,82.64183807373047,0.995186909096458
chromatin_h2bc21,14,op_mcherry_intensity_mean_std,4,56.86337683865869,54.41196823120117,0.956889499995524
chromatin_h2bc21,15,op_mcherry_intensity_mean_sum,4,697.5843800618444,757.1088256835938,1.0853293842624059
chromatin_h2bc21,16,op_mcherry_intensity_mean_min,4,86.91481821143394,82.11599731445312,0.9447870800890715
chromatin_h2bc21,17,op_mcherry_intensity_mean_max,4,79.65043152531375,79.08414459228516,0.9928903469550115
chromatin_h2bc21,18,op_mcherry_intensity_range_mean,4,73.57479791984437,70.87808227539062,0.9633472911826184
chromatin_h2bc21,19,op_mcherry_intensity_range_median,4,89.40625726839356,84.78301239013672,0.948289470787508
chromatin_h2bc21,20,op_mcherry_intensity_range_std,4,73.00018714681813,71.07571411132812,0.9736374232627718
chromatin_h2bc21,21,op_mcherry_intensity_range_sum,4,437.3643957295842,444.49359130859375,1.016300356518772
chromatin_h2bc21,22,op_mcherry_intensity_range_min,4,59.148260549582,54.3149528503418,0.9182848717049151
chromatin_h2bc21,23,op_mcherry_intensity_range_max,4,117.22195208482748,116.8114242553711,0.99649785878707
plasma_membrane_atp1b3,0,op_gfp_intensity_min_mean,0,2.8954674722267533,3.047367811203003,1.0524614213191044
plasma_membrane_atp1b3,1,op_gfp_intensity_min_median,0,2.936987437421398,3.053363800048828,1.0396243991869456
plasma_membrane_atp1b3,2,op_gfp_intensity_min_std,0,1.0921942406163734,1.1431413888931274,1.0466466003776054
plasma_membrane_atp1b3,3,op_gfp_intensity_min_sum,0,586.9558729546106,701.002685546875,1.194302191778365
plasma_membrane_atp1b3,4,op_gfp_intensity_min_min,0,2.807378294624314,2.8626179695129395,1.019676605391728
plasma_membrane_atp1b3,5,op_gfp_intensity_min_max,0,4.489010933939581,4.954769611358643,1.1037553002817726
plasma_membrane_atp1b3,6,op_gfp_intensity_max_mean,0,4.994842402075459,5.187926292419434,1.03865665316362
plasma_membrane_atp1b3,7,op_gfp_intensity_max_median,0,5.007533827541131,5.065288543701172,1.0115335648542987
plasma_membrane_atp1b3,8,op_gfp_intensity_max_std,0,2.995124185995696,3.322495460510254,1.1093014026080281
plasma_membrane_atp1b3,9,op_gfp_intensity_max_sum,0,798.1015817844515,958.5115356445312,1.2009893947352215
plasma_membrane_atp1b3,10,op_gfp_intensity_max_min,0,4.586834811565988,4.564031600952148,0.9950285520297483
plasma_membrane_atp1b3,11,op_gfp_intensity_max_max,0,12.331171352236993,13.349699974060059,1.0825978808281091
plasma_membrane_atp1b3,12,op_gfp_intensity_mean_mean,0,3.736663413079305,3.91211199760437,1.0469532749219395
plasma_membrane_atp1b3,13,op_gfp_intensity_mean_median,0,3.85857997305616,3.9579577445983887,1.025755011490281
plasma_membrane_atp1b3,14,op_gfp_intensity_mean_std,0,1.4861374369196938,1.6178557872772217,1.0886313385863824
plasma_membrane_atp1b3,15,op_gfp_intensity_mean_sum,0,677.912927205455,811.659423828125,1.1972915565631859
plasma_membrane_atp1b3,16,op_gfp_intensity_mean_min,0,3.381270908339107,3.425612211227417,1.0131137977672693
plasma_membrane_atp1b3,17,op_gfp_intensity_mean_max,0,5.856906244004032,6.545032501220703,1.1174897170193114
plasma_membrane_atp1b3,18,op_gfp_intensity_range_mean,0,2.983191261078621,3.011927366256714,1.009632672753172
plasma_membrane_atp1b3,19,op_gfp_intensity_range_median,0,2.822488534707588,2.73726487159729,0.9698054882908047
plasma_membrane_atp1b3,20,op_gfp_intensity_range_std,0,2.837121786739745,3.142341375350952,1.1075807143837655
plasma_membrane_atp1b3,21,op_gfp_intensity_range_sum,0,216.926916009512,263.8665466308594,1.216384538557166
plasma_membrane_atp1b3,22,op_gfp_intensity_range_min,0,2.8669395978988232,2.7794837951660156,0.9694950661685011
plasma_membrane_atp1b3,23,op_gfp_intensity_range_max,0,12.076062431241956,12.733353614807129,1.054429263454675
plasma_membrane_atp1b3,0,op_gfp_intensity_min_mean,1,2.8954674722267533,3.0307514667510986,1.0467226780552659
plasma_membrane_atp1b3,1,op_gfp_intensity_min_median,1,2.936987437421398,3.0361146926879883,1.0337513378516938
plasma_membrane_atp1b3,2,op_gfp_intensity_min_std,1,1.0921942406163734,1.1466600894927979,1.0498682806143411
plasma_membrane_atp1b3,3,op_gfp_intensity_min_sum,1,586.9558729546106,703.4754028320312,1.1985149740318402
plasma_membrane_atp1b3,4,op_gfp_intensity_min_min,1,2.807378294624314,2.811457872390747,1.001453162822497
plasma_membrane_atp1b3,5,op_gfp_intensity_min_max,1,4.489010933939581,4.953516006469727,1.103476039458539
plasma_membrane_atp1b3,6,op_gfp_intensity_max_mean,1,4.994842402075459,5.229959964752197,1.0470720682956967
plasma_membrane_atp1b3,7,op_gfp_intensity_max_median,1,5.007533827541131,5.083820343017578,1.0152343485044226
plasma_membrane_atp1b3,8,op_gfp_intensity_max_std,1,2.995124185995696,3.4082627296447754,1.1379370329887462
plasma_membrane_atp1b3,9,op_gfp_intensity_max_sum,1,798.1015817844515,961.1290893554688,1.2042691197359976
plasma_membrane_atp1b3,10,op_gfp_intensity_max_min,1,4.586834811565988,4.530639171600342,0.9877484927462515
plasma_membrane_atp1b3,11,op_gfp_intensity_max_max,1,12.331171352236993,13.226110458374023,1.072575352379211
plasma_membrane_atp1b3,12,op_gfp_intensity_mean_mean,1,3.736663413079305,3.9074764251708984,1.0457127103002382
plasma_membrane_atp1b3,13,op_gfp_intensity_mean_median,1,3.85857997305616,3.9461629390716553,1.0226982378561733
plasma_membrane_atp1b3,14,op_gfp_intensity_mean_std,1,1.4861374369196938,1.6505717039108276,1.1106453971928434
plasma_membrane_atp1b3,15,op_gfp_intensity_mean_sum,1,677.912927205455,814.0845336914062,1.2008688741890323
plasma_membrane_atp1b3,16,op_gfp_intensity_mean_min,1,3.381270908339107,3.397911548614502,1.004921415860041
plasma_membrane_atp1b3,17,op_gfp_intensity_mean_max,1,5.856906244004032,6.550196170806885,1.1183713547596232
plasma_membrane_atp1b3,18,op_gfp_intensity_range_mean,1,2.983191261078621,3.0924875736236572,1.0366373802347215
plasma_membrane_atp1b3,19,op_gfp_intensity_range_median,1,2.822488534707588,2.7840027809143066,0.9863646022578907
plasma_membrane_atp1b3,20,op_gfp_intensity_range_std,1,2.837121786739745,3.2182834148406982,1.134347996579647
plasma_membrane_atp1b3,21,op_gfp_intensity_range_sum,1,216.926916009512,264.17633056640625,1.2178125952559173
plasma_membrane_atp1b3,22,op_gfp_intensity_range_min,1,2.8669395978988232,2.7661571502685547,0.9648466791193885
plasma_membrane_atp1b3,23,op_gfp_intensity_range_max,1,12.076062431241956,12.523896217346191,1.0370844212386354
plasma_membrane_atp1b3,0,op_gfp_intensity_min_mean,2,2.8954674722267533,3.0481338500976562,1.0527259861612244
plasma_membrane_atp1b3,1,op_gfp_intensity_min_median,2,2.936987437421398,3.0517187118530273,1.0390642714264928
plasma_membrane_atp1b3,2,op_gfp_intensity_min_std,2,1.0921942406163734,1.1651852130889893,1.0668296624888114
plasma_membrane_atp1b3,3,op_gfp_intensity_min_sum,2,586.9558729546106,709.4204711914062,1.2086436202100423
plasma_membrane_atp1b3,4,op_gfp_intensity_min_min,2,2.807378294624314,2.842029571533203,1.0123429311166368
plasma_membrane_atp1b3,5,op_gfp_intensity_min_max,2,4.489010933939581,4.996972560882568,1.1131566918455236
plasma_membrane_atp1b3,6,op_gfp_intensity_max_mean,2,4.994842402075459,5.323747634887695,1.0658489710657475
plasma_membrane_atp1b3,7,op_gfp_intensity_max_median,2,5.007533827541131,5.191171169281006,1.0366722119239375
plasma_membrane_atp1b3,8,op_gfp_intensity_max_std,2,2.995124185995696,3.440077304840088,1.148559155217957
plasma_membrane_atp1b3,9,op_gfp_intensity_max_sum,2,798.1015817844515,968.293212890625,1.2132455754888334
plasma_membrane_atp1b3,10,op_gfp_intensity_max_min,2,4.586834811565988,4.627864360809326,1.0089450679889058
plasma_membrane_atp1b3,11,op_gfp_intensity_max_max,2,12.331171352236993,13.447607040405273,1.0905376834266234
plasma_membrane_atp1b3,12,op_gfp_intensity_mean_mean,2,3.736663413079305,3.935885190963745,1.0533154196300132
plasma_membrane_atp1b3,13,op_gfp_intensity_mean_median,2,3.85857997305616,3.9803457260131836,1.031557141178178
plasma_membrane_atp1b3,14,op_gfp_intensity_mean_std,2,1.4861374369196938,1.6589921712875366,1.1163114057109802
plasma_membrane_atp1b3,15,op_gfp_intensity_mean_sum,2,677.912927205455,820.5904541015625,1.210465859508335
plasma_membrane_atp1b3,16,op_gfp_intensity_mean_min,2,3.381270908339107,3.41076922416687,1.0087240320658757
plasma_membrane_atp1b3,17,op_gfp_intensity_mean_max,2,5.856906244004032,6.574061393737793,1.122446069623864
plasma_membrane_atp1b3,18,op_gfp_intensity_range_mean,2,2.983191261078621,3.2141273021698,1.077412415390249
plasma_membrane_atp1b3,19,op_gfp_intensity_range_median,2,2.822488534707588,2.924086809158325,1.0359959919062216
plasma_membrane_atp1b3,20,op_gfp_intensity_range_std,2,2.837121786739745,3.273876667022705,1.1539429439808622
plasma_membrane_atp1b3,21,op_gfp_intensity_range_sum,2,216.926916009512,265.5451965332031,1.2241228586016466
plasma_membrane_atp1b3,22,op_gfp_intensity_range_min,2,2.8669395978988232,2.903597354888916,1.012786372275495
plasma_membrane_atp1b3,23,op_gfp_intensity_range_max,2,12.076062431241956,12.81567668914795,1.0612463095580342
plasma_membrane_atp1b3,0,op_gfp_intensity_min_mean,3,2.8954674722267533,3.060840129852295,1.0571143206448672
plasma_membrane_atp1b3,1,op_gfp_intensity_min_median,3,2.936987437421398,3.068018674850464,1.0446141633973443
plasma_membrane_atp1b3,2,op_gfp_intensity_min_std,3,1.0921942406163734,1.1707465648651123,1.0719215697424007
plasma_membrane_atp1b3,3,op_gfp_intensity_min_sum,3,586.9558729546106,707.2063598632812,1.2048714263703595
plasma_membrane_atp1b3,4,op_gfp_intensity_min_min,3,2.807378294624314,2.884830951690674,1.0275889634163908
plasma_membrane_atp1b3,5,op_gfp_intensity_min_max,3,4.489010933939581,4.989134788513184,1.111410700916848
plasma_membrane_atp1b3,6,op_gfp_intensity_max_mean,3,4.994842402075459,5.350452899932861,1.0711955391644867
plasma_membrane_atp1b3,7,op_gfp_intensity_max_median,3,5.007533827541131,5.19757604598999,1.0379512600401495
plasma_membrane_atp1b3,8,op_gfp_intensity_max_std,3,2.995124185995696,3.541987419128418,1.1825844937213925
plasma_membrane_atp1b3,9,op_gfp_intensity_max_sum,3,798.1015817844515,965.0770874023438,1.2092158560124098
plasma_membrane_atp1b3,10,op_gfp_intensity_max_min,3,4.586834811565988,4.6546244621276855,1.01477917852868
plasma_membrane_atp1b3,11,op_gfp_intensity_max_max,3,12.331171352236993,13.597196578979492,1.102668691446967
plasma_membrane_atp1b3,12,op_gfp_intensity_mean_mean,3,3.736663413079305,3.9482152462005615,1.056615169667348
plasma_membrane_atp1b3,13,op_gfp_intensity_mean_median,3,3.85857997305616,3.989856719970703,1.0340220360420744
plasma_membrane_atp1b3,14,op_gfp_intensity_mean_std,3,1.4861374369196938,1.6743909120559692,1.1266729916490543
plasma_membrane_atp1b3,15,op_gfp_intensity_mean_sum,3,677.912927205455,817.9677124023438,1.2065970120591052
plasma_membrane_atp1b3,16,op_gfp_intensity_mean_min,3,3.381270908339107,3.4228057861328125,1.0122838065684916
plasma_membrane_atp1b3,17,op_gfp_intensity_mean_max,3,5.856906244004032,6.588345527648926,1.1248849227172963
plasma_membrane_atp1b3,18,op_gfp_intensity_range_mean,3,2.983191261078621,3.2447409629821777,1.0876744663729636
plasma_membrane_atp1b3,19,op_gfp_intensity_range_median,3,2.822488534707588,2.9226973056793213,1.0355036946083167
plasma_membrane_atp1b3,20,op_gfp_intensity_range_std,3,2.837121786739745,3.396782636642456,1.1972635973959513
plasma_membrane_atp1b3,21,op_gfp_intensity_range_sum,3,216.926916009512,264.3392028808594,1.2185634117864304
plasma_membrane_atp1b3,22,op_gfp_intensity_range_min,3,2.8669395978988232,2.920557737350464,1.0187022215225383
plasma_membrane_atp1b3,23,op_gfp_intensity_range_max,3,12.076062431241956,13.040164947509766,1.0798358340524625
plasma_membrane_atp1b3,0,op_gfp_intensity_min_mean,4,2.8954674722267533,3.0423898696899414,1.0507422027263176
plasma_membrane_atp1b3,1,op_gfp_intensity_min_median,4,2.936987437421398,3.0515506267547607,1.0390070409814032
plasma_membrane_atp1b3,2,op_gfp_intensity_min_std,4,1.0921942406163734,1.1468093395233154,1.05000493215943
plasma_membrane_atp1b3,3,op_gfp_intensity_min_sum,4,586.9558729546106,697.1522827148438,1.1877422389617263
plasma_membrane_atp1b3,4,op_gfp_intensity_min_min,4,2.807378294624314,2.8853368759155273,1.027769175761062
plasma_membrane_atp1b3,5,op_gfp_intensity_min_max,4,4.489010933939581,4.945166110992432,1.1016159648006307
plasma_membrane_atp1b3,6,op_gfp_intensity_max_mean,4,4.994842402075459,5.272159576416016,1.0555207055632676
plasma_membrane_atp1b3,7,op_gfp_intensity_max_median,4,5.007533827541131,5.161245346069336,1.030696051953319
plasma_membrane_atp1b3,8,op_gfp_intensity_max_std,4,2.995124185995696,3.4138498306274414,1.1398024317621223
plasma_membrane_atp1b3,9,op_gfp_intensity_max_sum,4,798.1015817844515,953.1410522460938,1.194260322244938
plasma_membrane_atp1b3,10,op_gfp_intensity_max_min,4,4.586834811565988,4.650308609008789,1.0138382566738064
plasma_membrane_atp1b3,11,op_gfp_intensity_max_max,4,12.331171352236993,13.406038284301758,1.0871666528151662
plasma_membrane_atp1b3,12,op_gfp_intensity_mean_mean,4,3.736663413079305,3.9120781421661377,1.0469442145826768
plasma_membrane_atp1b3,13,op_gfp_intensity_mean_median,4,3.85857997305616,3.9631009101867676,1.027087928165403
plasma_membrane_atp1b3,14,op_gfp_intensity_mean_std,4,1.4861374369196938,1.6254616975784302,1.093749243641633
plasma_membrane_atp1b3,15,op_gfp_intensity_mean_sum,4,677.912927205455,807.2554931640625,1.190795249312907
plasma_membrane_atp1b3,16,op_gfp_intensity_mean_min,4,3.381270908339107,3.423614501953125,1.0125229816722428
plasma_membrane_atp1b3,17,op_gfp_intensity_mean_max,4,5.856906244004032,6.505229949951172,1.1106938849517793
plasma_membrane_atp1b3,18,op_gfp_intensity_range_mean,4,2.983191261078621,3.170422077178955,1.0627619216183402
plasma_membrane_atp1b3,19,op_gfp_intensity_range_median,4,2.822488534707588,2.9060862064361572,1.029618427391497
plasma_membrane_atp1b3,20,op_gfp_intensity_range_std,4,2.837121786739745,3.267575979232788,1.1517221412577061
plasma_membrane_atp1b3,21,op_gfp_intensity_range_sum,4,216.926916009512,262.3462219238281,1.2093760735174262
plasma_membrane_atp1b3,22,op_gfp_intensity_range_min,4,2.8669395978988232,2.918712854385376,1.0180587189644656
plasma_membrane_atp1b3,23,op_gfp_intensity_range_max,4,12.076062431241956,12.886497497558594,1.0671108708596904
endocytic_vesicle_ph_phrodo-dextran_live_cell_dye,0,op_gfp_intensity_min_mean,0,19.462003612666294,30.030324935913086,1.5430232947017182
endocytic_vesicle_ph_phrodo-dextran_live_cell_dye,1,op_gfp_intensity_min_median,0,12.846128429475662,19.925920486450195,1.5511226277895391
endocytic_vesicle_ph_phrodo-dextran_live_cell_dye,2,op_gfp_intensity_min_std,0,29.46501610361158,35.97301483154297,1.2208720573932994
endocytic_vesicle_ph_phrodo-dextran_live_cell_dye,3,op_gfp_intensity_min_sum,0,1765.140139155832,2260.943115234375,1.2808858996972659
endocytic_vesicle_ph_phrodo-dextran_live_cell_dye,4,op_gfp_intensity_min_min,0,5.479418403177079,13.00126838684082,2.3727460526289468
endocytic_vesicle_ph_phrodo-dextran_live_cell_dye,5,op_gfp_intensity_min_max,0,100.95929358972201,140.12525939941406,1.387938191890036
endocytic_vesicle_ph_phrodo-dextran_live_cell_dye,6,op_gfp_intensity_max_mean,0,34.589058903736394,47.90773010253906,1.3850544542385324
endocytic_vesicle_ph_phrodo-dextran_live_cell_dye,7,op_gfp_intensity_max_median,0,31.084146408450227,35.42583465576172,1.1396753248508444
endocytic_vesicle_ph_phrodo-dextran_live_cell_dye,8,op_gfp_intensity_max_std,0,38.4942452242267,50.31944274902344,1.3071939053724955
endocytic_vesicle_ph_phrodo-dextran_live_cell_dye,9,op_gfp_intensity_max_sum,0,2635.8047214049743,3238.92578125,1.2288185672281298
endocytic_vesicle_ph_phrodo-dextran_live_cell_dye,10,op_gfp_intensity_max_min,0,9.891647976683721,18.10083770751953,1.8299112291689161
endocytic_vesicle_ph_phrodo-dextran_live_cell_dye,11,op_gfp_intensity_max_max,0,116.58986372523148,173.2969207763672,1.4863806787250202
endocytic_vesicle_ph_phrodo-dextran_live_cell_dye,12,op_gfp_intensity_mean_mean,0,25.443505694715164,37.715423583984375,1.4823202445651267
endocytic_vesicle_ph_phrodo-dextran_live_cell_dye,13,op_gfp_intensity_mean_median,0,19.94295295328258,26.265350341796875,1.317024133954728
endocytic_vesicle_ph_phrodo-dextran_live_cell_dye,14,op_gfp_intensity_mean_std,0,32.09461814782651,41.12253952026367,1.2812908173842394
endocytic_vesicle_ph_phrodo-dextran_live_cell_dye,15,op_gfp_intensity_mean_sum,0,2123.4971838497295,2679.998046875,1.2620680956196886
endocytic_vesicle_ph_phrodo-dextran_live_cell_dye,16,op_gfp_intensity_mean_min,0,6.826543296006533,14.775803565979004,2.164463466396341
endocytic_vesicle_ph_phrodo-dextran_live_cell_dye,17,op_gfp_intensity_mean_max,0,103.98664182179694,153.72122192382812,1.4782785483856848
endocytic_vesicle_ph_phrodo-dextran_live_cell_dye,18,op_gfp_intensity_range_mean,0,19.6380381453152,21.832548141479492,1.1117479241014616
endocytic_vesicle_ph_phrodo-dextran_live_cell_dye,19,op_gfp_intensity_range_median,0,13.998935235727199,14.238777160644531,1.0171328690988741
endocytic_vesicle_ph_phrodo-dextran_live_cell_dye,20,op_gfp_intensity_range_std,0,27.36012410165169,31.286388397216797,1.1435031610594224
endocytic_vesicle_ph_phrodo-dextran_live_cell_dye,21,op_gfp_intensity_range_sum,0,943.7089450211272,1032.5682373046875,1.094159637621715
endocytic_vesicle_ph_phrodo-dextran_live_cell_dye,22,op_gfp_intensity_range_min,0,5.388111737602402,6.6842851638793945,1.2405617198380083
endocytic_vesicle_ph_phrodo-dextran_live_cell_dye,23,op_gfp_intensity_range_max,0,102.20613189345703,121.76123046875,1.1913299937392978
endocytic_vesicle_ph_phrodo-dextran_live_cell_dye,0,op_gfp_intensity_min_mean,1,19.462003612666294,30.08576774597168,1.5458720666556247
endocytic_vesicle_ph_phrodo-dextran_live_cell_dye,1,op_gfp_intensity_min_median,1,12.846128429475662,20.25351333618164,1.576623918044413
endocytic_vesicle_ph_phrodo-dextran_live_cell_dye,2,op_gfp_intensity_min_std,1,29.46501610361158,35.98896789550781,1.2214134812944013
endocytic_vesicle_ph_phrodo-dextran_live_cell_dye,3,op_gfp_intensity_min_sum,1,1765.140139155832,2230.83642578125,1.2638296395254682
endocytic_vesicle_ph_phrodo-dextran_live_cell_dye,4,op_gfp_intensity_min_min,1,5.479418403177079,12.961621284484863,2.3655104120118753
endocytic_vesicle_ph_phrodo-dextran_live_cell_dye,5,op_gfp_intensity_min_max,1,100.95929358972201,139.9305877685547,1.3860099728629647
endocytic_vesicle_ph_phrodo-dextran_live_cell_dye,6,op_gfp_intensity_max_mean,1,34.589058903736394,47.919654846191406,1.3853992090260372
endocytic_vesicle_ph_phrodo-dextran_live_cell_dye,7,op_gfp_intensity_max_median,1,31.084146408450227,35.52907180786133,1.1429965404551932
endocytic_vesicle_ph_phrodo-dextran_live_cell_dye,8,op_gfp_intensity_max_std,1,38.4942452242267,50.420101165771484,1.3098088005642758
endocytic_vesicle_ph_phrodo-dextran_live_cell_dye,9,op_gfp_intensity_max_sum,1,2635.8047214049743,3200.07080078125,1.2140773460165526
endocytic_vesicle_ph_phrodo-dextran_live_cell_dye,10,op_gfp_intensity_max_min,1,9.891647976683721,17.974653244018555,1.8171545617462164
endocytic_vesicle_ph_phrodo-dextran_live_cell_dye,11,op_gfp_intensity_max_max,1,116.58986372523148,173.65711975097656,1.4894701323284507
endocytic_vesicle_ph_phrodo-dextran_live_cell_dye,12,op_gfp_intensity_mean_mean,1,25.443505694715164,37.74879837036133,1.4836319657869348
endocytic_vesicle_ph_phrodo-dextran_live_cell_dye,13,op_gfp_intensity_mean_median,1,19.94295295328258,26.512535095214844,1.3294187253673944
endocytic_vesicle_ph_phrodo-dextran_live_cell_dye,14,op_gfp_intensity_mean_std,1,32.09461814782651,41.11005401611328,1.280901795645676
endocytic_vesicle_ph_phrodo-dextran_live_cell_dye,15,op_gfp_intensity_mean_sum,1,2123.4971838497295,2645.2197265625,1.2456902446966893
endocytic_vesicle_ph_phrodo-dextran_live_cell_dye,16,op_gfp_intensity_mean_min,1,6.826543296006533,14.786091804504395,2.1659705598225862
endocytic_vesicle_ph_phrodo-dextran_live_cell_dye,17,op_gfp_intensity_mean_max,1,103.98664182179694,153.559326171875,1.47672165848986
endocytic_vesicle_ph_phrodo-dextran_live_cell_dye,18,op_gfp_intensity_range_mean,1,19.6380381453152,21.745079040527344,1.1072938589700618
endocytic_vesicle_ph_phrodo-dextran_live_cell_dye,19,op_gfp_intensity_range_median,1,13.998935235727199,13.961539268493652,0.9973286563153669
endocytic_vesicle_ph_phrodo-dextran_live_cell_dye,20,op_gfp_intensity_range_std,1,27.36012410165169,31.524974822998047,1.1522233856057302
endocytic_vesicle_ph_phrodo-dextran_live_cell_dye,21,op_gfp_intensity_range_sum,1,943.7089450211272,1024.4404296875,1.0855470164739887
endocytic_vesicle_ph_phrodo-dextran_live_cell_dye,22,op_gfp_intensity_range_min,1,5.388111737602402,6.015435218811035,1.1164273333143198
endocytic_vesicle_ph_phrodo-dextran_live_cell_dye,23,op_gfp_intensity_range_max,1,102.20613189345703,122.47615051269531,1.198324877810349
endocytic_vesicle_ph_phrodo-dextran_live_cell_dye,0,op_gfp_intensity_min_mean,2,19.462003612666294,30.14849090576172,1.5490949187852594
endocytic_vesicle_ph_phrodo-dextran_live_cell_dye,1,op_gfp_intensity_min_median,2,12.846128429475662,20.28859519958496,1.5793548469461376
endocytic_vesicle_ph_phrodo-dextran_live_cell_dye,2,op_gfp_intensity_min_std,2,29.46501610361158,36.07825469970703,1.2244437461985591
endocytic_vesicle_ph_phrodo-dextran_live_cell_dye,3,op_gfp_intensity_min_sum,2,1765.140139155832,2216.6669921875,1.2558022691884443
endocytic_vesicle_ph_phrodo-dextran_live_cell_dye,4,op_gfp_intensity_min_min,2,5.479418403177079,12.964964866638184,2.3661206195023965
endocytic_vesicle_ph_phrodo-dextran_live_cell_dye,5,op_gfp_intensity_min_max,2,100.95929358972201,140.38375854492188,1.3904986213098207
endocytic_vesicle_ph_phrodo-dextran_live_cell_dye,6,op_gfp_intensity_max_mean,2,34.589058903736394,47.88861083984375,1.3845016996016248
endocytic_vesicle_ph_phrodo-dextran_live_cell_dye,7,op_gfp_intensity_max_median,2,31.084146408450227,35.37655258178711,1.1380898840500246
endocytic_vesicle_ph_phrodo-dextran_live_cell_dye,8,op_gfp_intensity_max_std,2,38.4942452242267,50.432334899902344,1.3101266073964297
endocytic_vesicle_ph_phrodo-dextran_live_cell_dye,9,op_gfp_intensity_max_sum,2,2635.8047214049743,3191.5625,1.2108493751763172
endocytic_vesicle_ph_phrodo-dextran_live_cell_dye,10,op_gfp_intensity_max_min,2,9.891647976683721,17.845924377441406,1.804140666904772
endocytic_vesicle_ph_phrodo-dextran_live_cell_dye,11,op_gfp_intensity_max_max,2,116.58986372523148,173.72311401367188,1.4900361700660951
endocytic_vesicle_ph_phrodo-dextran_live_cell_dye,12,op_gfp_intensity_mean_mean,2,25.443505694715164,37.78827667236328,1.4851835720190176
endocytic_vesicle_ph_phrodo-dextran_live_cell_dye,13,op_gfp_intensity_mean_median,2,19.94295295328258,26.472517013549805,1.3274120976749566
endocytic_vesicle_ph_phrodo-dextran_live_cell_dye,14,op_gfp_intensity_mean_std,2,32.09461814782651,41.172332763671875,1.2828422688823957
endocytic_vesicle_ph_phrodo-dextran_live_cell_dye,15,op_gfp_intensity_mean_sum,2,2123.4971838497295,2632.321533203125,1.239616211042455
endocytic_vesicle_ph_phrodo-dextran_live_cell_dye,16,op_gfp_intensity_mean_min,2,6.826543296006533,14.739283561706543,2.159113759716267
endocytic_vesicle_ph_phrodo-dextran_live_cell_dye,17,op_gfp_intensity_mean_max,2,103.98664182179694,153.8394775390625,1.4794157676781112
endocytic_vesicle_ph_phrodo-dextran_live_cell_dye,18,op_gfp_intensity_range_mean,2,19.6380381453152,21.630163192749023,1.1014421620272217
endocytic_vesicle_ph_phrodo-dextran_live_cell_dye,19,op_gfp_intensity_range_median,2,13.998935235727199,13.796585083007812,0.9855453183179989
endocytic_vesicle_ph_phrodo-dextran_live_cell_dye,20,op_gfp_intensity_range_std,2,27.36012410165169,31.418527603149414,1.1483327884924588
endocytic_vesicle_ph_phrodo-dextran_live_cell_dye,21,op_gfp_intensity_range_sum,2,943.7089450211272,1032.7366943359375,1.0943381429036017
endocytic_vesicle_ph_phrodo-dextran_live_cell_dye,22,op_gfp_intensity_range_min,2,5.388111737602402,6.008166313171387,1.1150782696731707
endocytic_vesicle_ph_phrodo-dextran_live_cell_dye,23,op_gfp_intensity_range_max,2,102.20613189345703,122.55939483642578,1.1991393526582697
endocytic_vesicle_ph_phrodo-dextran_live_cell_dye,0,op_gfp_intensity_min_mean,3,19.462003612666294,30.12806510925293,1.5480453970137449
endocytic_vesicle_ph_phrodo-dextran_live_cell_dye,1,op_gfp_intensity_min_median,3,12.846128429475662,20.24490737915039,1.5759539919200949
endocytic_vesicle_ph_phrodo-dextran_live_cell_dye,2,op_gfp_intensity_min_std,3,29.46501610361158,36.017879486083984,1.2223946988330072
endocytic_vesicle_ph_phrodo-dextran_live_cell_dye,3,op_gfp_intensity_min_sum,3,1765.140139155832,2189.95849609375,1.2406711781768698
endocytic_vesicle_ph_phrodo-dextran_live_cell_dye,4,op_gfp_intensity_min_min,3,5.479418403177079,13.003782272338867,2.373204839549943
endocytic_vesicle_ph_phrodo-dextran_live_cell_dye,5,op_gfp_intensity_min_max,3,100.95929358972201,140.1342010498047,1.3880267587774684
endocytic_vesicle_ph_phrodo-dextran_live_cell_dye,6,op_gfp_intensity_max_mean,3,34.589058903736394,48.012298583984375,1.3880776206605023
endocytic_vesicle_ph_phrodo-dextran_live_cell_dye,7,op_gfp_intensity_max_median,3,31.084146408450227,35.62837600708008,1.1461912300539963
endocytic_vesicle_ph_phrodo-dextran_live_cell_dye,8,op_gfp_intensity_max_std,3,38.4942452242267,50.311668395996094,1.306991943936908
endocytic_vesicle_ph_phrodo-dextran_live_cell_dye,9,op_gfp_intensity_max_sum,3,2635.8047214049743,3155.048828125,1.1969964248501879
endocytic_vesicle_ph_phrodo-dextran_live_cell_dye,10,op_gfp_intensity_max_min,3,9.891647976683721,18.105098724365234,1.8303419983244449
endocytic_vesicle_ph_phrodo-dextran_live_cell_dye,11,op_gfp_intensity_max_max,3,116.58986372523148,173.4183349609375,1.4874220572865087
endocytic_vesicle_ph_phrodo-dextran_live_cell_dye,12,op_gfp_intensity_mean_mean,3,25.443505694715164,37.801719665527344,1.4857119187541474
endocytic_vesicle_ph_phrodo-dextran_live_cell_dye,13,op_gfp_intensity_mean_median,3,19.94295295328258,26.492292404174805,1.328403695592844
endocytic_vesicle_ph_phrodo-dextran_live_cell_dye,14,op_gfp_intensity_mean_std,3,32.09461814782651,41.12744903564453,1.2814437874354252
endocytic_vesicle_ph_phrodo-dextran_live_cell_dye,15,op_gfp_intensity_mean_sum,3,2123.4971838497295,2601.47998046875,1.2250922677243565
endocytic_vesicle_ph_phrodo-dextran_live_cell_dye,16,op_gfp_intensity_mean_min,3,6.826543296006533,14.76537799835205,2.1629362560389334
endocytic_vesicle_ph_phrodo-dextran_live_cell_dye,17,op_gfp_intensity_mean_max,3,103.98664182179694,153.6199188232422,1.477304354981502
endocytic_vesicle_ph_phrodo-dextran_live_cell_dye,18,op_gfp_intensity_range_mean,3,19.6380381453152,21.925872802734375,1.1165001636359972
endocytic_vesicle_ph_phrodo-dextran_live_cell_dye,19,op_gfp_intensity_range_median,3,13.998935235727199,14.460132598876953,1.0329451744281748
endocytic_vesicle_ph_phrodo-dextran_live_cell_dye,20,op_gfp_intensity_range_std,3,27.36012410165169,31.271089553833008,1.142943995343399
endocytic_vesicle_ph_phrodo-dextran_live_cell_dye,21,op_gfp_intensity_range_sum,3,943.7089450211272,1022.9599609375,1.0839782396198423
endocytic_vesicle_ph_phrodo-dextran_live_cell_dye,22,op_gfp_intensity_range_min,3,5.388111737602402,6.782795429229736,1.2588446119062742
endocytic_vesicle_ph_phrodo-dextran_live_cell_dye,23,op_gfp_intensity_range_max,3,102.20613189345703,121.91503143310547,1.1928348052560451
endocytic_vesicle_ph_phrodo-dextran_live_cell_dye,0,op_gfp_intensity_min_mean,4,19.462003612666294,29.95504379272461,1.5391551861201596
endocytic_vesicle_ph_phrodo-dextran_live_cell_dye,1,op_gfp_intensity_min_median,4,12.846128429475662,19.96408462524414,1.55409349477125
endocytic_vesicle_ph_phrodo-dextran_live_cell_dye,2,op_gfp_intensity_min_std,4,29.46501610361158,35.813438415527344,1.2154562647986344
endocytic_vesicle_ph_phrodo-dextran_live_cell_dye,3,op_gfp_intensity_min_sum,4,1765.140139155832,2238.979248046875,1.2684427702820547
endocytic_vesicle_ph_phrodo-dextran_live_cell_dye,4,op_gfp_intensity_min_min,4,5.479418403177079,13.067936897277832,2.3849131305068387
endocytic_vesicle_ph_phrodo-dextran_live_cell_dye,5,op_gfp_intensity_min_max,4,100.95929358972201,139.61468505859375,1.3828809621624274
endocytic_vesicle_ph_phrodo-dextran_live_cell_dye,6,op_gfp_intensity_max_mean,4,34.589058903736394,47.790565490722656,1.3816671226507466
endocytic_vesicle_ph_phrodo-dextran_live_cell_dye,7,op_gfp_intensity_max_median,4,31.084146408450227,35.313438415527344,1.1360594546011848
endocytic_vesicle_ph_phrodo-dextran_live_cell_dye,8,op_gfp_intensity_max_std,4,38.4942452242267,50.02238845825195,1.2994770560345967
endocytic_vesicle_ph_phrodo-dextran_live_cell_dye,9,op_gfp_intensity_max_sum,4,2635.8047214049743,3214.715087890625,1.2196332534745107
endocytic_vesicle_ph_phrodo-dextran_live_cell_dye,10,op_gfp_intensity_max_min,4,9.891647976683721,18.390127182006836,1.8591570611242394
endocytic_vesicle_ph_phrodo-dextran_live_cell_dye,11,op_gfp_intensity_max_max,4,116.58986372523148,172.673583984375,1.4810342723387737
endocytic_vesicle_ph_phrodo-dextran_live_cell_dye,12,op_gfp_intensity_mean_mean,4,25.443505694715164,37.61748504638672,1.478470989719007
endocytic_vesicle_ph_phrodo-dextran_live_cell_dye,13,op_gfp_intensity_mean_median,4,19.94295295328258,26.223100662231445,1.3149056071916954
endocytic_vesicle_ph_phrodo-dextran_live_cell_dye,14,op_gfp_intensity_mean_std,4,32.09461814782651,40.923072814941406,1.2750758593372693
endocytic_vesicle_ph_phrodo-dextran_live_cell_dye,15,op_gfp_intensity_mean_sum,4,2123.4971838497295,2656.25439453125,1.2508867045990966
endocytic_vesicle_ph_phrodo-dextran_live_cell_dye,16,op_gfp_intensity_mean_min,4,6.826543296006533,14.88626480102539,2.180644603797316
endocytic_vesicle_ph_phrodo-dextran_live_cell_dye,17,op_gfp_intensity_mean_max,4,103.98664182179694,153.16358947753906,1.472916009154495
endocytic_vesicle_ph_phrodo-dextran_live_cell_dye,18,op_gfp_intensity_range_mean,4,19.6380381453152,21.82855224609375,1.1115444467807551
endocytic_vesicle_ph_phrodo-dextran_live_cell_dye,19,op_gfp_intensity_range_median,4,13.998935235727199,14.365470886230469,1.0261831092387528
endocytic_vesicle_ph_phrodo-dextran_live_cell_dye,20,op_gfp_intensity_range_std,4,27.36012410165169,31.062280654907227,1.1353121257601329
endocytic_vesicle_ph_phrodo-dextran_live_cell_dye,21,op_gfp_intensity_range_sum,4,943.7089450211272,1031.5418701171875,1.0930720489187415
endocytic_vesicle_ph_phrodo-dextran_live_cell_dye,22,op_gfp_intensity_range_min,4,5.388111737602402,6.977029800415039,1.2948933021793037
endocytic_vesicle_ph_phrodo-dextran_live_cell_dye,23,op_gfp_intensity_range_max,4,102.20613189345703,121.33755493164062,1.1871846892525666
5xupre,0,op_gfp_intensity_min_mean,0,8.663866067421052,9.069400787353516,1.0468075933742103
5xupre,1,op_gfp_intensity_min_median,0,8.703560463371566,9.122444152832031,1.048127854252672
5xupre,2,op_gfp_intensity_min_sum,0,54.52009437187842,63.32718276977539,1.1615383923920661
5xupre,3,op_gfp_intensity_min_min,0,8.561191560644707,8.950846672058105,1.045514121329164
5xupre,4,op_gfp_intensity_min_max,0,10.232707216399275,10.767317771911621,1.0522452704065999
5xupre,5,op_gfp_intensity_max_mean,0,25.833426587702313,28.995698928833008,1.12241010035564
5xupre,6,op_gfp_intensity_max_median,0,26.111082405696518,29.370561599731445,1.12483125530345
5xupre,7,op_gfp_intensity_max_sum,0,97.56508632742893,113.55183410644531,1.1638572606328126
5xupre,8,op_gfp_intensity_max_min,0,28.072548821457318,31.406742095947266,1.1187705931404934
5xupre,9,op_gfp_intensity_max_max,0,28.21519863900505,32.20762252807617,1.1414990530512141
5xupre,10,op_gfp_intensity_mean_mean,0,13.396556692247477,14.769312858581543,1.1024708212617405
5xupre,11,op_gfp_intensity_mean_median,0,13.540368844026313,14.943899154663086,1.103655249484284
5xupre,12,op_gfp_intensity_mean_sum,0,70.70378077304474,82.0511703491211,1.1604919772607472
5xupre,13,op_gfp_intensity_mean_min,0,14.528658774701277,15.972831726074219,1.0994016704341405
5xupre,14,op_gfp_intensity_mean_max,0,14.191957461252837,15.632460594177246,1.1015013705373131
5xupre,15,op_gfp_intensity_range_mean,0,24.506022410535998,27.409244537353516,1.118469740955159
5xupre,16,op_gfp_intensity_range_median,0,24.79150369932351,27.82681655883789,1.1224335924245372
5xupre,17,op_gfp_intensity_range_sum,0,52.1821809552406,60.263946533203125,1.1548759639788664
5xupre,18,op_gfp_intensity_range_min,0,26.406023494491873,29.451221466064453,1.1153220958168044
5xupre,19,op_gfp_intensity_range_max,0,27.54483026611548,31.42198371887207,1.1407579358920976
5xupre,0,op_gfp_intensity_min_mean,1,8.663866067421052,8.981164932250977,1.036623242137026
5xupre,1,op_gfp_intensity_min_median,1,8.703560463371566,9.038824081420898,1.0385202836770389
5xupre,2,op_gfp_intensity_min_sum,1,54.52009437187842,63.04376220703125,1.156339931787597
5xupre,3,op_gfp_intensity_min_min,1,8.561191560644707,8.859619140625,1.0348581827501848
5xupre,4,op_gfp_intensity_min_max,1,10.232707216399275,10.666808128356934,1.0424228801603894
5xupre,5,op_gfp_intensity_max_mean,1,25.833426587702313,28.458688735961914,1.1016226840580772
5xupre,6,op_gfp_intensity_max_median,1,26.111082405696518,28.824798583984375,1.1039296700199537
5xupre,7,op_gfp_intensity_max_sum,1,97.56508632742893,113.70777130126953,1.1654555495360879
5xupre,8,op_gfp_intensity_max_min,1,28.072548821457318,30.839683532714844,1.0985708397501284
5xupre,9,op_gfp_intensity_max_max,1,28.21519863900505,31.729568481445312,1.1245559135487337
5xupre,10,op_gfp_intensity_mean_mean,1,13.396556692247477,14.438892364501953,1.0778062375429405
5xupre,11,op_gfp_intensity_mean_median,1,13.540368844026313,14.611510276794434,1.0791072566121922
5xupre,12,op_gfp_intensity_mean_sum,1,70.70378077304474,81.92315673828125,1.1586814148065163
5xupre,13,op_gfp_intensity_mean_min,1,14.528658774701277,15.640565872192383,1.076531985142859
5xupre,14,op_gfp_intensity_mean_max,1,14.191957461252837,15.303646087646484,1.078332296966701
5xupre,15,op_gfp_intensity_range_mean,1,24.506022410535998,26.930702209472656,1.0989422011584469
5xupre,16,op_gfp_intensity_range_median,1,24.79150369932351,27.335695266723633,1.1026235277317828
5xupre,17,op_gfp_intensity_range_sum,1,52.1821809552406,60.48657989501953,1.1591424273144515
5xupre,18,op_gfp_intensity_range_min,1,26.406023494491873,28.943174362182617,1.096082277144833
5xupre,19,op_gfp_intensity_range_max,1,27.54483026611548,31.008832931518555,1.1257587224875496
5xupre,0,op_gfp_intensity_min_mean,2,8.663866067421052,9.00508975982666,1.039384691516495
5xupre,1,op_gfp_intensity_min_median,2,8.703560463371566,9.063972473144531,1.041409720917059
5xupre,2,op_gfp_intensity_min_sum,2,54.52009437187842,63.11289596557617,1.157607973586523
5xupre,3,op_gfp_intensity_min_min,2,8.561191560644707,8.881327629089355,1.0373938681522203
5xupre,4,op_gfp_intensity_min_max,2,10.232707216399275,10.689716339111328,1.044661604504782
5xupre,5,op_gfp_intensity_max_mean,2,25.833426587702313,28.36545181274414,1.0980135258652512
5xupre,6,op_gfp_intensity_max_median,2,26.111082405696518,28.747447967529297,1.1009673027288067
5xupre,7,op_gfp_intensity_max_sum,2,97.56508632742893,113.61361694335938,1.1644905080293937
5xupre,8,op_gfp_intensity_max_min,2,28.072548821457318,30.758472442626953,1.0956779392655875
5xupre,9,op_gfp_intensity_max_max,2,28.21519863900505,31.609338760375977,1.1202947448570795
5xupre,10,op_gfp_intensity_mean_mean,2,13.396556692247477,14.401191711425781,1.0749920328228582
5xupre,11,op_gfp_intensity_mean_median,2,13.540368844026313,14.583391189575195,1.0770305711434913
5xupre,12,op_gfp_intensity_mean_sum,2,70.70378077304474,81.97522735595703,1.1594178763805152
5xupre,13,op_gfp_intensity_mean_min,2,14.528658774701277,15.603469848632812,1.0739786852041084
5xupre,14,op_gfp_intensity_mean_max,2,14.191957461252837,15.274492263793945,1.0762780473022602
5xupre,15,op_gfp_intensity_range_mean,2,24.506022410535998,26.854904174804688,1.0958491641327652
5xupre,16,op_gfp_intensity_range_median,2,24.79150369932351,27.268373489379883,1.0999080096187936
5xupre,17,op_gfp_intensity_range_sum,2,52.1821809552406,60.26560592651367,1.1549077639780263
5xupre,18,op_gfp_intensity_range_min,2,26.406023494491873,28.879192352294922,1.0936592690042457
5xupre,19,op_gfp_intensity_range_max,2,27.54483026611548,30.910676956176758,1.1221952234790789
5xupre,0,op_gfp_intensity_min_mean,3,8.663866067421052,9.100226402282715,1.0503655448348306
5xupre,1,op_gfp_intensity_min_median,3,8.703560463371566,9.15783977508545,1.0521946522490067
5xupre,2,op_gfp_intensity_min_sum,3,54.52009437187842,63.208343505859375,1.1593586591160117
5xupre,3,op_gfp_intensity_min_min,3,8.561191560644707,8.99061393737793,1.0501591832972472
5xupre,4,op_gfp_intensity_min_max,3,10.232707216399275,10.777349472045898,1.0532256268188502
5xupre,5,op_gfp_intensity_max_mean,3,25.833426587702313,29.043914794921875,1.124276514240967
5xupre,6,op_gfp_intensity_max_median,3,26.111082405696518,29.417448043823242,1.1266269083278369
5xupre,7,op_gfp_intensity_max_sum,3,97.56508632742893,113.63555908203125,1.164715405474759
5xupre,8,op_gfp_intensity_max_min,3,28.072548821457318,31.439315795898438,1.1199309330924638
5xupre,9,op_gfp_intensity_max_max,3,28.21519863900505,32.24340057373047,1.1427670946521986
5xupre,10,op_gfp_intensity_mean_mean,3,13.396556692247477,14.919781684875488,1.1137027243358357
5xupre,11,op_gfp_intensity_mean_median,3,13.540368844026313,15.098559379577637,1.1150774069377556
5xupre,12,op_gfp_intensity_mean_sum,3,70.70378077304474,82.04373168945312,1.1603867684644618
5xupre,13,op_gfp_intensity_mean_min,3,14.528658774701277,16.11606788635254,1.1092605405817235
5xupre,14,op_gfp_intensity_mean_max,3,14.191957461252837,15.771627426147461,1.111307405564558
5xupre,15,op_gfp_intensity_range_mean,3,24.506022410535998,27.472877502441406,1.1210663665528133
5xupre,16,op_gfp_intensity_range_median,3,24.79150369932351,27.87409210205078,1.1243405176270687
5xupre,17,op_gfp_intensity_range_sum,3,52.1821809552406,60.38182067871094,1.157134860470926
5xupre,18,op_gfp_intensity_range_min,3,26.406023494491873,29.496793746948242,1.1170479248078031
5xupre,19,op_gfp_intensity_range_max,3,27.54483026611548,31.485576629638672,1.1430666417418784
5xupre,0,op_gfp_intensity_min_mean,4,8.663866067421052,9.116263389587402,1.0522165645966655
5xupre,1,op_gfp_intensity_min_median,4,8.703560463371566,9.171196937561035,1.0537293302157766
5xupre,2,op_gfp_intensity_min_sum,4,54.52009437187842,63.089908599853516,1.1571863425165938
5xupre,3,op_gfp_intensity_min_min,4,8.561191560644707,9.007862091064453,1.0521738740753173
5xupre,4,op_gfp_intensity_min_max,4,10.232707216399275,10.797733306884766,1.0552176543837746
5xupre,5,op_gfp_intensity_max_mean,4,25.833426587702313,28.890949249267578,1.118355288687129
5xupre,6,op_gfp_intensity_max_median,4,26.111082405696518,29.260169982910156,1.120603486607151
5xupre,7,op_gfp_intensity_max_sum,4,97.56508632742893,113.02137756347656,1.1584203101525092
5xupre,8,op_gfp_intensity_max_min,4,28.072548821457318,31.28887176513672,1.1145718176192465
5xupre,9,op_gfp_intensity_max_max,4,28.21519863900505,32.090660095214844,1.1373536832327067
5xupre,10,op_gfp_intensity_mean_mean,4,13.396556692247477,14.770292282104492,1.102543931356032
5xupre,11,op_gfp_intensity_mean_median,4,13.540368844026313,14.946144104003906,1.103821046248514
5xupre,12,op_gfp_intensity_mean_sum,4,70.70378077304474,81.695068359375,1.1554554433462574
5xupre,13,op_gfp_intensity_mean_min,4,14.528658774701277,15.975181579589844,1.099563409625078
5xupre,14,op_gfp_intensity_mean_max,4,14.191957461252837,15.631220817565918,1.1014140128479517
5xupre,15,op_gfp_intensity_range_mean,4,24.506022410535998,27.295011520385742,1.113808314671689
5xupre,16,op_gfp_intensity_range_median,4,24.79150369932351,27.703012466430664,1.1174397810805885
5xupre,17,op_gfp_intensity_range_sum,4,52.1821809552406,59.945011138916016,1.1487640041403024
5xupre,18,op_gfp_intensity_range_min,4,26.406023494491873,29.310701370239258,1.1100005790858014
5xupre,19,op_gfp_intensity_range_max,4,27.54483026611548,31.306577682495117,1.1365681828508918
f-actin_phalloidin,0,op_cp1_f_actin_phalloidin_intensity_mean_mean,0,35.5129812871758,36.39662170410156,1.0248821806814867
f-actin_phalloidin,1,op_cp1_f_actin_phalloidin_intensity_mean_median,0,43.693589669941005,44.62088394165039,1.0212226616928046
f-actin_phalloidin,2,op_cp1_f_actin_phalloidin_intensity_mean_std,0,14.29339066780247,14.347570419311523,1.003790545768199
f-actin_phalloidin,3,op_cp1_f_actin_phalloidin_intensity_mean_sum,0,6719.197495843276,7956.568359375,1.1841545607637227
f-actin_phalloidin,4,op_cp1_f_actin_phalloidin_intensity_mean_min,0,26.13435997089904,26.021944046020508,0.9956985392026547
f-actin_phalloidin,5,op_cp1_f_actin_phalloidin_intensity_mean_max,0,54.74465729224211,56.1887321472168,1.026378370536979
f-actin_phalloidin,6,op_cp1_f_actin_phalloidin_intensity_max_mean,0,44.414543386777,45.120269775390625,1.0158895338058058
f-actin_phalloidin,7,op_cp1_f_actin_phalloidin_intensity_max_median,0,53.30785389191276,54.463504791259766,1.0216788111877513
f-actin_phalloidin,8,op_cp1_f_actin_phalloidin_intensity_max_std,0,17.86614183422383,17.803741455078125,0.9965073388689789
f-actin_phalloidin,9,op_cp1_f_actin_phalloidin_intensity_max_sum,0,7548.991439380371,8847.5947265625,1.172023414996576
f-actin_phalloidin,10,op_cp1_f_actin_phalloidin_intensity_max_min,0,29.939886023902186,29.568462371826172,0.9875943531722368
f-actin_phalloidin,11,op_cp1_f_actin_phalloidin_intensity_max_max,0,72.60579730840976,73.52068328857422,1.012600729061321
f-actin_phalloidin,12,op_cp1_f_actin_phalloidin_intensity_min_mean,0,29.020486472241377,29.799654006958008,1.026848879168925
f-actin_phalloidin,13,op_cp1_f_actin_phalloidin_intensity_min_median,0,35.90673478477652,36.264041900634766,1.0099509776647733
f-actin_phalloidin,14,op_cp1_f_actin_phalloidin_intensity_min_std,0,12.247075519486817,12.302552223205566,1.0045297919189342
f-actin_phalloidin,15,op_cp1_f_actin_phalloidin_intensity_min_sum,0,6024.938654780586,7192.3154296875,1.1937574541079583
f-actin_phalloidin,16,op_cp1_f_actin_phalloidin_intensity_min_min,0,20.299079874860045,20.51325035095215,1.0105507479852498
f-actin_phalloidin,17,op_cp1_f_actin_phalloidin_intensity_min_max,0,49.93746396073729,50.985572814941406,1.0209884277469152
f-actin_phalloidin,18,op_cp1_f_actin_phalloidin_intensity_std_mean,0,4.517342020971122,4.366570472717285,0.9666238359739198
f-actin_phalloidin,19,op_cp1_f_actin_phalloidin_intensity_std_median,0,4.365876473981047,4.155050277709961,0.9517104532096751
f-actin_phalloidin,20,op_cp1_f_actin_phalloidin_intensity_std_std,0,3.833789761777645,3.587486743927002,0.9357546884009524
f-actin_phalloidin,21,op_cp1_f_actin_phalloidin_intensity_std_sum,0,423.57807917072523,457.7554016113281,1.0806871840665473
f-actin_phalloidin,22,op_cp1_f_actin_phalloidin_intensity_std_min,0,1.7014874387214125,1.5815520286560059,0.9295114337396858
f-actin_phalloidin,23,op_cp1_f_actin_phalloidin_intensity_std_max,0,18.49114729939637,17.952491760253906,0.9708695447383058
f-actin_phalloidin,24,op_cp1_f_actin_phalloidin_intensity_median_mean,0,35.375187583952645,36.25664520263672,1.0249173977266464
f-actin_phalloidin,25,op_cp1_f_actin_phalloidin_intensity_median_median,0,43.79638551209857,44.615577697753906,1.0187045614855372
f-actin_phalloidin,26,op_cp1_f_actin_phalloidin_intensity_median_std,0,14.432880472899582,14.468474388122559,1.0024661685025253
f-actin_phalloidin,27,op_cp1_f_actin_phalloidin_intensity_median_sum,0,6676.544255661765,7900.2802734375,1.183288834899581
f-actin_phalloidin,28,op_cp1_f_actin_phalloidin_intensity_median_min,0,25.898621749443407,25.7353572845459,0.9936960172445849
f-actin_phalloidin,29,op_cp1_f_actin_phalloidin_intensity_median_max,0,55.77736240045624,57.12868118286133,1.0242270111788943
f-actin_phalloidin,30,op_cp1_f_actin_phalloidin_intensity_q25_mean,0,32.89493816931623,33.74529266357422,1.0258506184106826
f-actin_phalloidin,31,op_cp1_f_actin_phalloidin_intensity_q25_median,0,40.664240842357906,41.292171478271484,1.015441838404112
f-actin_phalloidin,32,op_cp1_f_actin_phalloidin_intensity_q25_std,0,13.444834344793893,13.514242172241211,1.005162415963436
f-actin_phalloidin,33,op_cp1_f_actin_phalloidin_intensity_q25_sum,0,6408.60507526841,7609.61279296875,1.1874054811608186
f-actin_phalloidin,34,op_cp1_f_actin_phalloidin_intensity_q25_min,0,24.262105420062746,24.176816940307617,0.9964847040980788
f-actin_phalloidin,35,op_cp1_f_actin_phalloidin_intensity_q25_max,0,52.72201457357601,54.215248107910156,1.0283227707896152
f-actin_phalloidin,36,op_cp1_f_actin_phalloidin_intensity_q75_mean,0,38.12535556895214,39.00594711303711,1.0230972677092116
f-actin_phalloidin,37,op_cp1_f_actin_phalloidin_intensity_q75_median,0,47.1347579363038,48.170841217041016,1.0219813005539848
f-actin_phalloidin,38,op_cp1_f_actin_phalloidin_intensity_q75_std,0,15.605147197071867,15.501654624938965,0.9933680489632086
f-actin_phalloidin,39,op_cp1_f_actin_phalloidin_intensity_q75_sum,0,6968.615809033586,8213.7021484375,1.1786705385293128
f-actin_phalloidin,40,op_cp1_f_actin_phalloidin_intensity_q75_min,0,27.392631058291936,27.27737808227539,0.9957925554587551
f-actin_phalloidin,41,op_cp1_f_actin_phalloidin_intensity_q75_max,0,59.08333669630063,60.68113708496094,1.027043164418308
f-actin_phalloidin,42,op_cp1_f_actin_phalloidin_intensity_iqr_mean,0,6.677930055011162,6.366064071655273,0.953299004214358
f-actin_phalloidin,43,op_cp1_f_actin_phalloidin_intensity_iqr_median,0,6.173697713626278,5.7036051750183105,0.9238555950722365
f-actin_phalloidin,44,op_cp1_f_actin_phalloidin_intensity_iqr_std,0,6.738656753379584,6.029522895812988,0.8947662889624183
f-actin_phalloidin,45,op_cp1_f_actin_phalloidin_intensity_iqr_sum,0,596.3167588038289,644.086181640625,1.0801074632425531
f-actin_phalloidin,46,op_cp1_f_actin_phalloidin_intensity_iqr_min,0,1.947268344640099,1.8651399612426758,0.9578237978224812
f-actin_phalloidin,47,op_cp1_f_actin_phalloidin_intensity_iqr_max,0,33.588506400591065,32.85249328613281,0.9780873520935929
f-actin_phalloidin,48,op_cp1_f_actin_phalloidin_intensity_mad_mean,0,3.1385864335823017,2.986575126647949,0.9515669521451252
f-actin_phalloidin,49,op_cp1_f_actin_phalloidin_intensity_mad_median,0,2.951479789071225,2.728909730911255,0.9245903499037651
f-actin_phalloidin,50,op_cp1_f_actin_phalloidin_intensity_mad_std,0,3.0595637951781702,2.7132489681243896,0.8868090844846681
f-actin_phalloidin,51,op_cp1_f_actin_phalloidin_intensity_mad_sum,0,285.61061673524114,311.1321716308594,1.089357864869836
f-actin_phalloidin,52,op_cp1_f_actin_phalloidin_intensity_mad_min,0,0.9830312065570552,0.9529445767402649,0.9693940236931389
f-actin_phalloidin,53,op_cp1_f_actin_phalloidin_intensity_mad_max,0,14.782978572015258,14.8371000289917,1.0036610657799976
f-actin_phalloidin,54,op_cp1_f_actin_phalloidin_intensity_integrated_mean,0,11068.840469495506,9801.8974609375,0.8855396812295235
f-actin_phalloidin,55,op_cp1_f_actin_phalloidin_intensity_integrated_median,0,3697.756383440054,2243.648681640625,0.6067594641141123
f-actin_phalloidin,56,op_cp1_f_actin_phalloidin_intensity_integrated_std,0,32712.82053097408,31571.07421875,0.965097894535171
f-actin_phalloidin,57,op_cp1_f_actin_phalloidin_intensity_integrated_sum,0,412755.44465747336,495858.71875,1.201337802246292
f-actin_phalloidin,58,op_cp1_f_actin_phalloidin_intensity_integrated_min,0,575.9074452057145,576.6333618164062,1.0012604744334093
f-actin_phalloidin,59,op_cp1_f_actin_phalloidin_intensity_integrated_max,0,173302.3737510006,189032.3125,1.0907658585888735
f-actin_phalloidin,60,op_cp1_f_actin_phalloidin_intensity_range_mean,0,18.54840614964832,17.946210861206055,0.9675338525809841
f-actin_phalloidin,61,op_cp1_f_actin_phalloidin_intensity_range_median,0,16.37060541839897,15.716646194458008,0.9600528381677336
f-actin_phalloidin,62,op_cp1_f_actin_phalloidin_intensity_range_std,0,16.99892039623666,16.266788482666016,0.9569306816841893
f-actin_phalloidin,63,op_cp1_f_actin_phalloidin_intensity_range_sum,0,1617.6670668920353,1757.6429443359375,1.0865294721693461
f-actin_phalloidin,64,op_cp1_f_actin_phalloidin_intensity_range_min,0,5.827849885276479,5.302861213684082,0.9099172624678044
f-actin_phalloidin,65,op_cp1_f_actin_phalloidin_intensity_range_max,0,76.81656288947231,77.09566497802734,1.0036333581984997
f-actin_phalloidin,66,op_cp1_f_actin_phalloidin_intensity_cv_mean,0,0.01242420118488651,0.012090166099369526,0.9731141599732526
f-actin_phalloidin,67,op_cp1_f_actin_phalloidin_intensity_cv_median,0,0.012194279684143015,0.011558407917618752,0.94785491369768
f-actin_phalloidin,68,op_cp1_f_actin_phalloidin_intensity_cv_std,0,0.011667270909005135,0.011433900333940983,0.9799978438073268
f-actin_phalloidin,69,op_cp1_f_actin_phalloidin_intensity_cv_sum,0,2.1369847250323204,2.390859603881836,1.118800511709636
f-actin_phalloidin,70,op_cp1_f_actin_phalloidin_intensity_cv_min,0,0.008221683811438752,0.007695728912949562,0.9360283233274632
f-actin_phalloidin,71,op_cp1_f_actin_phalloidin_intensity_cv_max,0,0.062250730490066096,0.06260430812835693,1.0056798954085728
f-actin_phalloidin,0,op_cp1_f_actin_phalloidin_intensity_mean_mean,1,35.5129812871758,36.28664016723633,1.0217852416783693
f-actin_phalloidin,1,op_cp1_f_actin_phalloidin_intensity_mean_median,1,43.693589669941005,44.4217643737793,1.0166654813518157
f-actin_phalloidin,2,op_cp1_f_actin_phalloidin_intensity_mean_std,1,14.29339066780247,14.441272735595703,1.0103461852565434
f-actin_phalloidin,3,op_cp1_f_actin_phalloidin_intensity_mean_sum,1,6719.197495843276,7795.005859375,1.160109650623792
f-actin_phalloidin,4,op_cp1_f_actin_phalloidin_intensity_mean_min,1,26.13435997089904,25.995601654052734,0.9946905791073202
f-actin_phalloidin,5,op_cp1_f_actin_phalloidin_intensity_mean_max,1,54.74465729224211,56.64146041870117,1.0346481870611302
f-actin_phalloidin,6,op_cp1_f_actin_phalloidin_intensity_max_mean,1,44.414543386777,45.00096893310547,1.0132034577327897
f-actin_phalloidin,7,op_cp1_f_actin_phalloidin_intensity_max_median,1,53.30785389191276,54.24010467529297,1.0174880569244158
f-actin_phalloidin,8,op_cp1_f_actin_phalloidin_intensity_max_std,1,17.86614183422383,17.964061737060547,1.0054807525735157
f-actin_phalloidin,9,op_cp1_f_actin_phalloidin_intensity_max_sum,1,7548.991439380371,8678.1796875,1.1495813390685623
f-actin_phalloidin,10,op_cp1_f_actin_phalloidin_intensity_max_min,1,29.939886023902186,29.535846710205078,0.9865049815695842
f-actin_phalloidin,11,op_cp1_f_actin_phalloidin_intensity_max_max,1,72.60579730840976,73.85404968261719,1.0171921860303412
f-actin_phalloidin,12,op_cp1_f_actin_phalloidin_intensity_min_mean,1,29.020486472241377,29.719589233398438,1.0240899738819254
f-actin_phalloidin,13,op_cp1_f_actin_phalloidin_intensity_min_median,1,35.90673478477652,36.10377883911133,1.0054876628441958
f-actin_phalloidin,14,op_cp1_f_actin_phalloidin_intensity_min_std,1,12.247075519486817,12.366033554077148,1.0097131788238793
f-actin_phalloidin,15,op_cp1_f_actin_phalloidin_intensity_min_sum,1,6024.938654780586,7038.9609375,1.1683041671992496
f-actin_phalloidin,16,op_cp1_f_actin_phalloidin_intensity_min_min,1,20.299079874860045,20.541549682617188,1.011944866922635
f-actin_phalloidin,17,op_cp1_f_actin_phalloidin_intensity_min_max,1,49.93746396073729,51.40288162231445,1.029345055702655
f-actin_phalloidin,18,op_cp1_f_actin_phalloidin_intensity_std_mean,1,4.517342020971122,4.381824493408203,0.970000605016446
f-actin_phalloidin,19,op_cp1_f_actin_phalloidin_intensity_std_median,1,4.365876473981047,4.179281234741211,0.9572605316820408
f-actin_phalloidin,20,op_cp1_f_actin_phalloidin_intensity_std_std,1,3.833789761777645,3.6304545402526855,0.9469623442703657
f-actin_phalloidin,21,op_cp1_f_actin_phalloidin_intensity_std_sum,1,423.57807917072523,453.2666931152344,1.0700900622681728
f-actin_phalloidin,22,op_cp1_f_actin_phalloidin_intensity_std_min,1,1.7014874387214125,1.5839741230010986,0.9309349495940918
f-actin_phalloidin,23,op_cp1_f_actin_phalloidin_intensity_std_max,1,18.49114729939637,18.043054580688477,0.975767175965197
f-actin_phalloidin,24,op_cp1_f_actin_phalloidin_intensity_median_mean,1,35.375187583952645,36.14621353149414,1.0217956709264564
f-actin_phalloidin,25,op_cp1_f_actin_phalloidin_intensity_median_median,1,43.79638551209857,44.41474533081055,1.0141189692135932
f-actin_phalloidin,26,op_cp1_f_actin_phalloidin_intensity_median_std,1,14.432880472899582,14.569999694824219,1.009500475125676
f-actin_phalloidin,27,op_cp1_f_actin_phalloidin_intensity_median_sum,1,6676.544255661765,7727.2861328125,1.1573781041381845
f-actin_phalloidin,28,op_cp1_f_actin_phalloidin_intensity_median_min,1,25.898621749443407,25.715559005737305,0.9929315642555366
f-actin_phalloidin,29,op_cp1_f_actin_phalloidin_intensity_median_max,1,55.77736240045624,57.554466247558594,1.0318606648041826
f-actin_phalloidin,30,op_cp1_f_actin_phalloidin_intensity_q25_mean,1,32.89493816931623,33.64927673339844,1.0229317519978147
f-actin_phalloidin,31,op_cp1_f_actin_phalloidin_intensity_q25_median,1,40.664240842357906,41.105316162109375,1.010846761444813
f-actin_phalloidin,32,op_cp1_f_actin_phalloidin_intensity_q25_std,1,13.444834344793893,13.59876537322998,1.0114490833050458
f-actin_phalloidin,33,op_cp1_f_actin_phalloidin_intensity_q25_sum,1,6408.60507526841,7439.56396484375,1.160871028479183
f-actin_phalloidin,34,op_cp1_f_actin_phalloidin_intensity_q25_min,1,24.262105420062746,24.193313598632812,0.9971646392496074
f-actin_phalloidin,35,op_cp1_f_actin_phalloidin_intensity_q25_max,1,52.72201457357601,54.66586685180664,1.0368698406908918
f-actin_phalloidin,36,op_cp1_f_actin_phalloidin_intensity_q75_mean,1,38.12535556895214,38.890323638916016,1.0200645491313618
f-actin_phalloidin,37,op_cp1_f_actin_phalloidin_intensity_q75_median,1,47.1347579363038,47.98317337036133,1.0179997834125731
f-actin_phalloidin,38,op_cp1_f_actin_phalloidin_intensity_q75_std,1,15.605147197071867,15.617849349975586,1.0008139720018856
f-actin_phalloidin,39,op_cp1_f_actin_phalloidin_intensity_q75_sum,1,6968.615809033586,8037.46630859375,1.1533806036737724
f-actin_phalloidin,40,op_cp1_f_actin_phalloidin_intensity_q75_min,1,27.392631058291936,27.238096237182617,0.9943585258100813
f-actin_phalloidin,41,op_cp1_f_actin_phalloidin_intensity_q75_max,1,59.08333669630063,61.059452056884766,1.0334462383318286
f-actin_phalloidin,42,op_cp1_f_actin_phalloidin_intensity_iqr_mean,1,6.677930055011162,6.392679214477539,0.9572845420386563
f-actin_phalloidin,43,op_cp1_f_actin_phalloidin_intensity_iqr_median,1,6.173697713626278,5.752688884735107,0.9318060506976329
f-actin_phalloidin,44,op_cp1_f_actin_phalloidin_intensity_iqr_std,1,6.738656753379584,6.12172269821167,0.9084485116624306
f-actin_phalloidin,45,op_cp1_f_actin_phalloidin_intensity_iqr_sum,1,596.3167588038289,638.292236328125,1.070391242413673
f-actin_phalloidin,46,op_cp1_f_actin_phalloidin_intensity_iqr_min,1,1.947268344640099,1.8619847297668457,0.9562034605512906
f-actin_phalloidin,47,op_cp1_f_actin_phalloidin_intensity_iqr_max,1,33.588506400591065,32.99241638183594,0.9822531549439592
f-actin_phalloidin,48,op_cp1_f_actin_phalloidin_intensity_mad_mean,1,3.1385864335823017,3.000201940536499,0.9559086563412389
f-actin_phalloidin,49,op_cp1_f_actin_phalloidin_intensity_mad_median,1,2.951479789071225,2.752073287963867,0.9324384663429772
f-actin_phalloidin,50,op_cp1_f_actin_phalloidin_intensity_mad_std,1,3.0595637951781702,2.7609574794769287,0.9024023240921334
f-actin_phalloidin,51,op_cp1_f_actin_phalloidin_intensity_mad_sum,1,285.61061673524114,308.0030212402344,1.0784018632113765
f-actin_phalloidin,52,op_cp1_f_actin_phalloidin_intensity_mad_min,1,0.9830312065570552,0.9546109437942505,0.9710891550815124
f-actin_phalloidin,53,op_cp1_f_actin_phalloidin_intensity_mad_max,1,14.782978572015258,14.943242073059082,1.0108410832271115
f-actin_phalloidin,54,op_cp1_f_actin_phalloidin_intensity_integrated_mean,1,11068.840469495506,10205.517578125,0.9220042159113478
f-actin_phalloidin,55,op_cp1_f_actin_phalloidin_intensity_integrated_median,1,3697.756383440054,3704.686767578125,1.001874213284874
f-actin_phalloidin,56,op_cp1_f_actin_phalloidin_intensity_integrated_std,1,32712.82053097408,31729.546875,0.96994225383155
f-actin_phalloidin,57,op_cp1_f_actin_phalloidin_intensity_integrated_sum,1,412755.44465747336,486423.40625,1.1784784732607472
f-actin_phalloidin,58,op_cp1_f_actin_phalloidin_intensity_integrated_min,1,575.9074452057145,561.2715454101562,0.9745863681440509
f-actin_phalloidin,59,op_cp1_f_actin_phalloidin_intensity_integrated_max,1,173302.3737510006,188936.25,1.0902115528519074
f-actin_phalloidin,60,op_cp1_f_actin_phalloidin_intensity_range_mean,1,18.54840614964832,17.982158660888672,0.9694719058774556
f-actin_phalloidin,61,op_cp1_f_actin_phalloidin_intensity_range_median,1,16.37060541839897,15.825255393981934,0.9666872415235104
f-actin_phalloidin,62,op_cp1_f_actin_phalloidin_intensity_range_std,1,16.99892039623666,16.393014907836914,0.9643562370858632
f-actin_phalloidin,63,op_cp1_f_actin_phalloidin_intensity_range_sum,1,1617.6670668920353,1742.8037109375,1.0773562413469202
f-actin_phalloidin,64,op_cp1_f_actin_phalloidin_intensity_range_min,1,5.827849885276479,5.290108680725098,0.9077290570043791
f-actin_phalloidin,65,op_cp1_f_actin_phalloidin_intensity_range_max,1,76.81656288947231,77.3113021850586,1.006440528929915
f-actin_phalloidin,66,op_cp1_f_actin_phalloidin_intensity_cv_mean,1,0.01242420118488651,0.01217230036854744,0.9797249889477404
f-actin_phalloidin,67,op_cp1_f_actin_phalloidin_intensity_cv_median,1,0.012194279684143015,0.011646362021565437,0.9550676483753223
f-actin_phalloidin,68,op_cp1_f_actin_phalloidin_intensity_cv_std,1,0.011667270909005135,0.01151686068624258,0.9871083628780348
f-actin_phalloidin,69,op_cp1_f_actin_phalloidin_intensity_cv_sum,1,2.1369847250323204,2.3540291786193848,1.101565748713427
f-actin_phalloidin,70,op_cp1_f_actin_phalloidin_intensity_cv_min,1,0.008221683811438752,0.007719583343714476,0.938929727870864
f-actin_phalloidin,71,op_cp1_f_actin_phalloidin_intensity_cv_max,1,0.062250730490066096,0.06279429793357849,1.0087319046577155
f-actin_phalloidin,0,op_cp1_f_actin_phalloidin_intensity_mean_mean,2,35.5129812871758,36.376163482666016,1.0243061034079368
f-actin_phalloidin,1,op_cp1_f_actin_phalloidin_intensity_mean_median,2,43.693589669941005,44.53868103027344,1.0193413122317532
f-actin_phalloidin,2,op_cp1_f_actin_phalloidin_intensity_mean_std,2,14.29339066780247,14.429729461669922,1.0095385900404004
f-actin_phalloidin,3,op_cp1_f_actin_phalloidin_intensity_mean_sum,2,6719.197495843276,7828.07958984375,1.1650319245246872
f-actin_phalloidin,4,op_cp1_f_actin_phalloidin_intensity_mean_min,2,26.13435997089904,26.148149490356445,1.0005276394552136
f-actin_phalloidin,5,op_cp1_f_actin_phalloidin_intensity_mean_max,2,54.74465729224211,56.6075553894043,1.0340288566830826
f-actin_phalloidin,6,op_cp1_f_actin_phalloidin_intensity_max_mean,2,44.414543386777,45.11433029174805,1.0157558054549174
f-actin_phalloidin,7,op_cp1_f_actin_phalloidin_intensity_max_median,2,53.30785389191276,54.34355545043945,1.0194286860736634
f-actin_phalloidin,8,op_cp1_f_actin_phalloidin_intensity_max_std,2,17.86614183422383,17.974754333496094,1.006079236372355
f-actin_phalloidin,9,op_cp1_f_actin_phalloidin_intensity_max_sum,2,7548.991439380371,8710.8056640625,1.1539032378049023
f-actin_phalloidin,10,op_cp1_f_actin_phalloidin_intensity_max_min,2,29.939886023902186,29.64544105529785,0.9901654612723219
f-actin_phalloidin,11,op_cp1_f_actin_phalloidin_intensity_max_max,2,72.60579730840976,73.80994415283203,1.016584720353767
f-actin_phalloidin,12,op_cp1_f_actin_phalloidin_intensity_min_mean,2,29.020486472241377,29.79966163635254,1.0268491420657768
f-actin_phalloidin,13,op_cp1_f_actin_phalloidin_intensity_min_median,2,35.90673478477652,36.16701126098633,1.007248681278593
f-actin_phalloidin,14,op_cp1_f_actin_phalloidin_intensity_min_std,2,12.247075519486817,12.33919906616211,1.0075220852952782
f-actin_phalloidin,15,op_cp1_f_actin_phalloidin_intensity_min_sum,2,6024.938654780586,7072.4130859375,1.1738564475383957
f-actin_phalloidin,16,op_cp1_f_actin_phalloidin_intensity_min_min,2,20.299079874860045,20.66762351989746,1.0181556822924693
f-actin_phalloidin,17,op_cp1_f_actin_phalloidin_intensity_min_max,2,49.93746396073729,51.333412170410156,1.0279539267506739
f-actin_phalloidin,18,op_cp1_f_actin_phalloidin_intensity_std_mean,2,4.517342020971122,4.392739772796631,0.9724169107417497
f-actin_phalloidin,19,op_cp1_f_actin_phalloidin_intensity_std_median,2,4.365876473981047,4.202643871307373,0.9626117221486961
f-actin_phalloidin,20,op_cp1_f_actin_phalloidin_intensity_std_std,2,3.833789761777645,3.632718324661255,0.9475528264170757
f-actin_phalloidin,21,op_cp1_f_actin_phalloidin_intensity_std_sum,2,423.57807917072523,453.35797119140625,1.0703055551859144
f-actin_phalloidin,22,op_cp1_f_actin_phalloidin_intensity_std_min,2,1.7014874387214125,1.5905258655548096,0.9347855466685165
f-actin_phalloidin,23,op_cp1_f_actin_phalloidin_intensity_std_max,2,18.49114729939637,18.047046661376953,0.9759830674198396
f-actin_phalloidin,24,op_cp1_f_actin_phalloidin_intensity_median_mean,2,35.375187583952645,36.23155975341797,1.0242082721804082
f-actin_phalloidin,25,op_cp1_f_actin_phalloidin_intensity_median_median,2,43.79638551209857,44.52336883544922,1.0165991625758666
f-actin_phalloidin,26,op_cp1_f_actin_phalloidin_intensity_median_std,2,14.432880472899582,14.555741310119629,1.0085125652811122
f-actin_phalloidin,27,op_cp1_f_actin_phalloidin_intensity_median_sum,2,6676.544255661765,7760.31201171875,1.1623246569717471
f-actin_phalloidin,28,op_cp1_f_actin_phalloidin_intensity_median_min,2,25.898621749443407,25.871524810791016,0.9989537304759094
f-actin_phalloidin,29,op_cp1_f_actin_phalloidin_intensity_median_max,2,55.77736240045624,57.491756439208984,1.0307363769990443
f-actin_phalloidin,30,op_cp1_f_actin_phalloidin_intensity_q25_mean,2,32.89493816931623,33.7414436340332,1.0257336086287763
f-actin_phalloidin,31,op_cp1_f_actin_phalloidin_intensity_q25_median,2,40.664240842357906,41.19318771362305,1.013007666202738
f-actin_phalloidin,32,op_cp1_f_actin_phalloidin_intensity_q25_std,2,13.444834344793893,13.582162857055664,1.0102142212198357
f-actin_phalloidin,33,op_cp1_f_actin_phalloidin_intensity_q25_sum,2,6408.60507526841,7472.7587890625,1.166050755397737
f-actin_phalloidin,34,op_cp1_f_actin_phalloidin_intensity_q25_min,2,24.262105420062746,24.380779266357422,1.0048913251442946
f-actin_phalloidin,35,op_cp1_f_actin_phalloidin_intensity_q25_max,2,52.72201457357601,54.64604949951172,1.0364939568697746
f-actin_phalloidin,36,op_cp1_f_actin_phalloidin_intensity_q75_mean,2,38.12535556895214,38.97993469238281,1.0224149810717205
f-actin_phalloidin,37,op_cp1_f_actin_phalloidin_intensity_q75_median,2,47.1347579363038,48.08892822265625,1.0202434536237968
f-actin_phalloidin,38,op_cp1_f_actin_phalloidin_intensity_q75_std,2,15.605147197071867,15.609222412109375,1.000261145568577
f-actin_phalloidin,39,op_cp1_f_actin_phalloidin_intensity_q75_sum,2,6968.615809033586,8070.759765625,1.158158232107254
f-actin_phalloidin,40,op_cp1_f_actin_phalloidin_intensity_q75_min,2,27.392631058291936,27.36591911315918,0.9990248492349671
f-actin_phalloidin,41,op_cp1_f_actin_phalloidin_intensity_q75_max,2,59.08333669630063,60.99950408935547,1.032431604242399
f-actin_phalloidin,42,op_cp1_f_actin_phalloidin_intensity_iqr_mean,2,6.677930055011162,6.404108047485352,0.9589959755088581
f-actin_phalloidin,43,op_cp1_f_actin_phalloidin_intensity_iqr_median,2,6.173697713626278,5.7677812576293945,0.9342506752313181
f-actin_phalloidin,44,op_cp1_f_actin_phalloidin_intensity_iqr_std,2,6.738656753379584,6.134674549102783,0.9103705343095431
f-actin_phalloidin,45,op_cp1_f_actin_phalloidin_intensity_iqr_sum,2,596.3167588038289,638.0913696289062,1.0700543967754226
f-actin_phalloidin,46,op_cp1_f_actin_phalloidin_intensity_iqr_min,2,1.947268344640099,1.8692654371261597,0.9599423943142484
f-actin_phalloidin,47,op_cp1_f_actin_phalloidin_intensity_iqr_max,2,33.588506400591065,33.070743560791016,0.9845851186824152
f-actin_phalloidin,48,op_cp1_f_actin_phalloidin_intensity_mad_mean,2,3.1385864335823017,3.0042004585266113,0.9571826432378012
f-actin_phalloidin,49,op_cp1_f_actin_phalloidin_intensity_mad_median,2,2.951479789071225,2.7602193355560303,0.9351984539337195
f-actin_phalloidin,50,op_cp1_f_actin_phalloidin_intensity_mad_std,2,3.0595637951781702,2.7645609378814697,0.9035800927695573
f-actin_phalloidin,51,op_cp1_f_actin_phalloidin_intensity_mad_sum,2,285.61061673524114,307.83404541015625,1.0778102331382031
f-actin_phalloidin,52,op_cp1_f_actin_phalloidin_intensity_mad_min,2,0.9830312065570552,0.9568262696266174,0.9733427212120587
f-actin_phalloidin,53,op_cp1_f_actin_phalloidin_intensity_mad_max,2,14.782978572015258,14.994315147399902,1.014295940047205
f-actin_phalloidin,54,op_cp1_f_actin_phalloidin_intensity_integrated_mean,2,11068.840469495506,10309.025390625,0.9313554946460316
f-actin_phalloidin,55,op_cp1_f_actin_phalloidin_intensity_integrated_median,2,3697.756383440054,3817.470947265625,1.0323749191162777
f-actin_phalloidin,56,op_cp1_f_actin_phalloidin_intensity_integrated_std,2,32712.82053097408,31992.779296875,0.9779890201330298
f-actin_phalloidin,57,op_cp1_f_actin_phalloidin_intensity_integrated_sum,2,412755.44465747336,482080.34375,1.1679563528230528
f-actin_phalloidin,58,op_cp1_f_actin_phalloidin_intensity_integrated_min,2,575.9074452057145,589.013916015625,1.0227579464704244
f-actin_phalloidin,59,op_cp1_f_actin_phalloidin_intensity_integrated_max,2,173302.3737510006,193010.515625,1.1137211305732944
f-actin_phalloidin,60,op_cp1_f_actin_phalloidin_intensity_range_mean,2,18.54840614964832,18.03832244873047,0.9724998635029608
f-actin_phalloidin,61,op_cp1_f_actin_phalloidin_intensity_range_median,2,16.37060541839897,15.920211791992188,0.9724876621911256
f-actin_phalloidin,62,op_cp1_f_actin_phalloidin_intensity_range_std,2,16.99892039623666,16.424057006835938,0.9661823588792151
f-actin_phalloidin,63,op_cp1_f_actin_phalloidin_intensity_range_sum,2,1617.6670668920353,1741.537109375,1.0765732609744918
f-actin_phalloidin,64,op_cp1_f_actin_phalloidin_intensity_range_min,2,5.827849885276479,5.319216728210449,0.9127237030673964
f-actin_phalloidin,65,op_cp1_f_actin_phalloidin_intensity_range_max,2,76.81656288947231,77.1205062866211,1.0039567429954672
f-actin_phalloidin,66,op_cp1_f_actin_phalloidin_intensity_cv_mean,2,0.01242420118488651,0.012231245636940002,0.9844693799564974
f-actin_phalloidin,67,op_cp1_f_actin_phalloidin_intensity_cv_median,2,0.012194279684143015,0.01172549556940794,0.9615570474945999
f-actin_phalloidin,68,op_cp1_f_actin_phalloidin_intensity_cv_std,2,0.011667270909005135,0.011534185148775578,0.988593239904386
f-actin_phalloidin,69,op_cp1_f_actin_phalloidin_intensity_cv_sum,2,2.1369847250323204,2.3663883209228516,1.107349197775413
f-actin_phalloidin,70,op_cp1_f_actin_phalloidin_intensity_cv_min,2,0.008221683811438752,0.007739477325230837,0.9413494246109263
f-actin_phalloidin,71,op_cp1_f_actin_phalloidin_intensity_cv_max,2,0.062250730490066096,0.0626736655831337,1.0067940583144657
f-actin_phalloidin,0,op_cp1_f_actin_phalloidin_intensity_mean_mean,3,35.5129812871758,36.31696701049805,1.0226392066839114
f-actin_phalloidin,1,op_cp1_f_actin_phalloidin_intensity_mean_median,3,43.693589669941005,44.463077545166016,1.0176110015459403
f-actin_phalloidin,2,op_cp1_f_actin_phalloidin_intensity_mean_std,3,14.29339066780247,14.309438705444336,1.0011227593238612
f-actin_phalloidin,3,op_cp1_f_actin_phalloidin_intensity_mean_sum,3,6719.197495843276,7779.9697265625,1.1578718636229184
f-actin_phalloidin,4,op_cp1_f_actin_phalloidin_intensity_mean_min,3,26.13435997089904,26.201675415039062,1.002575744889677
f-actin_phalloidin,5,op_cp1_f_actin_phalloidin_intensity_mean_max,3,54.74465729224211,56.425289154052734,1.0306994681296286
f-actin_phalloidin,6,op_cp1_f_actin_phalloidin_intensity_max_mean,3,44.414543386777,45.038177490234375,1.0140412138885806
f-actin_phalloidin,7,op_cp1_f_actin_phalloidin_intensity_max_median,3,53.30785389191276,54.29792404174805,1.0185726882166888
f-actin_phalloidin,8,op_cp1_f_actin_phalloidin_intensity_max_std,3,17.86614183422383,17.861066818237305,0.9997159422535871
f-actin_phalloidin,9,op_cp1_f_actin_phalloidin_intensity_max_sum,3,7548.991439380371,8653.8515625,1.1463586403550508
f-actin_phalloidin,10,op_cp1_f_actin_phalloidin_intensity_max_min,3,29.939886023902186,29.735206604003906,0.9931636540054002
f-actin_phalloidin,11,op_cp1_f_actin_phalloidin_intensity_max_max,3,72.60579730840976,73.60940551757812,1.013822700753568
f-actin_phalloidin,12,op_cp1_f_actin_phalloidin_intensity_min_mean,3,29.020486472241377,29.74195671081543,1.0248607217271892
f-actin_phalloidin,13,op_cp1_f_actin_phalloidin_intensity_min_median,3,35.90673478477652,36.12507629394531,1.006080795440675
f-actin_phalloidin,14,op_cp1_f_actin_phalloidin_intensity_min_std,3,12.247075519486817,12.212484359741211,0.9971755575695955
f-actin_phalloidin,15,op_cp1_f_actin_phalloidin_intensity_min_sum,3,6024.938654780586,7030.54296875,1.166906979736881
f-actin_phalloidin,16,op_cp1_f_actin_phalloidin_intensity_min_min,3,20.299079874860045,20.633159637451172,1.0164578771378143
f-actin_phalloidin,17,op_cp1_f_actin_phalloidin_intensity_min_max,3,49.93746396073729,51.11597442626953,1.0235997259784524
f-actin_phalloidin,18,op_cp1_f_actin_phalloidin_intensity_std_mean,3,4.517342020971122,4.386138916015625,0.970955684925692
f-actin_phalloidin,19,op_cp1_f_actin_phalloidin_intensity_std_median,3,4.365876473981047,4.204439640045166,0.9630230413301927
f-actin_phalloidin,20,op_cp1_f_actin_phalloidin_intensity_std_std,3,3.833789761777645,3.620074510574341,0.9442548328199903
f-actin_phalloidin,21,op_cp1_f_actin_phalloidin_intensity_std_sum,3,423.57807917072523,450.2957458496094,1.0630761316336095
f-actin_phalloidin,22,op_cp1_f_actin_phalloidin_intensity_std_min,3,1.7014874387214125,1.5694551467895508,0.9224018415139886
f-actin_phalloidin,23,op_cp1_f_actin_phalloidin_intensity_std_max,3,18.49114729939637,18.03558349609375,0.9753631402137232
f-actin_phalloidin,24,op_cp1_f_actin_phalloidin_intensity_median_mean,3,35.375187583952645,36.17595291137695,1.0226363556525015
f-actin_phalloidin,25,op_cp1_f_actin_phalloidin_intensity_median_median,3,43.79638551209857,44.4382438659668,1.0146555097267311
f-actin_phalloidin,26,op_cp1_f_actin_phalloidin_intensity_median_std,3,14.432880472899582,14.429309844970703,0.9997526046214003
f-actin_phalloidin,27,op_cp1_f_actin_phalloidin_intensity_median_sum,3,6676.544255661765,7721.873046875,1.1565673425030902
f-actin_phalloidin,28,op_cp1_f_actin_phalloidin_intensity_median_min,3,25.898621749443407,25.928667068481445,1.0011601126627012
f-actin_phalloidin,29,op_cp1_f_actin_phalloidin_intensity_median_max,3,55.77736240045624,57.372432708740234,1.0285970909996085
f-actin_phalloidin,30,op_cp1_f_actin_phalloidin_intensity_q25_mean,3,32.89493816931623,33.68147277832031,1.0239105057731268
f-actin_phalloidin,31,op_cp1_f_actin_phalloidin_intensity_q25_median,3,40.664240842357906,41.12272262573242,1.01127481477281
f-actin_phalloidin,32,op_cp1_f_actin_phalloidin_intensity_q25_std,3,13.444834344793893,13.448631286621094,1.0002824089706
f-actin_phalloidin,33,op_cp1_f_actin_phalloidin_intensity_q25_sum,3,6408.60507526841,7436.681640625,1.1604212700395697
f-actin_phalloidin,34,op_cp1_f_actin_phalloidin_intensity_q25_min,3,24.262105420062746,24.390884399414062,1.0053078237490811
f-actin_phalloidin,35,op_cp1_f_actin_phalloidin_intensity_q25_max,3,52.72201457357601,54.451107025146484,1.0327964032777512
f-actin_phalloidin,36,op_cp1_f_actin_phalloidin_intensity_q75_mean,3,38.12535556895214,38.926658630371094,1.0210175891991289
f-actin_phalloidin,37,op_cp1_f_actin_phalloidin_intensity_q75_median,3,47.1347579363038,48.01784896850586,1.0187354527925112
f-actin_phalloidin,38,op_cp1_f_actin_phalloidin_intensity_q75_std,3,15.605147197071867,15.505027770996094,0.9935842049542115
f-actin_phalloidin,39,op_cp1_f_actin_phalloidin_intensity_q75_sum,3,6968.615809033586,8029.9716796875,1.152305120520212
f-actin_phalloidin,40,op_cp1_f_actin_phalloidin_intensity_q75_min,3,27.392631058291936,27.437231063842773,1.0016281753094811
f-actin_phalloidin,41,op_cp1_f_actin_phalloidin_intensity_q75_max,3,59.08333669630063,61.01005172729492,1.0326101256078
f-actin_phalloidin,42,op_cp1_f_actin_phalloidin_intensity_iqr_mean,3,6.677930055011162,6.3978352546691895,0.9580566435954525
f-actin_phalloidin,43,op_cp1_f_actin_phalloidin_intensity_iqr_median,3,6.173697713626278,5.773236274719238,0.9351342651547125
f-actin_phalloidin,44,op_cp1_f_actin_phalloidin_intensity_iqr_std,3,6.738656753379584,6.1265950202941895,0.9091715522120292
f-actin_phalloidin,45,op_cp1_f_actin_phalloidin_intensity_iqr_sum,3,596.3167588038289,633.6277465820312,1.0625690746190761
f-actin_phalloidin,46,op_cp1_f_actin_phalloidin_intensity_iqr_min,3,1.947268344640099,1.8290109634399414,0.939270115736404
f-actin_phalloidin,47,op_cp1_f_actin_phalloidin_intensity_iqr_max,3,33.588506400591065,33.13600158691406,0.9865279864403546
f-actin_phalloidin,48,op_cp1_f_actin_phalloidin_intensity_mad_mean,3,3.1385864335823017,2.9979562759399414,0.9551931544284894
f-actin_phalloidin,49,op_cp1_f_actin_phalloidin_intensity_mad_median,3,2.951479789071225,2.7551662921905518,0.9334864166755993
f-actin_phalloidin,50,op_cp1_f_actin_phalloidin_intensity_mad_std,3,3.0595637951781702,2.752310276031494,0.8995760377244287
f-actin_phalloidin,51,op_cp1_f_actin_phalloidin_intensity_mad_sum,3,285.61061673524114,305.7665710449219,1.0705714463281495
f-actin_phalloidin,52,op_cp1_f_actin_phalloidin_intensity_mad_min,3,0.9830312065570552,0.9380307197570801,0.9542227281292689
f-actin_phalloidin,53,op_cp1_f_actin_phalloidin_intensity_mad_max,3,14.782978572015258,14.935579299926758,1.0103227321319654
f-actin_phalloidin,54,op_cp1_f_actin_phalloidin_intensity_integrated_mean,3,11068.840469495506,10222.93359375,0.9235776431978823
f-actin_phalloidin,55,op_cp1_f_actin_phalloidin_intensity_integrated_median,3,3697.756383440054,3714.918212890625,1.0046411465956568
f-actin_phalloidin,56,op_cp1_f_actin_phalloidin_intensity_integrated_std,3,32712.82053097408,31932.796875,0.976155414198066
f-actin_phalloidin,57,op_cp1_f_actin_phalloidin_intensity_integrated_sum,3,412755.44465747336,481429.59375,1.1663797533900884
f-actin_phalloidin,58,op_cp1_f_actin_phalloidin_intensity_integrated_min,3,575.9074452057145,603.7466430664062,1.0483397082160444
f-actin_phalloidin,59,op_cp1_f_actin_phalloidin_intensity_integrated_max,3,173302.3737510006,193289.890625,1.115333197355492
f-actin_phalloidin,60,op_cp1_f_actin_phalloidin_intensity_range_mean,3,18.54840614964832,17.99229621887207,0.9700184519203666
f-actin_phalloidin,61,op_cp1_f_actin_phalloidin_intensity_range_median,3,16.37060541839897,15.898157119750977,0.9711404504248201
f-actin_phalloidin,62,op_cp1_f_actin_phalloidin_intensity_range_std,3,16.99892039623666,16.336088180541992,0.9610073933965001
f-actin_phalloidin,63,op_cp1_f_actin_phalloidin_intensity_range_sum,3,1617.6670668920353,1727.7071533203125,1.0680239393385766
f-actin_phalloidin,64,op_cp1_f_actin_phalloidin_intensity_range_min,3,5.827849885276479,5.271432876586914,0.904524478213603
f-actin_phalloidin,65,op_cp1_f_actin_phalloidin_intensity_range_max,3,76.81656288947231,76.81622314453125,0.999995577191581
f-actin_phalloidin,66,op_cp1_f_actin_phalloidin_intensity_cv_mean,3,0.01242420118488651,0.012193698436021805,0.9814472781441191
f-actin_phalloidin,67,op_cp1_f_actin_phalloidin_intensity_cv_median,3,0.012194279684143015,0.011704267002642155,0.9598161847855552
f-actin_phalloidin,68,op_cp1_f_actin_phalloidin_intensity_cv_std,3,0.011667270909005135,0.011474666185677052,0.9834918787066625
f-actin_phalloidin,69,op_cp1_f_actin_phalloidin_intensity_cv_sum,3,2.1369847250323204,2.348827838897705,1.099131786663651
f-actin_phalloidin,70,op_cp1_f_actin_phalloidin_intensity_cv_min,3,0.008221683811438752,0.007674550171941519,0.9334523618220381
f-actin_phalloidin,71,op_cp1_f_actin_phalloidin_intensity_cv_max,3,0.062250730490066096,0.062439482659101486,1.0030321277766454
f-actin_phalloidin,0,op_cp1_f_actin_phalloidin_intensity_mean_mean,4,35.5129812871758,36.51983642578125,1.0283517491945695
f-actin_phalloidin,1,op_cp1_f_actin_phalloidin_intensity_mean_median,4,43.693589669941005,44.69319152832031,1.0228775402966486
f-actin_phalloidin,2,op_cp1_f_actin_phalloidin_intensity_mean_std,4,14.29339066780247,14.27920150756836,0.9990072922119121
f-actin_phalloidin,3,op_cp1_f_actin_phalloidin_intensity_mean_sum,4,6719.197495843276,7872.23974609375,1.1716041612058263
f-actin_phalloidin,4,op_cp1_f_actin_phalloidin_intensity_mean_min,4,26.13435997089904,26.218852996826172,1.0032330244942373
f-actin_phalloidin,5,op_cp1_f_actin_phalloidin_intensity_mean_max,4,54.74465729224211,55.948326110839844,1.021986964173914
f-actin_phalloidin,6,op_cp1_f_actin_phalloidin_intensity_max_mean,4,44.414543386777,45.255615234375,1.018936856792012
f-actin_phalloidin,7,op_cp1_f_actin_phalloidin_intensity_max_median,4,53.30785389191276,54.579341888427734,1.0238517948798511
f-actin_phalloidin,8,op_cp1_f_actin_phalloidin_intensity_max_std,4,17.86614183422383,17.72719955444336,0.9922231514184939
f-actin_phalloidin,9,op_cp1_f_actin_phalloidin_intensity_max_sum,4,7548.991439380371,8751.0830078125,1.159238698054584
f-actin_phalloidin,10,op_cp1_f_actin_phalloidin_intensity_max_min,4,29.939886023902186,29.786277770996094,0.9948694442997057
f-actin_phalloidin,11,op_cp1_f_actin_phalloidin_intensity_max_max,4,72.60579730840976,73.37602233886719,1.0106083130963457
f-actin_phalloidin,12,op_cp1_f_actin_phalloidin_intensity_min_mean,4,29.020486472241377,29.894840240478516,1.030128846016192
f-actin_phalloidin,13,op_cp1_f_actin_phalloidin_intensity_min_median,4,35.90673478477652,36.33716583251953,1.0119874739466843
f-actin_phalloidin,14,op_cp1_f_actin_phalloidin_intensity_min_std,4,12.247075519486817,12.223691940307617,0.9980906805757838
f-actin_phalloidin,15,op_cp1_f_actin_phalloidin_intensity_min_sum,4,6024.938654780586,7116.92578125,1.1812445219841299
f-actin_phalloidin,16,op_cp1_f_actin_phalloidin_intensity_min_min,4,20.299079874860045,20.595483779907227,1.014601839436785
f-actin_phalloidin,17,op_cp1_f_actin_phalloidin_intensity_min_max,4,49.93746396073729,50.634822845458984,1.0139646435643985
f-actin_phalloidin,18,op_cp1_f_actin_phalloidin_intensity_std_mean,4,4.517342020971122,4.361509323120117,0.965503453772689
f-actin_phalloidin,19,op_cp1_f_actin_phalloidin_intensity_std_median,4,4.365876473981047,4.156346321105957,0.9520073107602082
f-actin_phalloidin,20,op_cp1_f_actin_phalloidin_intensity_std_std,4,3.833789761777645,3.5662500858306885,0.9302153501962236
f-actin_phalloidin,21,op_cp1_f_actin_phalloidin_intensity_std_sum,4,423.57807917072523,452.6065979003906,1.0685316831940335
f-actin_phalloidin,22,op_cp1_f_actin_phalloidin_intensity_std_min,4,1.7014874387214125,1.5815150737762451,0.9294897145786036
f-actin_phalloidin,23,op_cp1_f_actin_phalloidin_intensity_std_max,4,18.49114729939637,17.91858673095703,0.9690359630384844
f-actin_phalloidin,24,op_cp1_f_actin_phalloidin_intensity_median_mean,4,35.375187583952645,36.37627410888672,1.0282991156600454
f-actin_phalloidin,25,op_cp1_f_actin_phalloidin_intensity_median_median,4,43.79638551209857,44.66802978515625,1.0199021965595059
f-actin_phalloidin,26,op_cp1_f_actin_phalloidin_intensity_median_std,4,14.432880472899582,14.396199226379395,0.9974584944017888
f-actin_phalloidin,27,op_cp1_f_actin_phalloidin_intensity_median_sum,4,6676.544255661765,7815.39990234375,1.1705756156287328
f-actin_phalloidin,28,op_cp1_f_actin_phalloidin_intensity_median_min,4,25.898621749443407,25.945425033569336,1.0018071727746258
f-actin_phalloidin,29,op_cp1_f_actin_phalloidin_intensity_median_max,4,55.77736240045624,56.911800384521484,1.0203386810570299
f-actin_phalloidin,30,op_cp1_f_actin_phalloidin_intensity_q25_mean,4,32.89493816931623,33.8654899597168,1.0295045938498186
f-actin_phalloidin,31,op_cp1_f_actin_phalloidin_intensity_q25_median,4,40.664240842357906,41.355560302734375,1.0170006729759566
f-actin_phalloidin,32,op_cp1_f_actin_phalloidin_intensity_q25_std,4,13.444834344793893,13.441293716430664,0.9997366551143414
f-actin_phalloidin,33,op_cp1_f_actin_phalloidin_intensity_q25_sum,4,6408.60507526841,7528.03564453125,1.174676166828076
f-actin_phalloidin,34,op_cp1_f_actin_phalloidin_intensity_q25_min,4,24.262105420062746,24.352916717529297,1.003742927330266
f-actin_phalloidin,35,op_cp1_f_actin_phalloidin_intensity_q25_max,4,52.72201457357601,53.97104263305664,1.0236908257315842
f-actin_phalloidin,36,op_cp1_f_actin_phalloidin_intensity_q75_mean,4,38.12535556895214,39.134666442871094,1.0264734809382579
f-actin_phalloidin,37,op_cp1_f_actin_phalloidin_intensity_q75_median,4,47.1347579363038,48.248207092285156,1.023622676868014
f-actin_phalloidin,38,op_cp1_f_actin_phalloidin_intensity_q75_std,4,15.605147197071867,15.435282707214355,0.9891148421919798
f-actin_phalloidin,39,op_cp1_f_actin_phalloidin_intensity_q75_sum,4,6968.615809033586,8125.056640625,1.1659498619643074
f-actin_phalloidin,40,op_cp1_f_actin_phalloidin_intensity_q75_min,4,27.392631058291936,27.487903594970703,1.0034780352597756
f-actin_phalloidin,41,op_cp1_f_actin_phalloidin_intensity_q75_max,4,59.08333669630063,60.52967834472656,1.0244796880017186
f-actin_phalloidin,42,op_cp1_f_actin_phalloidin_intensity_iqr_mean,4,6.677930055011162,6.355256080627441,0.9516805399688809
f-actin_phalloidin,43,op_cp1_f_actin_phalloidin_intensity_iqr_median,4,6.173697713626278,5.69508695602417,0.9224758354226281
f-actin_phalloidin,44,op_cp1_f_actin_phalloidin_intensity_iqr_std,4,6.738656753379584,5.999282360076904,0.8902786682328244
f-actin_phalloidin,45,op_cp1_f_actin_phalloidin_intensity_iqr_sum,4,596.3167588038289,636.8478393554688,1.0679690448964447
f-actin_phalloidin,46,op_cp1_f_actin_phalloidin_intensity_iqr_min,4,1.947268344640099,1.8546210527420044,0.9524219185542104
f-actin_phalloidin,47,op_cp1_f_actin_phalloidin_intensity_iqr_max,4,33.588506400591065,32.842166900634766,0.9777799140260918
f-actin_phalloidin,48,op_cp1_f_actin_phalloidin_intensity_mad_mean,4,3.1385864335823017,2.9790215492248535,0.9491602707989389
f-actin_phalloidin,49,op_cp1_f_actin_phalloidin_intensity_mad_median,4,2.951479789071225,2.728825807571411,0.9245619155773115
f-actin_phalloidin,50,op_cp1_f_actin_phalloidin_intensity_mad_std,4,3.0595637951781702,2.6916849613189697,0.8797610187311758
f-actin_phalloidin,51,op_cp1_f_actin_phalloidin_intensity_mad_sum,4,285.61061673524114,307.72637939453125,1.0774332653039689
f-actin_phalloidin,52,op_cp1_f_actin_phalloidin_intensity_mad_min,4,0.9830312065570552,0.9513732194900513,0.9677955421396213
f-actin_phalloidin,53,op_cp1_f_actin_phalloidin_intensity_mad_max,4,14.782978572015258,14.79736328125,1.0009730589248078
f-actin_phalloidin,54,op_cp1_f_actin_phalloidin_intensity_integrated_mean,4,11068.840469495506,9815.080078125,0.8867306476386817
f-actin_phalloidin,55,op_cp1_f_actin_phalloidin_intensity_integrated_median,4,3697.756383440054,2083.40869140625,0.5634250814187054
f-actin_phalloidin,56,op_cp1_f_actin_phalloidin_intensity_integrated_std,4,32712.82053097408,31915.638671875,0.9756309041482905
f-actin_phalloidin,57,op_cp1_f_actin_phalloidin_intensity_integrated_sum,4,412755.44465747336,491565.25,1.1909358346754875
f-actin_phalloidin,58,op_cp1_f_actin_phalloidin_intensity_integrated_min,4,575.9074452057145,610.365966796875,1.0598334365669677
f-actin_phalloidin,59,op_cp1_f_actin_phalloidin_intensity_integrated_max,4,173302.3737510006,193496.375,1.1165246661768984
f-actin_phalloidin,60,op_cp1_f_actin_phalloidin_intensity_range_mean,4,18.54840614964832,17.937210083007812,0.9670485937331011
f-actin_phalloidin,61,op_cp1_f_actin_phalloidin_intensity_range_median,4,16.37060541839897,15.701421737670898,0.9591228507666568
f-actin_phalloidin,62,op_cp1_f_actin_phalloidin_intensity_range_std,4,16.99892039623666,16.2257022857666,0.95451369307893
f-actin_phalloidin,63,op_cp1_f_actin_phalloidin_intensity_range_sum,4,1617.6670668920353,1736.8665771484375,1.07368605858152
f-actin_phalloidin,64,op_cp1_f_actin_phalloidin_intensity_range_min,4,5.827849885276479,5.313105583190918,0.9116750924923418
f-actin_phalloidin,65,op_cp1_f_actin_phalloidin_intensity_range_max,4,76.81656288947231,76.90859985351562,1.0011981395753902
f-actin_phalloidin,66,op_cp1_f_actin_phalloidin_intensity_cv_mean,4,0.01242420118488651,0.0120670972391963,0.9712573918937654
f-actin_phalloidin,67,op_cp1_f_actin_phalloidin_intensity_cv_median,4,0.012194279684143015,0.011531447060406208,0.9456439707054833
f-actin_phalloidin,68,op_cp1_f_actin_phalloidin_intensity_cv_std,4,0.011667270909005135,0.011408683843910694,0.9778365423147194
f-actin_phalloidin,69,op_cp1_f_actin_phalloidin_intensity_cv_sum,4,2.1369847250323204,2.3644418716430664,1.1064383586585094
f-actin_phalloidin,70,op_cp1_f_actin_phalloidin_intensity_cv_min,4,0.008221683811438752,0.007685490418225527,0.9347830194506843
f-actin_phalloidin,71,op_cp1_f_actin_phalloidin_intensity_cv_max,4,0.062250730490066096,0.062416885048151016,1.0026691182059533
mitochondria_tomm70a,0,op_gfp_intensity_min_mean,0,4.6367967968247354,7.823434352874756,1.6872497751534465
mitochondria_tomm70a,1,op_gfp_intensity_min_median,0,4.419378293132974,8.09833812713623,1.832460945857427
mitochondria_tomm70a,2,op_gfp_intensity_min_std,0,4.262016515118856,4.5938944816589355,1.0778687659615567
mitochondria_tomm70a,3,op_gfp_intensity_min_sum,0,1294.9690184278757,1681.2723388671875,1.2983108591341386
mitochondria_tomm70a,4,op_gfp_intensity_min_min,0,2.416138651393901,7.396700859069824,3.0613726802485335
mitochondria_tomm70a,5,op_gfp_intensity_min_max,0,12.175787551214567,14.337139129638672,1.177512261061791
mitochondria_tomm70a,6,op_gfp_intensity_max_mean,0,18.81526024396137,26.472671508789062,1.4069787590254186
mitochondria_tomm70a,7,op_gfp_intensity_max_median,0,21.029339111421933,25.810894012451172,1.2273754241963872
mitochondria_tomm70a,8,op_gfp_intensity_max_std,0,16.887840062687353,22.919464111328125,1.3571578145133714
mitochondria_tomm70a,9,op_gfp_intensity_max_sum,0,1550.3546850647774,1937.3665771484375,1.249627969529753
mitochondria_tomm70a,10,op_gfp_intensity_max_min,0,15.334308080803034,16.197404861450195,1.0562853423903533
mitochondria_tomm70a,11,op_gfp_intensity_max_max,0,37.38729460693736,52.60131072998047,1.406930115778425
mitochondria_tomm70a,12,op_gfp_intensity_mean_mean,0,7.562282659748036,7.981759071350098,1.0554695494040205
mitochondria_tomm70a,13,op_gfp_intensity_mean_median,0,8.15182786895027,8.57797622680664,1.0522764175970323
mitochondria_tomm70a,14,op_gfp_intensity_mean_std,0,4.777038230920319,5.506744384765625,1.1527528394313737
mitochondria_tomm70a,15,op_gfp_intensity_mean_sum,0,1405.9676461578686,1803.5289306640625,1.2827670221236043
mitochondria_tomm70a,16,op_gfp_intensity_mean_min,0,7.058458773767459,7.1486616134643555,1.0127793959826092
mitochondria_tomm70a,17,op_gfp_intensity_mean_max,0,12.33566813398872,13.331930160522461,1.080762713110668
mitochondria_tomm70a,18,op_gfp_intensity_range_mean,0,18.75781146806289,31.119186401367188,1.6589987832189705
mitochondria_tomm70a,19,op_gfp_intensity_range_median,0,21.470406488200645,30.31045913696289,1.411731964814938
mitochondria_tomm70a,20,op_gfp_intensity_range_std,0,17.291274827143422,25.095537185668945,1.4513410628506456
mitochondria_tomm70a,21,op_gfp_intensity_range_sum,0,330.2377601290093,355.0340881347656,1.075086289333084
mitochondria_tomm70a,22,op_gfp_intensity_range_min,0,16.133790060960145,17.51128578186035,1.0853795491137208
mitochondria_tomm70a,23,op_gfp_intensity_range_max,0,37.53353642965865,58.89560317993164,1.5691461232358825
mitochondria_tomm70a,0,op_gfp_intensity_min_mean,1,4.6367967968247354,7.837357521057129,1.690252530890318
mitochondria_tomm70a,1,op_gfp_intensity_min_median,1,4.419378293132974,8.115439414978027,1.8363305597957427
mitochondria_tomm70a,2,op_gfp_intensity_min_std,1,4.262016515118856,4.540590286254883,1.0653619642598353
mitochondria_tomm70a,3,op_gfp_intensity_min_sum,1,1294.9690184278757,1666.4151611328125,1.2868378605349815
mitochondria_tomm70a,4,op_gfp_intensity_min_min,1,2.416138651393901,7.426400184631348,3.0736647420242056
mitochondria_tomm70a,5,op_gfp_intensity_min_max,1,12.175787551214567,14.289531707763672,1.1736022534606605
mitochondria_tomm70a,6,op_gfp_intensity_max_mean,1,18.81526024396137,26.50942611694336,1.4089322057318543
mitochondria_tomm70a,7,op_gfp_intensity_max_median,1,21.029339111421933,25.818647384643555,1.2277441172946963
mitochondria_tomm70a,8,op_gfp_intensity_max_std,1,16.887840062687353,23.054763793945312,1.3651694774681933
mitochondria_tomm70a,9,op_gfp_intensity_max_sum,1,1550.3546850647774,1921.80029296875,1.2395875030934955
mitochondria_tomm70a,10,op_gfp_intensity_max_min,1,15.334308080803034,16.21152687072754,1.0572062844506622
mitochondria_tomm70a,11,op_gfp_intensity_max_max,1,37.38729460693736,53.045738220214844,1.4188172420042395
mitochondria_tomm70a,12,op_gfp_intensity_mean_mean,1,7.562282659748036,8.03542709350586,1.0625663513314891
mitochondria_tomm70a,13,op_gfp_intensity_mean_median,1,8.15182786895027,8.621406555175781,1.057604097360066
mitochondria_tomm70a,14,op_gfp_intensity_mean_std,1,4.777038230920319,5.620282173156738,1.176520241512483
mitochondria_tomm70a,15,op_gfp_intensity_mean_sum,1,1405.9676461578686,1787.266357421875,1.2712002031526068
mitochondria_tomm70a,16,op_gfp_intensity_mean_min,1,7.058458773767459,7.135190010070801,1.010870820211986
mitochondria_tomm70a,17,op_gfp_intensity_mean_max,1,12.33566813398872,13.500187873840332,1.0944026482556697
mitochondria_tomm70a,18,op_gfp_intensity_range_mean,1,18.75781146806289,31.155996322631836,1.6609611614701498
mitochondria_tomm70a,19,op_gfp_intensity_range_median,1,21.470406488200645,30.325132369995117,1.41241538145357
mitochondria_tomm70a,20,op_gfp_intensity_range_std,1,17.291274827143422,25.207447052001953,1.4578131053953245
mitochondria_tomm70a,21,op_gfp_intensity_range_sum,1,330.2377601290093,362.3818359375,1.097336161061453
mitochondria_tomm70a,22,op_gfp_intensity_range_min,1,16.133790060960145,17.56988525390625,1.0890116449712028
mitochondria_tomm70a,23,op_gfp_intensity_range_max,1,37.53353642965865,59.319580078125,1.5804420718334236
mitochondria_tomm70a,0,op_gfp_intensity_min_mean,2,4.6367967968247354,7.835391998291016,1.6898286342107267
mitochondria_tomm70a,1,op_gfp_intensity_min_median,2,4.419378293132974,8.10993480682373,1.8350849981377035
mitochondria_tomm70a,2,op_gfp_intensity_min_std,2,4.262016515118856,4.570078372955322,1.072280775248914
mitochondria_tomm70a,3,op_gfp_intensity_min_sum,2,1294.9690184278757,1708.0462646484375,1.3189861999339936
mitochondria_tomm70a,4,op_gfp_intensity_min_min,2,2.416138651393901,7.418304920196533,3.070314245383566
mitochondria_tomm70a,5,op_gfp_intensity_min_max,2,12.175787551214567,14.389549255371094,1.1818167157438368
mitochondria_tomm70a,6,op_gfp_intensity_max_mean,2,18.81526024396137,26.635469436645508,1.415631199956109
mitochondria_tomm70a,7,op_gfp_intensity_max_median,2,21.029339111421933,25.865726470947266,1.22998285081144
mitochondria_tomm70a,8,op_gfp_intensity_max_std,2,16.887840062687353,23.2723331451416,1.3780526733291603
mitochondria_tomm70a,9,op_gfp_intensity_max_sum,2,1550.3546850647774,1972.694091796875,1.2724147001977495
mitochondria_tomm70a,10,op_gfp_intensity_max_min,2,15.334308080803034,16.242767333984375,1.059243576455767
mitochondria_tomm70a,11,op_gfp_intensity_max_max,2,37.38729460693736,53.43382263183594,1.429197356845421
mitochondria_tomm70a,12,op_gfp_intensity_mean_mean,2,7.562282659748036,8.063199996948242,1.0662389069197917
mitochondria_tomm70a,13,op_gfp_intensity_mean_median,2,8.15182786895027,8.640432357788086,1.0599380282180484
mitochondria_tomm70a,14,op_gfp_intensity_mean_std,2,4.777038230920319,5.668501377105713,1.1866141954684857
mitochondria_tomm70a,15,op_gfp_intensity_mean_sum,2,1405.9676461578686,1833.2900390625,1.3039347271414023
mitochondria_tomm70a,16,op_gfp_intensity_mean_min,2,7.058458773767459,7.12556791305542,1.0095076193598198
mitochondria_tomm70a,17,op_gfp_intensity_mean_max,2,12.33566813398872,13.650555610656738,1.1065923193122456
mitochondria_tomm70a,18,op_gfp_intensity_range_mean,2,18.75781146806289,31.268665313720703,1.6669676719461026
mitochondria_tomm70a,19,op_gfp_intensity_range_median,2,21.470406488200645,30.380409240722656,1.4149899424316268
mitochondria_tomm70a,20,op_gfp_intensity_range_std,2,17.291274827143422,25.433616638183594,1.4708930887072897
mitochondria_tomm70a,21,op_gfp_intensity_range_sum,2,330.2377601290093,367.49322509765625,1.1128140675193923
mitochondria_tomm70a,22,op_gfp_intensity_range_min,2,16.133790060960145,17.625123977661133,1.0924354358812227
mitochondria_tomm70a,23,op_gfp_intensity_range_max,2,37.53353642965865,59.66677474975586,1.5896923238655372
mitochondria_tomm70a,0,op_gfp_intensity_min_mean,3,4.6367967968247354,7.8445963859558105,1.6918137088361878
mitochondria_tomm70a,1,op_gfp_intensity_min_median,3,4.419378293132974,8.123230934143066,1.8380935949215533
mitochondria_tomm70a,2,op_gfp_intensity_min_std,3,4.262016515118856,4.594705581665039,1.0780590749392966
mitochondria_tomm70a,3,op_gfp_intensity_min_sum,3,1294.9690184278757,1708.8804931640625,1.3196304072499632
mitochondria_tomm70a,4,op_gfp_intensity_min_min,3,2.416138651393901,7.412450790405273,3.067891317465964
mitochondria_tomm70a,5,op_gfp_intensity_min_max,3,12.175787551214567,14.412306785583496,1.1836857965007634
mitochondria_tomm70a,6,op_gfp_intensity_max_mean,3,18.81526024396137,26.756208419799805,1.422048277455372
mitochondria_tomm70a,7,op_gfp_intensity_max_median,3,21.029339111421933,26.012191772460938,1.2369476584422285
mitochondria_tomm70a,8,op_gfp_intensity_max_std,3,16.887840062687353,23.233055114746094,1.3757268560399327
mitochondria_tomm70a,9,op_gfp_intensity_max_sum,3,1550.3546850647774,1974.918212890625,1.2738492887568553
mitochondria_tomm70a,10,op_gfp_intensity_max_min,3,15.334308080803034,16.37467384338379,1.0678456280582485
mitochondria_tomm70a,11,op_gfp_intensity_max_max,3,37.38729460693736,53.5875358581543,1.4333087328605723
mitochondria_tomm70a,12,op_gfp_intensity_mean_mean,3,7.562282659748036,8.093138694763184,1.0701978567715735
mitochondria_tomm70a,13,op_gfp_intensity_mean_median,3,8.15182786895027,8.67119312286377,1.063711508910992
mitochondria_tomm70a,14,op_gfp_intensity_mean_std,3,4.777038230920319,5.667996883392334,1.1865085874140822
mitochondria_tomm70a,15,op_gfp_intensity_mean_sum,3,1405.9676461578686,1834.925048828125,1.3050976342467635
mitochondria_tomm70a,16,op_gfp_intensity_mean_min,3,7.058458773767459,7.15635871887207,1.0138698755978364
mitochondria_tomm70a,17,op_gfp_intensity_mean_max,3,12.33566813398872,13.67850399017334,1.10885797523076
mitochondria_tomm70a,18,op_gfp_intensity_range_mean,3,18.75781146806289,31.403167724609375,1.6741381465570495
mitochondria_tomm70a,19,op_gfp_intensity_range_median,3,21.470406488200645,30.535594940185547,1.4222178307134894
mitochondria_tomm70a,20,op_gfp_intensity_range_std,3,17.291274827143422,25.4034481048584,1.4691483629061683
mitochondria_tomm70a,21,op_gfp_intensity_range_sum,3,330.2377601290093,366.6845397949219,1.1103652703181925
mitochondria_tomm70a,22,op_gfp_intensity_range_min,3,16.133790060960145,17.751588821411133,1.1002739439609834
mitochondria_tomm70a,23,op_gfp_intensity_range_max,3,37.53353642965865,59.81985092163086,1.5937707077972478
mitochondria_tomm70a,0,op_gfp_intensity_min_mean,4,4.6367967968247354,7.810028076171875,1.6843584953992718
mitochondria_tomm70a,1,op_gfp_intensity_min_median,4,4.419378293132974,8.088330268859863,1.8301964060030502
mitochondria_tomm70a,2,op_gfp_intensity_min_std,4,4.262016515118856,4.591911315917969,1.0774034543575468
mitochondria_tomm70a,3,op_gfp_intensity_min_sum,4,1294.9690184278757,1711.3319091796875,1.3215234378790672
mitochondria_tomm70a,4,op_gfp_intensity_min_min,4,2.416138651393901,7.378139495849609,3.0536904376713094
mitochondria_tomm70a,5,op_gfp_intensity_min_max,4,12.175787551214567,14.312326431274414,1.1754743889110255
mitochondria_tomm70a,6,op_gfp_intensity_max_mean,4,18.81526024396137,26.552406311035156,1.4112165320464793
mitochondria_tomm70a,7,op_gfp_intensity_max_median,4,21.029339111421933,25.8549747467041,1.229471578241903
mitochondria_tomm70a,8,op_gfp_intensity_max_std,4,16.887840062687353,22.93720245361328,1.3582081763251432
mitochondria_tomm70a,9,op_gfp_intensity_max_sum,4,1550.3546850647774,1974.6405029296875,1.2736701620295245
mitochondria_tomm70a,10,op_gfp_intensity_max_min,4,15.334308080803034,16.24032974243164,1.059084613199004
mitochondria_tomm70a,11,op_gfp_intensity_max_max,4,37.38729460693736,52.820369720458984,1.4127892984976227
mitochondria_tomm70a,12,op_gfp_intensity_mean_mean,4,7.562282659748036,7.989415645599365,1.056482018071718
mitochondria_tomm70a,13,op_gfp_intensity_mean_median,4,8.15182786895027,8.581138610839844,1.0526643531722237
mitochondria_tomm70a,14,op_gfp_intensity_mean_std,4,4.777038230920319,5.483918190002441,1.147974524153209
mitochondria_tomm70a,15,op_gfp_intensity_mean_sum,4,1405.9676461578686,1836.649658203125,1.3063242694255408
mitochondria_tomm70a,16,op_gfp_intensity_mean_min,4,7.058458773767459,7.135959625244141,1.0109798546624245
mitochondria_tomm70a,17,op_gfp_intensity_mean_max,4,12.33566813398872,13.319485664367676,1.0797538908872089
mitochondria_tomm70a,18,op_gfp_intensity_range_mean,4,18.75781146806289,31.189451217651367,1.6627446795035032
mitochondria_tomm70a,19,op_gfp_intensity_range_median,4,21.470406488200645,30.35934829711914,1.414009013467143
mitochondria_tomm70a,20,op_gfp_intensity_range_std,4,17.291274827143422,25.108835220336914,1.4521101232467646
mitochondria_tomm70a,21,op_gfp_intensity_range_sum,4,330.2377601290093,359.1659851074219,1.0875981746215562
mitochondria_tomm70a,22,op_gfp_intensity_range_min,4,16.133790060960145,17.564870834350586,1.088700842640398
mitochondria_tomm70a,23,op_gfp_intensity_range_max,4,37.53353642965865,59.06888961791992,1.5737629660509216
lysosome_lamp1,0,op_gfp_intensity_min_mean,0,1.6609728009973028,1.8045909404754639,1.0864662801172469
lysosome_lamp1,1,op_gfp_intensity_min_median,0,1.7333589116134756,1.8760735988616943,1.0823341815085339
lysosome_lamp1,2,op_gfp_intensity_min_std,0,0.9477710043353887,1.0003745555877686,1.0555023850822143
lysosome_lamp1,3,op_gfp_intensity_min_sum,0,1114.6381286730561,1415.9873046875,1.2703560628893893
lysosome_lamp1,4,op_gfp_intensity_min_min,0,1.8257906868786926,2.01790189743042,1.1052208294917716
lysosome_lamp1,5,op_gfp_intensity_min_max,0,3.1657833531476207,3.369121789932251,1.064230054334722
lysosome_lamp1,6,op_gfp_intensity_max_mean,0,3.6733676525474794,3.954116106033325,1.076428084537399
lysosome_lamp1,7,op_gfp_intensity_max_median,0,3.5384341393150214,3.6762428283691406,1.038946235433054
lysosome_lamp1,8,op_gfp_intensity_max_std,0,3.5031697176280865,3.6293559074401855,1.0360205756452865
lysosome_lamp1,9,op_gfp_intensity_max_sum,0,1320.4749870591256,1678.3870849609375,1.2710479951603855
lysosome_lamp1,10,op_gfp_intensity_max_min,0,2.8722386409187437,2.851897716522217,0.9929180938844202
lysosome_lamp1,11,op_gfp_intensity_max_max,0,12.123642261409652,13.582794189453125,1.1203559043215956
lysosome_lamp1,12,op_gfp_intensity_mean_mean,0,2.3500710738088264,2.544363260269165,1.082675025715475
lysosome_lamp1,13,op_gfp_intensity_mean_median,0,2.51074744433717,2.67026948928833,1.0635356795088857
lysosome_lamp1,14,op_gfp_intensity_mean_std,0,1.5905146492553845,1.6439584493637085,1.0336015767810403
lysosome_lamp1,15,op_gfp_intensity_mean_sum,0,1213.7333932113772,1542.642578125,1.2709896479352627
lysosome_lamp1,16,op_gfp_intensity_mean_min,0,2.2282204015194464,2.2600626945495605,1.0142904593317612
lysosome_lamp1,17,op_gfp_intensity_mean_max,0,5.19417205679618,5.799773216247559,1.116592433371358
lysosome_lamp1,18,op_gfp_intensity_range_mean,0,2.8789935837809044,3.06855845451355,1.0658441449125062
lysosome_lamp1,19,op_gfp_intensity_range_median,0,2.487858279957245,2.427778959274292,0.9758509875072202
lysosome_lamp1,20,op_gfp_intensity_range_std,0,3.3647795802687748,3.533872604370117,1.0502538190296065
lysosome_lamp1,21,op_gfp_intensity_range_sum,0,213.19711797138015,272.81549072265625,1.279639674863144
lysosome_lamp1,22,op_gfp_intensity_range_min,0,1.8900171094141978,1.896162986755371,1.0032517575161413
lysosome_lamp1,23,op_gfp_intensity_range_max,0,11.404328096683932,12.860737800598145,1.1277067523458657
lysosome_lamp1,0,op_gfp_intensity_min_mean,1,1.6609728009973028,1.8023861646652222,1.0851388798076707
lysosome_lamp1,1,op_gfp_intensity_min_median,1,1.7333589116134756,1.8716434240341187,1.0797783491313537
lysosome_lamp1,2,op_gfp_intensity_min_std,1,0.9477710043353887,0.9966380000114441,1.051559918432325
lysosome_lamp1,3,op_gfp_intensity_min_sum,1,1114.6381286730561,1399.8316650390625,1.2558619959515658
lysosome_lamp1,4,op_gfp_intensity_min_min,1,1.8257906868786926,2.006337881088257,1.0988871262774493
lysosome_lamp1,5,op_gfp_intensity_min_max,1,3.1657833531476207,3.364959955215454,1.0629154240355074
lysosome_lamp1,6,op_gfp_intensity_max_mean,1,3.6733676525474794,3.9422359466552734,1.0731939515831839
lysosome_lamp1,7,op_gfp_intensity_max_median,1,3.5384341393150214,3.658545732498169,1.0339448435251641
lysosome_lamp1,8,op_gfp_intensity_max_std,1,3.5031697176280865,3.640188694000244,1.0391128570456272
lysosome_lamp1,9,op_gfp_intensity_max_sum,1,1320.4749870591256,1658.5242919921875,1.2560058374796959
lysosome_lamp1,10,op_gfp_intensity_max_min,1,2.8722386409187437,2.8508920669555664,0.9925679664429453
lysosome_lamp1,11,op_gfp_intensity_max_max,1,12.123642261409652,13.586658477783203,1.1206746442057622
lysosome_lamp1,12,op_gfp_intensity_mean_mean,1,2.3500710738088264,2.5370895862579346,1.0795799388935083
lysosome_lamp1,13,op_gfp_intensity_mean_median,1,2.51074744433717,2.663186550140381,1.0607146314724039
lysosome_lamp1,14,op_gfp_intensity_mean_std,1,1.5905146492553845,1.6481579542160034,1.0362419201782298
lysosome_lamp1,15,op_gfp_intensity_mean_sum,1,1213.7333932113772,1524.6456298828125,1.256161887289599
lysosome_lamp1,16,op_gfp_intensity_mean_min,1,2.2282204015194464,2.26405668258667,1.0160829157846263
lysosome_lamp1,17,op_gfp_intensity_mean_max,1,5.19417205679618,5.784682273864746,1.113687072860039
lysosome_lamp1,18,op_gfp_intensity_range_mean,1,2.8789935837809044,3.058692216873169,1.0624171703975356
lysosome_lamp1,19,op_gfp_intensity_range_median,1,2.487858279957245,2.4105286598205566,0.9689171924463409
lysosome_lamp1,20,op_gfp_intensity_range_std,1,3.3647795802687748,3.5422914028167725,1.052755854674385
lysosome_lamp1,21,op_gfp_intensity_range_sum,1,213.19711797138015,269.12530517578125,1.2623308782809577
lysosome_lamp1,22,op_gfp_intensity_range_min,1,1.8900171094141978,1.898043155670166,1.0042465468783275
lysosome_lamp1,23,op_gfp_intensity_range_max,1,11.404328096683932,12.872183799743652,1.128710406313769
lysosome_lamp1,0,op_gfp_intensity_min_mean,2,1.6609728009973028,1.784947395324707,1.074639749821891
lysosome_lamp1,1,op_gfp_intensity_min_median,2,1.7333589116134756,1.8522512912750244,1.0685907453239902
lysosome_lamp1,2,op_gfp_intensity_min_std,2,0.9477710043353887,1.0602997541427612,1.118729892867193
lysosome_lamp1,3,op_gfp_intensity_min_sum,2,1114.6381286730561,1419.45947265625,1.2734711258676166
lysosome_lamp1,4,op_gfp_intensity_min_min,2,1.8257906868786926,1.9572004079818726,1.0719741436121757
lysosome_lamp1,5,op_gfp_intensity_min_max,2,3.1657833531476207,4.070301055908203,1.2857168674733392
lysosome_lamp1,6,op_gfp_intensity_max_mean,2,3.6733676525474794,3.9432578086853027,1.0734721328399173
lysosome_lamp1,7,op_gfp_intensity_max_median,2,3.5384341393150214,3.627445936203003,1.0251557026027374
lysosome_lamp1,8,op_gfp_intensity_max_std,2,3.5031697176280865,3.809826612472534,1.087536979239498
lysosome_lamp1,9,op_gfp_intensity_max_sum,2,1320.4749870591256,1680.5858154296875,1.2727131008915034
lysosome_lamp1,10,op_gfp_intensity_max_min,2,2.8722386409187437,2.829348087310791,0.9850672040279239
lysosome_lamp1,11,op_gfp_intensity_max_max,2,12.123642261409652,14.003039360046387,1.1550191813741468
lysosome_lamp1,12,op_gfp_intensity_mean_mean,2,2.3500710738088264,2.5288872718811035,1.0760896979096315
lysosome_lamp1,13,op_gfp_intensity_mean_median,2,2.51074744433717,2.644700765609741,1.053351969579694
lysosome_lamp1,14,op_gfp_intensity_mean_std,2,1.5905146492553845,1.7432276010513306,1.0960148036784447
lysosome_lamp1,15,op_gfp_intensity_mean_sum,2,1213.7333932113772,1545.339599609375,1.2732117351740746
lysosome_lamp1,16,op_gfp_intensity_mean_min,2,2.2282204015194464,2.2274351119995117,0.9996475709856174
lysosome_lamp1,17,op_gfp_intensity_mean_max,2,5.19417205679618,6.247114181518555,1.2027160658539757
lysosome_lamp1,18,op_gfp_intensity_range_mean,2,2.8789935837809044,3.057269334793091,1.061922941411374
lysosome_lamp1,19,op_gfp_intensity_range_median,2,2.487858279957245,2.369652509689331,0.9524869357630993
lysosome_lamp1,20,op_gfp_intensity_range_std,2,3.3647795802687748,3.702165365219116,1.1002698027914777
lysosome_lamp1,21,op_gfp_intensity_range_sum,2,213.19711797138015,272.04132080078125,1.2760084347730274
lysosome_lamp1,22,op_gfp_intensity_range_min,2,1.8900171094141978,1.895458698272705,1.0028791214806483
lysosome_lamp1,23,op_gfp_intensity_range_max,2,11.404328096683932,13.329521179199219,1.168812495238109
lysosome_lamp1,0,op_gfp_intensity_min_mean,3,1.6609728009973028,1.8008992671966553,1.0842436830484738
lysosome_lamp1,1,op_gfp_intensity_min_median,3,1.7333589116134756,1.8741793632507324,1.0812413693977412
lysosome_lamp1,2,op_gfp_intensity_min_std,3,0.9477710043353887,1.073467493057251,1.1326232688559672
lysosome_lamp1,3,op_gfp_intensity_min_sum,3,1114.6381286730561,1397.6524658203125,1.253906922674695
lysosome_lamp1,4,op_gfp_intensity_min_min,3,1.8257906868786926,2.000110626220703,1.0954764095330236
lysosome_lamp1,5,op_gfp_intensity_min_max,3,3.1657833531476207,4.113631725311279,1.2994040546777303
lysosome_lamp1,6,op_gfp_intensity_max_mean,3,3.6733676525474794,3.920060157775879,1.0671570418651992
lysosome_lamp1,7,op_gfp_intensity_max_median,3,3.5384341393150214,3.6172537803649902,1.0222752884317432
lysosome_lamp1,8,op_gfp_intensity_max_std,3,3.5031697176280865,3.690755605697632,1.0535474736281276
lysosome_lamp1,9,op_gfp_intensity_max_sum,3,1320.4749870591256,1653.7840576171875,1.2524160425790312
lysosome_lamp1,10,op_gfp_intensity_max_min,3,2.8722386409187437,2.8312127590179443,0.9857164090349831
lysosome_lamp1,11,op_gfp_intensity_max_max,3,12.123642261409652,13.48332405090332,1.1121512628116408
lysosome_lamp1,12,op_gfp_intensity_mean_mean,3,2.3500710738088264,2.5303900241851807,1.0767291476355676
lysosome_lamp1,13,op_gfp_intensity_mean_median,3,2.51074744433717,2.6511735916137695,1.055930017012791
lysosome_lamp1,14,op_gfp_intensity_mean_std,3,1.5905146492553845,1.7277718782424927,1.0862973686230217
lysosome_lamp1,15,op_gfp_intensity_mean_sum,3,1213.7333932113772,1521.30615234375,1.2534104778303712
lysosome_lamp1,16,op_gfp_intensity_mean_min,3,2.2282204015194464,2.2288594245910645,1.0002867862942024
lysosome_lamp1,17,op_gfp_intensity_mean_max,3,5.19417205679618,6.190773010253906,1.1918690683635997
lysosome_lamp1,18,op_gfp_intensity_range_mean,3,2.8789935837809044,3.027073621749878,1.0514346536939843
lysosome_lamp1,19,op_gfp_intensity_range_median,3,2.487858279957245,2.3500561714172363,0.9446101453406032
lysosome_lamp1,20,op_gfp_intensity_range_std,3,3.3647795802687748,3.5787320137023926,1.0635858689491118
lysosome_lamp1,21,op_gfp_intensity_range_sum,3,213.19711797138015,266.2141418457031,1.2486760814535967
lysosome_lamp1,22,op_gfp_intensity_range_min,3,1.8900171094141978,1.892405390739441,1.0012636294736947
lysosome_lamp1,23,op_gfp_intensity_range_max,3,11.404328096683932,12.808279037475586,1.1231068528447445
lysosome_lamp1,0,op_gfp_intensity_min_mean,4,1.6609728009973028,1.8245047330856323,1.098455514738194
lysosome_lamp1,1,op_gfp_intensity_min_median,4,1.7333589116134756,1.902327060699463,1.0974801859868164
lysosome_lamp1,2,op_gfp_intensity_min_std,4,0.9477710043353887,1.0897159576416016,1.1497671406456982
lysosome_lamp1,3,op_gfp_intensity_min_sum,4,1114.6381286730561,1382.0706787109375,1.2399276887793638
lysosome_lamp1,4,op_gfp_intensity_min_min,4,1.8257906868786926,2.057027578353882,1.1266502743918054
lysosome_lamp1,5,op_gfp_intensity_min_max,4,3.1657833531476207,4.122998237609863,1.3023627259618127
lysosome_lamp1,6,op_gfp_intensity_max_mean,4,3.6733676525474794,3.941127061843872,1.0728920801354314
lysosome_lamp1,7,op_gfp_intensity_max_median,4,3.5384341393150214,3.638643503189087,1.0283202569070466
lysosome_lamp1,8,op_gfp_intensity_max_std,4,3.5031697176280865,3.6919658184051514,1.053892935825243
lysosome_lamp1,9,op_gfp_intensity_max_sum,4,1320.4749870591256,1637.22119140625,1.2398729301586853
lysosome_lamp1,10,op_gfp_intensity_max_min,4,2.8722386409187437,2.861564874649048,0.9962838163522925
lysosome_lamp1,11,op_gfp_intensity_max_max,4,12.123642261409652,13.505132675170898,1.1139501136682846
lysosome_lamp1,12,op_gfp_intensity_mean_mean,4,2.3500710738088264,2.549276113510132,1.0847655383368675
lysosome_lamp1,13,op_gfp_intensity_mean_median,4,2.51074744433717,2.6676337718963623,1.0624859055071585
lysosome_lamp1,14,op_gfp_intensity_mean_std,4,1.5905146492553845,1.7310502529144287,1.0883585723179836
lysosome_lamp1,15,op_gfp_intensity_mean_sum,4,1213.7333932113772,1505.43115234375,1.2403309991830902
lysosome_lamp1,16,op_gfp_intensity_mean_min,4,2.2282204015194464,2.275020122528076,1.0210031830678494
lysosome_lamp1,17,op_gfp_intensity_mean_max,4,5.19417205679618,6.217504978179932,1.1970155994437646
lysosome_lamp1,18,op_gfp_intensity_range_mean,4,2.8789935837809044,3.0436558723449707,1.0571943923361649
lysosome_lamp1,19,op_gfp_intensity_range_median,4,2.487858279957245,2.3740134239196777,0.95423981464108
lysosome_lamp1,20,op_gfp_intensity_range_std,4,3.3647795802687748,3.5810139179229736,1.0642640424122303
lysosome_lamp1,21,op_gfp_intensity_range_sum,4,213.19711797138015,265.34674072265625,1.2446075408874746
lysosome_lamp1,22,op_gfp_intensity_range_min,4,1.8900171094141978,1.8957687616348267,1.0030431746844934
lysosome_lamp1,23,op_gfp_intensity_range_max,4,11.404328096683932,12.811559677124023,1.1233945190378447
autophagosome_atg101,0,op_gfp_intensity_min_mean,0,1.6111381982316944,1.844594955444336,1.1449017579428458
autophagosome_atg101,1,op_gfp_intensity_min_median,0,1.6289196812607583,1.8567471504211426,1.1398641515486199
autophagosome_atg101,2,op_gfp_intensity_min_std,0,1.228879561240058,1.3158848285675049,1.0708004836858465
autophagosome_atg101,3,op_gfp_intensity_min_sum,0,60.326661790484195,67.52507781982422,1.119323957528767
autophagosome_atg101,4,op_gfp_intensity_min_min,0,1.4443503413223766,1.751081943511963,1.2123664829883016
autophagosome_atg101,5,op_gfp_intensity_min_max,0,2.7827084250871508,2.9791414737701416,1.0705905968847018
autophagosome_atg101,6,op_gfp_intensity_max_mean,0,4.406314686159004,5.712697505950928,1.2964796917241288
autophagosome_atg101,7,op_gfp_intensity_max_median,0,4.823815947641185,5.846367835998535,1.2119798722539097
autophagosome_atg101,8,op_gfp_intensity_max_std,0,4.202866254761677,5.550650119781494,1.3206820734523335
autophagosome_atg101,9,op_gfp_intensity_max_sum,0,91.36414586776029,104.74787139892578,1.146487721239544
autophagosome_atg101,10,op_gfp_intensity_max_min,0,4.591988366518697,5.208015441894531,1.1341525775342634
autophagosome_atg101,11,op_gfp_intensity_max_max,0,7.642814294232981,11.303309440612793,1.4789459753250713
autophagosome_atg101,12,op_gfp_intensity_mean_mean,0,2.112848358792187,2.658090353012085,1.258060164114942
autophagosome_atg101,13,op_gfp_intensity_mean_median,0,2.2456653617916973,2.7793827056884766,1.2376655725192085
autophagosome_atg101,14,op_gfp_intensity_mean_std,0,1.190689911463318,1.2646269798278809,1.062095989604629
autophagosome_atg101,15,op_gfp_intensity_mean_sum,0,71.86019220464247,80.83085632324219,1.1248349585964532
autophagosome_atg101,16,op_gfp_intensity_mean_min,0,2.3488113863396247,2.7478020191192627,1.1698691666347134
autophagosome_atg101,17,op_gfp_intensity_mean_max,0,2.6056954003104096,3.2027721405029297,1.2291429535936518
autophagosome_atg101,18,op_gfp_intensity_range_mean,0,4.275760303072663,5.370961666107178,1.256141898844862
autophagosome_atg101,19,op_gfp_intensity_range_median,0,4.769046238273032,5.577548027038574,1.1695311281063019
autophagosome_atg101,20,op_gfp_intensity_range_std,0,4.411042135457204,5.874508380889893,1.3317733543438484
autophagosome_atg101,21,op_gfp_intensity_range_sum,0,33.95720044324706,41.08214569091797,1.209821338469256
autophagosome_atg101,22,op_gfp_intensity_range_min,0,4.533824652529658,4.889918327331543,1.0785415630494668
autophagosome_atg101,23,op_gfp_intensity_range_max,0,7.79918587873993,11.596607208251953,1.4868997083225757
autophagosome_atg101,0,op_gfp_intensity_min_mean,1,1.6111381982316944,1.8532882928848267,1.1502975318435775
autophagosome_atg101,1,op_gfp_intensity_min_median,1,1.6289196812607583,1.8630636930465698,1.143741901138175
autophagosome_atg101,2,op_gfp_intensity_min_std,1,1.228879561240058,1.326817512512207,1.0796969486361383
autophagosome_atg101,3,op_gfp_intensity_min_sum,1,60.326661790484195,68.1368637084961,1.1294651765273687
autophagosome_atg101,4,op_gfp_intensity_min_min,1,1.4443503413223766,1.7575385570526123,1.2168367374382976
autophagosome_atg101,5,op_gfp_intensity_min_max,1,2.7827084250871508,2.9938313961029053,1.0758695985222175
autophagosome_atg101,6,op_gfp_intensity_max_mean,1,4.406314686159004,5.666655540466309,1.2860306047287664
autophagosome_atg101,7,op_gfp_intensity_max_median,1,4.823815947641185,5.8150129318237305,1.2054798514166434
autophagosome_atg101,8,op_gfp_intensity_max_std,1,4.202866254761677,5.46746301651001,1.300889127822137
autophagosome_atg101,9,op_gfp_intensity_max_sum,1,91.36414586776029,105.78860473632812,1.1578787688711685
autophagosome_atg101,10,op_gfp_intensity_max_min,1,4.591988366518697,5.211427211761475,1.1348955606593556
autophagosome_atg101,11,op_gfp_intensity_max_max,1,7.642814294232981,11.12457275390625,1.4555597356723022
autophagosome_atg101,12,op_gfp_intensity_mean_mean,1,2.112848358792187,2.6644246578216553,1.2610581572189958
autophagosome_atg101,13,op_gfp_intensity_mean_median,1,2.2456653617916973,2.7886624336242676,1.241797856916376
autophagosome_atg101,14,op_gfp_intensity_mean_std,1,1.190689911463318,1.2577764987945557,1.0563426184142188
autophagosome_atg101,15,op_gfp_intensity_mean_sum,1,71.86019220464247,81.66926574707031,1.1365021890630864
autophagosome_atg101,16,op_gfp_intensity_mean_min,1,2.3488113863396247,2.7484652996063232,1.1701515564813048
autophagosome_atg101,17,op_gfp_intensity_mean_max,1,2.6056954003104096,3.2054905891418457,1.2301862254352463
autophagosome_atg101,18,op_gfp_intensity_range_mean,1,4.275760303072663,5.32572078704834,1.2455611188543825
autophagosome_atg101,19,op_gfp_intensity_range_median,1,4.769046238273032,5.54647970199585,1.163016549825766
autophagosome_atg101,20,op_gfp_intensity_range_std,1,4.411042135457204,5.787581443786621,1.3120666876574143
autophagosome_atg101,21,op_gfp_intensity_range_sum,1,33.95720044324706,41.37583923339844,1.2184702712036055
autophagosome_atg101,22,op_gfp_intensity_range_min,1,4.533824652529658,4.894223213195801,1.0794910673188602
autophagosome_atg101,23,op_gfp_intensity_range_max,1,7.79918587873993,11.39603042602539,1.461182051974197
autophagosome_atg101,0,op_gfp_intensity_min_mean,2,1.6111381982316944,1.8571099042892456,1.1526695266287632
autophagosome_atg101,1,op_gfp_intensity_min_median,2,1.6289196812607583,1.869368553161621,1.1476124787900894
autophagosome_atg101,2,op_gfp_intensity_min_std,2,1.228879561240058,1.303290843963623,1.0605521363285404
autophagosome_atg101,3,op_gfp_intensity_min_sum,2,60.326661790484195,68.028076171875,1.1276618687793132
autophagosome_atg101,4,op_gfp_intensity_min_min,2,1.4443503413223766,1.66597580909729,1.153443012705632
autophagosome_atg101,5,op_gfp_intensity_min_max,2,2.7827084250871508,3.002964973449707,1.0791518602440924
autophagosome_atg101,6,op_gfp_intensity_max_mean,2,4.406314686159004,5.624246597290039,1.276406021330426
autophagosome_atg101,7,op_gfp_intensity_max_median,2,4.823815947641185,5.806644439697266,1.2037450231774862
autophagosome_atg101,8,op_gfp_intensity_max_std,2,4.202866254761677,5.192060947418213,1.2353619250995242
autophagosome_atg101,9,op_gfp_intensity_max_sum,2,91.36414586776029,105.52449798583984,1.15498806433954
autophagosome_atg101,10,op_gfp_intensity_max_min,2,4.591988366518697,5.242720127105713,1.1417102371886783
autophagosome_atg101,11,op_gfp_intensity_max_max,2,7.642814294232981,10.327768325805664,1.3513043661938329
autophagosome_atg101,12,op_gfp_intensity_mean_mean,2,2.112848358792187,2.691324234008789,1.273789584950284
autophagosome_atg101,13,op_gfp_intensity_mean_median,2,2.2456653617916973,2.8153488636016846,1.253681386150725
autophagosome_atg101,14,op_gfp_intensity_mean_std,2,1.190689911463318,1.2795326709747314,1.0746145227704405
autophagosome_atg101,15,op_gfp_intensity_mean_sum,2,71.86019220464247,81.57584381103516,1.135202137766687
autophagosome_atg101,16,op_gfp_intensity_mean_min,2,2.3488113863396247,2.7731668949127197,1.1806681928745282
autophagosome_atg101,17,op_gfp_intensity_mean_max,2,2.6056954003104096,3.241659641265869,1.2440669929722787
autophagosome_atg101,18,op_gfp_intensity_range_mean,2,4.275760303072663,5.230696201324463,1.2233370980982166
autophagosome_atg101,19,op_gfp_intensity_range_median,2,4.769046238273032,5.496346473693848,1.1525043371532053
autophagosome_atg101,20,op_gfp_intensity_range_std,2,4.411042135457204,5.431767463684082,1.2314023074098521
autophagosome_atg101,21,op_gfp_intensity_range_sum,2,33.95720044324706,41.02708435058594,1.208199846131451
autophagosome_atg101,22,op_gfp_intensity_range_min,2,4.533824652529658,4.912013530731201,1.0834149767990104
autophagosome_atg101,23,op_gfp_intensity_range_max,2,7.79918587873993,10.35627269744873,1.3278658642665835
autophagosome_atg101,0,op_gfp_intensity_min_mean,3,1.6111381982316944,1.863188624382019,1.156442461873825
autophagosome_atg101,1,op_gfp_intensity_min_median,3,1.6289196812607583,1.8727452754974365,1.1496854615004475
autophagosome_atg101,2,op_gfp_intensity_min_std,3,1.228879561240058,1.3055119514465332,1.062359561199916
autophagosome_atg101,3,op_gfp_intensity_min_sum,3,60.326661790484195,66.82587432861328,1.1077336677554113
autophagosome_atg101,4,op_gfp_intensity_min_min,3,1.4443503413223766,1.6944127082824707,1.1731313794208331
autophagosome_atg101,5,op_gfp_intensity_min_max,3,2.7827084250871508,3.0010721683502197,1.0784716577901008
autophagosome_atg101,6,op_gfp_intensity_max_mean,3,4.406314686159004,5.484782695770264,1.2447551040779983
autophagosome_atg101,7,op_gfp_intensity_max_median,3,4.823815947641185,5.659430503845215,1.1732268737601068
autophagosome_atg101,8,op_gfp_intensity_max_std,3,4.202866254761677,5.193242073059082,1.2356429537045936
autophagosome_atg101,9,op_gfp_intensity_max_sum,3,91.36414586776029,103.27449035644531,1.1303612524974946
autophagosome_atg101,10,op_gfp_intensity_max_min,3,4.591988366518697,5.122136116027832,1.1154505863678947
autophagosome_atg101,11,op_gfp_intensity_max_max,3,7.642814294232981,10.28540325164795,1.34576124130204
autophagosome_atg101,12,op_gfp_intensity_mean_mean,3,2.112848358792187,2.683497190475464,1.2700850864704218
autophagosome_atg101,13,op_gfp_intensity_mean_median,3,2.2456653617916973,2.8047478199005127,1.2489607167751624
autophagosome_atg101,14,op_gfp_intensity_mean_std,3,1.190689911463318,1.2815604209899902,1.076317527050343
autophagosome_atg101,15,op_gfp_intensity_mean_sum,3,71.86019220464247,79.99859619140625,1.113253301126545
autophagosome_atg101,16,op_gfp_intensity_mean_min,3,2.3488113863396247,2.7623965740203857,1.1760827583202795
autophagosome_atg101,17,op_gfp_intensity_mean_max,3,2.6056954003104096,3.23603892326355,1.241909903543618
autophagosome_atg101,18,op_gfp_intensity_range_mean,3,4.275760303072663,5.0968828201293945,1.1920412882982832
autophagosome_atg101,19,op_gfp_intensity_range_median,3,4.769046238273032,5.347830772399902,1.1213627432424433
autophagosome_atg101,20,op_gfp_intensity_range_std,3,4.411042135457204,5.462522029876709,1.2383744843349858
autophagosome_atg101,21,op_gfp_intensity_range_sum,3,33.95720044324706,39.97616958618164,1.1772516304161802
autophagosome_atg101,22,op_gfp_intensity_range_min,3,4.533824652529658,4.804179668426514,1.0596306731328946
autophagosome_atg101,23,op_gfp_intensity_range_max,3,7.79918587873993,10.386224746704102,1.33170627142203
autophagosome_atg101,0,op_gfp_intensity_min_mean,4,1.6111381982316944,1.8520575761795044,1.1495336515590229
autophagosome_atg101,1,op_gfp_intensity_min_median,4,1.6289196812607583,1.8631117343902588,1.1437713939021472
autophagosome_atg101,2,op_gfp_intensity_min_std,4,1.228879561240058,1.3116979598999023,1.0673934218388925
autophagosome_atg101,3,op_gfp_intensity_min_sum,4,60.326661790484195,66.14913177490234,1.0965156998847327
autophagosome_atg101,4,op_gfp_intensity_min_min,4,1.4443503413223766,1.768865942955017,1.2246792847610157
autophagosome_atg101,5,op_gfp_intensity_min_max,4,2.7827084250871508,2.9725000858306885,1.0682039336326061
autophagosome_atg101,6,op_gfp_intensity_max_mean,4,4.406314686159004,5.589096546173096,1.2684288218745279
autophagosome_atg101,7,op_gfp_intensity_max_median,4,4.823815947641185,5.7349534034729,1.1888831302274823
autophagosome_atg101,8,op_gfp_intensity_max_std,4,4.202866254761677,5.544696807861328,1.3192655849039716
autophagosome_atg101,9,op_gfp_intensity_max_sum,4,91.36414586776029,102.21943664550781,1.118813465333101
autophagosome_atg101,10,op_gfp_intensity_max_min,4,4.591988366518697,5.0919342041015625,1.1088734982928294
autophagosome_atg101,11,op_gfp_intensity_max_max,4,7.642814294232981,11.148859024047852,1.4587373963096837
autophagosome_atg101,12,op_gfp_intensity_mean_mean,4,2.112848358792187,2.6582651138305664,1.258142877489877
autophagosome_atg101,13,op_gfp_intensity_mean_median,4,2.2456653617916973,2.7784228324890137,1.2372381387546796
autophagosome_atg101,14,op_gfp_intensity_mean_std,4,1.190689911463318,1.2811346054077148,1.0759599061633462
autophagosome_atg101,15,op_gfp_intensity_mean_sum,4,71.86019220464247,79.10903930664062,1.100874307173504
autophagosome_atg101,16,op_gfp_intensity_mean_min,4,2.3488113863396247,2.7454850673675537,1.1688827307866994
autophagosome_atg101,17,op_gfp_intensity_mean_max,4,2.6056954003104096,3.2122440338134766,1.2327780267144082
autophagosome_atg101,18,op_gfp_intensity_range_mean,4,4.275760303072663,5.242879867553711,1.2261865717276184
autophagosome_atg101,19,op_gfp_intensity_range_median,4,4.769046238273032,5.463078022003174,1.145528424144922
autophagosome_atg101,20,op_gfp_intensity_range_std,4,4.411042135457204,5.874754905700684,1.3318292424544629
autophagosome_atg101,21,op_gfp_intensity_range_sum,4,33.95720044324706,39.76285934448242,1.1709698922600644
autophagosome_atg101,22,op_gfp_intensity_range_min,4,4.533824652529658,4.777962684631348,1.05384814164912
autophagosome_atg101,23,op_gfp_intensity_range_max,4,7.79918587873993,11.452070236206055,1.4683673929895231
nuclear_speckles_srrm2,0,op_gfp_intensity_min_mean,0,42.484081706114516,96.38676452636719,2.2687736360438913
nuclear_speckles_srrm2,1,op_gfp_intensity_min_median,0,43.885859554941014,99.51235961914062,2.2675267302115936
nuclear_speckles_srrm2,2,op_gfp_intensity_min_std,0,18.771299221030933,22.424535751342773,1.1946182034229595
nuclear_speckles_srrm2,3,op_gfp_intensity_min_sum,0,3903.343925866321,4965.7763671875,1.2721851985116528
nuclear_speckles_srrm2,4,op_gfp_intensity_min_min,0,45.511187312573206,66.470703125,1.4605354650160134
nuclear_speckles_srrm2,5,op_gfp_intensity_min_max,0,70.77285449467219,126.17728424072266,1.7828485955758833
nuclear_speckles_srrm2,6,op_gfp_intensity_max_mean,0,59.81312105802313,108.91050720214844,1.8208464175694365
nuclear_speckles_srrm2,7,op_gfp_intensity_max_median,0,62.71357861232192,115.34761810302734,1.8392766073209532
nuclear_speckles_srrm2,8,op_gfp_intensity_max_std,0,27.23325354611041,29.401662826538086,1.079623585068754
nuclear_speckles_srrm2,9,op_gfp_intensity_max_sum,0,5415.094608403903,6609.7509765625,1.2206159734133843
nuclear_speckles_srrm2,10,op_gfp_intensity_max_min,0,57.60017333232643,94.60870361328125,1.6425072728068486
nuclear_speckles_srrm2,11,op_gfp_intensity_max_max,0,103.43837610532096,135.71368408203125,1.3120245037861729
nuclear_speckles_srrm2,12,op_gfp_intensity_mean_mean,0,50.045131647594125,103.47222900390625,2.0675783157597225
nuclear_speckles_srrm2,13,op_gfp_intensity_mean_median,0,52.52735036292601,106.734619140625,2.0319817847876576
nuclear_speckles_srrm2,14,op_gfp_intensity_mean_std,0,19.59388437673403,20.62871742248535,1.052814083509653
nuclear_speckles_srrm2,15,op_gfp_intensity_mean_sum,0,4635.010185430838,5774.083984375,1.2457543248825207
nuclear_speckles_srrm2,16,op_gfp_intensity_mean_min,0,52.9601909566387,83.893798828125,1.5840916981740734
nuclear_speckles_srrm2,17,op_gfp_intensity_mean_max,0,76.23780721956341,125.65048217773438,1.6481387222466068
nuclear_speckles_srrm2,18,op_gfp_intensity_range_mean,0,28.072997136893907,30.198495864868164,1.0757132812577712
nuclear_speckles_srrm2,19,op_gfp_intensity_range_median,0,26.056781989756733,28.981346130371094,1.112238116808286
nuclear_speckles_srrm2,20,op_gfp_intensity_range_std,0,23.980307176820887,27.270885467529297,1.1372200225145177
nuclear_speckles_srrm2,21,op_gfp_intensity_range_sum,0,1666.6360949999623,1897.86669921875,1.1387409074557413
nuclear_speckles_srrm2,22,op_gfp_intensity_range_min,0,11.138294456017928,12.366957664489746,1.1103098156834939
nuclear_speckles_srrm2,23,op_gfp_intensity_range_max,0,84.73325074810485,93.20380401611328,1.0999672878500757
nuclear_speckles_srrm2,0,op_gfp_intensity_min_mean,1,42.484081706114516,96.5494384765625,2.2726026925672405
nuclear_speckles_srrm2,1,op_gfp_intensity_min_median,1,43.885859554941014,99.699462890625,2.2717901369986966
nuclear_speckles_srrm2,2,op_gfp_intensity_min_std,1,18.771299221030933,22.67439079284668,1.2079286854818665
nuclear_speckles_srrm2,3,op_gfp_intensity_min_sum,1,3903.343925866321,4844.64501953125,1.241152486571117
nuclear_speckles_srrm2,4,op_gfp_intensity_min_min,1,45.511187312573206,66.35295867919922,1.4579483111148834
nuclear_speckles_srrm2,5,op_gfp_intensity_min_max,1,70.77285449467219,126.73790740966797,1.790770039086227
nuclear_speckles_srrm2,6,op_gfp_intensity_max_mean,1,59.81312105802313,109.23401641845703,1.826255083938723
nuclear_speckles_srrm2,7,op_gfp_intensity_max_median,1,62.71357861232192,115.69954681396484,1.8448882901291217
nuclear_speckles_srrm2,8,op_gfp_intensity_max_std,1,27.23325354611041,29.323156356811523,1.076740842116516
nuclear_speckles_srrm2,9,op_gfp_intensity_max_sum,1,5415.094608403903,6424.13134765625,1.1863377858045883
nuclear_speckles_srrm2,10,op_gfp_intensity_max_min,1,57.60017333232643,94.62393188476562,1.642771651724539
nuclear_speckles_srrm2,11,op_gfp_intensity_max_max,1,103.43837610532096,136.05767822265625,1.3153500987304976
nuclear_speckles_srrm2,12,op_gfp_intensity_mean_mean,1,50.045131647594125,103.72441864013672,2.0726175598965213
nuclear_speckles_srrm2,13,op_gfp_intensity_mean_median,1,52.52735036292601,107.00736999511719,2.037174334052139
nuclear_speckles_srrm2,14,op_gfp_intensity_mean_std,1,19.59388437673403,20.76166343688965,1.0595991605187918
nuclear_speckles_srrm2,15,op_gfp_intensity_mean_sum,1,4635.010185430838,5622.2578125,1.2129979412283416
nuclear_speckles_srrm2,16,op_gfp_intensity_mean_min,1,52.9601909566387,83.82278442382812,1.5827507965833858
nuclear_speckles_srrm2,17,op_gfp_intensity_mean_max,1,76.23780721956341,126.21601867675781,1.6555567805519134
nuclear_speckles_srrm2,18,op_gfp_intensity_range_mean,1,28.072997136893907,30.25178337097168,1.0776114578522997
nuclear_speckles_srrm2,19,op_gfp_intensity_range_median,1,26.056781989756733,29.034780502319336,1.114288806412599
nuclear_speckles_srrm2,20,op_gfp_intensity_range_std,1,23.980307176820887,27.16098976135254,1.1326372744551858
nuclear_speckles_srrm2,21,op_gfp_intensity_range_sum,1,1666.6360949999623,1837.396240234375,1.10245796652713
nuclear_speckles_srrm2,22,op_gfp_intensity_range_min,1,11.138294456017928,12.515009880065918,1.123601995752964
nuclear_speckles_srrm2,23,op_gfp_intensity_range_max,1,84.73325074810485,93.11720275878906,1.0989452421176196
nuclear_speckles_srrm2,0,op_gfp_intensity_min_mean,2,42.484081706114516,96.77632141113281,2.2779431148020857
nuclear_speckles_srrm2,1,op_gfp_intensity_min_median,2,43.885859554941014,99.9554443359375,2.2776230282285477
nuclear_speckles_srrm2,2,op_gfp_intensity_min_std,2,18.771299221030933,22.79970932006836,1.2146047565276723
nuclear_speckles_srrm2,3,op_gfp_intensity_min_sum,2,3903.343925866321,4912.86474609375,1.2586297388599628
nuclear_speckles_srrm2,4,op_gfp_intensity_min_min,2,45.511187312573206,66.4508285522461,1.4600987685919582
nuclear_speckles_srrm2,5,op_gfp_intensity_min_max,2,70.77285449467219,127.1603775024414,1.7967394195187378
nuclear_speckles_srrm2,6,op_gfp_intensity_max_mean,2,59.81312105802313,109.668701171875,1.8335224651709496
nuclear_speckles_srrm2,7,op_gfp_intensity_max_median,2,62.71357861232192,116.14201354980469,1.8519436479261158
nuclear_speckles_srrm2,8,op_gfp_intensity_max_std,2,27.23325354611041,29.434968948364258,1.080846579661368
nuclear_speckles_srrm2,9,op_gfp_intensity_max_sum,2,5415.094608403903,6516.04052734375,1.2033105603051226
nuclear_speckles_srrm2,10,op_gfp_intensity_max_min,2,57.60017333232643,94.72785186767578,1.6445758126653505
nuclear_speckles_srrm2,11,op_gfp_intensity_max_max,2,103.43837610532096,136.83563232421875,1.3228710414488014
nuclear_speckles_srrm2,12,op_gfp_intensity_mean_mean,2,50.045131647594125,104.0427474975586,2.078978395545101
nuclear_speckles_srrm2,13,op_gfp_intensity_mean_median,2,52.52735036292601,107.36798095703125,2.044039537787384
nuclear_speckles_srrm2,14,op_gfp_intensity_mean_std,2,19.59388437673403,20.873912811279297,1.0653279569244158
nuclear_speckles_srrm2,15,op_gfp_intensity_mean_sum,2,4635.010185430838,5701.4287109375,1.230079003679155
nuclear_speckles_srrm2,16,op_gfp_intensity_mean_min,2,52.9601909566387,83.89593505859375,1.5841320347066683
nuclear_speckles_srrm2,17,op_gfp_intensity_mean_max,2,76.23780721956341,126.68724060058594,1.66173772857513
nuclear_speckles_srrm2,18,op_gfp_intensity_range_mean,2,28.072997136893907,30.376283645629883,1.0820463343299018
nuclear_speckles_srrm2,19,op_gfp_intensity_range_median,2,26.056781989756733,29.15089225769043,1.1187449113689494
nuclear_speckles_srrm2,20,op_gfp_intensity_range_std,2,23.980307176820887,27.210453033447266,1.1346999366108457
nuclear_speckles_srrm2,21,op_gfp_intensity_range_sum,2,1666.6360949999623,1857.5146484375,1.1145292328722438
nuclear_speckles_srrm2,22,op_gfp_intensity_range_min,2,11.138294456017928,12.568153381347656,1.1283732380191465
nuclear_speckles_srrm2,23,op_gfp_intensity_range_max,2,84.73325074810485,93.71517944335938,1.1060024089239302
nuclear_speckles_srrm2,0,op_gfp_intensity_min_mean,3,42.484081706114516,96.8230972290039,2.2790441346662944
nuclear_speckles_srrm2,1,op_gfp_intensity_min_median,3,43.885859554941014,100.0212173461914,2.2791217572251066
nuclear_speckles_srrm2,2,op_gfp_intensity_min_std,3,18.771299221030933,22.768030166625977,1.2129171187637986
nuclear_speckles_srrm2,3,op_gfp_intensity_min_sum,3,3903.343925866321,4981.90185546875,1.2763163969372875
nuclear_speckles_srrm2,4,op_gfp_intensity_min_min,3,45.511187312573206,66.5237808227539,1.4617017210705823
nuclear_speckles_srrm2,5,op_gfp_intensity_min_max,3,70.77285449467219,127.0749740600586,1.795532693536119
nuclear_speckles_srrm2,6,op_gfp_intensity_max_mean,3,59.81312105802313,109.67388153076172,1.8336090742425895
nuclear_speckles_srrm2,7,op_gfp_intensity_max_median,3,62.71357861232192,116.10865783691406,1.8514117740699478
nuclear_speckles_srrm2,8,op_gfp_intensity_max_std,3,27.23325354611041,29.605072021484375,1.0870927328370106
nuclear_speckles_srrm2,9,op_gfp_intensity_max_sum,3,5415.094608403903,6623.4150390625,1.22313930190312
nuclear_speckles_srrm2,10,op_gfp_intensity_max_min,3,57.60017333232643,94.74378204345703,1.6448523773848582
nuclear_speckles_srrm2,11,op_gfp_intensity_max_max,3,103.43837610532096,137.10934448242188,1.3255171788738944
nuclear_speckles_srrm2,12,op_gfp_intensity_mean_mean,3,50.045131647594125,104.06914520263672,2.0795058735276553
nuclear_speckles_srrm2,13,op_gfp_intensity_mean_median,3,52.52735036292601,107.38148498535156,2.044296623443276
nuclear_speckles_srrm2,14,op_gfp_intensity_mean_std,3,19.59388437673403,20.941944122314453,1.0688000255417003
nuclear_speckles_srrm2,15,op_gfp_intensity_mean_sum,3,4635.010185430838,5789.3671875,1.2490516645891387
nuclear_speckles_srrm2,16,op_gfp_intensity_mean_min,3,52.9601909566387,83.9322738647461,1.584818187937915
nuclear_speckles_srrm2,17,op_gfp_intensity_mean_max,3,76.23780721956341,126.73020935058594,1.6623013432902836
nuclear_speckles_srrm2,18,op_gfp_intensity_range_mean,3,28.072997136893907,30.395811080932617,1.0827419292892684
nuclear_speckles_srrm2,19,op_gfp_intensity_range_median,3,26.056781989756733,29.056564331054688,1.1151248201898918
nuclear_speckles_srrm2,20,op_gfp_intensity_range_std,3,23.980307176820887,27.3278751373291,1.1395965421053462
nuclear_speckles_srrm2,21,op_gfp_intensity_range_sum,3,1666.6360949999623,1895.4603271484375,1.1372970577290182
nuclear_speckles_srrm2,22,op_gfp_intensity_range_min,3,11.138294456017928,12.540904998779297,1.1259268686332449
nuclear_speckles_srrm2,23,op_gfp_intensity_range_max,3,84.73325074810485,93.96614074707031,1.1089641895884887
nuclear_speckles_srrm2,0,op_gfp_intensity_min_mean,4,42.484081706114516,96.6295394897461,2.2744881284756286
nuclear_speckles_srrm2,1,op_gfp_intensity_min_median,4,43.885859554941014,99.78575134277344,2.2737563387097603
nuclear_speckles_srrm2,2,op_gfp_intensity_min_std,4,18.771299221030933,22.641345977783203,1.206168295075514
nuclear_speckles_srrm2,3,op_gfp_intensity_min_sum,4,3903.343925866321,4996.5126953125,1.2800595566796122
nuclear_speckles_srrm2,4,op_gfp_intensity_min_min,4,45.511187312573206,66.5243911743164,1.461715132093202
nuclear_speckles_srrm2,5,op_gfp_intensity_min_max,4,70.77285449467219,126.60620880126953,1.788909175774456
nuclear_speckles_srrm2,6,op_gfp_intensity_max_mean,4,59.81312105802313,109.24871063232422,1.8265007526750683
nuclear_speckles_srrm2,7,op_gfp_intensity_max_median,4,62.71357861232192,115.6928939819336,1.844782207328898
nuclear_speckles_srrm2,8,op_gfp_intensity_max_std,4,27.23325354611041,29.506864547729492,1.083486572684732
nuclear_speckles_srrm2,9,op_gfp_intensity_max_sum,4,5415.094608403903,6654.283203125,1.228839694286772
nuclear_speckles_srrm2,10,op_gfp_intensity_max_min,4,57.60017333232643,94.649169921875,1.6432098107724946
nuclear_speckles_srrm2,11,op_gfp_intensity_max_max,4,103.43837610532096,136.42291259765625,1.3188810355911855
nuclear_speckles_srrm2,12,op_gfp_intensity_mean_mean,4,50.045131647594125,103.76178741455078,2.073364261387432
nuclear_speckles_srrm2,13,op_gfp_intensity_mean_median,4,52.52735036292601,107.04850006103516,2.03795735595661
nuclear_speckles_srrm2,14,op_gfp_intensity_mean_std,4,19.59388437673403,20.81117057800293,1.0621258234387825
nuclear_speckles_srrm2,15,op_gfp_intensity_mean_sum,4,4635.010185430838,5811.32763671875,1.2537896151739676
nuclear_speckles_srrm2,16,op_gfp_intensity_mean_min,4,52.9601909566387,83.93641662597656,1.5848964119993398
nuclear_speckles_srrm2,17,op_gfp_intensity_mean_max,4,76.23780721956341,126.16142272949219,1.6548406536162528
nuclear_speckles_srrm2,18,op_gfp_intensity_range_mean,4,28.072997136893907,30.24289321899414,1.077294778021707
nuclear_speckles_srrm2,19,op_gfp_intensity_range_median,4,26.056781989756733,28.9182071685791,1.1098149871287726
nuclear_speckles_srrm2,20,op_gfp_intensity_range_std,4,23.980307176820887,27.288671493530273,1.137961715515772
nuclear_speckles_srrm2,21,op_gfp_intensity_range_sum,4,1666.6360949999623,1911.6876220703125,1.1470336132797818
nuclear_speckles_srrm2,22,op_gfp_intensity_range_min,4,11.138294456017928,12.368000030517578,1.1104033996726717
nuclear_speckles_srrm2,23,op_gfp_intensity_range_max,4,84.73325074810485,93.54720306396484,1.104019994961153
proteasome_psmb7,0,op_gfp_intensity_min_mean,0,7.493648706805357,7.884962558746338,1.0522194016895414
proteasome_psmb7,1,op_gfp_intensity_min_median,0,7.454275770657155,7.944616317749023,1.0657797701853255
proteasome_psmb7,2,op_gfp_intensity_min_std,0,2.979640517950452,3.2748327255249023,1.0990697387138157
proteasome_psmb7,3,op_gfp_intensity_min_sum,0,1965.0062962825511,3308.5146484375,1.6837170724066544
proteasome_psmb7,4,op_gfp_intensity_min_min,0,6.211215251751346,6.647326469421387,1.0702135089501321
proteasome_psmb7,5,op_gfp_intensity_min_max,0,12.646689790137323,15.777029991149902,1.2475224942620016
proteasome_psmb7,6,op_gfp_intensity_max_mean,0,14.68044189133241,17.863569259643555,1.2168277625342134
proteasome_psmb7,7,op_gfp_intensity_max_median,0,15.146465281445735,17.886991500854492,1.1809350345764087
proteasome_psmb7,8,op_gfp_intensity_max_std,0,7.522340924528686,9.137001991271973,1.2146487486997877
proteasome_psmb7,9,op_gfp_intensity_max_sum,0,2274.1536670977557,3700.245361328125,1.6270867773198143
proteasome_psmb7,10,op_gfp_intensity_max_min,0,13.149358216425759,14.625450134277344,1.1122558145847528
proteasome_psmb7,11,op_gfp_intensity_max_max,0,21.028935515352867,33.99580764770508,1.6166204714872667
proteasome_psmb7,12,op_gfp_intensity_mean_mean,0,11.029127794772608,12.492021560668945,1.1326391164485097
proteasome_psmb7,13,op_gfp_intensity_mean_median,0,11.36552544703401,12.775995254516602,1.1241007126380307
proteasome_psmb7,14,op_gfp_intensity_mean_std,0,4.581376561728642,4.90765905380249,1.0712193131644119
proteasome_psmb7,15,op_gfp_intensity_mean_sum,0,2110.610054531294,3499.95263671875,1.6582658787229123
proteasome_psmb7,16,op_gfp_intensity_mean_min,0,9.82330245152371,10.746542930603027,1.0939847351372258
proteasome_psmb7,17,op_gfp_intensity_mean_max,0,13.66411503480444,17.072534561157227,1.2494431229297367
proteasome_psmb7,18,op_gfp_intensity_range_mean,0,8.513345450024108,11.710992813110352,1.3756040891160113
proteasome_psmb7,19,op_gfp_intensity_range_median,0,8.34894653391392,10.797527313232422,1.2932802083918276
proteasome_psmb7,20,op_gfp_intensity_range_std,0,6.902447001918376,9.35858154296875,1.3558353349714598
proteasome_psmb7,21,op_gfp_intensity_range_sum,0,348.3345860309872,462.7194519042969,1.3283764244505258
proteasome_psmb7,22,op_gfp_intensity_range_min,0,7.1651983257973955,7.5985307693481445,1.0604773830182188
proteasome_psmb7,23,op_gfp_intensity_range_max,0,21.59942210664558,33.710235595703125,1.560700810848609
proteasome_psmb7,0,op_gfp_intensity_min_mean,1,7.493648706805357,7.8521575927734375,1.0478416990167287
proteasome_psmb7,1,op_gfp_intensity_min_median,1,7.454275770657155,7.902351379394531,1.0601098782126053
proteasome_psmb7,2,op_gfp_intensity_min_std,1,2.979640517950452,3.261911630630493,1.0947332777157297
proteasome_psmb7,3,op_gfp_intensity_min_sum,1,1965.0062962825511,3360.26220703125,1.7100516234417567
proteasome_psmb7,4,op_gfp_intensity_min_min,1,6.211215251751346,6.619204044342041,1.0656858241188238
proteasome_psmb7,5,op_gfp_intensity_min_max,1,12.646689790137323,15.695960998535156,1.2411122008207907
proteasome_psmb7,6,op_gfp_intensity_max_mean,1,14.68044189133241,17.633840560913086,1.2011791396636646
proteasome_psmb7,7,op_gfp_intensity_max_median,1,15.146465281445735,17.692264556884766,1.1680787713921352
proteasome_psmb7,8,op_gfp_intensity_max_std,1,7.522340924528686,9.000011444091797,1.1964375896264892
proteasome_psmb7,9,op_gfp_intensity_max_sum,1,2274.1536670977557,3759.76611328125,1.6532594818359012
proteasome_psmb7,10,op_gfp_intensity_max_min,1,13.149358216425759,14.40397834777832,1.095413031625021
proteasome_psmb7,11,op_gfp_intensity_max_max,1,21.028935515352867,33.76717758178711,1.6057483060487903
proteasome_psmb7,12,op_gfp_intensity_mean_mean,1,11.029127794772608,12.37055492401123,1.1216258578374991
proteasome_psmb7,13,op_gfp_intensity_mean_median,1,11.36552544703401,12.677460670471191,1.115431110470968
proteasome_psmb7,14,op_gfp_intensity_mean_std,1,4.581376561728642,4.816984176635742,1.05142725373751
proteasome_psmb7,15,op_gfp_intensity_mean_sum,1,2110.610054531294,3555.526123046875,1.6845964110772018
proteasome_psmb7,16,op_gfp_intensity_mean_min,1,9.82330245152371,10.622127532958984,1.0813194020419648
proteasome_psmb7,17,op_gfp_intensity_mean_max,1,13.66411503480444,16.879642486572266,1.2353264330384677
proteasome_psmb7,18,op_gfp_intensity_range_mean,1,8.513345450024108,11.487383842468262,1.3493383899317433
proteasome_psmb7,19,op_gfp_intensity_range_median,1,8.34894653391392,10.582416534423828,1.2675151878668067
proteasome_psmb7,20,op_gfp_intensity_range_std,1,6.902447001918376,9.21633529663086,1.3352272453623173
proteasome_psmb7,21,op_gfp_intensity_range_sum,1,348.3345860309872,469.4014587402344,1.3475591502087514
proteasome_psmb7,22,op_gfp_intensity_range_min,1,7.1651983257973955,7.37144136428833,1.028783995796513
proteasome_psmb7,23,op_gfp_intensity_range_max,1,21.59942210664558,33.4991455078125,1.550927860125743
proteasome_psmb7,0,op_gfp_intensity_min_mean,2,7.493648706805357,7.849707126617432,1.0475146932746822
proteasome_psmb7,1,op_gfp_intensity_min_median,2,7.454275770657155,7.8936967849731445,1.0589488540316305
proteasome_psmb7,2,op_gfp_intensity_min_std,2,2.979640517950452,3.3075695037841797,1.1100565601313859
proteasome_psmb7,3,op_gfp_intensity_min_sum,2,1965.0062962825511,3360.96484375,1.7104091982343053
proteasome_psmb7,4,op_gfp_intensity_min_min,2,6.211215251751346,6.590627193450928,1.0610849771455917
proteasome_psmb7,5,op_gfp_intensity_min_max,2,12.646689790137323,15.789145469665527,1.248480490284413
proteasome_psmb7,6,op_gfp_intensity_max_mean,2,14.68044189133241,17.6267032623291,1.2006929622967422
proteasome_psmb7,7,op_gfp_intensity_max_median,2,15.146465281445735,17.661088943481445,1.1660204949016124
proteasome_psmb7,8,op_gfp_intensity_max_std,2,7.522340924528686,9.031373023986816,1.200606714664781
proteasome_psmb7,9,op_gfp_intensity_max_sum,2,2274.1536670977557,3762.809326171875,1.6545976556517932
proteasome_psmb7,10,op_gfp_intensity_max_min,2,13.149358216425759,14.379290580749512,1.0935355432622833
proteasome_psmb7,11,op_gfp_intensity_max_max,2,21.028935515352867,34.00676727294922,1.6171416402947005
proteasome_psmb7,12,op_gfp_intensity_mean_mean,2,11.029127794772608,12.359721183776855,1.120643573432425
proteasome_psmb7,13,op_gfp_intensity_mean_median,2,11.36552544703401,12.651988983154297,1.113189974552035
proteasome_psmb7,14,op_gfp_intensity_mean_std,2,4.581376561728642,4.805149555206299,1.0488440516649482
proteasome_psmb7,15,op_gfp_intensity_mean_sum,2,2110.610054531294,3557.34228515625,1.6854569026234616
proteasome_psmb7,16,op_gfp_intensity_mean_min,2,9.82330245152371,10.604777336120605,1.079553173533375
proteasome_psmb7,17,op_gfp_intensity_mean_max,2,13.66411503480444,16.981399536132812,1.242773461206875
proteasome_psmb7,18,op_gfp_intensity_range_mean,2,8.513345450024108,11.479094505310059,1.348364702536246
proteasome_psmb7,19,op_gfp_intensity_range_median,2,8.34894653391392,10.546224594116211,1.263180276850117
proteasome_psmb7,20,op_gfp_intensity_range_std,2,6.902447001918376,9.283379554748535,1.3449403598707
proteasome_psmb7,21,op_gfp_intensity_range_sum,2,348.3345860309872,472.2987060546875,1.3558765767022418
proteasome_psmb7,22,op_gfp_intensity_range_min,2,7.1651983257973955,7.329177379608154,1.022885487093968
proteasome_psmb7,23,op_gfp_intensity_range_max,2,21.59942210664558,33.7385368347168,1.562011088451127
proteasome_psmb7,0,op_gfp_intensity_min_mean,3,7.493648706805357,7.890974044799805,1.0530216125068175
proteasome_psmb7,1,op_gfp_intensity_min_median,3,7.454275770657155,7.942009449005127,1.0654300556289957
proteasome_psmb7,2,op_gfp_intensity_min_std,3,2.979640517950452,3.3137197494506836,1.1121206499534475
proteasome_psmb7,3,op_gfp_intensity_min_sum,3,1965.0062962825511,3311.966552734375,1.6854737610765103
proteasome_psmb7,4,op_gfp_intensity_min_min,3,6.211215251751346,6.619799613952637,1.0657817102838425
proteasome_psmb7,5,op_gfp_intensity_min_max,3,12.646689790137323,15.732294082641602,1.2439851331619303
proteasome_psmb7,6,op_gfp_intensity_max_mean,3,14.68044189133241,17.846723556518555,1.215680269614743
proteasome_psmb7,7,op_gfp_intensity_max_median,3,15.146465281445735,17.885868072509766,1.1808608635851012
proteasome_psmb7,8,op_gfp_intensity_max_std,3,7.522340924528686,8.992839813232422,1.1954842120899845
proteasome_psmb7,9,op_gfp_intensity_max_sum,3,2274.1536670977557,3708.061767578125,1.6305238389234724
proteasome_psmb7,10,op_gfp_intensity_max_min,3,13.149358216425759,14.61422061920166,1.1114018173864975
proteasome_psmb7,11,op_gfp_intensity_max_max,3,21.028935515352867,33.908119201660156,1.612450576820896
proteasome_psmb7,12,op_gfp_intensity_mean_mean,3,11.029127794772608,12.492585182189941,1.1326902194488089
proteasome_psmb7,13,op_gfp_intensity_mean_median,3,11.36552544703401,12.788348197937012,1.12518759097709
proteasome_psmb7,14,op_gfp_intensity_mean_std,3,4.581376561728642,4.861007213592529,1.061036382427027
proteasome_psmb7,15,op_gfp_intensity_mean_sum,3,2110.610054531294,3505.445068359375,1.6608681745040934
proteasome_psmb7,16,op_gfp_intensity_mean_min,3,9.82330245152371,10.739641189575195,1.0932821464648428
proteasome_psmb7,17,op_gfp_intensity_mean_max,3,13.66411503480444,17.0386905670166,1.2469662706744373
proteasome_psmb7,18,op_gfp_intensity_range_mean,3,8.513345450024108,11.65889835357666,1.3694849365643496
proteasome_psmb7,19,op_gfp_intensity_range_median,3,8.34894653391392,10.730520248413086,1.2852543976446693
proteasome_psmb7,20,op_gfp_intensity_range_std,3,6.902447001918376,9.246057510375977,1.3395332854864728
proteasome_psmb7,21,op_gfp_intensity_range_sum,3,348.3345860309872,467.5124206542969,1.342136093866682
proteasome_psmb7,22,op_gfp_intensity_range_min,3,7.1651983257973955,7.546252250671387,1.0531812111190355
proteasome_psmb7,23,op_gfp_intensity_range_max,3,21.59942210664558,33.61713790893555,1.5563906174412152
proteasome_psmb7,0,op_gfp_intensity_min_mean,4,7.493648706805357,7.853725910186768,1.0480509852369255
proteasome_psmb7,1,op_gfp_intensity_min_median,4,7.454275770657155,7.913780689239502,1.0616431337825107
proteasome_psmb7,2,op_gfp_intensity_min_std,4,2.979640517950452,3.2914772033691406,1.1046558078197921
proteasome_psmb7,3,op_gfp_intensity_min_sum,4,1965.0062962825511,3302.664794921875,1.6807400572557656
proteasome_psmb7,4,op_gfp_intensity_min_min,4,6.211215251751346,6.595790386199951,1.0619162464769143
proteasome_psmb7,5,op_gfp_intensity_min_max,4,12.646689790137323,15.716826438903809,1.2427620744806098
proteasome_psmb7,6,op_gfp_intensity_max_mean,4,14.68044189133241,17.868337631225586,1.2171525737093354
proteasome_psmb7,7,op_gfp_intensity_max_median,4,15.146465281445735,17.903596878051758,1.1820313548655792
proteasome_psmb7,8,op_gfp_intensity_max_std,4,7.522340924528686,9.025980949401855,1.1998899066074142
proteasome_psmb7,9,op_gfp_intensity_max_sum,4,2274.1536670977557,3694.0849609375,1.6243779012751771
proteasome_psmb7,10,op_gfp_intensity_max_min,4,13.149358216425759,14.61308765411377,1.1113156561405078
proteasome_psmb7,11,op_gfp_intensity_max_max,4,21.028935515352867,33.71737289428711,1.6033799176221084
proteasome_psmb7,12,op_gfp_intensity_mean_mean,4,11.029127794772608,12.489562034606934,1.1324161136773223
proteasome_psmb7,13,op_gfp_intensity_mean_median,4,11.36552544703401,12.777496337890625,1.124232786019153
proteasome_psmb7,14,op_gfp_intensity_mean_std,4,4.581376561728642,4.9023823738098145,1.0700675458033186
proteasome_psmb7,15,op_gfp_intensity_mean_sum,4,2110.610054531294,3494.0576171875,1.6554728381427286
proteasome_psmb7,16,op_gfp_intensity_mean_min,4,9.82330245152371,10.723501205444336,1.091639116108147
proteasome_psmb7,17,op_gfp_intensity_mean_max,4,13.66411503480444,17.011432647705078,1.244971416324771
proteasome_psmb7,18,op_gfp_intensity_range_mean,4,8.513345450024108,11.741194725036621,1.3791516853111339
proteasome_psmb7,19,op_gfp_intensity_range_median,4,8.34894653391392,10.84207820892334,1.2986163182243615
proteasome_psmb7,20,op_gfp_intensity_range_std,4,6.902447001918376,9.273625373840332,1.3435272116197259
proteasome_psmb7,21,op_gfp_intensity_range_sum,4,348.3345860309872,460.94873046875,1.3232930319119813
proteasome_psmb7,22,op_gfp_intensity_range_min,4,7.1651983257973955,7.615325927734375,1.0628213737387215
proteasome_psmb7,23,op_gfp_intensity_range_max,4,21.59942210664558,33.44955825805664,1.5486320926968264
oxidative_stress_cellrox_live-cell_dye,0,op_gfp_intensity_min_mean,0,18.79463208226423,18.240434646606445,0.9705129936445652
oxidative_stress_cellrox_live-cell_dye,1,op_gfp_intensity_min_median,0,17.557591056500833,16.341665267944336,0.9307464341410155
oxidative_stress_cellrox_live-cell_dye,2,op_gfp_intensity_min_std,0,19.822813324058078,17.83127784729004,0.8995331568627043
oxidative_stress_cellrox_live-cell_dye,3,op_gfp_intensity_min_sum,0,538.4970691938103,717.8466796875,1.3330558711530147
oxidative_stress_cellrox_live-cell_dye,4,op_gfp_intensity_min_min,0,12.62874027246327,13.715057373046875,1.0860194348087353
oxidative_stress_cellrox_live-cell_dye,5,op_gfp_intensity_min_max,0,37.84092795456095,36.380611419677734,0.9614090717691504
oxidative_stress_cellrox_live-cell_dye,6,op_gfp_intensity_max_mean,0,52.028437137774375,69.22962951660156,1.3306113603466008
oxidative_stress_cellrox_live-cell_dye,7,op_gfp_intensity_max_median,0,54.959673421765224,74.24046325683594,1.350817037923575
oxidative_stress_cellrox_live-cell_dye,8,op_gfp_intensity_max_std,0,52.32939884954656,56.44826889038086,1.0787104406201293
oxidative_stress_cellrox_live-cell_dye,9,op_gfp_intensity_max_sum,0,1493.097246255855,1895.475830078125,1.269492549685755
oxidative_stress_cellrox_live-cell_dye,10,op_gfp_intensity_max_min,0,36.472520159310385,51.052852630615234,1.399762133453312
oxidative_stress_cellrox_live-cell_dye,11,op_gfp_intensity_max_max,0,155.3537031112686,177.7440643310547,1.1441250563802106
oxidative_stress_cellrox_live-cell_dye,12,op_gfp_intensity_mean_mean,0,28.3057781994604,31.930240631103516,1.1280467332889725
oxidative_stress_cellrox_live-cell_dye,13,op_gfp_intensity_mean_median,0,28.558129760159588,30.654619216918945,1.073411300892823
oxidative_stress_cellrox_live-cell_dye,14,op_gfp_intensity_mean_std,0,30.08033551656725,28.59315299987793,0.9505596433301009
oxidative_stress_cellrox_live-cell_dye,15,op_gfp_intensity_mean_sum,0,820.9984482104431,1077.0892333984375,1.3119260282966474
oxidative_stress_cellrox_live-cell_dye,16,op_gfp_intensity_mean_min,0,15.837062479868104,22.88655662536621,1.4451263707811561
oxidative_stress_cellrox_live-cell_dye,17,op_gfp_intensity_mean_max,0,69.01133344818095,72.68695831298828,1.0532611772755742
oxidative_stress_cellrox_live-cell_dye,18,op_gfp_intensity_range_mean,0,46.3596290339724,59.25942611694336,1.2782549677763375
oxidative_stress_cellrox_live-cell_dye,19,op_gfp_intensity_range_median,0,46.4479692564187,63.04977798461914,1.3574280855326353
oxidative_stress_cellrox_live-cell_dye,20,op_gfp_intensity_range_std,0,48.55469065832685,53.897789001464844,1.1100428871174712
oxidative_stress_cellrox_live-cell_dye,21,op_gfp_intensity_range_sum,0,1017.4317911496579,1247.2442626953125,1.225875064593741
oxidative_stress_cellrox_live-cell_dye,22,op_gfp_intensity_range_min,0,32.988727025546495,41.44859313964844,1.256447182928599
oxidative_stress_cellrox_live-cell_dye,23,op_gfp_intensity_range_max,0,148.48582846349075,172.76356506347656,1.1635020449507418
oxidative_stress_cellrox_live-cell_dye,0,op_gfp_intensity_min_mean,1,18.79463208226423,18.122770309448242,0.9642524647529548
oxidative_stress_cellrox_live-cell_dye,1,op_gfp_intensity_min_median,1,17.557591056500833,16.003576278686523,0.9114904332369147
oxidative_stress_cellrox_live-cell_dye,2,op_gfp_intensity_min_std,1,19.822813324058078,18.298433303833008,0.9230997136831735
oxidative_stress_cellrox_live-cell_dye,3,op_gfp_intensity_min_sum,1,538.4970691938103,719.6574096679688,1.3364184335216078
oxidative_stress_cellrox_live-cell_dye,4,op_gfp_intensity_min_min,1,12.62874027246327,13.387328147888184,1.0600683725421924
oxidative_stress_cellrox_live-cell_dye,5,op_gfp_intensity_min_max,1,37.84092795456095,37.05632019042969,0.9792656309836426
oxidative_stress_cellrox_live-cell_dye,6,op_gfp_intensity_max_mean,1,52.028437137774375,69.08901977539062,1.3279088048030123
oxidative_stress_cellrox_live-cell_dye,7,op_gfp_intensity_max_median,1,54.959673421765224,74.29122161865234,1.3517405943906393
oxidative_stress_cellrox_live-cell_dye,8,op_gfp_intensity_max_std,1,52.32939884954656,56.696067810058594,1.0834458078348415
oxidative_stress_cellrox_live-cell_dye,9,op_gfp_intensity_max_sum,1,1493.097246255855,1904.439697265625,1.2754960884438487
oxidative_stress_cellrox_live-cell_dye,10,op_gfp_intensity_max_min,1,36.472520159310385,50.48838424682617,1.3842855943678996
oxidative_stress_cellrox_live-cell_dye,11,op_gfp_intensity_max_max,1,155.3537031112686,178.366943359375,1.1481344814267072
oxidative_stress_cellrox_live-cell_dye,12,op_gfp_intensity_mean_mean,1,28.3057781994604,31.3607120513916,1.1079261566456222
oxidative_stress_cellrox_live-cell_dye,13,op_gfp_intensity_mean_median,1,28.558129760159588,29.972732543945312,1.0495341535200664
oxidative_stress_cellrox_live-cell_dye,14,op_gfp_intensity_mean_std,1,30.08033551656725,28.91370391845703,0.9612161374507383
oxidative_stress_cellrox_live-cell_dye,15,op_gfp_intensity_mean_sum,1,820.9984482104431,1080.46337890625,1.3160358357087896
oxidative_stress_cellrox_live-cell_dye,16,op_gfp_intensity_mean_min,1,15.837062479868104,21.816917419433594,1.3775861178275337
oxidative_stress_cellrox_live-cell_dye,17,op_gfp_intensity_mean_max,1,69.01133344818095,73.05257415771484,1.0585590874369697
oxidative_stress_cellrox_live-cell_dye,18,op_gfp_intensity_range_mean,1,46.3596290339724,59.051055908203125,1.2737603198880307
oxidative_stress_cellrox_live-cell_dye,19,op_gfp_intensity_range_median,1,46.4479692564187,62.918968200683594,1.3546118206661693
oxidative_stress_cellrox_live-cell_dye,20,op_gfp_intensity_range_std,1,48.55469065832685,54.065189361572266,1.113490553199527
oxidative_stress_cellrox_live-cell_dye,21,op_gfp_intensity_range_sum,1,1017.4317911496579,1255.3763427734375,1.233867816686671
oxidative_stress_cellrox_live-cell_dye,22,op_gfp_intensity_range_min,1,32.988727025546495,40.94379425048828,1.2411450195935532
oxidative_stress_cellrox_live-cell_dye,23,op_gfp_intensity_range_max,1,148.48582846349075,173.23939514160156,1.166706593715084
oxidative_stress_cellrox_live-cell_dye,0,op_gfp_intensity_min_mean,2,18.79463208226423,18.670032501220703,0.9933704697970063
oxidative_stress_cellrox_live-cell_dye,1,op_gfp_intensity_min_median,2,17.557591056500833,16.732295989990234,0.9529949715849529
oxidative_stress_cellrox_live-cell_dye,2,op_gfp_intensity_min_std,2,19.822813324058078,18.066829681396484,0.911416022844223
oxidative_stress_cellrox_live-cell_dye,3,op_gfp_intensity_min_sum,2,538.4970691938103,724.442138671875,1.3453037725097465
oxidative_stress_cellrox_live-cell_dye,4,op_gfp_intensity_min_min,2,12.62874027246327,14.141746520996094,1.1198065852879961
oxidative_stress_cellrox_live-cell_dye,5,op_gfp_intensity_min_max,2,37.84092795456095,37.3085823059082,0.9859320138953257
oxidative_stress_cellrox_live-cell_dye,6,op_gfp_intensity_max_mean,2,52.028437137774375,69.15647888183594,1.3292053862526274
oxidative_stress_cellrox_live-cell_dye,7,op_gfp_intensity_max_median,2,54.959673421765224,74.47560119628906,1.355095410133844
oxidative_stress_cellrox_live-cell_dye,8,op_gfp_intensity_max_std,2,52.32939884954656,56.31694030761719,1.076200788576519
oxidative_stress_cellrox_live-cell_dye,9,op_gfp_intensity_max_sum,2,1493.097246255855,1910.443359375,1.279517033579492
oxidative_stress_cellrox_live-cell_dye,10,op_gfp_intensity_max_min,2,36.472520159310385,50.70590591430664,1.3902495822286325
oxidative_stress_cellrox_live-cell_dye,11,op_gfp_intensity_max_max,2,155.3537031112686,177.6331329345703,1.1434109993975783
oxidative_stress_cellrox_live-cell_dye,12,op_gfp_intensity_mean_mean,2,28.3057781994604,31.770492553710938,1.1224030772033884
oxidative_stress_cellrox_live-cell_dye,13,op_gfp_intensity_mean_median,2,28.558129760159588,30.540237426757812,1.0694060739706908
oxidative_stress_cellrox_live-cell_dye,14,op_gfp_intensity_mean_std,2,30.08033551656725,28.631074905395508,0.9518203309144097
oxidative_stress_cellrox_live-cell_dye,15,op_gfp_intensity_mean_sum,2,820.9984482104431,1085.1060791015625,1.3216907796437414
oxidative_stress_cellrox_live-cell_dye,16,op_gfp_intensity_mean_min,2,15.837062479868104,22.45123291015625,1.4176387154307186
oxidative_stress_cellrox_live-cell_dye,17,op_gfp_intensity_mean_max,2,69.01133344818095,72.86723327636719,1.0558734288344327
oxidative_stress_cellrox_live-cell_dye,18,op_gfp_intensity_range_mean,2,46.3596290339724,58.88809585571289,1.2702451914047803
oxidative_stress_cellrox_live-cell_dye,19,op_gfp_intensity_range_median,2,46.4479692564187,62.85163879394531,1.3531622544565771
oxidative_stress_cellrox_live-cell_dye,20,op_gfp_intensity_range_std,2,48.55469065832685,53.737464904785156,1.1067409590337796
oxidative_stress_cellrox_live-cell_dye,21,op_gfp_intensity_range_sum,2,1017.4317911496579,1256.1280517578125,1.2346066465432903
oxidative_stress_cellrox_live-cell_dye,22,op_gfp_intensity_range_min,2,32.988727025546495,40.78577423095703,1.2363548978222922
oxidative_stress_cellrox_live-cell_dye,23,op_gfp_intensity_range_max,2,148.48582846349075,172.5797119140625,1.1622638584428673
oxidative_stress_cellrox_live-cell_dye,0,op_gfp_intensity_min_mean,3,18.79463208226423,18.65641975402832,0.9926461806950542
oxidative_stress_cellrox_live-cell_dye,1,op_gfp_intensity_min_median,3,17.557591056500833,16.816360473632812,0.9577828996880768
oxidative_stress_cellrox_live-cell_dye,2,op_gfp_intensity_min_std,3,19.822813324058078,17.632423400878906,0.8895015612884377
oxidative_stress_cellrox_live-cell_dye,3,op_gfp_intensity_min_sum,3,538.4970691938103,718.3995361328125,1.3340825368062563
oxidative_stress_cellrox_live-cell_dye,4,op_gfp_intensity_min_min,3,12.62874027246327,14.26560115814209,1.1296139480552914
oxidative_stress_cellrox_live-cell_dye,5,op_gfp_intensity_min_max,3,37.84092795456095,36.70111083984375,0.9698787218937686
oxidative_stress_cellrox_live-cell_dye,6,op_gfp_intensity_max_mean,3,52.028437137774375,69.6385269165039,1.3384704739851587
oxidative_stress_cellrox_live-cell_dye,7,op_gfp_intensity_max_median,3,54.959673421765224,75.15409851074219,1.3674407766946362
oxidative_stress_cellrox_live-cell_dye,8,op_gfp_intensity_max_std,3,52.32939884954656,55.87336349487305,1.0677241612409083
oxidative_stress_cellrox_live-cell_dye,9,op_gfp_intensity_max_sum,3,1493.097246255855,1875.286376953125,1.2559706888855775
oxidative_stress_cellrox_live-cell_dye,10,op_gfp_intensity_max_min,3,36.472520159310385,51.10563278198242,1.4012092544950345
oxidative_stress_cellrox_live-cell_dye,11,op_gfp_intensity_max_max,3,155.3537031112686,176.3866424560547,1.135387434760546
oxidative_stress_cellrox_live-cell_dye,12,op_gfp_intensity_mean_mean,3,28.3057781994604,32.178009033203125,1.1368000132855045
oxidative_stress_cellrox_live-cell_dye,13,op_gfp_intensity_mean_median,3,28.558129760159588,31.039661407470703,1.086894053222386
oxidative_stress_cellrox_live-cell_dye,14,op_gfp_intensity_mean_std,3,30.08033551656725,28.30577278137207,0.94100588624692
oxidative_stress_cellrox_live-cell_dye,15,op_gfp_intensity_mean_sum,3,820.9984482104431,1071.0684814453125,1.3045925772210107
oxidative_stress_cellrox_live-cell_dye,16,op_gfp_intensity_mean_min,3,15.837062479868104,23.03954315185547,1.4547864025379125
oxidative_stress_cellrox_live-cell_dye,17,op_gfp_intensity_mean_max,3,69.01133344818095,72.4867172241211,1.0503596091002898
oxidative_stress_cellrox_live-cell_dye,18,op_gfp_intensity_range_mean,3,46.3596290339724,59.41312026977539,1.281570226246577
oxidative_stress_cellrox_live-cell_dye,19,op_gfp_intensity_range_median,3,46.4479692564187,63.42327117919922,1.3654691947686104
oxidative_stress_cellrox_live-cell_dye,20,op_gfp_intensity_range_std,3,48.55469065832685,53.44585037231445,1.1007350607669621
oxidative_stress_cellrox_live-cell_dye,21,op_gfp_intensity_range_sum,3,1017.4317911496579,1227.628662109375,1.2065955406427815
oxidative_stress_cellrox_live-cell_dye,22,op_gfp_intensity_range_min,3,32.988727025546495,41.303462982177734,1.2520477965152248
oxidative_stress_cellrox_live-cell_dye,23,op_gfp_intensity_range_max,3,148.48582846349075,171.44314575195312,1.1546094837872494
oxidative_stress_cellrox_live-cell_dye,0,op_gfp_intensity_min_mean,4,18.79463208226423,18.53811264038086,0.9863514517996105
oxidative_stress_cellrox_live-cell_dye,1,op_gfp_intensity_min_median,4,17.557591056500833,16.620319366455078,0.9466172957879252
oxidative_stress_cellrox_live-cell_dye,2,op_gfp_intensity_min_std,4,19.822813324058078,17.32224464416504,0.8738539964527533
oxidative_stress_cellrox_live-cell_dye,3,op_gfp_intensity_min_sum,4,538.4970691938103,721.9694213867188,1.3407118862644636
oxidative_stress_cellrox_live-cell_dye,4,op_gfp_intensity_min_min,4,12.62874027246327,14.408984184265137,1.1409676557909465
oxidative_stress_cellrox_live-cell_dye,5,op_gfp_intensity_min_max,4,37.84092795456095,36.32276916503906,0.95988050844459
oxidative_stress_cellrox_live-cell_dye,6,op_gfp_intensity_max_mean,4,52.028437137774375,69.1834716796875,1.3297241947991938
oxidative_stress_cellrox_live-cell_dye,7,op_gfp_intensity_max_median,4,54.959673421765224,74.41288757324219,1.3539543257870428
oxidative_stress_cellrox_live-cell_dye,8,op_gfp_intensity_max_std,4,52.32939884954656,55.896175384521484,1.0681600899951067
oxidative_stress_cellrox_live-cell_dye,9,op_gfp_intensity_max_sum,4,1493.097246255855,1893.3480224609375,1.268067453214294
oxidative_stress_cellrox_live-cell_dye,10,op_gfp_intensity_max_min,4,36.472520159310385,50.97599792480469,1.3976549386262245
oxidative_stress_cellrox_live-cell_dye,11,op_gfp_intensity_max_max,4,155.3537031112686,176.25125122070312,1.1345159316509317
oxidative_stress_cellrox_live-cell_dye,12,op_gfp_intensity_mean_mean,4,28.3057781994604,32.19680404663086,1.1374640124624673
oxidative_stress_cellrox_live-cell_dye,13,op_gfp_intensity_mean_median,4,28.558129760159588,30.959291458129883,1.0840797950753789
oxidative_stress_cellrox_live-cell_dye,14,op_gfp_intensity_mean_std,4,30.08033551656725,28.3726863861084,0.9432303828686242
oxidative_stress_cellrox_live-cell_dye,15,op_gfp_intensity_mean_sum,4,820.9984482104431,1079.665283203125,1.3150637319187464
oxidative_stress_cellrox_live-cell_dye,16,op_gfp_intensity_mean_min,4,15.837062479868104,23.3674373626709,1.4754906342243281
oxidative_stress_cellrox_live-cell_dye,17,op_gfp_intensity_mean_max,4,69.01133344818095,72.48993682861328,1.0504062623720252
oxidative_stress_cellrox_live-cell_dye,18,op_gfp_intensity_range_mean,4,46.3596290339724,59.06803894042969,1.2741266522461718
oxidative_stress_cellrox_live-cell_dye,19,op_gfp_intensity_range_median,4,46.4479692564187,63.03081130981445,1.3570197431420352
oxidative_stress_cellrox_live-cell_dye,20,op_gfp_intensity_range_std,4,48.55469065832685,53.37958908081055,1.0993703874345713
oxidative_stress_cellrox_live-cell_dye,21,op_gfp_intensity_range_sum,4,1017.4317911496579,1241.0225830078125,1.2197599817531806
oxidative_stress_cellrox_live-cell_dye,22,op_gfp_intensity_range_min,4,32.988727025546495,41.2570915222168,1.2506421205724996
oxidative_stress_cellrox_live-cell_dye,23,op_gfp_intensity_range_max,4,148.48582846349075,171.24818420410156,1.1532964861101715
er_ncln,0,op_gfp_intensity_min_mean,0,2.242538431350438,2.3508594036102295,1.048302838758737
er_ncln,1,op_gfp_intensity_min_median,0,2.3056642137830083,2.4156103134155273,1.0476852175504452
er_ncln,2,op_gfp_intensity_min_std,0,0.9173243316379079,0.9779316186904907,1.0660696385806825
er_ncln,3,op_gfp_intensity_min_sum,0,606.9970383814987,822.9615478515625,1.3557917021241375
er_ncln,4,op_gfp_intensity_min_min,0,2.0276479383539576,2.1243138313293457,1.0476739039095029
er_ncln,5,op_gfp_intensity_min_max,0,3.3033244513682622,3.663655996322632,1.109081487531483
er_ncln,6,op_gfp_intensity_max_mean,0,5.4770782172095025,5.290542125701904,0.9659424086876313
er_ncln,7,op_gfp_intensity_max_median,0,5.724792163606254,5.481144905090332,0.9574399818276652
er_ncln,8,op_gfp_intensity_max_std,0,3.4133099245723293,3.1292755603790283,0.9167862366823051
er_ncln,9,op_gfp_intensity_max_sum,0,808.6387938274903,1101.1455078125,1.3617272832045344
er_ncln,10,op_gfp_intensity_max_min,0,4.7228633066128305,4.717261791229248,0.9988139577582651
er_ncln,11,op_gfp_intensity_max_max,0,10.437964232012105,11.452252388000488,1.097172986364302
er_ncln,12,op_gfp_intensity_mean_mean,0,3.6846228281205047,3.6941049098968506,1.002573419918039
er_ncln,13,op_gfp_intensity_mean_median,0,4.000344344105126,3.991608142852783,0.9978161376869428
er_ncln,14,op_gfp_intensity_mean_std,0,1.42014433188652,1.354593276977539,0.9538419768771651
er_ncln,15,op_gfp_intensity_mean_sum,0,683.1600872742288,927.2420654296875,1.3572837211982516
er_ncln,16,op_gfp_intensity_mean_min,0,2.9638411504986757,2.991925001144409,1.0094754911682795
er_ncln,17,op_gfp_intensity_mean_max,0,4.798432634015499,4.986282825469971,1.0391482398070622
er_ncln,18,op_gfp_intensity_range_mean,0,3.7478769941902597,3.4108927249908447,0.9100866251155552
er_ncln,19,op_gfp_intensity_range_median,0,3.700735551714002,3.3152904510498047,0.8958463539807167
er_ncln,20,op_gfp_intensity_range_std,0,3.4443032921620116,3.1626124382019043,0.9182154328275521
er_ncln,21,op_gfp_intensity_range_sum,0,206.00979315449175,282.43768310546875,1.3709915377355963
er_ncln,22,op_gfp_intensity_range_min,0,3.4485372412216933,3.370110034942627,0.9772578340342115
er_ncln,23,op_gfp_intensity_range_max,0,10.676754028484988,11.656490325927734,1.0917634980471467
er_ncln,0,op_gfp_intensity_min_mean,1,2.242538431350438,2.3677124977111816,1.0558180250607188
er_ncln,1,op_gfp_intensity_min_median,1,2.3056642137830083,2.4402363300323486,1.0583658780167915
er_ncln,2,op_gfp_intensity_min_std,1,0.9173243316379079,0.9955967664718628,1.085326892718737
er_ncln,3,op_gfp_intensity_min_sum,1,606.9970383814987,821.1836547851562,1.3528627041983043
er_ncln,4,op_gfp_intensity_min_min,1,2.0276479383539576,2.1082019805908203,1.0397278248916606
er_ncln,5,op_gfp_intensity_min_max,1,3.3033244513682622,3.675913095474243,1.1127920219740002
er_ncln,6,op_gfp_intensity_max_mean,1,5.4770782172095025,5.270556926727295,0.9622935290875895
er_ncln,7,op_gfp_intensity_max_median,1,5.724792163606254,5.4646100997924805,0.9545517013756749
er_ncln,8,op_gfp_intensity_max_std,1,3.4133099245723293,2.9826853275299072,0.8738395848726286
er_ncln,9,op_gfp_intensity_max_sum,1,808.6387938274903,1100.33740234375,1.3607279427389045
er_ncln,10,op_gfp_intensity_max_min,1,4.7228633066128305,4.7132673263549805,0.9979681859001902
er_ncln,11,op_gfp_intensity_max_max,1,10.437964232012105,11.376962661743164,1.0899599202353323
er_ncln,12,op_gfp_intensity_mean_mean,1,3.6846228281205047,3.7150824069976807,1.0082666748533156
er_ncln,13,op_gfp_intensity_mean_median,1,4.000344344105126,4.01157808303833,1.0028081929871258
er_ncln,14,op_gfp_intensity_mean_std,1,1.42014433188652,1.3419859409332275,0.9449644735408923
er_ncln,15,op_gfp_intensity_mean_sum,1,683.1600872742288,925.9878540039062,1.355447824387029
er_ncln,16,op_gfp_intensity_mean_min,1,2.9638411504986757,2.994189500808716,1.0102395333518241
er_ncln,17,op_gfp_intensity_mean_max,1,4.798432634015499,5.050246238708496,1.0524783036252132
er_ncln,18,op_gfp_intensity_range_mean,1,3.7478769941902597,3.3557493686676025,0.8953734004262919
er_ncln,19,op_gfp_intensity_range_median,1,3.700735551714002,3.2545833587646484,0.8794422928321054
er_ncln,20,op_gfp_intensity_range_std,1,3.4443032921620116,3.0156986713409424,0.8755613009468655
er_ncln,21,op_gfp_intensity_range_sum,1,206.00979315449175,283.60028076171875,1.376634947393205
er_ncln,22,op_gfp_intensity_range_min,1,3.4485372412216933,3.369497299194336,0.9770801541353353
er_ncln,23,op_gfp_intensity_range_max,1,10.676754028484988,11.558600425720215,1.082594990470185
er_ncln,0,op_gfp_intensity_min_mean,2,2.242538431350438,2.374826431274414,1.0589902933544435
er_ncln,1,op_gfp_intensity_min_median,2,2.3056642137830083,2.44620418548584,1.060954223456607
er_ncln,2,op_gfp_intensity_min_std,2,0.9173243316379079,0.9966219663619995,1.0864444907751476
er_ncln,3,op_gfp_intensity_min_sum,2,606.9970383814987,819.4876098632812,1.3500685473661767
er_ncln,4,op_gfp_intensity_min_min,2,2.0276479383539576,2.1144473552703857,1.0428079329130933
er_ncln,5,op_gfp_intensity_min_max,2,3.3033244513682622,3.6883394718170166,1.1165538009108606
er_ncln,6,op_gfp_intensity_max_mean,2,5.4770782172095025,5.299633502960205,0.9676023041460775
er_ncln,7,op_gfp_intensity_max_median,2,5.724792163606254,5.504164695739746,0.9614610519366826
er_ncln,8,op_gfp_intensity_max_std,2,3.4133099245723293,3.035571336746216,0.8893336391439924
er_ncln,9,op_gfp_intensity_max_sum,2,808.6387938274903,1098.6541748046875,1.3586463859895734
er_ncln,10,op_gfp_intensity_max_min,2,4.7228633066128305,4.742269039154053,1.0041088914248377
er_ncln,11,op_gfp_intensity_max_max,2,10.437964232012105,11.496771812438965,1.101438130740055
er_ncln,12,op_gfp_intensity_mean_mean,2,3.6846228281205047,3.727510452270508,1.011639623958982
er_ncln,13,op_gfp_intensity_mean_median,2,4.000344344105126,4.028061866760254,1.006928784192284
er_ncln,14,op_gfp_intensity_mean_std,2,1.42014433188652,1.3514537811279297,0.951631289006138
er_ncln,15,op_gfp_intensity_mean_sum,2,683.1600872742288,924.2646484375,1.352925420636421
er_ncln,16,op_gfp_intensity_mean_min,2,2.9638411504986757,3.012166738510132,1.0163050533269387
er_ncln,17,op_gfp_intensity_mean_max,2,4.798432634015499,5.088907718658447,1.0605354095384827
er_ncln,18,op_gfp_intensity_range_mean,2,3.7478769941902597,3.386679172515869,0.9036260202150982
er_ncln,19,op_gfp_intensity_range_median,2,3.700735551714002,3.298785448074341,0.891386428988827
er_ncln,20,op_gfp_intensity_range_std,2,3.4443032921620116,3.059432029724121,0.8882586027445033
er_ncln,21,op_gfp_intensity_range_sum,2,206.00979315449175,283.6690979003906,1.376968995292667
er_ncln,22,op_gfp_intensity_range_min,2,3.4485372412216933,3.3874268531799316,0.9822793306938126
er_ncln,23,op_gfp_intensity_range_max,2,10.676754028484988,11.661097526550293,1.092195015024148
er_ncln,0,op_gfp_intensity_min_mean,3,2.242538431350438,2.3887267112731934,1.0651887512289908
er_ncln,1,op_gfp_intensity_min_median,3,2.3056642137830083,2.454847812652588,1.0647030898852383
er_ncln,2,op_gfp_intensity_min_std,3,0.9173243316379079,0.997067391872406,1.0869300611400055
er_ncln,3,op_gfp_intensity_min_sum,3,606.9970383814987,812.6096801757812,1.3387374711786562
er_ncln,4,op_gfp_intensity_min_min,3,2.0276479383539576,2.1224896907806396,1.0467742701445866
er_ncln,5,op_gfp_intensity_min_max,3,3.3033244513682622,3.7230865955352783,1.1270726355666176
er_ncln,6,op_gfp_intensity_max_mean,3,5.4770782172095025,5.36915922164917,0.9802962471448298
er_ncln,7,op_gfp_intensity_max_median,3,5.724792163606254,5.558314800262451,0.9709199288662154
er_ncln,8,op_gfp_intensity_max_std,3,3.4133099245723293,3.183809518814087,0.9327630918874155
er_ncln,9,op_gfp_intensity_max_sum,3,808.6387938274903,1088.21728515625,1.3457396472477465
er_ncln,10,op_gfp_intensity_max_min,3,4.7228633066128305,4.765349864959717,1.0089959322530884
er_ncln,11,op_gfp_intensity_max_max,3,10.437964232012105,11.572346687316895,1.1086785152822962
er_ncln,12,op_gfp_intensity_mean_mean,3,3.6846228281205047,3.7537403106689453,1.0187583602915735
er_ncln,13,op_gfp_intensity_mean_median,3,4.000344344105126,4.0533223152160645,1.0132433527101252
er_ncln,14,op_gfp_intensity_mean_std,3,1.42014433188652,1.3715676069259644,0.965794515479968
er_ncln,15,op_gfp_intensity_mean_sum,3,683.1600872742288,916.0835571289062,1.340950055768084
er_ncln,16,op_gfp_intensity_mean_min,3,2.9638411504986757,3.029587507247925,1.0221828206745112
er_ncln,17,op_gfp_intensity_mean_max,3,4.798432634015499,5.123322486877441,1.067707494851306
er_ncln,18,op_gfp_intensity_range_mean,3,3.7478769941902597,3.4502811431884766,0.9205961531119887
er_ncln,19,op_gfp_intensity_range_median,3,3.700735551714002,3.336383104324341,0.9015459380174001
er_ncln,20,op_gfp_intensity_range_std,3,3.4443032921620116,3.2268941402435303,0.9368786272645542
er_ncln,21,op_gfp_intensity_range_sum,3,206.00979315449175,280.1293029785156,1.3597863416543496
er_ncln,22,op_gfp_intensity_range_min,3,3.4485372412216933,3.3999593257904053,0.9859134722830836
er_ncln,23,op_gfp_intensity_range_max,3,10.676754028484988,11.731834411621094,1.0988203325019206
er_ncln,0,op_gfp_intensity_min_mean,4,2.242538431350438,2.3451642990112305,1.0457632592717672
er_ncln,1,op_gfp_intensity_min_median,4,2.3056642137830083,2.4076988697052,1.0442539097030001
er_ncln,2,op_gfp_intensity_min_std,4,0.9173243316379079,0.9792523980140686,1.067509455751148
er_ncln,3,op_gfp_intensity_min_sum,4,606.9970383814987,792.8599853515625,1.3062007476439261
er_ncln,4,op_gfp_intensity_min_min,4,2.0276479383539576,2.117938756942749,1.0445298302929695
er_ncln,5,op_gfp_intensity_min_max,4,3.3033244513682622,3.6990694999694824,1.1198020522741263
er_ncln,6,op_gfp_intensity_max_mean,4,5.4770782172095025,5.308559417724609,0.9692319896116526
er_ncln,7,op_gfp_intensity_max_median,4,5.724792163606254,5.490960121154785,0.9591544922909185
er_ncln,8,op_gfp_intensity_max_std,4,3.4133099245723293,3.1767141819000244,0.9306843656448955
er_ncln,9,op_gfp_intensity_max_sum,4,808.6387938274903,1060.1783447265625,1.3110654012880985
er_ncln,10,op_gfp_intensity_max_min,4,4.7228633066128305,4.7231221199035645,1.0000548000807838
er_ncln,11,op_gfp_intensity_max_max,4,10.437964232012105,11.51197338104248,1.1028945036750084
er_ncln,12,op_gfp_intensity_mean_mean,4,3.6846228281205047,3.697469472885132,1.0034865562538948
er_ncln,13,op_gfp_intensity_mean_median,4,4.000344344105126,3.9898996353149414,0.9973890475689735
er_ncln,14,op_gfp_intensity_mean_std,4,1.42014433188652,1.3694432973861694,0.9642986748867989
er_ncln,15,op_gfp_intensity_mean_sum,4,683.1600872742288,893.1387939453125,1.307363838407023
er_ncln,16,op_gfp_intensity_mean_min,4,2.9638411504986757,2.991950511932373,1.0094840985081026
er_ncln,17,op_gfp_intensity_mean_max,4,4.798432634015499,5.069746971130371,1.056542283242982
er_ncln,18,op_gfp_intensity_range_mean,4,3.7478769941902597,3.4257752895355225,0.9140575570772359
er_ncln,19,op_gfp_intensity_range_median,4,3.700735551714002,3.318399429321289,0.8966864513689358
er_ncln,20,op_gfp_intensity_range_std,4,3.4443032921620116,3.200148820877075,0.9291135389149545
er_ncln,21,op_gfp_intensity_range_sum,4,206.00979315449175,271.65948486328125,1.3186726742624182
er_ncln,22,op_gfp_intensity_range_min,4,3.4485372412216933,3.378392219543457,0.9796594855233791
er_ncln,23,op_gfp_intensity_range_max,4,10.676754028484988,11.680214881896973,1.0939855737740898
trans-golgi_vamp3,0,op_gfp_intensity_min_mean,0,1.648009505642176,1.7229737043380737,1.0454877222729893
trans-golgi_vamp3,1,op_gfp_intensity_min_median,0,1.8511663827685656,1.925629734992981,1.0402250996547644
trans-golgi_vamp3,2,op_gfp_intensity_min_std,0,1.1816873235916545,1.2614976167678833,1.067539264899323
trans-golgi_vamp3,3,op_gfp_intensity_min_sum,0,872.0505797250119,1187.754150390625,1.362024380243134
trans-golgi_vamp3,4,op_gfp_intensity_min_min,0,1.8264780305863832,2.196291446685791,1.2024735090740077
trans-golgi_vamp3,5,op_gfp_intensity_min_max,0,2.7129715659024956,3.76454758644104,1.3876104098380875
trans-golgi_vamp3,6,op_gfp_intensity_max_mean,0,3.353655874652642,4.04197883605957,1.2052455550402057
trans-golgi_vamp3,7,op_gfp_intensity_max_median,0,3.3422506986336473,4.0319108963012695,1.2063460403941462
trans-golgi_vamp3,8,op_gfp_intensity_max_std,0,2.7219322111879354,3.2910125255584717,1.2090721848367312
trans-golgi_vamp3,9,op_gfp_intensity_max_sum,0,1191.5988181327582,1609.59912109375,1.3507894574920782
trans-golgi_vamp3,10,op_gfp_intensity_max_min,0,3.8860449820394667,4.967194080352783,1.2782132227779592
trans-golgi_vamp3,11,op_gfp_intensity_max_max,0,7.099851859777922,9.297074317932129,1.3094744089805466
trans-golgi_vamp3,12,op_gfp_intensity_mean_mean,0,1.8728044098317425,2.14979887008667,1.147903571136835
trans-golgi_vamp3,13,op_gfp_intensity_mean_median,0,2.021187769977176,2.3601162433624268,1.1676877717249783
trans-golgi_vamp3,14,op_gfp_intensity_mean_std,0,1.0756888076672178,1.1580795049667358,1.0765934317734456
trans-golgi_vamp3,15,op_gfp_intensity_mean_sum,0,990.0677708566855,1346.3985595703125,1.3599054521341516
trans-golgi_vamp3,16,op_gfp_intensity_mean_min,0,1.993351747562139,2.737367868423462,1.373248786508077
trans-golgi_vamp3,17,op_gfp_intensity_mean_max,0,2.849364618456901,3.7136058807373047,1.303310168408156
trans-golgi_vamp3,18,op_gfp_intensity_range_mean,0,3.2111052723123854,3.8733649253845215,1.2062404053776876
trans-golgi_vamp3,19,op_gfp_intensity_range_median,0,3.2614930084864633,3.8448822498321533,1.1788718356371455
trans-golgi_vamp3,20,op_gfp_intensity_range_std,0,2.9061125998528716,3.5211949348449707,1.2116512398808081
trans-golgi_vamp3,21,op_gfp_intensity_range_sum,0,322.4291191378213,424.76141357421875,1.3173791954958505
trans-golgi_vamp3,22,op_gfp_intensity_range_min,0,3.472853648848169,4.407097339630127,1.269013262649814
trans-golgi_vamp3,23,op_gfp_intensity_range_max,0,7.517882125333864,9.642247200012207,1.2825749378963562
trans-golgi_vamp3,0,op_gfp_intensity_min_mean,1,1.648009505642176,1.7105598449707031,1.0379550840661889
trans-golgi_vamp3,1,op_gfp_intensity_min_median,1,1.8511663827685656,1.9093652963638306,1.0314390506099316
trans-golgi_vamp3,2,op_gfp_intensity_min_std,1,1.1816873235916545,1.2598440647125244,1.066139950527114
trans-golgi_vamp3,3,op_gfp_intensity_min_sum,1,872.0505797250119,1190.3228759765625,1.3649699956072652
trans-golgi_vamp3,4,op_gfp_intensity_min_min,1,1.8264780305863832,2.1872622966766357,1.1975300332380259
trans-golgi_vamp3,5,op_gfp_intensity_min_max,1,2.7129715659024956,3.763500452041626,1.3872244366076363
trans-golgi_vamp3,6,op_gfp_intensity_max_mean,1,3.353655874652642,4.024497985839844,1.2000330792009735
trans-golgi_vamp3,7,op_gfp_intensity_max_median,1,3.3422506986336473,4.005585670471191,1.198469543924016
trans-golgi_vamp3,8,op_gfp_intensity_max_std,1,2.7219322111879354,3.345970392227173,1.2292629399344548
trans-golgi_vamp3,9,op_gfp_intensity_max_sum,1,1191.5988181327582,1615.2913818359375,1.3555664517753616
trans-golgi_vamp3,10,op_gfp_intensity_max_min,1,3.8860449820394667,4.94828987121582,1.2733485829643867
trans-golgi_vamp3,11,op_gfp_intensity_max_max,1,7.099851859777922,8.996871948242188,1.267191502855329
trans-golgi_vamp3,12,op_gfp_intensity_mean_mean,1,1.8728044098317425,2.136336088180542,1.140715003107279
trans-golgi_vamp3,13,op_gfp_intensity_mean_median,1,2.021187769977176,2.3450984954833984,1.1602576120425863
trans-golgi_vamp3,14,op_gfp_intensity_mean_std,1,1.0756888076672178,1.1462876796722412,1.0656313159547761
trans-golgi_vamp3,15,op_gfp_intensity_mean_sum,1,990.0677708566855,1349.7073974609375,1.3632474838495785
trans-golgi_vamp3,16,op_gfp_intensity_mean_min,1,1.993351747562139,2.728144884109497,1.3686219140430218
trans-golgi_vamp3,17,op_gfp_intensity_mean_max,1,2.849364618456901,3.6067652702331543,1.2658138754409152
trans-golgi_vamp3,18,op_gfp_intensity_range_mean,1,3.2111052723123854,3.8621153831481934,1.2027370813561031
trans-golgi_vamp3,19,op_gfp_intensity_range_median,1,3.2614930084864633,3.825988531112671,1.173078869449476
trans-golgi_vamp3,20,op_gfp_intensity_range_std,1,2.9061125998528716,3.587357997894287,1.2344181013756677
trans-golgi_vamp3,21,op_gfp_intensity_range_sum,1,322.4291191378213,428.4452819824219,1.328804554402806
trans-golgi_vamp3,22,op_gfp_intensity_range_min,1,3.472853648848169,4.393870830535889,1.265204720617349
trans-golgi_vamp3,23,op_gfp_intensity_range_max,1,7.517882125333864,9.369982719421387,1.2463593553623684
trans-golgi_vamp3,0,op_gfp_intensity_min_mean,2,1.648009505642176,1.7235298156738281,1.0458251665254954
trans-golgi_vamp3,1,op_gfp_intensity_min_median,2,1.8511663827685656,1.9227581024169922,1.0386738438612717
trans-golgi_vamp3,2,op_gfp_intensity_min_std,2,1.1816873235916545,1.2690476179122925,1.0739284348545879
trans-golgi_vamp3,3,op_gfp_intensity_min_sum,2,872.0505797250119,1194.6605224609375,1.3699440723239424
trans-golgi_vamp3,4,op_gfp_intensity_min_min,2,1.8264780305863832,2.2055978775024414,1.2075687966497703
trans-golgi_vamp3,5,op_gfp_intensity_min_max,2,2.7129715659024956,3.762512445449829,1.3868602578583213
trans-golgi_vamp3,6,op_gfp_intensity_max_mean,2,3.353655874652642,4.137864589691162,1.2338369660899526
trans-golgi_vamp3,7,op_gfp_intensity_max_median,2,3.3422506986336473,4.023219108581543,1.2037454611727014
trans-golgi_vamp3,8,op_gfp_intensity_max_std,2,2.7219322111879354,3.6313323974609375,1.334100967884175
trans-golgi_vamp3,9,op_gfp_intensity_max_sum,2,1191.5988181327582,1623.6104736328125,1.3625479053235543
trans-golgi_vamp3,10,op_gfp_intensity_max_min,2,3.8860449820394667,4.985124588012695,1.2828272989769696
trans-golgi_vamp3,11,op_gfp_intensity_max_max,2,7.099851859777922,9.426024436950684,1.3276367765292392
trans-golgi_vamp3,12,op_gfp_intensity_mean_mean,2,1.8728044098317425,2.1365702152252197,1.1408400172536837
trans-golgi_vamp3,13,op_gfp_intensity_mean_median,2,2.021187769977176,2.3482468128204346,1.1618152690716863
trans-golgi_vamp3,14,op_gfp_intensity_mean_std,2,1.0756888076672178,1.1396973133087158,1.0595046682509504
trans-golgi_vamp3,15,op_gfp_intensity_mean_sum,2,990.0677708566855,1355.03466796875,1.3686281968316836
trans-golgi_vamp3,16,op_gfp_intensity_mean_min,2,1.993351747562139,2.737710952758789,1.3734209008053888
trans-golgi_vamp3,17,op_gfp_intensity_mean_max,2,2.849364618456901,3.6058409214019775,1.2654894701945
trans-golgi_vamp3,18,op_gfp_intensity_range_mean,2,3.2111052723123854,4.0067009925842285,1.247763823606729
trans-golgi_vamp3,19,op_gfp_intensity_range_median,2,3.2614930084864633,3.850959300994873,1.1807351084226174
trans-golgi_vamp3,20,op_gfp_intensity_range_std,2,2.9061125998528716,3.9088454246520996,1.345042661062064
trans-golgi_vamp3,21,op_gfp_intensity_range_sum,2,322.4291191378213,432.6269836425781,1.3417739216588966
trans-golgi_vamp3,22,op_gfp_intensity_range_min,2,3.472853648848169,4.432525634765625,1.2763352801336005
trans-golgi_vamp3,23,op_gfp_intensity_range_max,2,7.517882125333864,9.827778816223145,1.3072536456916979
trans-golgi_vamp3,0,op_gfp_intensity_min_mean,3,1.648009505642176,1.737773060798645,1.054467862502705
trans-golgi_vamp3,1,op_gfp_intensity_min_median,3,1.8511663827685656,1.9465733766555786,1.0515388539761208
trans-golgi_vamp3,2,op_gfp_intensity_min_std,3,1.1816873235916545,1.2703526020050049,1.075032774443123
trans-golgi_vamp3,3,op_gfp_intensity_min_sum,3,872.0505797250119,1194.0626220703125,1.3692584465075894
trans-golgi_vamp3,4,op_gfp_intensity_min_min,3,1.8264780305863832,2.202237367630005,1.2057289114630005
trans-golgi_vamp3,5,op_gfp_intensity_min_max,3,2.7129715659024956,3.774871587753296,1.3914158317017042
trans-golgi_vamp3,6,op_gfp_intensity_max_mean,3,3.353655874652642,4.167983055114746,1.2428177519992114
trans-golgi_vamp3,7,op_gfp_intensity_max_median,3,3.3422506986336473,4.055267810821533,1.2133344193717652
trans-golgi_vamp3,8,op_gfp_intensity_max_std,3,2.7219322111879354,3.6785972118377686,1.3514654026715511
trans-golgi_vamp3,9,op_gfp_intensity_max_sum,3,1191.5988181327582,1623.926025390625,1.3628127190788304
trans-golgi_vamp3,10,op_gfp_intensity_max_min,3,3.8860449820394667,5.026727199554443,1.2935329423068918
trans-golgi_vamp3,11,op_gfp_intensity_max_max,3,7.099851859777922,9.617817878723145,1.3546505009787602
trans-golgi_vamp3,12,op_gfp_intensity_mean_mean,3,1.8728044098317425,2.145512342453003,1.1456147428901886
trans-golgi_vamp3,13,op_gfp_intensity_mean_median,3,2.021187769977176,2.358731508255005,1.1670026621433793
trans-golgi_vamp3,14,op_gfp_intensity_mean_std,3,1.0756888076672178,1.1497273445129395,1.0688289552870636
trans-golgi_vamp3,15,op_gfp_intensity_mean_sum,3,990.0677708566855,1354.9891357421875,1.3685822078318366
trans-golgi_vamp3,16,op_gfp_intensity_mean_min,3,1.993351747562139,2.7516071796417236,1.3803921876843501
trans-golgi_vamp3,17,op_gfp_intensity_mean_max,3,2.849364618456901,3.6643824577331543,1.2860349405607605
trans-golgi_vamp3,18,op_gfp_intensity_range_mean,3,3.2111052723123854,4.03720235824585,1.2572625360670826
trans-golgi_vamp3,19,op_gfp_intensity_range_median,3,3.2614930084864633,3.878173828125,1.1890793014223615
trans-golgi_vamp3,20,op_gfp_intensity_range_std,3,2.9061125998528716,3.9570722579956055,1.3616376248449358
trans-golgi_vamp3,21,op_gfp_intensity_range_sum,3,322.4291191378213,433.84661865234375,1.3455565670137175
trans-golgi_vamp3,22,op_gfp_intensity_range_min,3,3.472853648848169,4.468540668487549,1.2867057239712985
trans-golgi_vamp3,23,op_gfp_intensity_range_max,3,7.517882125333864,9.99461841583252,1.329446012747728
trans-golgi_vamp3,0,op_gfp_intensity_min_mean,4,1.648009505642176,1.7228411436080933,1.045407285400795
trans-golgi_vamp3,1,op_gfp_intensity_min_median,4,1.8511663827685656,1.928653597831726,1.0418585902296218
trans-golgi_vamp3,2,op_gfp_intensity_min_std,4,1.1816873235916545,1.2683889865875244,1.0733710697110184
trans-golgi_vamp3,3,op_gfp_intensity_min_sum,4,872.0505797250119,1198.6494140625,1.3745182239778755
trans-golgi_vamp3,4,op_gfp_intensity_min_min,4,1.8264780305863832,2.195236921310425,1.2018961545382798
trans-golgi_vamp3,5,op_gfp_intensity_min_max,4,2.7129715659024956,3.7718186378479004,1.3902905158510828
trans-golgi_vamp3,6,op_gfp_intensity_max_mean,4,3.353655874652642,4.154145240783691,1.238691564087195
trans-golgi_vamp3,7,op_gfp_intensity_max_median,4,3.3422506986336473,4.066808223724365,1.2167873060470675
trans-golgi_vamp3,8,op_gfp_intensity_max_std,4,2.7219322111879354,3.5955190658569336,1.3209436484414643
trans-golgi_vamp3,9,op_gfp_intensity_max_sum,4,1191.5988181327582,1626.6409912109375,1.3650911417987917
trans-golgi_vamp3,10,op_gfp_intensity_max_min,4,3.8860449820394667,5.022096633911133,1.292341354030196
trans-golgi_vamp3,11,op_gfp_intensity_max_max,4,7.099851859777922,9.543335914611816,1.344159864613052
trans-golgi_vamp3,12,op_gfp_intensity_mean_mean,4,1.8728044098317425,2.146676778793335,1.1462365036753612
trans-golgi_vamp3,13,op_gfp_intensity_mean_median,4,2.021187769977176,2.3596861362457275,1.1674749725367544
trans-golgi_vamp3,14,op_gfp_intensity_mean_std,4,1.0756888076672178,1.150774598121643,1.0698025208770736
trans-golgi_vamp3,15,op_gfp_intensity_mean_sum,4,990.0677708566855,1359.573486328125,1.3732125480175097
trans-golgi_vamp3,16,op_gfp_intensity_mean_min,4,1.993351747562139,2.7450308799743652,1.3770930711709697
trans-golgi_vamp3,17,op_gfp_intensity_mean_max,4,2.849364618456901,3.706040382385254,1.300655015640748
trans-golgi_vamp3,18,op_gfp_intensity_range_mean,4,3.2111052723123854,4.0107340812683105,1.2490198050654675
trans-golgi_vamp3,19,op_gfp_intensity_range_median,4,3.2614930084864633,3.8765411376953125,1.1885787053991785
trans-golgi_vamp3,20,op_gfp_intensity_range_std,4,2.9061125998528716,3.8669464588165283,1.330625130978167
trans-golgi_vamp3,21,op_gfp_intensity_range_sum,4,322.4291191378213,431.20703125,1.3373700005850957
trans-golgi_vamp3,22,op_gfp_intensity_range_min,4,3.472853648848169,4.465215682983398,1.2857483022540737
trans-golgi_vamp3,23,op_gfp_intensity_range_max,4,7.517882125333864,9.92371654510498,1.3200149163903356
p21,0,cp_single_object_p21_cell_Intensity_IntegratedIntensity,0,1073914.456237112,1339559.375,1.2473613398349075
p21,1,cp_single_object_p21_cell_Intensity_IntegratedIntensityEdge,0,14977.959913143537,17219.91015625,1.1496832850473244
p21,2,cp_single_object_p21_cell_Intensity_LowerQuartileIntensity,0,2.916126903643362,3.9633991718292236,1.3591312390683055
p21,3,cp_single_object_p21_cell_Intensity_MADIntensity,0,1.7679875881779357,2.2632808685302734,1.2801452248105318
p21,4,cp_single_object_p21_cell_Intensity_MassDisplacement,0,0.8088452962430127,0.9886189103126526,1.2222595778261507
p21,5,cp_single_object_p21_cell_Intensity_MaxIntensity,0,70.33855575799728,108.97834777832031,1.5493401393293436
p21,6,cp_single_object_p21_cell_Intensity_MaxIntensityEdge,0,19.70695421908307,21.22937774658203,1.0772531112912789
p21,7,cp_single_object_p21_cell_Intensity_MeanIntensity,0,6.205886126999164,8.074114799499512,1.3010414039620357
p21,8,cp_single_object_p21_cell_Intensity_MeanIntensityEdge,0,2.926349785530976,3.5977039337158203,1.2294169177944083
p21,9,cp_single_object_p21_cell_Intensity_MedianIntensity,0,3.90900312055234,5.670991897583008,1.4507514378197017
p21,10,cp_single_object_p21_cell_Intensity_MinIntensity,0,6.021569640706714,6.101102352142334,1.013207970044549
p21,11,cp_single_object_p21_cell_Intensity_MinIntensityEdge,0,4.726571236684045,4.877429008483887,1.031916957186427
p21,12,cp_single_object_p21_cell_Intensity_StdIntensity,0,9.328478223056086,13.816357612609863,1.4810944810335325
p21,13,cp_single_object_p21_cell_Intensity_StdIntensityEdge,0,2.876957825133963,3.3918673992156982,1.1789771019871516
p21,14,cp_single_object_p21_cell_Intensity_UpperQuartileIntensity,0,7.634335004799388,9.022282600402832,1.181803339089901
p21,15,cp_single_object_p21_cytoplasm_Intensity_IntegratedIntensity,0,993453.3522442358,1239664.75,1.2478338788626224
p21,16,cp_single_object_p21_cytoplasm_Intensity_IntegratedIntensityEdge,0,23797.22613997967,27523.029296875,1.1565645985367987
p21,17,cp_single_object_p21_cytoplasm_Intensity_LowerQuartileIntensity,0,2.9883592516092907,4.095633029937744,1.37052900441343
p21,18,cp_single_object_p21_cytoplasm_Intensity_MADIntensity,0,1.672814550559209,2.192586660385132,1.3107171142504512
p21,19,cp_single_object_p21_cytoplasm_Intensity_MassDisplacement,0,0.7956875541950056,0.9599157571792603,1.206397853175426
p21,20,cp_single_object_p21_cytoplasm_Intensity_MaxIntensity,0,67.93934506286979,105.33820343017578,1.550474225689073
p21,21,cp_single_object_p21_cytoplasm_Intensity_MaxIntensityEdge,0,48.727629463587405,73.6520004272461,1.5115038682988646
p21,22,cp_single_object_p21_cytoplasm_Intensity_MeanIntensity,0,6.196393101881153,7.864202976226807,1.2691581774951182
p21,23,cp_single_object_p21_cytoplasm_Intensity_MeanIntensityEdge,0,4.601203994990467,6.248409271240234,1.3579944027787405
p21,24,cp_single_object_p21_cytoplasm_Intensity_MedianIntensity,0,3.9222800107238807,5.715155601501465,1.4571003563936522
p21,25,cp_single_object_p21_cytoplasm_Intensity_MinIntensity,0,6.076653837912394,6.211339473724365,1.0221644410566328
p21,26,cp_single_object_p21_cytoplasm_Intensity_MinIntensityEdge,0,4.822322030189828,4.986107349395752,1.0339639945612418
p21,27,cp_single_object_p21_cytoplasm_Intensity_StdIntensity,0,8.85432065240424,12.790565490722656,1.4445563914888937
p21,28,cp_single_object_p21_cytoplasm_Intensity_StdIntensityEdge,0,7.728657084080199,11.84423542022705,1.532508855209049
p21,29,cp_single_object_p21_cytoplasm_Intensity_UpperQuartileIntensity,0,8.10679669147302,9.01152515411377,1.1116012275961442
p21,0,cp_single_object_p21_cell_Intensity_IntegratedIntensity,1,1073914.456237112,1326190.25,1.2349123734183047
p21,1,cp_single_object_p21_cell_Intensity_IntegratedIntensityEdge,1,14977.959913143537,17136.84765625,1.1441376366091076
p21,2,cp_single_object_p21_cell_Intensity_LowerQuartileIntensity,1,2.916126903643362,3.9649453163146973,1.3596614438695924
p21,3,cp_single_object_p21_cell_Intensity_MADIntensity,1,1.7679875881779357,2.246584892272949,1.2707017330298396
p21,4,cp_single_object_p21_cell_Intensity_MassDisplacement,1,0.8088452962430127,0.983887255191803,1.2164096889254827
p21,5,cp_single_object_p21_cell_Intensity_MaxIntensity,1,70.33855575799728,200.91209411621094,2.856357966851883
p21,6,cp_single_object_p21_cell_Intensity_MaxIntensityEdge,1,19.70695421908307,21.094011306762695,1.0703841431943086
p21,7,cp_single_object_p21_cell_Intensity_MeanIntensity,1,6.205886126999164,8.076268196105957,1.301388396569115
p21,8,cp_single_object_p21_cell_Intensity_MeanIntensityEdge,1,2.926349785530976,3.591317653656006,1.2272345812564487
p21,9,cp_single_object_p21_cell_Intensity_MedianIntensity,1,3.90900312055234,5.687204360961914,1.4548989053143337
p21,10,cp_single_object_p21_cell_Intensity_MinIntensity,1,6.021569640706714,6.123814105987549,1.0169797031972605
p21,11,cp_single_object_p21_cell_Intensity_MinIntensityEdge,1,4.726571236684045,4.874417781829834,1.0312798723942458
p21,12,cp_single_object_p21_cell_Intensity_StdIntensity,1,9.328478223056086,14.03033447265625,1.5040325053210872
p21,13,cp_single_object_p21_cell_Intensity_StdIntensityEdge,1,2.876957825133963,3.32795786857605,1.1567628275611188
p21,14,cp_single_object_p21_cell_Intensity_UpperQuartileIntensity,1,7.634335004799388,9.0794677734375,1.189293863542747
p21,15,cp_single_object_p21_cytoplasm_Intensity_IntegratedIntensity,1,993453.3522442358,1227933.375,1.2360251965792535
p21,16,cp_single_object_p21_cytoplasm_Intensity_IntegratedIntensityEdge,1,23797.22613997967,27390.744140625,1.1510057508176623
p21,17,cp_single_object_p21_cytoplasm_Intensity_LowerQuartileIntensity,1,2.9883592516092907,4.055469512939453,1.3570890149019073
p21,18,cp_single_object_p21_cytoplasm_Intensity_MADIntensity,1,1.672814550559209,2.16298770904541,1.2930230122175468
p21,19,cp_single_object_p21_cytoplasm_Intensity_MassDisplacement,1,0.7956875541950056,0.9548938870429993,1.2000864937608107
p21,20,cp_single_object_p21_cytoplasm_Intensity_MaxIntensity,1,67.93934506286979,198.88113403320312,2.927333695212432
p21,21,cp_single_object_p21_cytoplasm_Intensity_MaxIntensityEdge,1,48.727629463587405,73.48783111572266,1.5081347466458994
p21,22,cp_single_object_p21_cytoplasm_Intensity_MeanIntensity,1,6.196393101881153,7.814177989959717,1.2610849346513253
p21,23,cp_single_object_p21_cytoplasm_Intensity_MeanIntensityEdge,1,4.601203994990467,6.232567310333252,1.3545513993987057
p21,24,cp_single_object_p21_cytoplasm_Intensity_MedianIntensity,1,3.9222800107238807,5.668979644775391,1.4453276230345282
p21,25,cp_single_object_p21_cytoplasm_Intensity_MinIntensity,1,6.076653837912394,6.233755588531494,1.0258533322465957
p21,26,cp_single_object_p21_cytoplasm_Intensity_MinIntensityEdge,1,4.822322030189828,4.962488174438477,1.0290661103450054
p21,27,cp_single_object_p21_cytoplasm_Intensity_StdIntensity,1,8.85432065240424,13.053215026855469,1.474219823212647
p21,28,cp_single_object_p21_cytoplasm_Intensity_StdIntensityEdge,1,7.728657084080199,11.832600593566895,1.5310034414568818
p21,29,cp_single_object_p21_cytoplasm_Intensity_UpperQuartileIntensity,1,8.10679669147302,8.996459007263184,1.1097427688948875
p21,0,cp_single_object_p21_cell_Intensity_IntegratedIntensity,2,1073914.456237112,1352286.875,1.2592128424625897
p21,1,cp_single_object_p21_cell_Intensity_IntegratedIntensityEdge,2,14977.959913143537,17340.224609375,1.157716051446934
p21,2,cp_single_object_p21_cell_Intensity_LowerQuartileIntensity,2,2.916126903643362,4.0543389320373535,1.3903163565933732
p21,3,cp_single_object_p21_cell_Intensity_MADIntensity,2,1.7679875881779357,2.2837893962860107,1.2917451522607426
p21,4,cp_single_object_p21_cell_Intensity_MassDisplacement,2,0.8088452962430127,1.0076583623886108,1.24579863055279
p21,5,cp_single_object_p21_cell_Intensity_MaxIntensity,2,70.33855575799728,210.248046875,2.989086776225078
p21,6,cp_single_object_p21_cell_Intensity_MaxIntensityEdge,2,19.70695421908307,27.069013595581055,1.3735767229503681
p21,7,cp_single_object_p21_cell_Intensity_MeanIntensity,2,6.205886126999164,8.22450065612793,1.325274181288412
p21,8,cp_single_object_p21_cell_Intensity_MeanIntensityEdge,2,2.926349785530976,3.6529383659362793,1.2482917742772388
p21,9,cp_single_object_p21_cell_Intensity_MedianIntensity,2,3.90900312055234,5.798285961151123,1.4833157667911578
p21,10,cp_single_object_p21_cell_Intensity_MinIntensity,2,6.021569640706714,6.137522220611572,1.0192562050799847
p21,11,cp_single_object_p21_cell_Intensity_MinIntensityEdge,2,4.726571236684045,4.860169887542725,1.028265447439317
p21,12,cp_single_object_p21_cell_Intensity_StdIntensity,2,9.328478223056086,14.608076095581055,1.5659656104975426
p21,13,cp_single_object_p21_cell_Intensity_StdIntensityEdge,2,2.876957825133963,4.0854291915893555,1.4200518185903963
p21,14,cp_single_object_p21_cell_Intensity_UpperQuartileIntensity,2,7.634335004799388,9.310832977294922,1.2195997387384219
p21,15,cp_single_object_p21_cytoplasm_Intensity_IntegratedIntensity,2,993453.3522442358,1252506.75,1.2607605049301571
p21,16,cp_single_object_p21_cytoplasm_Intensity_IntegratedIntensityEdge,2,23797.22613997967,27720.0625,1.1648442695356795
p21,17,cp_single_object_p21_cytoplasm_Intensity_LowerQuartileIntensity,2,2.9883592516092907,4.030117988586426,1.3486055889753306
p21,18,cp_single_object_p21_cytoplasm_Intensity_MADIntensity,2,1.672814550559209,2.2511067390441895,1.3457001185766002
p21,19,cp_single_object_p21_cytoplasm_Intensity_MassDisplacement,2,0.7956875541950056,0.9822229743003845,1.2344329996390306
p21,20,cp_single_object_p21_cytoplasm_Intensity_MaxIntensity,2,67.93934506286979,208.3990936279297,3.0674286517640272
p21,21,cp_single_object_p21_cytoplasm_Intensity_MaxIntensityEdge,2,48.727629463587405,75.3650894165039,1.5466602879342164
p21,22,cp_single_object_p21_cytoplasm_Intensity_MeanIntensity,2,6.196393101881153,7.899553298950195,1.2748631613691492
p21,23,cp_single_object_p21_cytoplasm_Intensity_MeanIntensityEdge,2,4.601203994990467,6.302947998046875,1.3698475453183931
p21,24,cp_single_object_p21_cytoplasm_Intensity_MedianIntensity,2,3.9222800107238807,5.6825737953186035,1.448793502702998
p21,25,cp_single_object_p21_cytoplasm_Intensity_MinIntensity,2,6.076653837912394,6.274202346801758,1.032509422810438
p21,26,cp_single_object_p21_cytoplasm_Intensity_MinIntensityEdge,2,4.822322030189828,4.977683067321777,1.0322170597814335
p21,27,cp_single_object_p21_cytoplasm_Intensity_StdIntensity,2,8.85432065240424,13.683748245239258,1.5454317482305848
p21,28,cp_single_object_p21_cytoplasm_Intensity_StdIntensityEdge,2,7.728657084080199,12.083252906799316,1.5634349894613504
p21,29,cp_single_object_p21_cytoplasm_Intensity_UpperQuartileIntensity,2,8.10679669147302,9.1491060256958,1.128572280012784
p21,0,cp_single_object_p21_cell_Intensity_IntegratedIntensity,3,1073914.456237112,1339991.125,1.2477633737189775
p21,1,cp_single_object_p21_cell_Intensity_IntegratedIntensityEdge,3,14977.959913143537,17300.875,1.1550888839552873
p21,2,cp_single_object_p21_cell_Intensity_LowerQuartileIntensity,3,2.916126903643362,4.10651969909668,1.4082102167659645
p21,3,cp_single_object_p21_cell_Intensity_MADIntensity,3,1.7679875881779357,2.2830841541290283,1.291346256837665
p21,4,cp_single_object_p21_cell_Intensity_MassDisplacement,3,0.8088452962430127,1.0033448934555054,1.2404657579340814
p21,5,cp_single_object_p21_cell_Intensity_MaxIntensity,3,70.33855575799728,215.51290893554688,3.0639370770851193
p21,6,cp_single_object_p21_cell_Intensity_MaxIntensityEdge,3,19.70695421908307,27.604066848754883,1.4007272022799295
p21,7,cp_single_object_p21_cell_Intensity_MeanIntensity,3,6.205886126999164,8.299345016479492,1.3373344026363265
p21,8,cp_single_object_p21_cell_Intensity_MeanIntensityEdge,3,2.926349785530976,3.629986524581909,1.2404486102549976
p21,9,cp_single_object_p21_cell_Intensity_MedianIntensity,3,3.90900312055234,5.864131927490234,1.50016046205193
p21,10,cp_single_object_p21_cell_Intensity_MinIntensity,3,6.021569640706714,6.16231107711792,1.023372881957517
p21,11,cp_single_object_p21_cell_Intensity_MinIntensityEdge,3,4.726571236684045,4.8714070320129395,1.0306428884864338
p21,12,cp_single_object_p21_cell_Intensity_StdIntensity,3,9.328478223056086,14.753661155700684,1.5815721281565327
p21,13,cp_single_object_p21_cell_Intensity_StdIntensityEdge,3,2.876957825133963,4.1339826583862305,1.4369284882352196
p21,14,cp_single_object_p21_cell_Intensity_UpperQuartileIntensity,3,7.634335004799388,9.281944274902344,1.2158156891290692
p21,15,cp_single_object_p21_cytoplasm_Intensity_IntegratedIntensity,3,993453.3522442358,1240948.0,1.2491255852090766
p21,16,cp_single_object_p21_cytoplasm_Intensity_IntegratedIntensityEdge,3,23797.22613997967,27652.431640625,1.1620023055615096
p21,17,cp_single_object_p21_cytoplasm_Intensity_LowerQuartileIntensity,3,2.9883592516092907,4.092600345611572,1.3695141718344692
p21,18,cp_single_object_p21_cytoplasm_Intensity_MADIntensity,3,1.672814550559209,2.234912157058716,1.3360190801255298
p21,19,cp_single_object_p21_cytoplasm_Intensity_MassDisplacement,3,0.7956875541950056,0.975479781627655,1.2259583255823885
p21,20,cp_single_object_p21_cytoplasm_Intensity_MaxIntensity,3,67.93934506286979,213.79425048828125,3.146840027533973
p21,21,cp_single_object_p21_cytoplasm_Intensity_MaxIntensityEdge,3,48.727629463587405,75.60729217529297,1.5516308305494704
p21,22,cp_single_object_p21_cytoplasm_Intensity_MeanIntensity,3,6.196393101881153,7.965839862823486,1.2855607660535853
p21,23,cp_single_object_p21_cytoplasm_Intensity_MeanIntensityEdge,3,4.601203994990467,6.362198829650879,1.3827247904195694
p21,24,cp_single_object_p21_cytoplasm_Intensity_MedianIntensity,3,3.9222800107238807,5.7604522705078125,1.4686489120506943
p21,25,cp_single_object_p21_cytoplasm_Intensity_MinIntensity,3,6.076653837912394,6.301982879638672,1.0370811054466267
p21,26,cp_single_object_p21_cytoplasm_Intensity_MinIntensityEdge,3,4.822322030189828,5.003961086273193,1.0376663057643654
p21,27,cp_single_object_p21_cytoplasm_Intensity_StdIntensity,3,8.85432065240424,13.818492889404297,1.5606497022052301
p21,28,cp_single_object_p21_cytoplasm_Intensity_StdIntensityEdge,3,7.728657084080199,12.20195484161377,1.5787936647814083
p21,29,cp_single_object_p21_cytoplasm_Intensity_UpperQuartileIntensity,3,8.10679669147302,9.119056701660156,1.1248655971910413
p21,0,cp_single_object_p21_cell_Intensity_IntegratedIntensity,4,1073914.456237112,1348011.375,1.2552316128821805
p21,1,cp_single_object_p21_cell_Intensity_IntegratedIntensityEdge,4,14977.959913143537,17288.365234375,1.1542536723712302
p21,2,cp_single_object_p21_cell_Intensity_LowerQuartileIntensity,4,2.916126903643362,4.105019569396973,1.4076957913828192
p21,3,cp_single_object_p21_cell_Intensity_MADIntensity,4,1.7679875881779357,2.3168704509735107,1.310456287400324
p21,4,cp_single_object_p21_cell_Intensity_MassDisplacement,4,0.8088452962430127,1.0076484680175781,1.2457863978414436
p21,5,cp_single_object_p21_cell_Intensity_MaxIntensity,4,70.33855575799728,125.85964965820312,1.789340828822651
p21,6,cp_single_object_p21_cell_Intensity_MaxIntensityEdge,4,19.70695421908307,27.291494369506836,1.384866178005292
p21,7,cp_single_object_p21_cell_Intensity_MeanIntensity,4,6.205886126999164,8.313552856445312,1.3396238162148335
p21,8,cp_single_object_p21_cell_Intensity_MeanIntensityEdge,4,2.926349785530976,3.603658676147461,1.2314517881510154
p21,9,cp_single_object_p21_cell_Intensity_MedianIntensity,4,3.90900312055234,5.900060176849365,1.509351615973049
p21,10,cp_single_object_p21_cell_Intensity_MinIntensity,4,6.021569640706714,6.138808727264404,1.019469854797516
p21,11,cp_single_object_p21_cell_Intensity_MinIntensityEdge,4,4.726571236684045,4.894343852996826,1.0354956284188965
p21,12,cp_single_object_p21_cell_Intensity_StdIntensity,4,9.328478223056086,14.580674171447754,1.5630281620222302
p21,13,cp_single_object_p21_cell_Intensity_StdIntensityEdge,4,2.876957825133963,4.049320220947266,1.4075007237058517
p21,14,cp_single_object_p21_cell_Intensity_UpperQuartileIntensity,4,7.634335004799388,9.342391014099121,1.2237334369301256
p21,15,cp_single_object_p21_cytoplasm_Intensity_IntegratedIntensity,4,993453.3522442358,1247227.875,1.255446843258902
p21,16,cp_single_object_p21_cytoplasm_Intensity_IntegratedIntensityEdge,4,23797.22613997967,27715.8671875,1.1646679753543612
p21,17,cp_single_object_p21_cytoplasm_Intensity_LowerQuartileIntensity,4,2.9883592516092907,4.1706719398498535,1.3956394090181306
p21,18,cp_single_object_p21_cytoplasm_Intensity_MADIntensity,4,1.672814550559209,2.2954463958740234,1.3722061391124758
p21,19,cp_single_object_p21_cytoplasm_Intensity_MassDisplacement,4,0.7956875541950056,0.981217622756958,1.2331694992384952
p21,20,cp_single_object_p21_cytoplasm_Intensity_MaxIntensity,4,67.93934506286979,122.9841079711914,1.8102044972229896
p21,21,cp_single_object_p21_cytoplasm_Intensity_MaxIntensityEdge,4,48.727629463587405,75.71424865722656,1.553825816907539
p21,22,cp_single_object_p21_cytoplasm_Intensity_MeanIntensity,4,6.196393101881153,8.066349983215332,1.3017815123392482
p21,23,cp_single_object_p21_cytoplasm_Intensity_MeanIntensityEdge,4,4.601203994990467,6.317215442657471,1.3729483521129038
p21,24,cp_single_object_p21_cytoplasm_Intensity_MedianIntensity,4,3.9222800107238807,5.887609004974365,1.5010679984287432
p21,25,cp_single_object_p21_cytoplasm_Intensity_MinIntensity,4,6.076653837912394,6.25498628616333,1.0293471461445303
p21,26,cp_single_object_p21_cytoplasm_Intensity_MinIntensityEdge,4,4.822322030189828,5.014540672302246,1.0398601837266457
p21,27,cp_single_object_p21_cytoplasm_Intensity_StdIntensity,4,8.85432065240424,13.651577949523926,1.5417984603727979
p21,28,cp_single_object_p21_cytoplasm_Intensity_StdIntensityEdge,4,7.728657084080199,12.076312065124512,1.562536923781984
p21,29,cp_single_object_p21_cytoplasm_Intensity_UpperQuartileIntensity,4,8.10679669147302,9.296247482299805,1.1467226619951978
mitochondria_tomm20,0,op_cp1_mitochondria_tomm20_intensity_mean_mean,0,32.157492936873155,32.739131927490234,1.0180871995139318
mitochondria_tomm20,1,op_cp1_mitochondria_tomm20_intensity_mean_median,0,39.555517410087134,39.667449951171875,1.0028297579810244
mitochondria_tomm20,2,op_cp1_mitochondria_tomm20_intensity_mean_std,0,14.891480441824669,14.752325057983398,0.9906553693983015
mitochondria_tomm20,3,op_cp1_mitochondria_tomm20_intensity_mean_sum,0,2620.4969887118878,3398.30810546875,1.2968181685029134
mitochondria_tomm20,4,op_cp1_mitochondria_tomm20_intensity_mean_min,0,26.3469958502257,26.14907455444336,0.9924878989275491
mitochondria_tomm20,5,op_cp1_mitochondria_tomm20_intensity_mean_max,0,49.51880715032233,50.324588775634766,1.0162722341607777
mitochondria_tomm20,6,op_cp1_mitochondria_tomm20_intensity_max_mean,0,38.66667403977099,38.876800537109375,1.0054343049294143
mitochondria_tomm20,7,op_cp1_mitochondria_tomm20_intensity_max_median,0,46.04956172519051,45.47711944580078,0.9875689961436358
mitochondria_tomm20,8,op_cp1_mitochondria_tomm20_intensity_max_std,0,21.479954501666917,20.998437881469727,0.9775829776473771
mitochondria_tomm20,9,op_cp1_mitochondria_tomm20_intensity_max_sum,0,2950.737294176683,3790.1240234375,1.2844667774787533
mitochondria_tomm20,10,op_cp1_mitochondria_tomm20_intensity_max_min,0,29.96308398034837,29.37257957458496,0.9802922687747797
mitochondria_tomm20,11,op_cp1_mitochondria_tomm20_intensity_max_max,0,74.2182970785302,75.28886413574219,1.014424570481309
mitochondria_tomm20,12,op_cp1_mitochondria_tomm20_intensity_min_mean,0,27.023755458210584,27.635316848754883,1.0226305108292597
mitochondria_tomm20,13,op_cp1_mitochondria_tomm20_intensity_min_median,0,31.72959443943989,31.64869499206543,0.9974503472608556
mitochondria_tomm20,14,op_cp1_mitochondria_tomm20_intensity_min_std,0,14.098035212285788,13.839180946350098,0.98163898287684
mitochondria_tomm20,15,op_cp1_mitochondria_tomm20_intensity_min_sum,0,2341.886023017653,3060.12890625,1.3066942097834677
mitochondria_tomm20,16,op_cp1_mitochondria_tomm20_intensity_min_min,0,20.153949882064197,20.45856475830078,1.0151144008007915
mitochondria_tomm20,17,op_cp1_mitochondria_tomm20_intensity_min_max,0,48.7379885454864,48.381961822509766,0.9926950878852056
mitochondria_tomm20,18,op_cp1_mitochondria_tomm20_intensity_std_mean,0,4.113142940779627,3.9397482872009277,0.9578437569335158
mitochondria_tomm20,19,op_cp1_mitochondria_tomm20_intensity_std_median,0,3.50666895024441,3.2160608768463135,0.9171270292344416
mitochondria_tomm20,20,op_cp1_mitochondria_tomm20_intensity_std_std,0,4.555922730256959,4.4174346923828125,0.9696026368150595
mitochondria_tomm20,21,op_cp1_mitochondria_tomm20_intensity_std_sum,0,161.66589944959816,191.86424255371094,1.1867947613375793
mitochondria_tomm20,22,op_cp1_mitochondria_tomm20_intensity_std_min,0,2.211428690844253,2.0198137760162354,0.9133524333742522
mitochondria_tomm20,23,op_cp1_mitochondria_tomm20_intensity_std_max,0,17.032404156360002,17.165233612060547,1.0077986322119385
mitochondria_tomm20,24,op_cp1_mitochondria_tomm20_intensity_median_mean,0,32.32189352272958,32.896270751953125,1.0177705315692482
mitochondria_tomm20,25,op_cp1_mitochondria_tomm20_intensity_median_median,0,39.50558112584287,39.59787368774414,1.0023361904640076
mitochondria_tomm20,26,op_cp1_mitochondria_tomm20_intensity_median_std,0,15.089055384644576,14.894189834594727,0.9870856362388228
mitochondria_tomm20,27,op_cp1_mitochondria_tomm20_intensity_median_sum,0,2598.950828457483,3379.34326171875,1.3002721039260452
mitochondria_tomm20,28,op_cp1_mitochondria_tomm20_intensity_median_min,0,26.295053579295473,26.105941772460938,0.9928080843697751
mitochondria_tomm20,29,op_cp1_mitochondria_tomm20_intensity_median_max,0,51.01862980440729,51.56899642944336,1.0107875618601683
mitochondria_tomm20,30,op_cp1_mitochondria_tomm20_intensity_q25_mean,0,30.448323642871557,31.052682876586914,1.0198486866076402
mitochondria_tomm20,31,op_cp1_mitochondria_tomm20_intensity_q25_median,0,36.35037904958166,36.48152160644531,1.00360773560806
mitochondria_tomm20,32,op_cp1_mitochondria_tomm20_intensity_q25_std,0,14.521136880101736,14.307331085205078,0.9852762358304304
mitochondria_tomm20,33,op_cp1_mitochondria_tomm20_intensity_q25_sum,0,2494.6340050665503,3253.83154296875,1.3043322332495608
mitochondria_tomm20,34,op_cp1_mitochondria_tomm20_intensity_q25_min,0,24.81490680804576,24.724103927612305,0.9963407930105942
mitochondria_tomm20,35,op_cp1_mitochondria_tomm20_intensity_q25_max,0,49.81530819692796,50.102535247802734,1.0057658390818205
mitochondria_tomm20,36,op_cp1_mitochondria_tomm20_intensity_q75_mean,0,34.11224842494767,34.683937072753906,1.0167590432821818
mitochondria_tomm20,37,op_cp1_mitochondria_tomm20_intensity_q75_median,0,42.17557503883112,42.1430778503418,0.9992294784728032
mitochondria_tomm20,38,op_cp1_mitochondria_tomm20_intensity_q75_std,0,16.035691791092376,15.92013168334961,0.9927935689181207
mitochondria_tomm20,39,op_cp1_mitochondria_tomm20_intensity_q75_sum,0,2710.175642298172,3512.9306640625,1.2962003676941058
mitochondria_tomm20,40,op_cp1_mitochondria_tomm20_intensity_q75_min,0,27.687565282797454,27.437734603881836,0.9909767913370541
mitochondria_tomm20,41,op_cp1_mitochondria_tomm20_intensity_q75_max,0,52.445410952028524,53.22769546508789,1.014916167093722
mitochondria_tomm20,42,op_cp1_mitochondria_tomm20_intensity_iqr_mean,0,6.171490022817303,5.914381980895996,0.9583393895200796
mitochondria_tomm20,43,op_cp1_mitochondria_tomm20_intensity_iqr_median,0,5.319801638962635,4.795365810394287,0.9014181610217683
mitochondria_tomm20,44,op_cp1_mitochondria_tomm20_intensity_iqr_std,0,7.348511870255051,7.196089267730713,0.9792580313925453
mitochondria_tomm20,45,op_cp1_mitochondria_tomm20_intensity_iqr_sum,0,232.72791196109307,275.287109375,1.1828710490945404
mitochondria_tomm20,46,op_cp1_mitochondria_tomm20_intensity_iqr_min,0,2.8162452174413954,2.568284749984741,0.9119535238192324
mitochondria_tomm20,47,op_cp1_mitochondria_tomm20_intensity_iqr_max,0,28.704602746679008,29.22728157043457,1.0182088854657998
mitochondria_tomm20,48,op_cp1_mitochondria_tomm20_intensity_mad_mean,0,2.969959058626799,2.8745946884155273,0.9678903418098413
mitochondria_tomm20,49,op_cp1_mitochondria_tomm20_intensity_mad_median,0,2.6105182333449344,2.3586790561676025,0.9035290487687409
mitochondria_tomm20,50,op_cp1_mitochondria_tomm20_intensity_mad_std,0,3.448476874914656,3.4129135608673096,0.9896872400954619
mitochondria_tomm20,51,op_cp1_mitochondria_tomm20_intensity_mad_sum,0,113.74126328148438,135.40049743652344,1.1904254755940002
mitochondria_tomm20,52,op_cp1_mitochondria_tomm20_intensity_mad_min,0,1.4720781386803858,1.3370870351791382,0.9082989550933365
mitochondria_tomm20,53,op_cp1_mitochondria_tomm20_intensity_mad_max,0,13.420699586863465,13.713086128234863,1.0217862369602249
mitochondria_tomm20,54,op_cp1_mitochondria_tomm20_intensity_integrated_mean,0,18879.025767848947,17477.369140625,0.9257558814496152
mitochondria_tomm20,55,op_cp1_mitochondria_tomm20_intensity_integrated_median,0,6597.967125814229,4376.5888671875,0.6633238365290283
mitochondria_tomm20,56,op_cp1_mitochondria_tomm20_intensity_integrated_std,0,49787.74983097462,49499.93359375,0.9942191354660186
mitochondria_tomm20,57,op_cp1_mitochondria_tomm20_intensity_integrated_sum,0,437351.5479788145,505925.71875,1.1567941649871725
mitochondria_tomm20,58,op_cp1_mitochondria_tomm20_intensity_integrated_min,0,793.3226162309234,711.3200073242188,0.8966339705575279
mitochondria_tomm20,59,op_cp1_mitochondria_tomm20_intensity_integrated_max,0,281304.8882727895,326007.75,1.1589124952704728
mitochondria_tomm20,60,op_cp1_mitochondria_tomm20_intensity_range_mean,0,18.3990719501536,17.203319549560547,0.9350101785659318
mitochondria_tomm20,61,op_cp1_mitochondria_tomm20_intensity_range_median,0,14.228505423653807,12.36864948272705,0.8692866267011511
mitochondria_tomm20,62,op_cp1_mitochondria_tomm20_intensity_range_std,0,22.160311792925583,21.31076431274414,0.9616635592441145
mitochondria_tomm20,63,op_cp1_mitochondria_tomm20_intensity_range_sum,0,652.5332231085148,771.2896728515625,1.18199295535838
mitochondria_tomm20,64,op_cp1_mitochondria_tomm20_intensity_range_min,0,7.688736519142899,6.940105438232422,0.9026327564943101
mitochondria_tomm20,65,op_cp1_mitochondria_tomm20_intensity_range_max,0,76.53298395527882,78.75343322753906,1.0290129713687595
mitochondria_tomm20,66,op_cp1_mitochondria_tomm20_intensity_cv_mean,0,0.013062983178496867,0.012257465161383152,0.9383358298707996
mitochondria_tomm20,67,op_cp1_mitochondria_tomm20_intensity_cv_median,0,0.012453335680453155,0.01130226906388998,0.9075696145917036
mitochondria_tomm20,68,op_cp1_mitochondria_tomm20_intensity_cv_std,0,0.013561371366984914,0.013221954926848412,0.9749718202568503
mitochondria_tomm20,69,op_cp1_mitochondria_tomm20_intensity_cv_sum,0,0.8312045152625142,1.0614116191864014,1.2769560315143167
mitochondria_tomm20,70,op_cp1_mitochondria_tomm20_intensity_cv_min,0,0.010966758363600643,0.010278387926518917,0.9372311840692624
mitochondria_tomm20,71,op_cp1_mitochondria_tomm20_intensity_cv_max,0,0.05574314623215207,0.05764562636613846,1.0341293999815364
mitochondria_tomm20,0,op_cp1_mitochondria_tomm20_intensity_mean_mean,1,32.157492936873155,32.708717346191406,1.0171413987527054
mitochondria_tomm20,1,op_cp1_mitochondria_tomm20_intensity_mean_median,1,39.555517410087134,39.55097579956055,0.9998851838928182
mitochondria_tomm20,2,op_cp1_mitochondria_tomm20_intensity_mean_std,1,14.891480441824669,14.759603500366211,0.9911441349318054
mitochondria_tomm20,3,op_cp1_mitochondria_tomm20_intensity_mean_sum,1,2620.4969887118878,3334.530517578125,1.2724801943837465
mitochondria_tomm20,4,op_cp1_mitochondria_tomm20_intensity_mean_min,1,26.3469958502257,26.178998947143555,0.9936236789941003
mitochondria_tomm20,5,op_cp1_mitochondria_tomm20_intensity_mean_max,1,49.51880715032233,50.448974609375,1.0187841249129648
mitochondria_tomm20,6,op_cp1_mitochondria_tomm20_intensity_max_mean,1,38.66667403977099,38.82981491088867,1.0042191596554149
mitochondria_tomm20,7,op_cp1_mitochondria_tomm20_intensity_max_median,1,46.04956172519051,45.39750289916992,0.9858400644524725
mitochondria_tomm20,8,op_cp1_mitochondria_tomm20_intensity_max_std,1,21.479954501666917,21.074777603149414,0.9811369759425673
mitochondria_tomm20,9,op_cp1_mitochondria_tomm20_intensity_max_sum,1,2950.737294176683,3722.042724609375,1.2613941376465039
mitochondria_tomm20,10,op_cp1_mitochondria_tomm20_intensity_max_min,1,29.96308398034837,29.3142032623291,0.9783439942816019
mitochondria_tomm20,11,op_cp1_mitochondria_tomm20_intensity_max_max,1,74.2182970785302,75.71977996826172,1.020230629761591
mitochondria_tomm20,12,op_cp1_mitochondria_tomm20_intensity_min_mean,1,27.023755458210584,27.61187171936035,1.0217629360234268
mitochondria_tomm20,13,op_cp1_mitochondria_tomm20_intensity_min_median,1,31.72959443943989,31.594202041625977,0.9957329300860643
mitochondria_tomm20,14,op_cp1_mitochondria_tomm20_intensity_min_std,1,14.098035212285788,13.829695701599121,0.9809661767298735
mitochondria_tomm20,15,op_cp1_mitochondria_tomm20_intensity_min_sum,1,2341.886023017653,3000.476318359375,1.281222181126087
mitochondria_tomm20,16,op_cp1_mitochondria_tomm20_intensity_min_min,1,20.153949882064197,20.44602394104004,1.0144921497118424
mitochondria_tomm20,17,op_cp1_mitochondria_tomm20_intensity_min_max,1,48.7379885454864,48.473838806152344,0.9945802084325345
mitochondria_tomm20,18,op_cp1_mitochondria_tomm20_intensity_std_mean,1,4.113142940779627,3.929762363433838,0.9554159483426485
mitochondria_tomm20,19,op_cp1_mitochondria_tomm20_intensity_std_median,1,3.50666895024441,3.2074179649353027,0.9146623221196144
mitochondria_tomm20,20,op_cp1_mitochondria_tomm20_intensity_std_std,1,4.555922730256959,4.436331748962402,0.9737504368763051
mitochondria_tomm20,21,op_cp1_mitochondria_tomm20_intensity_std_sum,1,161.66589944959816,189.47886657714844,1.1720397883674993
mitochondria_tomm20,22,op_cp1_mitochondria_tomm20_intensity_std_min,1,2.211428690844253,2.018272876739502,0.9126556443332521
mitochondria_tomm20,23,op_cp1_mitochondria_tomm20_intensity_std_max,1,17.032404156360002,17.279287338256836,1.0144949109726618
mitochondria_tomm20,24,op_cp1_mitochondria_tomm20_intensity_median_mean,1,32.32189352272958,32.87066650390625,1.0169783673345363
mitochondria_tomm20,25,op_cp1_mitochondria_tomm20_intensity_median_median,1,39.50558112584287,39.49649429321289,0.9997699861039624
mitochondria_tomm20,26,op_cp1_mitochondria_tomm20_intensity_median_std,1,15.089055384644576,14.893540382385254,0.9870425949620221
mitochondria_tomm20,27,op_cp1_mitochondria_tomm20_intensity_median_sum,1,2598.950828457483,3311.771484375,1.2742724672250096
mitochondria_tomm20,28,op_cp1_mitochondria_tomm20_intensity_median_min,1,26.295053579295473,26.149568557739258,0.9944672095412359
mitochondria_tomm20,29,op_cp1_mitochondria_tomm20_intensity_median_max,1,51.01862980440729,51.709712982177734,1.0135457024310508
mitochondria_tomm20,30,op_cp1_mitochondria_tomm20_intensity_q25_mean,1,30.448323642871557,31.02020263671875,1.0187819533368985
mitochondria_tomm20,31,op_cp1_mitochondria_tomm20_intensity_q25_median,1,36.35037904958166,36.380245208740234,1.000821618919512
mitochondria_tomm20,32,op_cp1_mitochondria_tomm20_intensity_q25_std,1,14.521136880101736,14.298209190368652,0.9846480553434793
mitochondria_tomm20,33,op_cp1_mitochondria_tomm20_intensity_q25_sum,1,2494.6340050665503,3187.85302734375,1.2778840586912894
mitochondria_tomm20,34,op_cp1_mitochondria_tomm20_intensity_q25_min,1,24.81490680804576,24.768465042114258,0.9981284730871347
mitochondria_tomm20,35,op_cp1_mitochondria_tomm20_intensity_q25_max,1,49.81530819692796,50.17697525024414,1.0072601589030916
mitochondria_tomm20,36,op_cp1_mitochondria_tomm20_intensity_q75_mean,1,34.11224842494767,34.654170989990234,1.0158864510568653
mitochondria_tomm20,37,op_cp1_mitochondria_tomm20_intensity_q75_median,1,42.17557503883112,42.03206253051758,0.9965972601871721
mitochondria_tomm20,38,op_cp1_mitochondria_tomm20_intensity_q75_std,1,16.035691791092376,15.932577133178711,0.9935696782367105
mitochondria_tomm20,39,op_cp1_mitochondria_tomm20_intensity_q75_sum,1,2710.175642298172,3443.77783203125,1.270684371257576
mitochondria_tomm20,40,op_cp1_mitochondria_tomm20_intensity_q75_min,1,27.687565282797454,27.42962646484375,0.9906839472767234
mitochondria_tomm20,41,op_cp1_mitochondria_tomm20_intensity_q75_max,1,52.445410952028524,53.42182159423828,1.0186176564257048
mitochondria_tomm20,42,op_cp1_mitochondria_tomm20_intensity_iqr_mean,1,6.171490022817303,5.905815601348877,0.9569513325815692
mitochondria_tomm20,43,op_cp1_mitochondria_tomm20_intensity_iqr_median,1,5.319801638962635,4.7797160148620605,0.8984763604445426
mitochondria_tomm20,44,op_cp1_mitochondria_tomm20_intensity_iqr_std,1,7.348511870255051,7.2324724197387695,0.984209122531872
mitochondria_tomm20,45,op_cp1_mitochondria_tomm20_intensity_iqr_sum,1,232.72791196109307,272.22119140625,1.16969721900723
mitochondria_tomm20,46,op_cp1_mitochondria_tomm20_intensity_iqr_min,1,2.8162452174413954,2.5610692501068115,0.9093914245271527
mitochondria_tomm20,47,op_cp1_mitochondria_tomm20_intensity_iqr_max,1,28.704602746679008,29.469966888427734,1.0266634639922783
mitochondria_tomm20,48,op_cp1_mitochondria_tomm20_intensity_mad_mean,1,2.969959058626799,2.8677785396575928,0.9655953105910992
mitochondria_tomm20,49,op_cp1_mitochondria_tomm20_intensity_mad_median,1,2.6105182333449344,2.34926700592041,0.8999236151322432
mitochondria_tomm20,50,op_cp1_mitochondria_tomm20_intensity_mad_std,1,3.448476874914656,3.4228360652923584,0.9925645986467773
mitochondria_tomm20,51,op_cp1_mitochondria_tomm20_intensity_mad_sum,1,113.74126328148438,133.8260040283203,1.176582712090428
mitochondria_tomm20,52,op_cp1_mitochondria_tomm20_intensity_mad_min,1,1.4720781386803858,1.3332843780517578,0.9057157653648421
mitochondria_tomm20,53,op_cp1_mitochondria_tomm20_intensity_mad_max,1,13.420699586863465,13.809014320373535,1.0289340157714404
mitochondria_tomm20,54,op_cp1_mitochondria_tomm20_intensity_integrated_mean,1,18879.025767848947,17552.888671875,0.9297560630362418
mitochondria_tomm20,55,op_cp1_mitochondria_tomm20_intensity_integrated_median,1,6597.967125814229,4353.9423828125,0.659891493817529
mitochondria_tomm20,56,op_cp1_mitochondria_tomm20_intensity_integrated_std,1,49787.74983097462,49780.03515625,0.9998450487368717
mitochondria_tomm20,57,op_cp1_mitochondria_tomm20_intensity_integrated_sum,1,437351.5479788145,500024.15625,1.1433003005495739
mitochondria_tomm20,58,op_cp1_mitochondria_tomm20_intensity_integrated_min,1,793.3226162309234,875.727783203125,1.1038734624303397
mitochondria_tomm20,59,op_cp1_mitochondria_tomm20_intensity_integrated_max,1,281304.8882727895,324646.6875,1.154074106188943
mitochondria_tomm20,60,op_cp1_mitochondria_tomm20_intensity_range_mean,1,18.3990719501536,17.153268814086914,0.9322898926944907
mitochondria_tomm20,61,op_cp1_mitochondria_tomm20_intensity_range_median,1,14.228505423653807,12.320054054260254,0.865871269499543
mitochondria_tomm20,62,op_cp1_mitochondria_tomm20_intensity_range_std,1,22.160311792925583,21.38995933532715,0.9652372915689589
mitochondria_tomm20,63,op_cp1_mitochondria_tomm20_intensity_range_sum,1,652.5332231085148,763.5174560546875,1.1700821184513333
mitochondria_tomm20,64,op_cp1_mitochondria_tomm20_intensity_range_min,1,7.688736519142899,6.939152240753174,0.9025087832671258
mitochondria_tomm20,65,op_cp1_mitochondria_tomm20_intensity_range_max,1,76.53298395527882,79.24642181396484,1.0354544892731687
mitochondria_tomm20,66,op_cp1_mitochondria_tomm20_intensity_cv_mean,1,0.013062983178496867,0.01224580593407154,0.9374432904598322
mitochondria_tomm20,67,op_cp1_mitochondria_tomm20_intensity_cv_median,1,0.012453335680453155,0.011308190412819386,0.9080450975531642
mitochondria_tomm20,68,op_cp1_mitochondria_tomm20_intensity_cv_std,1,0.013561371366984914,0.013238211162388325,0.9761705364559722
mitochondria_tomm20,69,op_cp1_mitochondria_tomm20_intensity_cv_sum,1,0.8312045152625142,1.0392786264419556,1.2503284178066894
mitochondria_tomm20,70,op_cp1_mitochondria_tomm20_intensity_cv_min,1,0.010966758363600643,0.010310779325664043,0.9401847823953308
mitochondria_tomm20,71,op_cp1_mitochondria_tomm20_intensity_cv_max,1,0.05574314623215207,0.0576448030769825,1.034114630647338
mitochondria_tomm20,0,op_cp1_mitochondria_tomm20_intensity_mean_mean,2,32.157492936873155,32.795223236083984,1.019831468219949
mitochondria_tomm20,1,op_cp1_mitochondria_tomm20_intensity_mean_median,2,39.555517410087134,39.70387649536133,1.003750654649163
mitochondria_tomm20,2,op_cp1_mitochondria_tomm20_intensity_mean_std,2,14.891480441824669,14.728899955749512,0.9890823154413494
mitochondria_tomm20,3,op_cp1_mitochondria_tomm20_intensity_mean_sum,2,2620.4969887118878,3333.95751953125,1.2722615343168417
mitochondria_tomm20,4,op_cp1_mitochondria_tomm20_intensity_mean_min,2,26.3469958502257,26.44063377380371,1.003554026580879
mitochondria_tomm20,5,op_cp1_mitochondria_tomm20_intensity_mean_max,2,49.51880715032233,50.26530075073242,1.0150749511825676
mitochondria_tomm20,6,op_cp1_mitochondria_tomm20_intensity_max_mean,2,38.66667403977099,38.92329025268555,1.0066366249305698
mitochondria_tomm20,7,op_cp1_mitochondria_tomm20_intensity_max_median,2,46.04956172519051,45.51057815551758,0.9882955765596768
mitochondria_tomm20,8,op_cp1_mitochondria_tomm20_intensity_max_std,2,21.479954501666917,21.174564361572266,0.9857825518172791
mitochondria_tomm20,9,op_cp1_mitochondria_tomm20_intensity_max_sum,2,2950.737294176683,3723.0869140625,1.2617480117291562
mitochondria_tomm20,10,op_cp1_mitochondria_tomm20_intensity_max_min,2,29.96308398034837,29.55059242248535,0.9862333410628373
mitochondria_tomm20,11,op_cp1_mitochondria_tomm20_intensity_max_max,2,74.2182970785302,75.76685333251953,1.0208648852768853
mitochondria_tomm20,12,op_cp1_mitochondria_tomm20_intensity_min_mean,2,27.023755458210584,27.692737579345703,1.0247553350669425
mitochondria_tomm20,13,op_cp1_mitochondria_tomm20_intensity_min_median,2,31.72959443943989,31.742168426513672,1.0003962857797561
mitochondria_tomm20,14,op_cp1_mitochondria_tomm20_intensity_min_std,2,14.098035212285788,13.744574546813965,0.974928374050038
mitochondria_tomm20,15,op_cp1_mitochondria_tomm20_intensity_min_sum,2,2341.886023017653,2998.741455078125,1.280481383638849
mitochondria_tomm20,16,op_cp1_mitochondria_tomm20_intensity_min_min,2,20.153949882064197,20.59162712097168,1.0217166977921777
mitochondria_tomm20,17,op_cp1_mitochondria_tomm20_intensity_min_max,2,48.7379885454864,48.35921859741211,0.9922284452153622
mitochondria_tomm20,18,op_cp1_mitochondria_tomm20_intensity_std_mean,2,4.113142940779627,3.9308247566223145,0.9556742406519051
mitochondria_tomm20,19,op_cp1_mitochondria_tomm20_intensity_std_median,2,3.50666895024441,3.209907293319702,0.9153722061775965
mitochondria_tomm20,20,op_cp1_mitochondria_tomm20_intensity_std_std,2,4.555922730256959,4.442153453826904,0.97502826909805
mitochondria_tomm20,21,op_cp1_mitochondria_tomm20_intensity_std_sum,2,161.66589944959816,189.87635803222656,1.1744985100671985
mitochondria_tomm20,22,op_cp1_mitochondria_tomm20_intensity_std_min,2,2.211428690844253,2.0062496662139893,0.9072187923220201
mitochondria_tomm20,23,op_cp1_mitochondria_tomm20_intensity_std_max,2,17.032404156360002,17.191486358642578,1.0093399734307722
mitochondria_tomm20,24,op_cp1_mitochondria_tomm20_intensity_median_mean,2,32.32189352272958,32.96088790893555,1.0197697076675476
mitochondria_tomm20,25,op_cp1_mitochondria_tomm20_intensity_median_median,2,39.50558112584287,39.6622428894043,1.0039655602853275
mitochondria_tomm20,26,op_cp1_mitochondria_tomm20_intensity_median_std,2,15.089055384644576,14.862687110900879,0.9849978499002621
mitochondria_tomm20,27,op_cp1_mitochondria_tomm20_intensity_median_sum,2,2598.950828457483,3308.812744140625,1.273134030821374
mitochondria_tomm20,28,op_cp1_mitochondria_tomm20_intensity_median_min,2,26.295053579295473,26.410890579223633,1.004405277197053
mitochondria_tomm20,29,op_cp1_mitochondria_tomm20_intensity_median_max,2,51.01862980440729,51.53550338745117,1.010131075354737
mitochondria_tomm20,30,op_cp1_mitochondria_tomm20_intensity_q25_mean,2,30.448323642871557,31.11310577392578,1.0218331274605281
mitochondria_tomm20,31,op_cp1_mitochondria_tomm20_intensity_q25_median,2,36.35037904958166,36.53234100341797,1.0050057787179636
mitochondria_tomm20,32,op_cp1_mitochondria_tomm20_intensity_q25_std,2,14.521136880101736,14.242033958435059,0.980779540612338
mitochondria_tomm20,33,op_cp1_mitochondria_tomm20_intensity_q25_sum,2,2494.6340050665503,3184.610107421875,1.2765841004949012
mitochondria_tomm20,34,op_cp1_mitochondria_tomm20_intensity_q25_min,2,24.81490680804576,25.022926330566406,1.0083828452038837
mitochondria_tomm20,35,op_cp1_mitochondria_tomm20_intensity_q25_max,2,49.81530819692796,50.01059341430664,1.0039201848678059
mitochondria_tomm20,36,op_cp1_mitochondria_tomm20_intensity_q75_mean,2,34.11224842494767,34.73396682739258,1.0182256647143264
mitochondria_tomm20,37,op_cp1_mitochondria_tomm20_intensity_q75_median,2,42.17557503883112,42.19676971435547,1.0005025343579745
mitochondria_tomm20,38,op_cp1_mitochondria_tomm20_intensity_q75_std,2,16.035691791092376,15.914576530456543,0.9924471446437308
mitochondria_tomm20,39,op_cp1_mitochondria_tomm20_intensity_q75_sum,2,2710.175642298172,3441.108154296875,1.269699314166549
mitochondria_tomm20,40,op_cp1_mitochondria_tomm20_intensity_q75_min,2,27.687565282797454,27.68916130065918,1.0000576438500615
mitochondria_tomm20,41,op_cp1_mitochondria_tomm20_intensity_q75_max,2,52.445410952028524,53.23073959350586,1.0149742108455526
mitochondria_tomm20,42,op_cp1_mitochondria_tomm20_intensity_iqr_mean,2,6.171490022817303,5.893148422241211,0.954898800849227
mitochondria_tomm20,43,op_cp1_mitochondria_tomm20_intensity_iqr_median,2,5.319801638962635,4.758270263671875,0.8944450538948556
mitochondria_tomm20,44,op_cp1_mitochondria_tomm20_intensity_iqr_std,2,7.348511870255051,7.218715667724609,0.982337076564328
mitochondria_tomm20,45,op_cp1_mitochondria_tomm20_intensity_iqr_sum,2,232.72791196109307,272.6585388183594,1.1715764410069636
mitochondria_tomm20,46,op_cp1_mitochondria_tomm20_intensity_iqr_min,2,2.8162452174413954,2.5304629802703857,0.8985236671149512
mitochondria_tomm20,47,op_cp1_mitochondria_tomm20_intensity_iqr_max,2,28.704602746679008,29.28551483154297,1.0202375936009485
mitochondria_tomm20,48,op_cp1_mitochondria_tomm20_intensity_mad_mean,2,2.969959058626799,2.8573479652404785,0.9620832842596867
mitochondria_tomm20,49,op_cp1_mitochondria_tomm20_intensity_mad_median,2,2.6105182333449344,2.3364028930664062,0.8949958147094433
mitochondria_tomm20,50,op_cp1_mitochondria_tomm20_intensity_mad_std,2,3.448476874914656,3.41387677192688,0.9899665550204299
mitochondria_tomm20,51,op_cp1_mitochondria_tomm20_intensity_mad_sum,2,113.74126328148438,134.03302001953125,1.1784027726844326
mitochondria_tomm20,52,op_cp1_mitochondria_tomm20_intensity_mad_min,2,1.4720781386803858,1.3154053688049316,0.893570344019985
mitochondria_tomm20,53,op_cp1_mitochondria_tomm20_intensity_mad_max,2,13.420699586863465,13.729692459106445,1.023023603966624
mitochondria_tomm20,54,op_cp1_mitochondria_tomm20_intensity_integrated_mean,2,18879.025767848947,17889.6328125,0.9475930078429212
mitochondria_tomm20,55,op_cp1_mitochondria_tomm20_intensity_integrated_median,2,6597.967125814229,4923.10498046875,0.7461548211126028
mitochondria_tomm20,56,op_cp1_mitochondria_tomm20_intensity_integrated_std,2,49787.74983097462,50128.79296875,1.0068499407772633
mitochondria_tomm20,57,op_cp1_mitochondria_tomm20_intensity_integrated_sum,2,437351.5479788145,501421.96875,1.1464963850414658
mitochondria_tomm20,58,op_cp1_mitochondria_tomm20_intensity_integrated_min,2,793.3226162309234,1017.0043334960938,1.2819555533761062
mitochondria_tomm20,59,op_cp1_mitochondria_tomm20_intensity_integrated_max,2,281304.8882727895,325696.65625,1.1578065999840093
mitochondria_tomm20,60,op_cp1_mitochondria_tomm20_intensity_range_mean,2,18.3990719501536,17.240781784057617,0.9370462722666665
mitochondria_tomm20,61,op_cp1_mitochondria_tomm20_intensity_range_median,2,14.228505423653807,12.386579513549805,0.870546775275361
mitochondria_tomm20,62,op_cp1_mitochondria_tomm20_intensity_range_std,2,22.160311792925583,21.536617279052734,0.9718553367073132
mitochondria_tomm20,63,op_cp1_mitochondria_tomm20_intensity_range_sum,2,652.5332231085148,766.0155029296875,1.1739103478602513
mitochondria_tomm20,64,op_cp1_mitochondria_tomm20_intensity_range_min,2,7.688736519142899,6.927917003631592,0.9010475240480579
mitochondria_tomm20,65,op_cp1_mitochondria_tomm20_intensity_range_max,2,76.53298395527882,79.22825622558594,1.035217132940773
mitochondria_tomm20,66,op_cp1_mitochondria_tomm20_intensity_cv_mean,2,0.013062983178496867,0.012252720072865486,0.9379725829422207
mitochondria_tomm20,67,op_cp1_mitochondria_tomm20_intensity_cv_median,2,0.012453335680453155,0.011318832635879517,0.9088996656249809
mitochondria_tomm20,68,op_cp1_mitochondria_tomm20_intensity_cv_std,2,0.013561371366984914,0.013248618692159653,0.9769379757871202
mitochondria_tomm20,69,op_cp1_mitochondria_tomm20_intensity_cv_sum,2,0.8312045152625142,1.0433684587478638,1.2552487860563935
mitochondria_tomm20,70,op_cp1_mitochondria_tomm20_intensity_cv_min,2,0.010966758363600643,0.010283516719937325,0.9376988512912767
mitochondria_tomm20,71,op_cp1_mitochondria_tomm20_intensity_cv_max,2,0.05574314623215207,0.05746547877788544,1.030897655804364
mitochondria_tomm20,0,op_cp1_mitochondria_tomm20_intensity_mean_mean,3,32.157492936873155,32.75221633911133,1.0184940848282436
mitochondria_tomm20,1,op_cp1_mitochondria_tomm20_intensity_mean_median,3,39.555517410087134,39.64961624145508,1.0023789053343024
mitochondria_tomm20,2,op_cp1_mitochondria_tomm20_intensity_mean_std,3,14.891480441824669,14.595376014709473,0.9801158502492775
mitochondria_tomm20,3,op_cp1_mitochondria_tomm20_intensity_mean_sum,3,2620.4969887118878,3298.66015625,1.2587918133313578
mitochondria_tomm20,4,op_cp1_mitochondria_tomm20_intensity_mean_min,3,26.3469958502257,26.41618537902832,1.0026260879682807
mitochondria_tomm20,5,op_cp1_mitochondria_tomm20_intensity_mean_max,3,49.51880715032233,49.91277313232422,1.0079558859486648
mitochondria_tomm20,6,op_cp1_mitochondria_tomm20_intensity_max_mean,3,38.66667403977099,38.88015365600586,1.005521023505029
mitochondria_tomm20,7,op_cp1_mitochondria_tomm20_intensity_max_median,3,46.04956172519051,45.47614669799805,0.9875478722118046
mitochondria_tomm20,8,op_cp1_mitochondria_tomm20_intensity_max_std,3,21.479954501666917,20.99944496154785,0.9776298622940855
mitochondria_tomm20,9,op_cp1_mitochondria_tomm20_intensity_max_sum,3,2950.737294176683,3683.3369140625,1.2482768023204274
mitochondria_tomm20,10,op_cp1_mitochondria_tomm20_intensity_max_min,3,29.96308398034837,29.573644638061523,0.9870026949648353
mitochondria_tomm20,11,op_cp1_mitochondria_tomm20_intensity_max_max,3,74.2182970785302,75.64144134521484,1.0191751134518596
mitochondria_tomm20,12,op_cp1_mitochondria_tomm20_intensity_min_mean,3,27.023755458210584,27.66425323486328,1.0237012867306012
mitochondria_tomm20,13,op_cp1_mitochondria_tomm20_intensity_min_median,3,31.72959443943989,31.668962478637695,0.9980891038201601
mitochondria_tomm20,14,op_cp1_mitochondria_tomm20_intensity_min_std,3,14.098035212285788,13.632105827331543,0.9669507574680897
mitochondria_tomm20,15,op_cp1_mitochondria_tomm20_intensity_min_sum,3,2341.886023017653,2966.94873046875,1.2669056911000598
mitochondria_tomm20,16,op_cp1_mitochondria_tomm20_intensity_min_min,3,20.153949882064197,20.551252365112305,1.0197133805220824
mitochondria_tomm20,17,op_cp1_mitochondria_tomm20_intensity_min_max,3,48.7379885454864,47.963199615478516,0.9841029768948141
mitochondria_tomm20,18,op_cp1_mitochondria_tomm20_intensity_std_mean,3,4.113142940779627,3.9167850017547607,0.9522608521386208
mitochondria_tomm20,19,op_cp1_mitochondria_tomm20_intensity_std_median,3,3.50666895024441,3.22253680229187,0.9189737748318852
mitochondria_tomm20,20,op_cp1_mitochondria_tomm20_intensity_std_std,3,4.555922730256959,4.4082417488098145,0.9675848362250834
mitochondria_tomm20,21,op_cp1_mitochondria_tomm20_intensity_std_sum,3,161.66589944959816,188.26837158203125,1.1645521549257012
mitochondria_tomm20,22,op_cp1_mitochondria_tomm20_intensity_std_min,3,2.211428690844253,2.0110740661621094,0.9094003684081468
mitochondria_tomm20,23,op_cp1_mitochondria_tomm20_intensity_std_max,3,17.032404156360002,17.20024871826172,1.0098544257381916
mitochondria_tomm20,24,op_cp1_mitochondria_tomm20_intensity_median_mean,3,32.32189352272958,32.91856384277344,1.0184602526341553
mitochondria_tomm20,25,op_cp1_mitochondria_tomm20_intensity_median_median,3,39.50558112584287,39.61614990234375,1.0027988140751218
mitochondria_tomm20,26,op_cp1_mitochondria_tomm20_intensity_median_std,3,15.089055384644576,14.72995376586914,0.9762011862491488
mitochondria_tomm20,27,op_cp1_mitochondria_tomm20_intensity_median_sum,3,2598.950828457483,3275.728759765625,1.260404284643515
mitochondria_tomm20,28,op_cp1_mitochondria_tomm20_intensity_median_min,3,26.295053579295473,26.39461898803711,1.0037864691334963
mitochondria_tomm20,29,op_cp1_mitochondria_tomm20_intensity_median_max,3,51.01862980440729,51.2447624206543,1.004432353771827
mitochondria_tomm20,30,op_cp1_mitochondria_tomm20_intensity_q25_mean,3,30.448323642871557,31.083171844482422,1.0208500214677498
mitochondria_tomm20,31,op_cp1_mitochondria_tomm20_intensity_q25_median,3,36.35037904958166,36.503379821777344,1.0042090557566674
mitochondria_tomm20,32,op_cp1_mitochondria_tomm20_intensity_q25_std,3,14.521136880101736,14.130812644958496,0.9731202702401284
mitochondria_tomm20,33,op_cp1_mitochondria_tomm20_intensity_q25_sum,3,2494.6340050665503,3152.66552734375,1.2637787831564675
mitochondria_tomm20,34,op_cp1_mitochondria_tomm20_intensity_q25_min,3,24.81490680804576,25.007152557373047,1.0077471880436382
mitochondria_tomm20,35,op_cp1_mitochondria_tomm20_intensity_q25_max,3,49.81530819692796,49.66675567626953,0.997017934325104
mitochondria_tomm20,36,op_cp1_mitochondria_tomm20_intensity_q75_mean,3,34.11224842494767,34.680599212646484,1.0166611939681804
mitochondria_tomm20,37,op_cp1_mitochondria_tomm20_intensity_q75_median,3,42.17557503883112,42.13398742675781,0.9990139408405216
mitochondria_tomm20,38,op_cp1_mitochondria_tomm20_intensity_q75_std,3,16.035691791092376,15.768627166748047,0.9833456125358633
mitochondria_tomm20,39,op_cp1_mitochondria_tomm20_intensity_q75_sum,3,2710.175642298172,3406.5185546875,1.2569364514688222
mitochondria_tomm20,40,op_cp1_mitochondria_tomm20_intensity_q75_min,3,27.687565282797454,27.691808700561523,1.0001532607768406
mitochondria_tomm20,41,op_cp1_mitochondria_tomm20_intensity_q75_max,3,52.445410952028524,53.05512237548828,1.0116256391625467
mitochondria_tomm20,42,op_cp1_mitochondria_tomm20_intensity_iqr_mean,3,6.171490022817303,5.864012718200684,0.9501777847035625
mitochondria_tomm20,43,op_cp1_mitochondria_tomm20_intensity_iqr_median,3,5.319801638962635,4.785053253173828,0.8994796381368304
mitochondria_tomm20,44,op_cp1_mitochondria_tomm20_intensity_iqr_std,3,7.348511870255051,7.16171407699585,0.9745801875866442
mitochondria_tomm20,45,op_cp1_mitochondria_tomm20_intensity_iqr_sum,3,232.72791196109307,270.24530029296875,1.1612070851997665
mitochondria_tomm20,46,op_cp1_mitochondria_tomm20_intensity_iqr_min,3,2.8162452174413954,2.538581371307373,0.9014063674518071
mitochondria_tomm20,47,op_cp1_mitochondria_tomm20_intensity_iqr_max,3,28.704602746679008,29.310375213623047,1.0211036701078933
mitochondria_tomm20,48,op_cp1_mitochondria_tomm20_intensity_mad_mean,3,2.969959058626799,2.848362445831299,0.959057815143175
mitochondria_tomm20,49,op_cp1_mitochondria_tomm20_intensity_mad_median,3,2.6105182333449344,2.351710557937622,0.9008596561014269
mitochondria_tomm20,50,op_cp1_mitochondria_tomm20_intensity_mad_std,3,3.448476874914656,3.39306640625,0.9839319007566123
mitochondria_tomm20,51,op_cp1_mitochondria_tomm20_intensity_mad_sum,3,113.74126328148438,132.82217407226562,1.1677571554973873
mitochondria_tomm20,52,op_cp1_mitochondria_tomm20_intensity_mad_min,3,1.4720781386803858,1.3180655241012573,0.8953774188120273
mitochondria_tomm20,53,op_cp1_mitochondria_tomm20_intensity_mad_max,3,13.420699586863465,13.72802448272705,1.0228993201043262
mitochondria_tomm20,54,op_cp1_mitochondria_tomm20_intensity_integrated_mean,3,18879.025767848947,17880.57421875,0.9471131846856572
mitochondria_tomm20,55,op_cp1_mitochondria_tomm20_intensity_integrated_median,3,6597.967125814229,4921.0830078125,0.7458483672279905
mitochondria_tomm20,56,op_cp1_mitochondria_tomm20_intensity_integrated_std,3,49787.74983097462,50057.171875,1.005411412344202
mitochondria_tomm20,57,op_cp1_mitochondria_tomm20_intensity_integrated_sum,3,437351.5479788145,499148.25,1.141297549549725
mitochondria_tomm20,58,op_cp1_mitochondria_tomm20_intensity_integrated_min,3,793.3226162309234,1043.92822265625,1.3158936872567104
mitochondria_tomm20,59,op_cp1_mitochondria_tomm20_intensity_integrated_max,3,281304.8882727895,324709.21875,1.1542963961405466
mitochondria_tomm20,60,op_cp1_mitochondria_tomm20_intensity_range_mean,3,18.3990719501536,17.232460021972656,0.9365939797756372
mitochondria_tomm20,61,op_cp1_mitochondria_tomm20_intensity_range_median,3,14.228505423653807,12.45711612701416,0.87550419078487
mitochondria_tomm20,62,op_cp1_mitochondria_tomm20_intensity_range_std,3,22.160311792925583,21.44454574584961,0.9677005425842216
mitochondria_tomm20,63,op_cp1_mitochondria_tomm20_intensity_range_sum,3,652.5332231085148,758.2056274414062,1.1619417994220937
mitochondria_tomm20,64,op_cp1_mitochondria_tomm20_intensity_range_min,3,7.688736519142899,6.951863765716553,0.9041620490451545
mitochondria_tomm20,65,op_cp1_mitochondria_tomm20_intensity_range_max,3,76.53298395527882,79.1653060913086,1.0343946100098218
mitochondria_tomm20,66,op_cp1_mitochondria_tomm20_intensity_cv_mean,3,0.013062983178496867,0.012241805903613567,0.937137079359097
mitochondria_tomm20,67,op_cp1_mitochondria_tomm20_intensity_cv_median,3,0.012453335680453155,0.011342152021825314,0.91077220697006
mitochondria_tomm20,68,op_cp1_mitochondria_tomm20_intensity_cv_std,3,0.013561371366984914,0.013196539133787155,0.9730976887716577
mitochondria_tomm20,69,op_cp1_mitochondria_tomm20_intensity_cv_sum,3,0.8312045152625142,1.0340224504470825,1.2440048525488503
mitochondria_tomm20,70,op_cp1_mitochondria_tomm20_intensity_cv_min,3,0.010966758363600643,0.01026085764169693,0.9356326912201657
mitochondria_tomm20,71,op_cp1_mitochondria_tomm20_intensity_cv_max,3,0.05574314623215207,0.05742757394909859,1.0302176649651498
mitochondria_tomm20,0,op_cp1_mitochondria_tomm20_intensity_mean_mean,4,32.157492936873155,32.895362854003906,1.0229455050671776
mitochondria_tomm20,1,op_cp1_mitochondria_tomm20_intensity_mean_median,4,39.555517410087134,39.799068450927734,1.0061571951724362
mitochondria_tomm20,2,op_cp1_mitochondria_tomm20_intensity_mean_std,4,14.891480441824669,14.668794631958008,0.9850460932520034
mitochondria_tomm20,3,op_cp1_mitochondria_tomm20_intensity_mean_sum,4,2620.4969887118878,3351.6748046875,1.2790225743915182
mitochondria_tomm20,4,op_cp1_mitochondria_tomm20_intensity_mean_min,4,26.3469958502257,26.40485382080078,1.0021959987735978
mitochondria_tomm20,5,op_cp1_mitochondria_tomm20_intensity_mean_max,4,49.51880715032233,50.10187911987305,1.0117747579779275
mitochondria_tomm20,6,op_cp1_mitochondria_tomm20_intensity_max_mean,4,38.66667403977099,39.024532318115234,1.0092549537096511
mitochondria_tomm20,7,op_cp1_mitochondria_tomm20_intensity_max_median,4,46.04956172519051,45.619056701660156,0.9906512677341106
mitochondria_tomm20,8,op_cp1_mitochondria_tomm20_intensity_max_std,4,21.479954501666917,21.001049041748047,0.9777045403014375
mitochondria_tomm20,9,op_cp1_mitochondria_tomm20_intensity_max_sum,4,2950.737294176683,3739.6806640625,1.2673716062228944
mitochondria_tomm20,10,op_cp1_mitochondria_tomm20_intensity_max_min,4,29.96308398034837,29.636234283447266,0.9890915869302549
mitochondria_tomm20,11,op_cp1_mitochondria_tomm20_intensity_max_max,4,74.2182970785302,75.21476745605469,1.01342620912563
mitochondria_tomm20,12,op_cp1_mitochondria_tomm20_intensity_min_mean,4,27.023755458210584,27.789316177368164,1.0283291758002118
mitochondria_tomm20,13,op_cp1_mitochondria_tomm20_intensity_min_median,4,31.72959443943989,31.823110580444336,1.0029472844723224
mitochondria_tomm20,14,op_cp1_mitochondria_tomm20_intensity_min_std,4,14.098035212285788,13.749369621276855,0.9752684976481626
mitochondria_tomm20,15,op_cp1_mitochondria_tomm20_intensity_min_sum,4,2341.886023017653,3016.59912109375,1.2881067188772455
mitochondria_tomm20,16,op_cp1_mitochondria_tomm20_intensity_min_min,4,20.153949882064197,20.543315887451172,1.0193195878557526
mitochondria_tomm20,17,op_cp1_mitochondria_tomm20_intensity_min_max,4,48.7379885454864,48.20795822143555,0.9891249035943248
mitochondria_tomm20,18,op_cp1_mitochondria_tomm20_intensity_std_mean,4,4.113142940779627,3.923872709274292,0.9539840374549541
mitochondria_tomm20,19,op_cp1_mitochondria_tomm20_intensity_std_median,4,3.50666895024441,3.2205774784088135,0.9184150326435415
mitochondria_tomm20,20,op_cp1_mitochondria_tomm20_intensity_std_std,4,4.555922730256959,4.396034240722656,0.9649053552922561
mitochondria_tomm20,21,op_cp1_mitochondria_tomm20_intensity_std_sum,4,161.66589944959816,190.2093505859375,1.1765582675970463
mitochondria_tomm20,22,op_cp1_mitochondria_tomm20_intensity_std_min,4,2.211428690844253,2.0195412635803223,0.9132292042432196
mitochondria_tomm20,23,op_cp1_mitochondria_tomm20_intensity_std_max,4,17.032404156360002,17.076797485351562,1.00260640415669
mitochondria_tomm20,24,op_cp1_mitochondria_tomm20_intensity_median_mean,4,32.32189352272958,33.051815032958984,1.0225828820862894
mitochondria_tomm20,25,op_cp1_mitochondria_tomm20_intensity_median_median,4,39.50558112584287,39.73981475830078,1.0059291276265945
mitochondria_tomm20,26,op_cp1_mitochondria_tomm20_intensity_median_std,4,15.089055384644576,14.804739952087402,0.9811575061983994
mitochondria_tomm20,27,op_cp1_mitochondria_tomm20_intensity_median_sum,4,2598.950828457483,3330.812744140625,1.2815989851248988
mitochondria_tomm20,28,op_cp1_mitochondria_tomm20_intensity_median_min,4,26.295053579295473,26.378210067749023,1.003162438448843
mitochondria_tomm20,29,op_cp1_mitochondria_tomm20_intensity_median_max,4,51.01862980440729,51.4154052734375,1.0077770702692594
mitochondria_tomm20,30,op_cp1_mitochondria_tomm20_intensity_q25_mean,4,30.448323642871557,31.21982192993164,1.0253379560763012
mitochondria_tomm20,31,op_cp1_mitochondria_tomm20_intensity_q25_median,4,36.35037904958166,36.6689567565918,1.0087640821179773
mitochondria_tomm20,32,op_cp1_mitochondria_tomm20_intensity_q25_std,4,14.521136880101736,14.230851173400879,0.9800094366510218
mitochondria_tomm20,33,op_cp1_mitochondria_tomm20_intensity_q25_sum,4,2494.6340050665503,3206.33544921875,1.2852929298272808
mitochondria_tomm20,34,op_cp1_mitochondria_tomm20_intensity_q25_min,4,24.81490680804576,24.972185134887695,1.0063380583315729
mitochondria_tomm20,35,op_cp1_mitochondria_tomm20_intensity_q25_max,4,49.81530819692796,49.9486198425293,1.0026761180533972
mitochondria_tomm20,36,op_cp1_mitochondria_tomm20_intensity_q75_mean,4,34.11224842494767,34.82804870605469,1.020983673435713
mitochondria_tomm20,37,op_cp1_mitochondria_tomm20_intensity_q75_median,4,42.17557503883112,42.259220123291016,1.001983258897665
mitochondria_tomm20,38,op_cp1_mitochondria_tomm20_intensity_q75_std,4,16.035691791092376,15.826790809631348,0.9869727490286967
mitochondria_tomm20,39,op_cp1_mitochondria_tomm20_intensity_q75_sum,4,2710.175642298172,3463.04736328125,1.2777944385717592
mitochondria_tomm20,40,op_cp1_mitochondria_tomm20_intensity_q75_min,4,27.687565282797454,27.69951629638672,1.0004316382992582
mitochondria_tomm20,41,op_cp1_mitochondria_tomm20_intensity_q75_max,4,52.445410952028524,53.097999572753906,1.0124431977722952
mitochondria_tomm20,42,op_cp1_mitochondria_tomm20_intensity_iqr_mean,4,6.171490022817303,5.88020133972168,0.9528009148489801
mitochondria_tomm20,43,op_cp1_mitochondria_tomm20_intensity_iqr_median,4,5.319801638962635,4.7948384284973145,0.901319025389885
mitochondria_tomm20,44,op_cp1_mitochondria_tomm20_intensity_iqr_std,4,7.348511870255051,7.138219356536865,0.9713829796520574
mitochondria_tomm20,45,op_cp1_mitochondria_tomm20_intensity_iqr_sum,4,232.72791196109307,272.96746826171875,1.1729038685628428
mitochondria_tomm20,46,op_cp1_mitochondria_tomm20_intensity_iqr_min,4,2.8162452174413954,2.561204433441162,0.9094394257926367
mitochondria_tomm20,47,op_cp1_mitochondria_tomm20_intensity_iqr_max,4,28.704602746679008,29.03156280517578,1.0113905097862608
mitochondria_tomm20,48,op_cp1_mitochondria_tomm20_intensity_mad_mean,4,2.969959058626799,2.8594937324523926,0.9628057747619316
mitochondria_tomm20,49,op_cp1_mitochondria_tomm20_intensity_mad_median,4,2.6105182333449344,2.360243558883667,0.9041283561001667
mitochondria_tomm20,50,op_cp1_mitochondria_tomm20_intensity_mad_std,4,3.448476874914656,3.3848297595977783,0.9815434124613485
mitochondria_tomm20,51,op_cp1_mitochondria_tomm20_intensity_mad_sum,4,113.74126328148438,134.2416229248047,1.1802367852428934
mitochondria_tomm20,52,op_cp1_mitochondria_tomm20_intensity_mad_min,4,1.4720781386803858,1.3345674276351929,0.9065873560431639
mitochondria_tomm20,53,op_cp1_mitochondria_tomm20_intensity_mad_max,4,13.420699586863465,13.609607696533203,1.0140758764807347
mitochondria_tomm20,54,op_cp1_mitochondria_tomm20_intensity_integrated_mean,4,18879.025767848947,17853.552734375,0.9456818881395707
mitochondria_tomm20,55,op_cp1_mitochondria_tomm20_intensity_integrated_median,4,6597.967125814229,4913.00830078125,0.7446245498191922
mitochondria_tomm20,56,op_cp1_mitochondria_tomm20_intensity_integrated_std,4,49787.74983097462,49886.578125,1.0019849921790178
mitochondria_tomm20,57,op_cp1_mitochondria_tomm20_intensity_integrated_sum,4,437351.5479788145,502285.90625,1.1484717696125106
mitochondria_tomm20,58,op_cp1_mitochondria_tomm20_intensity_integrated_min,4,793.3226162309234,897.6365966796875,1.1314899869417059
mitochondria_tomm20,59,op_cp1_mitochondria_tomm20_intensity_integrated_max,4,281304.8882727895,324242.78125,1.1526382752921536
mitochondria_tomm20,60,op_cp1_mitochondria_tomm20_intensity_range_mean,4,18.3990719501536,17.234697341918945,0.9367155793841583
mitochondria_tomm20,61,op_cp1_mitochondria_tomm20_intensity_range_median,4,14.228505423653807,12.47732162475586,0.8769242624747685
mitochondria_tomm20,62,op_cp1_mitochondria_tomm20_intensity_range_std,4,22.160311792925583,21.381044387817383,0.964834998153908
mitochondria_tomm20,63,op_cp1_mitochondria_tomm20_intensity_range_sum,4,652.5332231085148,764.3961181640625,1.1714286584867806
mitochondria_tomm20,64,op_cp1_mitochondria_tomm20_intensity_range_min,4,7.688736519142899,6.961259841918945,0.9053841062946127
mitochondria_tomm20,65,op_cp1_mitochondria_tomm20_intensity_range_max,4,76.53298395527882,78.62608337402344,1.027348984850345
mitochondria_tomm20,66,op_cp1_mitochondria_tomm20_intensity_cv_mean,4,0.013062983178496867,0.012221036478877068,0.9355471343631723
mitochondria_tomm20,67,op_cp1_mitochondria_tomm20_intensity_cv_median,4,0.012453335680453155,0.01131475530564785,0.9085722569421758
mitochondria_tomm20,68,op_cp1_mitochondria_tomm20_intensity_cv_std,4,0.013561371366984914,0.013184367679059505,0.9722001796335125
mitochondria_tomm20,69,op_cp1_mitochondria_tomm20_intensity_cv_sum,4,0.8312045152625142,1.0481959581375122,1.2610566219150854
mitochondria_tomm20,70,op_cp1_mitochondria_tomm20_intensity_cv_min,4,0.010966758363600643,0.010255678556859493,0.9351604381928148
mitochondria_tomm20,71,op_cp1_mitochondria_tomm20_intensity_cv_max,4,0.05574314623215207,0.05742749199271202,1.0302161947146866
p53,0,cp_single_object_p53_cell_Intensity_IntegratedIntensity,0,6284402.054180723,8065420.0,1.2834029284670685
p53,1,cp_single_object_p53_cell_Intensity_IntegratedIntensityEdge,0,93275.85104190517,124401.1875,1.3336912621050376
p53,2,cp_single_object_p53_cell_Intensity_LowerQuartileIntensity,0,71.1620251512495,127.55976104736328,1.7925257295059362
p53,3,cp_single_object_p53_cell_Intensity_MADIntensity,0,40.555234482641445,65.21360778808594,1.608019497852955
p53,4,cp_single_object_p53_cell_Intensity_MassDisplacement,0,1.6991538972759126,1.8487499952316284,1.0880415236051004
p53,5,cp_single_object_p53_cell_Intensity_MaxIntensity,0,984.8685740555004,1512.422119140625,1.535658826956738
p53,6,cp_single_object_p53_cell_Intensity_MaxIntensityEdge,0,648.2147411400724,809.6710815429688,1.249078476862357
p53,7,cp_single_object_p53_cell_Intensity_MeanIntensity,0,127.98999133950826,181.72396850585938,1.4198295241994001
p53,8,cp_single_object_p53_cell_Intensity_MeanIntensityEdge,0,120.18849593521955,178.13661193847656,1.4821436157624477
p53,9,cp_single_object_p53_cell_Intensity_MedianIntensity,0,101.24085232944553,159.93666076660156,1.5797640684232424
p53,10,cp_single_object_p53_cell_Intensity_MinIntensity,0,50.62644622521597,74.82441711425781,1.4779709557608518
p53,11,cp_single_object_p53_cell_Intensity_MinIntensityEdge,0,51.0382906482275,74.79085540771484,1.465387152622288
p53,12,cp_single_object_p53_cell_Intensity_StdIntensity,0,151.55642661724002,207.47743225097656,1.3689781217590107
p53,13,cp_single_object_p53_cell_Intensity_StdIntensityEdge,0,132.34389821667455,185.24588012695312,1.399731174788784
p53,14,cp_single_object_p53_cell_Intensity_UpperQuartileIntensity,0,160.4606243740195,244.16912841796875,1.5216762951690388
p53,15,cp_single_object_p53_cytoplasm_Intensity_IntegratedIntensity,0,5690991.086499054,7339555.0,1.2896795810156678
p53,16,cp_single_object_p53_cytoplasm_Intensity_IntegratedIntensityEdge,0,155013.5882325777,192197.28125,1.2398737648833276
p53,17,cp_single_object_p53_cytoplasm_Intensity_LowerQuartileIntensity,0,70.17920540292761,128.8881072998047,1.8365569481701194
p53,18,cp_single_object_p53_cytoplasm_Intensity_MADIntensity,0,38.02951499287028,79.4853515625,2.0900963784944877
p53,19,cp_single_object_p53_cytoplasm_Intensity_MassDisplacement,0,1.7391761012316287,1.8097803592681885,1.0405963823827618
p53,20,cp_single_object_p53_cytoplasm_Intensity_MaxIntensity,0,930.0945061580098,1456.6405029296875,1.5661209622092156
p53,21,cp_single_object_p53_cytoplasm_Intensity_MaxIntensityEdge,0,775.1732453449258,1009.8212890625,1.3027040021397587
p53,22,cp_single_object_p53_cytoplasm_Intensity_MeanIntensity,0,122.66073401935951,181.1532745361328,1.4768644259665153
p53,23,cp_single_object_p53_cytoplasm_Intensity_MeanIntensityEdge,0,132.38515188075024,175.41075134277344,1.3250032110910728
p53,24,cp_single_object_p53_cytoplasm_Intensity_MedianIntensity,0,102.62182349844187,166.54579162597656,1.6229081295608168
p53,25,cp_single_object_p53_cytoplasm_Intensity_MinIntensity,0,51.29675187365362,76.49485778808594,1.491222250806376
p53,26,cp_single_object_p53_cytoplasm_Intensity_MinIntensityEdge,0,50.985681962739434,75.91602325439453,1.4889674969901217
p53,27,cp_single_object_p53_cytoplasm_Intensity_StdIntensity,0,144.72956966124568,193.2093505859375,1.3349680444581138
p53,28,cp_single_object_p53_cytoplasm_Intensity_StdIntensityEdge,0,156.41406611044644,209.61492919921875,1.3401283811086808
p53,29,cp_single_object_p53_cytoplasm_Intensity_UpperQuartileIntensity,0,149.07576944245147,247.7407989501953,1.6618448449184897
p53,0,cp_single_object_p53_cell_Intensity_IntegratedIntensity,1,6284402.054180723,8066166.0,1.2835216350669276
p53,1,cp_single_object_p53_cell_Intensity_IntegratedIntensityEdge,1,93275.85104190517,126420.3203125,1.3553381598813214
p53,2,cp_single_object_p53_cell_Intensity_LowerQuartileIntensity,1,71.1620251512495,134.95652770996094,1.8964683400046733
p53,3,cp_single_object_p53_cell_Intensity_MADIntensity,1,40.555234482641445,65.41992950439453,1.6131069229151107
p53,4,cp_single_object_p53_cell_Intensity_MassDisplacement,1,1.6991538972759126,1.7446064949035645,1.026750135876757
p53,5,cp_single_object_p53_cell_Intensity_MaxIntensity,1,984.8685740555004,1425.25439453125,1.4471518658193399
p53,6,cp_single_object_p53_cell_Intensity_MaxIntensityEdge,1,648.2147411400724,866.031494140625,1.3360256087627058
p53,7,cp_single_object_p53_cell_Intensity_MeanIntensity,1,127.98999133950826,190.4357452392578,1.4878956021967762
p53,8,cp_single_object_p53_cell_Intensity_MeanIntensityEdge,1,120.18849593521955,185.69664001464844,1.5450450442007124
p53,9,cp_single_object_p53_cell_Intensity_MedianIntensity,1,101.24085232944553,176.16725158691406,1.740080684165442
p53,10,cp_single_object_p53_cell_Intensity_MinIntensity,1,50.62644622521597,80.55892181396484,1.591241886811327
p53,11,cp_single_object_p53_cell_Intensity_MinIntensityEdge,1,51.0382906482275,80.47048950195312,1.5766689769565738
p53,12,cp_single_object_p53_cell_Intensity_StdIntensity,1,151.55642661724002,198.66622924804688,1.3108400196699277
p53,13,cp_single_object_p53_cell_Intensity_StdIntensityEdge,1,132.34389821667455,187.24655151367188,1.4148483914771064
p53,14,cp_single_object_p53_cell_Intensity_UpperQuartileIntensity,1,160.4606243740195,254.11712646484375,1.583672801076227
p53,15,cp_single_object_p53_cytoplasm_Intensity_IntegratedIntensity,1,5690991.086499054,7353814.5,1.2921852078534657
p53,16,cp_single_object_p53_cytoplasm_Intensity_IntegratedIntensityEdge,1,155013.5882325777,193965.875,1.2512830469350822
p53,17,cp_single_object_p53_cytoplasm_Intensity_LowerQuartileIntensity,1,70.17920540292761,136.0805206298828,1.9390433369626903
p53,18,cp_single_object_p53_cytoplasm_Intensity_MADIntensity,1,38.02951499287028,78.83905792236328,2.0731018509477157
p53,19,cp_single_object_p53_cytoplasm_Intensity_MassDisplacement,1,1.7391761012316287,1.7138874530792236,0.9854594091222295
p53,20,cp_single_object_p53_cytoplasm_Intensity_MaxIntensity,1,930.0945061580098,1371.1334228515625,1.474187207615466
p53,21,cp_single_object_p53_cytoplasm_Intensity_MaxIntensityEdge,1,775.1732453449258,1047.6710205078125,1.3515314502910047
p53,22,cp_single_object_p53_cytoplasm_Intensity_MeanIntensity,1,122.66073401935951,189.8536834716797,1.5477951032130228
p53,23,cp_single_object_p53_cytoplasm_Intensity_MeanIntensityEdge,1,132.38515188075024,183.67955017089844,1.3874633790982323
p53,24,cp_single_object_p53_cytoplasm_Intensity_MedianIntensity,1,102.62182349844187,181.64834594726562,1.7700752116339429
p53,25,cp_single_object_p53_cytoplasm_Intensity_MinIntensity,1,51.29675187365362,81.68228912353516,1.592348172935444
p53,26,cp_single_object_p53_cytoplasm_Intensity_MinIntensityEdge,1,50.985681962739434,81.1195297241211,1.5910256880236222
p53,27,cp_single_object_p53_cytoplasm_Intensity_StdIntensity,1,144.72956966124568,184.4459686279297,1.2744179994429907
p53,28,cp_single_object_p53_cytoplasm_Intensity_StdIntensityEdge,1,156.41406611044644,208.19105529785156,1.3310251467463583
p53,29,cp_single_object_p53_cytoplasm_Intensity_UpperQuartileIntensity,1,149.07576944245147,257.25299072265625,1.7256526106475338
p53,0,cp_single_object_p53_cell_Intensity_IntegratedIntensity,2,6284402.054180723,8147915.5,1.2965299530095418
p53,1,cp_single_object_p53_cell_Intensity_IntegratedIntensityEdge,2,93275.85104190517,128000.4453125,1.3722785038433414
p53,2,cp_single_object_p53_cell_Intensity_LowerQuartileIntensity,2,71.1620251512495,139.44998168945312,1.9596123268423398
p53,3,cp_single_object_p53_cell_Intensity_MADIntensity,2,40.555234482641445,66.67866516113281,1.6441444861987615
p53,4,cp_single_object_p53_cell_Intensity_MassDisplacement,2,1.6991538972759126,1.7195138931274414,1.0119824318939974
p53,5,cp_single_object_p53_cell_Intensity_MaxIntensity,2,984.8685740555004,1471.1295166015625,1.4937318088480909
p53,6,cp_single_object_p53_cell_Intensity_MaxIntensityEdge,2,648.2147411400724,841.9198608398438,1.2988286248459655
p53,7,cp_single_object_p53_cell_Intensity_MeanIntensity,2,127.98999133950826,196.2738800048828,1.5335095967327916
p53,8,cp_single_object_p53_cell_Intensity_MeanIntensityEdge,2,120.18849593521955,190.57339477539062,1.5856209306264042
p53,9,cp_single_object_p53_cell_Intensity_MedianIntensity,2,101.24085232944553,180.8456573486328,1.7862913358349366
p53,10,cp_single_object_p53_cell_Intensity_MinIntensity,2,50.62644622521597,84.13688659667969,1.6619157154027704
p53,11,cp_single_object_p53_cell_Intensity_MinIntensityEdge,2,51.0382906482275,84.00946807861328,1.6460086537308598
p53,12,cp_single_object_p53_cell_Intensity_StdIntensity,2,151.55642661724002,203.0977020263672,1.3400797746392905
p53,13,cp_single_object_p53_cell_Intensity_StdIntensityEdge,2,132.34389821667455,188.59922790527344,1.4250693114426567
p53,14,cp_single_object_p53_cell_Intensity_UpperQuartileIntensity,2,160.4606243740195,260.628662109375,1.6242530722170985
p53,15,cp_single_object_p53_cytoplasm_Intensity_IntegratedIntensity,2,5690991.086499054,7415557.0,1.303034372623109
p53,16,cp_single_object_p53_cytoplasm_Intensity_IntegratedIntensityEdge,2,155013.5882325777,196917.6875,1.2703253291869527
p53,17,cp_single_object_p53_cytoplasm_Intensity_LowerQuartileIntensity,2,70.17920540292761,140.71078491210938,2.0050210614986455
p53,18,cp_single_object_p53_cytoplasm_Intensity_MADIntensity,2,38.02951499287028,79.98641204833984,2.103271947153036
p53,19,cp_single_object_p53_cytoplasm_Intensity_MassDisplacement,2,1.7391761012316287,1.6787497997283936,0.9652557889563667
p53,20,cp_single_object_p53_cytoplasm_Intensity_MaxIntensity,2,930.0945061580098,1427.0760498046875,1.5343344577956766
p53,21,cp_single_object_p53_cytoplasm_Intensity_MaxIntensityEdge,2,775.1732453449258,1061.183349609375,1.3689628169986496
p53,22,cp_single_object_p53_cytoplasm_Intensity_MeanIntensity,2,122.66073401935951,195.1215362548828,1.590741632314762
p53,23,cp_single_object_p53_cytoplasm_Intensity_MeanIntensityEdge,2,132.38515188075024,189.78379821777344,1.4335731426189449
p53,24,cp_single_object_p53_cytoplasm_Intensity_MedianIntensity,2,102.62182349844187,185.76222229003906,1.81016294543684
p53,25,cp_single_object_p53_cytoplasm_Intensity_MinIntensity,2,51.29675187365362,85.2748031616211,1.6623821206390819
p53,26,cp_single_object_p53_cytoplasm_Intensity_MinIntensityEdge,2,50.985681962739434,84.6842041015625,1.6609408924538873
p53,27,cp_single_object_p53_cytoplasm_Intensity_StdIntensity,2,144.72956966124568,187.3947296142578,1.2947922808923864
p53,28,cp_single_object_p53_cytoplasm_Intensity_StdIntensityEdge,2,156.41406611044644,211.65789794921875,1.3531896664572594
p53,29,cp_single_object_p53_cytoplasm_Intensity_UpperQuartileIntensity,2,149.07576944245147,262.64215087890625,1.7618030875252026
p53,0,cp_single_object_p53_cell_Intensity_IntegratedIntensity,3,6284402.054180723,7541740.5,1.2000728844175124
p53,1,cp_single_object_p53_cell_Intensity_IntegratedIntensityEdge,3,93275.85104190517,103625.484375,1.110957265117261
p53,2,cp_single_object_p53_cell_Intensity_LowerQuartileIntensity,3,71.1620251512495,96.15028381347656,1.3511459744030108
p53,3,cp_single_object_p53_cell_Intensity_MADIntensity,3,40.555234482641445,33.42380142211914,0.824155052942063
p53,4,cp_single_object_p53_cell_Intensity_MassDisplacement,3,1.6991538972759126,1.741048812866211,1.0246563396390782
p53,5,cp_single_object_p53_cell_Intensity_MaxIntensity,3,984.8685740555004,1439.499755859375,1.4616160915073069
p53,6,cp_single_object_p53_cell_Intensity_MaxIntensityEdge,3,648.2147411400724,692.3106079101562,1.0680266337240782
p53,7,cp_single_object_p53_cell_Intensity_MeanIntensity,3,127.98999133950826,138.11434936523438,1.0791027323290465
p53,8,cp_single_object_p53_cell_Intensity_MeanIntensityEdge,3,120.18849593521955,118.8267822265625,0.9886701826321963
p53,9,cp_single_object_p53_cell_Intensity_MedianIntensity,3,101.24085232944553,131.1494140625,1.2954198927102045
p53,10,cp_single_object_p53_cell_Intensity_MinIntensity,3,50.62644622521597,68.60254669189453,1.3550733224826876
p53,11,cp_single_object_p53_cell_Intensity_MinIntensityEdge,3,51.0382906482275,68.48832702636719,1.3419008778803156
p53,12,cp_single_object_p53_cell_Intensity_StdIntensity,3,151.55642661724002,153.6043243408203,1.0135124439741003
p53,13,cp_single_object_p53_cell_Intensity_StdIntensityEdge,3,132.34389821667455,103.98675537109375,0.7857313920196438
p53,14,cp_single_object_p53_cell_Intensity_UpperQuartileIntensity,3,160.4606243740195,168.2801513671875,1.0487317497590025
p53,15,cp_single_object_p53_cytoplasm_Intensity_IntegratedIntensity,3,5690991.086499054,6854105.0,1.204378094399101
p53,16,cp_single_object_p53_cytoplasm_Intensity_IntegratedIntensityEdge,3,155013.5882325777,169104.09375,1.090898518498142
p53,17,cp_single_object_p53_cytoplasm_Intensity_LowerQuartileIntensity,3,70.17920540292761,95.45874786376953,1.360214144855327
p53,18,cp_single_object_p53_cytoplasm_Intensity_MADIntensity,3,38.02951499287028,31.95148277282715,0.8401759206978413
p53,19,cp_single_object_p53_cytoplasm_Intensity_MassDisplacement,3,1.7391761012316287,1.685670018196106,0.9692348100933359
p53,20,cp_single_object_p53_cytoplasm_Intensity_MaxIntensity,3,930.0945061580098,1398.1400146484375,1.5032236029689152
p53,21,cp_single_object_p53_cytoplasm_Intensity_MaxIntensityEdge,3,775.1732453449258,905.877197265625,1.1686125684878874
p53,22,cp_single_object_p53_cytoplasm_Intensity_MeanIntensity,3,122.66073401935951,133.24635314941406,1.0862999819354076
p53,23,cp_single_object_p53_cytoplasm_Intensity_MeanIntensityEdge,3,132.38515188075024,130.4198455810547,0.9851546319827026
p53,24,cp_single_object_p53_cytoplasm_Intensity_MedianIntensity,3,102.62182349844187,128.22113037109375,1.2494528551525939
p53,25,cp_single_object_p53_cytoplasm_Intensity_MinIntensity,3,51.29675187365362,69.91722869873047,1.3629952413154733
p53,26,cp_single_object_p53_cytoplasm_Intensity_MinIntensityEdge,3,50.985681962739434,69.3740463256836,1.3606574170447001
p53,27,cp_single_object_p53_cytoplasm_Intensity_StdIntensity,3,144.72956966124568,142.007080078125,0.981189126800467
p53,28,cp_single_object_p53_cytoplasm_Intensity_StdIntensityEdge,3,156.41406611044644,143.2659454345703,0.9159402923098231
p53,29,cp_single_object_p53_cytoplasm_Intensity_UpperQuartileIntensity,3,149.07576944245147,163.4459686279297,1.0963952709365397
p53,0,cp_single_object_p53_cell_Intensity_IntegratedIntensity,4,6284402.054180723,7566383.0,1.2039941007540145
p53,1,cp_single_object_p53_cell_Intensity_IntegratedIntensityEdge,4,93275.85104190517,99491.6015625,1.0666383683575542
p53,2,cp_single_object_p53_cell_Intensity_LowerQuartileIntensity,4,71.1620251512495,81.21561431884766,1.1412774460286932
p53,3,cp_single_object_p53_cell_Intensity_MADIntensity,4,40.555234482641445,27.489173889160156,0.6778206127972493
p53,4,cp_single_object_p53_cell_Intensity_MassDisplacement,4,1.6991538972759126,1.7965339422225952,1.0573109034460049
p53,5,cp_single_object_p53_cell_Intensity_MaxIntensity,4,984.8685740555004,1399.8333740234375,1.421340279200088
p53,6,cp_single_object_p53_cell_Intensity_MaxIntensityEdge,4,648.2147411400724,634.9027099609375,0.979463547595783
p53,7,cp_single_object_p53_cell_Intensity_MeanIntensity,4,127.98999133950826,117.50115203857422,0.9180495350366015
p53,8,cp_single_object_p53_cell_Intensity_MeanIntensityEdge,4,120.18849593521955,98.19635009765625,0.8170195436224041
p53,9,cp_single_object_p53_cell_Intensity_MedianIntensity,4,101.24085232944553,101.05967712402344,0.9982104535742891
p53,10,cp_single_object_p53_cell_Intensity_MinIntensity,4,50.62644622521597,60.203609466552734,1.1891731289755547
p53,11,cp_single_object_p53_cell_Intensity_MinIntensityEdge,4,51.0382906482275,60.059364318847656,1.1767510932683136
p53,12,cp_single_object_p53_cell_Intensity_StdIntensity,4,151.55642661724002,152.25543212890625,1.0046121799468892
p53,13,cp_single_object_p53_cell_Intensity_StdIntensityEdge,4,132.34389821667455,95.66500854492188,0.7228516753246781
p53,14,cp_single_object_p53_cell_Intensity_UpperQuartileIntensity,4,160.4606243740195,138.06307983398438,0.8604171918973191
p53,15,cp_single_object_p53_cytoplasm_Intensity_IntegratedIntensity,4,5690991.086499054,6876063.5,1.2082365611698702
p53,16,cp_single_object_p53_cytoplasm_Intensity_IntegratedIntensityEdge,4,155013.5882325777,165726.046875,1.0691065781042992
p53,17,cp_single_object_p53_cytoplasm_Intensity_LowerQuartileIntensity,4,70.17920540292761,80.71403503417969,1.1501132646168806
p53,18,cp_single_object_p53_cytoplasm_Intensity_MADIntensity,4,38.02951499287028,26.515474319458008,0.6972340910587235
p53,19,cp_single_object_p53_cytoplasm_Intensity_MassDisplacement,4,1.7391761012316287,1.7461419105529785,1.0040052351894768
p53,20,cp_single_object_p53_cytoplasm_Intensity_MaxIntensity,4,930.0945061580098,1327.7816162109375,1.4275770982624922
p53,21,cp_single_object_p53_cytoplasm_Intensity_MaxIntensityEdge,4,775.1732453449258,838.1349487304688,1.0812227508671652
p53,22,cp_single_object_p53_cytoplasm_Intensity_MeanIntensity,4,122.66073401935951,112.56027221679688,0.9176552962664606
p53,23,cp_single_object_p53_cytoplasm_Intensity_MeanIntensityEdge,4,132.38515188075024,110.3370590209961,0.8334549415359314
p53,24,cp_single_object_p53_cytoplasm_Intensity_MedianIntensity,4,102.62182349844187,99.30512237548828,0.9676803528734417
p53,25,cp_single_object_p53_cytoplasm_Intensity_MinIntensity,4,51.29675187365362,61.62189865112305,1.2012826621634984
p53,26,cp_single_object_p53_cytoplasm_Intensity_MinIntensityEdge,4,50.985681962739434,60.95356369018555,1.1955035481280938
p53,27,cp_single_object_p53_cytoplasm_Intensity_StdIntensity,4,144.72956966124568,140.2759246826172,0.969227815787384
p53,28,cp_single_object_p53_cytoplasm_Intensity_StdIntensityEdge,4,156.41406611044644,140.17630004882812,0.8961873029363447
p53,29,cp_single_object_p53_cytoplasm_Intensity_UpperQuartileIntensity,4,149.07576944245147,134.006103515625,0.8989127073890845
caspase_activity_cellevent-caspase_live-cell_dye,0,op_gfp_intensity_min_mean,0,0.7915169823941314,0.8202052116394043,1.0362446162033043
caspase_activity_cellevent-caspase_live-cell_dye,1,op_gfp_intensity_min_median,0,0.774214437688033,0.8250336050987244,1.0656396534821129
caspase_activity_cellevent-caspase_live-cell_dye,2,op_gfp_intensity_min_std,0,0.7347882396749897,0.7127164006233215,0.9699616326719778
caspase_activity_cellevent-caspase_live-cell_dye,3,op_gfp_intensity_min_sum,0,2302.742060051226,3081.458251953125,1.3381690921494593
caspase_activity_cellevent-caspase_live-cell_dye,4,op_gfp_intensity_min_min,0,0.8858184267853483,0.9397793412208557,1.0609164505996254
caspase_activity_cellevent-caspase_live-cell_dye,5,op_gfp_intensity_min_max,0,2.6024680489985776,2.7641093730926514,1.0621107814008601
caspase_activity_cellevent-caspase_live-cell_dye,6,op_gfp_intensity_max_mean,0,3.303986296994794,3.325237274169922,1.0064319204938765
caspase_activity_cellevent-caspase_live-cell_dye,7,op_gfp_intensity_max_median,0,2.3285777947564648,2.2482807636260986,0.9655167066734122
caspase_activity_cellevent-caspase_live-cell_dye,8,op_gfp_intensity_max_std,0,6.705728128158376,6.620721817016602,0.9873233287247629
caspase_activity_cellevent-caspase_live-cell_dye,9,op_gfp_intensity_max_sum,0,2836.712840325773,3797.864501953125,1.338825857860527
caspase_activity_cellevent-caspase_live-cell_dye,10,op_gfp_intensity_max_min,0,3.0905524218345977,2.8134877681732178,0.9103510907293039
caspase_activity_cellevent-caspase_live-cell_dye,11,op_gfp_intensity_max_max,0,25.412385060123363,30.936033248901367,1.2173604789833603
caspase_activity_cellevent-caspase_live-cell_dye,12,op_gfp_intensity_mean_mean,0,1.282292536943772,1.1814709901809692,0.9213739892746301
caspase_activity_cellevent-caspase_live-cell_dye,13,op_gfp_intensity_mean_median,0,1.2004693283178818,1.0921437740325928,0.9097639966886313
caspase_activity_cellevent-caspase_live-cell_dye,14,op_gfp_intensity_mean_std,0,1.6769273505272322,1.6540156602859497,0.9863371002720667
caspase_activity_cellevent-caspase_live-cell_dye,15,op_gfp_intensity_mean_sum,0,2514.215607034656,3365.9111328125,1.338751984274873
caspase_activity_cellevent-caspase_live-cell_dye,16,op_gfp_intensity_mean_min,0,1.3116106154434852,1.1682854890823364,0.8907258566882769
caspase_activity_cellevent-caspase_live-cell_dye,17,op_gfp_intensity_mean_max,0,6.191919899166213,7.745275497436523,1.250868167477341
caspase_activity_cellevent-caspase_live-cell_dye,18,op_gfp_intensity_range_mean,0,3.1897817395966714,3.2199223041534424,1.0094490993482776
caspase_activity_cellevent-caspase_live-cell_dye,19,op_gfp_intensity_range_median,0,2.1311855271333298,2.0663979053497314,0.9696001962481677
caspase_activity_cellevent-caspase_live-cell_dye,20,op_gfp_intensity_range_std,0,6.695647451315548,6.603067398071289,0.9861730991786211
caspase_activity_cellevent-caspase_live-cell_dye,21,op_gfp_intensity_range_sum,0,553.4038347977367,739.8942260742188,1.336987891210841
caspase_activity_cellevent-caspase_live-cell_dye,22,op_gfp_intensity_range_min,0,2.908490479022871,2.6112890243530273,0.8978159093820754
caspase_activity_cellevent-caspase_live-cell_dye,23,op_gfp_intensity_range_max,0,25.346116888300156,30.819107055664062,1.2159301241875933
caspase_activity_cellevent-caspase_live-cell_dye,0,op_gfp_intensity_min_mean,1,0.7915169823941314,0.8262190818786621,1.0438425204467072
caspase_activity_cellevent-caspase_live-cell_dye,1,op_gfp_intensity_min_median,1,0.774214437688033,0.8312541246414185,1.0736742744345067
caspase_activity_cellevent-caspase_live-cell_dye,2,op_gfp_intensity_min_std,1,0.7347882396749897,0.7039821147918701,0.9580748258889585
caspase_activity_cellevent-caspase_live-cell_dye,3,op_gfp_intensity_min_sum,1,2302.742060051226,2954.967529296875,1.2832386138945757
caspase_activity_cellevent-caspase_live-cell_dye,4,op_gfp_intensity_min_min,1,0.8858184267853483,0.927444338798523,1.0469914722413665
caspase_activity_cellevent-caspase_live-cell_dye,5,op_gfp_intensity_min_max,1,2.6024680489985776,2.7401442527770996,1.0529021687053945
caspase_activity_cellevent-caspase_live-cell_dye,6,op_gfp_intensity_max_mean,1,3.303986296994794,3.753732442855835,1.1361222794023438
caspase_activity_cellevent-caspase_live-cell_dye,7,op_gfp_intensity_max_median,1,2.3285777947564648,2.4542417526245117,1.0539659693358836
caspase_activity_cellevent-caspase_live-cell_dye,8,op_gfp_intensity_max_std,1,6.705728128158376,6.894358158111572,1.0281296864931206
caspase_activity_cellevent-caspase_live-cell_dye,9,op_gfp_intensity_max_sum,1,2836.712840325773,3644.142578125,1.2846356974597755
caspase_activity_cellevent-caspase_live-cell_dye,10,op_gfp_intensity_max_min,1,3.0905524218345977,2.7856290340423584,0.9013369306930467
caspase_activity_cellevent-caspase_live-cell_dye,11,op_gfp_intensity_max_max,1,25.412385060123363,30.71424674987793,1.2086329825874609
caspase_activity_cellevent-caspase_live-cell_dye,12,op_gfp_intensity_mean_mean,1,1.282292536943772,1.201033353805542,0.9366297620885293
caspase_activity_cellevent-caspase_live-cell_dye,13,op_gfp_intensity_mean_median,1,1.2004693283178818,1.1063333749771118,0.9215840412410412
caspase_activity_cellevent-caspase_live-cell_dye,14,op_gfp_intensity_mean_std,1,1.6769273505272322,1.5690081119537354,0.9356446547672047
caspase_activity_cellevent-caspase_live-cell_dye,15,op_gfp_intensity_mean_sum,1,2514.215607034656,3228.5869140625,1.2841328742964873
caspase_activity_cellevent-caspase_live-cell_dye,16,op_gfp_intensity_mean_min,1,1.3116106154434852,1.1589025259017944,0.8835720847760471
caspase_activity_cellevent-caspase_live-cell_dye,17,op_gfp_intensity_mean_max,1,6.191919899166213,7.308996200561523,1.1804087132241057
caspase_activity_cellevent-caspase_live-cell_dye,18,op_gfp_intensity_range_mean,1,3.1897817395966714,3.6754074096679688,1.152244168948281
caspase_activity_cellevent-caspase_live-cell_dye,19,op_gfp_intensity_range_median,1,2.1311855271333298,2.3103201389312744,1.0840539734890653
caspase_activity_cellevent-caspase_live-cell_dye,20,op_gfp_intensity_range_std,1,6.695647451315548,6.868671894073486,1.0258413311059176
caspase_activity_cellevent-caspase_live-cell_dye,21,op_gfp_intensity_range_sum,1,553.4038347977367,713.4300537109375,1.2891671666346307
caspase_activity_cellevent-caspase_live-cell_dye,22,op_gfp_intensity_range_min,1,2.908490479022871,2.6073105335235596,0.896448020830209
caspase_activity_cellevent-caspase_live-cell_dye,23,op_gfp_intensity_range_max,1,25.346116888300156,30.58467674255371,1.2066809632946849
caspase_activity_cellevent-caspase_live-cell_dye,0,op_gfp_intensity_min_mean,2,0.7915169823941314,0.8336359262466431,1.0532129376745814
caspase_activity_cellevent-caspase_live-cell_dye,1,op_gfp_intensity_min_median,2,0.774214437688033,0.8412330746650696,1.0865634037737248
caspase_activity_cellevent-caspase_live-cell_dye,2,op_gfp_intensity_min_std,2,0.7347882396749897,0.7078579068183899,0.963349532011411
caspase_activity_cellevent-caspase_live-cell_dye,3,op_gfp_intensity_min_sum,2,2302.742060051226,2954.25439453125,1.282928924512514
caspase_activity_cellevent-caspase_live-cell_dye,4,op_gfp_intensity_min_min,2,0.8858184267853483,0.9493106603622437,1.0716763522376813
caspase_activity_cellevent-caspase_live-cell_dye,5,op_gfp_intensity_min_max,2,2.6024680489985776,2.748617649078369,1.0561580766134784
caspase_activity_cellevent-caspase_live-cell_dye,6,op_gfp_intensity_max_mean,2,3.303986296994794,5.116527557373047,1.5485922450788872
caspase_activity_cellevent-caspase_live-cell_dye,7,op_gfp_intensity_max_median,2,2.3285777947564648,3.7793381214141846,1.6230242038400302
caspase_activity_cellevent-caspase_live-cell_dye,8,op_gfp_intensity_max_std,2,6.705728128158376,8.278297424316406,1.234511341065942
caspase_activity_cellevent-caspase_live-cell_dye,9,op_gfp_intensity_max_sum,2,2836.712840325773,3640.044189453125,1.2831909306107614
caspase_activity_cellevent-caspase_live-cell_dye,10,op_gfp_intensity_max_min,2,3.0905524218345977,3.078948974609375,0.9962455103031921
caspase_activity_cellevent-caspase_live-cell_dye,11,op_gfp_intensity_max_max,2,25.412385060123363,30.580350875854492,1.2033640606147042
caspase_activity_cellevent-caspase_live-cell_dye,12,op_gfp_intensity_mean_mean,2,1.282292536943772,1.6038659811019897,1.2507800949420316
caspase_activity_cellevent-caspase_live-cell_dye,13,op_gfp_intensity_mean_median,2,1.2004693283178818,1.4702141284942627,1.2246994519671335
caspase_activity_cellevent-caspase_live-cell_dye,14,op_gfp_intensity_mean_std,2,1.6769273505272322,2.0595288276672363,1.2281562627144895
caspase_activity_cellevent-caspase_live-cell_dye,15,op_gfp_intensity_mean_sum,2,2514.215607034656,3226.97998046875,1.283493735159313
caspase_activity_cellevent-caspase_live-cell_dye,16,op_gfp_intensity_mean_min,2,1.3116106154434852,1.198199987411499,0.9135333103463489
caspase_activity_cellevent-caspase_live-cell_dye,17,op_gfp_intensity_mean_max,2,6.191919899166213,7.5650763511657715,1.2217658616973492
caspase_activity_cellevent-caspase_live-cell_dye,18,op_gfp_intensity_range_mean,2,3.1897817395966714,5.038899898529053,1.5797005280888563
caspase_activity_cellevent-caspase_live-cell_dye,19,op_gfp_intensity_range_median,2,2.1311855271333298,3.6311023235321045,1.7037945675317727
caspase_activity_cellevent-caspase_live-cell_dye,20,op_gfp_intensity_range_std,2,6.695647451315548,8.252765655517578,1.232556778940936
caspase_activity_cellevent-caspase_live-cell_dye,21,op_gfp_intensity_range_sum,2,553.4038347977367,710.4659423828125,1.283811021371907
caspase_activity_cellevent-caspase_live-cell_dye,22,op_gfp_intensity_range_min,2,2.908490479022871,2.9191818237304688,1.0036759084427842
caspase_activity_cellevent-caspase_live-cell_dye,23,op_gfp_intensity_range_max,2,25.346116888300156,30.45581817626953,1.201597006377258
caspase_activity_cellevent-caspase_live-cell_dye,0,op_gfp_intensity_min_mean,3,0.7915169823941314,0.8391777276992798,1.0602144317371274
caspase_activity_cellevent-caspase_live-cell_dye,1,op_gfp_intensity_min_median,3,0.774214437688033,0.8456789255142212,1.0923058061789652
caspase_activity_cellevent-caspase_live-cell_dye,2,op_gfp_intensity_min_std,3,0.7347882396749897,0.7080210447311401,0.9635715523214018
caspase_activity_cellevent-caspase_live-cell_dye,3,op_gfp_intensity_min_sum,3,2302.742060051226,3102.27783203125,1.3472103045541444
caspase_activity_cellevent-caspase_live-cell_dye,4,op_gfp_intensity_min_min,3,0.8858184267853483,0.9731377363204956,1.0985747269358923
caspase_activity_cellevent-caspase_live-cell_dye,5,op_gfp_intensity_min_max,3,2.6024680489985776,2.534440279006958,0.9738602861934091
caspase_activity_cellevent-caspase_live-cell_dye,6,op_gfp_intensity_max_mean,3,3.303986296994794,5.236668109893799,1.5849545485878418
caspase_activity_cellevent-caspase_live-cell_dye,7,op_gfp_intensity_max_median,3,2.3285777947564648,4.019076347351074,1.7259789887206285
caspase_activity_cellevent-caspase_live-cell_dye,8,op_gfp_intensity_max_std,3,6.705728128158376,8.357111930847168,1.2462646518212361
caspase_activity_cellevent-caspase_live-cell_dye,9,op_gfp_intensity_max_sum,3,2836.712840325773,3818.662109375,1.346157445015287
caspase_activity_cellevent-caspase_live-cell_dye,10,op_gfp_intensity_max_min,3,3.0905524218345977,3.153773069381714,1.0204560994016687
caspase_activity_cellevent-caspase_live-cell_dye,11,op_gfp_intensity_max_max,3,25.412385060123363,30.859508514404297,1.2143491624809533
caspase_activity_cellevent-caspase_live-cell_dye,12,op_gfp_intensity_mean_mean,3,1.282292536943772,1.6532244682312012,1.2892724714529742
caspase_activity_cellevent-caspase_live-cell_dye,13,op_gfp_intensity_mean_median,3,1.2004693283178818,1.517724633216858,1.264276060550018
caspase_activity_cellevent-caspase_live-cell_dye,14,op_gfp_intensity_mean_std,3,1.6769273505272322,2.1159045696258545,1.2617747387569331
caspase_activity_cellevent-caspase_live-cell_dye,15,op_gfp_intensity_mean_sum,3,2514.215607034656,3387.10546875,1.3471817847574565
caspase_activity_cellevent-caspase_live-cell_dye,16,op_gfp_intensity_mean_min,3,1.3116106154434852,1.2214255332946777,0.9312409635245946
caspase_activity_cellevent-caspase_live-cell_dye,17,op_gfp_intensity_mean_max,3,6.191919899166213,7.521240234375,1.2146862938888776
caspase_activity_cellevent-caspase_live-cell_dye,18,op_gfp_intensity_range_mean,3,3.1897817395966714,5.152528762817383,1.6153232990382875
caspase_activity_cellevent-caspase_live-cell_dye,19,op_gfp_intensity_range_median,3,2.1311855271333298,3.867122173309326,1.81454036923337
caspase_activity_cellevent-caspase_live-cell_dye,20,op_gfp_intensity_range_std,3,6.695647451315548,8.349899291992188,1.2470637608543167
caspase_activity_cellevent-caspase_live-cell_dye,21,op_gfp_intensity_range_sum,3,553.4038347977367,739.885498046875,1.336972119676936
caspase_activity_cellevent-caspase_live-cell_dye,22,op_gfp_intensity_range_min,3,2.908490479022871,2.9849069118499756,1.026273571592635
caspase_activity_cellevent-caspase_live-cell_dye,23,op_gfp_intensity_range_max,3,25.346116888300156,30.81009864807129,1.215574708498773
caspase_activity_cellevent-caspase_live-cell_dye,0,op_gfp_intensity_min_mean,4,0.7915169823941314,0.827343225479126,1.045262759842031
caspase_activity_cellevent-caspase_live-cell_dye,1,op_gfp_intensity_min_median,4,0.774214437688033,0.8293797373771667,1.0712532562087953
caspase_activity_cellevent-caspase_live-cell_dye,2,op_gfp_intensity_min_std,4,0.7347882396749897,0.7098515629768372,0.9660627710792126
caspase_activity_cellevent-caspase_live-cell_dye,3,op_gfp_intensity_min_sum,4,2302.742060051226,3055.927978515625,1.327082191067307
caspase_activity_cellevent-caspase_live-cell_dye,4,op_gfp_intensity_min_min,4,0.8858184267853483,0.9715734124183655,1.096808762428011
caspase_activity_cellevent-caspase_live-cell_dye,5,op_gfp_intensity_min_max,4,2.6024680489985776,2.5382752418518066,0.9753338731011617
caspase_activity_cellevent-caspase_live-cell_dye,6,op_gfp_intensity_max_mean,4,3.303986296994794,4.815031051635742,1.4573398975702014
caspase_activity_cellevent-caspase_live-cell_dye,7,op_gfp_intensity_max_median,4,2.3285777947564648,3.795480728149414,1.6299565926876691
caspase_activity_cellevent-caspase_live-cell_dye,8,op_gfp_intensity_max_std,4,6.705728128158376,8.14551067352295,1.214709352638188
caspase_activity_cellevent-caspase_live-cell_dye,9,op_gfp_intensity_max_sum,4,2836.712840325773,3767.12841796875,1.3279907519776046
caspase_activity_cellevent-caspase_live-cell_dye,10,op_gfp_intensity_max_min,4,3.0905524218345977,3.1241445541381836,1.0108692970441981
caspase_activity_cellevent-caspase_live-cell_dye,11,op_gfp_intensity_max_max,4,25.412385060123363,32.562931060791016,1.2813803577960163
caspase_activity_cellevent-caspase_live-cell_dye,12,op_gfp_intensity_mean_mean,4,1.282292536943772,1.6059234142303467,1.2523845908500095
caspase_activity_cellevent-caspase_live-cell_dye,13,op_gfp_intensity_mean_median,4,1.2004693283178818,1.482501745223999,1.2349351293308808
caspase_activity_cellevent-caspase_live-cell_dye,14,op_gfp_intensity_mean_std,4,1.6769273505272322,2.1509220600128174,1.2826566752200443
caspase_activity_cellevent-caspase_live-cell_dye,15,op_gfp_intensity_mean_sum,4,2514.215607034656,3338.15576171875,1.3277126084090596
caspase_activity_cellevent-caspase_live-cell_dye,16,op_gfp_intensity_mean_min,4,1.3116106154434852,1.2039026021957397,0.9178811058865005
caspase_activity_cellevent-caspase_live-cell_dye,17,op_gfp_intensity_mean_max,4,6.191919899166213,8.034646034240723,1.2976017398614357
caspase_activity_cellevent-caspase_live-cell_dye,18,op_gfp_intensity_range_mean,4,3.1897817395966714,4.722046375274658,1.480366608366042
caspase_activity_cellevent-caspase_live-cell_dye,19,op_gfp_intensity_range_median,4,2.1311855271333298,3.631509780883789,1.7039857556505436
caspase_activity_cellevent-caspase_live-cell_dye,20,op_gfp_intensity_range_std,4,6.695647451315548,8.138915061950684,1.2155531068696823
caspase_activity_cellevent-caspase_live-cell_dye,21,op_gfp_intensity_range_sum,4,553.4038347977367,735.1102905273438,1.3283433259836712
caspase_activity_cellevent-caspase_live-cell_dye,22,op_gfp_intensity_range_min,4,2.908490479022871,2.9480159282684326,1.0135896780583034
caspase_activity_cellevent-caspase_live-cell_dye,23,op_gfp_intensity_range_max,4,25.346116888300156,32.52224349975586,1.283125286728565
ps6,0,cp_single_object_pS6_cell_Intensity_IntegratedIntensity,0,2398685.9790240685,2937566.75,1.2246566560559882
ps6,1,cp_single_object_pS6_cell_Intensity_IntegratedIntensityEdge,0,33825.35669599163,39052.375,1.1545295841515186
ps6,2,cp_single_object_pS6_cell_Intensity_LowerQuartileIntensity,0,28.049939728698245,28.476224899291992,1.0151973649397046
ps6,3,cp_single_object_pS6_cell_Intensity_MADIntensity,0,8.686593525635741,9.124187469482422,1.050375782239063
ps6,4,cp_single_object_pS6_cell_Intensity_MassDisplacement,0,1.7694171099668332,2.1098222732543945,1.1923826560566841
ps6,5,cp_single_object_pS6_cell_Intensity_MaxIntensity,0,1122.1421250550795,1607.128662109375,1.4321970686471557
ps6,6,cp_single_object_pS6_cell_Intensity_MaxIntensityEdge,0,113.31318787369372,770.3204345703125,6.798153410254082
ps6,7,cp_single_object_pS6_cell_Intensity_MeanIntensity,0,33.237709969232064,35.378238677978516,1.064400607344126
ps6,8,cp_single_object_pS6_cell_Intensity_MeanIntensityEdge,0,33.52888761552516,37.42519760131836,1.116207553035224
ps6,9,cp_single_object_pS6_cell_Intensity_MedianIntensity,0,32.49794981338435,33.46151351928711,1.0296499844278149
ps6,10,cp_single_object_pS6_cell_Intensity_MinIntensity,0,21.484307571829646,21.9039306640625,1.0195316088652104
ps6,11,cp_single_object_pS6_cell_Intensity_MinIntensityEdge,0,22.950008539217084,23.331689834594727,1.0166309870745984
ps6,12,cp_single_object_pS6_cell_Intensity_StdIntensity,0,53.933301983209695,73.69568634033203,1.3664226670800665
ps6,13,cp_single_object_pS6_cell_Intensity_StdIntensityEdge,0,15.219699610408028,82.3983154296875,5.413925211331978
ps6,14,cp_single_object_pS6_cell_Intensity_UpperQuartileIntensity,0,38.69013324864232,40.348594665527344,1.0428652288744242
ps6,15,cp_single_object_pS6_cytoplasm_Intensity_IntegratedIntensity,0,2220759.0695677116,2733854.0,1.2310448429383951
ps6,16,cp_single_object_pS6_cytoplasm_Intensity_IntegratedIntensityEdge,0,54549.69310687144,62350.41015625,1.1430020336520634
ps6,17,cp_single_object_pS6_cytoplasm_Intensity_LowerQuartileIntensity,0,28.467620543072726,28.667451858520508,1.007019600220729
ps6,18,cp_single_object_pS6_cytoplasm_Intensity_MADIntensity,0,8.741477642070937,8.954758644104004,1.0243987356332744
ps6,19,cp_single_object_pS6_cytoplasm_Intensity_MassDisplacement,0,1.7942612331335257,2.1576592922210693,1.202533528773232
ps6,20,cp_single_object_pS6_cytoplasm_Intensity_MaxIntensity,0,1076.0051196739716,1541.6011962890625,1.4327080495269073
ps6,21,cp_single_object_pS6_cytoplasm_Intensity_MaxIntensityEdge,0,153.92160066892993,807.2195434570312,5.244355177888776
ps6,22,cp_single_object_pS6_cytoplasm_Intensity_MeanIntensity,0,33.82646780799133,35.62237548828125,1.0530917886692754
ps6,23,cp_single_object_pS6_cytoplasm_Intensity_MeanIntensityEdge,0,32.88547291729975,40.75398254394531,1.2392700766819822
ps6,24,cp_single_object_pS6_cytoplasm_Intensity_MedianIntensity,0,33.407291273397185,33.59843826293945,1.0057217146992843
ps6,25,cp_single_object_pS6_cytoplasm_Intensity_MinIntensity,0,22.02639036221512,22.449859619140625,1.0192255403614356
ps6,26,cp_single_object_pS6_cytoplasm_Intensity_MinIntensityEdge,0,22.685072925819295,23.15926742553711,1.0209033711845865
ps6,27,cp_single_object_pS6_cytoplasm_Intensity_StdIntensity,0,58.04656248394302,76.07223510742188,1.3105381585423799
ps6,28,cp_single_object_pS6_cytoplasm_Intensity_StdIntensityEdge,0,16.830814929318713,93.94841003417969,5.581928767484973
ps6,29,cp_single_object_pS6_cytoplasm_Intensity_UpperQuartileIntensity,0,38.98361661245001,40.411956787109375,1.0366394988145662
ps6,0,cp_single_object_pS6_cell_Intensity_IntegratedIntensity,1,2398685.9790240685,2913066.75,1.2144427305091485
ps6,1,cp_single_object_pS6_cell_Intensity_IntegratedIntensityEdge,1,33825.35669599163,38955.04296875,1.1516520969420037
ps6,2,cp_single_object_pS6_cell_Intensity_LowerQuartileIntensity,1,28.049939728698245,28.202634811401367,1.0054436866595795
ps6,3,cp_single_object_pS6_cell_Intensity_MADIntensity,1,8.686593525635741,9.117918968200684,1.0496541528381662
ps6,4,cp_single_object_pS6_cell_Intensity_MassDisplacement,1,1.7694171099668332,1.8159551620483398,1.026301346256553
ps6,5,cp_single_object_pS6_cell_Intensity_MaxIntensity,1,1122.1421250550795,1600.73828125,1.4265022634021773
ps6,6,cp_single_object_pS6_cell_Intensity_MaxIntensityEdge,1,113.31318787369372,787.01220703125,6.9454599398307035
ps6,7,cp_single_object_pS6_cell_Intensity_MeanIntensity,1,33.237709969232064,35.1179313659668,1.056568921218557
ps6,8,cp_single_object_pS6_cell_Intensity_MeanIntensityEdge,1,33.52888761552516,37.18529510498047,1.109052454450122
ps6,9,cp_single_object_pS6_cell_Intensity_MedianIntensity,1,32.49794981338435,33.20040512084961,1.0216153730158064
ps6,10,cp_single_object_pS6_cell_Intensity_MinIntensity,1,21.484307571829646,21.72512435913086,1.0112089620061562
ps6,11,cp_single_object_pS6_cell_Intensity_MinIntensityEdge,1,22.950008539217084,23.1202449798584,1.0074177070718913
ps6,12,cp_single_object_pS6_cell_Intensity_StdIntensity,1,53.933301983209695,73.25018310546875,1.358162404524624
ps6,13,cp_single_object_pS6_cell_Intensity_StdIntensityEdge,1,15.219699610408028,82.61685180664062,5.4282839951810145
ps6,14,cp_single_object_pS6_cell_Intensity_UpperQuartileIntensity,1,38.69013324864232,40.203651428222656,1.0391189704582744
ps6,15,cp_single_object_pS6_cytoplasm_Intensity_IntegratedIntensity,1,2220759.0695677116,2713367.75,1.2218199566007755
ps6,16,cp_single_object_pS6_cytoplasm_Intensity_IntegratedIntensityEdge,1,54549.69310687144,62091.90234375,1.1382630920049759
ps6,17,cp_single_object_pS6_cytoplasm_Intensity_LowerQuartileIntensity,1,28.467620543072726,28.37111473083496,0.9966099796752683
ps6,18,cp_single_object_pS6_cytoplasm_Intensity_MADIntensity,1,8.741477642070937,9.069761276245117,1.037554707295048
ps6,19,cp_single_object_pS6_cytoplasm_Intensity_MassDisplacement,1,1.7942612331335257,1.855756163597107,1.0342731199493094
ps6,20,cp_single_object_pS6_cytoplasm_Intensity_MaxIntensity,1,1076.0051196739716,1529.7767333984375,1.4217188240349248
ps6,21,cp_single_object_pS6_cytoplasm_Intensity_MaxIntensityEdge,1,153.92160066892993,818.2523803710938,5.316033466485795
ps6,22,cp_single_object_pS6_cytoplasm_Intensity_MeanIntensity,1,33.82646780799133,35.39045715332031,1.046235668299943
ps6,23,cp_single_object_pS6_cytoplasm_Intensity_MeanIntensityEdge,1,32.88547291729975,40.1993408203125,1.2224042184646586
ps6,24,cp_single_object_pS6_cytoplasm_Intensity_MedianIntensity,1,33.407291273397185,33.400108337402344,0.9997849889733335
ps6,25,cp_single_object_pS6_cytoplasm_Intensity_MinIntensity,1,22.02639036221512,22.24489974975586,1.0099203448203469
ps6,26,cp_single_object_pS6_cytoplasm_Intensity_MinIntensityEdge,1,22.685072925819295,22.948732376098633,1.0116225965480257
ps6,27,cp_single_object_pS6_cytoplasm_Intensity_StdIntensity,1,58.04656248394302,76.15415954589844,1.311949515821275
ps6,28,cp_single_object_pS6_cytoplasm_Intensity_StdIntensityEdge,1,16.830814929318713,91.4571533203125,5.4339111744967985
ps6,29,cp_single_object_pS6_cytoplasm_Intensity_UpperQuartileIntensity,1,38.98361661245001,40.36212158203125,1.0353611360199195
ps6,0,cp_single_object_pS6_cell_Intensity_IntegratedIntensity,2,2398685.9790240685,2964416.5,1.2358501804417539
ps6,1,cp_single_object_pS6_cell_Intensity_IntegratedIntensityEdge,2,33825.35669599163,39224.98828125,1.159632657647576
ps6,2,cp_single_object_pS6_cell_Intensity_LowerQuartileIntensity,2,28.049939728698245,28.052906036376953,1.0001057509466116
ps6,3,cp_single_object_pS6_cell_Intensity_MADIntensity,2,8.686593525635741,10.386126518249512,1.1956501115884075
ps6,4,cp_single_object_pS6_cell_Intensity_MassDisplacement,2,1.7694171099668332,1.8479924201965332,1.0444074547415068
ps6,5,cp_single_object_pS6_cell_Intensity_MaxIntensity,2,1122.1421250550795,1664.2218017578125,1.4830757749836059
ps6,6,cp_single_object_pS6_cell_Intensity_MaxIntensityEdge,2,113.31318787369372,744.277587890625,6.568322733274837
ps6,7,cp_single_object_pS6_cell_Intensity_MeanIntensity,2,33.237709969232064,34.677249908447266,1.0433104428839344
ps6,8,cp_single_object_pS6_cell_Intensity_MeanIntensityEdge,2,33.52888761552516,35.34198760986328,1.0540757574521675
ps6,9,cp_single_object_pS6_cell_Intensity_MedianIntensity,2,32.49794981338435,33.34444808959961,1.0260477439677325
ps6,10,cp_single_object_pS6_cell_Intensity_MinIntensity,2,21.484307571829646,21.582427978515625,1.0045670732630283
ps6,11,cp_single_object_pS6_cell_Intensity_MinIntensityEdge,2,22.950008539217084,23.029142379760742,1.0034480963442098
ps6,12,cp_single_object_pS6_cell_Intensity_StdIntensity,2,53.933301983209695,59.65061950683594,1.1060071850487874
ps6,13,cp_single_object_pS6_cell_Intensity_StdIntensityEdge,2,15.219699610408028,68.92740631103516,4.528828299863355
ps6,14,cp_single_object_pS6_cell_Intensity_UpperQuartileIntensity,2,38.69013324864232,41.819053649902344,1.080871274884271
ps6,15,cp_single_object_pS6_cytoplasm_Intensity_IntegratedIntensity,2,2220759.0695677116,2761629.25,1.243551940345142
ps6,16,cp_single_object_pS6_cytoplasm_Intensity_IntegratedIntensityEdge,2,54549.69310687144,62066.265625,1.1377931220144981
ps6,17,cp_single_object_pS6_cytoplasm_Intensity_LowerQuartileIntensity,2,28.467620543072726,28.217403411865234,0.9912104655593219
ps6,18,cp_single_object_pS6_cytoplasm_Intensity_MADIntensity,2,8.741477642070937,9.53288459777832,1.0905346885403566
ps6,19,cp_single_object_pS6_cytoplasm_Intensity_MassDisplacement,2,1.7942612331335257,1.897653579711914,1.057623909311033
ps6,20,cp_single_object_pS6_cytoplasm_Intensity_MaxIntensity,2,1076.0051196739716,1561.7845458984375,1.4514657201367744
ps6,21,cp_single_object_pS6_cytoplasm_Intensity_MaxIntensityEdge,2,153.92160066892993,769.8201293945312,5.0013781434766775
ps6,22,cp_single_object_pS6_cytoplasm_Intensity_MeanIntensity,2,33.82646780799133,34.616119384765625,1.023344192519792
ps6,23,cp_single_object_pS6_cytoplasm_Intensity_MeanIntensityEdge,2,32.88547291729975,34.50124740600586,1.0491333815624135
ps6,24,cp_single_object_pS6_cytoplasm_Intensity_MedianIntensity,2,33.407291273397185,33.36336135864258,0.9986850201533822
ps6,25,cp_single_object_pS6_cytoplasm_Intensity_MinIntensity,2,22.02639036221512,22.10979652404785,1.0037866468568453
ps6,26,cp_single_object_pS6_cytoplasm_Intensity_MinIntensityEdge,2,22.685072925819295,22.822790145874023,1.0060708299464174
ps6,27,cp_single_object_pS6_cytoplasm_Intensity_StdIntensity,2,58.04656248394302,60.33161926269531,1.039365927644456
ps6,28,cp_single_object_pS6_cytoplasm_Intensity_StdIntensityEdge,2,16.830814929318713,61.070068359375,3.6284677014060085
ps6,29,cp_single_object_pS6_cytoplasm_Intensity_UpperQuartileIntensity,2,38.98361661245001,41.103431701660156,1.0543770761518612
ps6,0,cp_single_object_pS6_cell_Intensity_IntegratedIntensity,3,2398685.9790240685,2937741.5,1.224729508443307
ps6,1,cp_single_object_pS6_cell_Intensity_IntegratedIntensityEdge,3,33825.35669599163,39233.37109375,1.159880483932908
ps6,2,cp_single_object_pS6_cell_Intensity_LowerQuartileIntensity,3,28.049939728698245,28.160438537597656,1.003939359940455
ps6,3,cp_single_object_pS6_cell_Intensity_MADIntensity,3,8.686593525635741,10.490845680236816,1.2077053737205954
ps6,4,cp_single_object_pS6_cell_Intensity_MassDisplacement,3,1.7694171099668332,1.9516078233718872,1.1029665150058763
ps6,5,cp_single_object_pS6_cell_Intensity_MaxIntensity,3,1122.1421250550795,1663.6669921875,1.4825813549293858
ps6,6,cp_single_object_pS6_cell_Intensity_MaxIntensityEdge,3,113.31318787369372,815.095947265625,7.193301702659572
ps6,7,cp_single_object_pS6_cell_Intensity_MeanIntensity,3,33.237709969232064,34.71857452392578,1.044553748018878
ps6,8,cp_single_object_pS6_cell_Intensity_MeanIntensityEdge,3,33.52888761552516,35.38679504394531,1.0554121404123133
ps6,9,cp_single_object_pS6_cell_Intensity_MedianIntensity,3,32.49794981338435,33.51728820800781,1.031366236961928
ps6,10,cp_single_object_pS6_cell_Intensity_MinIntensity,3,21.484307571829646,21.69746971130371,1.0099217598128956
ps6,11,cp_single_object_pS6_cell_Intensity_MinIntensityEdge,3,22.950008539217084,23.154075622558594,1.0088918086018486
ps6,12,cp_single_object_pS6_cell_Intensity_StdIntensity,3,53.933301983209695,51.26604080200195,0.9505451903901952
ps6,13,cp_single_object_pS6_cell_Intensity_StdIntensityEdge,3,15.219699610408028,69.33809661865234,4.555812426891482
ps6,14,cp_single_object_pS6_cell_Intensity_UpperQuartileIntensity,3,38.69013324864232,42.21023178100586,1.0909818146590917
ps6,15,cp_single_object_pS6_cytoplasm_Intensity_IntegratedIntensity,3,2220759.0695677116,2734472.5,1.231323351313516
ps6,16,cp_single_object_pS6_cytoplasm_Intensity_IntegratedIntensityEdge,3,54549.69310687144,62119.36328125,1.1387665034072398
ps6,17,cp_single_object_pS6_cytoplasm_Intensity_LowerQuartileIntensity,3,28.467620543072726,28.32510757446289,0.9949938573758138
ps6,18,cp_single_object_pS6_cytoplasm_Intensity_MADIntensity,3,8.741477642070937,9.60994815826416,1.0993505390911775
ps6,19,cp_single_object_pS6_cytoplasm_Intensity_MassDisplacement,3,1.7942612331335257,2.0048043727874756,1.117342522797672
ps6,20,cp_single_object_pS6_cytoplasm_Intensity_MaxIntensity,3,1076.0051196739716,1590.337890625,1.4780021596057746
ps6,21,cp_single_object_pS6_cytoplasm_Intensity_MaxIntensityEdge,3,153.92160066892993,857.9013061523438,5.573625159977411
ps6,22,cp_single_object_pS6_cytoplasm_Intensity_MeanIntensity,3,33.82646780799133,34.52802276611328,1.0207398230907283
ps6,23,cp_single_object_pS6_cytoplasm_Intensity_MeanIntensityEdge,3,32.88547291729975,34.753902435302734,1.0568162581301994
ps6,24,cp_single_object_pS6_cytoplasm_Intensity_MedianIntensity,3,33.407291273397185,33.45170593261719,1.0013294899863783
ps6,25,cp_single_object_pS6_cytoplasm_Intensity_MinIntensity,3,22.02639036221512,22.23930549621582,1.0096663652327682
ps6,26,cp_single_object_pS6_cytoplasm_Intensity_MinIntensityEdge,3,22.685072925819295,22.92303466796875,1.010489794012459
ps6,27,cp_single_object_pS6_cytoplasm_Intensity_StdIntensity,3,58.04656248394302,50.928855895996094,0.877379360923985
ps6,28,cp_single_object_pS6_cytoplasm_Intensity_StdIntensityEdge,3,16.830814929318713,64.05611419677734,3.8058831058259543
ps6,29,cp_single_object_pS6_cytoplasm_Intensity_UpperQuartileIntensity,3,38.98361661245001,41.4028205871582,1.0620569404516353
ps6,0,cp_single_object_pS6_cell_Intensity_IntegratedIntensity,4,2398685.9790240685,2960443.75,1.2341939611472148
ps6,1,cp_single_object_pS6_cell_Intensity_IntegratedIntensityEdge,4,33825.35669599163,39427.07421875,1.1656070495606092
ps6,2,cp_single_object_pS6_cell_Intensity_LowerQuartileIntensity,4,28.049939728698245,28.709558486938477,1.0235158707868939
ps6,3,cp_single_object_pS6_cell_Intensity_MADIntensity,4,8.686593525635741,10.454279899597168,1.203495923775489
ps6,4,cp_single_object_pS6_cell_Intensity_MassDisplacement,4,1.7694171099668332,1.98995840549469,1.124640648203063
ps6,5,cp_single_object_pS6_cell_Intensity_MaxIntensity,4,1122.1421250550795,1597.2535400390625,1.4233968268151973
ps6,6,cp_single_object_pS6_cell_Intensity_MaxIntensityEdge,4,113.31318787369372,797.4163208007812,7.037277264581362
ps6,7,cp_single_object_pS6_cell_Intensity_MeanIntensity,4,33.237709969232064,36.412967681884766,1.0955317834950729
ps6,8,cp_single_object_pS6_cell_Intensity_MeanIntensityEdge,4,33.52888761552516,37.88556671142578,1.1299380744705445
ps6,9,cp_single_object_pS6_cell_Intensity_MedianIntensity,4,32.49794981338435,34.17151641845703,1.0514976056853722
ps6,10,cp_single_object_pS6_cell_Intensity_MinIntensity,4,21.484307571829646,21.96999168395996,1.0226064587144128
ps6,11,cp_single_object_pS6_cell_Intensity_MinIntensityEdge,4,22.950008539217084,23.415142059326172,1.0202672482371526
ps6,12,cp_single_object_pS6_cell_Intensity_StdIntensity,4,53.933301983209695,71.41665649414062,1.3241662176807527
ps6,13,cp_single_object_pS6_cell_Intensity_StdIntensityEdge,4,15.219699610408028,82.44515991210938,5.417003096153689
ps6,14,cp_single_object_pS6_cell_Intensity_UpperQuartileIntensity,4,38.69013324864232,42.70637512207031,1.1038053254460924
ps6,15,cp_single_object_pS6_cytoplasm_Intensity_IntegratedIntensity,4,2220759.0695677116,2750233.0,1.2384202490436547
ps6,16,cp_single_object_pS6_cytoplasm_Intensity_IntegratedIntensityEdge,4,54549.69310687144,63321.23046875,1.160799023097962
ps6,17,cp_single_object_pS6_cytoplasm_Intensity_LowerQuartileIntensity,4,28.467620543072726,28.870864868164062,1.0141650168647292
ps6,18,cp_single_object_pS6_cytoplasm_Intensity_MADIntensity,4,8.741477642070937,9.516402244567871,1.0886491545511003
ps6,19,cp_single_object_pS6_cytoplasm_Intensity_MassDisplacement,4,1.7942612331335257,2.0453543663024902,1.1399423498274281
ps6,20,cp_single_object_pS6_cytoplasm_Intensity_MaxIntensity,4,1076.0051196739716,1503.576904296875,1.3973696563381195
ps6,21,cp_single_object_pS6_cytoplasm_Intensity_MaxIntensityEdge,4,153.92160066892993,835.4474487304688,5.427746626202473
ps6,22,cp_single_object_pS6_cytoplasm_Intensity_MeanIntensity,4,33.82646780799133,36.204017639160156,1.0702866715101464
ps6,23,cp_single_object_pS6_cytoplasm_Intensity_MeanIntensityEdge,4,32.88547291729975,41.78462219238281,1.2706103481455961
ps6,24,cp_single_object_pS6_cytoplasm_Intensity_MedianIntensity,4,33.407291273397185,34.076778411865234,1.0200401503069834
ps6,25,cp_single_object_pS6_cytoplasm_Intensity_MinIntensity,4,22.02639036221512,22.525672912597656,1.0226674703467993
ps6,26,cp_single_object_pS6_cytoplasm_Intensity_MinIntensityEdge,4,22.685072925819295,23.202781677246094,1.0228215599358979
ps6,27,cp_single_object_pS6_cytoplasm_Intensity_StdIntensity,4,58.04656248394302,71.46675872802734,1.23119708850626
ps6,28,cp_single_object_pS6_cytoplasm_Intensity_StdIntensityEdge,4,16.830814929318713,94.83184814453125,5.634418092218302
ps6,29,cp_single_object_pS6_cytoplasm_Intensity_UpperQuartileIntensity,4,38.98361661245001,41.83393478393555,1.0731157963054472
prb,0,cp_single_object_pRb_cell_Intensity_IntegratedIntensity,0,2225918.9973553363,12083481.0,5.4285358157042785
prb,1,cp_single_object_pRb_cell_Intensity_IntegratedIntensityEdge,0,34172.961224937426,272760.34375,7.981759085921868
prb,2,cp_single_object_pRb_cell_Intensity_LowerQuartileIntensity,0,27.712480132801616,378.7090148925781,13.665648584239227
prb,3,cp_single_object_pRb_cell_Intensity_MADIntensity,0,33.22623231299004,94.69888305664062,2.8501240274425395
prb,4,cp_single_object_pRb_cell_Intensity_MassDisplacement,0,5.238271295317157,5.46009635925293,1.042346997975091
prb,5,cp_single_object_pRb_cell_Intensity_MaxIntensity,0,697.4729572689771,940.1268920898438,1.3479044345618814
prb,6,cp_single_object_pRb_cell_Intensity_MaxIntensityEdge,0,459.4535198380338,685.5958862304688,1.4921985720604654
prb,7,cp_single_object_pRb_cell_Intensity_MeanIntensity,0,84.30124658558363,425.86572265625,5.051713229695911
prb,8,cp_single_object_pRb_cell_Intensity_MeanIntensityEdge,0,73.27571999534307,410.3349609375,5.599876206792349
prb,9,cp_single_object_pRb_cell_Intensity_MedianIntensity,0,57.264397501497484,434.116455078125,7.580913691910802
prb,10,cp_single_object_pRb_cell_Intensity_MinIntensity,0,16.315468682867923,219.67279052734375,13.464080915923146
prb,11,cp_single_object_pRb_cell_Intensity_MinIntensityEdge,0,14.855737493143172,219.52012634277344,14.776790882586297
prb,12,cp_single_object_pRb_cell_Intensity_StdIntensity,0,131.54458476753683,168.91600036621094,1.2840969521072736
prb,13,cp_single_object_pRb_cell_Intensity_StdIntensityEdge,0,105.13324850195083,151.75643920898438,1.443467612495284
prb,14,cp_single_object_pRb_cell_Intensity_UpperQuartileIntensity,0,130.93374022631335,507.389404296875,3.8751616154848567
prb,15,cp_single_object_pRb_cytoplasm_Intensity_IntegratedIntensity,0,1982440.426955278,10810925.0,5.453341675746549
prb,16,cp_single_object_pRb_cytoplasm_Intensity_IntegratedIntensityEdge,0,63367.5211244796,370590.96875,5.848279405186271
prb,17,cp_single_object_pRb_cytoplasm_Intensity_LowerQuartileIntensity,0,26.946467198199002,370.356689453125,13.744164930009015
prb,18,cp_single_object_pRb_cytoplasm_Intensity_MADIntensity,0,32.60433917024486,85.4301986694336,2.6202094826506492
prb,19,cp_single_object_pRb_cytoplasm_Intensity_MassDisplacement,0,5.458432112351323,5.525373935699463,1.0122639289030753
prb,20,cp_single_object_pRb_cytoplasm_Intensity_MaxIntensity,0,685.9001010066103,925.7173461914062,1.3496387372342504
prb,21,cp_single_object_pRb_cytoplasm_Intensity_MaxIntensityEdge,0,586.079778563703,802.6776733398438,1.3695706671657466
prb,22,cp_single_object_pRb_cytoplasm_Intensity_MeanIntensity,0,86.32675229071098,427.3391418457031,4.950251579100423
prb,23,cp_single_object_pRb_cytoplasm_Intensity_MeanIntensityEdge,0,82.18194280697192,411.8008728027344,5.010843729625228
prb,24,cp_single_object_pRb_cytoplasm_Intensity_MedianIntensity,0,54.45519467955953,442.681640625,8.12928212321985
prb,25,cp_single_object_pRb_cytoplasm_Intensity_MinIntensity,0,16.74316176055736,219.69830322265625,13.121673574235524
prb,26,cp_single_object_pRb_cytoplasm_Intensity_MinIntensityEdge,0,15.201849194601156,219.5348663330078,14.441326415142592
prb,27,cp_single_object_pRb_cytoplasm_Intensity_StdIntensity,0,132.7533643656638,168.20118713378906,1.267020146250197
prb,28,cp_single_object_pRb_cytoplasm_Intensity_StdIntensityEdge,0,127.4021406987125,163.10354614257812,1.2802261033297253
prb,29,cp_single_object_pRb_cytoplasm_Intensity_UpperQuartileIntensity,0,132.56086727379892,509.3074645996094,3.842064970408319
prb,0,cp_single_object_pRb_cell_Intensity_IntegratedIntensity,1,2225918.9973553363,6488339.0,2.914903465808477
prb,1,cp_single_object_pRb_cell_Intensity_IntegratedIntensityEdge,1,34172.961224937426,164816.625,4.823012671191236
prb,2,cp_single_object_pRb_cell_Intensity_LowerQuartileIntensity,1,27.712480132801616,178.3712921142578,6.4364968873042265
prb,3,cp_single_object_pRb_cell_Intensity_MADIntensity,1,33.22623231299004,35.51824951171875,1.0689821577462644
prb,4,cp_single_object_pRb_cell_Intensity_MassDisplacement,1,5.238271295317157,5.460811138153076,1.0424834511788008
prb,5,cp_single_object_pRb_cell_Intensity_MaxIntensity,1,697.4729572689771,813.6866455078125,1.1666210668495038
prb,6,cp_single_object_pRb_cell_Intensity_MaxIntensityEdge,1,459.4535198380338,511.0354309082031,1.1122679636633384
prb,7,cp_single_object_pRb_cell_Intensity_MeanIntensity,1,84.30124658558363,213.64991760253906,2.534362494695012
prb,8,cp_single_object_pRb_cell_Intensity_MeanIntensityEdge,1,73.27571999534307,211.80145263671875,2.8904724873420484
prb,9,cp_single_object_pRb_cell_Intensity_MedianIntensity,1,57.264397501497484,201.59075927734375,3.5203506554324977
prb,10,cp_single_object_pRb_cell_Intensity_MinIntensity,1,16.315468682867923,126.73698425292969,7.767903375402878
prb,11,cp_single_object_pRb_cell_Intensity_MinIntensityEdge,1,14.855737493143172,126.65425109863281,8.525611815441103
prb,12,cp_single_object_pRb_cell_Intensity_StdIntensity,1,131.54458476753683,143.42657470703125,1.0903267128821157
prb,13,cp_single_object_pRb_cell_Intensity_StdIntensityEdge,1,105.13324850195083,104.88411712646484,0.9976303274269951
prb,14,cp_single_object_pRb_cell_Intensity_UpperQuartileIntensity,1,130.93374022631335,247.13623046875,1.8874908029174575
prb,15,cp_single_object_pRb_cytoplasm_Intensity_IntegratedIntensity,1,1982440.426955278,5994118.0,3.0236056117994115
prb,16,cp_single_object_pRb_cytoplasm_Intensity_IntegratedIntensityEdge,1,63367.5211244796,205441.328125,3.2420603564628894
prb,17,cp_single_object_pRb_cytoplasm_Intensity_LowerQuartileIntensity,1,26.946467198199002,184.3853302001953,6.842653207338397
prb,18,cp_single_object_pRb_cytoplasm_Intensity_MADIntensity,1,32.60433917024486,35.73025131225586,1.0958741143529676
prb,19,cp_single_object_pRb_cytoplasm_Intensity_MassDisplacement,1,5.458432112351323,5.541651725769043,1.015246065482689
prb,20,cp_single_object_pRb_cytoplasm_Intensity_MaxIntensity,1,685.9001010066103,796.4343872070312,1.1611521649263552
prb,21,cp_single_object_pRb_cytoplasm_Intensity_MaxIntensityEdge,1,586.079778563703,660.820068359375,1.1275257951721809
prb,22,cp_single_object_pRb_cytoplasm_Intensity_MeanIntensity,1,86.32675229071098,217.4595947265625,2.519029025837241
prb,23,cp_single_object_pRb_cytoplasm_Intensity_MeanIntensityEdge,1,82.18194280697192,206.62307739257812,2.5142150493800353
prb,24,cp_single_object_pRb_cytoplasm_Intensity_MedianIntensity,1,54.45519467955953,205.46392822265625,3.7730822455360684
prb,25,cp_single_object_pRb_cytoplasm_Intensity_MinIntensity,1,16.74316176055736,126.7981948852539,7.573133240817053
prb,26,cp_single_object_pRb_cytoplasm_Intensity_MinIntensityEdge,1,15.201849194601156,126.66768646240234,8.332386727490206
prb,27,cp_single_object_pRb_cytoplasm_Intensity_StdIntensity,1,132.7533643656638,139.69549560546875,1.052293448629167
prb,28,cp_single_object_pRb_cytoplasm_Intensity_StdIntensityEdge,1,127.4021406987125,131.64913940429688,1.0333353794708042
prb,29,cp_single_object_pRb_cytoplasm_Intensity_UpperQuartileIntensity,1,132.56086727379892,251.07757568359375,1.894055016741883
prb,0,cp_single_object_pRb_cell_Intensity_IntegratedIntensity,2,2225918.9973553363,2417803.25,1.0862045082829364
prb,1,cp_single_object_pRb_cell_Intensity_IntegratedIntensityEdge,2,34172.961224937426,32064.01171875,0.9382860182263503
prb,2,cp_single_object_pRb_cell_Intensity_LowerQuartileIntensity,2,27.712480132801616,22.043649673461914,0.795441244083028
prb,3,cp_single_object_pRb_cell_Intensity_MADIntensity,2,33.22623231299004,26.73804473876953,0.8047269545008295
prb,4,cp_single_object_pRb_cell_Intensity_MassDisplacement,2,5.238271295317157,5.490374565124512,1.048127188454849
prb,5,cp_single_object_pRb_cell_Intensity_MaxIntensity,2,697.4729572689771,870.4364624023438,1.2479859660948318
prb,6,cp_single_object_pRb_cell_Intensity_MaxIntensityEdge,2,459.4535198380338,430.53814697265625,0.9370657278334253
prb,7,cp_single_object_pRb_cell_Intensity_MeanIntensity,2,84.30124658558363,81.00777435302734,0.960932105206621
prb,8,cp_single_object_pRb_cell_Intensity_MeanIntensityEdge,2,73.27571999534307,59.9791374206543,0.8185404036216387
prb,9,cp_single_object_pRb_cell_Intensity_MedianIntensity,2,57.264397501497484,45.20712661743164,0.7894455995324051
prb,10,cp_single_object_pRb_cell_Intensity_MinIntensity,2,16.315468682867923,16.606746673583984,1.0178528730236183
prb,11,cp_single_object_pRb_cell_Intensity_MinIntensityEdge,2,14.855737493143172,15.312860488891602,1.0307708046106374
prb,12,cp_single_object_pRb_cell_Intensity_StdIntensity,2,131.54458476753683,145.79286193847656,1.1083151936365836
prb,13,cp_single_object_pRb_cell_Intensity_StdIntensityEdge,2,105.13324850195083,95.47338104248047,0.908117863786059
prb,14,cp_single_object_pRb_cell_Intensity_UpperQuartileIntensity,2,130.93374022631335,110.9310531616211,0.8472304615287208
prb,15,cp_single_object_pRb_cytoplasm_Intensity_IntegratedIntensity,2,1982440.426955278,2177491.75,1.0983895003313118
prb,16,cp_single_object_pRb_cytoplasm_Intensity_IntegratedIntensityEdge,2,63367.5211244796,59417.53125,0.9376653874984282
prb,17,cp_single_object_pRb_cytoplasm_Intensity_LowerQuartileIntensity,2,26.946467198199002,23.485410690307617,0.8715580605637718
prb,18,cp_single_object_pRb_cytoplasm_Intensity_MADIntensity,2,32.60433917024486,28.22979164123535,0.8658292840665276
prb,19,cp_single_object_pRb_cytoplasm_Intensity_MassDisplacement,2,5.458432112351323,5.564937114715576,1.019512013738021
prb,20,cp_single_object_pRb_cytoplasm_Intensity_MaxIntensity,2,685.9001010066103,854.2432861328125,1.2454339704559685
prb,21,cp_single_object_pRb_cytoplasm_Intensity_MaxIntensityEdge,2,586.079778563703,609.0623779296875,1.0392141141984246
prb,22,cp_single_object_pRb_cytoplasm_Intensity_MeanIntensity,2,86.32675229071098,81.74767303466797,0.9469564285168209
prb,23,cp_single_object_pRb_cytoplasm_Intensity_MeanIntensityEdge,2,82.18194280697192,69.92239379882812,0.8508242980220254
prb,24,cp_single_object_pRb_cytoplasm_Intensity_MedianIntensity,2,54.45519467955953,47.32518005371094,0.869066400959449
prb,25,cp_single_object_pRb_cytoplasm_Intensity_MinIntensity,2,16.74316176055736,17.136857986450195,1.0235138518950635
prb,26,cp_single_object_pRb_cytoplasm_Intensity_MinIntensityEdge,2,15.201849194601156,15.407501220703125,1.0135280927648596
prb,27,cp_single_object_pRb_cytoplasm_Intensity_StdIntensity,2,132.7533643656638,144.17929077148438,1.08606882741102
prb,28,cp_single_object_pRb_cytoplasm_Intensity_StdIntensityEdge,2,127.4021406987125,125.76959991455078,0.9871859234451763
prb,29,cp_single_object_pRb_cytoplasm_Intensity_UpperQuartileIntensity,2,132.56086727379892,113.40261840820312,0.8554758334069644
prb,0,cp_single_object_pRb_cell_Intensity_IntegratedIntensity,3,2225918.9973553363,10609940.0,4.766543622030229
prb,1,cp_single_object_pRb_cell_Intensity_IntegratedIntensityEdge,3,34172.961224937426,221836.4375,6.491577830782682
prb,2,cp_single_object_pRb_cell_Intensity_LowerQuartileIntensity,3,27.712480132801616,339.9833984375,12.268241485722594
prb,3,cp_single_object_pRb_cell_Intensity_MADIntensity,3,33.22623231299004,93.52095031738281,2.8146721372564443
prb,4,cp_single_object_pRb_cell_Intensity_MassDisplacement,3,5.238271295317157,5.484991550445557,1.0470995565557972
prb,5,cp_single_object_pRb_cell_Intensity_MaxIntensity,3,697.4729572689771,1002.8272705078125,1.4378009355867785
prb,6,cp_single_object_pRb_cell_Intensity_MaxIntensityEdge,3,459.4535198380338,632.4501342773438,1.376526910709694
prb,7,cp_single_object_pRb_cell_Intensity_MeanIntensity,3,84.30124658558363,382.8460388183594,4.541404241628735
prb,8,cp_single_object_pRb_cell_Intensity_MeanIntensityEdge,3,73.27571999534307,361.6606140136719,4.9356132431951085
prb,9,cp_single_object_pRb_cell_Intensity_MedianIntensity,3,57.264397501497484,393.2951354980469,6.868056814668522
prb,10,cp_single_object_pRb_cell_Intensity_MinIntensity,3,16.315468682867923,182.23277282714844,11.169325035602697
prb,11,cp_single_object_pRb_cell_Intensity_MinIntensityEdge,3,14.855737493143172,181.97674560546875,12.249593511561583
prb,12,cp_single_object_pRb_cell_Intensity_StdIntensity,3,131.54458476753683,172.3920440673828,1.3105217852337354
prb,13,cp_single_object_pRb_cell_Intensity_StdIntensityEdge,3,105.13324850195083,147.2008819580078,1.40013634178988
prb,14,cp_single_object_pRb_cell_Intensity_UpperQuartileIntensity,3,130.93374022631335,464.232421875,3.5455522852443853
prb,15,cp_single_object_pRb_cytoplasm_Intensity_IntegratedIntensity,3,1982440.426955278,9368736.0,4.725860042306002
prb,16,cp_single_object_pRb_cytoplasm_Intensity_IntegratedIntensityEdge,3,63367.5211244796,317965.46875,5.017798757274826
prb,17,cp_single_object_pRb_cytoplasm_Intensity_LowerQuartileIntensity,3,26.946467198199002,326.8617858886719,12.130042260623984
prb,18,cp_single_object_pRb_cytoplasm_Intensity_MADIntensity,3,32.60433917024486,83.94065856933594,2.5745241494095747
prb,19,cp_single_object_pRb_cytoplasm_Intensity_MassDisplacement,3,5.458432112351323,5.553280353546143,1.0173764625523505
prb,20,cp_single_object_pRb_cytoplasm_Intensity_MaxIntensity,3,685.9001010066103,988.9271850585938,1.441794779746013
prb,21,cp_single_object_pRb_cytoplasm_Intensity_MaxIntensityEdge,3,586.079778563703,764.2120361328125,1.3039385832516788
prb,22,cp_single_object_pRb_cytoplasm_Intensity_MeanIntensity,3,86.32675229071098,382.4990234375,4.430828373450324
prb,23,cp_single_object_pRb_cytoplasm_Intensity_MeanIntensityEdge,3,82.18194280697192,368.4200439453125,4.482980462151565
prb,24,cp_single_object_pRb_cytoplasm_Intensity_MedianIntensity,3,54.45519467955953,401.30377197265625,7.369430489306301
prb,25,cp_single_object_pRb_cytoplasm_Intensity_MinIntensity,3,16.74316176055736,182.27655029296875,10.886626606114865
prb,26,cp_single_object_pRb_cytoplasm_Intensity_MinIntensityEdge,3,15.201849194601156,182.00289916992188,11.972418410423325
prb,27,cp_single_object_pRb_cytoplasm_Intensity_StdIntensity,3,132.7533643656638,173.8766632080078,1.3097721781955864
prb,28,cp_single_object_pRb_cytoplasm_Intensity_StdIntensityEdge,3,127.4021406987125,159.45814514160156,1.251612761505294
prb,29,cp_single_object_pRb_cytoplasm_Intensity_UpperQuartileIntensity,3,132.56086727379892,464.86297607421875,3.506788885999544
prb,0,cp_single_object_pRb_cell_Intensity_IntegratedIntensity,4,2225918.9973553363,12430700.0,5.584524870298151
prb,1,cp_single_object_pRb_cell_Intensity_IntegratedIntensityEdge,4,34172.961224937426,280778.40625,8.216390859481747
prb,2,cp_single_object_pRb_cell_Intensity_LowerQuartileIntensity,4,27.712480132801616,389.9541931152344,14.071428874157993
prb,3,cp_single_object_pRb_cell_Intensity_MADIntensity,4,33.22623231299004,97.35709381103516,2.9301274033701583
prb,4,cp_single_object_pRb_cell_Intensity_MassDisplacement,4,5.238271295317157,5.479462146759033,1.0460439786036844
prb,5,cp_single_object_pRb_cell_Intensity_MaxIntensity,4,697.4729572689771,1048.724853515625,1.503606473320498
prb,6,cp_single_object_pRb_cell_Intensity_MaxIntensityEdge,4,459.4535198380338,699.3656005859375,1.522168337795034
prb,7,cp_single_object_pRb_cell_Intensity_MeanIntensity,4,84.30124658558363,438.1618957519531,5.197573149848099
prb,8,cp_single_object_pRb_cell_Intensity_MeanIntensityEdge,4,73.27571999534307,422.3527526855469,5.763884035699532
prb,9,cp_single_object_pRb_cell_Intensity_MedianIntensity,4,57.264397501497484,446.9516296386719,7.805052513247588
prb,10,cp_single_object_pRb_cell_Intensity_MinIntensity,4,16.315468682867923,226.1476593017578,13.860935514480465
prb,11,cp_single_object_pRb_cell_Intensity_MinIntensityEdge,4,14.855737493143172,225.99171447753906,15.212419752425486
prb,12,cp_single_object_pRb_cell_Intensity_StdIntensity,4,131.54458476753683,175.8782196044922,1.3370236404280795
prb,13,cp_single_object_pRb_cell_Intensity_StdIntensityEdge,4,105.13324850195083,154.8809814453125,1.4731874421481284
prb,14,cp_single_object_pRb_cell_Intensity_UpperQuartileIntensity,4,130.93374022631335,521.8726806640625,3.985776926268416
prb,15,cp_single_object_pRb_cytoplasm_Intensity_IntegratedIntensity,4,1982440.426955278,11121626.0,5.610068201182266
prb,16,cp_single_object_pRb_cytoplasm_Intensity_IntegratedIntensityEdge,4,63367.5211244796,381398.875,6.018838487476532
prb,17,cp_single_object_pRb_cytoplasm_Intensity_LowerQuartileIntensity,4,26.946467198199002,381.3543701171875,14.152295635350512
prb,18,cp_single_object_pRb_cytoplasm_Intensity_MADIntensity,4,32.60433917024486,87.77542114257812,2.6921392482226136
prb,19,cp_single_object_pRb_cytoplasm_Intensity_MassDisplacement,4,5.458432112351323,5.543124675750732,1.0155159140310213
prb,20,cp_single_object_pRb_cytoplasm_Intensity_MaxIntensity,4,685.9001010066103,1035.6182861328125,1.5098675224175713
prb,21,cp_single_object_pRb_cytoplasm_Intensity_MaxIntensityEdge,4,586.079778563703,819.3853759765625,1.398078224068092
prb,22,cp_single_object_pRb_cytoplasm_Intensity_MeanIntensity,4,86.32675229071098,439.6784362792969,5.093188665301007
prb,23,cp_single_object_pRb_cytoplasm_Intensity_MeanIntensityEdge,4,82.18194280697192,423.87884521484375,5.157809985223225
prb,24,cp_single_object_pRb_cytoplasm_Intensity_MedianIntensity,4,54.45519467955953,455.74444580078125,8.369163832442434
prb,25,cp_single_object_pRb_cytoplasm_Intensity_MinIntensity,4,16.74316176055736,226.17605590820312,13.508563026668984
prb,26,cp_single_object_pRb_cytoplasm_Intensity_MinIntensityEdge,4,15.201849194601156,226.0150604248047,14.867603114039085
prb,27,cp_single_object_pRb_cytoplasm_Intensity_StdIntensity,4,132.7533643656638,176.9359588623047,1.3328171358048728
prb,28,cp_single_object_pRb_cytoplasm_Intensity_StdIntensityEdge,4,127.4021406987125,166.1066131591797,1.3037976618618805
prb,29,cp_single_object_pRb_cytoplasm_Intensity_UpperQuartileIntensity,4,132.56086727379892,523.7100830078125,3.9507140665133944
nuclei_hoechst,0,op_nuclei_intensity_mean_mean,0,49.19474414173022,50.83164978027344,1.0332739943484062
nuclei_hoechst,1,op_nuclei_intensity_mean_median,0,49.32717676487278,50.895694732666016,1.0317982514034783
nuclei_hoechst,2,op_nuclei_intensity_mean_sum,0,169.35380295887984,166.15602111816406,0.9811177441259337
nuclei_hoechst,3,op_nuclei_intensity_mean_min,0,48.3925688552215,49.908809661865234,1.031332100000311
nuclei_hoechst,4,op_nuclei_intensity_mean_max,0,53.93535152947502,55.516014099121094,1.0293066147679089
nuclei_hoechst,5,op_nuclei_intensity_max_mean,0,88.67446793818179,92.63001251220703,1.04460748021384
nuclei_hoechst,6,op_nuclei_intensity_max_median,0,89.03648579733547,92.92729949951172,1.0436990933248702
nuclei_hoechst,7,op_nuclei_intensity_max_sum,0,226.3865512545509,225.95748901367188,0.9981047361757961
nuclei_hoechst,8,op_nuclei_intensity_max_min,0,98.18131889711992,100.96482849121094,1.0283507048525977
nuclei_hoechst,9,op_nuclei_intensity_max_max,0,91.69031896177275,95.32835388183594,1.0396774159066886
nuclei_hoechst,10,op_nuclei_intensity_min_mean,0,32.01247028227098,32.404640197753906,1.0122505358700828
nuclei_hoechst,11,op_nuclei_intensity_min_median,0,31.497145434844942,32.19426345825195,1.022132736595101
nuclei_hoechst,12,op_nuclei_intensity_min_sum,0,131.88998677889433,128.84437561035156,0.976907942422888
nuclei_hoechst,13,op_nuclei_intensity_min_min,0,25.991105599798097,26.891401290893555,1.0346386069510813
nuclei_hoechst,14,op_nuclei_intensity_min_max,0,43.37292741989899,42.805694580078125,0.9869219609197827
nuclei_hoechst,15,op_nuclei_intensity_std_mean,0,19.060956001151133,19.16208267211914,1.0053054354126782
nuclei_hoechst,16,op_nuclei_intensity_std_median,0,19.136185660898033,19.24222183227539,1.0055411341244471
nuclei_hoechst,17,op_nuclei_intensity_std_sum,0,28.65124550991182,28.42352867126465,0.9920521138053704
nuclei_hoechst,18,op_nuclei_intensity_std_min,0,21.429182785542814,21.296892166137695,0.9938266138877508
nuclei_hoechst,19,op_nuclei_intensity_std_max,0,19.531536714786345,19.575702667236328,1.0022612635705488
nuclei_hoechst,20,op_nuclei_intensity_median_mean,0,51.68227791303345,53.06568908691406,1.0267676122211273
nuclei_hoechst,21,op_nuclei_intensity_median_median,0,51.87144164975884,53.1278190612793,1.02422098502686
nuclei_hoechst,22,op_nuclei_intensity_median_sum,0,169.4804429436532,166.2475128173828,0.980924464970007
nuclei_hoechst,23,op_nuclei_intensity_median_min,0,50.40617813497865,51.76597595214844,1.0269768085477238
nuclei_hoechst,24,op_nuclei_intensity_median_max,0,56.80535223067377,58.21887969970703,1.0248837022133626
nuclei_hoechst,25,op_nuclei_intensity_q25_mean,0,44.3576788386524,45.28336715698242,1.0208687276378268
nuclei_hoechst,26,op_nuclei_intensity_q25_median,0,44.42131053504128,45.252193450927734,1.0187046015950165
nuclei_hoechst,27,op_nuclei_intensity_q25_sum,0,156.3356481576937,152.5570068359375,0.9758299443135021
nuclei_hoechst,28,op_nuclei_intensity_q25_min,0,41.71241851277153,42.79961395263672,1.0260640710519413
nuclei_hoechst,29,op_nuclei_intensity_q25_max,0,50.779394068278854,51.503578186035156,1.0142613776915603
nuclei_hoechst,30,op_nuclei_intensity_q75_mean,0,59.35621950080965,61.12421798706055,1.0297862380913054
nuclei_hoechst,31,op_nuclei_intensity_q75_median,0,59.510730000355764,61.27263641357422,1.0296065333631081
nuclei_hoechst,32,op_nuclei_intensity_q75_sum,0,184.0859191776861,180.99354553222656,0.9832014656021862
nuclei_hoechst,33,op_nuclei_intensity_q75_min,0,59.8404400987599,61.343780517578125,1.0251224826611758
nuclei_hoechst,34,op_nuclei_intensity_q75_max,0,63.77605972318948,65.45975494384766,1.0264001135844076
nuclei_hoechst,35,op_nuclei_intensity_iqr_mean,0,32.821903105992256,32.42525863647461,0.9879152507325137
nuclei_hoechst,36,op_nuclei_intensity_iqr_median,0,32.92059871024764,32.54395294189453,0.9885589635939439
nuclei_hoechst,37,op_nuclei_intensity_iqr_sum,0,45.77713792752702,45.197391510009766,0.9873354594943202
nuclei_hoechst,38,op_nuclei_intensity_iqr_min,0,35.46793345095413,34.81166076660156,0.981496731822279
nuclei_hoechst,39,op_nuclei_intensity_iqr_max,0,34.26180597221871,33.90119934082031,0.9894749672071929
nuclei_hoechst,40,op_nuclei_intensity_mad_mean,0,15.005593324483508,14.878003120422363,0.9914971570065834
nuclei_hoechst,41,op_nuclei_intensity_mad_median,0,15.056838236925847,14.930909156799316,0.991636419403265
nuclei_hoechst,42,op_nuclei_intensity_mad_sum,0,21.04111444324092,20.932209014892578,0.9948241606383483
nuclei_hoechst,43,op_nuclei_intensity_mad_min,0,16.15227175845736,15.87246036529541,0.9826766539502135
nuclei_hoechst,44,op_nuclei_intensity_mad_max,0,15.691853532545299,15.656981468200684,0.9977776962885685
nuclei_hoechst,45,op_nuclei_intensity_integrated_mean,0,156617.73646254482,156751.703125,1.000855373506737
nuclei_hoechst,46,op_nuclei_intensity_integrated_median,0,161779.43467986147,161286.125,0.9969507268903637
nuclei_hoechst,47,op_nuclei_intensity_integrated_sum,0,176666.32618114894,186810.265625,1.0574186358154622
nuclei_hoechst,48,op_nuclei_intensity_integrated_min,0,207066.158885513,205372.9375,0.9918228000431052
nuclei_hoechst,49,op_nuclei_intensity_integrated_max,0,141480.84629660327,147017.90625,1.0391364633329145
nuclei_hoechst,50,op_nuclei_intensity_range_mean,0,84.85669841455821,86.69651794433594,1.0216814884876795
nuclei_hoechst,51,op_nuclei_intensity_range_median,0,85.61638879337,87.32503509521484,1.0199570003585243
nuclei_hoechst,52,op_nuclei_intensity_range_sum,0,126.41714360679362,127.61035919189453,1.0094387165463277
nuclei_hoechst,53,op_nuclei_intensity_range_min,0,102.46125504127376,102.37834167480469,0.9991907832240033
nuclei_hoechst,54,op_nuclei_intensity_range_max,0,83.64367949767636,85.85774230957031,1.0264701747363405
nuclei_hoechst,55,op_nuclei_intensity_cv_mean,0,0.08039281146684843,0.08372339606285095,1.041428885683093
nuclei_hoechst,56,op_nuclei_intensity_cv_median,0,0.08060121503266558,0.08395976573228836,1.041668735369084
nuclei_hoechst,57,op_nuclei_intensity_cv_sum,0,0.11648610480279874,0.12530656158924103,1.0757211068339403
nuclei_hoechst,58,op_nuclei_intensity_cv_min,0,0.09288681873413711,0.09250442683696747,0.9958832490725715
nuclei_hoechst,59,op_nuclei_intensity_cv_max,0,0.07895456264151278,0.09041116386651993,1.14510372601296
nuclei_hoechst,0,op_nuclei_intensity_mean_mean,1,49.19474414173022,50.846717834472656,1.033580288332898
nuclei_hoechst,1,op_nuclei_intensity_mean_median,1,49.32717676487278,50.921142578125,1.0323141504905127
nuclei_hoechst,2,op_nuclei_intensity_mean_sum,1,169.35380295887984,166.46580505371094,0.9829469556944633
nuclei_hoechst,3,op_nuclei_intensity_mean_min,1,48.3925688552215,49.856178283691406,1.0302445078468279
nuclei_hoechst,4,op_nuclei_intensity_mean_max,1,53.93535152947502,55.5960807800293,1.030791108307632
nuclei_hoechst,5,op_nuclei_intensity_max_mean,1,88.67446793818179,92.8200454711914,1.0467505205207395
nuclei_hoechst,6,op_nuclei_intensity_max_median,1,89.03648579733547,93.14509582519531,1.0461452402469236
nuclei_hoechst,7,op_nuclei_intensity_max_sum,1,226.3865512545509,226.79965209960938,1.0018247587710896
nuclei_hoechst,8,op_nuclei_intensity_max_min,1,98.18131889711992,101.09346008300781,1.0296608480981948
nuclei_hoechst,9,op_nuclei_intensity_max_max,1,91.69031896177275,95.53840637207031,1.0419683065112022
nuclei_hoechst,10,op_nuclei_intensity_min_mean,1,32.01247028227098,32.40074920654297,1.0121289897608128
nuclei_hoechst,11,op_nuclei_intensity_min_median,1,31.497145434844942,32.19070816040039,1.0220198597676147
nuclei_hoechst,12,op_nuclei_intensity_min_sum,1,131.88998677889433,128.76817321777344,0.9763301700351641
nuclei_hoechst,13,op_nuclei_intensity_min_min,1,25.991105599798097,26.87693214416504,1.0340819108662243
nuclei_hoechst,14,op_nuclei_intensity_min_max,1,43.37292741989899,42.79523849487305,0.9866808869174712
nuclei_hoechst,15,op_nuclei_intensity_std_mean,1,19.060956001151133,19.22931480407715,1.0088326526180453
nuclei_hoechst,16,op_nuclei_intensity_std_median,1,19.136185660898033,19.313377380371094,1.0092595108875395
nuclei_hoechst,17,op_nuclei_intensity_std_sum,1,28.65124550991182,28.5847225189209,0.9976781815307851
nuclei_hoechst,18,op_nuclei_intensity_std_min,1,21.429182785542814,21.34048080444336,0.995860692309774
nuclei_hoechst,19,op_nuclei_intensity_std_max,1,19.531536714786345,19.654451370239258,1.0062931379772007
nuclei_hoechst,20,op_nuclei_intensity_median_mean,1,51.68227791303345,53.067867279052734,1.0268097580441566
nuclei_hoechst,21,op_nuclei_intensity_median_median,1,51.87144164975884,53.14341354370117,1.0245216221775908
nuclei_hoechst,22,op_nuclei_intensity_median_sum,1,169.4804429436532,166.59213256835938,0.9829578544572597
nuclei_hoechst,23,op_nuclei_intensity_median_min,1,50.40617813497865,51.700477600097656,1.0256773973550048
nuclei_hoechst,24,op_nuclei_intensity_median_max,1,56.80535223067377,58.30511474609375,1.0264017818132662
nuclei_hoechst,25,op_nuclei_intensity_q25_mean,1,44.3576788386524,45.238948822021484,1.0198673602055381
nuclei_hoechst,26,op_nuclei_intensity_q25_median,1,44.42131053504128,45.22755432128906,1.018149932465675
nuclei_hoechst,27,op_nuclei_intensity_q25_sum,1,156.3356481576937,152.75479125976562,0.9770950711489927
nuclei_hoechst,28,op_nuclei_intensity_q25_min,1,41.71241851277153,42.66498565673828,1.022836535926947
nuclei_hoechst,29,op_nuclei_intensity_q25_max,1,50.779394068278854,51.54267501831055,1.0150313126817814
nuclei_hoechst,30,op_nuclei_intensity_q75_mean,1,59.35621950080965,61.19356918334961,1.0309546278046717
nuclei_hoechst,31,op_nuclei_intensity_q75_median,1,59.510730000355764,61.34394454956055,1.0308047733441317
nuclei_hoechst,32,op_nuclei_intensity_q75_sum,1,184.0859191776861,181.40402221679688,0.9854312759342524
nuclei_hoechst,33,op_nuclei_intensity_q75_min,1,59.8404400987599,61.34756088256836,1.0251856567451898
nuclei_hoechst,34,op_nuclei_intensity_q75_max,1,63.77605972318948,65.59637451171875,1.0285422899506502
nuclei_hoechst,35,op_nuclei_intensity_iqr_mean,1,32.821903105992256,32.55052947998047,0.9917319350698393
nuclei_hoechst,36,op_nuclei_intensity_iqr_median,1,32.92059871024764,32.677791595458984,0.9926244623639523
nuclei_hoechst,37,op_nuclei_intensity_iqr_sum,1,45.77713792752702,45.42417526245117,0.9922895427487265
nuclei_hoechst,38,op_nuclei_intensity_iqr_min,1,35.46793345095413,34.90251541137695,0.9840583314401712
nuclei_hoechst,39,op_nuclei_intensity_iqr_max,1,34.26180597221871,34.02012252807617,0.992945980596046
nuclei_hoechst,40,op_nuclei_intensity_mad_mean,1,15.005593324483508,14.976874351501465,0.9980861154663452
nuclei_hoechst,41,op_nuclei_intensity_mad_median,1,15.056838236925847,15.033655166625977,0.9984602962497787
nuclei_hoechst,42,op_nuclei_intensity_mad_sum,1,21.04111444324092,21.076818466186523,1.0016968693859782
nuclei_hoechst,43,op_nuclei_intensity_mad_min,1,16.15227175845736,15.957262992858887,0.9879268521162439
nuclei_hoechst,44,op_nuclei_intensity_mad_max,1,15.691853532545299,15.754924774169922,1.0040193621163882
nuclei_hoechst,45,op_nuclei_intensity_integrated_mean,1,156617.73646254482,155156.609375,0.9906707431703033
nuclei_hoechst,46,op_nuclei_intensity_integrated_median,1,161779.43467986147,159711.09375,0.9872150565122543
nuclei_hoechst,47,op_nuclei_intensity_integrated_sum,1,176666.32618114894,186524.984375,1.0558038331749893
nuclei_hoechst,48,op_nuclei_intensity_integrated_min,1,207066.158885513,203948.453125,0.9849434317162526
nuclei_hoechst,49,op_nuclei_intensity_integrated_max,1,141480.84629660327,145617.9375,1.0292413518273962
nuclei_hoechst,50,op_nuclei_intensity_range_mean,1,84.85669841455821,86.85002899169922,1.0234905507094185
nuclei_hoechst,51,op_nuclei_intensity_range_median,1,85.61638879337,87.49005126953125,1.0218843903902932
nuclei_hoechst,52,op_nuclei_intensity_range_sum,1,126.41714360679362,128.39096069335938,1.0156135238485144
nuclei_hoechst,53,op_nuclei_intensity_range_min,1,102.46125504127376,102.42831420898438,0.9996785045012759
nuclei_hoechst,54,op_nuclei_intensity_range_max,1,83.64367949767636,86.09832000732422,1.0293463956199589
nuclei_hoechst,55,op_nuclei_intensity_cv_mean,1,0.08039281146684843,0.08244793862104416,1.0255635686412485
nuclei_hoechst,56,op_nuclei_intensity_cv_median,1,0.08060121503266558,0.08270366489887238,1.0260845927118434
nuclei_hoechst,57,op_nuclei_intensity_cv_sum,1,0.11648610480279874,0.12097366899251938,1.0385244591817857
nuclei_hoechst,58,op_nuclei_intensity_cv_min,1,0.09288681873413711,0.09280206263065338,0.9990875335743135
nuclei_hoechst,59,op_nuclei_intensity_cv_max,1,0.07895456264151278,0.08475300669670105,1.0734402656565354
nuclei_hoechst,0,op_nuclei_intensity_mean_mean,2,49.19474414173022,51.03736877441406,1.0374557214359168
nuclei_hoechst,1,op_nuclei_intensity_mean_median,2,49.32717676487278,51.12422180175781,1.0364311350201731
nuclei_hoechst,2,op_nuclei_intensity_mean_sum,2,169.35380295887984,167.2992706298828,0.9878684015764566
nuclei_hoechst,3,op_nuclei_intensity_mean_min,2,48.3925688552215,50.079219818115234,1.0348535116608457
nuclei_hoechst,4,op_nuclei_intensity_mean_max,2,53.93535152947502,55.7464714050293,1.0335794580770372
nuclei_hoechst,5,op_nuclei_intensity_max_mean,2,88.67446793818179,92.83710479736328,1.0469429020096677
nuclei_hoechst,6,op_nuclei_intensity_max_median,2,89.03648579733547,93.17217254638672,1.0464493483993167
nuclei_hoechst,7,op_nuclei_intensity_max_sum,2,226.3865512545509,226.99700927734375,1.0026965295394532
nuclei_hoechst,8,op_nuclei_intensity_max_min,2,98.18131889711992,101.17079162597656,1.0304484881893794
nuclei_hoechst,9,op_nuclei_intensity_max_max,2,91.69031896177275,95.49198150634766,1.041461984074457
nuclei_hoechst,10,op_nuclei_intensity_min_mean,2,32.01247028227098,32.58217239379883,1.0177962558498135
nuclei_hoechst,11,op_nuclei_intensity_min_median,2,31.497145434844942,32.37665939331055,1.0279236085150945
nuclei_hoechst,12,op_nuclei_intensity_min_sum,2,131.88998677889433,129.71524047851562,0.9835109066769069
nuclei_hoechst,13,op_nuclei_intensity_min_min,2,25.991105599798097,27.12721061706543,1.0437113001178433
nuclei_hoechst,14,op_nuclei_intensity_min_max,2,43.37292741989899,42.931888580322266,0.9898314717079857
nuclei_hoechst,15,op_nuclei_intensity_std_mean,2,19.060956001151133,19.20943260192871,1.00778956736318
nuclei_hoechst,16,op_nuclei_intensity_std_median,2,19.136185660898033,19.29695701599121,1.0084014316093144
nuclei_hoechst,17,op_nuclei_intensity_std_sum,2,28.65124550991182,28.51438331604004,0.995223167738923
nuclei_hoechst,18,op_nuclei_intensity_std_min,2,21.429182785542814,21.33177375793457,0.995454375064925
nuclei_hoechst,19,op_nuclei_intensity_std_max,2,19.531536714786345,19.63286018371582,1.0051876854550195
nuclei_hoechst,20,op_nuclei_intensity_median_mean,2,51.68227791303345,53.23399353027344,1.030024133608257
nuclei_hoechst,21,op_nuclei_intensity_median_median,2,51.87144164975884,53.32467269897461,1.0280160142651928
nuclei_hoechst,22,op_nuclei_intensity_median_sum,2,169.4804429436532,167.435546875,0.9879343242610413
nuclei_hoechst,23,op_nuclei_intensity_median_min,2,50.40617813497865,51.893287658691406,1.0295025248637288
nuclei_hoechst,24,op_nuclei_intensity_median_max,2,56.80535223067377,58.449798583984375,1.0289487924770342
nuclei_hoechst,25,op_nuclei_intensity_q25_mean,2,44.3576788386524,45.44438934326172,1.024498813577738
nuclei_hoechst,26,op_nuclei_intensity_q25_median,2,44.42131053504128,45.45166015625,1.023194939743976
nuclei_hoechst,27,op_nuclei_intensity_q25_sum,2,156.3356481576937,153.75283813476562,0.9834790717704843
nuclei_hoechst,28,op_nuclei_intensity_q25_min,2,41.71241851277153,42.912071228027344,1.028760085318201
nuclei_hoechst,29,op_nuclei_intensity_q25_max,2,50.779394068278854,51.706764221191406,1.0182627258542234
nuclei_hoechst,30,op_nuclei_intensity_q75_mean,2,59.35621950080965,61.33803939819336,1.0333885802372687
nuclei_hoechst,31,op_nuclei_intensity_q75_median,2,59.510730000355764,61.49855041503906,1.0334027227471654
nuclei_hoechst,32,op_nuclei_intensity_q75_sum,2,184.0859191776861,182.13516235351562,0.9894030090248916
nuclei_hoechst,33,op_nuclei_intensity_q75_min,2,59.8404400987599,61.53236389160156,1.028273919611041
nuclei_hoechst,34,op_nuclei_intensity_q75_max,2,63.77605972318948,65.69942474365234,1.0301581036647756
nuclei_hoechst,35,op_nuclei_intensity_iqr_mean,2,32.821903105992256,32.48448181152344,0.989719630413289
nuclei_hoechst,36,op_nuclei_intensity_iqr_median,2,32.92059871024764,32.61783218383789,0.9908031281850441
nuclei_hoechst,37,op_nuclei_intensity_iqr_sum,2,45.77713792752702,45.25362014770508,0.988563772146464
nuclei_hoechst,38,op_nuclei_intensity_iqr_min,2,35.46793345095413,34.867637634277344,0.9830749705926091
nuclei_hoechst,39,op_nuclei_intensity_iqr_max,2,34.26180597221871,33.953067779541016,0.9909888523410577
nuclei_hoechst,40,op_nuclei_intensity_mad_mean,2,15.005593324483508,14.962722778320312,0.9971430289202062
nuclei_hoechst,41,op_nuclei_intensity_mad_median,2,15.056838236925847,15.02124309539795,0.997635948466219
nuclei_hoechst,42,op_nuclei_intensity_mad_sum,2,21.04111444324092,20.992443084716797,0.9976868450264164
nuclei_hoechst,43,op_nuclei_intensity_mad_min,2,16.15227175845736,15.964558601379395,0.9883785290462515
nuclei_hoechst,44,op_nuclei_intensity_mad_max,2,15.691853532545299,15.73047924041748,1.0024615134083472
nuclei_hoechst,45,op_nuclei_intensity_integrated_mean,2,156617.73646254482,156595.875,0.9998604151545119
nuclei_hoechst,46,op_nuclei_intensity_integrated_median,2,161779.43467986147,161222.1875,0.9965555128748955
nuclei_hoechst,47,op_nuclei_intensity_integrated_sum,2,176666.32618114894,186869.5625,1.057754279151019
nuclei_hoechst,48,op_nuclei_intensity_integrated_min,2,207066.158885513,205713.875,0.9934693148663627
nuclei_hoechst,49,op_nuclei_intensity_integrated_max,2,141480.84629660327,146848.3125,1.0379377586711933
nuclei_hoechst,50,op_nuclei_intensity_range_mean,2,84.85669841455821,86.79451751708984,1.0228363716564204
nuclei_hoechst,51,op_nuclei_intensity_range_median,2,85.61638879337,87.4675521850586,1.0216216009315255
nuclei_hoechst,52,op_nuclei_intensity_range_sum,2,126.41714360679362,127.91752624511719,1.0118685060864083
nuclei_hoechst,53,op_nuclei_intensity_range_min,2,102.46125504127376,102.4454345703125,0.9998455955770317
nuclei_hoechst,54,op_nuclei_intensity_range_max,2,83.64367949767636,85.94692993164062,1.0275364552085284
nuclei_hoechst,55,op_nuclei_intensity_cv_mean,2,0.08039281146684843,0.08115268498659134,1.0094520082813159
nuclei_hoechst,56,op_nuclei_intensity_cv_median,2,0.08060121503266558,0.08116835355758667,1.0070363520536414
nuclei_hoechst,57,op_nuclei_intensity_cv_sum,2,0.11648610480279874,0.12054841220378876,1.0348737508895776
nuclei_hoechst,58,op_nuclei_intensity_cv_min,2,0.09288681873413711,0.09217480570077896,0.9923346170849484
nuclei_hoechst,59,op_nuclei_intensity_cv_max,2,0.07895456264151278,0.08296080678701401,1.0507411352994416
nuclei_hoechst,0,op_nuclei_intensity_mean_mean,3,49.19474414173022,50.91141128540039,1.034895336353909
nuclei_hoechst,1,op_nuclei_intensity_mean_median,3,49.32717676487278,51.00323486328125,1.033978390987137
nuclei_hoechst,2,op_nuclei_intensity_mean_sum,3,169.35380295887984,166.2809295654297,0.9818553032777406
nuclei_hoechst,3,op_nuclei_intensity_mean_min,3,48.3925688552215,49.97236633300781,1.0326454560102538
nuclei_hoechst,4,op_nuclei_intensity_mean_max,3,53.93535152947502,55.52892303466797,1.0295459556673525
nuclei_hoechst,5,op_nuclei_intensity_max_mean,3,88.67446793818179,92.42825317382812,1.0423321991428607
nuclei_hoechst,6,op_nuclei_intensity_max_median,3,89.03648579733547,92.7669906616211,1.0418986085409636
nuclei_hoechst,7,op_nuclei_intensity_max_sum,3,226.3865512545509,225.65536499023438,0.9967701868319272
nuclei_hoechst,8,op_nuclei_intensity_max_min,3,98.18131889711992,100.63875579833984,1.0250295772029194
nuclei_hoechst,9,op_nuclei_intensity_max_max,3,91.69031896177275,95.09779357910156,1.037162861422147
nuclei_hoechst,10,op_nuclei_intensity_min_mean,3,32.01247028227098,32.40836715698242,1.0123669579767074
nuclei_hoechst,11,op_nuclei_intensity_min_median,3,31.497145434844942,32.19861602783203,1.0222709259300387
nuclei_hoechst,12,op_nuclei_intensity_min_sum,3,131.88998677889433,128.9365997314453,0.977607192785604
nuclei_hoechst,13,op_nuclei_intensity_min_min,3,25.991105599798097,27.096202850341797,1.0425182855842918
nuclei_hoechst,14,op_nuclei_intensity_min_max,3,43.37292741989899,42.569435119628906,0.9814747966515754
nuclei_hoechst,15,op_nuclei_intensity_std_mean,3,19.060956001151133,19.060819625854492,0.9999928453065715
nuclei_hoechst,16,op_nuclei_intensity_std_median,3,19.136185660898033,19.14703941345215,1.00056718474342
nuclei_hoechst,17,op_nuclei_intensity_std_sum,3,28.65124550991182,28.39777183532715,0.991153135925732
nuclei_hoechst,18,op_nuclei_intensity_std_min,3,21.429182785542814,21.137250900268555,0.986376900687449
nuclei_hoechst,19,op_nuclei_intensity_std_max,3,19.531536714786345,19.49920082092285,0.9983444265376716
nuclei_hoechst,20,op_nuclei_intensity_median_mean,3,51.68227791303345,53.12313461303711,1.0278791252666573
nuclei_hoechst,21,op_nuclei_intensity_median_median,3,51.87144164975884,53.219627380371094,1.0259909053562717
nuclei_hoechst,22,op_nuclei_intensity_median_sum,3,169.4804429436532,166.41627502441406,0.9819202271010238
nuclei_hoechst,23,op_nuclei_intensity_median_min,3,50.40617813497865,51.8156623840332,1.0279625296184964
nuclei_hoechst,24,op_nuclei_intensity_median_max,3,56.80535223067377,58.23374938964844,1.0251454678632088
nuclei_hoechst,25,op_nuclei_intensity_q25_mean,3,44.3576788386524,45.34185791015625,1.0221873438212068
nuclei_hoechst,26,op_nuclei_intensity_q25_median,3,44.42131053504128,45.358619689941406,1.0211004390372667
nuclei_hoechst,27,op_nuclei_intensity_q25_sum,3,156.3356481576937,152.8039093017578,0.977409254398757
nuclei_hoechst,28,op_nuclei_intensity_q25_min,3,41.71241851277153,42.89568328857422,1.0283672061700377
nuclei_hoechst,29,op_nuclei_intensity_q25_max,3,50.779394068278854,51.44866943359375,1.0131800581238717
nuclei_hoechst,30,op_nuclei_intensity_q75_mean,3,59.35621950080965,61.14674758911133,1.030165804078497
nuclei_hoechst,31,op_nuclei_intensity_q75_median,3,59.510730000355764,61.3134880065918,1.030292990965247
nuclei_hoechst,32,op_nuclei_intensity_q75_sum,3,184.0859191776861,181.07627868652344,0.9836508924495325
nuclei_hoechst,33,op_nuclei_intensity_q75_min,3,59.8404400987599,61.311641693115234,1.0245854073253353
nuclei_hoechst,34,op_nuclei_intensity_q75_max,3,63.77605972318948,65.4538345336914,1.0263072823530344
nuclei_hoechst,35,op_nuclei_intensity_iqr_mean,3,32.821903105992256,32.259525299072266,0.9828657770055595
nuclei_hoechst,36,op_nuclei_intensity_iqr_median,3,32.92059871024764,32.38626480102539,0.9837690099768471
nuclei_hoechst,37,op_nuclei_intensity_iqr_sum,3,45.77713792752702,45.0843620300293,0.9848663344004925
nuclei_hoechst,38,op_nuclei_intensity_iqr_min,3,35.46793345095413,34.5701904296875,0.974688600831282
nuclei_hoechst,39,op_nuclei_intensity_iqr_max,3,34.26180597221871,33.76103210449219,0.9853839033431987
nuclei_hoechst,40,op_nuclei_intensity_mad_mean,3,15.005593324483508,14.833795547485352,0.9885510840335886
nuclei_hoechst,41,op_nuclei_intensity_mad_median,3,15.056838236925847,14.887468338012695,0.988751297168234
nuclei_hoechst,42,op_nuclei_intensity_mad_sum,3,21.04111444324092,20.8468074798584,0.9907653673047275
nuclei_hoechst,43,op_nuclei_intensity_mad_min,3,16.15227175845736,15.805957794189453,0.9785594268443029
nuclei_hoechst,44,op_nuclei_intensity_mad_max,3,15.691853532545299,15.616026878356934,0.9951677694396587
nuclei_hoechst,45,op_nuclei_intensity_integrated_mean,3,156617.73646254482,156475.9375,0.9990946174695946
nuclei_hoechst,46,op_nuclei_intensity_integrated_median,3,161779.43467986147,161096.078125,0.9957759986229786
nuclei_hoechst,47,op_nuclei_intensity_integrated_sum,3,176666.32618114894,186199.03125,1.053958811930444
nuclei_hoechst,48,op_nuclei_intensity_integrated_min,3,207066.158885513,205241.421875,0.991187661854867
nuclei_hoechst,49,op_nuclei_intensity_integrated_max,3,141480.84629660327,146421.734375,1.0349226641466263
nuclei_hoechst,50,op_nuclei_intensity_range_mean,3,84.85669841455821,86.25116729736328,1.0164332210521854
nuclei_hoechst,51,op_nuclei_intensity_range_median,3,85.61638879337,86.93632507324219,1.0154168646736288
nuclei_hoechst,52,op_nuclei_intensity_range_sum,3,126.41714360679362,127.21503448486328,1.0063115717956057
nuclei_hoechst,53,op_nuclei_intensity_range_min,3,102.46125504127376,101.6691665649414,0.9922693853787631
nuclei_hoechst,54,op_nuclei_intensity_range_max,3,83.64367949767636,85.47975158691406,1.021951115735992
nuclei_hoechst,55,op_nuclei_intensity_cv_mean,3,0.08039281146684843,0.08224763721227646,1.0230720348198408
nuclei_hoechst,56,op_nuclei_intensity_cv_median,3,0.08060121503266558,0.08221880346536636,1.020069032855711
nuclei_hoechst,57,op_nuclei_intensity_cv_sum,3,0.11648610480279874,0.1256469339132309,1.0786431061965776
nuclei_hoechst,58,op_nuclei_intensity_cv_min,3,0.09288681873413711,0.09128061681985855,0.9827079672210988
nuclei_hoechst,59,op_nuclei_intensity_cv_max,3,0.07895456264151278,0.08921335637569427,1.1299328802663473
nuclei_hoechst,0,op_nuclei_intensity_mean_mean,4,49.19474414173022,50.85133743286133,1.0336741926405484
nuclei_hoechst,1,op_nuclei_intensity_mean_median,4,49.32717676487278,50.919273376464844,1.0322762565386843
nuclei_hoechst,2,op_nuclei_intensity_mean_sum,4,169.35380295887984,166.0896453857422,0.9807258088327062
nuclei_hoechst,3,op_nuclei_intensity_mean_min,4,48.3925688552215,49.8239860534668,1.0295792769862608
nuclei_hoechst,4,op_nuclei_intensity_mean_max,4,53.93535152947502,55.5898323059082,1.0306752571275823
nuclei_hoechst,5,op_nuclei_intensity_max_mean,4,88.67446793818179,92.48991394042969,1.0430275601417511
nuclei_hoechst,6,op_nuclei_intensity_max_median,4,89.03648579733547,92.79400634765625,1.0422020311861098
nuclei_hoechst,7,op_nuclei_intensity_max_sum,4,226.3865512545509,225.23825073242188,0.994927699919604
nuclei_hoechst,8,op_nuclei_intensity_max_min,4,98.18131889711992,100.67501068115234,1.0253988417760558
nuclei_hoechst,9,op_nuclei_intensity_max_max,4,91.69031896177275,95.09416198730469,1.0371232542767252
nuclei_hoechst,10,op_nuclei_intensity_min_mean,4,32.01247028227098,32.44308090209961,1.0134513399319611
nuclei_hoechst,11,op_nuclei_intensity_min_median,4,31.497145434844942,32.229148864746094,1.0232403101866923
nuclei_hoechst,12,op_nuclei_intensity_min_sum,4,131.88998677889433,128.94781494140625,0.9776922273680985
nuclei_hoechst,13,op_nuclei_intensity_min_min,4,25.991105599798097,26.90748405456543,1.0352573864643315
nuclei_hoechst,14,op_nuclei_intensity_min_max,4,43.37292741989899,42.942481994628906,0.9900757119503858
nuclei_hoechst,15,op_nuclei_intensity_std_mean,4,19.060956001151133,19.010120391845703,0.9973329979198127
nuclei_hoechst,16,op_nuclei_intensity_std_median,4,19.136185660898033,19.091325759887695,0.9976557553419854
nuclei_hoechst,17,op_nuclei_intensity_std_sum,4,28.65124550991182,28.226778030395508,0.9851850252244891
nuclei_hoechst,18,op_nuclei_intensity_std_min,4,21.429182785542814,21.11336898803711,0.9852624432454434
nuclei_hoechst,19,op_nuclei_intensity_std_max,4,19.531536714786345,19.42377471923828,0.9944826668212705
nuclei_hoechst,20,op_nuclei_intensity_median_mean,4,51.68227791303345,53.05149459838867,1.026492963171229
nuclei_hoechst,21,op_nuclei_intensity_median_median,4,51.87144164975884,53.118167877197266,1.024034925342088
nuclei_hoechst,22,op_nuclei_intensity_median_sum,4,169.4804429436532,166.25106811523438,0.9809454425989877
nuclei_hoechst,23,op_nuclei_intensity_median_min,4,50.40617813497865,51.656978607177734,1.0248144278832183
nuclei_hoechst,24,op_nuclei_intensity_median_max,4,56.80535223067377,58.25912094116211,1.0255921080215278
nuclei_hoechst,25,op_nuclei_intensity_q25_mean,4,44.3576788386524,45.32468795776367,1.0218002642254727
nuclei_hoechst,26,op_nuclei_intensity_q25_median,4,44.42131053504128,45.29771041870117,1.0197292667213984
nuclei_hoechst,27,op_nuclei_intensity_q25_sum,4,156.3356481576937,152.5787811279297,0.9759692234366502
nuclei_hoechst,28,op_nuclei_intensity_q25_min,4,41.71241851277153,42.790557861328125,1.025846963254516
nuclei_hoechst,29,op_nuclei_intensity_q25_max,4,50.779394068278854,51.619998931884766,1.0165540546323892
nuclei_hoechst,30,op_nuclei_intensity_q75_mean,4,59.35621950080965,61.04197692871094,1.0284006872755482
nuclei_hoechst,31,op_nuclei_intensity_q75_median,4,59.510730000355764,61.19995880126953,1.0283852811233145
nuclei_hoechst,32,op_nuclei_intensity_q75_sum,4,184.0859191776861,180.86692810058594,0.9825136485643257
nuclei_hoechst,33,op_nuclei_intensity_q75_min,4,59.8404400987599,61.14731979370117,1.0218394064746918
nuclei_hoechst,34,op_nuclei_intensity_q75_max,4,63.77605972318948,65.39036560058594,1.025312098056906
nuclei_hoechst,35,op_nuclei_intensity_iqr_mean,4,32.821903105992256,32.13212585449219,0.9789842396014466
nuclei_hoechst,36,op_nuclei_intensity_iqr_median,4,32.92059871024764,32.250083923339844,0.9796323635299173
nuclei_hoechst,37,op_nuclei_intensity_iqr_sum,4,45.77713792752702,44.927734375,0.9814448086756369
nuclei_hoechst,38,op_nuclei_intensity_iqr_min,4,35.46793345095413,34.471920013427734,0.9719179173801117
nuclei_hoechst,39,op_nuclei_intensity_iqr_max,4,34.26180597221871,33.635372161865234,0.9817162641437692
nuclei_hoechst,40,op_nuclei_intensity_mad_mean,4,15.005593324483508,14.747641563415527,0.9828096260181128
nuclei_hoechst,41,op_nuclei_intensity_mad_median,4,15.056838236925847,14.798314094543457,0.9828301175642322
nuclei_hoechst,42,op_nuclei_intensity_mad_sum,4,21.04111444324092,20.792346954345703,0.9881770763822288
nuclei_hoechst,43,op_nuclei_intensity_mad_min,4,16.15227175845736,15.72616958618164,0.9736196753838907
nuclei_hoechst,44,op_nuclei_intensity_mad_max,4,15.691853532545299,15.536944389343262,0.9901280532041195
nuclei_hoechst,45,op_nuclei_intensity_integrated_mean,4,156617.73646254482,157283.40625,1.0042502835406153
nuclei_hoechst,46,op_nuclei_intensity_integrated_median,4,161779.43467986147,161865.0,1.000528901094925
nuclei_hoechst,47,op_nuclei_intensity_integrated_sum,4,176666.32618114894,186546.03125,1.0559229666593093
nuclei_hoechst,48,op_nuclei_intensity_integrated_min,4,207066.158885513,205780.34375,0.993790317343821
nuclei_hoechst,49,op_nuclei_intensity_integrated_max,4,141480.84629660327,147087.859375,1.0396308986351557
nuclei_hoechst,50,op_nuclei_intensity_range_mean,4,84.85669841455821,86.36390686035156,1.0177618087193312
nuclei_hoechst,51,op_nuclei_intensity_range_median,4,85.61638879337,87.00932312011719,1.0162694823547036
nuclei_hoechst,52,op_nuclei_intensity_range_sum,4,126.41714360679362,126.6478271484375,1.0018247805247158
nuclei_hoechst,53,op_nuclei_intensity_range_min,4,102.46125504127376,101.88780212402344,0.9944032218127786
nuclei_hoechst,54,op_nuclei_intensity_range_max,4,83.64367949767636,85.48395538330078,1.0220013741226621
nuclei_hoechst,55,op_nuclei_intensity_cv_mean,4,0.08039281146684843,0.08461208641529083,1.0524832366409067
nuclei_hoechst,56,op_nuclei_intensity_cv_median,4,0.08060121503266558,0.0845547541975975,1.0490506149731074
nuclei_hoechst,57,op_nuclei_intensity_cv_sum,4,0.11648610480279874,0.12887342274188995,1.1063415929312934
nuclei_hoechst,58,op_nuclei_intensity_cv_min,4,0.09288681873413711,0.09259836375713348,0.9968945542442438
nuclei_hoechst,59,op_nuclei_intensity_cv_max,4,0.07895456264151278,0.09395627677440643,1.1900043978586494
nucleoli_npm1,0,op_cp2_nucleoli_npm1_intensity_mean_mean,0,36.12080523643804,37.663482666015625,1.0427088327483176
nucleoli_npm1,1,op_cp2_nucleoli_npm1_intensity_mean_median,0,36.87233611481905,38.379638671875,1.0408789546819672
nucleoli_npm1,2,op_cp2_nucleoli_npm1_intensity_mean_std,0,18.72133144391162,18.456192016601562,0.9858375763441609
nucleoli_npm1,3,op_cp2_nucleoli_npm1_intensity_mean_sum,0,674.4286428679277,651.7589111328125,0.9663867601489835
nucleoli_npm1,4,op_cp2_nucleoli_npm1_intensity_mean_min,0,38.90251199610673,40.949798583984375,1.0526260768991609
nucleoli_npm1,5,op_cp2_nucleoli_npm1_intensity_mean_max,0,45.99286017115467,46.51681900024414,1.011392177549725
nucleoli_npm1,6,op_cp2_nucleoli_npm1_intensity_max_mean,0,50.21584386964061,53.396366119384766,1.0633370268156945
nucleoli_npm1,7,op_cp2_nucleoli_npm1_intensity_max_median,0,51.94185385123535,54.975738525390625,1.0584092489814574
nucleoli_npm1,8,op_cp2_nucleoli_npm1_intensity_max_std,0,29.111184767963152,29.467483520507812,1.0122392391578912
nucleoli_npm1,9,op_cp2_nucleoli_npm1_intensity_max_sum,0,787.2126045900626,757.7950439453125,0.9626307296488613
nucleoli_npm1,10,op_cp2_nucleoli_npm1_intensity_max_min,0,55.56704484278715,58.2393913269043,1.0480922908835242
nucleoli_npm1,11,op_cp2_nucleoli_npm1_intensity_max_max,0,64.51471566414737,67.26829528808594,1.0426814192016784
nucleoli_npm1,12,op_cp2_nucleoli_npm1_intensity_min_mean,0,29.542736893631677,30.379201889038086,1.0283137272764569
nucleoli_npm1,13,op_cp2_nucleoli_npm1_intensity_min_median,0,30.496084589820804,31.30006980895996,1.0263635555171406
nucleoli_npm1,14,op_cp2_nucleoli_npm1_intensity_min_std,0,15.883401382019883,15.941914558410645,1.0036839197715546
nucleoli_npm1,15,op_cp2_nucleoli_npm1_intensity_min_sum,0,564.2043034188382,548.4219360351562,0.9720272119726001
nucleoli_npm1,16,op_cp2_nucleoli_npm1_intensity_min_min,0,30.289629731502398,31.505882263183594,1.0401540904415958
nucleoli_npm1,17,op_cp2_nucleoli_npm1_intensity_min_max,0,39.060520899222574,39.693756103515625,1.0162116425924483
nucleoli_npm1,18,op_cp2_nucleoli_npm1_intensity_std_mean,0,8.603710767264317,9.141342163085938,1.0624883158400928
nucleoli_npm1,19,op_cp2_nucleoli_npm1_intensity_std_median,0,8.92750244933131,9.412172317504883,1.0542895250854707
nucleoli_npm1,20,op_cp2_nucleoli_npm1_intensity_std_std,0,5.813707216936063,5.857804298400879,1.0075850193034068
nucleoli_npm1,21,op_cp2_nucleoli_npm1_intensity_std_sum,0,59.56647633611435,56.4769401550293,0.9481329705713697
nucleoli_npm1,22,op_cp2_nucleoli_npm1_intensity_std_min,0,9.182679543951519,9.525628089904785,1.0373473281204897
nucleoli_npm1,23,op_cp2_nucleoli_npm1_intensity_std_max,0,12.496394062899803,12.973134994506836,1.038150279929345
nucleoli_npm1,24,op_cp2_nucleoli_npm1_intensity_median_mean,0,36.43516412526343,37.81517028808594,1.0378756675303582
nucleoli_npm1,25,op_cp2_nucleoli_npm1_intensity_median_median,0,37.18642321607909,38.495330810546875,1.0351985343377101
nucleoli_npm1,26,op_cp2_nucleoli_npm1_intensity_median_std,0,19.06891833280461,18.701066970825195,0.9807093745140963
nucleoli_npm1,27,op_cp2_nucleoli_npm1_intensity_median_sum,0,653.806366136346,633.9641723632812,0.9696512686312283
nucleoli_npm1,28,op_cp2_nucleoli_npm1_intensity_median_min,0,39.16222898942117,41.14566421508789,1.0506466377642216
nucleoli_npm1,29,op_cp2_nucleoli_npm1_intensity_median_max,0,46.55034638694177,46.81856918334961,1.0057619935666704
nucleoli_npm1,30,op_cp2_nucleoli_npm1_intensity_q25_mean,0,33.681804866623295,34.72569274902344,1.030992634941442
nucleoli_npm1,31,op_cp2_nucleoli_npm1_intensity_q25_median,0,34.23903195140898,35.369205474853516,1.0330083375326862
nucleoli_npm1,32,op_cp2_nucleoli_npm1_intensity_q25_std,0,17.359265483481362,17.056177139282227,0.9825402552609414
nucleoli_npm1,33,op_cp2_nucleoli_npm1_intensity_q25_sum,0,616.5407404590452,599.2850341796875,0.9720120583329012
nucleoli_npm1,34,op_cp2_nucleoli_npm1_intensity_q25_min,0,36.167112865092655,37.87067794799805,1.0471026008976685
nucleoli_npm1,35,op_cp2_nucleoli_npm1_intensity_q25_max,0,42.82775091692903,42.83795928955078,1.000238358830506
nucleoli_npm1,36,op_cp2_nucleoli_npm1_intensity_q75_mean,0,39.7240815617306,41.760986328125,1.051276321221652
nucleoli_npm1,37,op_cp2_nucleoli_npm1_intensity_q75_median,0,40.6665660837244,42.58271789550781,1.0471186037158495
nucleoli_npm1,38,op_cp2_nucleoli_npm1_intensity_q75_std,0,21.266370501919265,20.985492706298828,0.9867923962109525
nucleoli_npm1,39,op_cp2_nucleoli_npm1_intensity_q75_sum,0,691.8518291726879,669.7190551757812,0.968009372724543
nucleoli_npm1,40,op_cp2_nucleoli_npm1_intensity_q75_min,0,42.79427708282552,45.140480041503906,1.054825156974552
nucleoli_npm1,41,op_cp2_nucleoli_npm1_intensity_q75_max,0,51.09894112958215,52.16282272338867,1.0208200320845908
nucleoli_npm1,42,op_cp2_nucleoli_npm1_intensity_iqr_mean,0,13.014125087803313,14.022014617919922,1.0774458154748483
nucleoli_npm1,43,op_cp2_nucleoli_npm1_intensity_iqr_median,0,13.43054465804941,14.361888885498047,1.0693452314229452
nucleoli_npm1,44,op_cp2_nucleoli_npm1_intensity_iqr_std,0,9.406163122936743,9.915316581726074,1.0541297713142748
nucleoli_npm1,45,op_cp2_nucleoli_npm1_intensity_iqr_sum,0,86.69120629511274,82.7952880859375,0.9550598223779143
nucleoli_npm1,46,op_cp2_nucleoli_npm1_intensity_iqr_min,0,13.033503489229767,13.554169654846191,1.03994828911863
nucleoli_npm1,47,op_cp2_nucleoli_npm1_intensity_iqr_max,0,20.717466427956527,21.8104305267334,1.0527556833543124
nucleoli_npm1,48,op_cp2_nucleoli_npm1_intensity_mad_mean,0,6.311688304181135,6.763031482696533,1.0715091045000447
nucleoli_npm1,49,op_cp2_nucleoli_npm1_intensity_mad_median,0,6.4998569278698515,6.93552827835083,1.0670278369686759
nucleoli_npm1,50,op_cp2_nucleoli_npm1_intensity_mad_std,0,4.482299902476112,4.647027492523193,1.0367506846108363
nucleoli_npm1,51,op_cp2_nucleoli_npm1_intensity_mad_sum,0,42.50934574374255,40.623443603515625,0.9556355877223884
nucleoli_npm1,52,op_cp2_nucleoli_npm1_intensity_mad_min,0,6.323168604627855,6.58607292175293,1.041577938777824
nucleoli_npm1,53,op_cp2_nucleoli_npm1_intensity_mad_max,0,9.938387380814229,10.35472297668457,1.0418916651079697
nucleoli_npm1,54,op_cp2_nucleoli_npm1_intensity_integrated_mean,0,21177.981506274242,21799.7265625,1.02935808854312
nucleoli_npm1,55,op_cp2_nucleoli_npm1_intensity_integrated_median,0,22985.784742821997,23789.287109375,1.034956490524167
nucleoli_npm1,56,op_cp2_nucleoli_npm1_intensity_integrated_std,0,22864.44590481067,23183.37109375,1.0139485203475773
nucleoli_npm1,57,op_cp2_nucleoli_npm1_intensity_integrated_sum,0,76733.36435856107,73508.8359375,0.9579774919552148
nucleoli_npm1,58,op_cp2_nucleoli_npm1_intensity_integrated_min,0,15928.265874237391,16679.625,1.047171432954159
nucleoli_npm1,59,op_cp2_nucleoli_npm1_intensity_integrated_max,0,37978.158805151914,38152.51953125,1.0045910789670622
nucleoli_npm1,60,op_cp2_nucleoli_npm1_intensity_range_mean,0,40.05783541928407,42.2510871887207,1.0547521289275854
nucleoli_npm1,61,op_cp2_nucleoli_npm1_intensity_range_median,0,41.84829338955363,43.98371505737305,1.0510276882247358
nucleoli_npm1,62,op_cp2_nucleoli_npm1_intensity_range_std,0,27.32576905592934,27.34090805053711,1.0005540189766218
nucleoli_npm1,63,op_cp2_nucleoli_npm1_intensity_range_sum,0,255.53419659435548,242.58433532714844,0.9493223942634804
nucleoli_npm1,64,op_cp2_nucleoli_npm1_intensity_range_min,0,44.184801221754334,45.92818069458008,1.0394565421733162
nucleoli_npm1,65,op_cp2_nucleoli_npm1_intensity_range_max,0,55.118649372257316,56.7055549621582,1.028790719801266
nucleoli_npm1,66,op_cp2_nucleoli_npm1_intensity_cv_mean,0,0.02204293516185959,0.022730538621544838,1.0311938248983734
nucleoli_npm1,67,op_cp2_nucleoli_npm1_intensity_cv_median,0,0.02289123653930255,0.02355363219976425,1.028936648281294
nucleoli_npm1,68,op_cp2_nucleoli_npm1_intensity_cv_std,0,0.01501014672361417,0.014848089776933193,0.9892035068234192
nucleoli_npm1,69,op_cp2_nucleoli_npm1_intensity_cv_sum,0,0.17753908128286408,0.1672927588224411,0.9422869467027486
nucleoli_npm1,70,op_cp2_nucleoli_npm1_intensity_cv_min,0,0.025293041574805723,0.025609903037548065,1.0125276140398223
nucleoli_npm1,71,op_cp2_nucleoli_npm1_intensity_cv_max,0,0.0313361466278499,0.031562477350234985,1.0072226724323512
nucleoli_npm1,0,op_cp2_nucleoli_npm1_intensity_mean_mean,1,36.12080523643804,37.97958755493164,1.051460157278512
nucleoli_npm1,1,op_cp2_nucleoli_npm1_intensity_mean_median,1,36.87233611481905,38.69736862182617,1.0494959826066903
nucleoli_npm1,2,op_cp2_nucleoli_npm1_intensity_mean_std,1,18.72133144391162,18.57425308227539,0.9921438086774507
nucleoli_npm1,3,op_cp2_nucleoli_npm1_intensity_mean_sum,1,674.4286428679277,659.7646484375,0.9782571594704655
nucleoli_npm1,4,op_cp2_nucleoli_npm1_intensity_mean_min,1,38.90251199610673,41.1744270324707,1.0584002142738582
nucleoli_npm1,5,op_cp2_nucleoli_npm1_intensity_mean_max,1,45.99286017115467,47.032318115234375,1.0226004197219207
nucleoli_npm1,6,op_cp2_nucleoli_npm1_intensity_max_mean,1,50.21584386964061,53.68653869628906,1.06911553324999
nucleoli_npm1,7,op_cp2_nucleoli_npm1_intensity_max_median,1,51.94185385123535,55.3556022644043,1.0657224985258733
nucleoli_npm1,8,op_cp2_nucleoli_npm1_intensity_max_std,1,29.111184767963152,29.416606903076172,1.0104915735153843
nucleoli_npm1,9,op_cp2_nucleoli_npm1_intensity_max_sum,1,787.2126045900626,766.828125,0.9741054964425045
nucleoli_npm1,10,op_cp2_nucleoli_npm1_intensity_max_min,1,55.56704484278715,58.3974609375,1.0509369555771915
nucleoli_npm1,11,op_cp2_nucleoli_npm1_intensity_max_max,1,64.51471566414737,67.57315063476562,1.0474067805946776
nucleoli_npm1,12,op_cp2_nucleoli_npm1_intensity_min_mean,1,29.542736893631677,30.564727783203125,1.0345936428723959
nucleoli_npm1,13,op_cp2_nucleoli_npm1_intensity_min_median,1,30.496084589820804,31.45163345336914,1.031333493345152
nucleoli_npm1,14,op_cp2_nucleoli_npm1_intensity_min_std,1,15.883401382019883,15.987215995788574,1.0065360442182245
nucleoli_npm1,15,op_cp2_nucleoli_npm1_intensity_min_sum,1,564.2043034188382,555.2633666992188,0.9841530157330577
nucleoli_npm1,16,op_cp2_nucleoli_npm1_intensity_min_min,1,30.289629731502398,31.625411987304688,1.0441003164331528
nucleoli_npm1,17,op_cp2_nucleoli_npm1_intensity_min_max,1,39.060520899222574,40.116703033447266,1.0270396325985942
nucleoli_npm1,18,op_cp2_nucleoli_npm1_intensity_std_mean,1,8.603710767264317,9.156207084655762,1.0642160496019462
nucleoli_npm1,19,op_cp2_nucleoli_npm1_intensity_std_median,1,8.92750244933131,9.42751693725586,1.0560083282824528
nucleoli_npm1,20,op_cp2_nucleoli_npm1_intensity_std_std,1,5.813707216936063,5.8303399085998535,1.0028609441520098
nucleoli_npm1,21,op_cp2_nucleoli_npm1_intensity_std_sum,1,59.56647633611435,56.6592903137207,0.9511942588984224
nucleoli_npm1,22,op_cp2_nucleoli_npm1_intensity_std_min,1,9.182679543951519,9.501313209533691,1.0346994212372413
nucleoli_npm1,23,op_cp2_nucleoli_npm1_intensity_std_max,1,12.496394062899803,13.006818771362305,1.0408457596562106
nucleoli_npm1,24,op_cp2_nucleoli_npm1_intensity_median_mean,1,36.43516412526343,38.14632797241211,1.0469646257463183
nucleoli_npm1,25,op_cp2_nucleoli_npm1_intensity_median_median,1,37.18642321607909,38.834598541259766,1.0443219643794086
nucleoli_npm1,26,op_cp2_nucleoli_npm1_intensity_median_std,1,19.06891833280461,18.79245376586914,0.9855018222790402
nucleoli_npm1,27,op_cp2_nucleoli_npm1_intensity_median_sum,1,653.806366136346,636.3045043945312,0.9732308177951193
nucleoli_npm1,28,op_cp2_nucleoli_npm1_intensity_median_min,1,39.16222898942117,41.36900329589844,1.0563495583224687
nucleoli_npm1,29,op_cp2_nucleoli_npm1_intensity_median_max,1,46.55034638694177,47.30172348022461,1.0161411708311932
nucleoli_npm1,30,op_cp2_nucleoli_npm1_intensity_q25_mean,1,33.681804866623295,35.022212982177734,1.0397962080969927
nucleoli_npm1,31,op_cp2_nucleoli_npm1_intensity_q25_median,1,34.23903195140898,35.66492462158203,1.0416452390417064
nucleoli_npm1,32,op_cp2_nucleoli_npm1_intensity_q25_std,1,17.359265483481362,17.165361404418945,0.9888299375773167
nucleoli_npm1,33,op_cp2_nucleoli_npm1_intensity_q25_sum,1,616.5407404590452,601.500244140625,0.9756050244024073
nucleoli_npm1,34,op_cp2_nucleoli_npm1_intensity_q25_min,1,36.167112865092655,38.069175720214844,1.052590950851319
nucleoli_npm1,35,op_cp2_nucleoli_npm1_intensity_q25_max,1,42.82775091692903,43.33808135986328,1.011915882389531
nucleoli_npm1,36,op_cp2_nucleoli_npm1_intensity_q75_mean,1,39.7240815617306,42.084381103515625,1.0594173470849706
nucleoli_npm1,37,op_cp2_nucleoli_npm1_intensity_q75_median,1,40.6665660837244,42.901756286621094,1.0549638294586978
nucleoli_npm1,38,op_cp2_nucleoli_npm1_intensity_q75_std,1,21.266370501919265,21.092891693115234,0.9918425756389236
nucleoli_npm1,39,op_cp2_nucleoli_npm1_intensity_q75_sum,1,691.8518291726879,672.1337280273438,0.9714995316715099
nucleoli_npm1,40,op_cp2_nucleoli_npm1_intensity_q75_min,1,42.79427708282552,45.392879486083984,1.0607231288947594
nucleoli_npm1,41,op_cp2_nucleoli_npm1_intensity_q75_max,1,51.09894112958215,52.578651428222656,1.0289577487503723
nucleoli_npm1,42,op_cp2_nucleoli_npm1_intensity_iqr_mean,1,13.014125087803313,14.040851593017578,1.0788932408661494
nucleoli_npm1,43,op_cp2_nucleoli_npm1_intensity_iqr_median,1,13.43054465804941,14.385092735290527,1.07107292381244
nucleoli_npm1,44,op_cp2_nucleoli_npm1_intensity_iqr_std,1,9.406163122936743,9.895295143127441,1.052001226621082
nucleoli_npm1,45,op_cp2_nucleoli_npm1_intensity_iqr_sum,1,86.69120629511274,83.01934051513672,0.957644310918038
nucleoli_npm1,46,op_cp2_nucleoli_npm1_intensity_iqr_min,1,13.033503489229767,13.500038146972656,1.0357950307166763
nucleoli_npm1,47,op_cp2_nucleoli_npm1_intensity_iqr_max,1,20.717466427956527,21.928081512451172,1.058434514119015
nucleoli_npm1,48,op_cp2_nucleoli_npm1_intensity_mad_mean,1,6.311688304181135,6.765331745147705,1.0718735493744294
nucleoli_npm1,49,op_cp2_nucleoli_npm1_intensity_mad_median,1,6.4998569278698515,6.93773078918457,1.0673666922478278
nucleoli_npm1,50,op_cp2_nucleoli_npm1_intensity_mad_std,1,4.482299902476112,4.639695167541504,1.0351148447203284
nucleoli_npm1,51,op_cp2_nucleoli_npm1_intensity_mad_sum,1,42.50934574374255,40.7368049621582,0.9583023273924354
nucleoli_npm1,52,op_cp2_nucleoli_npm1_intensity_mad_min,1,6.323168604627855,6.564479351043701,1.038162946697204
nucleoli_npm1,53,op_cp2_nucleoli_npm1_intensity_mad_max,1,9.938387380814229,10.373785018920898,1.0438096867653994
nucleoli_npm1,54,op_cp2_nucleoli_npm1_intensity_integrated_mean,1,21177.981506274242,21910.240234375,1.0345764173929333
nucleoli_npm1,55,op_cp2_nucleoli_npm1_intensity_integrated_median,1,22985.784742821997,23944.544921875,1.0417110048571392
nucleoli_npm1,56,op_cp2_nucleoli_npm1_intensity_integrated_std,1,22864.44590481067,23293.994140625,1.0187867327991516
nucleoli_npm1,57,op_cp2_nucleoli_npm1_intensity_integrated_sum,1,76733.36435856107,73659.7265625,0.9599439198091391
nucleoli_npm1,58,op_cp2_nucleoli_npm1_intensity_integrated_min,1,15928.265874237391,16601.9453125,1.0422945877210794
nucleoli_npm1,59,op_cp2_nucleoli_npm1_intensity_integrated_max,1,37978.158805151914,38371.63671875,1.0103606369023006
nucleoli_npm1,60,op_cp2_nucleoli_npm1_intensity_range_mean,1,40.05783541928407,42.332542419433594,1.0567855695730994
nucleoli_npm1,61,op_cp2_nucleoli_npm1_intensity_range_median,1,41.84829338955363,44.03724670410156,1.0523068717324169
nucleoli_npm1,62,op_cp2_nucleoli_npm1_intensity_range_std,1,27.32576905592934,27.130741119384766,0.9928628564434766
nucleoli_npm1,63,op_cp2_nucleoli_npm1_intensity_range_sum,1,255.53419659435548,244.71192932128906,0.9576484579469178
nucleoli_npm1,64,op_cp2_nucleoli_npm1_intensity_range_min,1,44.184801221754334,45.90182113647461,1.0388599669398286
nucleoli_npm1,65,op_cp2_nucleoli_npm1_intensity_range_max,1,55.118649372257316,56.66366195678711,1.0280306684239515
nucleoli_npm1,66,op_cp2_nucleoli_npm1_intensity_cv_mean,1,0.02204293516185959,0.02272334322333336,1.030867398396701
nucleoli_npm1,67,op_cp2_nucleoli_npm1_intensity_cv_median,1,0.02289123653930255,0.023522254079580307,1.0275659001292634
nucleoli_npm1,68,op_cp2_nucleoli_npm1_intensity_cv_std,1,0.01501014672361417,0.014730093069374561,0.9813423773000817
nucleoli_npm1,69,op_cp2_nucleoli_npm1_intensity_cv_sum,1,0.17753908128286408,0.1679181456565857,0.9458094772330727
nucleoli_npm1,70,op_cp2_nucleoli_npm1_intensity_cv_min,1,0.025293041574805723,0.025510692968964577,1.008605188645072
nucleoli_npm1,71,op_cp2_nucleoli_npm1_intensity_cv_max,1,0.0313361466278499,0.03160720318555832,1.0086499645577838
nucleoli_npm1,0,op_cp2_nucleoli_npm1_intensity_mean_mean,2,36.12080523643804,37.95801544189453,1.0508629360123773
nucleoli_npm1,1,op_cp2_nucleoli_npm1_intensity_mean_median,2,36.87233611481905,38.604026794433594,1.046964495935981
nucleoli_npm1,2,op_cp2_nucleoli_npm1_intensity_mean_std,2,18.72133144391162,18.608304977416992,0.9939626908036295
nucleoli_npm1,3,op_cp2_nucleoli_npm1_intensity_mean_sum,2,674.4286428679277,663.67041015625,0.9840483751313859
nucleoli_npm1,4,op_cp2_nucleoli_npm1_intensity_mean_min,2,38.90251199610673,41.096641540527344,1.0564007163506612
nucleoli_npm1,5,op_cp2_nucleoli_npm1_intensity_mean_max,2,45.99286017115467,47.21724319458008,1.0266211542154386
nucleoli_npm1,6,op_cp2_nucleoli_npm1_intensity_max_mean,2,50.21584386964061,53.6717414855957,1.0688208610996668
nucleoli_npm1,7,op_cp2_nucleoli_npm1_intensity_max_median,2,51.94185385123535,55.30552673339844,1.0647584295276955
nucleoli_npm1,8,op_cp2_nucleoli_npm1_intensity_max_std,2,29.111184767963152,29.482114791870117,1.0127418388108742
nucleoli_npm1,9,op_cp2_nucleoli_npm1_intensity_max_sum,2,787.2126045900626,770.9501342773438,0.9793417048737584
nucleoli_npm1,10,op_cp2_nucleoli_npm1_intensity_max_min,2,55.56704484278715,58.41214370727539,1.0512011907874124
nucleoli_npm1,11,op_cp2_nucleoli_npm1_intensity_max_max,2,64.51471566414737,67.70742797851562,1.0494881250192432
nucleoli_npm1,12,op_cp2_nucleoli_npm1_intensity_min_mean,2,29.542736893631677,30.570438385009766,1.0347869425598013
nucleoli_npm1,13,op_cp2_nucleoli_npm1_intensity_min_median,2,30.496084589820804,31.414905548095703,1.030129145122505
nucleoli_npm1,14,op_cp2_nucleoli_npm1_intensity_min_std,2,15.883401382019883,15.994257926940918,1.0069793958016149
nucleoli_npm1,15,op_cp2_nucleoli_npm1_intensity_min_sum,2,564.2043034188382,558.8565673828125,0.9905216319627116
nucleoli_npm1,16,op_cp2_nucleoli_npm1_intensity_min_min,2,30.289629731502398,31.562042236328125,1.042008189472926
nucleoli_npm1,17,op_cp2_nucleoli_npm1_intensity_min_max,2,39.060520899222574,40.24235916137695,1.0302565924608011
nucleoli_npm1,18,op_cp2_nucleoli_npm1_intensity_std_mean,2,8.603710767264317,9.156438827514648,1.0642429848238704
nucleoli_npm1,19,op_cp2_nucleoli_npm1_intensity_std_median,2,8.92750244933131,9.436378479003906,1.0570009397993179
nucleoli_npm1,20,op_cp2_nucleoli_npm1_intensity_std_std,2,5.813707216936063,5.847699165344238,1.005846862791637
nucleoli_npm1,21,op_cp2_nucleoli_npm1_intensity_std_sum,2,59.56647633611435,56.88314437866211,0.9549523134067716
nucleoli_npm1,22,op_cp2_nucleoli_npm1_intensity_std_min,2,9.182679543951519,9.51351547241211,1.0360282559003713
nucleoli_npm1,23,op_cp2_nucleoli_npm1_intensity_std_max,2,12.496394062899803,13.088232040405273,1.0473607005770218
nucleoli_npm1,24,op_cp2_nucleoli_npm1_intensity_median_mean,2,36.43516412526343,38.11777877807617,1.0461810641782194
nucleoli_npm1,25,op_cp2_nucleoli_npm1_intensity_median_median,2,37.18642321607909,38.735321044921875,1.0416522401157704
nucleoli_npm1,26,op_cp2_nucleoli_npm1_intensity_median_std,2,19.06891833280461,18.82672882080078,0.9872992527537765
nucleoli_npm1,27,op_cp2_nucleoli_npm1_intensity_median_sum,2,653.806366136346,637.2840576171875,0.9747290491880697
nucleoli_npm1,28,op_cp2_nucleoli_npm1_intensity_median_min,2,39.16222898942117,41.30033874511719,1.0545962221985266
nucleoli_npm1,29,op_cp2_nucleoli_npm1_intensity_median_max,2,46.55034638694177,47.528926849365234,1.0210219802509992
nucleoli_npm1,30,op_cp2_nucleoli_npm1_intensity_q25_mean,2,33.681804866623295,34.980499267578125,1.0385577437461424
nucleoli_npm1,31,op_cp2_nucleoli_npm1_intensity_q25_median,2,34.23903195140898,35.55270004272461,1.0383675593743404
nucleoli_npm1,32,op_cp2_nucleoli_npm1_intensity_q25_std,2,17.359265483481362,17.2022647857666,0.9909557983392697
nucleoli_npm1,33,op_cp2_nucleoli_npm1_intensity_q25_sum,2,616.5407404590452,602.2892456054688,0.9768847475627231
nucleoli_npm1,34,op_cp2_nucleoli_npm1_intensity_q25_min,2,36.167112865092655,37.9336051940918,1.048842503287126
nucleoli_npm1,35,op_cp2_nucleoli_npm1_intensity_q25_max,2,42.82775091692903,43.50640869140625,1.0158462155949675
nucleoli_npm1,36,op_cp2_nucleoli_npm1_intensity_q75_mean,2,39.7240815617306,42.06398391723633,1.0589038755211888
nucleoli_npm1,37,op_cp2_nucleoli_npm1_intensity_q75_median,2,40.6665660837244,42.84119415283203,1.0534745929772016
nucleoli_npm1,38,op_cp2_nucleoli_npm1_intensity_q75_std,2,21.266370501919265,21.13397216796875,0.9937742863109356
nucleoli_npm1,39,op_cp2_nucleoli_npm1_intensity_q75_sum,2,691.8518291726879,673.313720703125,0.9732050885928413
nucleoli_npm1,40,op_cp2_nucleoli_npm1_intensity_q75_min,2,42.79427708282552,45.33073043823242,1.0592708541494407
nucleoli_npm1,41,op_cp2_nucleoli_npm1_intensity_q75_max,2,51.09894112958215,52.804718017578125,1.0333818441300042
nucleoli_npm1,42,op_cp2_nucleoli_npm1_intensity_iqr_mean,2,13.014125087803313,14.063089370727539,1.0806019825264552
nucleoli_npm1,43,op_cp2_nucleoli_npm1_intensity_iqr_median,2,13.43054465804941,14.419532775878906,1.0736372308800417
nucleoli_npm1,44,op_cp2_nucleoli_npm1_intensity_iqr_std,2,9.406163122936743,9.939263343811035,1.0566756299999027
nucleoli_npm1,45,op_cp2_nucleoli_npm1_intensity_iqr_sum,2,86.69120629511274,83.51815032958984,0.9633981795717408
nucleoli_npm1,46,op_cp2_nucleoli_npm1_intensity_iqr_min,2,13.033503489229767,13.509357452392578,1.0365100576031634
nucleoli_npm1,47,op_cp2_nucleoli_npm1_intensity_iqr_max,2,20.717466427956527,22.18855094909668,1.071006970193761
nucleoli_npm1,48,op_cp2_nucleoli_npm1_intensity_mad_mean,2,6.311688304181135,6.7863569259643555,1.0752046994254738
nucleoli_npm1,49,op_cp2_nucleoli_npm1_intensity_mad_median,2,6.4998569278698515,6.9637064933776855,1.0713630423954343
nucleoli_npm1,50,op_cp2_nucleoli_npm1_intensity_mad_std,2,4.482299902476112,4.654558181762695,1.0384307795182166
nucleoli_npm1,51,op_cp2_nucleoli_npm1_intensity_mad_sum,2,42.50934574374255,40.925689697265625,0.9627456970045218
nucleoli_npm1,52,op_cp2_nucleoli_npm1_intensity_mad_min,2,6.323168604627855,6.57979679107666,1.0405853777583887
nucleoli_npm1,53,op_cp2_nucleoli_npm1_intensity_mad_max,2,9.938387380814229,10.452900886535645,1.0517703210799239
nucleoli_npm1,54,op_cp2_nucleoli_npm1_intensity_integrated_mean,2,21177.981506274242,21967.158203125,1.0372640186042732
nucleoli_npm1,55,op_cp2_nucleoli_npm1_intensity_integrated_median,2,22985.784742821997,23954.46875,1.042142742482634
nucleoli_npm1,56,op_cp2_nucleoli_npm1_intensity_integrated_std,2,22864.44590481067,23265.96484375,1.0175608427429614
nucleoli_npm1,57,op_cp2_nucleoli_npm1_intensity_integrated_sum,2,76733.36435856107,73967.9296875,0.9639604662954866
nucleoli_npm1,58,op_cp2_nucleoli_npm1_intensity_integrated_min,2,15928.265874237391,16608.857421875,1.0427285401318174
nucleoli_npm1,59,op_cp2_nucleoli_npm1_intensity_integrated_max,2,37978.158805151914,38479.22265625,1.0131934740088062
nucleoli_npm1,60,op_cp2_nucleoli_npm1_intensity_range_mean,2,40.05783541928407,42.33998107910156,1.0569712675667657
nucleoli_npm1,61,op_cp2_nucleoli_npm1_intensity_range_median,2,41.84829338955363,44.04730224609375,1.052547157325394
nucleoli_npm1,62,op_cp2_nucleoli_npm1_intensity_range_std,2,27.32576905592934,27.17017936706543,0.9943061185745421
nucleoli_npm1,63,op_cp2_nucleoli_npm1_intensity_range_sum,2,255.53419659435548,245.48638916015625,0.960679206274104
nucleoli_npm1,64,op_cp2_nucleoli_npm1_intensity_range_min,2,44.184801221754334,45.90361404418945,1.0389005444159125
nucleoli_npm1,65,op_cp2_nucleoli_npm1_intensity_range_max,2,55.118649372257316,56.795684814453125,1.0304259168411318
nucleoli_npm1,66,op_cp2_nucleoli_npm1_intensity_cv_mean,2,0.02204293516185959,0.022724879905581474,1.030937111537752
nucleoli_npm1,67,op_cp2_nucleoli_npm1_intensity_cv_median,2,0.02289123653930255,0.02354544587433338,1.0285790299666688
nucleoli_npm1,68,op_cp2_nucleoli_npm1_intensity_cv_std,2,0.01501014672361417,0.014729037880897522,0.9812720789548043
nucleoli_npm1,69,op_cp2_nucleoli_npm1_intensity_cv_sum,2,0.17753908128286408,0.16870494186878204,0.9502411561992536
nucleoli_npm1,70,op_cp2_nucleoli_npm1_intensity_cv_min,2,0.025293041574805723,0.02556021884083748,1.0105632715322734
nucleoli_npm1,71,op_cp2_nucleoli_npm1_intensity_cv_max,2,0.0313361466278499,0.03168163821101189,1.011025337201318
nucleoli_npm1,0,op_cp2_nucleoli_npm1_intensity_mean_mean,3,36.12080523643804,37.806793212890625,1.0466763674125346
nucleoli_npm1,1,op_cp2_nucleoli_npm1_intensity_mean_median,3,36.87233611481905,38.46942901611328,1.0433141229869718
nucleoli_npm1,2,op_cp2_nucleoli_npm1_intensity_mean_std,3,18.72133144391162,18.617795944213867,0.9944696508361096
nucleoli_npm1,3,op_cp2_nucleoli_npm1_intensity_mean_sum,3,674.4286428679277,653.55029296875,0.9690429074743994
nucleoli_npm1,4,op_cp2_nucleoli_npm1_intensity_mean_min,3,38.90251199610673,41.06045913696289,1.055470637502075
nucleoli_npm1,5,op_cp2_nucleoli_npm1_intensity_mean_max,3,45.99286017115467,47.102474212646484,1.0241257890325275
nucleoli_npm1,6,op_cp2_nucleoli_npm1_intensity_max_mean,3,50.21584386964061,53.81074523925781,1.0715889865148835
nucleoli_npm1,7,op_cp2_nucleoli_npm1_intensity_max_median,3,51.94185385123535,55.42060089111328,1.0669738713955277
nucleoli_npm1,8,op_cp2_nucleoli_npm1_intensity_max_std,3,29.111184767963152,29.56120491027832,1.0154586680652866
nucleoli_npm1,9,op_cp2_nucleoli_npm1_intensity_max_sum,3,787.2126045900626,758.8125610351562,0.9639232865565008
nucleoli_npm1,10,op_cp2_nucleoli_npm1_intensity_max_min,3,55.56704484278715,58.561100006103516,1.0538818497868168
nucleoli_npm1,11,op_cp2_nucleoli_npm1_intensity_max_max,3,64.51471566414737,67.9559555053711,1.0533403860777784
nucleoli_npm1,12,op_cp2_nucleoli_npm1_intensity_min_mean,3,29.542736893631677,30.319705963134766,1.0262998337730374
nucleoli_npm1,13,op_cp2_nucleoli_npm1_intensity_min_median,3,30.496084589820804,31.18313217163086,1.022529042368914
nucleoli_npm1,14,op_cp2_nucleoli_npm1_intensity_min_std,3,15.883401382019883,16.01104736328125,1.00803643868157
nucleoli_npm1,15,op_cp2_nucleoli_npm1_intensity_min_sum,3,564.2043034188382,550.77587890625,0.9761993582267671
nucleoli_npm1,16,op_cp2_nucleoli_npm1_intensity_min_min,3,30.289629731502398,31.340394973754883,1.0346905938292024
nucleoli_npm1,17,op_cp2_nucleoli_npm1_intensity_min_max,3,39.060520899222574,40.0011100769043,1.0240803029767185
nucleoli_npm1,18,op_cp2_nucleoli_npm1_intensity_std_mean,3,8.603710767264317,9.206321716308594,1.0700408190541586
nucleoli_npm1,19,op_cp2_nucleoli_npm1_intensity_std_median,3,8.92750244933131,9.482937812805176,1.062216209586755
nucleoli_npm1,20,op_cp2_nucleoli_npm1_intensity_std_std,3,5.813707216936063,5.879436016082764,1.0113058323534465
nucleoli_npm1,21,op_cp2_nucleoli_npm1_intensity_std_sum,3,59.56647633611435,56.38776779174805,0.9466359479377313
nucleoli_npm1,22,op_cp2_nucleoli_npm1_intensity_std_min,3,9.182679543951519,9.536802291870117,1.0385642062563158
nucleoli_npm1,23,op_cp2_nucleoli_npm1_intensity_std_max,3,12.496394062899803,13.151373863220215,1.0524135040095257
nucleoli_npm1,24,op_cp2_nucleoli_npm1_intensity_median_mean,3,36.43516412526343,37.941341400146484,1.0413385615529231
nucleoli_npm1,25,op_cp2_nucleoli_npm1_intensity_median_median,3,37.18642321607909,38.57197189331055,1.0372595306943195
nucleoli_npm1,26,op_cp2_nucleoli_npm1_intensity_median_std,3,19.06891833280461,18.86590576171875,0.989353744793347
nucleoli_npm1,27,op_cp2_nucleoli_npm1_intensity_median_sum,3,653.806366136346,631.961181640625,0.9665876846308263
nucleoli_npm1,28,op_cp2_nucleoli_npm1_intensity_median_min,3,39.16222898942117,41.24563980102539,1.0531994951606816
nucleoli_npm1,29,op_cp2_nucleoli_npm1_intensity_median_max,3,46.55034638694177,47.48373031616211,1.0200510630245745
nucleoli_npm1,30,op_cp2_nucleoli_npm1_intensity_q25_mean,3,33.681804866623295,34.75815200805664,1.031956338019758
nucleoli_npm1,31,op_cp2_nucleoli_npm1_intensity_q25_median,3,34.23903195140898,35.333194732666016,1.0319565921960012
nucleoli_npm1,32,op_cp2_nucleoli_npm1_intensity_q25_std,3,17.359265483481362,17.241716384887695,0.9932284520502597
nucleoli_npm1,33,op_cp2_nucleoli_npm1_intensity_q25_sum,3,616.5407404590452,597.3163452148438,0.9688189376911445
nucleoli_npm1,34,op_cp2_nucleoli_npm1_intensity_q25_min,3,36.167112865092655,37.884368896484375,1.0474811477984787
nucleoli_npm1,35,op_cp2_nucleoli_npm1_intensity_q25_max,3,42.82775091692903,43.346553802490234,1.0121137083889253
nucleoli_npm1,36,op_cp2_nucleoli_npm1_intensity_q75_mean,3,39.7240815617306,41.95635223388672,1.0561943935365052
nucleoli_npm1,37,op_cp2_nucleoli_npm1_intensity_q75_median,3,40.6665660837244,42.74903106689453,1.0512082819799131
nucleoli_npm1,38,op_cp2_nucleoli_npm1_intensity_q75_std,3,21.266370501919265,21.14399528503418,0.9942455993196375
nucleoli_npm1,39,op_cp2_nucleoli_npm1_intensity_q75_sum,3,691.8518291726879,667.64111328125,0.9650059234209312
nucleoli_npm1,40,op_cp2_nucleoli_npm1_intensity_q75_min,3,42.79427708282552,45.285892486572266,1.058223098357857
nucleoli_npm1,41,op_cp2_nucleoli_npm1_intensity_q75_max,3,51.09894112958215,52.825138092041016,1.0337814624784767
nucleoli_npm1,42,op_cp2_nucleoli_npm1_intensity_iqr_mean,3,13.014125087803313,14.151060104370117,1.0873616173885041
nucleoli_npm1,43,op_cp2_nucleoli_npm1_intensity_iqr_median,3,13.43054465804941,14.487079620361328,1.0786665760184713
nucleoli_npm1,44,op_cp2_nucleoli_npm1_intensity_iqr_std,3,9.406163122936743,9.992681503295898,1.0623546894406861
nucleoli_npm1,45,op_cp2_nucleoli_npm1_intensity_iqr_sum,3,86.69120629511274,82.89273071289062,0.9561838421155266
nucleoli_npm1,46,op_cp2_nucleoli_npm1_intensity_iqr_min,3,13.033503489229767,13.575371742248535,1.041575026505079
nucleoli_npm1,47,op_cp2_nucleoli_npm1_intensity_iqr_max,3,20.717466427956527,22.2735652923584,1.0751104808019403
nucleoli_npm1,48,op_cp2_nucleoli_npm1_intensity_mad_mean,3,6.311688304181135,6.829898357391357,1.0821032389807554
nucleoli_npm1,49,op_cp2_nucleoli_npm1_intensity_mad_median,3,6.4998569278698515,7.009140491485596,1.0783530421157512
nucleoli_npm1,50,op_cp2_nucleoli_npm1_intensity_mad_std,3,4.482299902476112,4.6587443351745605,1.0393647093093832
nucleoli_npm1,51,op_cp2_nucleoli_npm1_intensity_mad_sum,3,42.50934574374255,40.625797271728516,0.9556909559754564
nucleoli_npm1,52,op_cp2_nucleoli_npm1_intensity_mad_min,3,6.323168604627855,6.598695278167725,1.043574146249748
nucleoli_npm1,53,op_cp2_nucleoli_npm1_intensity_mad_max,3,9.938387380814229,10.470890998840332,1.053580485205687
nucleoli_npm1,54,op_cp2_nucleoli_npm1_intensity_integrated_mean,3,21177.981506274242,21920.30859375,1.035051833776313
nucleoli_npm1,55,op_cp2_nucleoli_npm1_intensity_integrated_median,3,22985.784742821997,23934.119140625,1.0412574296859345
nucleoli_npm1,56,op_cp2_nucleoli_npm1_intensity_integrated_std,3,22864.44590481067,23185.990234375,1.0140630711499847
nucleoli_npm1,57,op_cp2_nucleoli_npm1_intensity_integrated_sum,3,76733.36435856107,73072.21875,0.9522874353396887
nucleoli_npm1,58,op_cp2_nucleoli_npm1_intensity_integrated_min,3,15928.265874237391,16632.99609375,1.044244001517607
nucleoli_npm1,59,op_cp2_nucleoli_npm1_intensity_integrated_max,3,37978.158805151914,38289.50390625,1.0081980040869136
nucleoli_npm1,60,op_cp2_nucleoli_npm1_intensity_range_mean,3,40.05783541928407,42.577354431152344,1.062897033389262
nucleoli_npm1,61,op_cp2_nucleoli_npm1_intensity_range_median,3,41.84829338955363,44.280364990234375,1.0581163866837124
nucleoli_npm1,62,op_cp2_nucleoli_npm1_intensity_range_std,3,27.32576905592934,27.363767623901367,1.0013905763418498
nucleoli_npm1,63,op_cp2_nucleoli_npm1_intensity_range_sum,3,255.53419659435548,241.70152282714844,0.9458676218229783
nucleoli_npm1,64,op_cp2_nucleoli_npm1_intensity_range_min,3,44.184801221754334,46.067134857177734,1.0426013829048673
nucleoli_npm1,65,op_cp2_nucleoli_npm1_intensity_range_max,3,55.118649372257316,57.159034729003906,1.037018057952878
nucleoli_npm1,66,op_cp2_nucleoli_npm1_intensity_cv_mean,3,0.02204293516185959,0.022774729877710342,1.0331986058334446
nucleoli_npm1,67,op_cp2_nucleoli_npm1_intensity_cv_median,3,0.02289123653930255,0.023580949753522873,1.030130011239722
nucleoli_npm1,68,op_cp2_nucleoli_npm1_intensity_cv_std,3,0.01501014672361417,0.014781166799366474,0.9847449909408639
nucleoli_npm1,69,op_cp2_nucleoli_npm1_intensity_cv_sum,3,0.17753908128286408,0.16701316833496094,0.9407121357627578
nucleoli_npm1,70,op_cp2_nucleoli_npm1_intensity_cv_min,3,0.025293041574805723,0.025587305426597595,1.0116341821097936
nucleoli_npm1,71,op_cp2_nucleoli_npm1_intensity_cv_max,3,0.0313361466278499,0.031684182584285736,1.011106533313401
nucleoli_npm1,0,op_cp2_nucleoli_npm1_intensity_mean_mean,4,36.12080523643804,37.70418930053711,1.0438357908616551
nucleoli_npm1,1,op_cp2_nucleoli_npm1_intensity_mean_median,4,36.87233611481905,38.421077728271484,1.0420028068910445
nucleoli_npm1,2,op_cp2_nucleoli_npm1_intensity_mean_std,4,18.72133144391162,18.479597091674805,0.9870877585303672
nucleoli_npm1,3,op_cp2_nucleoli_npm1_intensity_mean_sum,4,674.4286428679277,656.7551879882812,0.973794922462824
nucleoli_npm1,4,op_cp2_nucleoli_npm1_intensity_mean_min,4,38.90251199610673,41.0042839050293,1.0540266373835423
nucleoli_npm1,5,op_cp2_nucleoli_npm1_intensity_mean_max,4,45.99286017115467,46.73690414428711,1.0161773799316591
nucleoli_npm1,6,op_cp2_nucleoli_npm1_intensity_max_mean,4,50.21584386964061,53.56837463378906,1.066762410143929
nucleoli_npm1,7,op_cp2_nucleoli_npm1_intensity_max_median,4,51.94185385123535,55.12593078613281,1.0613007950008264
nucleoli_npm1,8,op_cp2_nucleoli_npm1_intensity_max_std,4,29.111184767963152,29.490703582763672,1.013036872866067
nucleoli_npm1,9,op_cp2_nucleoli_npm1_intensity_max_sum,4,787.2126045900626,762.2966918945312,0.9683491949312648
nucleoli_npm1,10,op_cp2_nucleoli_npm1_intensity_max_min,4,55.56704484278715,58.46253967285156,1.052108130606126
nucleoli_npm1,11,op_cp2_nucleoli_npm1_intensity_max_max,4,64.51471566414737,67.6194839477539,1.0481249626793587
nucleoli_npm1,12,op_cp2_nucleoli_npm1_intensity_min_mean,4,29.542736893631677,30.341888427734375,1.0270506939482296
nucleoli_npm1,13,op_cp2_nucleoli_npm1_intensity_min_median,4,30.496084589820804,31.268844604492188,1.0253396468781215
nucleoli_npm1,14,op_cp2_nucleoli_npm1_intensity_min_std,4,15.883401382019883,15.893438339233398,1.000631914850737
nucleoli_npm1,15,op_cp2_nucleoli_npm1_intensity_min_sum,4,564.2043034188382,553.2620239257812,0.9806058205746546
nucleoli_npm1,16,op_cp2_nucleoli_npm1_intensity_min_min,4,30.289629731502398,31.440998077392578,1.0380119650222304
nucleoli_npm1,17,op_cp2_nucleoli_npm1_intensity_min_max,4,39.060520899222574,39.6937370300293,1.0162111542864583
nucleoli_npm1,18,op_cp2_nucleoli_npm1_intensity_std_mean,4,8.603710767264317,9.167194366455078,1.0654930894858439
nucleoli_npm1,19,op_cp2_nucleoli_npm1_intensity_std_median,4,8.92750244933131,9.443253517150879,1.0577710362720987
nucleoli_npm1,20,op_cp2_nucleoli_npm1_intensity_std_std,4,5.813707216936063,5.855968952178955,1.0072693263808983
nucleoli_npm1,21,op_cp2_nucleoli_npm1_intensity_std_sum,4,59.56647633611435,56.5810661315918,0.9498810339615047
nucleoli_npm1,22,op_cp2_nucleoli_npm1_intensity_std_min,4,9.182679543951519,9.547514915466309,1.0397308181962095
nucleoli_npm1,23,op_cp2_nucleoli_npm1_intensity_std_max,4,12.496394062899803,13.052644729614258,1.044512894192885
nucleoli_npm1,24,op_cp2_nucleoli_npm1_intensity_median_mean,4,36.43516412526343,37.84844207763672,1.038788845509642
nucleoli_npm1,25,op_cp2_nucleoli_npm1_intensity_median_median,4,37.18642321607909,38.53469467163086,1.036257088984261
nucleoli_npm1,26,op_cp2_nucleoli_npm1_intensity_median_std,4,19.06891833280461,18.7606201171875,0.9838324224669451
nucleoli_npm1,27,op_cp2_nucleoli_npm1_intensity_median_sum,4,653.806366136346,637.9284057617188,0.9757145827923676
nucleoli_npm1,28,op_cp2_nucleoli_npm1_intensity_median_min,4,39.16222898942117,41.196922302246094,1.0519555031807446
nucleoli_npm1,29,op_cp2_nucleoli_npm1_intensity_median_max,4,46.55034638694177,47.1473274230957,1.0128244166260683
nucleoli_npm1,30,op_cp2_nucleoli_npm1_intensity_q25_mean,4,33.681804866623295,34.72007369995117,1.0308258075076238
nucleoli_npm1,31,op_cp2_nucleoli_npm1_intensity_q25_median,4,34.23903195140898,35.37312316894531,1.033122759403531
nucleoli_npm1,32,op_cp2_nucleoli_npm1_intensity_q25_std,4,17.359265483481362,17.08873748779297,0.9844159307347525
nucleoli_npm1,33,op_cp2_nucleoli_npm1_intensity_q25_sum,4,616.5407404590452,603.1285400390625,0.9782460435461302
nucleoli_npm1,34,op_cp2_nucleoli_npm1_intensity_q25_min,4,36.167112865092655,37.89260482788086,1.04770886659448
nucleoli_npm1,35,op_cp2_nucleoli_npm1_intensity_q25_max,4,42.82775091692903,42.97980880737305,1.0035504523863268
nucleoli_npm1,36,op_cp2_nucleoli_npm1_intensity_q75_mean,4,39.7240815617306,41.82685470581055,1.05293446849897
nucleoli_npm1,37,op_cp2_nucleoli_npm1_intensity_q75_median,4,40.6665660837244,42.64937210083008,1.048757645605569
nucleoli_npm1,38,op_cp2_nucleoli_npm1_intensity_q75_std,4,21.266370501919265,21.023649215698242,0.988586614429617
nucleoli_npm1,39,op_cp2_nucleoli_npm1_intensity_q75_sum,4,691.8518291726879,673.8148803710938,0.973929462869004
nucleoli_npm1,40,op_cp2_nucleoli_npm1_intensity_q75_min,4,42.79427708282552,45.206424713134766,1.056366126378083
nucleoli_npm1,41,op_cp2_nucleoli_npm1_intensity_q75_max,4,51.09894112958215,52.53157424926758,1.0280364541420224
nucleoli_npm1,42,op_cp2_nucleoli_npm1_intensity_iqr_mean,4,13.014125087803313,14.08564567565918,1.0823351996869988
nucleoli_npm1,43,op_cp2_nucleoli_npm1_intensity_iqr_median,4,13.43054465804941,14.427247047424316,1.0742116135087305
nucleoli_npm1,44,op_cp2_nucleoli_npm1_intensity_iqr_std,4,9.406163122936743,9.934481620788574,1.0561672693686905
nucleoli_npm1,45,op_cp2_nucleoli_npm1_intensity_iqr_sum,4,86.69120629511274,83.0457992553711,0.9579495176554355
nucleoli_npm1,46,op_cp2_nucleoli_npm1_intensity_iqr_min,4,13.033503489229767,13.610239028930664,1.0442502309664843
nucleoli_npm1,47,op_cp2_nucleoli_npm1_intensity_iqr_max,4,20.717466427956527,22.010700225830078,1.062422391385099
nucleoli_npm1,48,op_cp2_nucleoli_npm1_intensity_mad_mean,4,6.311688304181135,6.793466567993164,1.0763311241926947
nucleoli_npm1,49,op_cp2_nucleoli_npm1_intensity_mad_median,4,6.4998569278698515,6.9683332443237305,1.0720748659013037
nucleoli_npm1,50,op_cp2_nucleoli_npm1_intensity_mad_std,4,4.482299902476112,4.647708892822266,1.036902704849084
nucleoli_npm1,51,op_cp2_nucleoli_npm1_intensity_mad_sum,4,42.50934574374255,40.7369270324707,0.9583051990036155
nucleoli_npm1,52,op_cp2_nucleoli_npm1_intensity_mad_min,4,6.323168604627855,6.603367805480957,1.0443130997089065
nucleoli_npm1,53,op_cp2_nucleoli_npm1_intensity_mad_max,4,9.938387380814229,10.407217979431152,1.0471737094412306
nucleoli_npm1,54,op_cp2_nucleoli_npm1_intensity_integrated_mean,4,21177.981506274242,21827.94140625,1.030690361108456
nucleoli_npm1,55,op_cp2_nucleoli_npm1_intensity_integrated_median,4,22985.784742821997,23816.234375,1.03612883534191
nucleoli_npm1,56,op_cp2_nucleoli_npm1_intensity_integrated_std,4,22864.44590481067,23149.6875,1.0124753338163912
nucleoli_npm1,57,op_cp2_nucleoli_npm1_intensity_integrated_sum,4,76733.36435856107,73266.765625,0.9548227975856463
nucleoli_npm1,58,op_cp2_nucleoli_npm1_intensity_integrated_min,4,15928.265874237391,16707.349609375,1.0489120247796535
nucleoli_npm1,59,op_cp2_nucleoli_npm1_intensity_integrated_max,4,37978.158805151914,38138.7734375,1.004229131621997
nucleoli_npm1,60,op_cp2_nucleoli_npm1_intensity_range_mean,4,40.05783541928407,42.35327911376953,1.0573032384415966
nucleoli_npm1,61,op_cp2_nucleoli_npm1_intensity_range_median,4,41.84829338955363,44.09002685546875,1.0535680976293937
nucleoli_npm1,62,op_cp2_nucleoli_npm1_intensity_range_std,4,27.32576905592934,27.3305606842041,1.000175352000705
nucleoli_npm1,63,op_cp2_nucleoli_npm1_intensity_range_sum,4,255.53419659435548,242.24087524414062,0.9479783076888251
nucleoli_npm1,64,op_cp2_nucleoli_npm1_intensity_range_min,4,44.184801221754334,46.036800384521484,1.0419148465435513
nucleoli_npm1,65,op_cp2_nucleoli_npm1_intensity_range_max,4,55.118649372257316,56.90113830566406,1.0323391257533956
nucleoli_npm1,66,op_cp2_nucleoli_npm1_intensity_cv_mean,4,0.02204293516185959,0.02273315191268921,1.0313123794885486
nucleoli_npm1,67,op_cp2_nucleoli_npm1_intensity_cv_median,4,0.02289123653930255,0.023568425327539444,1.02958288369762
nucleoli_npm1,68,op_cp2_nucleoli_npm1_intensity_cv_std,4,0.01501014672361417,0.01476232148706913,0.9834894860717678
nucleoli_npm1,69,op_cp2_nucleoli_npm1_intensity_cv_sum,4,0.17753908128286408,0.16750192642211914,0.9434650963144658
nucleoli_npm1,70,op_cp2_nucleoli_npm1_intensity_cv_min,4,0.025293041574805723,0.025653833523392677,1.0142644745796938
nucleoli_npm1,71,op_cp2_nucleoli_npm1_intensity_cv_max,4,0.0313361466278499,0.03145459294319153,1.003779862174769
b-catenin,0,cp_single_object_b-catenin_cell_Intensity_IntegratedIntensity,0,8332842.548306689,10446419.0,1.253644112371091
b-catenin,1,cp_single_object_b-catenin_cell_Intensity_IntegratedIntensityEdge,0,126737.05773686565,144156.5625,1.1374460246607674
b-catenin,2,cp_single_object_b-catenin_cell_Intensity_LowerQuartileIntensity,0,78.760403710854,79.13838195800781,1.0047990897626864
b-catenin,3,cp_single_object_b-catenin_cell_Intensity_MADIntensity,0,13.215209938514123,20.053070068359375,1.517423496233468
b-catenin,4,cp_single_object_b-catenin_cell_Intensity_MassDisplacement,0,1.322842805337802,1.2502021789550781,0.9450874842501227
b-catenin,5,cp_single_object_b-catenin_cell_Intensity_MaxIntensity,0,3654.8454731129113,3659.275634765625,1.0012121337783784
b-catenin,6,cp_single_object_b-catenin_cell_Intensity_MaxIntensityEdge,0,1283.9819555129077,1533.1580810546875,1.1940651303329588
b-catenin,7,cp_single_object_b-catenin_cell_Intensity_MeanIntensity,0,103.09367936900668,138.19677734375,1.3404970914763612
b-catenin,8,cp_single_object_b-catenin_cell_Intensity_MeanIntensityEdge,0,115.25303100703239,114.20987701416016,0.9909490103318099
b-catenin,9,cp_single_object_b-catenin_cell_Intensity_MedianIntensity,0,86.58408162073934,90.12394714355469,1.04088356030986
b-catenin,10,cp_single_object_b-catenin_cell_Intensity_MinIntensity,0,68.54053917724565,67.80426788330078,0.9892578712863511
b-catenin,11,cp_single_object_b-catenin_cell_Intensity_MinIntensityEdge,0,83.79985942502807,81.97904968261719,0.9782719236654581
b-catenin,12,cp_single_object_b-catenin_cell_Intensity_StdIntensity,0,209.25366790677387,290.6674499511719,1.3890674073186102
b-catenin,13,cp_single_object_b-catenin_cell_Intensity_StdIntensityEdge,0,131.88276952318515,158.98800659179688,1.2055252340135805
b-catenin,14,cp_single_object_b-catenin_cell_Intensity_UpperQuartileIntensity,0,106.62591357609736,141.22518920898438,1.3244921846150843
b-catenin,15,cp_single_object_b-catenin_cytoplasm_Intensity_IntegratedIntensity,0,7729660.238328007,9727553.0,1.2584709676843642
b-catenin,16,cp_single_object_b-catenin_cytoplasm_Intensity_IntegratedIntensityEdge,0,196046.25323541532,223594.546875,1.1405193579828545
b-catenin,17,cp_single_object_b-catenin_cytoplasm_Intensity_LowerQuartileIntensity,0,79.38971102405054,79.74262237548828,1.0044453033886322
b-catenin,18,cp_single_object_b-catenin_cytoplasm_Intensity_MADIntensity,0,13.062753111372835,20.88427734375,1.5987653724824291
b-catenin,19,cp_single_object_b-catenin_cytoplasm_Intensity_MassDisplacement,0,1.266612625218146,1.2764170169830322,1.0077406395370467
b-catenin,20,cp_single_object_b-catenin_cytoplasm_Intensity_MaxIntensity,0,3351.109577378079,3501.802978515625,1.0449682105756295
b-catenin,21,cp_single_object_b-catenin_cytoplasm_Intensity_MaxIntensityEdge,0,2286.189643128002,1945.9552001953125,0.8511783814805604
b-catenin,22,cp_single_object_b-catenin_cytoplasm_Intensity_MeanIntensity,0,99.98558395334659,136.0915985107422,1.3611122036777092
b-catenin,23,cp_single_object_b-catenin_cytoplasm_Intensity_MeanIntensityEdge,0,113.94929894538501,124.76907348632812,1.0949525327587049
b-catenin,24,cp_single_object_b-catenin_cytoplasm_Intensity_MedianIntensity,0,87.16639438445883,90.91596984863281,1.0430162964827476
b-catenin,25,cp_single_object_b-catenin_cytoplasm_Intensity_MinIntensity,0,70.02168495169921,69.15731811523438,0.9876557264073111
b-catenin,26,cp_single_object_b-catenin_cytoplasm_Intensity_MinIntensityEdge,0,76.67551039035712,75.31031036376953,0.9821950969789791
b-catenin,27,cp_single_object_b-catenin_cytoplasm_Intensity_StdIntensity,0,173.35720710819723,278.7671813964844,1.6080507182057782
b-catenin,28,cp_single_object_b-catenin_cytoplasm_Intensity_StdIntensityEdge,0,239.66961546941826,249.77053833007812,1.0421451957557328
b-catenin,29,cp_single_object_b-catenin_cytoplasm_Intensity_UpperQuartileIntensity,0,108.73838288938103,135.4891815185547,1.2460106350522713
b-catenin,0,cp_single_object_b-catenin_cell_Intensity_IntegratedIntensity,1,8332842.548306689,10256444.0,1.2308457696808641
b-catenin,1,cp_single_object_b-catenin_cell_Intensity_IntegratedIntensityEdge,1,126737.05773686565,143509.84375,1.1323431860628987
b-catenin,2,cp_single_object_b-catenin_cell_Intensity_LowerQuartileIntensity,1,78.760403710854,82.90318298339844,1.0525997719330318
b-catenin,3,cp_single_object_b-catenin_cell_Intensity_MADIntensity,1,13.215209938514123,19.433305740356445,1.4705256920452272
b-catenin,4,cp_single_object_b-catenin_cell_Intensity_MassDisplacement,1,1.322842805337802,1.1851619482040405,0.8959204702341007
b-catenin,5,cp_single_object_b-catenin_cell_Intensity_MaxIntensity,1,3654.8454731129113,3628.245849609375,0.9927220935333059
b-catenin,6,cp_single_object_b-catenin_cell_Intensity_MaxIntensityEdge,1,1283.9819555129077,1392.0714111328125,1.0841830020708716
b-catenin,7,cp_single_object_b-catenin_cell_Intensity_MeanIntensity,1,103.09367936900668,120.14259338378906,1.1653730288717181
b-catenin,8,cp_single_object_b-catenin_cell_Intensity_MeanIntensityEdge,1,115.25303100703239,116.25839233398438,1.0087230792818858
b-catenin,9,cp_single_object_b-catenin_cell_Intensity_MedianIntensity,1,86.58408162073934,93.84990692138672,1.0839164100911016
b-catenin,10,cp_single_object_b-catenin_cell_Intensity_MinIntensity,1,68.54053917724565,70.8505859375,1.0337033642860698
b-catenin,11,cp_single_object_b-catenin_cell_Intensity_MinIntensityEdge,1,83.79985942502807,84.61866760253906,1.0097709970294584
b-catenin,12,cp_single_object_b-catenin_cell_Intensity_StdIntensity,1,209.25366790677387,242.55642700195312,1.1591501808705031
b-catenin,13,cp_single_object_b-catenin_cell_Intensity_StdIntensityEdge,1,131.88276952318515,130.86074829101562,0.9922505325307879
b-catenin,14,cp_single_object_b-catenin_cell_Intensity_UpperQuartileIntensity,1,106.62591357609736,123.92980194091797,1.1622859564290726
b-catenin,15,cp_single_object_b-catenin_cytoplasm_Intensity_IntegratedIntensity,1,7729660.238328007,9621112.0,1.2447005047250472
b-catenin,16,cp_single_object_b-catenin_cytoplasm_Intensity_IntegratedIntensityEdge,1,196046.25323541532,217702.546875,1.110465225844329
b-catenin,17,cp_single_object_b-catenin_cytoplasm_Intensity_LowerQuartileIntensity,1,79.38971102405054,83.65665435791016,1.0537468052071253
b-catenin,18,cp_single_object_b-catenin_cytoplasm_Intensity_MADIntensity,1,13.062753111372835,20.757226943969727,1.5890392145510157
b-catenin,19,cp_single_object_b-catenin_cytoplasm_Intensity_MassDisplacement,1,1.266612625218146,1.2147356271743774,0.9590427278151962
b-catenin,20,cp_single_object_b-catenin_cytoplasm_Intensity_MaxIntensity,1,3351.109577378079,3425.863037109375,1.0223070771054235
b-catenin,21,cp_single_object_b-catenin_cytoplasm_Intensity_MaxIntensityEdge,1,2286.189643128002,1774.1495361328125,0.7760290321783595
b-catenin,22,cp_single_object_b-catenin_cytoplasm_Intensity_MeanIntensity,1,99.98558395334659,122.4102554321289,1.2242790469598668
b-catenin,23,cp_single_object_b-catenin_cytoplasm_Intensity_MeanIntensityEdge,1,113.94929894538501,116.8054428100586,1.0250650411288842
b-catenin,24,cp_single_object_b-catenin_cytoplasm_Intensity_MedianIntensity,1,87.16639438445883,94.99591827392578,1.0898227343778133
b-catenin,25,cp_single_object_b-catenin_cytoplasm_Intensity_MinIntensity,1,70.02168495169921,72.20411682128906,1.0311679427750886
b-catenin,26,cp_single_object_b-catenin_cytoplasm_Intensity_MinIntensityEdge,1,76.67551039035712,78.27497100830078,1.0208601235231531
b-catenin,27,cp_single_object_b-catenin_cytoplasm_Intensity_StdIntensity,1,173.35720710819723,235.44696044921875,1.3581607847562376
b-catenin,28,cp_single_object_b-catenin_cytoplasm_Intensity_StdIntensityEdge,1,239.66961546941826,203.09829711914062,0.8474094503859038
b-catenin,29,cp_single_object_b-catenin_cytoplasm_Intensity_UpperQuartileIntensity,1,108.73838288938103,129.0987548828125,1.187241813354388
b-catenin,0,cp_single_object_b-catenin_cell_Intensity_IntegratedIntensity,2,8332842.548306689,10388689.0,1.246716104351579
b-catenin,1,cp_single_object_b-catenin_cell_Intensity_IntegratedIntensityEdge,2,126737.05773686565,145764.21875,1.1501309984064723
b-catenin,2,cp_single_object_b-catenin_cell_Intensity_LowerQuartileIntensity,2,78.760403710854,83.11509704589844,1.0552903886962213
b-catenin,3,cp_single_object_b-catenin_cell_Intensity_MADIntensity,2,13.215209938514123,16.56679916381836,1.253616040978391
b-catenin,4,cp_single_object_b-catenin_cell_Intensity_MassDisplacement,2,1.322842805337802,1.1445825099945068,0.8652445365208948
b-catenin,5,cp_single_object_b-catenin_cell_Intensity_MaxIntensity,2,3654.8454731129113,3597.912353515625,0.9844225645061827
b-catenin,6,cp_single_object_b-catenin_cell_Intensity_MaxIntensityEdge,2,1283.9819555129077,1402.233642578125,1.0920976237691593
b-catenin,7,cp_single_object_b-catenin_cell_Intensity_MeanIntensity,2,103.09367936900668,112.06708526611328,1.087041280823704
b-catenin,8,cp_single_object_b-catenin_cell_Intensity_MeanIntensityEdge,2,115.25303100703239,116.91046142578125,1.0143807967935154
b-catenin,9,cp_single_object_b-catenin_cell_Intensity_MedianIntensity,2,86.58408162073934,93.31671905517578,1.0777583743848798
b-catenin,10,cp_single_object_b-catenin_cell_Intensity_MinIntensity,2,68.54053917724565,71.5123062133789,1.0433578006798032
b-catenin,11,cp_single_object_b-catenin_cell_Intensity_MinIntensityEdge,2,83.79985942502807,85.4025650024414,1.0191253969685616
b-catenin,12,cp_single_object_b-catenin_cell_Intensity_StdIntensity,2,209.25366790677387,231.04403686523438,1.1041337491305934
b-catenin,13,cp_single_object_b-catenin_cell_Intensity_StdIntensityEdge,2,131.88276952318515,136.7682342529297,1.0370439955682433
b-catenin,14,cp_single_object_b-catenin_cell_Intensity_UpperQuartileIntensity,2,106.62591357609736,110.98799896240234,1.0409101806493957
b-catenin,15,cp_single_object_b-catenin_cytoplasm_Intensity_IntegratedIntensity,2,7729660.238328007,9746599.0,1.2609349828432141
b-catenin,16,cp_single_object_b-catenin_cytoplasm_Intensity_IntegratedIntensityEdge,2,196046.25323541532,220998.8125,1.1272789398051961
b-catenin,17,cp_single_object_b-catenin_cytoplasm_Intensity_LowerQuartileIntensity,2,79.38971102405054,83.85881042480469,1.0562931813594871
b-catenin,18,cp_single_object_b-catenin_cytoplasm_Intensity_MADIntensity,2,13.062753111372835,17.893434524536133,1.3698057654444649
b-catenin,19,cp_single_object_b-catenin_cytoplasm_Intensity_MassDisplacement,2,1.266612625218146,1.1710100173950195,0.9245210367244989
b-catenin,20,cp_single_object_b-catenin_cytoplasm_Intensity_MaxIntensity,2,3351.109577378079,3362.264404296875,1.003328696558924
b-catenin,21,cp_single_object_b-catenin_cytoplasm_Intensity_MaxIntensityEdge,2,2286.189643128002,1776.8563232421875,0.7772130053091587
b-catenin,22,cp_single_object_b-catenin_cytoplasm_Intensity_MeanIntensity,2,99.98558395334659,111.3294448852539,1.1134549650397638
b-catenin,23,cp_single_object_b-catenin_cytoplasm_Intensity_MeanIntensityEdge,2,113.94929894538501,112.29683685302734,0.9854982688998405
b-catenin,24,cp_single_object_b-catenin_cytoplasm_Intensity_MedianIntensity,2,87.16639438445883,94.33860778808594,1.0822818639485434
b-catenin,25,cp_single_object_b-catenin_cytoplasm_Intensity_MinIntensity,2,70.02168495169921,72.87364959716797,1.0407297346162983
b-catenin,26,cp_single_object_b-catenin_cytoplasm_Intensity_MinIntensityEdge,2,76.67551039035712,78.86958312988281,1.028615039252502
b-catenin,27,cp_single_object_b-catenin_cytoplasm_Intensity_StdIntensity,2,173.35720710819723,217.12847900390625,1.2524917920971703
b-catenin,28,cp_single_object_b-catenin_cytoplasm_Intensity_StdIntensityEdge,2,239.66961546941826,194.41650390625,0.8111854459542764
b-catenin,29,cp_single_object_b-catenin_cytoplasm_Intensity_UpperQuartileIntensity,2,108.73838288938103,112.55911254882812,1.035136899758146
b-catenin,0,cp_single_object_b-catenin_cell_Intensity_IntegratedIntensity,3,8332842.548306689,10285156.0,1.234291412609259
b-catenin,1,cp_single_object_b-catenin_cell_Intensity_IntegratedIntensityEdge,3,126737.05773686565,145288.40625,1.146376670284165
b-catenin,2,cp_single_object_b-catenin_cell_Intensity_LowerQuartileIntensity,3,78.760403710854,83.0508804321289,1.0544750473477273
b-catenin,3,cp_single_object_b-catenin_cell_Intensity_MADIntensity,3,13.215209938514123,14.5368013381958,1.100005327636155
b-catenin,4,cp_single_object_b-catenin_cell_Intensity_MassDisplacement,3,1.322842805337802,1.1649070978164673,0.8806088623046907
b-catenin,5,cp_single_object_b-catenin_cell_Intensity_MaxIntensity,3,3654.8454731129113,3566.637451171875,0.9758654578996722
b-catenin,6,cp_single_object_b-catenin_cell_Intensity_MaxIntensityEdge,3,1283.9819555129077,1425.785888671875,1.110440752340886
b-catenin,7,cp_single_object_b-catenin_cell_Intensity_MeanIntensity,3,103.09367936900668,129.01699829101562,1.2514540084384878
b-catenin,8,cp_single_object_b-catenin_cell_Intensity_MeanIntensityEdge,3,115.25303100703239,118.5521469116211,1.0286249817099162
b-catenin,9,cp_single_object_b-catenin_cell_Intensity_MedianIntensity,3,86.58408162073934,91.78447723388672,1.0600617979171558
b-catenin,10,cp_single_object_b-catenin_cell_Intensity_MinIntensity,3,68.54053917724565,71.822998046875,1.0478907652176608
b-catenin,11,cp_single_object_b-catenin_cell_Intensity_MinIntensityEdge,3,83.79985942502807,85.6253433227539,1.0217838539378339
b-catenin,12,cp_single_object_b-catenin_cell_Intensity_StdIntensity,3,209.25366790677387,259.6689453125,1.240929002153439
b-catenin,13,cp_single_object_b-catenin_cell_Intensity_StdIntensityEdge,3,131.88276952318515,156.73695373535156,1.1884566445034885
b-catenin,14,cp_single_object_b-catenin_cell_Intensity_UpperQuartileIntensity,3,106.62591357609736,130.24168395996094,1.2214824669896904
b-catenin,15,cp_single_object_b-catenin_cytoplasm_Intensity_IntegratedIntensity,3,7729660.238328007,9577014.0,1.2389954674219408
b-catenin,16,cp_single_object_b-catenin_cytoplasm_Intensity_IntegratedIntensityEdge,3,196046.25323541532,225044.546875,1.1479155717643994
b-catenin,17,cp_single_object_b-catenin_cytoplasm_Intensity_LowerQuartileIntensity,3,79.38971102405054,83.74321746826172,1.0548371619956183
b-catenin,18,cp_single_object_b-catenin_cytoplasm_Intensity_MADIntensity,3,13.062753111372835,14.052619934082031,1.0757778099509043
b-catenin,19,cp_single_object_b-catenin_cytoplasm_Intensity_MassDisplacement,3,1.266612625218146,1.209826111793518,0.9551666292487431
b-catenin,20,cp_single_object_b-catenin_cytoplasm_Intensity_MaxIntensity,3,3351.109577378079,3400.337890625,1.014690153249312
b-catenin,21,cp_single_object_b-catenin_cytoplasm_Intensity_MaxIntensityEdge,3,2286.189643128002,1863.0501708984375,0.814914972823244
b-catenin,22,cp_single_object_b-catenin_cytoplasm_Intensity_MeanIntensity,3,99.98558395334659,123.80793762207031,1.238257884054958
b-catenin,23,cp_single_object_b-catenin_cytoplasm_Intensity_MeanIntensityEdge,3,113.94929894538501,122.86386108398438,1.078232707187361
b-catenin,24,cp_single_object_b-catenin_cytoplasm_Intensity_MedianIntensity,3,87.16639438445883,92.57609558105469,1.0620617754674544
b-catenin,25,cp_single_object_b-catenin_cytoplasm_Intensity_MinIntensity,3,70.02168495169921,73.23345184326172,1.0458681748915064
b-catenin,26,cp_single_object_b-catenin_cytoplasm_Intensity_MinIntensityEdge,3,76.67551039035712,78.85602569580078,1.0284382235519869
b-catenin,27,cp_single_object_b-catenin_cytoplasm_Intensity_StdIntensity,3,173.35720710819723,245.40771484375,1.4156187616162041
b-catenin,28,cp_single_object_b-catenin_cytoplasm_Intensity_StdIntensityEdge,3,239.66961546941826,234.83856201171875,0.9798428622325054
b-catenin,29,cp_single_object_b-catenin_cytoplasm_Intensity_UpperQuartileIntensity,3,108.73838288938103,119.16577911376953,1.095894347031041
b-catenin,0,cp_single_object_b-catenin_cell_Intensity_IntegratedIntensity,4,8332842.548306689,10454474.0,1.2546107693015809
b-catenin,1,cp_single_object_b-catenin_cell_Intensity_IntegratedIntensityEdge,4,126737.05773686565,145113.5,1.1449965984005084
b-catenin,2,cp_single_object_b-catenin_cell_Intensity_LowerQuartileIntensity,4,78.760403710854,79.4281005859375,1.0084775705002065
b-catenin,3,cp_single_object_b-catenin_cell_Intensity_MADIntensity,4,13.215209938514123,17.76893424987793,1.3445820635881485
b-catenin,4,cp_single_object_b-catenin_cell_Intensity_MassDisplacement,4,1.322842805337802,1.2586404085159302,0.9514663446308141
b-catenin,5,cp_single_object_b-catenin_cell_Intensity_MaxIntensity,4,3654.8454731129113,3588.042236328125,0.9817220078725001
b-catenin,6,cp_single_object_b-catenin_cell_Intensity_MaxIntensityEdge,4,1283.9819555129077,1489.0526123046875,1.1597145940496187
b-catenin,7,cp_single_object_b-catenin_cell_Intensity_MeanIntensity,4,103.09367936900668,138.98760986328125,1.3481681002556734
b-catenin,8,cp_single_object_b-catenin_cell_Intensity_MeanIntensityEdge,4,115.25303100703239,115.70917510986328,1.0039577623151885
b-catenin,9,cp_single_object_b-catenin_cell_Intensity_MedianIntensity,4,86.58408162073934,88.69356536865234,1.0243634130942578
b-catenin,10,cp_single_object_b-catenin_cell_Intensity_MinIntensity,4,68.54053917724565,68.63030242919922,1.0013096373771067
b-catenin,11,cp_single_object_b-catenin_cell_Intensity_MinIntensityEdge,4,83.79985942502807,82.87499237060547,0.9889633817912303
b-catenin,12,cp_single_object_b-catenin_cell_Intensity_StdIntensity,4,209.25366790677387,294.1179504394531,1.4055569652928988
b-catenin,13,cp_single_object_b-catenin_cell_Intensity_StdIntensityEdge,4,131.88276952318515,165.38172912597656,1.2540055818050004
b-catenin,14,cp_single_object_b-catenin_cell_Intensity_UpperQuartileIntensity,4,106.62591357609736,138.8431854248047,1.3021523639815225
b-catenin,15,cp_single_object_b-catenin_cytoplasm_Intensity_IntegratedIntensity,4,7729660.238328007,9716829.0,1.2570835845822164
b-catenin,16,cp_single_object_b-catenin_cytoplasm_Intensity_IntegratedIntensityEdge,4,196046.25323541532,226647.234375,1.1560906196092335
b-catenin,17,cp_single_object_b-catenin_cytoplasm_Intensity_LowerQuartileIntensity,4,79.38971102405054,80.0578384399414,1.0084157935237787
b-catenin,18,cp_single_object_b-catenin_cytoplasm_Intensity_MADIntensity,4,13.062753111372835,17.495058059692383,1.3393086365890698
b-catenin,19,cp_single_object_b-catenin_cytoplasm_Intensity_MassDisplacement,4,1.266612625218146,1.294208288192749,1.0217869792430423
b-catenin,20,cp_single_object_b-catenin_cytoplasm_Intensity_MaxIntensity,4,3351.109577378079,3442.83056640625,1.027370334186426
b-catenin,21,cp_single_object_b-catenin_cytoplasm_Intensity_MaxIntensityEdge,4,2286.189643128002,1967.11962890625,0.8604358937672401
b-catenin,22,cp_single_object_b-catenin_cytoplasm_Intensity_MeanIntensity,4,99.98558395334659,135.9425811767578,1.3596218154828081
b-catenin,23,cp_single_object_b-catenin_cytoplasm_Intensity_MeanIntensityEdge,4,113.94929894538501,127.5497817993164,1.1193555640956598
b-catenin,24,cp_single_object_b-catenin_cytoplasm_Intensity_MedianIntensity,4,87.16639438445883,89.43809509277344,1.0260616574123163
b-catenin,25,cp_single_object_b-catenin_cytoplasm_Intensity_MinIntensity,4,70.02168495169921,70.05065155029297,1.0004136803993469
b-catenin,26,cp_single_object_b-catenin_cytoplasm_Intensity_MinIntensityEdge,4,76.67551039035712,76.060546875,0.9919796619256094
b-catenin,27,cp_single_object_b-catenin_cytoplasm_Intensity_StdIntensity,4,173.35720710819723,281.02935791015625,1.6210999392413938
b-catenin,28,cp_single_object_b-catenin_cytoplasm_Intensity_StdIntensityEdge,4,239.66961546941826,263.8360900878906,1.100832450417796
b-catenin,29,cp_single_object_b-catenin_cytoplasm_Intensity_UpperQuartileIntensity,4,108.73838288938103,132.08627319335938,1.2147161810170566
c-myc,0,cp_single_object_c-Myc_cell_Intensity_IntegratedIntensity,0,1549577.8407104951,1872369.0,1.2083090960706449
c-myc,1,cp_single_object_c-Myc_cell_Intensity_IntegratedIntensityEdge,0,21599.97190064465,24983.20703125,1.1566314598077962
c-myc,2,cp_single_object_c-Myc_cell_Intensity_LowerQuartileIntensity,0,17.28709075752483,22.322612762451172,1.291287994929653
c-myc,3,cp_single_object_c-Myc_cell_Intensity_MADIntensity,0,8.264909152810574,11.031518936157227,1.3347417052256207
c-myc,4,cp_single_object_c-Myc_cell_Intensity_MassDisplacement,0,2.61742326359587,2.3639917373657227,0.9031751838707287
c-myc,5,cp_single_object_c-Myc_cell_Intensity_MaxIntensity,0,1043.0958027397166,729.7966918945312,0.699644931920637
c-myc,6,cp_single_object_c-Myc_cell_Intensity_MaxIntensityEdge,0,328.791927139634,227.71087646484375,0.6925683317283445
c-myc,7,cp_single_object_c-Myc_cell_Intensity_MeanIntensity,0,27.24071567920601,35.14094543457031,1.290015499166745
c-myc,8,cp_single_object_c-Myc_cell_Intensity_MeanIntensityEdge,0,27.307950391118236,32.58921432495117,1.1933965697971474
c-myc,9,cp_single_object_c-Myc_cell_Intensity_MedianIntensity,0,22.42750637176971,29.932558059692383,1.334636029682263
c-myc,10,cp_single_object_c-Myc_cell_Intensity_MinIntensity,0,13.17953794505569,15.524470329284668,1.1779221998528924
c-myc,11,cp_single_object_c-Myc_cell_Intensity_MinIntensityEdge,0,13.588522139550705,16.14828872680664,1.188377114226829
c-myc,12,cp_single_object_c-Myc_cell_Intensity_StdIntensity,0,78.62557606069834,50.38417053222656,0.6408114643679097
c-myc,13,cp_single_object_c-Myc_cell_Intensity_StdIntensityEdge,0,38.37374758961283,33.49713897705078,0.8729181036808072
c-myc,14,cp_single_object_c-Myc_cell_Intensity_UpperQuartileIntensity,0,35.641826044589585,51.6342887878418,1.4486993097167606
c-myc,15,cp_single_object_c-Myc_cytoplasm_Intensity_IntegratedIntensity,0,1430087.2336383201,1729000.625,1.2090175930045939
c-myc,16,cp_single_object_c-Myc_cytoplasm_Intensity_IntegratedIntensityEdge,0,35474.014956755374,41195.53515625,1.1612876412909408
c-myc,17,cp_single_object_c-Myc_cytoplasm_Intensity_LowerQuartileIntensity,0,17.830385304623988,22.588075637817383,1.2668304835767947
c-myc,18,cp_single_object_c-Myc_cytoplasm_Intensity_MADIntensity,0,8.816452623816437,10.721826553344727,1.2161157112534335
c-myc,19,cp_single_object_c-Myc_cytoplasm_Intensity_MassDisplacement,0,2.8013801173361492,2.494788646697998,0.8905569905558939
c-myc,20,cp_single_object_c-Myc_cytoplasm_Intensity_MaxIntensity,0,1043.0912555009998,721.96630859375,0.692141080453203
c-myc,21,cp_single_object_c-Myc_cytoplasm_Intensity_MaxIntensityEdge,0,343.30688617501204,250.86532592773438,0.7307319952791378
c-myc,22,cp_single_object_c-Myc_cytoplasm_Intensity_MeanIntensity,0,29.073506601581247,35.83395004272461,1.2325293448013483
c-myc,23,cp_single_object_c-Myc_cytoplasm_Intensity_MeanIntensityEdge,0,27.094632552911584,33.831512451171875,1.2486426005262932
c-myc,24,cp_single_object_c-Myc_cytoplasm_Intensity_MedianIntensity,0,23.602674952398008,30.18761444091797,1.2789912372983359
c-myc,25,cp_single_object_c-Myc_cytoplasm_Intensity_MinIntensity,0,13.745829189796593,15.879283905029297,1.1552074222496775
c-myc,26,cp_single_object_c-Myc_cytoplasm_Intensity_MinIntensityEdge,0,13.469462436366417,16.094417572021484,1.1948819522721197
c-myc,27,cp_single_object_c-Myc_cytoplasm_Intensity_StdIntensity,0,82.30283407321733,51.93506622314453,0.6310240322580221
c-myc,28,cp_single_object_c-Myc_cytoplasm_Intensity_StdIntensityEdge,0,41.68392048469411,38.13776779174805,0.9149275631535624
c-myc,29,cp_single_object_c-Myc_cytoplasm_Intensity_UpperQuartileIntensity,0,36.92495428668985,52.680240631103516,1.4266839769681963
c-myc,0,cp_single_object_c-Myc_cell_Intensity_IntegratedIntensity,1,1549577.8407104951,1858784.0,1.1995421921803755
c-myc,1,cp_single_object_c-Myc_cell_Intensity_IntegratedIntensityEdge,1,21599.97190064465,25331.4453125,1.1727536234315186
c-myc,2,cp_single_object_c-Myc_cell_Intensity_LowerQuartileIntensity,1,17.28709075752483,21.507509231567383,1.2441369998711589
c-myc,3,cp_single_object_c-Myc_cell_Intensity_MADIntensity,1,8.264909152810574,11.21563720703125,1.3570188128707075
c-myc,4,cp_single_object_c-Myc_cell_Intensity_MassDisplacement,1,2.61742326359587,2.372313976287842,0.9063547379909461
c-myc,5,cp_single_object_c-Myc_cell_Intensity_MaxIntensity,1,1043.0958027397166,678.6375732421875,0.6505994669518651
c-myc,6,cp_single_object_c-Myc_cell_Intensity_MaxIntensityEdge,1,328.791927139634,219.9210662841797,0.6688761132227612
c-myc,7,cp_single_object_c-Myc_cell_Intensity_MeanIntensity,1,27.24071567920601,34.936790466308594,1.2825210202893944
c-myc,8,cp_single_object_c-Myc_cell_Intensity_MeanIntensityEdge,1,27.307950391118236,33.69211959838867,1.233784268531074
c-myc,9,cp_single_object_c-Myc_cell_Intensity_MedianIntensity,1,22.42750637176971,29.360185623168945,1.3091150276129513
c-myc,10,cp_single_object_c-Myc_cell_Intensity_MinIntensity,1,13.17953794505569,14.808246612548828,1.1235785863118326
c-myc,11,cp_single_object_c-Myc_cell_Intensity_MinIntensityEdge,1,13.588522139550705,15.300990104675293,1.1260231206556515
c-myc,12,cp_single_object_c-Myc_cell_Intensity_StdIntensity,1,78.62557606069834,47.85992431640625,0.60870681926017
c-myc,13,cp_single_object_c-Myc_cell_Intensity_StdIntensityEdge,1,38.37374758961283,36.99604034423828,0.964097662284424
c-myc,14,cp_single_object_c-Myc_cell_Intensity_UpperQuartileIntensity,1,35.641826044589585,51.38350296020508,1.4416630308425253
c-myc,15,cp_single_object_c-Myc_cytoplasm_Intensity_IntegratedIntensity,1,1430087.2336383201,1717557.375,1.2010158084065403
c-myc,16,cp_single_object_c-Myc_cytoplasm_Intensity_IntegratedIntensityEdge,1,35474.014956755374,41231.77734375,1.162309295804651
c-myc,17,cp_single_object_c-Myc_cytoplasm_Intensity_LowerQuartileIntensity,1,17.830385304623988,21.88469696044922,1.2273821673822056
c-myc,18,cp_single_object_c-Myc_cytoplasm_Intensity_MADIntensity,1,8.816452623816437,10.954137802124023,1.2424654528889458
c-myc,19,cp_single_object_c-Myc_cytoplasm_Intensity_MassDisplacement,1,2.8013801173361492,2.4960248470306396,0.8909982731669154
c-myc,20,cp_single_object_c-Myc_cytoplasm_Intensity_MaxIntensity,1,1043.0912555009998,642.1605834960938,0.6156322182833966
c-myc,21,cp_single_object_c-Myc_cytoplasm_Intensity_MaxIntensityEdge,1,343.30688617501204,295.1109619140625,0.8596127074585388
c-myc,22,cp_single_object_c-Myc_cytoplasm_Intensity_MeanIntensity,1,29.073506601581247,35.81509780883789,1.2318809113617544
c-myc,23,cp_single_object_c-Myc_cytoplasm_Intensity_MeanIntensityEdge,1,27.094632552911584,34.57533645629883,1.276095418115695
c-myc,24,cp_single_object_c-Myc_cytoplasm_Intensity_MedianIntensity,1,23.602674952398008,29.760162353515625,1.2608809134361283
c-myc,25,cp_single_object_c-Myc_cytoplasm_Intensity_MinIntensity,1,13.745829189796593,15.175228118896484,1.1039878285524545
c-myc,26,cp_single_object_c-Myc_cytoplasm_Intensity_MinIntensityEdge,1,13.469462436366417,15.307641983032227,1.1364701490760967
c-myc,27,cp_single_object_c-Myc_cytoplasm_Intensity_StdIntensity,1,82.30283407321733,48.4136962890625,0.5882385076313806
c-myc,28,cp_single_object_c-Myc_cytoplasm_Intensity_StdIntensityEdge,1,41.68392048469411,43.52519607543945,1.0441723227886264
c-myc,29,cp_single_object_c-Myc_cytoplasm_Intensity_UpperQuartileIntensity,1,36.92495428668985,52.7548942565918,1.4287057431945986
c-myc,0,cp_single_object_c-Myc_cell_Intensity_IntegratedIntensity,2,1549577.8407104951,1885555.375,1.2168187524774208
c-myc,1,cp_single_object_c-Myc_cell_Intensity_IntegratedIntensityEdge,2,21599.97190064465,25436.69921875,1.1776264958007119
c-myc,2,cp_single_object_c-Myc_cell_Intensity_LowerQuartileIntensity,2,17.28709075752483,19.402711868286133,1.1223815586113242
c-myc,3,cp_single_object_c-Myc_cell_Intensity_MADIntensity,2,8.264909152810574,10.609515190124512,1.2836820095616692
c-myc,4,cp_single_object_c-Myc_cell_Intensity_MassDisplacement,2,2.61742326359587,2.4021589756011963,0.9177571732517807
c-myc,5,cp_single_object_c-Myc_cell_Intensity_MaxIntensity,2,1043.0958027397166,708.907958984375,0.679619223011358
c-myc,6,cp_single_object_c-Myc_cell_Intensity_MaxIntensityEdge,2,328.791927139634,219.95872497558594,0.6689906497679065
c-myc,7,cp_single_object_c-Myc_cell_Intensity_MeanIntensity,2,27.24071567920601,32.813167572021484,1.204563344019231
c-myc,8,cp_single_object_c-Myc_cell_Intensity_MeanIntensityEdge,2,27.307950391118236,31.725000381469727,1.1617495977211132
c-myc,9,cp_single_object_c-Myc_cell_Intensity_MedianIntensity,2,22.42750637176971,26.65691566467285,1.1885813439440975
c-myc,10,cp_single_object_c-Myc_cell_Intensity_MinIntensity,2,13.17953794505569,13.68590259552002,1.0384205161497557
c-myc,11,cp_single_object_c-Myc_cell_Intensity_MinIntensityEdge,2,13.588522139550705,14.122529029846191,1.0392983787943508
c-myc,12,cp_single_object_c-Myc_cell_Intensity_StdIntensity,2,78.62557606069834,48.76461410522461,0.6202131233681354
c-myc,13,cp_single_object_c-Myc_cell_Intensity_StdIntensityEdge,2,38.37374758961283,36.63974380493164,0.9548127588885648
c-myc,14,cp_single_object_c-Myc_cell_Intensity_UpperQuartileIntensity,2,35.641826044589585,48.98462677001953,1.3743579441956055
c-myc,15,cp_single_object_c-Myc_cytoplasm_Intensity_IntegratedIntensity,2,1430087.2336383201,1742884.625,1.218726091670565
c-myc,16,cp_single_object_c-Myc_cytoplasm_Intensity_IntegratedIntensityEdge,2,35474.014956755374,41712.6640625,1.1758653232048826
c-myc,17,cp_single_object_c-Myc_cytoplasm_Intensity_LowerQuartileIntensity,2,17.830385304623988,19.617868423461914,1.1002492704616078
c-myc,18,cp_single_object_c-Myc_cytoplasm_Intensity_MADIntensity,2,8.816452623816437,10.367801666259766,1.1759606849417614
c-myc,19,cp_single_object_c-Myc_cytoplasm_Intensity_MassDisplacement,2,2.8013801173361492,2.527219772338867,0.9021338292148718
c-myc,20,cp_single_object_c-Myc_cytoplasm_Intensity_MaxIntensity,2,1043.0912555009998,624.4256591796875,0.5986299433406467
c-myc,21,cp_single_object_c-Myc_cytoplasm_Intensity_MaxIntensityEdge,2,343.30688617501204,295.898681640625,0.861907213506288
c-myc,22,cp_single_object_c-Myc_cytoplasm_Intensity_MeanIntensity,2,29.073506601581247,33.65149688720703,1.1574626118672866
c-myc,23,cp_single_object_c-Myc_cytoplasm_Intensity_MeanIntensityEdge,2,27.094632552911584,32.745391845703125,1.2085564098998756
c-myc,24,cp_single_object_c-Myc_cytoplasm_Intensity_MedianIntensity,2,23.602674952398008,26.982681274414062,1.1432043753020735
c-myc,25,cp_single_object_c-Myc_cytoplasm_Intensity_MinIntensity,2,13.745829189796593,14.078886032104492,1.0242296654286323
c-myc,26,cp_single_object_c-Myc_cytoplasm_Intensity_MinIntensityEdge,2,13.469462436366417,14.175929069519043,1.0524495046844056
c-myc,27,cp_single_object_c-Myc_cytoplasm_Intensity_StdIntensity,2,82.30283407321733,48.49276351928711,0.5891991942361003
c-myc,28,cp_single_object_c-Myc_cytoplasm_Intensity_StdIntensityEdge,2,41.68392048469411,43.351287841796875,1.0400002528004775
c-myc,29,cp_single_object_c-Myc_cytoplasm_Intensity_UpperQuartileIntensity,2,36.92495428668985,50.39655303955078,1.3648372493102037
c-myc,0,cp_single_object_c-Myc_cell_Intensity_IntegratedIntensity,3,1549577.8407104951,1812220.375,1.169492959559283
c-myc,1,cp_single_object_c-Myc_cell_Intensity_IntegratedIntensityEdge,3,21599.97190064465,24816.806640625,1.1489277279978471
c-myc,2,cp_single_object_c-Myc_cell_Intensity_LowerQuartileIntensity,3,17.28709075752483,19.329885482788086,1.1181687973943248
c-myc,3,cp_single_object_c-Myc_cell_Intensity_MADIntensity,3,8.264909152810574,9.222825050354004,1.1159015640501844
c-myc,4,cp_single_object_c-Myc_cell_Intensity_MassDisplacement,3,2.61742326359587,2.423497438430786,0.9259096425624854
c-myc,5,cp_single_object_c-Myc_cell_Intensity_MaxIntensity,3,1043.0958027397166,773.5470581054688,0.7415877391834274
c-myc,6,cp_single_object_c-Myc_cell_Intensity_MaxIntensityEdge,3,328.791927139634,178.40264892578125,0.5426004539643571
c-myc,7,cp_single_object_c-Myc_cell_Intensity_MeanIntensity,3,27.24071567920601,29.2066707611084,1.0721697294980794
c-myc,8,cp_single_object_c-Myc_cell_Intensity_MeanIntensityEdge,3,27.307950391118236,30.716812133789062,1.1248303770091637
c-myc,9,cp_single_object_c-Myc_cell_Intensity_MedianIntensity,3,22.42750637176971,25.306129455566406,1.1283523471615249
c-myc,10,cp_single_object_c-Myc_cell_Intensity_MinIntensity,3,13.17953794505569,14.12198543548584,1.0715083862847945
c-myc,11,cp_single_object_c-Myc_cell_Intensity_MinIntensityEdge,3,13.588522139550705,14.578435897827148,1.072849258227663
c-myc,12,cp_single_object_c-Myc_cell_Intensity_StdIntensity,3,78.62557606069834,46.55161666870117,0.5920670982780932
c-myc,13,cp_single_object_c-Myc_cell_Intensity_StdIntensityEdge,3,38.37374758961283,32.41654968261719,0.8447585059790156
c-myc,14,cp_single_object_c-Myc_cell_Intensity_UpperQuartileIntensity,3,35.641826044589585,38.87961959838867,1.0908425272529094
c-myc,15,cp_single_object_c-Myc_cytoplasm_Intensity_IntegratedIntensity,3,1430087.2336383201,1679062.375,1.1740978700496865
c-myc,16,cp_single_object_c-Myc_cytoplasm_Intensity_IntegratedIntensityEdge,3,35474.014956755374,40341.05078125,1.1372000274123972
c-myc,17,cp_single_object_c-Myc_cytoplasm_Intensity_LowerQuartileIntensity,3,17.830385304623988,19.685949325561523,1.1040675223353882
c-myc,18,cp_single_object_c-Myc_cytoplasm_Intensity_MADIntensity,3,8.816452623816437,9.32048225402832,1.0571692098532144
c-myc,19,cp_single_object_c-Myc_cytoplasm_Intensity_MassDisplacement,3,2.8013801173361492,2.544313907623291,0.9082358698407184
c-myc,20,cp_single_object_c-Myc_cytoplasm_Intensity_MaxIntensity,3,1043.0912555009998,695.8609619140625,0.6671141745693558
c-myc,21,cp_single_object_c-Myc_cytoplasm_Intensity_MaxIntensityEdge,3,343.30688617501204,266.75079345703125,0.7770039116577645
c-myc,22,cp_single_object_c-Myc_cytoplasm_Intensity_MeanIntensity,3,29.073506601581247,30.39987564086914,1.0456212268256542
c-myc,23,cp_single_object_c-Myc_cytoplasm_Intensity_MeanIntensityEdge,3,27.094632552911584,30.370731353759766,1.1209132028068833
c-myc,24,cp_single_object_c-Myc_cytoplasm_Intensity_MedianIntensity,3,23.602674952398008,25.8028507232666,1.093217221154209
c-myc,25,cp_single_object_c-Myc_cytoplasm_Intensity_MinIntensity,3,13.745829189796593,14.520347595214844,1.0563457027381926
c-myc,26,cp_single_object_c-Myc_cytoplasm_Intensity_MinIntensityEdge,3,13.469462436366417,14.575789451599121,1.082135944211531
c-myc,27,cp_single_object_c-Myc_cytoplasm_Intensity_StdIntensity,3,82.30283407321733,46.55031967163086,0.5655980161050017
c-myc,28,cp_single_object_c-Myc_cytoplasm_Intensity_StdIntensityEdge,3,41.68392048469411,39.37207794189453,0.9445387450144364
c-myc,29,cp_single_object_c-Myc_cytoplasm_Intensity_UpperQuartileIntensity,3,36.92495428668985,39.84217834472656,1.0790041345857069
c-myc,0,cp_single_object_c-Myc_cell_Intensity_IntegratedIntensity,4,1549577.8407104951,1820701.375,1.1749660631215482
c-myc,1,cp_single_object_c-Myc_cell_Intensity_IntegratedIntensityEdge,4,21599.97190064465,24499.484375,1.1342368632557718
c-myc,2,cp_single_object_c-Myc_cell_Intensity_LowerQuartileIntensity,4,17.28709075752483,22.296659469604492,1.2897866843152348
c-myc,3,cp_single_object_c-Myc_cell_Intensity_MADIntensity,4,8.264909152810574,9.912789344787598,1.1993827350681336
c-myc,4,cp_single_object_c-Myc_cell_Intensity_MassDisplacement,4,2.61742326359587,2.3792271614074707,0.9089959558695292
c-myc,5,cp_single_object_c-Myc_cell_Intensity_MaxIntensity,4,1043.0958027397166,803.7276611328125,0.7705214219267321
c-myc,6,cp_single_object_c-Myc_cell_Intensity_MaxIntensityEdge,4,328.791927139634,168.12997436523438,0.5113567593581201
c-myc,7,cp_single_object_c-Myc_cell_Intensity_MeanIntensity,4,27.24071567920601,31.88031005859375,1.1703183732037312
c-myc,8,cp_single_object_c-Myc_cell_Intensity_MeanIntensityEdge,4,27.307950391118236,31.743417739868164,1.1624240298236568
c-myc,9,cp_single_object_c-Myc_cell_Intensity_MedianIntensity,4,22.42750637176971,29.07775115966797,1.2965218102119973
c-myc,10,cp_single_object_c-Myc_cell_Intensity_MinIntensity,4,13.17953794505569,15.684733390808105,1.1900821907563337
c-myc,11,cp_single_object_c-Myc_cell_Intensity_MinIntensityEdge,4,13.588522139550705,16.289350509643555,1.1987580652521312
c-myc,12,cp_single_object_c-Myc_cell_Intensity_StdIntensity,4,78.62557606069834,45.91102981567383,0.583919789410902
c-myc,13,cp_single_object_c-Myc_cell_Intensity_StdIntensityEdge,4,38.37374758961283,27.661184310913086,0.7208361457612894
c-myc,14,cp_single_object_c-Myc_cell_Intensity_UpperQuartileIntensity,4,35.641826044589585,42.477012634277344,1.1917743097992965
c-myc,15,cp_single_object_c-Myc_cytoplasm_Intensity_IntegratedIntensity,4,1430087.2336383201,1683252.875,1.17702811087796
c-myc,16,cp_single_object_c-Myc_cytoplasm_Intensity_IntegratedIntensityEdge,4,35474.014956755374,40286.921875,1.135674152590616
c-myc,17,cp_single_object_c-Myc_cytoplasm_Intensity_LowerQuartileIntensity,4,17.830385304623988,22.745296478271484,1.2756480631056752
c-myc,18,cp_single_object_c-Myc_cytoplasm_Intensity_MADIntensity,4,8.816452623816437,9.927498817443848,1.1260196408957126
c-myc,19,cp_single_object_c-Myc_cytoplasm_Intensity_MassDisplacement,4,2.8013801173361492,2.5023345947265625,0.8932506442953014
c-myc,20,cp_single_object_c-Myc_cytoplasm_Intensity_MaxIntensity,4,1043.0912555009998,753.296142578125,0.7221766442824935
c-myc,21,cp_single_object_c-Myc_cytoplasm_Intensity_MaxIntensityEdge,4,343.30688617501204,196.17446899414062,0.5714259657877477
c-myc,22,cp_single_object_c-Myc_cytoplasm_Intensity_MeanIntensity,4,29.073506601581247,32.90623092651367,1.1318287600273154
c-myc,23,cp_single_object_c-Myc_cytoplasm_Intensity_MeanIntensityEdge,4,27.094632552911584,31.56455421447754,1.1649744336940866
c-myc,24,cp_single_object_c-Myc_cytoplasm_Intensity_MedianIntensity,4,23.602674952398008,29.54281997680664,1.2516725344219986
c-myc,25,cp_single_object_c-Myc_cytoplasm_Intensity_MinIntensity,4,13.745829189796593,16.076560974121094,1.1695591988044332
c-myc,26,cp_single_object_c-Myc_cytoplasm_Intensity_MinIntensityEdge,4,13.469462436366417,16.26398468017578,1.2074709556533147
c-myc,27,cp_single_object_c-Myc_cytoplasm_Intensity_StdIntensity,4,82.30283407321733,47.183013916015625,0.5732854092732845
c-myc,28,cp_single_object_c-Myc_cytoplasm_Intensity_StdIntensityEdge,4,41.68392048469411,32.28623580932617,0.7745489251948201
c-myc,29,cp_single_object_c-Myc_cytoplasm_Intensity_UpperQuartileIntensity,4,36.92495428668985,43.054473876953125,1.1659993819538121
er_cona,0,op_cp2_er_cona_intensity_mean_mean,0,34.05382693739743,34.13190460205078,1.0022927721103676
er_cona,1,op_cp2_er_cona_intensity_mean_median,0,37.587125187422465,37.0761604309082,0.9864058569532409
er_cona,2,op_cp2_er_cona_intensity_mean_std,0,13.917809974586332,13.771062850952148,0.989456162722286
er_cona,3,op_cp2_er_cona_intensity_mean_sum,0,3027.1285922084235,3653.335205078125,1.206864886573205
er_cona,4,op_cp2_er_cona_intensity_mean_min,0,27.176335717135984,26.530832290649414,0.9762475915367962
er_cona,5,op_cp2_er_cona_intensity_mean_max,0,53.00334035268831,53.72087097167969,1.0135374603603635
er_cona,6,op_cp2_er_cona_intensity_max_mean,0,45.2962797536753,44.81039810180664,0.9892732547902185
er_cona,7,op_cp2_er_cona_intensity_max_median,0,50.24474679529319,49.27138137817383,0.9806275187118558
er_cona,8,op_cp2_er_cona_intensity_max_std,0,20.66201813448754,19.866836547851562,0.96151481518116
er_cona,9,op_cp2_er_cona_intensity_max_sum,0,3545.7170425466725,4236.7412109375,1.1948898234401995
er_cona,10,op_cp2_er_cona_intensity_max_min,0,33.59342397172903,31.990461349487305,0.9522834402473913
er_cona,11,op_cp2_er_cona_intensity_max_max,0,70.12445051989225,71.77765655517578,1.0235753153575808
er_cona,12,op_cp2_er_cona_intensity_min_mean,0,26.51390593108092,26.58098030090332,1.002529780787363
er_cona,13,op_cp2_er_cona_intensity_min_median,0,27.026841909056376,26.732845306396484,0.9891220511945431
er_cona,14,op_cp2_er_cona_intensity_min_std,0,12.76119675962033,12.638352394104004,0.9903736014865756
er_cona,15,op_cp2_er_cona_intensity_min_sum,0,2645.136480970731,3216.964599609375,1.2161809504925016
er_cona,16,op_cp2_er_cona_intensity_min_min,0,19.195921525588247,19.388046264648438,1.0100086228631477
er_cona,17,op_cp2_er_cona_intensity_min_max,0,49.68924462159626,49.96416091918945,1.005532712354289
er_cona,18,op_cp2_er_cona_intensity_std_mean,0,5.01467352518754,4.8963117599487305,0.9763969150445576
er_cona,19,op_cp2_er_cona_intensity_std_median,0,5.179518663691397,5.079126358032227,0.980617444944658
er_cona,20,op_cp2_er_cona_intensity_std_std,0,4.076280159240307,3.9194412231445312,0.9615240047374454
er_cona,21,op_cp2_er_cona_intensity_std_sum,0,231.23268214944744,259.4474792480469,1.1220190711638418
er_cona,22,op_cp2_er_cona_intensity_std_min,0,3.061440115339572,2.60880184173584,0.8521485782668899
er_cona,23,op_cp2_er_cona_intensity_std_max,0,16.31202160153239,16.39960289001465,1.0053691253372317
er_cona,24,op_cp2_er_cona_intensity_median_mean,0,33.900929653450945,34.01747131347656,1.003437712806609
er_cona,25,op_cp2_er_cona_intensity_median_median,0,37.35944667052061,36.88479232788086,0.987294931136807
er_cona,26,op_cp2_er_cona_intensity_median_std,0,14.053559197714907,13.920027732849121,0.9904983881316344
er_cona,27,op_cp2_er_cona_intensity_median_sum,0,2991.821622490403,3620.71240234375,1.2102033005998052
er_cona,28,op_cp2_er_cona_intensity_median_min,0,26.81123058471422,26.203794479370117,0.9773439677293134
er_cona,29,op_cp2_er_cona_intensity_median_max,0,54.92766954314465,55.71253967285156,1.0142891576546937
er_cona,30,op_cp2_er_cona_intensity_q25_mean,0,31.189661895749303,31.298858642578125,1.0035010558047666
er_cona,31,op_cp2_er_cona_intensity_q25_median,0,33.34882675336084,33.0194091796875,0.9901220640801062
er_cona,32,op_cp2_er_cona_intensity_q25_std,0,13.279357550139482,13.118871688842773,0.9879146366312712
er_cona,33,op_cp2_er_cona_intensity_q25_sum,0,2849.255067843267,3459.223388671875,1.2140799283688986
er_cona,34,op_cp2_er_cona_intensity_q25_min,0,24.72513687374707,24.236568450927734,0.9802400113975469
er_cona,35,op_cp2_er_cona_intensity_q25_max,0,53.506165334003065,53.994544982910156,1.0091275397117037
er_cona,36,op_cp2_er_cona_intensity_q75_mean,0,36.867342613671745,36.945552825927734,1.0021213954332306
er_cona,37,op_cp2_er_cona_intensity_q75_median,0,41.34152554101168,40.77521896362305,0.9863017493917383
er_cona,38,op_cp2_er_cona_intensity_q75_std,0,15.349001637109161,15.130295753479004,0.9857511329530779
er_cona,39,op_cp2_er_cona_intensity_q75_sum,0,3156.6239284759995,3805.6669921875,1.2056130468556814
er_cona,40,op_cp2_er_cona_intensity_q75_min,0,29.00574456186659,28.223182678222656,0.9730204517944782
er_cona,41,op_cp2_er_cona_intensity_q75_max,0,56.28113291606207,56.80162811279297,1.0092481293421576
er_cona,42,op_cp2_er_cona_intensity_iqr_mean,0,7.299832020223003,7.131991863250732,0.9770076686001409
er_cona,43,op_cp2_er_cona_intensity_iqr_median,0,7.209091364261114,7.123867511749268,0.988178280978052
er_cona,44,op_cp2_er_cona_intensity_iqr_std,0,6.822046508418297,6.469979286193848,0.948392726172417
er_cona,45,op_cp2_er_cona_intensity_iqr_sum,0,328.4136862774703,367.8738098144531,1.1201537121800818
er_cona,46,op_cp2_er_cona_intensity_iqr_min,0,3.8734620088907827,3.2844748497009277,0.8479429621775174
er_cona,47,op_cp2_er_cona_intensity_iqr_max,0,29.322950653103252,28.778644561767578,0.98143754024706
er_cona,48,op_cp2_er_cona_intensity_mad_mean,0,3.4876711377791834,3.370532989501953,0.9664136486355135
er_cona,49,op_cp2_er_cona_intensity_mad_median,0,3.420393763973127,3.336172103881836,0.975376618628418
er_cona,50,op_cp2_er_cona_intensity_mad_std,0,3.1693615372362722,3.0237770080566406,0.9540650293539615
er_cona,51,op_cp2_er_cona_intensity_mad_sum,0,153.43245814815424,173.30201721191406,1.1295003632450038
er_cona,52,op_cp2_er_cona_intensity_mad_min,0,1.9393695221782243,1.6524690389633179,0.8520650758228525
er_cona,53,op_cp2_er_cona_intensity_mad_max,0,13.3612074038734,13.461541175842285,1.007509334219286
er_cona,54,op_cp2_er_cona_intensity_integrated_mean,0,31471.324514936437,29054.263671875,0.923197994354693
er_cona,55,op_cp2_er_cona_intensity_integrated_median,0,14042.494393118643,12846.162109375,0.9148062836806337
er_cona,56,op_cp2_er_cona_intensity_integrated_std,0,75837.40332734108,73855.3828125,0.9738648684174223
er_cona,57,op_cp2_er_cona_intensity_integrated_sum,0,525944.8374581326,599040.75,1.1389801882933894
er_cona,58,op_cp2_er_cona_intensity_integrated_min,0,1482.917084708193,1284.590576171875,0.8662592058710117
er_cona,59,op_cp2_er_cona_intensity_integrated_max,0,354282.4265811687,385175.4375,1.0871988238788735
er_cona,60,op_cp2_er_cona_intensity_range_mean,0,22.879978674178382,21.94513511657715,0.9591414148188753
er_cona,61,op_cp2_er_cona_intensity_range_median,0,21.5405532254155,20.948888778686523,0.9725325324499615
er_cona,62,op_cp2_er_cona_intensity_range_std,0,20.46234700428635,19.496862411499023,0.9528165272250988
er_cona,63,op_cp2_er_cona_intensity_range_sum,0,953.1380621512264,1072.964599609375,1.125717922949904
er_cona,64,op_cp2_er_cona_intensity_range_min,0,12.30472898481478,9.831415176391602,0.7989948570606077
er_cona,65,op_cp2_er_cona_intensity_range_max,0,72.95185655829859,76.25665283203125,1.045301057843424
er_cona,66,op_cp2_er_cona_intensity_cv_mean,0,0.014397685765715425,0.014178329147398472,0.9847644529901258
er_cona,67,op_cp2_er_cona_intensity_cv_median,0,0.01646173648967712,0.016009926795959473,0.9725539469058462
er_cona,68,op_cp2_er_cona_intensity_cv_std,0,0.01205104466843285,0.0117832962423563,0.977782139769351
er_cona,69,op_cp2_er_cona_intensity_cv_sum,0,1.300930785266621,1.5119119882583618,1.16217711609346
er_cona,70,op_cp2_er_cona_intensity_cv_min,0,0.013690580383378274,0.012712354771792889,0.9285475426028652
er_cona,71,op_cp2_er_cona_intensity_cv_max,0,0.05425691864387669,0.055693142116069794,1.02647078949728
er_cona,0,op_cp2_er_cona_intensity_mean_mean,1,34.05382693739743,34.130340576171875,1.0022468440599965
er_cona,1,op_cp2_er_cona_intensity_mean_median,1,37.587125187422465,37.072547912597656,0.9863097464288916
er_cona,2,op_cp2_er_cona_intensity_mean_std,1,13.917809974586332,13.83099365234375,0.9937622138539679
er_cona,3,op_cp2_er_cona_intensity_mean_sum,1,3027.1285922084235,3543.122314453125,1.1704564925232532
er_cona,4,op_cp2_er_cona_intensity_mean_min,1,27.176335717135984,26.55683135986328,0.9772042719916035
er_cona,5,op_cp2_er_cona_intensity_mean_max,1,53.00334035268831,53.96147918701172,1.0180769519043116
er_cona,6,op_cp2_er_cona_intensity_max_mean,1,45.2962797536753,44.802268981933594,0.9890937892818533
er_cona,7,op_cp2_er_cona_intensity_max_median,1,50.24474679529319,49.25545120239258,0.9803104671433376
er_cona,8,op_cp2_er_cona_intensity_max_std,1,20.66201813448754,19.9571590423584,0.9658862417242466
er_cona,9,op_cp2_er_cona_intensity_max_sum,1,3545.7170425466725,4114.59375,1.160440526028196
er_cona,10,op_cp2_er_cona_intensity_max_min,1,33.59342397172903,32.042720794677734,0.9538390853413361
er_cona,11,op_cp2_er_cona_intensity_max_max,1,70.12445051989225,72.22949981689453,1.0300187635182274
er_cona,12,op_cp2_er_cona_intensity_min_mean,1,26.51390593108092,26.602001190185547,1.0033226058557203
er_cona,13,op_cp2_er_cona_intensity_min_median,1,27.026841909056376,26.79741859436035,0.9915112792139008
er_cona,14,op_cp2_er_cona_intensity_min_std,1,12.76119675962033,12.631684303283691,0.9898510728440103
er_cona,15,op_cp2_er_cona_intensity_min_sum,1,2645.136480970731,3117.270751953125,1.1784914594687101
er_cona,16,op_cp2_er_cona_intensity_min_min,1,19.195921525588247,19.435375213623047,1.0124741960272972
er_cona,17,op_cp2_er_cona_intensity_min_max,1,49.68924462159626,50.122310638427734,1.0087154880322582
er_cona,18,op_cp2_er_cona_intensity_std_mean,1,5.01467352518754,4.9286789894104,0.9828514188719946
er_cona,19,op_cp2_er_cona_intensity_std_median,1,5.179518663691397,5.133311748504639,0.9910789171374803
er_cona,20,op_cp2_er_cona_intensity_std_std,1,4.076280159240307,3.927795171737671,0.9635734096524148
er_cona,21,op_cp2_er_cona_intensity_std_sum,1,231.23268214944744,253.828369140625,1.097718396816302
er_cona,22,op_cp2_er_cona_intensity_std_min,1,3.061440115339572,2.65088152885437,0.8658936412219637
er_cona,23,op_cp2_er_cona_intensity_std_max,1,16.31202160153239,16.397994995117188,1.0052705541768483
er_cona,24,op_cp2_er_cona_intensity_median_mean,1,33.900929653450945,34.011531829833984,1.003262511604067
er_cona,25,op_cp2_er_cona_intensity_median_median,1,37.35944667052061,36.877803802490234,0.9871078693354838
er_cona,26,op_cp2_er_cona_intensity_median_std,1,14.053559197714907,13.987387657165527,0.9952914745924193
er_cona,27,op_cp2_er_cona_intensity_median_sum,1,2991.821622490403,3506.723876953125,1.1721032599644479
er_cona,28,op_cp2_er_cona_intensity_median_min,1,26.81123058471422,26.223722457885742,0.978087237548752
er_cona,29,op_cp2_er_cona_intensity_median_max,1,54.92766954314465,55.94049835205078,1.0184393187865102
er_cona,30,op_cp2_er_cona_intensity_q25_mean,1,31.189661895749303,31.289337158203125,1.0031957788701584
er_cona,31,op_cp2_er_cona_intensity_q25_median,1,33.34882675336084,33.009376525878906,0.989821224296962
er_cona,32,op_cp2_er_cona_intensity_q25_std,1,13.279357550139482,13.164233207702637,0.9913305789077397
er_cona,33,op_cp2_er_cona_intensity_q25_sum,1,2849.255067843267,3349.10107421875,1.1754304175911634
er_cona,34,op_cp2_er_cona_intensity_q25_min,1,24.72513687374707,24.259456634521484,0.9811657164284482
er_cona,35,op_cp2_er_cona_intensity_q25_max,1,53.506165334003065,54.23181915283203,1.0135620598915882
er_cona,36,op_cp2_er_cona_intensity_q75_mean,1,36.867342613671745,36.95201110839844,1.002296571673579
er_cona,37,op_cp2_er_cona_intensity_q75_median,1,41.34152554101168,40.77436447143555,0.9862810802902401
er_cona,38,op_cp2_er_cona_intensity_q75_std,1,15.349001637109161,15.209686279296875,0.9909234905887647
er_cona,39,op_cp2_er_cona_intensity_q75_sum,1,3156.6239284759995,3687.543701171875,1.1681922790695567
er_cona,40,op_cp2_er_cona_intensity_q75_min,1,29.00574456186659,28.24288558959961,0.9736997279749233
er_cona,41,op_cp2_er_cona_intensity_q75_max,1,56.28113291606207,57.08518600463867,1.0142863699949993
er_cona,42,op_cp2_er_cona_intensity_iqr_mean,1,7.299832020223003,7.184975624084473,0.984265885047719
er_cona,43,op_cp2_er_cona_intensity_iqr_median,1,7.209091364261114,7.209339618682861,1.0000344362984466
er_cona,44,op_cp2_er_cona_intensity_iqr_std,1,6.822046508418297,6.515628337860107,0.9550841275883895
er_cona,45,op_cp2_er_cona_intensity_iqr_sum,1,328.4136862774703,360.1347961425781,1.0965888791805933
er_cona,46,op_cp2_er_cona_intensity_iqr_min,1,3.8734620088907827,3.3331782817840576,0.8605165802926147
er_cona,47,op_cp2_er_cona_intensity_iqr_max,1,29.322950653103252,28.88488006591797,0.9850604875216089
er_cona,48,op_cp2_er_cona_intensity_mad_mean,1,3.4876711377791834,3.402376413345337,0.9755439314475737
er_cona,49,op_cp2_er_cona_intensity_mad_median,1,3.420393763973127,3.369946241378784,0.9852509605397762
er_cona,50,op_cp2_er_cona_intensity_mad_std,1,3.1693615372362722,3.0618696212768555,0.9660840473084206
er_cona,51,op_cp2_er_cona_intensity_mad_sum,1,153.43245814815424,169.47801208496094,1.1045773112838557
er_cona,52,op_cp2_er_cona_intensity_mad_min,1,1.9393695221782243,1.6709814071655273,0.8616106358569284
er_cona,53,op_cp2_er_cona_intensity_mad_max,1,13.3612074038734,13.574898719787598,1.0159934135781956
er_cona,54,op_cp2_er_cona_intensity_integrated_mean,1,31471.324514936437,28698.015625,0.9118782277936789
er_cona,55,op_cp2_er_cona_intensity_integrated_median,1,14042.494393118643,12063.3330078125,0.8590591293897182
er_cona,56,op_cp2_er_cona_intensity_integrated_std,1,75837.40332734108,74068.8828125,0.9766801019385182
er_cona,57,op_cp2_er_cona_intensity_integrated_sum,1,525944.8374581326,593714.5,1.1288531756854865
er_cona,58,op_cp2_er_cona_intensity_integrated_min,1,1482.917084708193,1293.1124267578125,0.8720058862982686
er_cona,59,op_cp2_er_cona_intensity_integrated_max,1,354282.4265811687,388043.15625,1.0952932664332884
er_cona,60,op_cp2_er_cona_intensity_range_mean,1,22.879978674178382,21.99721336364746,0.9614175641025757
er_cona,61,op_cp2_er_cona_intensity_range_median,1,21.5405532254155,21.05773162841797,0.9775854597630363
er_cona,62,op_cp2_er_cona_intensity_range_std,1,20.46234700428635,19.436744689941406,0.9498785591833573
er_cona,63,op_cp2_er_cona_intensity_range_sum,1,953.1380621512264,1051.7327880859375,1.103442229252899
er_cona,64,op_cp2_er_cona_intensity_range_min,1,12.30472898481478,10.023920059204102,0.8146396455846028
er_cona,65,op_cp2_er_cona_intensity_range_max,1,72.95185655829859,76.7690658569336,1.0523250466639533
er_cona,66,op_cp2_er_cona_intensity_cv_mean,1,0.014397685765715425,0.014215407893061638,0.9873397797660067
er_cona,67,op_cp2_er_cona_intensity_cv_median,1,0.01646173648967712,0.016079571098089218,0.9767846246459144
er_cona,68,op_cp2_er_cona_intensity_cv_std,1,0.01205104466843285,0.011779830791056156,0.9774945753800809
er_cona,69,op_cp2_er_cona_intensity_cv_sum,1,1.300930785266621,1.4730194807052612,1.132281207722647
er_cona,70,op_cp2_er_cona_intensity_cv_min,1,0.013690580383378274,0.012761934660375118,0.9321690025551711
er_cona,71,op_cp2_er_cona_intensity_cv_max,1,0.05425691864387669,0.05565556138753891,1.0257781455088228
er_cona,0,op_cp2_er_cona_intensity_mean_mean,2,34.05382693739743,34.25579833984375,1.0059309458175614
er_cona,1,op_cp2_er_cona_intensity_mean_median,2,37.587125187422465,37.261375427246094,0.9913334749983652
er_cona,2,op_cp2_er_cona_intensity_mean_std,2,13.917809974586332,13.727733612060547,0.9863429402418297
er_cona,3,op_cp2_er_cona_intensity_mean_sum,2,3027.1285922084235,3543.575439453125,1.1706061805811596
er_cona,4,op_cp2_er_cona_intensity_mean_min,2,27.176335717135984,26.774255752563477,0.985204776362879
er_cona,5,op_cp2_er_cona_intensity_mean_max,2,53.00334035268831,53.66046905517578,1.0123978733814678
er_cona,6,op_cp2_er_cona_intensity_max_mean,2,45.2962797536753,44.8460693359375,0.9900607639261749
er_cona,7,op_cp2_er_cona_intensity_max_median,2,50.24474679529319,49.35481262207031,0.9822880155641217
er_cona,8,op_cp2_er_cona_intensity_max_std,2,20.66201813448754,19.94017791748047,0.9650643895330715
er_cona,9,op_cp2_er_cona_intensity_max_sum,2,3545.7170425466725,4114.79931640625,1.1604985020042209
er_cona,10,op_cp2_er_cona_intensity_max_min,2,33.59342397172903,32.217838287353516,0.9590519357141696
er_cona,11,op_cp2_er_cona_intensity_max_max,2,70.12445051989225,72.39186096191406,1.0323340921064132
er_cona,12,op_cp2_er_cona_intensity_min_mean,2,26.51390593108092,26.732450485229492,1.0082426389652528
er_cona,13,op_cp2_er_cona_intensity_min_median,2,27.026841909056376,26.984375,0.9984287136026002
er_cona,14,op_cp2_er_cona_intensity_min_std,2,12.76119675962033,12.530259132385254,0.9819031371755178
er_cona,15,op_cp2_er_cona_intensity_min_sum,2,2645.136480970731,3117.677490234375,1.1786452278221302
er_cona,16,op_cp2_er_cona_intensity_min_min,2,19.195921525588247,19.58201789855957,1.0201134586040401
er_cona,17,op_cp2_er_cona_intensity_min_max,2,49.68924462159626,49.80442810058594,1.002318076675684
er_cona,18,op_cp2_er_cona_intensity_std_mean,2,5.01467352518754,4.905439853668213,0.9782171918130519
er_cona,19,op_cp2_er_cona_intensity_std_median,2,5.179518663691397,5.113307476043701,0.9872167295946169
er_cona,20,op_cp2_er_cona_intensity_std_std,2,4.076280159240307,3.9268417358398438,0.9633395111320529
er_cona,21,op_cp2_er_cona_intensity_std_sum,2,231.23268214944744,253.6185302734375,1.0968109175394243
er_cona,22,op_cp2_er_cona_intensity_std_min,2,3.061440115339572,2.646367311477661,0.8644191007421123
er_cona,23,op_cp2_er_cona_intensity_std_max,2,16.31202160153239,16.44510269165039,1.0081584670109498
er_cona,24,op_cp2_er_cona_intensity_median_mean,2,33.900929653450945,34.14339828491211,1.007152270865129
er_cona,25,op_cp2_er_cona_intensity_median_median,2,37.35944667052061,37.08489227294922,0.9926510047112652
er_cona,26,op_cp2_er_cona_intensity_median_std,2,14.053559197714907,13.874768257141113,0.9872778889633265
er_cona,27,op_cp2_er_cona_intensity_median_sum,2,2991.821622490403,3506.81005859375,1.1721320657060659
er_cona,28,op_cp2_er_cona_intensity_median_min,2,26.81123058471422,26.42732810974121,0.9856812810676477
er_cona,29,op_cp2_er_cona_intensity_median_max,2,54.92766954314465,55.637977600097656,1.0129316984110361
er_cona,30,op_cp2_er_cona_intensity_q25_mean,2,31.189661895749303,31.432716369628906,1.0077927896330523
er_cona,31,op_cp2_er_cona_intensity_q25_median,2,33.34882675336084,33.24308395385742,0.9968291898157179
er_cona,32,op_cp2_er_cona_intensity_q25_std,2,13.279357550139482,13.062272071838379,0.983652411083786
er_cona,33,op_cp2_er_cona_intensity_q25_sum,2,2849.255067843267,3349.355712890625,1.1755197878531483
er_cona,34,op_cp2_er_cona_intensity_q25_min,2,24.72513687374707,24.476858139038086,0.9899584485223779
er_cona,35,op_cp2_er_cona_intensity_q25_max,2,53.506165334003065,53.911869049072266,1.0075823732187994
er_cona,36,op_cp2_er_cona_intensity_q75_mean,2,36.867342613671745,37.06937789916992,1.0054800609747028
er_cona,37,op_cp2_er_cona_intensity_q75_median,2,41.34152554101168,40.951026916503906,0.9905543247522304
er_cona,38,op_cp2_er_cona_intensity_q75_std,2,15.349001637109161,15.111001968383789,0.9844941270870698
er_cona,39,op_cp2_er_cona_intensity_q75_sum,2,3156.6239284759995,3687.277587890625,1.1681079759383382
er_cona,40,op_cp2_er_cona_intensity_q75_min,2,29.00574456186659,28.46107292175293,0.9812219390213575
er_cona,41,op_cp2_er_cona_intensity_q75_max,2,56.28113291606207,56.93126678466797,1.0115515419630148
er_cona,42,op_cp2_er_cona_intensity_iqr_mean,2,7.299832020223003,7.1530046463012695,0.9798861982693613
er_cona,43,op_cp2_er_cona_intensity_iqr_median,2,7.209091364261114,7.1540751457214355,0.9923684947575474
er_cona,44,op_cp2_er_cona_intensity_iqr_std,2,6.822046508418297,6.523946285247803,0.9563034020945704
er_cona,45,op_cp2_er_cona_intensity_iqr_sum,2,328.4136862774703,359.6425476074219,1.0950900118808293
er_cona,46,op_cp2_er_cona_intensity_iqr_min,2,3.8734620088907827,3.350099563598633,0.8648850965645531
er_cona,47,op_cp2_er_cona_intensity_iqr_max,2,29.322950653103252,28.966875076293945,0.9878567617215008
er_cona,48,op_cp2_er_cona_intensity_mad_mean,2,3.4876711377791834,3.3861844539642334,0.9709013035330009
er_cona,49,op_cp2_er_cona_intensity_mad_median,2,3.420393763973127,3.345996379852295,0.9782488832413224
er_cona,50,op_cp2_er_cona_intensity_mad_std,2,3.1693615372362722,3.058767795562744,0.9651053562762778
er_cona,51,op_cp2_er_cona_intensity_mad_sum,2,153.43245814815424,169.25035095214844,1.1030935239838264
er_cona,52,op_cp2_er_cona_intensity_mad_min,2,1.9393695221782243,1.6697748899459839,0.8609885175830534
er_cona,53,op_cp2_er_cona_intensity_mad_max,2,13.3612074038734,13.553680419921875,1.0144053609999855
er_cona,54,op_cp2_er_cona_intensity_integrated_mean,2,31471.324514936437,28947.83203125,0.9198161334935625
er_cona,55,op_cp2_er_cona_intensity_integrated_median,2,14042.494393118643,12015.8662109375,0.8556789039435709
er_cona,56,op_cp2_er_cona_intensity_integrated_std,2,75837.40332734108,74348.875,0.9803721084579325
er_cona,57,op_cp2_er_cona_intensity_integrated_sum,2,525944.8374581326,592970.1875,1.1274379844962408
er_cona,58,op_cp2_er_cona_intensity_integrated_min,2,1482.917084708193,1264.8819580078125,0.8529687674727375
er_cona,59,op_cp2_er_cona_intensity_integrated_max,2,354282.4265811687,385815.34375,1.0890050276360712
er_cona,60,op_cp2_er_cona_intensity_range_mean,2,22.879978674178382,21.870882034301758,0.9558960847714663
er_cona,61,op_cp2_er_cona_intensity_range_median,2,21.5405532254155,20.96331214904785,0.9732021239042938
er_cona,62,op_cp2_er_cona_intensity_range_std,2,20.46234700428635,19.444015502929688,0.9502338856269348
er_cona,63,op_cp2_er_cona_intensity_range_sum,2,953.1380621512264,1051.3707275390625,1.1030623676554534
er_cona,64,op_cp2_er_cona_intensity_range_min,2,12.30472898481478,9.902324676513672,0.8047576414510302
er_cona,65,op_cp2_er_cona_intensity_range_max,2,72.95185655829859,76.93498992919922,1.0545994791471491
er_cona,66,op_cp2_er_cona_intensity_cv_mean,2,0.014397685765715425,0.014169120229780674,0.9841248420298889
er_cona,67,op_cp2_er_cona_intensity_cv_median,2,0.01646173648967712,0.016038447618484497,0.974286499394638
er_cona,68,op_cp2_er_cona_intensity_cv_std,2,0.01205104466843285,0.01182987354695797,0.9816471411765465
er_cona,69,op_cp2_er_cona_intensity_cv_sum,2,1.300930785266621,1.473475456237793,1.1326317071786487
er_cona,70,op_cp2_er_cona_intensity_cv_min,2,0.013690580383378274,0.012743744999170303,0.9308403765440417
er_cona,71,op_cp2_er_cona_intensity_cv_max,2,0.05425691864387669,0.055829185992479324,1.0289781909459776
er_cona,0,op_cp2_er_cona_intensity_mean_mean,3,34.05382693739743,34.156856536865234,1.0030254925432376
er_cona,1,op_cp2_er_cona_intensity_mean_median,3,37.587125187422465,37.08081817626953,0.986529775591288
er_cona,2,op_cp2_er_cona_intensity_mean_std,3,13.917809974586332,13.636021614074707,0.9797533979105789
er_cona,3,op_cp2_er_cona_intensity_mean_sum,3,3027.1285922084235,3540.509521484375,1.1695933666634946
er_cona,4,op_cp2_er_cona_intensity_mean_min,3,27.176335717135984,26.72468376159668,0.9833806897206339
er_cona,5,op_cp2_er_cona_intensity_mean_max,3,53.00334035268831,53.428279876708984,1.0080172215787362
er_cona,6,op_cp2_er_cona_intensity_max_mean,3,45.2962797536753,44.70710372924805,0.9869928385370446
er_cona,7,op_cp2_er_cona_intensity_max_median,3,50.24474679529319,49.16155242919922,0.9784416394711448
er_cona,8,op_cp2_er_cona_intensity_max_std,3,20.66201813448754,19.676185607910156,0.9522876942532587
er_cona,9,op_cp2_er_cona_intensity_max_sum,3,3545.7170425466725,4109.783203125,1.1590838055631176
er_cona,10,op_cp2_er_cona_intensity_max_min,3,33.59342397172903,32.17110824584961,0.9576608884204126
er_cona,11,op_cp2_er_cona_intensity_max_max,3,70.12445051989225,72.23532104492188,1.0301017763330755
er_cona,12,op_cp2_er_cona_intensity_min_mean,3,26.51390593108092,26.630281448364258,1.0043892256986142
er_cona,13,op_cp2_er_cona_intensity_min_median,3,27.026841909056376,26.833269119262695,0.9928377577208228
er_cona,14,op_cp2_er_cona_intensity_min_std,3,12.76119675962033,12.473828315734863,0.9774810741266232
er_cona,15,op_cp2_er_cona_intensity_min_sum,3,2645.136480970731,3115.52587890625,1.1778318061542488
er_cona,16,op_cp2_er_cona_intensity_min_min,3,19.195921525588247,19.560853958129883,1.019010935841511
er_cona,17,op_cp2_er_cona_intensity_min_max,3,49.68924462159626,49.44876480102539,0.9951603244846602
er_cona,18,op_cp2_er_cona_intensity_std_mean,3,5.01467352518754,4.886514186859131,0.9744431341971328
er_cona,19,op_cp2_er_cona_intensity_std_median,3,5.179518663691397,5.079687118530273,0.9807257099272668
er_cona,20,op_cp2_er_cona_intensity_std_std,3,4.076280159240307,3.882763624191284,0.9525261936154339
er_cona,21,op_cp2_er_cona_intensity_std_sum,3,231.23268214944744,253.26161193847656,1.0952673713086616
er_cona,22,op_cp2_er_cona_intensity_std_min,3,3.061440115339572,2.652219772338867,0.8663307699698989
er_cona,23,op_cp2_er_cona_intensity_std_max,3,16.31202160153239,16.489032745361328,1.010851576104602
er_cona,24,op_cp2_er_cona_intensity_median_mean,3,33.900929653450945,34.04056930541992,1.0041190508164948
er_cona,25,op_cp2_er_cona_intensity_median_median,3,37.35944667052061,36.90277862548828,0.9877763702160858
er_cona,26,op_cp2_er_cona_intensity_median_std,3,14.053559197714907,13.783587455749512,0.9807897957971179
er_cona,27,op_cp2_er_cona_intensity_median_sum,3,2991.821622490403,3506.734375,1.172106768879149
er_cona,28,op_cp2_er_cona_intensity_median_min,3,26.81123058471422,26.372493743896484,0.9836360796856571
er_cona,29,op_cp2_er_cona_intensity_median_max,3,54.92766954314465,55.43110656738281,1.0091654539219568
er_cona,30,op_cp2_er_cona_intensity_q25_mean,3,31.189661895749303,31.335548400878906,1.0046773993773073
er_cona,31,op_cp2_er_cona_intensity_q25_median,3,33.34882675336084,33.096065521240234,0.9924206859212781
er_cona,32,op_cp2_er_cona_intensity_q25_std,3,13.279357550139482,12.9942045211792,0.9785265945371516
er_cona,33,op_cp2_er_cona_intensity_q25_sum,3,2849.255067843267,3349.473388671875,1.175561088396079
er_cona,34,op_cp2_er_cona_intensity_q25_min,3,24.72513687374707,24.446495056152344,0.9887304236568015
er_cona,35,op_cp2_er_cona_intensity_q25_max,3,53.506165334003065,53.675968170166016,1.0031735190721105
er_cona,36,op_cp2_er_cona_intensity_q75_mean,3,36.867342613671745,36.97426986694336,1.0029003243979935
er_cona,37,op_cp2_er_cona_intensity_q75_median,3,41.34152554101168,40.76913833618164,0.9861546665891123
er_cona,38,op_cp2_er_cona_intensity_q75_std,3,15.349001637109161,15.003430366516113,0.9774857493169091
er_cona,39,op_cp2_er_cona_intensity_q75_sum,3,3156.6239284759995,3686.523681640625,1.1678691428473262
er_cona,40,op_cp2_er_cona_intensity_q75_min,3,29.00574456186659,28.431291580200195,0.9801951995943032
er_cona,41,op_cp2_er_cona_intensity_q75_max,3,56.28113291606207,56.720916748046875,1.0078140543588683
er_cona,42,op_cp2_er_cona_intensity_iqr_mean,3,7.299832020223003,7.131537437438965,0.976945417056474
er_cona,43,op_cp2_er_cona_intensity_iqr_median,3,7.209091364261114,7.1060686111450195,0.985709328969414
er_cona,44,op_cp2_er_cona_intensity_iqr_std,3,6.822046508418297,6.462831497192383,0.9473449776716344
er_cona,45,op_cp2_er_cona_intensity_iqr_sum,3,328.4136862774703,358.8995361328125,1.092827586453219
er_cona,46,op_cp2_er_cona_intensity_iqr_min,3,3.8734620088907827,3.3660876750946045,0.8690126990708574
er_cona,47,op_cp2_er_cona_intensity_iqr_max,3,29.322950653103252,28.994762420654297,0.9888078032687947
er_cona,48,op_cp2_er_cona_intensity_mad_mean,3,3.4876711377791834,3.366995096206665,0.965399248723502
er_cona,49,op_cp2_er_cona_intensity_mad_median,3,3.420393763973127,3.3198306560516357,0.9705989675865045
er_cona,50,op_cp2_er_cona_intensity_mad_std,3,3.1693615372362722,3.0241804122924805,0.9541923118463816
er_cona,51,op_cp2_er_cona_intensity_mad_sum,3,153.43245814815424,168.97421264648438,1.1012937854604599
er_cona,52,op_cp2_er_cona_intensity_mad_min,3,1.9393695221782243,1.671221137046814,0.861734248133261
er_cona,53,op_cp2_er_cona_intensity_mad_max,3,13.3612074038734,13.570579528808594,1.015670150055039
er_cona,54,op_cp2_er_cona_intensity_integrated_mean,3,31471.324514936437,28799.21875,0.9150939527928593
er_cona,55,op_cp2_er_cona_intensity_integrated_median,3,14042.494393118643,11952.4296875,0.8511614356319164
er_cona,56,op_cp2_er_cona_intensity_integrated_std,3,75837.40332734108,74104.5546875,0.977150475045124
er_cona,57,op_cp2_er_cona_intensity_integrated_sum,3,525944.8374581326,590773.375,1.1232610968389398
er_cona,58,op_cp2_er_cona_intensity_integrated_min,3,1482.917084708193,1294.1392822265625,0.8726983427271134
er_cona,59,op_cp2_er_cona_intensity_integrated_max,3,354282.4265811687,382865.90625,1.080679925179079
er_cona,60,op_cp2_er_cona_intensity_range_mean,3,22.879978674178382,21.750980377197266,0.9506556228456948
er_cona,61,op_cp2_er_cona_intensity_range_median,3,21.5405532254155,20.856840133666992,0.9682592603544741
er_cona,62,op_cp2_er_cona_intensity_range_std,3,20.46234700428635,19.187835693359375,0.9377143144596269
er_cona,63,op_cp2_er_cona_intensity_range_sum,3,953.1380621512264,1048.6861572265625,1.1002458078944877
er_cona,64,op_cp2_er_cona_intensity_range_min,3,12.30472898481478,9.865816116333008,0.8017906065634095
er_cona,65,op_cp2_er_cona_intensity_range_max,3,72.95185655829859,76.88130187988281,1.0538635410662107
er_cona,66,op_cp2_er_cona_intensity_cv_mean,3,0.014397685765715425,0.014100694097578526,0.9793722635033393
er_cona,67,op_cp2_er_cona_intensity_cv_median,3,0.01646173648967712,0.01595081202685833,0.9689629060008839
er_cona,68,op_cp2_er_cona_intensity_cv_std,3,0.01205104466843285,0.011711755767464638,0.9718456855564594
er_cona,69,op_cp2_er_cona_intensity_cv_sum,3,1.300930785266621,1.4728490114212036,1.132150171324717
er_cona,70,op_cp2_er_cona_intensity_cv_min,3,0.013690580383378274,0.012734021991491318,0.9301301796490444
er_cona,71,op_cp2_er_cona_intensity_cv_max,3,0.05425691864387669,0.055772896856069565,1.0279407354874541
er_cona,0,op_cp2_er_cona_intensity_mean_mean,4,34.05382693739743,34.18059539794922,1.0037225907321614
er_cona,1,op_cp2_er_cona_intensity_mean_median,4,37.587125187422465,37.09066390991211,0.986791719903163
er_cona,2,op_cp2_er_cona_intensity_mean_std,4,13.917809974586332,13.64255142211914,0.9802225671301873
er_cona,3,op_cp2_er_cona_intensity_mean_sum,4,3027.1285922084235,3592.902099609375,1.1869010483588986
er_cona,4,op_cp2_er_cona_intensity_mean_min,4,27.176335717135984,26.7020206451416,0.9825467613834596
er_cona,5,op_cp2_er_cona_intensity_mean_max,4,53.00334035268831,53.35504913330078,1.0066355965166
er_cona,6,op_cp2_er_cona_intensity_max_mean,4,45.2962797536753,44.84071350097656,0.9899425238634134
er_cona,7,op_cp2_er_cona_intensity_max_median,4,50.24474679529319,49.28422546386719,0.9808831491312047
er_cona,8,op_cp2_er_cona_intensity_max_std,4,20.66201813448754,19.693090438842773,0.9531058539713746
er_cona,9,op_cp2_er_cona_intensity_max_sum,4,3545.7170425466725,4167.60400390625,1.1753910292043253
er_cona,10,op_cp2_er_cona_intensity_max_min,4,33.59342397172903,32.1918830871582,0.9582793083030086
er_cona,11,op_cp2_er_cona_intensity_max_max,4,70.12445051989225,71.84193420410156,1.0244919378544308
er_cona,12,op_cp2_er_cona_intensity_min_mean,4,26.51390593108092,26.634761810302734,1.0045582072869974
er_cona,13,op_cp2_er_cona_intensity_min_median,4,27.026841909056376,26.790159225463867,0.9912426807250018
er_cona,14,op_cp2_er_cona_intensity_min_std,4,12.76119675962033,12.509537696838379,0.9802793525150977
er_cona,15,op_cp2_er_cona_intensity_min_sum,4,2645.136480970731,3163.63671875,1.1960202210772073
er_cona,16,op_cp2_er_cona_intensity_min_min,4,19.195921525588247,19.512420654296875,1.0164878319744501
er_cona,17,op_cp2_er_cona_intensity_min_max,4,49.68924462159626,49.51038360595703,0.996400407834707
er_cona,18,op_cp2_er_cona_intensity_std_mean,4,5.01467352518754,4.879002094268799,0.9729451119325525
er_cona,19,op_cp2_er_cona_intensity_std_median,4,5.179518663691397,5.072793960571289,0.9793948607873061
er_cona,20,op_cp2_er_cona_intensity_std_std,4,4.076280159240307,3.8914074897766113,0.9546467214613261
er_cona,21,op_cp2_er_cona_intensity_std_sum,4,231.23268214944744,255.82666015625,1.1063603024372968
er_cona,22,op_cp2_er_cona_intensity_std_min,4,3.061440115339572,2.6395397186279297,0.862188910833931
er_cona,23,op_cp2_er_cona_intensity_std_max,4,16.31202160153239,16.417404174804688,1.0064604238424009
er_cona,24,op_cp2_er_cona_intensity_median_mean,4,33.900929653450945,34.05781555175781,1.0046277756955522
er_cona,25,op_cp2_er_cona_intensity_median_median,4,37.35944667052061,36.90189743041992,0.9877527832749801
er_cona,26,op_cp2_er_cona_intensity_median_std,4,14.053559197714907,13.786922454833984,0.981027102164676
er_cona,27,op_cp2_er_cona_intensity_median_sum,4,2991.821622490403,3559.786376953125,1.1898391101238002
er_cona,28,op_cp2_er_cona_intensity_median_min,4,26.81123058471422,26.37131118774414,0.9835919729390978
er_cona,29,op_cp2_er_cona_intensity_median_max,4,54.92766954314465,55.371219635009766,1.0080751667703054
er_cona,30,op_cp2_er_cona_intensity_q25_mean,4,31.189661895749303,31.356962203979492,1.0053639667140153
er_cona,31,op_cp2_er_cona_intensity_q25_median,4,33.34882675336084,33.08190155029297,0.9919959642046187
er_cona,32,op_cp2_er_cona_intensity_q25_std,4,13.279357550139482,12.988749504089355,0.9781158053051239
er_cona,33,op_cp2_er_cona_intensity_q25_sum,4,2849.255067843267,3400.7001953125,1.193540105865863
er_cona,34,op_cp2_er_cona_intensity_q25_min,4,24.72513687374707,24.39737319946289,0.9867437063763156
er_cona,35,op_cp2_er_cona_intensity_q25_max,4,53.506165334003065,53.609561920166016,1.001932423778036
er_cona,36,op_cp2_er_cona_intensity_q75_mean,4,36.867342613671745,36.99612808227539,1.0034932126774954
er_cona,37,op_cp2_er_cona_intensity_q75_median,4,41.34152554101168,40.80782699584961,0.9870904970685558
er_cona,38,op_cp2_er_cona_intensity_q75_std,4,15.349001637109161,15.009763717651367,0.9778983723190425
er_cona,39,op_cp2_er_cona_intensity_q75_sum,4,3156.6239284759995,3741.619384765625,1.185323139387104
er_cona,40,op_cp2_er_cona_intensity_q75_min,4,29.00574456186659,28.421968460083008,0.9798737763639047
er_cona,41,op_cp2_er_cona_intensity_q75_max,4,56.28113291606207,56.571041107177734,1.0051510724126331
er_cona,42,op_cp2_er_cona_intensity_iqr_mean,4,7.299832020223003,7.105031967163086,0.9733144471653244
er_cona,43,op_cp2_er_cona_intensity_iqr_median,4,7.209091364261114,7.086371898651123,0.9829771243823641
er_cona,44,op_cp2_er_cona_intensity_iqr_std,4,6.822046508418297,6.4520440101623535,0.9457637092037754
er_cona,45,op_cp2_er_cona_intensity_iqr_sum,4,328.4136862774703,362.75030517578125,1.1045529474959233
er_cona,46,op_cp2_er_cona_intensity_iqr_min,4,3.8734620088907827,3.3413498401641846,0.8626262068647537
er_cona,47,op_cp2_er_cona_intensity_iqr_max,4,29.322950653103252,28.815898895263672,0.9827080240376178
er_cona,48,op_cp2_er_cona_intensity_mad_mean,4,3.4876711377791834,3.3513295650482178,0.9609075605626674
er_cona,49,op_cp2_er_cona_intensity_mad_median,4,3.420393763973127,3.3124167919158936,0.9684314206175467
er_cona,50,op_cp2_er_cona_intensity_mad_std,4,3.1693615372362722,3.014209032058716,0.951046132366189
er_cona,51,op_cp2_er_cona_intensity_mad_sum,4,153.43245814815424,170.8828125,1.1137331341911743
er_cona,52,op_cp2_er_cona_intensity_mad_min,4,1.9393695221782243,1.6671407222747803,0.8596302577769257
er_cona,53,op_cp2_er_cona_intensity_mad_max,4,13.3612074038734,13.466533660888672,1.0078829894508439
er_cona,54,op_cp2_er_cona_intensity_integrated_mean,4,31471.324514936437,29151.48046875,0.9262870539469851
er_cona,55,op_cp2_er_cona_intensity_integrated_median,4,14042.494393118643,12939.35546875,0.9214428082727794
er_cona,56,op_cp2_er_cona_intensity_integrated_std,4,75837.40332734108,74445.5703125,0.9816471430484845
er_cona,57,op_cp2_er_cona_intensity_integrated_sum,4,525944.8374581326,598345.0,1.1376573309318407
er_cona,58,op_cp2_er_cona_intensity_integrated_min,4,1482.917084708193,1287.557373046875,0.8682598550681877
er_cona,59,op_cp2_er_cona_intensity_integrated_max,4,354282.4265811687,385493.5,1.0880965892664185
er_cona,60,op_cp2_er_cona_intensity_range_mean,4,22.879978674178382,21.851228713989258,0.9550371101809575
er_cona,61,op_cp2_er_cona_intensity_range_median,4,21.5405532254155,20.96980094909668,0.9735033603665576
er_cona,62,op_cp2_er_cona_intensity_range_std,4,20.46234700428635,19.336624145507812,0.944985643213717
er_cona,63,op_cp2_er_cona_intensity_range_sum,4,953.1380621512264,1057.9608154296875,1.1099764634746374
er_cona,64,op_cp2_er_cona_intensity_range_min,4,12.30472898481478,9.872883796691895,0.8023649938877958
er_cona,65,op_cp2_er_cona_intensity_range_max,4,72.95185655829859,76.31273651123047,1.0460698344290398
er_cona,66,op_cp2_er_cona_intensity_cv_mean,4,0.014397685765715425,0.014099057763814926,0.9792586109490173
er_cona,67,op_cp2_er_cona_intensity_cv_median,4,0.01646173648967712,0.015975117683410645,0.9704394000856699
er_cona,68,op_cp2_er_cona_intensity_cv_std,4,0.01205104466843285,0.01171469409018755,0.9720895086277164
er_cona,69,op_cp2_er_cona_intensity_cv_sum,4,1.300930785266621,1.4896124601364136,1.145035905835008
er_cona,70,op_cp2_er_cona_intensity_cv_min,4,0.013690580383378274,0.012777240015566349,0.9332869504260892
er_cona,71,op_cp2_er_cona_intensity_cv_max,4,0.05425691864387669,0.05568602681159973,1.0263396485359444
microtubules_tubulin,0,op_cp2_microtubules_tubulin_intensity_mean_mean,0,32.84626366327701,32.7284049987793,0.9964118090962815
microtubules_tubulin,1,op_cp2_microtubules_tubulin_intensity_mean_median,0,37.88983807706511,37.73017120361328,0.9957860238640484
microtubules_tubulin,2,op_cp2_microtubules_tubulin_intensity_mean_std,0,11.902003861214855,11.807639122009277,0.9920715250720861
microtubules_tubulin,3,op_cp2_microtubules_tubulin_intensity_mean_sum,0,6338.555025047643,7728.29541015625,1.2192519240768382
microtubules_tubulin,4,op_cp2_microtubules_tubulin_intensity_mean_min,0,23.584675596709534,23.38688850402832,0.9916137454649235
microtubules_tubulin,5,op_cp2_microtubules_tubulin_intensity_mean_max,0,53.864574163184805,53.41322708129883,0.9916207063938053
microtubules_tubulin,6,op_cp2_microtubules_tubulin_intensity_max_mean,0,38.91186653216102,38.604732513427734,0.9921069317381772
microtubules_tubulin,7,op_cp2_microtubules_tubulin_intensity_max_median,0,45.201563496618675,44.78285598754883,0.9907368799510404
microtubules_tubulin,8,op_cp2_microtubules_tubulin_intensity_max_std,0,15.558167481537085,15.443490982055664,0.9926291769504662
microtubules_tubulin,9,op_cp2_microtubules_tubulin_intensity_max_sum,0,7105.111401735248,8587.41796875,1.208625380124615
microtubules_tubulin,10,op_cp2_microtubules_tubulin_intensity_max_min,0,26.23940306110792,25.987529754638672,0.9904009513523355
microtubules_tubulin,11,op_cp2_microtubules_tubulin_intensity_max_max,0,71.31588051230808,72.99266815185547,1.0235121213886995
microtubules_tubulin,12,op_cp2_microtubules_tubulin_intensity_min_mean,0,28.0410131300177,27.999961853027344,0.9985360273254033
microtubules_tubulin,13,op_cp2_microtubules_tubulin_intensity_min_median,0,30.982220968401855,30.94129180908203,0.9986789468914586
microtubules_tubulin,14,op_cp2_microtubules_tubulin_intensity_min_std,0,10.466942275583955,10.322793006896973,0.9862281395185262
microtubules_tubulin,15,op_cp2_microtubules_tubulin_intensity_min_sum,0,5728.201856305363,7031.3955078125,1.2275048408206208
microtubules_tubulin,16,op_cp2_microtubules_tubulin_intensity_min_min,0,18.979491257532956,19.019790649414062,1.0021233125448035
microtubules_tubulin,17,op_cp2_microtubules_tubulin_intensity_min_max,0,50.076698806182165,49.016334533691406,0.9788251961936466
microtubules_tubulin,18,op_cp2_microtubules_tubulin_intensity_std_mean,0,3.3784616962734164,3.259899854660034,0.9649065603602489
microtubules_tubulin,19,op_cp2_microtubules_tubulin_intensity_std_median,0,3.215041424010986,3.1034889221191406,0.9653029348055254
microtubules_tubulin,20,op_cp2_microtubules_tubulin_intensity_std_std,0,3.0106915093660866,2.951453685760498,0.9803241802020223
microtubules_tubulin,21,op_cp2_microtubules_tubulin_intensity_std_sum,0,385.0871158093803,431.2841796875,1.119965228597748
microtubules_tubulin,22,op_cp2_microtubules_tubulin_intensity_std_min,0,1.2400390708987568,1.1339800357818604,0.9144712149754871
microtubules_tubulin,23,op_cp2_microtubules_tubulin_intensity_std_max,0,17.289423851788623,17.61880874633789,1.0190512360257276
microtubules_tubulin,24,op_cp2_microtubules_tubulin_intensity_median_mean,0,32.81220877873395,32.67829513549805,0.9959187860793239
microtubules_tubulin,25,op_cp2_microtubules_tubulin_intensity_median_median,0,37.74409655745199,37.615848541259766,0.9966021701964171
microtubules_tubulin,26,op_cp2_microtubules_tubulin_intensity_median_std,0,11.96835377976687,11.856423377990723,0.9906478030449458
microtubules_tubulin,27,op_cp2_microtubules_tubulin_intensity_median_sum,0,6282.5210830759925,7667.61083984375,1.2204671880049787
microtubules_tubulin,28,op_cp2_microtubules_tubulin_intensity_median_min,0,23.37321233214407,23.151649475097656,0.9905206501400875
microtubules_tubulin,29,op_cp2_microtubules_tubulin_intensity_median_max,0,54.845179779951124,54.5098876953125,0.9938865715094038
microtubules_tubulin,30,op_cp2_microtubules_tubulin_intensity_q25_mean,0,30.96125984673817,30.86249351501465,0.9968100028160215
microtubules_tubulin,31,op_cp2_microtubules_tubulin_intensity_q25_median,0,34.93173146446772,34.83333206176758,0.9971830940358559
microtubules_tubulin,32,op_cp2_microtubules_tubulin_intensity_q25_std,0,11.186132554738416,11.07857608795166,0.9903848388832837
microtubules_tubulin,33,op_cp2_microtubules_tubulin_intensity_q25_sum,0,6043.447009929389,7396.51025390625,1.2238893204083325
microtubules_tubulin,34,op_cp2_microtubules_tubulin_intensity_q25_min,0,22.253693466917458,22.006305694580078,0.9888832937909768
microtubules_tubulin,35,op_cp2_microtubules_tubulin_intensity_q25_max,0,52.73450563571273,51.9892692565918,0.9858681451520758
microtubules_tubulin,36,op_cp2_microtubules_tubulin_intensity_q75_mean,0,34.717601392808206,34.584999084472656,0.9961805452273261
microtubules_tubulin,37,op_cp2_microtubules_tubulin_intensity_q75_median,0,40.50748069744993,40.29497146606445,0.9947538274973775
microtubules_tubulin,38,op_cp2_microtubules_tubulin_intensity_q75_std,0,12.960965361948782,12.858480453491211,0.9920928028433399
microtubules_tubulin,39,op_cp2_microtubules_tubulin_intensity_q75_sum,0,6552.633724191556,7969.0771484375,1.2161639859430262
microtubules_tubulin,40,op_cp2_microtubules_tubulin_intensity_q75_min,0,24.50319480773401,24.318145751953125,0.9924479621031917
microtubules_tubulin,41,op_cp2_microtubules_tubulin_intensity_q75_max,0,57.51118240680615,57.447383880615234,0.9988906761516458
microtubules_tubulin,42,op_cp2_microtubules_tubulin_intensity_iqr_mean,0,4.870854925281992,4.713778972625732,0.9677518720910856
microtubules_tubulin,43,op_cp2_microtubules_tubulin_intensity_iqr_median,0,4.275677567722883,4.198113441467285,0.9818592199652448
microtubules_tubulin,44,op_cp2_microtubules_tubulin_intensity_iqr_std,0,5.060320201981289,4.948648929595947,0.9779319750671867
microtubules_tubulin,45,op_cp2_microtubules_tubulin_intensity_iqr_sum,0,542.6878926538984,605.9536743164062,1.1165785758608324
microtubules_tubulin,46,op_cp2_microtubules_tubulin_intensity_iqr_min,0,1.381639073597886,1.235270619392395,0.8940617292877096
microtubules_tubulin,47,op_cp2_microtubules_tubulin_intensity_iqr_max,0,30.864890042358546,31.501934051513672,1.0206397627945816
microtubules_tubulin,48,op_cp2_microtubules_tubulin_intensity_mad_mean,0,2.3072937356398393,2.266566514968872,0.9823484890363675
microtubules_tubulin,49,op_cp2_microtubules_tubulin_intensity_mad_median,0,2.060157809550044,2.0507543087005615,0.9954355434297839
microtubules_tubulin,50,op_cp2_microtubules_tubulin_intensity_mad_std,0,2.3151388398746233,2.2847230434417725,0.9868622149527334
microtubules_tubulin,51,op_cp2_microtubules_tubulin_intensity_mad_sum,0,259.9139424008274,292.5457763671875,1.1255486091470874
microtubules_tubulin,52,op_cp2_microtubules_tubulin_intensity_mad_min,0,0.7016153420703741,0.6491071581840515,0.9251610095477988
microtubules_tubulin,53,op_cp2_microtubules_tubulin_intensity_mad_max,0,14.178906957130957,14.686637878417969,1.035808890122638
microtubules_tubulin,54,op_cp2_microtubules_tubulin_intensity_integrated_mean,0,8118.333142020676,7904.42431640625,0.973651139726303
microtubules_tubulin,55,op_cp2_microtubules_tubulin_intensity_integrated_median,0,942.2973930113816,979.044921875,1.0389978038103036
microtubules_tubulin,56,op_cp2_microtubules_tubulin_intensity_integrated_std,0,34326.56491592637,35236.19921875,1.0264994270487457
microtubules_tubulin,57,op_cp2_microtubules_tubulin_intensity_integrated_sum,0,494636.9014399729,572483.125,1.1573805418346335
microtubules_tubulin,58,op_cp2_microtubules_tubulin_intensity_integrated_min,0,284.1488038080604,269.6724548339844,0.9490536339408465
microtubules_tubulin,59,op_cp2_microtubules_tubulin_intensity_integrated_max,0,281982.5053878748,315584.0,1.1191616287184392
microtubules_tubulin,60,op_cp2_microtubules_tubulin_intensity_range_mean,0,13.513934929689379,12.942215919494629,0.9576941125461013
microtubules_tubulin,61,op_cp2_microtubules_tubulin_intensity_range_median,0,11.66825726131425,11.21157169342041,0.9608608588526782
microtubules_tubulin,62,op_cp2_microtubules_tubulin_intensity_range_std,0,13.526053472328934,13.112607955932617,0.9694333962791047
microtubules_tubulin,63,op_cp2_microtubules_tubulin_intensity_range_sum,0,1456.6220816812258,1635.57421875,1.1228541976119355
microtubules_tubulin,64,op_cp2_microtubules_tubulin_intensity_range_min,0,3.7881434992267007,3.3878121376037598,0.894319905857668
microtubules_tubulin,65,op_cp2_microtubules_tubulin_intensity_range_max,0,77.74147907502932,79.88539123535156,1.027577455250795
microtubules_tubulin,66,op_cp2_microtubules_tubulin_intensity_cv_mean,0,0.009378935752998637,0.009114991873502731,0.9718578006666143
microtubules_tubulin,67,op_cp2_microtubules_tubulin_intensity_cv_median,0,0.009618127408877955,0.009139974601566792,0.9502862889017454
microtubules_tubulin,68,op_cp2_microtubules_tubulin_intensity_cv_std,0,0.008849900620525077,0.008819309063255787,0.9965432880457052
microtubules_tubulin,69,op_cp2_microtubules_tubulin_intensity_cv_sum,0,2.0954498455773685,2.4552669525146484,1.171713538120087
microtubules_tubulin,70,op_cp2_microtubules_tubulin_intensity_cv_min,0,0.006266552035238375,0.00589174497872591,0.9401892692496876
microtubules_tubulin,71,op_cp2_microtubules_tubulin_intensity_cv_max,0,0.05704673612064255,0.0584513358771801,1.0246219126992138
microtubules_tubulin,0,op_cp2_microtubules_tubulin_intensity_mean_mean,1,32.84626366327701,32.68252182006836,0.9950149020026373
microtubules_tubulin,1,op_cp2_microtubules_tubulin_intensity_mean_median,1,37.88983807706511,37.6508674621582,0.9936930156729397
microtubules_tubulin,2,op_cp2_microtubules_tubulin_intensity_mean_std,1,11.902003861214855,11.881630897521973,0.998288274484663
microtubules_tubulin,3,op_cp2_microtubules_tubulin_intensity_mean_sum,1,6338.555025047643,7582.9208984375,1.1963169631678798
microtubules_tubulin,4,op_cp2_microtubules_tubulin_intensity_mean_min,1,23.584675596709534,23.389123916625977,0.9917085278836382
microtubules_tubulin,5,op_cp2_microtubules_tubulin_intensity_mean_max,1,53.864574163184805,53.697330474853516,0.9968951079456301
microtubules_tubulin,6,op_cp2_microtubules_tubulin_intensity_max_mean,1,38.91186653216102,38.54486846923828,0.9905684796019895
microtubules_tubulin,7,op_cp2_microtubules_tubulin_intensity_max_median,1,45.201563496618675,44.6798095703125,0.9884571708156686
microtubules_tubulin,8,op_cp2_microtubules_tubulin_intensity_max_std,1,15.558167481537085,15.535968780517578,0.99857318022538
microtubules_tubulin,9,op_cp2_microtubules_tubulin_intensity_max_sum,1,7105.111401735248,8433.1318359375,1.1869105717157251
microtubules_tubulin,10,op_cp2_microtubules_tubulin_intensity_max_min,1,26.23940306110792,25.990922927856445,0.9905302672978954
microtubules_tubulin,11,op_cp2_microtubules_tubulin_intensity_max_max,1,71.31588051230808,73.2568130493164,1.0272159934514633
microtubules_tubulin,12,op_cp2_microtubules_tubulin_intensity_min_mean,1,28.0410131300177,27.963321685791016,0.9972293638654762
microtubules_tubulin,13,op_cp2_microtubules_tubulin_intensity_min_median,1,30.982220968401855,30.892093658447266,0.9970909990588955
microtubules_tubulin,14,op_cp2_microtubules_tubulin_intensity_min_std,1,10.466942275583955,10.367955207824707,0.9905428858636057
microtubules_tubulin,15,op_cp2_microtubules_tubulin_intensity_min_sum,1,5728.201856305363,6894.94091796875,1.203683300786457
microtubules_tubulin,16,op_cp2_microtubules_tubulin_intensity_min_min,1,18.979491257532956,18.994075775146484,1.0007684356453832
microtubules_tubulin,17,op_cp2_microtubules_tubulin_intensity_min_max,1,50.076698806182165,49.31065368652344,0.9847025635091553
microtubules_tubulin,18,op_cp2_microtubules_tubulin_intensity_std_mean,1,3.3784616962734164,3.2664554119110107,0.9668469574522768
microtubules_tubulin,19,op_cp2_microtubules_tubulin_intensity_std_median,1,3.215041424010986,3.1032638549804688,0.9652329303766584
microtubules_tubulin,20,op_cp2_microtubules_tubulin_intensity_std_std,1,3.0106915093660866,2.967723846435547,0.9857283076672353
microtubules_tubulin,21,op_cp2_microtubules_tubulin_intensity_std_sum,1,385.0871158093803,425.613525390625,1.1052395884397894
microtubules_tubulin,22,op_cp2_microtubules_tubulin_intensity_std_min,1,1.2400390708987568,1.1319185495376587,0.9128087784502351
microtubules_tubulin,23,op_cp2_microtubules_tubulin_intensity_std_max,1,17.289423851788623,17.617326736450195,1.0189655183118003
microtubules_tubulin,24,op_cp2_microtubules_tubulin_intensity_median_mean,1,32.81220877873395,32.6311149597168,0.9944809012938343
microtubules_tubulin,25,op_cp2_microtubules_tubulin_intensity_median_median,1,37.74409655745199,37.51945495605469,0.9940482983595762
microtubules_tubulin,26,op_cp2_microtubules_tubulin_intensity_median_std,1,11.96835377976687,11.938644409179688,0.9975176727615281
microtubules_tubulin,27,op_cp2_microtubules_tubulin_intensity_median_sum,1,6282.5210830759925,7512.82177734375,1.1958291389712916
microtubules_tubulin,28,op_cp2_microtubules_tubulin_intensity_median_min,1,23.37321233214407,23.160598754882812,0.9909035363115724
microtubules_tubulin,29,op_cp2_microtubules_tubulin_intensity_median_max,1,54.845179779951124,54.73738479614258,0.9980345586569132
microtubules_tubulin,30,op_cp2_microtubules_tubulin_intensity_q25_mean,1,30.96125984673817,30.81833839416504,0.9953838618557317
microtubules_tubulin,31,op_cp2_microtubules_tubulin_intensity_q25_median,1,34.93173146446772,34.77054977416992,0.9953858087320478
microtubules_tubulin,32,op_cp2_microtubules_tubulin_intensity_q25_std,1,11.186132554738416,11.13758373260498,0.995659909991602
microtubules_tubulin,33,op_cp2_microtubules_tubulin_intensity_q25_sum,1,6043.447009929389,7245.3896484375,1.1988836232920248
microtubules_tubulin,34,op_cp2_microtubules_tubulin_intensity_q25_min,1,22.253693466917458,21.995603561401367,0.9884023788725332
microtubules_tubulin,35,op_cp2_microtubules_tubulin_intensity_q25_max,1,52.73450563571273,52.253448486328125,0.9908777536911463
microtubules_tubulin,36,op_cp2_microtubules_tubulin_intensity_q75_mean,1,34.717601392808206,34.537757873535156,0.9948198172668028
microtubules_tubulin,37,op_cp2_microtubules_tubulin_intensity_q75_median,1,40.50748069744993,40.20146942138672,0.992445561392751
microtubules_tubulin,38,op_cp2_microtubules_tubulin_intensity_q75_std,1,12.960965361948782,12.948319435119629,0.9990243067182111
microtubules_tubulin,39,op_cp2_microtubules_tubulin_intensity_q75_sum,1,6552.633724191556,7809.8857421875,1.1918697230633106
microtubules_tubulin,40,op_cp2_microtubules_tubulin_intensity_q75_min,1,24.50319480773401,24.3219051361084,0.9926013863478574
microtubules_tubulin,41,op_cp2_microtubules_tubulin_intensity_q75_max,1,57.51118240680615,57.71006393432617,1.003458136647465
microtubules_tubulin,42,op_cp2_microtubules_tubulin_intensity_iqr_mean,1,4.870854925281992,4.725247859954834,0.9701064664087222
microtubules_tubulin,43,op_cp2_microtubules_tubulin_intensity_iqr_median,1,4.275677567722883,4.194685935974121,0.9810575913487565
microtubules_tubulin,44,op_cp2_microtubules_tubulin_intensity_iqr_std,1,5.060320201981289,4.974637508392334,0.9830677328372605
microtubules_tubulin,45,op_cp2_microtubules_tubulin_intensity_iqr_sum,1,542.6878926538984,598.0367431640625,1.101990207003684
microtubules_tubulin,46,op_cp2_microtubules_tubulin_intensity_iqr_min,1,1.381639073597886,1.2345590591430664,0.893546717615757
microtubules_tubulin,47,op_cp2_microtubules_tubulin_intensity_iqr_max,1,30.864890042358546,31.437862396240234,1.018563887740904
microtubules_tubulin,48,op_cp2_microtubules_tubulin_intensity_mad_mean,1,2.3072937356398393,2.2678000926971436,0.98288313172586
microtubules_tubulin,49,op_cp2_microtubules_tubulin_intensity_mad_median,1,2.060157809550044,2.0483596324920654,0.9942731682964833
microtubules_tubulin,50,op_cp2_microtubules_tubulin_intensity_mad_std,1,2.3151388398746233,2.2936477661132812,0.9907171555367686
microtubules_tubulin,51,op_cp2_microtubules_tubulin_intensity_mad_sum,1,259.9139424008274,288.69219970703125,1.1107222530672223
microtubules_tubulin,52,op_cp2_microtubules_tubulin_intensity_mad_min,1,0.7016153420703741,0.6433309316635132,0.9169282555383248
microtubules_tubulin,53,op_cp2_microtubules_tubulin_intensity_mad_max,1,14.178906957130957,14.64517879486084,1.0328848929709198
microtubules_tubulin,54,op_cp2_microtubules_tubulin_intensity_integrated_mean,1,8118.333142020676,7875.86181640625,0.970132868241217
microtubules_tubulin,55,op_cp2_microtubules_tubulin_intensity_integrated_median,1,942.2973930113816,949.5814208984375,1.0077300732667611
microtubules_tubulin,56,op_cp2_microtubules_tubulin_intensity_integrated_std,1,34326.56491592637,35095.59765625,1.0224034284294734
microtubules_tubulin,57,op_cp2_microtubules_tubulin_intensity_integrated_sum,1,494636.9014399729,568328.375,1.148980946115218
microtubules_tubulin,58,op_cp2_microtubules_tubulin_intensity_integrated_min,1,284.1488038080604,266.23992919921875,0.9369736054882747
microtubules_tubulin,59,op_cp2_microtubules_tubulin_intensity_integrated_max,1,281982.5053878748,315460.71875,1.1187244340427254
microtubules_tubulin,60,op_cp2_microtubules_tubulin_intensity_range_mean,1,13.513934929689379,12.942792892456055,0.9577368072138223
microtubules_tubulin,61,op_cp2_microtubules_tubulin_intensity_range_median,1,11.66825726131425,11.199563026428223,0.9598316848532326
microtubules_tubulin,62,op_cp2_microtubules_tubulin_intensity_range_std,1,13.526053472328934,13.13863754272461,0.9713577999379579
microtubules_tubulin,63,op_cp2_microtubules_tubulin_intensity_range_sum,1,1456.6220816812258,1618.156982421875,1.110896918817959
microtubules_tubulin,64,op_cp2_microtubules_tubulin_intensity_range_min,1,3.7881434992267007,3.3762612342834473,0.8912706804725498
microtubules_tubulin,65,op_cp2_microtubules_tubulin_intensity_range_max,1,77.74147907502932,80.15101623535156,1.0309942284220857
microtubules_tubulin,66,op_cp2_microtubules_tubulin_intensity_cv_mean,1,0.009378935752998637,0.009135947562754154,0.9740921361822108
microtubules_tubulin,67,op_cp2_microtubules_tubulin_intensity_cv_median,1,0.009618127408877955,0.009176594205200672,0.9540936416303107
microtubules_tubulin,68,op_cp2_microtubules_tubulin_intensity_cv_std,1,0.008849900620525077,0.008845915086567402,0.9995496521228237
microtubules_tubulin,69,op_cp2_microtubules_tubulin_intensity_cv_sum,1,2.0954498455773685,2.41503643989563,1.1525145519434774
microtubules_tubulin,70,op_cp2_microtubules_tubulin_intensity_cv_min,1,0.006266552035238375,0.005886294413357973,0.9393194822699757
microtubules_tubulin,71,op_cp2_microtubules_tubulin_intensity_cv_max,1,0.05704673612064255,0.05850447341799736,1.0255533865122797
microtubules_tubulin,0,op_cp2_microtubules_tubulin_intensity_mean_mean,2,32.84626366327701,32.88694763183594,1.001238617852429
microtubules_tubulin,1,op_cp2_microtubules_tubulin_intensity_mean_median,2,37.88983807706511,37.8775634765625,0.9996760450525641
microtubules_tubulin,2,op_cp2_microtubules_tubulin_intensity_mean_std,2,11.902003861214855,11.89585018157959,0.9994829711276336
microtubules_tubulin,3,op_cp2_microtubules_tubulin_intensity_mean_sum,2,6338.555025047643,7602.32373046875,1.1993780444323916
microtubules_tubulin,4,op_cp2_microtubules_tubulin_intensity_mean_min,2,23.584675596709534,23.569669723510742,0.9993637447698926
microtubules_tubulin,5,op_cp2_microtubules_tubulin_intensity_mean_max,2,53.864574163184805,53.72871017456055,0.9974776745062042
microtubules_tubulin,6,op_cp2_microtubules_tubulin_intensity_max_mean,2,38.91186653216102,38.776004791259766,0.9965084753570235
microtubules_tubulin,7,op_cp2_microtubules_tubulin_intensity_max_median,2,45.201563496618675,44.9479866027832,0.9943900857797885
microtubules_tubulin,8,op_cp2_microtubules_tubulin_intensity_max_std,2,15.558167481537085,15.576809883117676,1.001198238905881
microtubules_tubulin,9,op_cp2_microtubules_tubulin_intensity_max_sum,2,7105.111401735248,8456.0703125,1.1901390188526548
microtubules_tubulin,10,op_cp2_microtubules_tubulin_intensity_max_min,2,26.23940306110792,26.177488327026367,0.9976403909060978
microtubules_tubulin,11,op_cp2_microtubules_tubulin_intensity_max_max,2,71.31588051230808,73.2673568725586,1.0273638402307004
microtubules_tubulin,12,op_cp2_microtubules_tubulin_intensity_min_mean,2,28.0410131300177,28.135229110717773,1.0033599349732203
microtubules_tubulin,13,op_cp2_microtubules_tubulin_intensity_min_median,2,30.982220968401855,31.09396743774414,1.0036067933753443
microtubules_tubulin,14,op_cp2_microtubules_tubulin_intensity_min_std,2,10.466942275583955,10.361334800720215,0.9899103795470345
microtubules_tubulin,15,op_cp2_microtubules_tubulin_intensity_min_sum,2,5728.201856305363,6912.56689453125,1.20676035306301
microtubules_tubulin,16,op_cp2_microtubules_tubulin_intensity_min_min,2,18.979491257532956,19.143835067749023,1.0086590208339141
microtubules_tubulin,17,op_cp2_microtubules_tubulin_intensity_min_max,2,50.076698806182165,49.38703536987305,0.9862278574117195
microtubules_tubulin,18,op_cp2_microtubules_tubulin_intensity_std_mean,2,3.3784616962734164,3.2794368267059326,0.9706893614698333
microtubules_tubulin,19,op_cp2_microtubules_tubulin_intensity_std_median,2,3.215041424010986,3.116187334060669,0.9692526232439674
microtubules_tubulin,20,op_cp2_microtubules_tubulin_intensity_std_std,2,3.0106915093660866,2.973196029663086,0.9875458911727242
microtubules_tubulin,21,op_cp2_microtubules_tubulin_intensity_std_sum,2,385.0871158093803,426.8092041015625,1.1083445448557536
microtubules_tubulin,22,op_cp2_microtubules_tubulin_intensity_std_min,2,1.2400390708987568,1.1284993886947632,0.9100514775529196
microtubules_tubulin,23,op_cp2_microtubules_tubulin_intensity_std_max,2,17.289423851788623,17.526134490966797,1.0136910657756641
microtubules_tubulin,24,op_cp2_microtubules_tubulin_intensity_median_mean,2,32.81220877873395,32.8376579284668,1.0007756000184098
microtubules_tubulin,25,op_cp2_microtubules_tubulin_intensity_median_median,2,37.74409655745199,37.73754119873047,0.999826320952959
microtubules_tubulin,26,op_cp2_microtubules_tubulin_intensity_median_std,2,11.96835377976687,11.9594087600708,0.9992526106880972
microtubules_tubulin,27,op_cp2_microtubules_tubulin_intensity_median_sum,2,6282.5210830759925,7530.205078125,1.1985960697227183
microtubules_tubulin,28,op_cp2_microtubules_tubulin_intensity_median_min,2,23.37321233214407,23.34298324584961,0.9987066781465511
microtubules_tubulin,29,op_cp2_microtubules_tubulin_intensity_median_max,2,54.845179779951124,54.833106994628906,0.9997798751800859
microtubules_tubulin,30,op_cp2_microtubules_tubulin_intensity_q25_mean,2,30.96125984673817,31.019088745117188,1.0018677824696178
microtubules_tubulin,31,op_cp2_microtubules_tubulin_intensity_q25_median,2,34.93173146446772,34.993499755859375,1.0017682573637807
microtubules_tubulin,32,op_cp2_microtubules_tubulin_intensity_q25_std,2,11.186132554738416,11.142007827758789,0.9960554081793948
microtubules_tubulin,33,op_cp2_microtubules_tubulin_intensity_q25_sum,2,6043.447009929389,7262.22900390625,1.20167000587155
microtubules_tubulin,34,op_cp2_microtubules_tubulin_intensity_q25_min,2,22.253693466917458,22.190284729003906,0.9971506420717166
microtubules_tubulin,35,op_cp2_microtubules_tubulin_intensity_q25_max,2,52.73450563571273,52.361331939697266,0.9929235385538014
microtubules_tubulin,36,op_cp2_microtubules_tubulin_intensity_q75_mean,2,34.717601392808206,34.76082229614258,1.0012449276908666
microtubules_tubulin,37,op_cp2_microtubules_tubulin_intensity_q75_median,2,40.50748069744993,40.45284652709961,0.9986512572638525
microtubules_tubulin,38,op_cp2_microtubules_tubulin_intensity_q75_std,2,12.960965361948782,12.978726387023926,1.0013703473915059
microtubules_tubulin,39,op_cp2_microtubules_tubulin_intensity_q75_sum,2,6552.633724191556,7828.4228515625,1.1946986785879516
microtubules_tubulin,40,op_cp2_microtubules_tubulin_intensity_q75_min,2,24.50319480773401,24.503311157226562,1.0000047483396948
microtubules_tubulin,41,op_cp2_microtubules_tubulin_intensity_q75_max,2,57.51118240680615,57.779815673828125,1.0046709745093014
microtubules_tubulin,42,op_cp2_microtubules_tubulin_intensity_iqr_mean,2,4.870854925281992,4.74406623840332,0.9739699315985414
microtubules_tubulin,43,op_cp2_microtubules_tubulin_intensity_iqr_median,2,4.275677567722883,4.202895641326904,0.982977685935579
microtubules_tubulin,44,op_cp2_microtubules_tubulin_intensity_iqr_std,2,5.060320201981289,4.988107681274414,0.9857296538905578
microtubules_tubulin,45,op_cp2_microtubules_tubulin_intensity_iqr_sum,2,542.6878926538984,599.4921875,1.1046721248346123
microtubules_tubulin,46,op_cp2_microtubules_tubulin_intensity_iqr_min,2,1.381639073597886,1.239804744720459,0.8973434295629173
microtubules_tubulin,47,op_cp2_microtubules_tubulin_intensity_iqr_max,2,30.864890042358546,31.231172561645508,1.0118672873541517
microtubules_tubulin,48,op_cp2_microtubules_tubulin_intensity_mad_mean,2,2.3072937356398393,2.2722537517547607,0.9848133840334977
microtubules_tubulin,49,op_cp2_microtubules_tubulin_intensity_mad_median,2,2.060157809550044,2.050384044647217,0.9952558173662619
microtubules_tubulin,50,op_cp2_microtubules_tubulin_intensity_mad_std,2,2.3151388398746233,2.299309492111206,0.9931626788463906
microtubules_tubulin,51,op_cp2_microtubules_tubulin_intensity_mad_sum,2,259.9139424008274,289.28228759765625,1.1129925733323622
microtubules_tubulin,52,op_cp2_microtubules_tubulin_intensity_mad_min,2,0.7016153420703741,0.6472917199134827,0.9225734973289073
microtubules_tubulin,53,op_cp2_microtubules_tubulin_intensity_mad_max,2,14.178906957130957,14.561407089233398,1.0269767009021857
microtubules_tubulin,54,op_cp2_microtubules_tubulin_intensity_integrated_mean,2,8118.333142020676,7968.7509765625,0.9815747687559241
microtubules_tubulin,55,op_cp2_microtubules_tubulin_intensity_integrated_median,2,942.2973930113816,961.5518798828125,1.0204335563424385
microtubules_tubulin,56,op_cp2_microtubules_tubulin_intensity_integrated_std,2,34326.56491592637,35460.79296875,1.0330422824305785
microtubules_tubulin,57,op_cp2_microtubules_tubulin_intensity_integrated_sum,2,494636.9014399729,568884.625,1.1501055083918714
microtubules_tubulin,58,op_cp2_microtubules_tubulin_intensity_integrated_min,2,284.1488038080604,266.40191650390625,0.9375436846246871
microtubules_tubulin,59,op_cp2_microtubules_tubulin_intensity_integrated_max,2,281982.5053878748,315889.125,1.1202436993936404
microtubules_tubulin,60,op_cp2_microtubules_tubulin_intensity_range_mean,2,13.513934929689379,12.997021675109863,0.9617496119917016
microtubules_tubulin,61,op_cp2_microtubules_tubulin_intensity_range_median,2,11.66825726131425,11.261832237243652,0.9651683182013746
microtubules_tubulin,62,op_cp2_microtubules_tubulin_intensity_range_std,2,13.526053472328934,13.142133712768555,0.9716162766659331
microtubules_tubulin,63,op_cp2_microtubules_tubulin_intensity_range_sum,2,1456.6220816812258,1622.5374755859375,1.1139042144090066
microtubules_tubulin,64,op_cp2_microtubules_tubulin_intensity_range_min,2,3.7881434992267007,3.3672618865966797,0.8888950187035052
microtubules_tubulin,65,op_cp2_microtubules_tubulin_intensity_range_max,2,77.74147907502932,80.18921661376953,1.0314856054690942
microtubules_tubulin,66,op_cp2_microtubules_tubulin_intensity_cv_mean,2,0.009378935752998637,0.009132251143455505,0.9736980169136715
microtubules_tubulin,67,op_cp2_microtubules_tubulin_intensity_cv_median,2,0.009618127408877955,0.009183499962091446,0.9548116355388131
microtubules_tubulin,68,op_cp2_microtubules_tubulin_intensity_cv_std,2,0.008849900620525077,0.008834388107061386,0.998247153936654
microtubules_tubulin,69,op_cp2_microtubules_tubulin_intensity_cv_sum,2,2.0954498455773685,2.4303276538848877,1.1598118938586426
microtubules_tubulin,70,op_cp2_microtubules_tubulin_intensity_cv_min,2,0.006266552035238375,0.0058924006298184395,0.9402938963378922
microtubules_tubulin,71,op_cp2_microtubules_tubulin_intensity_cv_max,2,0.05704673612064255,0.05821886658668518,1.0205468453719035
microtubules_tubulin,0,op_cp2_microtubules_tubulin_intensity_mean_mean,3,32.84626366327701,32.74204635620117,0.9968271183552498
microtubules_tubulin,1,op_cp2_microtubules_tubulin_intensity_mean_median,3,37.88983807706511,37.73483657836914,0.9959091538374826
microtubules_tubulin,2,op_cp2_microtubules_tubulin_intensity_mean_std,3,11.902003861214855,11.792196273803711,0.9907740252236874
microtubules_tubulin,3,op_cp2_microtubules_tubulin_intensity_mean_sum,3,6338.555025047643,7510.6552734375,1.184916001164011
microtubules_tubulin,4,op_cp2_microtubules_tubulin_intensity_mean_min,3,23.584675596709534,23.44301414489746,0.993993495851525
microtubules_tubulin,5,op_cp2_microtubules_tubulin_intensity_mean_max,3,53.864574163184805,53.49346923828125,0.9931104082661216
microtubules_tubulin,6,op_cp2_microtubules_tubulin_intensity_max_mean,3,38.91186653216102,38.609275817871094,0.9922236905793292
microtubules_tubulin,7,op_cp2_microtubules_tubulin_intensity_max_median,3,45.201563496618675,44.80266189575195,0.9911750486043129
microtubules_tubulin,8,op_cp2_microtubules_tubulin_intensity_max_std,3,15.558167481537085,15.428736686706543,0.9916808457690061
microtubules_tubulin,9,op_cp2_microtubules_tubulin_intensity_max_sum,3,7105.111401735248,8355.6630859375,1.1760073295820295
microtubules_tubulin,10,op_cp2_microtubules_tubulin_intensity_max_min,3,26.23940306110792,26.07187843322754,0.9936155320496338
microtubules_tubulin,11,op_cp2_microtubules_tubulin_intensity_max_max,3,71.31588051230808,73.07318878173828,1.0246411915103104
microtubules_tubulin,12,op_cp2_microtubules_tubulin_intensity_min_mean,3,28.0410131300177,28.002220153808594,0.9986165629597892
microtubules_tubulin,13,op_cp2_microtubules_tubulin_intensity_min_median,3,30.982220968401855,30.953269958496094,0.9990655605375971
microtubules_tubulin,14,op_cp2_microtubules_tubulin_intensity_min_std,3,10.466942275583955,10.289467811584473,0.9830442874980333
microtubules_tubulin,15,op_cp2_microtubules_tubulin_intensity_min_sum,3,5728.201856305363,6827.33544921875,1.1918810859822453
microtubules_tubulin,16,op_cp2_microtubules_tubulin_intensity_min_min,3,18.979491257532956,19.097179412841797,1.0062008066344839
microtubules_tubulin,17,op_cp2_microtubules_tubulin_intensity_min_max,3,50.076698806182165,49.182525634765625,0.9821439273607598
microtubules_tubulin,18,op_cp2_microtubules_tubulin_intensity_std_mean,3,3.3784616962734164,3.2710680961608887,0.9682122783185652
microtubules_tubulin,19,op_cp2_microtubules_tubulin_intensity_std_median,3,3.215041424010986,3.104041576385498,0.9654748312738665
microtubules_tubulin,20,op_cp2_microtubules_tubulin_intensity_std_std,3,3.0106915093660866,2.96393084526062,0.9844684638196917
microtubules_tubulin,21,op_cp2_microtubules_tubulin_intensity_std_sum,3,385.0871158093803,423.3367004394531,1.0993270952461742
microtubules_tubulin,22,op_cp2_microtubules_tubulin_intensity_std_min,3,1.2400390708987568,1.1177752017974854,0.9014032122289043
microtubules_tubulin,23,op_cp2_microtubules_tubulin_intensity_std_max,3,17.289423851788623,17.57679557800293,1.0166212436387565
microtubules_tubulin,24,op_cp2_microtubules_tubulin_intensity_median_mean,3,32.81220877873395,32.69864273071289,0.996538908770608
microtubules_tubulin,25,op_cp2_microtubules_tubulin_intensity_median_median,3,37.74409655745199,37.61028289794922,0.9964547128767783
microtubules_tubulin,26,op_cp2_microtubules_tubulin_intensity_median_std,3,11.96835377976687,11.850789070129395,0.9901770358897457
microtubules_tubulin,27,op_cp2_microtubules_tubulin_intensity_median_sum,3,6282.5210830759925,7445.333984375,1.185086987520252
microtubules_tubulin,28,op_cp2_microtubules_tubulin_intensity_median_min,3,23.37321233214407,23.210880279541016,0.9930547821028517
microtubules_tubulin,29,op_cp2_microtubules_tubulin_intensity_median_max,3,54.845179779951124,54.6273078918457,0.9960275107314889
microtubules_tubulin,30,op_cp2_microtubules_tubulin_intensity_q25_mean,3,30.96125984673817,30.87693977355957,0.9972765942472628
microtubules_tubulin,31,op_cp2_microtubules_tubulin_intensity_q25_median,3,34.93173146446772,34.85847473144531,0.997902859951362
microtubules_tubulin,32,op_cp2_microtubules_tubulin_intensity_q25_std,3,11.186132554738416,11.04861831665039,0.9877067219242119
microtubules_tubulin,33,op_cp2_microtubules_tubulin_intensity_q25_sum,3,6043.447009929389,7179.81103515625,1.1880324297308826
microtubules_tubulin,34,op_cp2_microtubules_tubulin_intensity_q25_min,3,22.253693466917458,22.074026107788086,0.9919264027161843
microtubules_tubulin,35,op_cp2_microtubules_tubulin_intensity_q25_max,3,52.73450563571273,52.16834259033203,0.9892638977353514
microtubules_tubulin,36,op_cp2_microtubules_tubulin_intensity_q75_mean,3,34.717601392808206,34.621360778808594,0.9972279014062432
microtubules_tubulin,37,op_cp2_microtubules_tubulin_intensity_q75_median,3,40.50748069744993,40.333343505859375,0.9957011102988313
microtubules_tubulin,38,op_cp2_microtubules_tubulin_intensity_q75_std,3,12.960965361948782,12.867505073547363,0.9927890951181921
microtubules_tubulin,39,op_cp2_microtubules_tubulin_intensity_q75_sum,3,6552.633724191556,7741.45458984375,1.1814264180925003
microtubules_tubulin,40,op_cp2_microtubules_tubulin_intensity_q75_min,3,24.50319480773401,24.384260177612305,0.9951461582436523
microtubules_tubulin,41,op_cp2_microtubules_tubulin_intensity_q75_max,3,57.51118240680615,57.57206726074219,1.001058661140113
microtubules_tubulin,42,op_cp2_microtubules_tubulin_intensity_iqr_mean,3,4.870854925281992,4.73710298538208,0.9725403564771191
microtubules_tubulin,43,op_cp2_microtubules_tubulin_intensity_iqr_median,3,4.275677567722883,4.189252853393555,0.979786896237979
microtubules_tubulin,44,op_cp2_microtubules_tubulin_intensity_iqr_std,3,5.060320201981289,5.00186824798584,0.9884489613972326
microtubules_tubulin,45,op_cp2_microtubules_tubulin_intensity_iqr_sum,3,542.6878926538984,594.9462280273438,1.0962953772893056
microtubules_tubulin,46,op_cp2_microtubules_tubulin_intensity_iqr_min,3,1.381639073597886,1.2301602363586426,0.8903629463483673
microtubules_tubulin,47,op_cp2_microtubules_tubulin_intensity_iqr_max,3,30.864890042358546,31.408103942871094,1.017599735484787
microtubules_tubulin,48,op_cp2_microtubules_tubulin_intensity_mad_mean,3,2.3072937356398393,2.2680933475494385,0.9830102307803779
microtubules_tubulin,49,op_cp2_microtubules_tubulin_intensity_mad_median,3,2.060157809550044,2.0415408611297607,0.9909633386656193
microtubules_tubulin,50,op_cp2_microtubules_tubulin_intensity_mad_std,3,2.3151388398746233,2.297950029373169,0.992575473139924
microtubules_tubulin,51,op_cp2_microtubules_tubulin_intensity_mad_sum,3,259.9139424008274,286.9877624511719,1.104164554622439
microtubules_tubulin,52,op_cp2_microtubules_tubulin_intensity_mad_min,3,0.7016153420703741,0.6431242823600769,0.9166337219227593
microtubules_tubulin,53,op_cp2_microtubules_tubulin_intensity_mad_max,3,14.178906957130957,14.596687316894531,1.0294649200412067
microtubules_tubulin,54,op_cp2_microtubules_tubulin_intensity_integrated_mean,3,8118.333142020676,8021.1533203125,0.9880295843976676
microtubules_tubulin,55,op_cp2_microtubules_tubulin_intensity_integrated_median,3,942.2973930113816,952.696533203125,1.0110359428656701
microtubules_tubulin,56,op_cp2_microtubules_tubulin_intensity_integrated_std,3,34326.56491592637,35526.5390625,1.034957594781553
microtubules_tubulin,57,op_cp2_microtubules_tubulin_intensity_integrated_sum,3,494636.9014399729,564832.75,1.141913893515981
microtubules_tubulin,58,op_cp2_microtubules_tubulin_intensity_integrated_min,3,284.1488038080604,264.8890380859375,0.9322194376185632
microtubules_tubulin,59,op_cp2_microtubules_tubulin_intensity_integrated_max,3,281982.5053878748,313622.8125,1.1122066316440558
microtubules_tubulin,60,op_cp2_microtubules_tubulin_intensity_range_mean,3,13.513934929689379,12.932621955871582,0.9569841813770552
microtubules_tubulin,61,op_cp2_microtubules_tubulin_intensity_range_median,3,11.66825726131425,11.211495399475098,0.960854320263101
microtubules_tubulin,62,op_cp2_microtubules_tubulin_intensity_range_std,3,13.526053472328934,13.01043701171875,0.9618797558604206
microtubules_tubulin,63,op_cp2_microtubules_tubulin_intensity_range_sum,3,1456.6220816812258,1607.1109619140625,1.1033136062712596
microtubules_tubulin,64,op_cp2_microtubules_tubulin_intensity_range_min,3,3.7881434992267007,3.3390283584594727,0.8814418881283381
microtubules_tubulin,65,op_cp2_microtubules_tubulin_intensity_range_max,3,77.74147907502932,80.08938598632812,1.0302014695273911
microtubules_tubulin,66,op_cp2_microtubules_tubulin_intensity_cv_mean,3,0.009378935752998637,0.009104910306632519,0.9707828847981492
microtubules_tubulin,67,op_cp2_microtubules_tubulin_intensity_cv_median,3,0.009618127408877955,0.009151973761618137,0.9515338456808612
microtubules_tubulin,68,op_cp2_microtubules_tubulin_intensity_cv_std,3,0.008849900620525077,0.008802345022559166,0.9946264257639664
microtubules_tubulin,69,op_cp2_microtubules_tubulin_intensity_cv_sum,3,2.0954498455773685,2.4048678874969482,1.1476618696327348
microtubules_tubulin,70,op_cp2_microtubules_tubulin_intensity_cv_min,3,0.006266552035238375,0.005860831122845411,0.9352561169026453
microtubules_tubulin,71,op_cp2_microtubules_tubulin_intensity_cv_max,3,0.05704673612064255,0.05798691511154175,1.0164808550818911
microtubules_tubulin,0,op_cp2_microtubules_tubulin_intensity_mean_mean,4,32.84626366327701,32.83782196044922,0.9997429935132248
microtubules_tubulin,1,op_cp2_microtubules_tubulin_intensity_mean_median,4,37.88983807706511,37.83353805541992,0.99851411289933
microtubules_tubulin,2,op_cp2_microtubules_tubulin_intensity_mean_std,4,11.902003861214855,11.7962646484375,0.9911158478849156
microtubules_tubulin,3,op_cp2_microtubules_tubulin_intensity_mean_sum,4,6338.555025047643,7635.4443359375,1.2046033056059349
microtubules_tubulin,4,op_cp2_microtubules_tubulin_intensity_mean_min,4,23.584675596709534,23.429004669189453,0.9933994882871402
microtubules_tubulin,5,op_cp2_microtubules_tubulin_intensity_mean_max,4,53.864574163184805,53.73590087890625,0.9976111704904835
microtubules_tubulin,6,op_cp2_microtubules_tubulin_intensity_max_mean,4,38.91186653216102,38.72382354736328,0.9951674642838755
microtubules_tubulin,7,op_cp2_microtubules_tubulin_intensity_max_median,4,45.201563496618675,44.89675521850586,0.9932566872795093
microtubules_tubulin,8,op_cp2_microtubules_tubulin_intensity_max_std,4,15.558167481537085,15.415128707885742,0.9908061939928924
microtubules_tubulin,9,op_cp2_microtubules_tubulin_intensity_max_sum,4,7105.111401735248,8487.2353515625,1.19452530321899
microtubules_tubulin,10,op_cp2_microtubules_tubulin_intensity_max_min,4,26.23940306110792,26.08136749267578,0.9939771660176835
microtubules_tubulin,11,op_cp2_microtubules_tubulin_intensity_max_max,4,71.31588051230808,72.91431427001953,1.0224134336732418
microtubules_tubulin,12,op_cp2_microtubules_tubulin_intensity_min_mean,4,28.0410131300177,28.088912963867188,1.0017082062487326
microtubules_tubulin,13,op_cp2_microtubules_tubulin_intensity_min_median,4,30.982220968401855,31.038597106933594,1.0018196287021914
microtubules_tubulin,14,op_cp2_microtubules_tubulin_intensity_min_std,4,10.466942275583955,10.30476188659668,0.9845054663800343
microtubules_tubulin,15,op_cp2_microtubules_tubulin_intensity_min_sum,4,5728.201856305363,6944.341796875,1.2123074519852963
microtubules_tubulin,16,op_cp2_microtubules_tubulin_intensity_min_min,4,18.979491257532956,19.07476806640625,1.005019987500217
microtubules_tubulin,17,op_cp2_microtubules_tubulin_intensity_min_max,4,50.076698806182165,49.26410675048828,0.9837730506390017
microtubules_tubulin,18,op_cp2_microtubules_tubulin_intensity_std_mean,4,3.3784616962734164,3.2656753063201904,0.9666160518920093
microtubules_tubulin,19,op_cp2_microtubules_tubulin_intensity_std_median,4,3.215041424010986,3.1041088104248047,0.9654957436138458
microtubules_tubulin,20,op_cp2_microtubules_tubulin_intensity_std_std,4,3.0106915093660866,2.951120138168335,0.9802133925005506
microtubules_tubulin,21,op_cp2_microtubules_tubulin_intensity_std_sum,4,385.0871158093803,427.7735900878906,1.1108488768542448
microtubules_tubulin,22,op_cp2_microtubules_tubulin_intensity_std_min,4,1.2400390708987568,1.1185319423675537,0.9020134676537757
microtubules_tubulin,23,op_cp2_microtubules_tubulin_intensity_std_max,4,17.289423851788623,17.573686599731445,1.016441423981483
microtubules_tubulin,24,op_cp2_microtubules_tubulin_intensity_median_mean,4,32.81220877873395,32.78982162475586,0.9993177187756834
microtubules_tubulin,25,op_cp2_microtubules_tubulin_intensity_median_median,4,37.74409655745199,37.72050094604492,0.9993748529290891
microtubules_tubulin,26,op_cp2_microtubules_tubulin_intensity_median_std,4,11.96835377976687,11.842972755432129,0.9895239540339538
microtubules_tubulin,27,op_cp2_microtubules_tubulin_intensity_median_sum,4,6282.5210830759925,7571.64453125,1.2051920608188136
microtubules_tubulin,28,op_cp2_microtubules_tubulin_intensity_median_min,4,23.37321233214407,23.19126319885254,0.9922154845168071
microtubules_tubulin,29,op_cp2_microtubules_tubulin_intensity_median_max,4,54.845179779951124,54.878868103027344,1.0006142440085233
microtubules_tubulin,30,op_cp2_microtubules_tubulin_intensity_q25_mean,4,30.96125984673817,30.966835021972656,1.000180069391946
microtubules_tubulin,31,op_cp2_microtubules_tubulin_intensity_q25_median,4,34.93173146446772,34.93871307373047,1.0001998643917738
microtubules_tubulin,32,op_cp2_microtubules_tubulin_intensity_q25_std,4,11.186132554738416,11.056609153747559,0.9884210740077461
microtubules_tubulin,33,op_cp2_microtubules_tubulin_intensity_q25_sum,4,6043.447009929389,7302.9091796875,1.2084012927868504
microtubules_tubulin,34,op_cp2_microtubules_tubulin_intensity_q25_min,4,22.253693466917458,22.055973052978516,0.991115164130715
microtubules_tubulin,35,op_cp2_microtubules_tubulin_intensity_q25_max,4,52.73450563571273,52.317630767822266,0.9920948369029907
microtubules_tubulin,36,op_cp2_microtubules_tubulin_intensity_q75_mean,4,34.717601392808206,34.711185455322266,0.9998151964067636
microtubules_tubulin,37,op_cp2_microtubules_tubulin_intensity_q75_median,4,40.50748069744993,40.429046630859375,0.9980637140291104
microtubules_tubulin,38,op_cp2_microtubules_tubulin_intensity_q75_std,4,12.960965361948782,12.854262351989746,0.9917673562902731
microtubules_tubulin,39,op_cp2_microtubules_tubulin_intensity_q75_sum,4,6552.633724191556,7870.86083984375,1.2011751566069462
microtubules_tubulin,40,op_cp2_microtubules_tubulin_intensity_q75_min,4,24.50319480773401,24.385957717895508,0.9952154365682349
microtubules_tubulin,41,op_cp2_microtubules_tubulin_intensity_q75_max,4,57.51118240680615,57.851505279541016,1.0059175078392162
microtubules_tubulin,42,op_cp2_microtubules_tubulin_intensity_iqr_mean,4,4.870854925281992,4.7232513427734375,0.9696965759044838
microtubules_tubulin,43,op_cp2_microtubules_tubulin_intensity_iqr_median,4,4.275677567722883,4.184142589569092,0.9785917023199342
microtubules_tubulin,44,op_cp2_microtubules_tubulin_intensity_iqr_std,4,5.060320201981289,4.971134662628174,0.9823755146328099
microtubules_tubulin,45,op_cp2_microtubules_tubulin_intensity_iqr_sum,4,542.6878926538984,601.12060546875,1.10767277767908
microtubules_tubulin,46,op_cp2_microtubules_tubulin_intensity_iqr_min,4,1.381639073597886,1.2209776639938354,0.8837168022574253
microtubules_tubulin,47,op_cp2_microtubules_tubulin_intensity_iqr_max,4,30.864890042358546,31.481891632080078,1.0199904029748614
microtubules_tubulin,48,op_cp2_microtubules_tubulin_intensity_mad_mean,4,2.3072937356398393,2.2691614627838135,0.983473160670004
microtubules_tubulin,49,op_cp2_microtubules_tubulin_intensity_mad_median,4,2.060157809550044,2.0427463054656982,0.9915484609947678
microtubules_tubulin,50,op_cp2_microtubules_tubulin_intensity_mad_std,4,2.3151388398746233,2.289095640182495,0.9887509123670792
microtubules_tubulin,51,op_cp2_microtubules_tubulin_intensity_mad_sum,4,259.9139424008274,290.0721435546875,1.1160314867116727
microtubules_tubulin,52,op_cp2_microtubules_tubulin_intensity_mad_min,4,0.7016153420703741,0.6443091630935669,0.9183225115806273
microtubules_tubulin,53,op_cp2_microtubules_tubulin_intensity_mad_max,4,14.178906957130957,14.642011642456055,1.0326615222686253
microtubules_tubulin,54,op_cp2_microtubules_tubulin_intensity_integrated_mean,4,8118.333142020676,8028.9140625,0.9889855370608234
microtubules_tubulin,55,op_cp2_microtubules_tubulin_intensity_integrated_median,4,942.2973930113816,952.0712280273438,1.0103723464465153
microtubules_tubulin,56,op_cp2_microtubules_tubulin_intensity_integrated_std,4,34326.56491592637,35531.0546875,1.0350891437731593
microtubules_tubulin,57,op_cp2_microtubules_tubulin_intensity_integrated_sum,4,494636.9014399729,567710.75,1.1477323029221973
microtubules_tubulin,58,op_cp2_microtubules_tubulin_intensity_integrated_min,4,284.1488038080604,269.4212646484375,0.9481696246394505
microtubules_tubulin,59,op_cp2_microtubules_tubulin_intensity_integrated_max,4,281982.5053878748,312743.3125,1.109087643823197
microtubules_tubulin,60,op_cp2_microtubules_tubulin_intensity_range_mean,4,13.513934929689379,12.950304985046387,0.9582926847305793
microtubules_tubulin,61,op_cp2_microtubules_tubulin_intensity_range_median,4,11.66825726131425,11.22382640838623,0.9619111198035102
microtubules_tubulin,62,op_cp2_microtubules_tubulin_intensity_range_std,4,13.526053472328934,13.034493446350098,0.9636582816277897
microtubules_tubulin,63,op_cp2_microtubules_tubulin_intensity_range_sum,4,1456.6220816812258,1621.68017578125,1.1133156610598096
microtubules_tubulin,64,op_cp2_microtubules_tubulin_intensity_range_min,4,3.7881434992267007,3.3395988941192627,0.881592499017262
microtubules_tubulin,65,op_cp2_microtubules_tubulin_intensity_range_max,4,77.74147907502932,79.62702178955078,1.0242540113328908
microtubules_tubulin,66,op_cp2_microtubules_tubulin_intensity_cv_mean,4,0.009378935752998637,0.009091774001717567,0.9693822669390546
microtubules_tubulin,67,op_cp2_microtubules_tubulin_intensity_cv_median,4,0.009618127408877955,0.009134714491665363,0.9497393934742038
microtubules_tubulin,68,op_cp2_microtubules_tubulin_intensity_cv_std,4,0.008849900620525077,0.00878213718533516,0.9923430286852309
microtubules_tubulin,69,op_cp2_microtubules_tubulin_intensity_cv_sum,4,2.0954498455773685,2.4271230697631836,1.158282587810842
microtubules_tubulin,70,op_cp2_microtubules_tubulin_intensity_cv_min,4,0.006266552035238375,0.00585602130740881,0.9344885791227697
microtubules_tubulin,71,op_cp2_microtubules_tubulin_intensity_cv_max,4,0.05704673612064255,0.05803404748439789,1.0173070613832729
nucleolus-dfc_fbl,0,op_gfp_intensity_min_mean,0,32.48836775595449,90.2365951538086,2.7775047312824745
nucleolus-dfc_fbl,1,op_gfp_intensity_min_median,0,32.518606563894,91.07450866699219,2.800689152779193
nucleolus-dfc_fbl,2,op_gfp_intensity_min_std,0,17.553268560595956,18.981029510498047,1.0813387515250104
nucleolus-dfc_fbl,3,op_gfp_intensity_min_sum,0,451.33665820885534,523.45654296875,1.1597917728333986
nucleolus-dfc_fbl,4,op_gfp_intensity_min_min,0,32.567763952997794,81.92606353759766,2.515556906388611
nucleolus-dfc_fbl,5,op_gfp_intensity_min_max,0,44.22675602332868,101.74181365966797,2.3004584285133034
nucleolus-dfc_fbl,6,op_gfp_intensity_max_mean,0,73.97665126538242,132.07530212402344,1.7853647044689687
nucleolus-dfc_fbl,7,op_gfp_intensity_max_median,0,90.55697648859477,150.86502075195312,1.6659679530152365
nucleolus-dfc_fbl,8,op_gfp_intensity_max_std,0,49.44424048379823,54.919761657714844,1.110741334487903
nucleolus-dfc_fbl,9,op_gfp_intensity_max_sum,0,866.28524543829,896.864990234375,1.0352998564354094
nucleolus-dfc_fbl,10,op_gfp_intensity_max_min,0,79.49640478046463,142.24325561523438,1.7893042585768495
nucleolus-dfc_fbl,11,op_gfp_intensity_max_max,0,95.10085692190975,124.08084106445312,1.30472894861862
nucleolus-dfc_fbl,12,op_gfp_intensity_mean_mean,0,49.23548319862468,112.92212677001953,2.2935110906593854
nucleolus-dfc_fbl,13,op_gfp_intensity_mean_median,0,55.97143866726265,121.10308837890625,2.1636586670361697
nucleolus-dfc_fbl,14,op_gfp_intensity_mean_std,0,27.687093423337974,29.446735382080078,1.0635545931758539
nucleolus-dfc_fbl,15,op_gfp_intensity_mean_sum,0,641.5395720863488,701.294189453125,1.0931425277047968
nucleolus-dfc_fbl,16,op_gfp_intensity_mean_min,0,52.82633598892002,113.96988677978516,2.157444476249301
nucleolus-dfc_fbl,17,op_gfp_intensity_mean_max,0,58.92635808952627,107.5101547241211,1.824483273865015
nucleolus-dfc_fbl,18,op_gfp_intensity_range_mean,0,56.49316380287493,65.90375518798828,1.1665792947612263
nucleolus-dfc_fbl,19,op_gfp_intensity_range_median,0,73.93375693875674,85.88773345947266,1.1616849598298924
nucleolus-dfc_fbl,20,op_gfp_intensity_range_std,0,46.236575079704956,51.35193634033203,1.1106345193563527
nucleolus-dfc_fbl,21,op_gfp_intensity_range_sum,0,458.59726911509546,465.2921142578125,1.0145985281500594
nucleolus-dfc_fbl,22,op_gfp_intensity_range_min,0,60.69532234377097,72.72592163085938,1.1982129564935589
nucleolus-dfc_fbl,23,op_gfp_intensity_range_max,0,81.05187501628905,89.22490692138672,1.1008370491546942
nucleolus-dfc_fbl,0,op_gfp_intensity_min_mean,1,32.48836775595449,90.34475708007812,2.780833982141798
nucleolus-dfc_fbl,1,op_gfp_intensity_min_median,1,32.518606563894,91.21857452392578,2.805119412010951
nucleolus-dfc_fbl,2,op_gfp_intensity_min_std,1,17.553268560595956,19.065282821655273,1.0861386160554467
nucleolus-dfc_fbl,3,op_gfp_intensity_min_sum,1,451.33665820885534,534.270263671875,1.1837510956724508
nucleolus-dfc_fbl,4,op_gfp_intensity_min_min,1,32.567763952997794,81.95221710205078,2.5163599570521713
nucleolus-dfc_fbl,5,op_gfp_intensity_min_max,1,44.22675602332868,101.94256591796875,2.3049975870759365
nucleolus-dfc_fbl,6,op_gfp_intensity_max_mean,1,73.97665126538242,132.01487731933594,1.7845478953318434
nucleolus-dfc_fbl,7,op_gfp_intensity_max_median,1,90.55697648859477,150.80361938476562,1.6652899117469833
nucleolus-dfc_fbl,8,op_gfp_intensity_max_std,1,49.44424048379823,54.71995162963867,1.1067002161266724
nucleolus-dfc_fbl,9,op_gfp_intensity_max_sum,1,866.28524543829,913.2850952148438,1.0542544733666503
nucleolus-dfc_fbl,10,op_gfp_intensity_max_min,1,79.49640478046463,142.03909301757812,1.786736059446083
nucleolus-dfc_fbl,11,op_gfp_intensity_max_max,1,95.10085692190975,124.03374481201172,1.3042337243486635
nucleolus-dfc_fbl,12,op_gfp_intensity_mean_mean,1,49.23548319862468,112.951171875,2.2941010128677912
nucleolus-dfc_fbl,13,op_gfp_intensity_mean_median,1,55.97143866726265,121.11902618408203,2.163943415928735
nucleolus-dfc_fbl,14,op_gfp_intensity_mean_std,1,27.687093423337974,29.48038673400879,1.0647700097388777
nucleolus-dfc_fbl,15,op_gfp_intensity_mean_sum,1,641.5395720863488,716.0907592773438,1.116206685346856
nucleolus-dfc_fbl,16,op_gfp_intensity_mean_min,1,52.82633598892002,113.94288635253906,2.156933359459907
nucleolus-dfc_fbl,17,op_gfp_intensity_mean_max,1,58.92635808952627,107.75468444824219,1.8286330250468135
nucleolus-dfc_fbl,18,op_gfp_intensity_range_mean,1,56.49316380287493,65.72114562988281,1.1633468760788057
nucleolus-dfc_fbl,19,op_gfp_intensity_range_median,1,73.93375693875674,85.74054718017578,1.1596941739508684
nucleolus-dfc_fbl,20,op_gfp_intensity_range_std,1,46.236575079704956,51.01083755493164,1.1032572690991185
nucleolus-dfc_fbl,21,op_gfp_intensity_range_sum,1,458.59726911509546,470.5462951660156,1.0260555979192307
nucleolus-dfc_fbl,22,op_gfp_intensity_range_min,1,60.69532234377097,72.47419738769531,1.1940656147636917
nucleolus-dfc_fbl,23,op_gfp_intensity_range_max,1,81.05187501628905,88.55915069580078,1.0926230969734259
nucleolus-dfc_fbl,0,op_gfp_intensity_min_mean,2,32.48836775595449,90.4849853515625,2.7851502430428607
nucleolus-dfc_fbl,1,op_gfp_intensity_min_median,2,32.518606563894,91.30768585205078,2.807859730171568
nucleolus-dfc_fbl,2,op_gfp_intensity_min_std,2,17.553268560595956,19.299314498901367,1.0994712712494459
nucleolus-dfc_fbl,3,op_gfp_intensity_min_sum,2,451.33665820885534,535.7141723632812,1.1869502789542532
nucleolus-dfc_fbl,4,op_gfp_intensity_min_min,2,32.567763952997794,81.96215057373047,2.5166649663765455
nucleolus-dfc_fbl,5,op_gfp_intensity_min_max,2,44.22675602332868,102.34776306152344,2.3141593972557506
nucleolus-dfc_fbl,6,op_gfp_intensity_max_mean,2,73.97665126538242,132.47015380859375,1.790702222156189
nucleolus-dfc_fbl,7,op_gfp_intensity_max_median,2,90.55697648859477,151.25509643554688,1.6702754696607693
nucleolus-dfc_fbl,8,op_gfp_intensity_max_std,2,49.44424048379823,54.6872673034668,1.1060391820840405
nucleolus-dfc_fbl,9,op_gfp_intensity_max_sum,2,866.28524543829,906.2196655273438,1.046098465025627
nucleolus-dfc_fbl,10,op_gfp_intensity_max_min,2,79.49640478046463,141.904541015625,1.7850435048918902
nucleolus-dfc_fbl,11,op_gfp_intensity_max_max,2,95.10085692190975,125.32573699951172,1.317819219046791
nucleolus-dfc_fbl,12,op_gfp_intensity_mean_mean,2,49.23548319862468,113.17405700683594,2.2986279336443536
nucleolus-dfc_fbl,13,op_gfp_intensity_mean_median,2,55.97143866726265,121.33026885986328,2.1677175314564248
nucleolus-dfc_fbl,14,op_gfp_intensity_mean_std,2,27.687093423337974,29.65439224243164,1.071054725355728
nucleolus-dfc_fbl,15,op_gfp_intensity_mean_sum,2,641.5395720863488,714.7360229492188,1.1140949896899235
nucleolus-dfc_fbl,16,op_gfp_intensity_mean_min,2,52.82633598892002,113.7689437866211,2.15364063505149
nucleolus-dfc_fbl,17,op_gfp_intensity_mean_max,2,58.92635808952627,108.51457977294922,1.841528702793477
nucleolus-dfc_fbl,18,op_gfp_intensity_range_mean,2,56.49316380287493,66.01596069335938,1.1685654732263344
nucleolus-dfc_fbl,19,op_gfp_intensity_range_median,2,73.93375693875674,85.9597396850586,1.1626588887707088
nucleolus-dfc_fbl,20,op_gfp_intensity_range_std,2,46.236575079704956,50.90281295776367,1.1009209239658175
nucleolus-dfc_fbl,21,op_gfp_intensity_range_sum,2,458.59726911509546,460.4668273925781,1.0040766886403187
nucleolus-dfc_fbl,22,op_gfp_intensity_range_min,2,60.69532234377097,72.42279815673828,1.1932187746947664
nucleolus-dfc_fbl,23,op_gfp_intensity_range_max,2,81.05187501628905,89.41091918945312,1.1031320271305773
nucleolus-dfc_fbl,0,op_gfp_intensity_min_mean,3,32.48836775595449,90.66663360595703,2.790741421268835
nucleolus-dfc_fbl,1,op_gfp_intensity_min_median,3,32.518606563894,91.5092544555664,2.814058292312279
nucleolus-dfc_fbl,2,op_gfp_intensity_min_std,3,17.553268560595956,19.168407440185547,1.092013568527932
nucleolus-dfc_fbl,3,op_gfp_intensity_min_sum,3,451.33665820885534,527.3225708007812,1.1683575025646677
nucleolus-dfc_fbl,4,op_gfp_intensity_min_min,3,32.567763952997794,82.20623779296875,2.5241597154661837
nucleolus-dfc_fbl,5,op_gfp_intensity_min_max,3,44.22675602332868,102.4471206665039,2.316405946944542
nucleolus-dfc_fbl,6,op_gfp_intensity_max_mean,3,73.97665126538242,132.3724365234375,1.7893813015213025
nucleolus-dfc_fbl,7,op_gfp_intensity_max_median,3,90.55697648859477,150.9063720703125,1.6664245861755163
nucleolus-dfc_fbl,8,op_gfp_intensity_max_std,3,49.44424048379823,54.780879974365234,1.1079324798672092
nucleolus-dfc_fbl,9,op_gfp_intensity_max_sum,3,866.28524543829,881.2989501953125,1.0173311329450456
nucleolus-dfc_fbl,10,op_gfp_intensity_max_min,3,79.49640478046463,142.27420043945312,1.7896935192522752
nucleolus-dfc_fbl,11,op_gfp_intensity_max_max,3,95.10085692190975,125.4586410522461,1.3192167254104141
nucleolus-dfc_fbl,12,op_gfp_intensity_mean_mean,3,49.23548319862468,113.25532531738281,2.300278538152875
nucleolus-dfc_fbl,13,op_gfp_intensity_mean_median,3,55.97143866726265,121.34944915771484,2.168060211550206
nucleolus-dfc_fbl,14,op_gfp_intensity_mean_std,3,27.687093423337974,29.676843643188477,1.071865623069459
nucleolus-dfc_fbl,15,op_gfp_intensity_mean_sum,3,641.5395720863488,699.6407470703125,1.0905652238957186
nucleolus-dfc_fbl,16,op_gfp_intensity_mean_min,3,52.82633598892002,114.07256317138672,2.159388135404899
nucleolus-dfc_fbl,17,op_gfp_intensity_mean_max,3,58.92635808952627,108.66209411621094,1.8440320705230353
nucleolus-dfc_fbl,18,op_gfp_intensity_range_mean,3,56.49316380287493,65.89906311035156,1.1664962390900466
nucleolus-dfc_fbl,19,op_gfp_intensity_range_median,3,73.93375693875674,85.59771728515625,1.157762310875956
nucleolus-dfc_fbl,20,op_gfp_intensity_range_std,3,46.236575079704956,50.99877166748047,1.1029963092976978
nucleolus-dfc_fbl,21,op_gfp_intensity_range_sum,3,458.59726911509546,444.6282958984375,0.9695397810728085
nucleolus-dfc_fbl,22,op_gfp_intensity_range_min,3,60.69532234377097,72.6439437866211,1.1968623113190597
nucleolus-dfc_fbl,23,op_gfp_intensity_range_max,3,81.05187501628905,89.44852447509766,1.1035959927777257
nucleolus-dfc_fbl,0,op_gfp_intensity_min_mean,4,32.48836775595449,90.49961853027344,2.7856006559051156
nucleolus-dfc_fbl,1,op_gfp_intensity_min_median,4,32.518606563894,91.34146881103516,2.8088986110632814
nucleolus-dfc_fbl,2,op_gfp_intensity_min_std,4,17.553268560595956,19.12802505493164,1.0897130063782388
nucleolus-dfc_fbl,3,op_gfp_intensity_min_sum,4,451.33665820885534,519.69091796875,1.1514484997322416
nucleolus-dfc_fbl,4,op_gfp_intensity_min_min,4,32.567763952997794,82.10746002197266,2.5211267233596746
nucleolus-dfc_fbl,5,op_gfp_intensity_min_max,4,44.22675602332868,102.174072265625,2.310232118578408
nucleolus-dfc_fbl,6,op_gfp_intensity_max_mean,4,73.97665126538242,132.18882751464844,1.786899315575083
nucleolus-dfc_fbl,7,op_gfp_intensity_max_median,4,90.55697648859477,150.85218811035156,1.6658262450861607
nucleolus-dfc_fbl,8,op_gfp_intensity_max_std,4,49.44424048379823,54.99211120605469,1.112204589816166
nucleolus-dfc_fbl,9,op_gfp_intensity_max_sum,4,866.28524543829,883.1683959960938,1.0194891355320983
nucleolus-dfc_fbl,10,op_gfp_intensity_max_min,4,79.49640478046463,142.38758850097656,1.791119848679833
nucleolus-dfc_fbl,11,op_gfp_intensity_max_max,4,95.10085692190975,124.86703491210938,1.3129958967103899
nucleolus-dfc_fbl,12,op_gfp_intensity_mean_mean,4,49.23548319862468,113.09786987304688,2.297080530656925
nucleolus-dfc_fbl,13,op_gfp_intensity_mean_median,4,55.97143866726265,121.23411560058594,2.1659996328001307
nucleolus-dfc_fbl,14,op_gfp_intensity_mean_std,4,27.687093423337974,29.626684188842773,1.070053968318317
nucleolus-dfc_fbl,15,op_gfp_intensity_mean_sum,4,641.5395720863488,693.2608032226562,1.080620484513691
nucleolus-dfc_fbl,16,op_gfp_intensity_mean_min,4,52.82633598892002,114.14314270019531,2.160724202491274
nucleolus-dfc_fbl,17,op_gfp_intensity_mean_max,4,58.92635808952627,108.12049865722656,1.8348410144906646
nucleolus-dfc_fbl,18,op_gfp_intensity_range_mean,4,56.49316380287493,65.89092254638672,1.1663521408767965
nucleolus-dfc_fbl,19,op_gfp_intensity_range_median,4,73.93375693875674,85.7370376586914,1.1596467054922144
nucleolus-dfc_fbl,20,op_gfp_intensity_range_std,4,46.236575079704956,51.383201599121094,1.1113107212319278
nucleolus-dfc_fbl,21,op_gfp_intensity_range_sum,4,458.59726911509546,456.7056579589844,0.9958752236798943
nucleolus-dfc_fbl,22,op_gfp_intensity_range_min,4,60.69532234377097,72.80937194824219,1.1995878617442495
nucleolus-dfc_fbl,23,op_gfp_intensity_range_max,4,81.05187501628905,89.58444213867188,1.1052729146693774
plasma_membrane_wga,0,op_cp1_plasma_membrane_wga_intensity_mean_mean,0,31.658170537039357,31.881084442138672,1.0070412756428395
plasma_membrane_wga,1,op_cp1_plasma_membrane_wga_intensity_mean_median,0,34.587945222960855,34.43156433105469,0.9954787458203109
plasma_membrane_wga,2,op_cp1_plasma_membrane_wga_intensity_mean_std,0,10.540230721810591,10.54470157623291,1.000424170451323
plasma_membrane_wga,3,op_cp1_plasma_membrane_wga_intensity_mean_sum,0,8959.725868848012,10984.4208984375,1.2259773411850836
plasma_membrane_wga,4,op_cp1_plasma_membrane_wga_intensity_mean_min,0,23.78516565942505,23.719844818115234,0.9972537150993551
plasma_membrane_wga,5,op_cp1_plasma_membrane_wga_intensity_mean_max,0,48.15557850222272,50.38002395629883,1.0461928923556267
plasma_membrane_wga,6,op_cp1_plasma_membrane_wga_intensity_max_mean,0,38.95989174419046,39.153167724609375,1.0049608962388283
plasma_membrane_wga,7,op_cp1_plasma_membrane_wga_intensity_max_median,0,41.84163852855949,41.76966094970703,0.9982797619456673
plasma_membrane_wga,8,op_cp1_plasma_membrane_wga_intensity_max_std,0,14.96370654991023,14.704180717468262,0.9826563136896369
plasma_membrane_wga,9,op_cp1_plasma_membrane_wga_intensity_max_sum,0,9948.804224187728,12132.5556640625,1.2194988855611002
plasma_membrane_wga,10,op_cp1_plasma_membrane_wga_intensity_max_min,0,26.377793666717835,26.234718322753906,0.9945759169333236
plasma_membrane_wga,11,op_cp1_plasma_membrane_wga_intensity_max_max,0,71.4280270167552,72.59615325927734,1.016353892040839
plasma_membrane_wga,12,op_cp1_plasma_membrane_wga_intensity_min_mean,0,26.168206428516033,26.381092071533203,1.0081352783423927
plasma_membrane_wga,13,op_cp1_plasma_membrane_wga_intensity_min_median,0,26.9675685216108,26.975997924804688,1.0003125755734015
plasma_membrane_wga,14,op_cp1_plasma_membrane_wga_intensity_min_std,0,9.734994364934174,9.830967903137207,1.0098586126098577
plasma_membrane_wga,15,op_cp1_plasma_membrane_wga_intensity_min_sum,0,8146.235893096158,10025.2392578125,1.23065909082117
plasma_membrane_wga,16,op_cp1_plasma_membrane_wga_intensity_min_min,0,19.66150395576081,19.862342834472656,1.0102148278770404
plasma_membrane_wga,17,op_cp1_plasma_membrane_wga_intensity_min_max,0,45.53817991652902,47.493587493896484,1.0429399589740238
plasma_membrane_wga,18,op_cp1_plasma_membrane_wga_intensity_std_mean,0,3.587369711354068,3.5196590423583984,0.9811252604432255
plasma_membrane_wga,19,op_cp1_plasma_membrane_wga_intensity_std_median,0,3.1374931023473436,3.1267032623291016,0.9965609996050129
plasma_membrane_wga,20,op_cp1_plasma_membrane_wga_intensity_std_std,0,3.3033798879434513,3.125915765762329,0.9462780157895785
plasma_membrane_wga,21,op_cp1_plasma_membrane_wga_intensity_std_sum,0,501.2669327036674,578.8623657226562,1.1547986271515356
plasma_membrane_wga,22,op_cp1_plasma_membrane_wga_intensity_std_min,0,1.179927759496689,1.138820767402649,0.9651614331782695
plasma_membrane_wga,23,op_cp1_plasma_membrane_wga_intensity_std_max,0,16.869667577739495,17.08218765258789,1.0125977630483263
plasma_membrane_wga,24,op_cp1_plasma_membrane_wga_intensity_median_mean,0,31.572442069592462,31.743677139282227,1.005423561133229
plasma_membrane_wga,25,op_cp1_plasma_membrane_wga_intensity_median_median,0,34.477321611974936,34.19900894165039,0.9919276597684468
plasma_membrane_wga,26,op_cp1_plasma_membrane_wga_intensity_median_std,0,10.67373410273116,10.634284973144531,0.9963040929062927
plasma_membrane_wga,27,op_cp1_plasma_membrane_wga_intensity_median_sum,0,8905.74818694133,10916.4560546875,1.2257764115422116
plasma_membrane_wga,28,op_cp1_plasma_membrane_wga_intensity_median_min,0,23.567149707944576,23.537702560424805,0.9987505002563019
plasma_membrane_wga,29,op_cp1_plasma_membrane_wga_intensity_median_max,0,49.053703707892204,51.3613166809082,1.0470425839149171
plasma_membrane_wga,30,op_cp1_plasma_membrane_wga_intensity_q25_mean,0,29.50297833590098,29.725587844848633,1.0075453232691687
plasma_membrane_wga,31,op_cp1_plasma_membrane_wga_intensity_q25_median,0,31.712687354587658,31.596649169921875,0.9963409539100762
plasma_membrane_wga,32,op_cp1_plasma_membrane_wga_intensity_q25_std,0,9.980949011821771,10.05729866027832,1.0076495379714012
plasma_membrane_wga,33,op_cp1_plasma_membrane_wga_intensity_q25_sum,0,8588.678588150187,10545.0595703125,1.2277860280930217
plasma_membrane_wga,34,op_cp1_plasma_membrane_wga_intensity_q25_min,0,22.472685845198324,22.473346710205078,1.0000294074776512
plasma_membrane_wga,35,op_cp1_plasma_membrane_wga_intensity_q25_max,0,47.45974230666489,49.50735092163086,1.0431441157378223
plasma_membrane_wga,36,op_cp1_plasma_membrane_wga_intensity_q75_mean,0,33.77341007977967,33.977020263671875,1.0060287126295875
plasma_membrane_wga,37,op_cp1_plasma_membrane_wga_intensity_q75_median,0,37.05779033304372,36.8962516784668,0.9956408989007398
plasma_membrane_wga,38,op_cp1_plasma_membrane_wga_intensity_q75_std,0,11.680563704687065,11.50805377960205,0.9852310274190114
plasma_membrane_wga,39,op_cp1_plasma_membrane_wga_intensity_q75_sum,0,9260.318887289062,11325.1572265625,1.2229770231895236
plasma_membrane_wga,40,op_cp1_plasma_membrane_wga_intensity_q75_min,0,24.72122585781795,24.603702545166016,0.9952460564323202
plasma_membrane_wga,41,op_cp1_plasma_membrane_wga_intensity_q75_max,0,51.80449406193916,53.472328186035156,1.0321947768103261
plasma_membrane_wga,42,op_cp1_plasma_membrane_wga_intensity_iqr_mean,0,5.311009669080792,5.069337368011475,0.9544959779538219
plasma_membrane_wga,43,op_cp1_plasma_membrane_wga_intensity_iqr_median,0,4.257908055173941,4.255892276763916,0.9995265800989818
plasma_membrane_wga,44,op_cp1_plasma_membrane_wga_intensity_iqr_std,0,5.731797659542513,5.171862602233887,0.902310742533553
plasma_membrane_wga,45,op_cp1_plasma_membrane_wga_intensity_iqr_sum,0,702.3724367015835,810.5234375,1.153979562902988
plasma_membrane_wga,46,op_cp1_plasma_membrane_wga_intensity_iqr_min,0,1.3180052400489026,1.2834007740020752,0.9737448190679853
plasma_membrane_wga,47,op_cp1_plasma_membrane_wga_intensity_iqr_max,0,29.948298303145556,30.39130210876465,1.01479228639754
plasma_membrane_wga,48,op_cp1_plasma_membrane_wga_intensity_mad_mean,0,2.5143890858100444,2.422952651977539,0.963634731653694
plasma_membrane_wga,49,op_cp1_plasma_membrane_wga_intensity_mad_median,0,2.107080802674853,2.083188772201538,0.9886610753403547
plasma_membrane_wga,50,op_cp1_plasma_membrane_wga_intensity_mad_std,0,2.600632893441378,2.378849983215332,0.9147196396748778
plasma_membrane_wga,51,op_cp1_plasma_membrane_wga_intensity_mad_sum,0,339.88253150008205,394.8345031738281,1.161679305586003
plasma_membrane_wga,52,op_cp1_plasma_membrane_wga_intensity_mad_min,0,0.703810937967159,0.6718211770057678,0.9545477922611031
plasma_membrane_wga,53,op_cp1_plasma_membrane_wga_intensity_mad_max,0,13.949003031303244,14.268960952758789,1.0229376910118608
plasma_membrane_wga,54,op_cp1_plasma_membrane_wga_intensity_integrated_mean,0,12002.267625565568,11307.1728515625,0.9420863793669728
plasma_membrane_wga,55,op_cp1_plasma_membrane_wga_intensity_integrated_median,0,1204.4894283976143,2178.148193359375,1.80835808269157
plasma_membrane_wga,56,op_cp1_plasma_membrane_wga_intensity_integrated_std,0,39184.32404511979,39174.98046875,0.9997615481038021
plasma_membrane_wga,57,op_cp1_plasma_membrane_wga_intensity_integrated_sum,0,523231.8663747504,624759.9375,1.1940403053596376
plasma_membrane_wga,58,op_cp1_plasma_membrane_wga_intensity_integrated_min,0,286.8518298445959,292.2562255859375,1.018840373945913
plasma_membrane_wga,59,op_cp1_plasma_membrane_wga_intensity_integrated_max,0,249105.50288431125,283647.375,1.1386636253143334
plasma_membrane_wga,60,op_cp1_plasma_membrane_wga_intensity_range_mean,0,14.940484024436994,14.65972900390625,0.9812084387579723
plasma_membrane_wga,61,op_cp1_plasma_membrane_wga_intensity_range_median,0,11.74531546761018,11.745089530944824,0.9999807636784233
plasma_membrane_wga,62,op_cp1_plasma_membrane_wga_intensity_range_std,0,15.212853147400661,14.685267448425293,0.9653197402312719
plasma_membrane_wga,63,op_cp1_plasma_membrane_wga_intensity_range_sum,0,1882.8697519217937,2187.336181640625,1.1617033941981758
plasma_membrane_wga,64,op_cp1_plasma_membrane_wga_intensity_range_min,0,3.594563285108543,3.495250940322876,0.9723715130577627
plasma_membrane_wga,65,op_cp1_plasma_membrane_wga_intensity_range_max,0,75.007925761055,76.77761840820312,1.0235934086857121
plasma_membrane_wga,66,op_cp1_plasma_membrane_wga_intensity_cv_mean,0,0.010033666165217371,0.00989953987300396,0.9866323744476996
plasma_membrane_wga,67,op_cp1_plasma_membrane_wga_intensity_cv_median,0,0.009821493223335673,0.009643107652664185,0.9818372250924484
plasma_membrane_wga,68,op_cp1_plasma_membrane_wga_intensity_cv_std,0,0.009253312119129747,0.009098919108510017,0.9833148381215254
plasma_membrane_wga,69,op_cp1_plasma_membrane_wga_intensity_cv_sum,0,3.063580991980175,3.6538994312286377,1.1926890265978916
plasma_membrane_wga,70,op_cp1_plasma_membrane_wga_intensity_cv_min,0,0.006075502318004185,0.0058021387085318565,0.9550055953954226
plasma_membrane_wga,71,op_cp1_plasma_membrane_wga_intensity_cv_max,0,0.051801828523840285,0.05218296870589256,1.0073576588493758
plasma_membrane_wga,0,op_cp1_plasma_membrane_wga_intensity_mean_mean,1,31.658170537039357,31.80177116394043,1.004535973635402
plasma_membrane_wga,1,op_cp1_plasma_membrane_wga_intensity_mean_median,1,34.587945222960855,34.326942443847656,0.9924539379997649
plasma_membrane_wga,2,op_cp1_plasma_membrane_wga_intensity_mean_std,1,10.540230721810591,10.531916618347168,0.9992112028965154
plasma_membrane_wga,3,op_cp1_plasma_membrane_wga_intensity_mean_sum,1,8959.725868848012,10682.8837890625,1.19232261627621
plasma_membrane_wga,4,op_cp1_plasma_membrane_wga_intensity_mean_min,1,23.78516565942505,23.75275993347168,0.9986375656820144
plasma_membrane_wga,5,op_cp1_plasma_membrane_wga_intensity_mean_max,1,48.15557850222272,50.30340576171875,1.044601836927302
plasma_membrane_wga,6,op_cp1_plasma_membrane_wga_intensity_max_mean,1,38.95989174419046,39.06962585449219,1.002816591766277
plasma_membrane_wga,7,op_cp1_plasma_membrane_wga_intensity_max_median,1,41.84163852855949,41.60417556762695,0.9943247212756628
plasma_membrane_wga,8,op_cp1_plasma_membrane_wga_intensity_max_std,1,14.96370654991023,14.699504852294922,0.9823438332786009
plasma_membrane_wga,9,op_cp1_plasma_membrane_wga_intensity_max_sum,1,9948.804224187728,11807.5107421875,1.1868271277748985
plasma_membrane_wga,10,op_cp1_plasma_membrane_wga_intensity_max_min,1,26.377793666717835,26.247631072998047,0.9950654480293392
plasma_membrane_wga,11,op_cp1_plasma_membrane_wga_intensity_max_max,1,71.4280270167552,73.0194320678711,1.0222798405273408
plasma_membrane_wga,12,op_cp1_plasma_membrane_wga_intensity_min_mean,1,26.168206428516033,26.30967903137207,1.0054062781582873
plasma_membrane_wga,13,op_cp1_plasma_membrane_wga_intensity_min_median,1,26.9675685216108,26.925758361816406,0.9984496132915769
plasma_membrane_wga,14,op_cp1_plasma_membrane_wga_intensity_min_std,1,9.734994364934174,9.768601417541504,1.003452190247627
plasma_membrane_wga,15,op_cp1_plasma_membrane_wga_intensity_min_sum,1,8146.235893096158,9745.9208984375,1.1963710634376616
plasma_membrane_wga,16,op_cp1_plasma_membrane_wga_intensity_min_min,1,19.66150395576081,19.8740291595459,1.0108092038260796
plasma_membrane_wga,17,op_cp1_plasma_membrane_wga_intensity_min_max,1,45.53817991652902,47.28663635253906,1.038395395670511
plasma_membrane_wga,18,op_cp1_plasma_membrane_wga_intensity_std_mean,1,3.587369711354068,3.528876781463623,0.9836947583893252
plasma_membrane_wga,19,op_cp1_plasma_membrane_wga_intensity_std_median,1,3.1374931023473436,3.1344852447509766,0.9990413181803917
plasma_membrane_wga,20,op_cp1_plasma_membrane_wga_intensity_std_std,1,3.3033798879434513,3.1468310356140137,0.9526094915995573
plasma_membrane_wga,21,op_cp1_plasma_membrane_wga_intensity_std_sum,1,501.2669327036674,566.2669067382812,1.1296713782495598
plasma_membrane_wga,22,op_cp1_plasma_membrane_wga_intensity_std_min,1,1.179927759496689,1.150894045829773,0.9753936514899008
plasma_membrane_wga,23,op_cp1_plasma_membrane_wga_intensity_std_max,1,16.869667577739495,17.205747604370117,1.0199221487371868
plasma_membrane_wga,24,op_cp1_plasma_membrane_wga_intensity_median_mean,1,31.572442069592462,31.669902801513672,1.0030868924141625
plasma_membrane_wga,25,op_cp1_plasma_membrane_wga_intensity_median_median,1,34.477321611974936,34.11471176147461,0.989482656031657
plasma_membrane_wga,26,op_cp1_plasma_membrane_wga_intensity_median_std,1,10.67373410273116,10.627195358276367,0.9956398816003029
plasma_membrane_wga,27,op_cp1_plasma_membrane_wga_intensity_median_sum,1,8905.74818694133,10604.3056640625,1.190725971750672
plasma_membrane_wga,28,op_cp1_plasma_membrane_wga_intensity_median_min,1,23.567149707944576,23.553020477294922,0.99940046926231
plasma_membrane_wga,29,op_cp1_plasma_membrane_wga_intensity_median_max,1,49.053703707892204,51.282127380371094,1.0454282450464665
plasma_membrane_wga,30,op_cp1_plasma_membrane_wga_intensity_q25_mean,1,29.50297833590098,29.652385711669922,1.0050641455268647
plasma_membrane_wga,31,op_cp1_plasma_membrane_wga_intensity_q25_median,1,31.712687354587658,31.531423568725586,0.9942841871508613
plasma_membrane_wga,32,op_cp1_plasma_membrane_wga_intensity_q25_std,1,9.980949011821771,10.02443790435791,1.0043571901313821
plasma_membrane_wga,33,op_cp1_plasma_membrane_wga_intensity_q25_sum,1,8588.678588150187,10241.9794921875,1.1924977034672568
plasma_membrane_wga,34,op_cp1_plasma_membrane_wga_intensity_q25_min,1,22.472685845198324,22.5039119720459,1.0013895146785157
plasma_membrane_wga,35,op_cp1_plasma_membrane_wga_intensity_q25_max,1,47.45974230666489,49.302978515625,1.0388378891113628
plasma_membrane_wga,36,op_cp1_plasma_membrane_wga_intensity_q75_mean,1,33.77341007977967,33.90971755981445,1.0040359406915913
plasma_membrane_wga,37,op_cp1_plasma_membrane_wga_intensity_q75_median,1,37.05779033304372,36.79524230957031,0.9929151732708872
plasma_membrane_wga,38,op_cp1_plasma_membrane_wga_intensity_q75_std,1,11.680563704687065,11.525397300720215,0.9867158462648008
plasma_membrane_wga,39,op_cp1_plasma_membrane_wga_intensity_q75_sum,1,9260.318887289062,11003.3193359375,1.1882225083027025
plasma_membrane_wga,40,op_cp1_plasma_membrane_wga_intensity_q75_min,1,24.72122585781795,24.62333106994629,0.9960400512323017
plasma_membrane_wga,41,op_cp1_plasma_membrane_wga_intensity_q75_max,1,51.80449406193916,53.49273681640625,1.0325887316349152
plasma_membrane_wga,42,op_cp1_plasma_membrane_wga_intensity_iqr_mean,1,5.311009669080792,5.098794937133789,0.9600424881200165
plasma_membrane_wga,43,op_cp1_plasma_membrane_wga_intensity_iqr_median,1,4.257908055173941,4.281907558441162,1.0056364540887768
plasma_membrane_wga,44,op_cp1_plasma_membrane_wga_intensity_iqr_std,1,5.731797659542513,5.234672546386719,0.9132689004943917
plasma_membrane_wga,45,op_cp1_plasma_membrane_wga_intensity_iqr_sum,1,702.3724367015835,792.6306762695312,1.1285048143287202
plasma_membrane_wga,46,op_cp1_plasma_membrane_wga_intensity_iqr_min,1,1.3180052400489026,1.3098987340927124,0.9938494129538594
plasma_membrane_wga,47,op_cp1_plasma_membrane_wga_intensity_iqr_max,1,29.948298303145556,30.61024284362793,1.0221029099477363
plasma_membrane_wga,48,op_cp1_plasma_membrane_wga_intensity_mad_mean,1,2.5143890858100444,2.4258453845977783,0.9647852030093662
plasma_membrane_wga,49,op_cp1_plasma_membrane_wga_intensity_mad_median,1,2.107080802674853,2.0840277671813965,0.9890592541756388
plasma_membrane_wga,50,op_cp1_plasma_membrane_wga_intensity_mad_std,1,2.600632893441378,2.395998954772949,0.9213137928138563
plasma_membrane_wga,51,op_cp1_plasma_membrane_wga_intensity_mad_sum,1,339.88253150008205,385.73895263671875,1.1349184405984267
plasma_membrane_wga,52,op_cp1_plasma_membrane_wga_intensity_mad_min,1,0.703810937967159,0.6824687123298645,0.9696761950035361
plasma_membrane_wga,53,op_cp1_plasma_membrane_wga_intensity_mad_max,1,13.949003031303244,14.276810646057129,1.023500433258079
plasma_membrane_wga,54,op_cp1_plasma_membrane_wga_intensity_integrated_mean,1,12002.267625565568,11338.6904296875,0.9447123479845919
plasma_membrane_wga,55,op_cp1_plasma_membrane_wga_intensity_integrated_median,1,1204.4894283976143,2311.72021484375,1.919253220776818
plasma_membrane_wga,56,op_cp1_plasma_membrane_wga_intensity_integrated_std,1,39184.32404511979,38848.70703125,0.9914349163332934
plasma_membrane_wga,57,op_cp1_plasma_membrane_wga_intensity_integrated_sum,1,523231.8663747504,617786.5,1.1807126815122675
plasma_membrane_wga,58,op_cp1_plasma_membrane_wga_intensity_integrated_min,1,286.8518298445959,297.835205078125,1.038289367857543
plasma_membrane_wga,59,op_cp1_plasma_membrane_wga_intensity_integrated_max,1,249105.50288431125,283472.71875,1.1379624916662296
plasma_membrane_wga,60,op_cp1_plasma_membrane_wga_intensity_range_mean,1,14.940484024436994,14.643501281738281,0.980122281030992
plasma_membrane_wga,61,op_cp1_plasma_membrane_wga_intensity_range_median,1,11.74531546761018,11.760161399841309,1.0012639875252451
plasma_membrane_wga,62,op_cp1_plasma_membrane_wga_intensity_range_std,1,15.212853147400661,14.643425941467285,0.962569335257754
plasma_membrane_wga,63,op_cp1_plasma_membrane_wga_intensity_range_sum,1,1882.8697519217937,2143.90380859375,1.1386362792251168
plasma_membrane_wga,64,op_cp1_plasma_membrane_wga_intensity_range_min,1,3.594563285108543,3.540564775466919,0.9849777273736346
plasma_membrane_wga,65,op_cp1_plasma_membrane_wga_intensity_range_max,1,75.007925761055,77.30204772949219,1.0305850607807143
plasma_membrane_wga,66,op_cp1_plasma_membrane_wga_intensity_cv_mean,1,0.010033666165217371,0.009911597706377506,0.9878341119955708
plasma_membrane_wga,67,op_cp1_plasma_membrane_wga_intensity_cv_median,1,0.009821493223335673,0.009623169898986816,0.9798072126265236
plasma_membrane_wga,68,op_cp1_plasma_membrane_wga_intensity_cv_std,1,0.009253312119129747,0.009123045951128006,0.985922211817276
plasma_membrane_wga,69,op_cp1_plasma_membrane_wga_intensity_cv_sum,1,3.063580991980175,3.565154552459717,1.163721331929059
plasma_membrane_wga,70,op_cp1_plasma_membrane_wga_intensity_cv_min,1,0.006075502318004185,0.005833458621054888,0.9601607102951762
plasma_membrane_wga,71,op_cp1_plasma_membrane_wga_intensity_cv_max,1,0.051801828523840285,0.052359871566295624,1.010772651436397
plasma_membrane_wga,0,op_cp1_plasma_membrane_wga_intensity_mean_mean,2,31.658170537039357,31.938034057617188,1.0088401671931861
plasma_membrane_wga,1,op_cp1_plasma_membrane_wga_intensity_mean_median,2,34.587945222960855,34.46175765991211,0.9963516895197065
plasma_membrane_wga,2,op_cp1_plasma_membrane_wga_intensity_mean_std,2,10.540230721810591,10.52210807800293,0.9982806217163577
plasma_membrane_wga,3,op_cp1_plasma_membrane_wga_intensity_mean_sum,2,8959.725868848012,10763.3671875,1.2013054132518777
plasma_membrane_wga,4,op_cp1_plasma_membrane_wga_intensity_mean_min,2,23.78516565942505,23.88224220275879,1.0040813902549075
plasma_membrane_wga,5,op_cp1_plasma_membrane_wga_intensity_mean_max,2,48.15557850222272,50.35325622558594,1.045637032961026
plasma_membrane_wga,6,op_cp1_plasma_membrane_wga_intensity_max_mean,2,38.95989174419046,39.16471481323242,1.0052572802405824
plasma_membrane_wga,7,op_cp1_plasma_membrane_wga_intensity_max_median,2,41.84163852855949,41.72146224975586,0.9971278304810743
plasma_membrane_wga,8,op_cp1_plasma_membrane_wga_intensity_max_std,2,14.96370654991023,14.712174415588379,0.9831905194422995
plasma_membrane_wga,9,op_cp1_plasma_membrane_wga_intensity_max_sum,2,9948.804224187728,11895.3876953125,1.1956600438867016
plasma_membrane_wga,10,op_cp1_plasma_membrane_wga_intensity_max_min,2,26.377793666717835,26.309783935546875,0.9974217050891269
plasma_membrane_wga,11,op_cp1_plasma_membrane_wga_intensity_max_max,2,71.4280270167552,73.09017181396484,1.0232702045209754
plasma_membrane_wga,12,op_cp1_plasma_membrane_wga_intensity_min_mean,2,26.168206428516033,26.4522762298584,1.010855531964652
plasma_membrane_wga,13,op_cp1_plasma_membrane_wga_intensity_min_median,2,26.9675685216108,27.07169532775879,1.0038611863010396
plasma_membrane_wga,14,op_cp1_plasma_membrane_wga_intensity_min_std,2,9.734994364934174,9.757772445678711,1.002339814476584
plasma_membrane_wga,15,op_cp1_plasma_membrane_wga_intensity_min_sum,2,8146.235893096158,9820.935546875,1.2055795677606305
plasma_membrane_wga,16,op_cp1_plasma_membrane_wga_intensity_min_min,2,19.66150395576081,20.023231506347656,1.0183977559092503
plasma_membrane_wga,17,op_cp1_plasma_membrane_wga_intensity_min_max,2,45.53817991652902,47.342430114746094,1.039620604106801
plasma_membrane_wga,18,op_cp1_plasma_membrane_wga_intensity_std_mean,2,3.587369711354068,3.5250909328460693,0.9826394312493397
plasma_membrane_wga,19,op_cp1_plasma_membrane_wga_intensity_std_median,2,3.1374931023473436,3.1359000205993652,0.9994922437449228
plasma_membrane_wga,20,op_cp1_plasma_membrane_wga_intensity_std_std,2,3.3033798879434513,3.1471831798553467,0.9527160927938729
plasma_membrane_wga,21,op_cp1_plasma_membrane_wga_intensity_std_sum,2,501.2669327036674,569.7025756835938,1.1365253491005425
plasma_membrane_wga,22,op_cp1_plasma_membrane_wga_intensity_std_min,2,1.179927759496689,1.1489611864089966,0.9737555347448545
plasma_membrane_wga,23,op_cp1_plasma_membrane_wga_intensity_std_max,2,16.869667577739495,17.193811416625977,1.019214595509529
plasma_membrane_wga,24,op_cp1_plasma_membrane_wga_intensity_median_mean,2,31.572442069592462,31.8147029876709,1.007673176422161
plasma_membrane_wga,25,op_cp1_plasma_membrane_wga_intensity_median_median,2,34.477321611974936,34.25946044921875,0.9936810299475085
plasma_membrane_wga,26,op_cp1_plasma_membrane_wga_intensity_median_std,2,10.67373410273116,10.619058609008789,0.9948775664452443
plasma_membrane_wga,27,op_cp1_plasma_membrane_wga_intensity_median_sum,2,8905.74818694133,10688.451171875,1.2001744207800173
plasma_membrane_wga,28,op_cp1_plasma_membrane_wga_intensity_median_min,2,23.567149707944576,23.697711944580078,1.0055400096428075
plasma_membrane_wga,29,op_cp1_plasma_membrane_wga_intensity_median_max,2,49.053703707892204,51.36288833618164,1.0470746233972525
plasma_membrane_wga,30,op_cp1_plasma_membrane_wga_intensity_q25_mean,2,29.50297833590098,29.79472541809082,1.0098887332278188
plasma_membrane_wga,31,op_cp1_plasma_membrane_wga_intensity_q25_median,2,31.712687354587658,31.63700294494629,0.997613434371073
plasma_membrane_wga,32,op_cp1_plasma_membrane_wga_intensity_q25_std,2,9.980949011821771,10.013337135314941,1.0032449943842823
plasma_membrane_wga,33,op_cp1_plasma_membrane_wga_intensity_q25_sum,2,8588.678588150187,10324.1123046875,1.2020606195383412
plasma_membrane_wga,34,op_cp1_plasma_membrane_wga_intensity_q25_min,2,22.472685845198324,22.661134719848633,1.0083856854471436
plasma_membrane_wga,35,op_cp1_plasma_membrane_wga_intensity_q25_max,2,47.45974230666489,49.381927490234375,1.0405013826486695
plasma_membrane_wga,36,op_cp1_plasma_membrane_wga_intensity_q75_mean,2,33.77341007977967,34.04364776611328,1.0080014924668623
plasma_membrane_wga,37,op_cp1_plasma_membrane_wga_intensity_q75_median,2,37.05779033304372,36.95119094848633,0.9971234284721413
plasma_membrane_wga,38,op_cp1_plasma_membrane_wga_intensity_q75_std,2,11.680563704687065,11.518889427185059,0.9861586922010338
plasma_membrane_wga,39,op_cp1_plasma_membrane_wga_intensity_q75_sum,2,9260.318887289062,11089.9150390625,1.1975737740829622
plasma_membrane_wga,40,op_cp1_plasma_membrane_wga_intensity_q75_min,2,24.72122585781795,24.746171951293945,1.0010090961354212
plasma_membrane_wga,41,op_cp1_plasma_membrane_wga_intensity_q75_max,2,51.80449406193916,53.49415969848633,1.0326161980180126
plasma_membrane_wga,42,op_cp1_plasma_membrane_wga_intensity_iqr_mean,2,5.311009669080792,5.103797435760498,0.9609843991573532
plasma_membrane_wga,43,op_cp1_plasma_membrane_wga_intensity_iqr_median,2,4.257908055173941,4.287110805511475,1.0068584736821755
plasma_membrane_wga,44,op_cp1_plasma_membrane_wga_intensity_iqr_std,2,5.731797659542513,5.244812965393066,0.9150380520954545
plasma_membrane_wga,45,op_cp1_plasma_membrane_wga_intensity_iqr_sum,2,702.3724367015835,797.1624755859375,1.134956945818515
plasma_membrane_wga,46,op_cp1_plasma_membrane_wga_intensity_iqr_min,2,1.3180052400489026,1.3052127361297607,0.9902940416847908
plasma_membrane_wga,47,op_cp1_plasma_membrane_wga_intensity_iqr_max,2,29.948298303145556,30.46227264404297,1.0171620549419806
plasma_membrane_wga,48,op_cp1_plasma_membrane_wga_intensity_mad_mean,2,2.5143890858100444,2.430490016937256,0.9666324240165244
plasma_membrane_wga,49,op_cp1_plasma_membrane_wga_intensity_mad_median,2,2.107080802674853,2.084144353866577,0.9891145850794336
plasma_membrane_wga,50,op_cp1_plasma_membrane_wga_intensity_mad_std,2,2.600632893441378,2.4047577381134033,0.9246817358105566
plasma_membrane_wga,51,op_cp1_plasma_membrane_wga_intensity_mad_sum,2,339.88253150008205,388.0086364746094,1.14159628846508
plasma_membrane_wga,52,op_cp1_plasma_membrane_wga_intensity_mad_min,2,0.703810937967159,0.6826342344284058,0.9699113747792573
plasma_membrane_wga,53,op_cp1_plasma_membrane_wga_intensity_mad_max,2,13.949003031303244,14.181007385253906,1.016632325151125
plasma_membrane_wga,54,op_cp1_plasma_membrane_wga_intensity_integrated_mean,2,12002.267625565568,11548.4462890625,0.9621887004472055
plasma_membrane_wga,55,op_cp1_plasma_membrane_wga_intensity_integrated_median,2,1204.4894283976143,2041.9013671875,1.6952422487459535
plasma_membrane_wga,56,op_cp1_plasma_membrane_wga_intensity_integrated_std,2,39184.32404511979,39357.11328125,1.004409652082584
plasma_membrane_wga,57,op_cp1_plasma_membrane_wga_intensity_integrated_sum,2,523231.8663747504,616528.8125,1.1783089909482467
plasma_membrane_wga,58,op_cp1_plasma_membrane_wga_intensity_integrated_min,2,286.8518298445959,298.7327880859375,1.0414184502423367
plasma_membrane_wga,59,op_cp1_plasma_membrane_wga_intensity_integrated_max,2,249105.50288431125,280869.3125,1.1275114730421687
plasma_membrane_wga,60,op_cp1_plasma_membrane_wga_intensity_range_mean,2,14.940484024436994,14.5997314453125,0.9771926680175053
plasma_membrane_wga,61,op_cp1_plasma_membrane_wga_intensity_range_median,2,11.74531546761018,11.707164764404297,0.9967518366525709
plasma_membrane_wga,62,op_cp1_plasma_membrane_wga_intensity_range_std,2,15.212853147400661,14.628983497619629,0.9616199772571397
plasma_membrane_wga,63,op_cp1_plasma_membrane_wga_intensity_range_sum,2,1882.8697519217937,2157.181396484375,1.1456880616848824
plasma_membrane_wga,64,op_cp1_plasma_membrane_wga_intensity_range_min,2,3.594563285108543,3.5101993083953857,0.9765301178413918
plasma_membrane_wga,65,op_cp1_plasma_membrane_wga_intensity_range_max,2,75.007925761055,77.3437271118164,1.0311407271573183
plasma_membrane_wga,66,op_cp1_plasma_membrane_wga_intensity_cv_mean,2,0.010033666165217371,0.00991566851735115,0.9882398272054067
plasma_membrane_wga,67,op_cp1_plasma_membrane_wga_intensity_cv_median,2,0.009821493223335673,0.009568371810019016,0.9742278075684819
plasma_membrane_wga,68,op_cp1_plasma_membrane_wga_intensity_cv_std,2,0.009253312119129747,0.009150908328592777,0.988933282567518
plasma_membrane_wga,69,op_cp1_plasma_membrane_wga_intensity_cv_sum,2,3.063580991980175,3.588919162750244,1.1714784665870746
plasma_membrane_wga,70,op_cp1_plasma_membrane_wga_intensity_cv_min,2,0.006075502318004185,0.005844874773174524,0.9620397569191576
plasma_membrane_wga,71,op_cp1_plasma_membrane_wga_intensity_cv_max,2,0.051801828523840285,0.05237617343664169,1.0110873482494365
plasma_membrane_wga,0,op_cp1_plasma_membrane_wga_intensity_mean_mean,3,31.658170537039357,31.866777420043945,1.0065893536949813
plasma_membrane_wga,1,op_cp1_plasma_membrane_wga_intensity_mean_median,3,34.587945222960855,34.425045013427734,0.9952902605667081
plasma_membrane_wga,2,op_cp1_plasma_membrane_wga_intensity_mean_std,3,10.540230721810591,10.4346342086792,0.9899815747948587
plasma_membrane_wga,3,op_cp1_plasma_membrane_wga_intensity_mean_sum,3,8959.725868848012,10763.9130859375,1.20136634128087
plasma_membrane_wga,4,op_cp1_plasma_membrane_wga_intensity_mean_min,3,23.78516565942505,23.83395004272461,1.002051042401726
plasma_membrane_wga,5,op_cp1_plasma_membrane_wga_intensity_mean_max,3,48.15557850222272,50.2744026184082,1.043999556896356
plasma_membrane_wga,6,op_cp1_plasma_membrane_wga_intensity_max_mean,3,38.95989174419046,39.101932525634766,1.003645820742443
plasma_membrane_wga,7,op_cp1_plasma_membrane_wga_intensity_max_median,3,41.84163852855949,41.70604705810547,0.996759412986146
plasma_membrane_wga,8,op_cp1_plasma_membrane_wga_intensity_max_std,3,14.96370654991023,14.59477710723877,0.975345049607801
plasma_membrane_wga,9,op_cp1_plasma_membrane_wga_intensity_max_sum,3,9948.804224187728,11893.1484375,1.1954349658007284
plasma_membrane_wga,10,op_cp1_plasma_membrane_wga_intensity_max_min,3,26.377793666717835,26.261877059936523,0.9956055230302461
plasma_membrane_wga,11,op_cp1_plasma_membrane_wga_intensity_max_max,3,71.4280270167552,72.92858123779297,1.0210079192119612
plasma_membrane_wga,12,op_cp1_plasma_membrane_wga_intensity_min_mean,3,26.168206428516033,26.38164710998535,1.0081564887548704
plasma_membrane_wga,13,op_cp1_plasma_membrane_wga_intensity_min_median,3,26.9675685216108,27.035539627075195,1.002520475860103
plasma_membrane_wga,14,op_cp1_plasma_membrane_wga_intensity_min_std,3,9.734994364934174,9.685433387756348,0.9949089875843845
plasma_membrane_wga,15,op_cp1_plasma_membrane_wga_intensity_min_sum,3,8146.235893096158,9823.5380859375,1.2058990452587846
plasma_membrane_wga,16,op_cp1_plasma_membrane_wga_intensity_min_min,3,19.66150395576081,19.966001510620117,1.015486992019758
plasma_membrane_wga,17,op_cp1_plasma_membrane_wga_intensity_min_max,3,45.53817991652902,47.3392219543457,1.0395501542028684
plasma_membrane_wga,18,op_cp1_plasma_membrane_wga_intensity_std_mean,3,3.587369711354068,3.516547203063965,0.9802578172899356
plasma_membrane_wga,19,op_cp1_plasma_membrane_wga_intensity_std_median,3,3.1374931023473436,3.131863594055176,0.99820573046425
plasma_membrane_wga,20,op_cp1_plasma_membrane_wga_intensity_std_std,3,3.3033798879434513,3.121375799179077,0.9449036759506088
plasma_membrane_wga,21,op_cp1_plasma_membrane_wga_intensity_std_sum,3,501.2669327036674,569.3089599609375,1.1357401073521327
plasma_membrane_wga,22,op_cp1_plasma_membrane_wga_intensity_std_min,3,1.179927759496689,1.1335389614105225,0.9606850523578204
plasma_membrane_wga,23,op_cp1_plasma_membrane_wga_intensity_std_max,3,16.869667577739495,17.14822006225586,1.0165120316231915
plasma_membrane_wga,24,op_cp1_plasma_membrane_wga_intensity_median_mean,3,31.572442069592462,31.749887466430664,1.005620262013533
plasma_membrane_wga,25,op_cp1_plasma_membrane_wga_intensity_median_median,3,34.477321611974936,34.22842025756836,0.9927807224352333
plasma_membrane_wga,26,op_cp1_plasma_membrane_wga_intensity_median_std,3,10.67373410273116,10.538676261901855,0.9873467111388182
plasma_membrane_wga,27,op_cp1_plasma_membrane_wga_intensity_median_sum,3,8905.74818694133,10698.794921875,1.2013358897305058
plasma_membrane_wga,28,op_cp1_plasma_membrane_wga_intensity_median_min,3,23.567149707944576,23.66654396057129,1.0042174914598692
plasma_membrane_wga,29,op_cp1_plasma_membrane_wga_intensity_median_max,3,49.053703707892204,51.30621337890625,1.0459192578898306
plasma_membrane_wga,30,op_cp1_plasma_membrane_wga_intensity_q25_mean,3,29.50297833590098,29.726938247680664,1.007591095015216
plasma_membrane_wga,31,op_cp1_plasma_membrane_wga_intensity_q25_median,3,31.712687354587658,31.581022262573242,0.9958481887535346
plasma_membrane_wga,32,op_cp1_plasma_membrane_wga_intensity_q25_std,3,9.980949011821771,9.944231986999512,0.9963212892101974
plasma_membrane_wga,33,op_cp1_plasma_membrane_wga_intensity_q25_sum,3,8588.678588150187,10334.6455078125,1.2032870250926873
plasma_membrane_wga,34,op_cp1_plasma_membrane_wga_intensity_q25_min,3,22.472685845198324,22.631187438964844,1.0070530774495914
plasma_membrane_wga,35,op_cp1_plasma_membrane_wga_intensity_q25_max,3,47.45974230666489,49.434661865234375,1.0416125217412346
plasma_membrane_wga,36,op_cp1_plasma_membrane_wga_intensity_q75_mean,3,33.77341007977967,33.97054672241211,1.0058370369520506
plasma_membrane_wga,37,op_cp1_plasma_membrane_wga_intensity_q75_median,3,37.05779033304372,36.912376403808594,0.9960760226681551
plasma_membrane_wga,38,op_cp1_plasma_membrane_wga_intensity_q75_std,3,11.680563704687065,11.424568176269531,0.9780836323580162
plasma_membrane_wga,39,op_cp1_plasma_membrane_wga_intensity_q75_sum,3,9260.318887289062,11100.33203125,1.1986986805051156
plasma_membrane_wga,40,op_cp1_plasma_membrane_wga_intensity_q75_min,3,24.72122585781795,24.700620651245117,0.9991664973779479
plasma_membrane_wga,41,op_cp1_plasma_membrane_wga_intensity_q75_max,3,51.80449406193916,53.44667434692383,1.031699571913997
plasma_membrane_wga,42,op_cp1_plasma_membrane_wga_intensity_iqr_mean,3,5.311009669080792,5.086350917816162,0.9576994271781258
plasma_membrane_wga,43,op_cp1_plasma_membrane_wga_intensity_iqr_median,3,4.257908055173941,4.291916847229004,1.0079872067725222
plasma_membrane_wga,44,op_cp1_plasma_membrane_wga_intensity_iqr_std,3,5.731797659542513,5.1987128257751465,0.9069951757840113
plasma_membrane_wga,45,op_cp1_plasma_membrane_wga_intensity_iqr_sum,3,702.3724367015835,796.6454467773438,1.134220828081575
plasma_membrane_wga,46,op_cp1_plasma_membrane_wga_intensity_iqr_min,3,1.3180052400489026,1.276937484741211,0.9688409772132864
plasma_membrane_wga,47,op_cp1_plasma_membrane_wga_intensity_iqr_max,3,29.948298303145556,30.284021377563477,1.0112100885005095
plasma_membrane_wga,48,op_cp1_plasma_membrane_wga_intensity_mad_mean,3,2.5143890858100444,2.427257537841797,0.9653468317771603
plasma_membrane_wga,49,op_cp1_plasma_membrane_wga_intensity_mad_median,3,2.107080802674853,2.0872161388397217,0.9905724242706241
plasma_membrane_wga,50,op_cp1_plasma_membrane_wga_intensity_mad_std,3,2.600632893441378,2.390559196472168,0.9192220872469153
plasma_membrane_wga,51,op_cp1_plasma_membrane_wga_intensity_mad_sum,3,339.88253150008205,387.8134460449219,1.141022000552059
plasma_membrane_wga,52,op_cp1_plasma_membrane_wga_intensity_mad_min,3,0.703810937967159,0.6757024526596069,0.960062448888989
plasma_membrane_wga,53,op_cp1_plasma_membrane_wga_intensity_mad_max,3,13.949003031303244,14.113088607788086,1.0117632476039051
plasma_membrane_wga,54,op_cp1_plasma_membrane_wga_intensity_integrated_mean,3,12002.267625565568,11494.2763671875,0.9576753931652036
plasma_membrane_wga,55,op_cp1_plasma_membrane_wga_intensity_integrated_median,3,1204.4894283976143,1849.7762451171875,1.5357347283471194
plasma_membrane_wga,56,op_cp1_plasma_membrane_wga_intensity_integrated_std,3,39184.32404511979,39194.625,1.0002628845879373
plasma_membrane_wga,57,op_cp1_plasma_membrane_wga_intensity_integrated_sum,3,523231.8663747504,612756.9375,1.1711001888044978
plasma_membrane_wga,58,op_cp1_plasma_membrane_wga_intensity_integrated_min,3,286.8518298445959,299.7428894042969,1.044939784998704
plasma_membrane_wga,59,op_cp1_plasma_membrane_wga_intensity_integrated_max,3,249105.50288431125,280030.9375,1.124145931172187
plasma_membrane_wga,60,op_cp1_plasma_membrane_wga_intensity_range_mean,3,14.940484024436994,14.601970672607422,0.9773425445068652
plasma_membrane_wga,61,op_cp1_plasma_membrane_wga_intensity_range_median,3,11.74531546761018,11.720943450927734,0.9979249585292405
plasma_membrane_wga,62,op_cp1_plasma_membrane_wga_intensity_range_std,3,15.212853147400661,14.572697639465332,0.9579200889055641
plasma_membrane_wga,63,op_cp1_plasma_membrane_wga_intensity_range_sum,3,1882.8697519217937,2151.552490234375,1.1426985260336484
plasma_membrane_wga,64,op_cp1_plasma_membrane_wga_intensity_range_min,3,3.594563285108543,3.4652042388916016,0.9640125834610156
plasma_membrane_wga,65,op_cp1_plasma_membrane_wga_intensity_range_max,3,75.007925761055,77.11442565917969,1.0280836975126488
plasma_membrane_wga,66,op_cp1_plasma_membrane_wga_intensity_cv_mean,3,0.010033666165217371,0.009914623573422432,0.9881356834247076
plasma_membrane_wga,67,op_cp1_plasma_membrane_wga_intensity_cv_median,3,0.009821493223335673,0.009629348292946815,0.9804362813250916
plasma_membrane_wga,68,op_cp1_plasma_membrane_wga_intensity_cv_std,3,0.009253312119129747,0.009085843339562416,0.9819017474595808
plasma_membrane_wga,69,op_cp1_plasma_membrane_wga_intensity_cv_sum,3,3.063580991980175,3.588669538497925,1.1713969853881205
plasma_membrane_wga,70,op_cp1_plasma_membrane_wga_intensity_cv_min,3,0.006075502318004185,0.0057909851893782616,0.9531697769610287
plasma_membrane_wga,71,op_cp1_plasma_membrane_wga_intensity_cv_max,3,0.051801828523840285,0.052323490381240845,1.0100703367480643
plasma_membrane_wga,0,op_cp1_plasma_membrane_wga_intensity_mean_mean,4,31.658170537039357,32.00697708129883,1.011017899592504
plasma_membrane_wga,1,op_cp1_plasma_membrane_wga_intensity_mean_median,4,34.587945222960855,34.594818115234375,1.0001987077355772
plasma_membrane_wga,2,op_cp1_plasma_membrane_wga_intensity_mean_std,4,10.540230721810591,10.502556800842285,0.9964257024383396
plasma_membrane_wga,3,op_cp1_plasma_membrane_wga_intensity_mean_sum,4,8959.725868848012,10895.779296875,1.216084002609771
plasma_membrane_wga,4,op_cp1_plasma_membrane_wga_intensity_mean_min,4,23.78516565942505,23.760156631469727,0.9989485451430768
plasma_membrane_wga,5,op_cp1_plasma_membrane_wga_intensity_mean_max,4,48.15557850222272,50.251949310302734,1.043533290914224
plasma_membrane_wga,6,op_cp1_plasma_membrane_wga_intensity_max_mean,4,38.95989174419046,39.28703308105469,1.008396874894115
plasma_membrane_wga,7,op_cp1_plasma_membrane_wga_intensity_max_median,4,41.84163852855949,41.94328308105469,1.00242926797491
plasma_membrane_wga,8,op_cp1_plasma_membrane_wga_intensity_max_std,4,14.96370654991023,14.674725532531738,0.9806878719243378
plasma_membrane_wga,9,op_cp1_plasma_membrane_wga_intensity_max_sum,4,9948.804224187728,12034.1142578125,1.209604087751061
plasma_membrane_wga,10,op_cp1_plasma_membrane_wga_intensity_max_min,4,26.377793666717835,26.249300003051758,0.9951287182965494
plasma_membrane_wga,11,op_cp1_plasma_membrane_wga_intensity_max_max,4,71.4280270167552,72.6266860961914,1.0167813550156584
plasma_membrane_wga,12,op_cp1_plasma_membrane_wga_intensity_min_mean,4,26.168206428516033,26.499929428100586,1.0126765661410813
plasma_membrane_wga,13,op_cp1_plasma_membrane_wga_intensity_min_median,4,26.9675685216108,27.135452270507812,1.006225394357021
plasma_membrane_wga,14,op_cp1_plasma_membrane_wga_intensity_min_std,4,9.734994364934174,9.819368362426758,1.008667082314552
plasma_membrane_wga,15,op_cp1_plasma_membrane_wga_intensity_min_sum,4,8146.235893096158,9945.2763671875,1.2208431596752567
plasma_membrane_wga,16,op_cp1_plasma_membrane_wga_intensity_min_min,4,19.66150395576081,19.912704467773438,1.0127762612960758
plasma_membrane_wga,17,op_cp1_plasma_membrane_wga_intensity_min_max,4,45.53817991652902,47.41569519042969,1.041229475515757
plasma_membrane_wga,18,op_cp1_plasma_membrane_wga_intensity_std_mean,4,3.587369711354068,3.512420177459717,0.979107385096904
plasma_membrane_wga,19,op_cp1_plasma_membrane_wga_intensity_std_median,4,3.1374931023473436,3.1156113147735596,0.9930257097434213
plasma_membrane_wga,20,op_cp1_plasma_membrane_wga_intensity_std_std,4,3.3033798879434513,3.13088059425354,0.9477809699334029
plasma_membrane_wga,21,op_cp1_plasma_membrane_wga_intensity_std_sum,4,501.2669327036674,574.7054443359375,1.1465057972928059
plasma_membrane_wga,22,op_cp1_plasma_membrane_wga_intensity_std_min,4,1.179927759496689,1.1302506923675537,0.9578982130649035
plasma_membrane_wga,23,op_cp1_plasma_membrane_wga_intensity_std_max,4,16.869667577739495,17.053163528442383,1.010877271283343
plasma_membrane_wga,24,op_cp1_plasma_membrane_wga_intensity_median_mean,4,31.572442069592462,31.88001823425293,1.0097419187271768
plasma_membrane_wga,25,op_cp1_plasma_membrane_wga_intensity_median_median,4,34.477321611974936,34.37723922729492,0.9970971531429734
plasma_membrane_wga,26,op_cp1_plasma_membrane_wga_intensity_median_std,4,10.67373410273116,10.591276168823242,0.9922746872730492
plasma_membrane_wga,27,op_cp1_plasma_membrane_wga_intensity_median_sum,4,8905.74818694133,10830.9697265625,1.2161774057842956
plasma_membrane_wga,28,op_cp1_plasma_membrane_wga_intensity_median_min,4,23.567149707944576,23.595048904418945,1.0011838171700909
plasma_membrane_wga,29,op_cp1_plasma_membrane_wga_intensity_median_max,4,49.053703707892204,51.240074157714844,1.0445709555967917
plasma_membrane_wga,30,op_cp1_plasma_membrane_wga_intensity_q25_mean,4,29.50297833590098,29.854005813598633,1.0118980353000666
plasma_membrane_wga,31,op_cp1_plasma_membrane_wga_intensity_q25_median,4,31.712687354587658,31.73822593688965,1.000805311199787
plasma_membrane_wga,32,op_cp1_plasma_membrane_wga_intensity_q25_std,4,9.980949011821771,10.024484634399414,1.00436187205506
plasma_membrane_wga,33,op_cp1_plasma_membrane_wga_intensity_q25_sum,4,8588.678588150187,10462.7099609375,1.2181978698531013
plasma_membrane_wga,34,op_cp1_plasma_membrane_wga_intensity_q25_min,4,22.472685845198324,22.55087661743164,1.0034793692561685
plasma_membrane_wga,35,op_cp1_plasma_membrane_wga_intensity_q25_max,4,47.45974230666489,49.473388671875,1.042428514512337
plasma_membrane_wga,36,op_cp1_plasma_membrane_wga_intensity_q75_mean,4,33.77341007977967,34.1003303527832,1.0096798123799544
plasma_membrane_wga,37,op_cp1_plasma_membrane_wga_intensity_q75_median,4,37.05779033304372,37.08574295043945,1.0007542980070998
plasma_membrane_wga,38,op_cp1_plasma_membrane_wga_intensity_q75_std,4,11.680563704687065,11.467448234558105,0.9817546930510346
plasma_membrane_wga,39,op_cp1_plasma_membrane_wga_intensity_q75_sum,4,9260.318887289062,11237.01171875,1.2134583976556352
plasma_membrane_wga,40,op_cp1_plasma_membrane_wga_intensity_q75_min,4,24.72122585781795,24.634050369262695,0.9964736583429707
plasma_membrane_wga,41,op_cp1_plasma_membrane_wga_intensity_q75_max,4,51.80449406193916,53.286346435546875,1.028604706993875
plasma_membrane_wga,42,op_cp1_plasma_membrane_wga_intensity_iqr_mean,4,5.311009669080792,5.062737464904785,0.953253294637858
plasma_membrane_wga,43,op_cp1_plasma_membrane_wga_intensity_iqr_median,4,4.257908055173941,4.258448123931885,1.0001268389901672
plasma_membrane_wga,44,op_cp1_plasma_membrane_wga_intensity_iqr_std,4,5.731797659542513,5.172373294830322,0.9023998406885769
plasma_membrane_wga,45,op_cp1_plasma_membrane_wga_intensity_iqr_sum,4,702.3724367015835,804.7796630859375,1.1458018866248074
plasma_membrane_wga,46,op_cp1_plasma_membrane_wga_intensity_iqr_min,4,1.3180052400489026,1.2699300050735474,0.9635242459479361
plasma_membrane_wga,47,op_cp1_plasma_membrane_wga_intensity_iqr_max,4,29.948298303145556,30.17636489868164,1.0076153440582007
plasma_membrane_wga,48,op_cp1_plasma_membrane_wga_intensity_mad_mean,4,2.5143890858100444,2.4265761375427246,0.9650758314363945
plasma_membrane_wga,49,op_cp1_plasma_membrane_wga_intensity_mad_median,4,2.107080802674853,2.08018159866333,0.987233900106073
plasma_membrane_wga,50,op_cp1_plasma_membrane_wga_intensity_mad_std,4,2.600632893441378,2.3898675441741943,0.918956131871315
plasma_membrane_wga,51,op_cp1_plasma_membrane_wga_intensity_mad_sum,4,339.88253150008205,391.8520202636719,1.152904265289013
plasma_membrane_wga,52,op_cp1_plasma_membrane_wga_intensity_mad_min,4,0.703810937967159,0.6706768870353699,0.9529219437431715
plasma_membrane_wga,53,op_cp1_plasma_membrane_wga_intensity_mad_max,4,13.949003031303244,14.163989067077637,1.0154122868345457
plasma_membrane_wga,54,op_cp1_plasma_membrane_wga_intensity_integrated_mean,4,12002.267625565568,11564.73046875,0.9635454590361252
plasma_membrane_wga,55,op_cp1_plasma_membrane_wga_intensity_integrated_median,4,1204.4894283976143,2106.185302734375,1.7486125266672756
plasma_membrane_wga,56,op_cp1_plasma_membrane_wga_intensity_integrated_std,4,39184.32404511979,39651.45703125,1.01192142514931
plasma_membrane_wga,57,op_cp1_plasma_membrane_wga_intensity_integrated_sum,4,523231.8663747504,619802.1875,1.1845650605998905
plasma_membrane_wga,58,op_cp1_plasma_membrane_wga_intensity_integrated_min,4,286.8518298445959,298.2891845703125,1.0398719950014363
plasma_membrane_wga,59,op_cp1_plasma_membrane_wga_intensity_integrated_max,4,249105.50288431125,284150.4375,1.1406831009749479
plasma_membrane_wga,60,op_cp1_plasma_membrane_wga_intensity_range_mean,4,14.940484024436994,14.65881061553955,0.9811469689712373
plasma_membrane_wga,61,op_cp1_plasma_membrane_wga_intensity_range_median,4,11.74531546761018,11.700384140014648,0.9961745320745587
plasma_membrane_wga,62,op_cp1_plasma_membrane_wga_intensity_range_std,4,15.212853147400661,14.732488632202148,0.9684237722835976
plasma_membrane_wga,63,op_cp1_plasma_membrane_wga_intensity_range_sum,4,1882.8697519217937,2169.302734375,1.152125754933846
plasma_membrane_wga,64,op_cp1_plasma_membrane_wga_intensity_range_min,4,3.594563285108543,3.4611964225769043,0.9628976173311102
plasma_membrane_wga,65,op_cp1_plasma_membrane_wga_intensity_range_max,4,75.007925761055,76.68849182128906,1.0224051797617717
plasma_membrane_wga,66,op_cp1_plasma_membrane_wga_intensity_cv_mean,4,0.010033666165217371,0.009865372441709042,0.9832270955862837
plasma_membrane_wga,67,op_cp1_plasma_membrane_wga_intensity_cv_median,4,0.009821493223335673,0.009596156887710094,0.9770568150380449
plasma_membrane_wga,68,op_cp1_plasma_membrane_wga_intensity_cv_std,4,0.009253312119129747,0.009113537147641182,0.9848946010153917
plasma_membrane_wga,69,op_cp1_plasma_membrane_wga_intensity_cv_sum,4,3.063580991980175,3.6254723072052,1.183409975677464
plasma_membrane_wga,70,op_cp1_plasma_membrane_wga_intensity_cv_min,4,0.006075502318004185,0.005763342138379812,0.9486198567154991
plasma_membrane_wga,71,op_cp1_plasma_membrane_wga_intensity_cv_max,4,0.051801828523840285,0.052342720329761505,1.0104415581714898
microtubules_map4,0,op_gfp_intensity_min_mean,0,4.13041651615206,4.199560165405273,1.0167401154297215
microtubules_map4,1,op_gfp_intensity_min_median,0,4.13607660651559,4.207318305969238,1.017224463236832
microtubules_map4,2,op_gfp_intensity_min_std,0,1.549045546489225,1.60877525806427,1.038559041540397
microtubules_map4,3,op_gfp_intensity_min_sum,0,2968.622527802974,2780.162109375,0.9365158700161685
microtubules_map4,4,op_gfp_intensity_min_min,0,3.158474162673737,3.2000014781951904,1.0131479041406182
microtubules_map4,5,op_gfp_intensity_min_max,0,8.141482215287802,8.198821067810059,1.0070428026501843
microtubules_map4,6,op_gfp_intensity_max_mean,0,7.143778510156322,7.310821056365967,1.023382940270637
microtubules_map4,7,op_gfp_intensity_max_median,0,6.465848326835706,6.773453235626221,1.04757378973983
microtubules_map4,8,op_gfp_intensity_max_std,0,6.637177794329529,6.501694679260254,0.9795872403501041
microtubules_map4,9,op_gfp_intensity_max_sum,0,3790.8878367869465,3549.788818359375,0.9364003819664787
microtubules_map4,10,op_gfp_intensity_max_min,0,4.805627222629598,4.786309242248535,0.9959801333965118
microtubules_map4,11,op_gfp_intensity_max_max,0,30.76150104845825,30.20646858215332,0.9819569121340798
microtubules_map4,12,op_gfp_intensity_mean_mean,0,5.374394667278738,5.393776893615723,1.0036064017506923
microtubules_map4,13,op_gfp_intensity_mean_median,0,5.377365052624506,5.360677719116211,0.996896745274872
microtubules_map4,14,op_gfp_intensity_mean_std,0,2.2306481756780894,2.227973699569702,0.9988010318536341
microtubules_map4,15,op_gfp_intensity_mean_sum,0,3311.0508020362204,3101.2021484375,0.9366217354715101
microtubules_map4,16,op_gfp_intensity_mean_min,0,3.8610473262760134,3.8523905277252197,0.9977579144156352
microtubules_map4,17,op_gfp_intensity_mean_max,0,10.926735300912183,10.93958568572998,1.0011760497956534
microtubules_map4,18,op_gfp_intensity_range_mean,0,3.6282688489844714,3.999513864517212,1.1023201507343232
microtubules_map4,19,op_gfp_intensity_range_median,0,2.4570659970529056,3.5082814693450928,1.4278336331026733
microtubules_map4,20,op_gfp_intensity_range_std,0,6.784253013335829,6.686867713928223,0.9856453909934998
microtubules_map4,21,op_gfp_intensity_range_sum,0,829.9717568195107,779.3754272460938,0.9390384923852055
microtubules_map4,22,op_gfp_intensity_range_min,0,1.633283008160081,1.6254792213439941,0.9952220241212953
microtubules_map4,23,op_gfp_intensity_range_max,0,30.57831658396667,30.285869598388672,0.9904361319311037
microtubules_map4,0,op_gfp_intensity_min_mean,1,4.13041651615206,4.288259506225586,1.038214787650659
microtubules_map4,1,op_gfp_intensity_min_median,1,4.13607660651559,4.299487113952637,1.039508578535423
microtubules_map4,2,op_gfp_intensity_min_std,1,1.549045546489225,1.62796950340271,1.0509500557245455
microtubules_map4,3,op_gfp_intensity_min_sum,1,2968.622527802974,2901.419921875,0.9773623607250229
microtubules_map4,4,op_gfp_intensity_min_min,1,3.158474162673737,3.2536542415618896,1.0301348290300971
microtubules_map4,5,op_gfp_intensity_min_max,1,8.141482215287802,8.237950325012207,1.0118489615494413
microtubules_map4,6,op_gfp_intensity_max_mean,1,7.143778510156322,7.463202953338623,1.0447136543676676
microtubules_map4,7,op_gfp_intensity_max_median,1,6.465848326835706,6.905580520629883,1.0680084300723731
microtubules_map4,8,op_gfp_intensity_max_std,1,6.637177794329529,6.532672882080078,0.9842546161203133
microtubules_map4,9,op_gfp_intensity_max_sum,1,3790.8878367869465,3704.2646484375,0.9771496303560208
microtubules_map4,10,op_gfp_intensity_max_min,1,4.805627222629598,4.925718307495117,1.0249896796613798
microtubules_map4,11,op_gfp_intensity_max_max,1,30.76150104845825,30.284719467163086,0.9845007049381597
microtubules_map4,12,op_gfp_intensity_mean_mean,1,5.374394667278738,5.519497394561768,1.0269988968555785
microtubules_map4,13,op_gfp_intensity_mean_median,1,5.377365052624506,5.4864277839660645,1.0202818165168699
microtubules_map4,14,op_gfp_intensity_mean_std,1,2.2306481756780894,2.2211015224456787,0.9957202335462388
microtubules_map4,15,op_gfp_intensity_mean_sum,1,3311.0508020362204,3236.2216796875,0.9774001889965862
microtubules_map4,16,op_gfp_intensity_mean_min,1,3.8610473262760134,3.9629852771759033,1.0264016320665537
microtubules_map4,17,op_gfp_intensity_mean_max,1,10.926735300912183,10.992070198059082,1.0059793612042056
microtubules_map4,18,op_gfp_intensity_range_mean,1,3.6282688489844714,4.0497589111328125,1.1161683656012187
microtubules_map4,19,op_gfp_intensity_range_median,1,2.4570659970529056,3.512223720550537,1.429438087850805
microtubules_map4,20,op_gfp_intensity_range_std,1,6.784253013335829,6.727593421936035,0.9916483669921482
microtubules_map4,21,op_gfp_intensity_range_sum,1,829.9717568195107,812.2190551757812,0.9786104749976571
microtubules_map4,22,op_gfp_intensity_range_min,1,1.633283008160081,1.6886062622070312,1.033872423683188
microtubules_map4,23,op_gfp_intensity_range_max,1,30.57831658396667,30.337934494018555,0.9921388056373857
microtubules_map4,0,op_gfp_intensity_min_mean,2,4.13041651615206,4.237520217895508,1.0259304845708943
microtubules_map4,1,op_gfp_intensity_min_median,2,4.13607660651559,4.256214618682861,1.0290463701707113
microtubules_map4,2,op_gfp_intensity_min_std,2,1.549045546489225,1.592109203338623,1.0278001230803044
microtubules_map4,3,op_gfp_intensity_min_sum,2,2968.622527802974,2915.6650390625,0.9821609220288215
microtubules_map4,4,op_gfp_intensity_min_min,2,3.158474162673737,3.2466132640838623,1.027905595192684
microtubules_map4,5,op_gfp_intensity_min_max,2,8.141482215287802,8.154314041137695,1.0015761043886822
microtubules_map4,6,op_gfp_intensity_max_mean,2,7.143778510156322,7.2583699226379395,1.0160407286310322
microtubules_map4,7,op_gfp_intensity_max_median,2,6.465848326835706,6.625604152679443,1.0247076358380833
microtubules_map4,8,op_gfp_intensity_max_std,2,6.637177794329529,6.430279731750488,0.968827403907154
microtubules_map4,9,op_gfp_intensity_max_sum,2,3790.8878367869465,3724.15478515625,0.9823964584277287
microtubules_map4,10,op_gfp_intensity_max_min,2,4.805627222629598,4.8865647315979,1.0168422362407075
microtubules_map4,11,op_gfp_intensity_max_max,2,30.76150104845825,30.344623565673828,0.9864480773507209
microtubules_map4,12,op_gfp_intensity_mean_mean,2,5.374394667278738,5.441860198974609,1.0125531405623458
microtubules_map4,13,op_gfp_intensity_mean_median,2,5.377365052624506,5.423685073852539,1.008613888172875
microtubules_map4,14,op_gfp_intensity_mean_std,2,2.2306481756780894,2.1665635108947754,0.9712708326296983
microtubules_map4,15,op_gfp_intensity_mean_sum,2,3311.0508020362204,3252.63134765625,0.9823562192570274
microtubules_map4,16,op_gfp_intensity_mean_min,2,3.8610473262760134,3.9363951683044434,1.0195148713965916
microtubules_map4,17,op_gfp_intensity_mean_max,2,10.926735300912183,10.85050106048584,0.9930231456764603
microtubules_map4,18,op_gfp_intensity_range_mean,2,3.6282688489844714,3.7219479084014893,1.02581921663364
microtubules_map4,19,op_gfp_intensity_range_median,2,2.4570659970529056,2.907749891281128,1.183423601469716
microtubules_map4,20,op_gfp_intensity_range_std,2,6.784253013335829,6.62720251083374,0.9768507303319357
microtubules_map4,21,op_gfp_intensity_range_sum,2,829.9717568195107,818.0027465820312,0.9855790150217337
microtubules_map4,22,op_gfp_intensity_range_min,2,1.633283008160081,1.6727238893508911,1.0241482223189482
microtubules_map4,23,op_gfp_intensity_range_max,2,30.57831658396667,30.457210540771484,0.996039479712278
microtubules_map4,0,op_gfp_intensity_min_mean,3,4.13041651615206,4.215121269226074,1.0205075572264384
microtubules_map4,1,op_gfp_intensity_min_median,3,4.13607660651559,4.233974456787109,1.0236692546064792
microtubules_map4,2,op_gfp_intensity_min_std,3,1.549045546489225,1.5403412580490112,0.9943808699105451
microtubules_map4,3,op_gfp_intensity_min_sum,3,2968.622527802974,2938.6123046875,0.9898908592000465
microtubules_map4,4,op_gfp_intensity_min_min,3,3.158474162673737,3.2642719745635986,1.0334964943326623
microtubules_map4,5,op_gfp_intensity_min_max,3,8.141482215287802,8.067293167114258,0.9908875256112168
microtubules_map4,6,op_gfp_intensity_max_mean,3,7.143778510156322,7.045900821685791,0.9862988909396648
microtubules_map4,7,op_gfp_intensity_max_median,3,6.465848326835706,6.349002361297607,0.9819287493872777
microtubules_map4,8,op_gfp_intensity_max_std,3,6.637177794329529,6.163328170776367,0.9286067605484375
microtubules_map4,9,op_gfp_intensity_max_sum,3,3790.8878367869465,3750.71826171875,0.989403649805096
microtubules_map4,10,op_gfp_intensity_max_min,3,4.805627222629598,4.902620315551758,1.0201832327870588
microtubules_map4,11,op_gfp_intensity_max_max,3,30.76150104845825,30.255054473876953,0.9835363503951418
microtubules_map4,12,op_gfp_intensity_mean_mean,3,5.374394667278738,5.391895294189453,1.0032562973123775
microtubules_map4,13,op_gfp_intensity_mean_median,3,5.377365052624506,5.376519203186035,0.999842701875325
microtubules_map4,14,op_gfp_intensity_mean_std,3,2.2306481756780894,2.1245222091674805,0.9524237090959681
microtubules_map4,15,op_gfp_intensity_mean_sum,3,3311.0508020362204,3276.86474609375,0.98967516417403
microtubules_map4,16,op_gfp_intensity_mean_min,3,3.8610473262760134,3.9429497718811035,1.0212124946119439
microtubules_map4,17,op_gfp_intensity_mean_max,3,10.926735300912183,10.780374526977539,0.9866052604090788
microtubules_map4,18,op_gfp_intensity_range_mean,3,3.6282688489844714,3.3776936531066895,0.930938084715548
microtubules_map4,19,op_gfp_intensity_range_median,3,2.4570659970529056,2.2337541580200195,0.9091144318871636
microtubules_map4,20,op_gfp_intensity_range_std,3,6.784253013335829,6.339058876037598,0.9343783115955269
microtubules_map4,21,op_gfp_intensity_range_sum,3,829.9717568195107,821.4886474609375,0.9897790385168276
microtubules_map4,22,op_gfp_intensity_range_min,3,1.633283008160081,1.7096229791641235,1.0467401978852646
microtubules_map4,23,op_gfp_intensity_range_max,3,30.57831658396667,30.40485382080078,0.994327262500224
microtubules_map4,0,op_gfp_intensity_min_mean,4,4.13041651615206,4.164493083953857,1.0082501529006918
microtubules_map4,1,op_gfp_intensity_min_median,4,4.13607660651559,4.17575740814209,1.0095938265659756
microtubules_map4,2,op_gfp_intensity_min_std,4,1.549045546489225,1.5501680374145508,1.0007246339062592
microtubules_map4,3,op_gfp_intensity_min_sum,4,2968.622527802974,2848.61767578125,0.9595755772592154
microtubules_map4,4,op_gfp_intensity_min_min,4,3.158474162673737,3.2413253784179688,1.0262314052536354
microtubules_map4,5,op_gfp_intensity_min_max,4,8.141482215287802,8.089303016662598,0.9935909460654199
microtubules_map4,6,op_gfp_intensity_max_mean,4,7.143778510156322,7.09750509262085,0.9935225570796063
microtubules_map4,7,op_gfp_intensity_max_median,4,6.465848326835706,6.490793704986572,1.0038580209262462
microtubules_map4,8,op_gfp_intensity_max_std,4,6.637177794329529,6.289074897766113,0.9475525731944657
microtubules_map4,9,op_gfp_intensity_max_sum,4,3790.8878367869465,3639.870849609375,0.9601631613280415
microtubules_map4,10,op_gfp_intensity_max_min,4,4.805627222629598,4.8040924072265625,0.9996806212109404
microtubules_map4,11,op_gfp_intensity_max_max,4,30.76150104845825,30.121915817260742,0.9792082567690706
microtubules_map4,12,op_gfp_intensity_mean_mean,4,5.374394667278738,5.3271589279174805,0.9912109656462623
microtubules_map4,13,op_gfp_intensity_mean_median,4,5.377365052624506,5.2980637550354,0.9852527591463404
microtubules_map4,14,op_gfp_intensity_mean_std,4,2.2306481756780894,2.1531496047973633,0.9652573759834773
microtubules_map4,15,op_gfp_intensity_mean_sum,4,3311.0508020362204,3178.852783203125,0.9600736966186696
microtubules_map4,16,op_gfp_intensity_mean_min,4,3.8610473262760134,3.8692233562469482,1.0021175679239396
microtubules_map4,17,op_gfp_intensity_mean_max,4,10.926735300912183,10.836387634277344,0.991731504045193
microtubules_map4,18,op_gfp_intensity_range_mean,4,3.6282688489844714,3.695601224899292,1.018557714082755
microtubules_map4,19,op_gfp_intensity_range_median,4,2.4570659970529056,2.987093448638916,1.2157155942175524
microtubules_map4,20,op_gfp_intensity_range_std,4,6.784253013335829,6.48138427734375,0.9553570989471164
microtubules_map4,21,op_gfp_intensity_range_sum,4,829.9717568195107,801.0180053710938,0.9651147750384073
microtubules_map4,22,op_gfp_intensity_range_min,4,1.633283008160081,1.6344588994979858,1.0007199556549782
microtubules_map4,23,op_gfp_intensity_range_max,4,30.57831658396667,30.292509078979492,0.9906532622813828
lipid_droplet_plin2,0,op_gfp_intensity_min_mean,0,6.308837272710613,10.182262420654297,1.6139681498361829
lipid_droplet_plin2,1,op_gfp_intensity_min_median,0,6.279681291666264,10.03591251373291,1.5981563470508486
lipid_droplet_plin2,2,op_gfp_intensity_min_std,0,5.069504916953177,6.811890602111816,1.3436993776910726
lipid_droplet_plin2,3,op_gfp_intensity_min_sum,0,5187.895567169913,6339.75439453125,1.2220281446393293
lipid_droplet_plin2,4,op_gfp_intensity_min_min,0,4.96049693801234,8.308509826660156,1.6749349773793747
lipid_droplet_plin2,5,op_gfp_intensity_min_max,0,10.828485652380905,14.539958000183105,1.3427508210241885
lipid_droplet_plin2,6,op_gfp_intensity_max_mean,0,67.05820912735311,106.3257827758789,1.5855744458363192
lipid_droplet_plin2,7,op_gfp_intensity_max_median,0,68.95988874031627,104.84552001953125,1.52038412379623
lipid_droplet_plin2,8,op_gfp_intensity_max_std,0,59.84767756321119,80.84686279296875,1.3508771949851888
lipid_droplet_plin2,9,op_gfp_intensity_max_sum,0,5908.637453436315,7168.30126953125,1.2131902365006921
lipid_droplet_plin2,10,op_gfp_intensity_max_min,0,56.48589019905148,73.7651596069336,1.3059041708821695
lipid_droplet_plin2,11,op_gfp_intensity_max_max,0,106.79539569337419,156.995849609375,1.4700619684029632
lipid_droplet_plin2,12,op_gfp_intensity_mean_mean,0,13.851283821718381,24.032934188842773,1.735069073608894
lipid_droplet_plin2,13,op_gfp_intensity_mean_median,0,13.63427799475772,23.840946197509766,1.7486034982326482
lipid_droplet_plin2,14,op_gfp_intensity_mean_std,0,10.510770954863407,13.106562614440918,1.2469649153924738
lipid_droplet_plin2,15,op_gfp_intensity_mean_sum,0,5534.170935918817,6759.9267578125,1.2214886088787165
lipid_droplet_plin2,16,op_gfp_intensity_mean_min,0,11.03845612267955,20.173715591430664,1.8275848875262422
lipid_droplet_plin2,17,op_gfp_intensity_mean_max,0,23.974313297885093,31.54676628112793,1.3158569294208249
lipid_droplet_plin2,18,op_gfp_intensity_range_mean,0,66.99585421324471,100.42176818847656,1.4989251106320507
lipid_droplet_plin2,19,op_gfp_intensity_range_median,0,68.90697245946893,99.03070831298828,1.4371652791920022
lipid_droplet_plin2,20,op_gfp_intensity_range_std,0,60.39407759848701,82.88455963134766,1.3723954885507528
lipid_droplet_plin2,21,op_gfp_intensity_range_sum,0,755.4575046190464,878.7803344726562,1.1632425769809485
lipid_droplet_plin2,22,op_gfp_intensity_range_min,0,57.25119389252316,68.40709686279297,1.1948588703881464
lipid_droplet_plin2,23,op_gfp_intensity_range_max,0,106.37281300210093,153.56866455078125,1.4436834019586207
lipid_droplet_plin2,0,op_gfp_intensity_min_mean,1,6.308837272710613,10.204448699951172,1.617484848450814
lipid_droplet_plin2,1,op_gfp_intensity_min_median,1,6.279681291666264,10.043094635009766,1.599300054978572
lipid_droplet_plin2,2,op_gfp_intensity_min_std,1,5.069504916953177,6.883635997772217,1.3578517252744575
lipid_droplet_plin2,3,op_gfp_intensity_min_sum,1,5187.895567169913,6192.380859375,1.1936209546240057
lipid_droplet_plin2,4,op_gfp_intensity_min_min,1,4.96049693801234,8.32013988494873,1.67727951229874
lipid_droplet_plin2,5,op_gfp_intensity_min_max,1,10.828485652380905,14.613805770874023,1.3495705900169728
lipid_droplet_plin2,6,op_gfp_intensity_max_mean,1,67.05820912735311,105.84078216552734,1.5783419143287973
lipid_droplet_plin2,7,op_gfp_intensity_max_median,1,68.95988874031627,104.2109375,1.5111819262416353
lipid_droplet_plin2,8,op_gfp_intensity_max_std,1,59.84767756321119,81.69931030273438,1.3651208138602113
lipid_droplet_plin2,9,op_gfp_intensity_max_sum,1,5908.637453436315,6999.5771484375,1.1846347323893975
lipid_droplet_plin2,10,op_gfp_intensity_max_min,1,56.48589019905148,72.73322296142578,1.2876352431575404
lipid_droplet_plin2,11,op_gfp_intensity_max_max,1,106.79539569337419,157.35787963867188,1.4734519088301359
lipid_droplet_plin2,12,op_gfp_intensity_mean_mean,1,13.851283821718381,23.799001693725586,1.7181802062570903
lipid_droplet_plin2,13,op_gfp_intensity_mean_median,1,13.63427799475772,23.569543838500977,1.7286976140257146
lipid_droplet_plin2,14,op_gfp_intensity_mean_std,1,10.510770954863407,13.433733940124512,1.278092158778194
lipid_droplet_plin2,15,op_gfp_intensity_mean_sum,1,5534.170935918817,6602.8203125,1.1931001750678232
lipid_droplet_plin2,16,op_gfp_intensity_mean_min,1,11.03845612267955,19.721220016479492,1.7865922369307048
lipid_droplet_plin2,17,op_gfp_intensity_mean_max,1,23.974313297885093,31.751253128051758,1.324386343564331
lipid_droplet_plin2,18,op_gfp_intensity_range_mean,1,66.99585421324471,99.93206787109375,1.4916156983835833
lipid_droplet_plin2,19,op_gfp_intensity_range_median,1,68.90697245946893,98.3900375366211,1.4278676601920668
lipid_droplet_plin2,20,op_gfp_intensity_range_std,1,60.39407759848701,83.75929260253906,1.3868792426864949
lipid_droplet_plin2,21,op_gfp_intensity_range_sum,1,755.4575046190464,857.6552734375,1.1352793084900106
lipid_droplet_plin2,22,op_gfp_intensity_range_min,1,57.25119389252316,67.3404312133789,1.1762275445259032
lipid_droplet_plin2,23,op_gfp_intensity_range_max,1,106.37281300210093,153.94970703125,1.4472655435765283
lipid_droplet_plin2,0,op_gfp_intensity_min_mean,2,6.308837272710613,10.18159294128418,1.6138620321252357
lipid_droplet_plin2,1,op_gfp_intensity_min_median,2,6.279681291666264,10.00091552734375,1.5925832956866648
lipid_droplet_plin2,2,op_gfp_intensity_min_std,2,5.069504916953177,7.135416030883789,1.407517331134624
lipid_droplet_plin2,3,op_gfp_intensity_min_sum,2,5187.895567169913,6211.4970703125,1.1973057263565887
lipid_droplet_plin2,4,op_gfp_intensity_min_min,2,4.96049693801234,8.30080509185791,1.6733817590428801
lipid_droplet_plin2,5,op_gfp_intensity_min_max,2,10.828485652380905,14.721196174621582,1.3594879881827955
lipid_droplet_plin2,6,op_gfp_intensity_max_mean,2,67.05820912735311,105.88636016845703,1.5790215925296145
lipid_droplet_plin2,7,op_gfp_intensity_max_median,2,68.95988874031627,104.17691802978516,1.5106886036618534
lipid_droplet_plin2,8,op_gfp_intensity_max_std,2,59.84767756321119,81.85421752929688,1.367709172053374
lipid_droplet_plin2,9,op_gfp_intensity_max_sum,2,5908.637453436315,7021.55517578125,1.1883543763034048
lipid_droplet_plin2,10,op_gfp_intensity_max_min,2,56.48589019905148,72.51117706298828,1.2837042455640701
lipid_droplet_plin2,11,op_gfp_intensity_max_max,2,106.79539569337419,157.7689666748047,1.4773012043307876
lipid_droplet_plin2,12,op_gfp_intensity_mean_mean,2,13.851283821718381,23.598352432250977,1.7036942377319202
lipid_droplet_plin2,13,op_gfp_intensity_mean_median,2,13.63427799475772,23.375591278076172,1.7144722505338321
lipid_droplet_plin2,14,op_gfp_intensity_mean_std,2,10.510770954863407,13.485878944396973,1.283053260537179
lipid_droplet_plin2,15,op_gfp_intensity_mean_sum,2,5534.170935918817,6623.234375,1.1967889050937617
lipid_droplet_plin2,16,op_gfp_intensity_mean_min,2,11.03845612267955,19.49913215637207,1.766472769349444
lipid_droplet_plin2,17,op_gfp_intensity_mean_max,2,23.974313297885093,31.64411163330078,1.319917331525499
lipid_droplet_plin2,18,op_gfp_intensity_range_mean,2,66.99585421324471,100.10009765625,1.4941237608171396
lipid_droplet_plin2,19,op_gfp_intensity_range_median,2,68.90697245946893,98.50807189941406,1.4295806125767097
lipid_droplet_plin2,20,op_gfp_intensity_range_std,2,60.39407759848701,83.81381225585938,1.3877819744689515
lipid_droplet_plin2,21,op_gfp_intensity_range_sum,2,755.4575046190464,860.2899169921875,1.1387667893060442
lipid_droplet_plin2,22,op_gfp_intensity_range_min,2,57.25119389252316,67.24282836914062,1.1745227269037326
lipid_droplet_plin2,23,op_gfp_intensity_range_max,2,106.37281300210093,154.3777618408203,1.4512896433205282
lipid_droplet_plin2,0,op_gfp_intensity_min_mean,3,6.308837272710613,10.156426429748535,1.609872943415577
lipid_droplet_plin2,1,op_gfp_intensity_min_median,3,6.279681291666264,10.0332612991333,1.5977341576949766
lipid_droplet_plin2,2,op_gfp_intensity_min_std,3,5.069504916953177,6.958996772766113,1.3727172350684966
lipid_droplet_plin2,3,op_gfp_intensity_min_sum,3,5187.895567169913,6291.697265625,1.2127648261542068
lipid_droplet_plin2,4,op_gfp_intensity_min_min,3,4.96049693801234,8.307893753051758,1.6748107814336668
lipid_droplet_plin2,5,op_gfp_intensity_min_max,3,10.828485652380905,14.232196807861328,1.31432937760157
lipid_droplet_plin2,6,op_gfp_intensity_max_mean,3,67.05820912735311,105.8842544555664,1.5789901912602093
lipid_droplet_plin2,7,op_gfp_intensity_max_median,3,68.95988874031627,104.09416961669922,1.5094886537402759
lipid_droplet_plin2,8,op_gfp_intensity_max_std,3,59.84767756321119,80.89034271240234,1.3516037047045955
lipid_droplet_plin2,9,op_gfp_intensity_max_sum,3,5908.637453436315,7112.88671875,1.203811669746859
lipid_droplet_plin2,10,op_gfp_intensity_max_min,3,56.48589019905148,73.56491088867188,1.3023590604562552
lipid_droplet_plin2,11,op_gfp_intensity_max_max,3,106.79539569337419,157.0193634033203,1.470282144505057
lipid_droplet_plin2,12,op_gfp_intensity_mean_mean,3,13.851283821718381,23.393497467041016,1.6889046364323819
lipid_droplet_plin2,13,op_gfp_intensity_mean_median,3,13.63427799475772,23.177879333496094,1.6999711566984197
lipid_droplet_plin2,14,op_gfp_intensity_mean_std,3,10.510770954863407,13.339855194091797,1.2691604879772738
lipid_droplet_plin2,15,op_gfp_intensity_mean_sum,3,5534.170935918817,6708.376953125,1.2121737891370776
lipid_droplet_plin2,16,op_gfp_intensity_mean_min,3,11.03845612267955,19.42913055419922,1.7601311576788565
lipid_droplet_plin2,17,op_gfp_intensity_mean_max,3,23.974313297885093,31.11409568786621,1.297809672430157
lipid_droplet_plin2,18,op_gfp_intensity_range_mean,3,66.99585421324471,100.11099243164062,1.494286379467481
lipid_droplet_plin2,19,op_gfp_intensity_range_median,3,68.90697245946893,98.44659423828125,1.4286884291163353
lipid_droplet_plin2,20,op_gfp_intensity_range_std,3,60.39407759848701,82.82749938964844,1.3714506899220102
lipid_droplet_plin2,21,op_gfp_intensity_range_sum,3,755.4575046190464,872.3594360351562,1.1547432260601604
lipid_droplet_plin2,22,op_gfp_intensity_range_min,3,57.25119389252316,68.42194366455078,1.1951181977619245
lipid_droplet_plin2,23,op_gfp_intensity_range_max,3,106.37281300210093,153.59169006347656,1.4438998624624417
lipid_droplet_plin2,0,op_gfp_intensity_min_mean,4,6.308837272710613,10.415976524353027,1.6510136613299853
lipid_droplet_plin2,1,op_gfp_intensity_min_median,4,6.279681291666264,10.327276229858398,1.644554197927796
lipid_droplet_plin2,2,op_gfp_intensity_min_std,4,5.069504916953177,7.373870372772217,1.4545543388493223
lipid_droplet_plin2,3,op_gfp_intensity_min_sum,4,5187.895567169913,6327.982421875,1.2197590217350933
lipid_droplet_plin2,4,op_gfp_intensity_min_min,4,4.96049693801234,8.327926635742188,1.6788492644608242
lipid_droplet_plin2,5,op_gfp_intensity_min_max,4,10.828485652380905,14.805119514465332,1.3672382260773526
lipid_droplet_plin2,6,op_gfp_intensity_max_mean,4,67.05820912735311,105.46691131591797,1.5727665961913961
lipid_droplet_plin2,7,op_gfp_intensity_max_median,4,68.95988874031627,103.88359832763672,1.5064351208400786
lipid_droplet_plin2,8,op_gfp_intensity_max_std,4,59.84767756321119,80.3229751586914,1.3421235113735897
lipid_droplet_plin2,9,op_gfp_intensity_max_sum,4,5908.637453436315,7154.59375,1.2108703243992518
lipid_droplet_plin2,10,op_gfp_intensity_max_min,4,56.48589019905148,73.0643081665039,1.2934966220596238
lipid_droplet_plin2,11,op_gfp_intensity_max_max,4,106.79539569337419,156.08018493652344,1.4614879595057952
lipid_droplet_plin2,12,op_gfp_intensity_mean_mean,4,13.851283821718381,23.8212890625,1.7197892534083348
lipid_droplet_plin2,13,op_gfp_intensity_mean_median,4,13.63427799475772,23.627811431884766,1.7329712245099802
lipid_droplet_plin2,14,op_gfp_intensity_mean_std,4,10.510770954863407,13.316967964172363,1.2669829854879018
lipid_droplet_plin2,15,op_gfp_intensity_mean_sum,4,5534.170935918817,6747.248046875,1.2191976223724612
lipid_droplet_plin2,16,op_gfp_intensity_mean_min,4,11.03845612267955,19.828828811645508,1.7963407736798724
lipid_droplet_plin2,17,op_gfp_intensity_mean_max,4,23.974313297885093,31.446910858154297,1.3116918289763237
lipid_droplet_plin2,18,op_gfp_intensity_range_mean,4,66.99585421324471,99.50150299072266,1.4851889592155056
lipid_droplet_plin2,19,op_gfp_intensity_range_median,4,68.90697245946893,98.00460815429688,1.4222741858517027
lipid_droplet_plin2,20,op_gfp_intensity_range_std,4,60.39407759848701,82.33280181884766,1.3632595296216636
lipid_droplet_plin2,21,op_gfp_intensity_range_sum,4,755.4575046190464,876.660400390625,1.160436417707833
lipid_droplet_plin2,22,op_gfp_intensity_range_min,4,57.25119389252316,67.70488739013672,1.1825934585266138
lipid_droplet_plin2,23,op_gfp_intensity_range_max,4,106.37281300210093,152.5669403076172,1.434266294194964
cell_proliferation_marker_mki67,0,op_gfp_intensity_min_mean,0,9.112617621622787,22.85548210144043,2.508113809934043
cell_proliferation_marker_mki67,1,op_gfp_intensity_min_median,0,8.722159532114325,22.46767234802246,2.5759299936326787
cell_proliferation_marker_mki67,2,op_gfp_intensity_min_std,0,6.9083625776199025,9.305567741394043,1.347000484824008
cell_proliferation_marker_mki67,3,op_gfp_intensity_min_sum,0,511.5793478846663,596.146728515625,1.1653064788104468
cell_proliferation_marker_mki67,4,op_gfp_intensity_min_min,0,8.734697116064204,21.002729415893555,2.404517195824329
cell_proliferation_marker_mki67,5,op_gfp_intensity_min_max,0,14.818884148741986,30.1373233795166,2.033710708378474
cell_proliferation_marker_mki67,6,op_gfp_intensity_max_mean,0,23.37044917663032,29.182863235473633,1.2487078453184175
cell_proliferation_marker_mki67,7,op_gfp_intensity_max_median,0,22.967854800303297,28.777450561523438,1.252944639877444
cell_proliferation_marker_mki67,8,op_gfp_intensity_max_std,0,19.810187215019184,20.037202835083008,1.0114595393571906
cell_proliferation_marker_mki67,9,op_gfp_intensity_max_sum,0,618.3186179170135,721.1048583984375,1.1662350728297481
cell_proliferation_marker_mki67,10,op_gfp_intensity_max_min,0,17.982101251952972,22.69988441467285,1.2623599487411126
cell_proliferation_marker_mki67,11,op_gfp_intensity_max_max,0,42.354395213508155,48.95753479003906,1.1559021098812658
cell_proliferation_marker_mki67,12,op_gfp_intensity_mean_mean,0,13.538763925888174,23.96916961669922,1.7704104856180056
cell_proliferation_marker_mki67,13,op_gfp_intensity_mean_median,0,13.022400400367138,23.773731231689453,1.8256028459253337
cell_proliferation_marker_mki67,14,op_gfp_intensity_mean_std,0,9.916371238152436,11.83559513092041,1.193540948263808
cell_proliferation_marker_mki67,15,op_gfp_intensity_mean_sum,0,558.437720776749,651.4601440429688,1.1665761817393565
cell_proliferation_marker_mki67,16,op_gfp_intensity_mean_min,0,11.047729361414069,21.164215087890625,1.9157072368019779
cell_proliferation_marker_mki67,17,op_gfp_intensity_mean_max,0,22.326268277234384,33.731788635253906,1.5108565487251395
cell_proliferation_marker_mki67,18,op_gfp_intensity_range_mean,0,19.449664434446134,20.0423641204834,1.0304735173213357
cell_proliferation_marker_mki67,19,op_gfp_intensity_range_median,0,19.143802633912344,19.860652923583984,1.037445553706335
cell_proliferation_marker_mki67,20,op_gfp_intensity_range_std,0,19.108054349442185,18.774763107299805,0.9825575521166492
cell_proliferation_marker_mki67,21,op_gfp_intensity_range_sum,0,124.8619920890476,148.49745178222656,1.189292668631483
cell_proliferation_marker_mki67,22,op_gfp_intensity_range_min,0,15.789644660803742,17.67798614501953,1.1195936656448904
cell_proliferation_marker_mki67,23,op_gfp_intensity_range_max,0,38.103170273249454,38.99188995361328,1.0233240350865964
cell_proliferation_marker_mki67,0,op_gfp_intensity_min_mean,1,9.112617621622787,22.937885284423828,2.517156566516726
cell_proliferation_marker_mki67,1,op_gfp_intensity_min_median,1,8.722159532114325,22.51605224609375,2.581476773405871
cell_proliferation_marker_mki67,2,op_gfp_intensity_min_std,1,6.9083625776199025,9.111746788024902,1.3189444945381137
cell_proliferation_marker_mki67,3,op_gfp_intensity_min_sum,1,511.5793478846663,606.6412963867188,1.1858205357489995
cell_proliferation_marker_mki67,4,op_gfp_intensity_min_min,1,8.734697116064204,21.211227416992188,2.42838728523077
cell_proliferation_marker_mki67,5,op_gfp_intensity_min_max,1,14.818884148741986,30.107006072998047,2.0316648521443437
cell_proliferation_marker_mki67,6,op_gfp_intensity_max_mean,1,23.37044917663032,29.495264053344727,1.2620751886463106
cell_proliferation_marker_mki67,7,op_gfp_intensity_max_median,1,22.967854800303297,29.156803131103516,1.269461313849759
cell_proliferation_marker_mki67,8,op_gfp_intensity_max_std,1,19.810187215019184,19.790430068969727,0.9990026774691722
cell_proliferation_marker_mki67,9,op_gfp_intensity_max_sum,1,618.3186179170135,732.916748046875,1.185338313951986
cell_proliferation_marker_mki67,10,op_gfp_intensity_max_min,1,17.982101251952972,23.23331642150879,1.292024557974586
cell_proliferation_marker_mki67,11,op_gfp_intensity_max_max,1,42.354395213508155,48.96867370605469,1.156165103036037
cell_proliferation_marker_mki67,12,op_gfp_intensity_mean_mean,1,13.538763925888174,24.108482360839844,1.780700401662279
cell_proliferation_marker_mki67,13,op_gfp_intensity_mean_median,1,13.022400400367138,23.902856826782227,1.83551849827228
cell_proliferation_marker_mki67,14,op_gfp_intensity_mean_std,1,9.916371238152436,11.577414512634277,1.167505152297154
cell_proliferation_marker_mki67,15,op_gfp_intensity_mean_sum,1,558.437720776749,661.9156494140625,1.1852989595569992
cell_proliferation_marker_mki67,16,op_gfp_intensity_mean_min,1,11.047729361414069,21.384471893310547,1.9356440761482785
cell_proliferation_marker_mki67,17,op_gfp_intensity_mean_max,1,22.326268277234384,33.717185974121094,1.5102024913183447
cell_proliferation_marker_mki67,18,op_gfp_intensity_range_mean,1,19.449664434446134,20.411399841308594,1.04944740358395
cell_proliferation_marker_mki67,19,op_gfp_intensity_range_median,1,19.143802633912344,20.370691299438477,1.0640880335525795
cell_proliferation_marker_mki67,20,op_gfp_intensity_range_std,1,19.108054349442185,18.676359176635742,0.977407685528221
cell_proliferation_marker_mki67,21,op_gfp_intensity_range_sum,1,124.8619920890476,151.34185791015625,1.2120730686582675
cell_proliferation_marker_mki67,22,op_gfp_intensity_range_min,1,15.789644660803742,18.2401123046875,1.1551946035851464
cell_proliferation_marker_mki67,23,op_gfp_intensity_range_max,1,38.103170273249454,38.98012161254883,1.0230151804432672
cell_proliferation_marker_mki67,0,op_gfp_intensity_min_mean,2,9.112617621622787,22.82143211364746,2.504377233989918
cell_proliferation_marker_mki67,1,op_gfp_intensity_min_median,2,8.722159532114325,22.434667587280273,2.5721459811274423
cell_proliferation_marker_mki67,2,op_gfp_intensity_min_std,2,6.9083625776199025,8.82476806640625,1.2774037215410017
cell_proliferation_marker_mki67,3,op_gfp_intensity_min_sum,2,511.5793478846663,616.3119506835938,1.2047240632992462
cell_proliferation_marker_mki67,4,op_gfp_intensity_min_min,2,8.734697116064204,21.185565948486328,2.425449407916322
cell_proliferation_marker_mki67,5,op_gfp_intensity_min_max,2,14.818884148741986,29.960596084594727,2.0217848917550354
cell_proliferation_marker_mki67,6,op_gfp_intensity_max_mean,2,23.37044917663032,29.426605224609375,1.2591373405880026
cell_proliferation_marker_mki67,7,op_gfp_intensity_max_median,2,22.967854800303297,29.11946678161621,1.2678357223519054
cell_proliferation_marker_mki67,8,op_gfp_intensity_max_std,2,19.810187215019184,19.968599319458008,1.0079964970910886
cell_proliferation_marker_mki67,9,op_gfp_intensity_max_sum,2,618.3186179170135,746.2849731445312,1.2069585995301415
cell_proliferation_marker_mki67,10,op_gfp_intensity_max_min,2,17.982101251952972,23.0244083404541,1.2804070012648552
cell_proliferation_marker_mki67,11,op_gfp_intensity_max_max,2,42.354395213508155,49.35113525390625,1.1651951351241727
cell_proliferation_marker_mki67,12,op_gfp_intensity_mean_mean,2,13.538763925888174,23.96070671081543,1.7697853985768166
cell_proliferation_marker_mki67,13,op_gfp_intensity_mean_median,2,13.022400400367138,23.792970657348633,1.82708025600855
cell_proliferation_marker_mki67,14,op_gfp_intensity_mean_std,2,9.916371238152436,11.423619270324707,1.1519959263297097
cell_proliferation_marker_mki67,15,op_gfp_intensity_mean_sum,2,558.437720776749,672.9153442382812,1.2049962228595548
cell_proliferation_marker_mki67,16,op_gfp_intensity_mean_min,2,11.047729361414069,21.256929397583008,1.9240993965534832
cell_proliferation_marker_mki67,17,op_gfp_intensity_mean_max,2,22.326268277234384,33.65846633911133,1.5075724219184512
cell_proliferation_marker_mki67,18,op_gfp_intensity_range_mean,2,19.449664434446134,20.46921157836914,1.0524197806784443
cell_proliferation_marker_mki67,19,op_gfp_intensity_range_median,2,19.143802633912344,20.36029052734375,1.0635447364713453
cell_proliferation_marker_mki67,20,op_gfp_intensity_range_std,2,19.108054349442185,18.976966857910156,0.9931396735044427
cell_proliferation_marker_mki67,21,op_gfp_intensity_range_sum,2,124.8619920890476,154.7951202392578,1.2397297019645726
cell_proliferation_marker_mki67,22,op_gfp_intensity_range_min,2,15.789644660803742,18.09103775024414,1.1457533173722005
cell_proliferation_marker_mki67,23,op_gfp_intensity_range_max,2,38.103170273249454,39.66640090942383,1.041026261724785
cell_proliferation_marker_mki67,0,op_gfp_intensity_min_mean,3,9.112617621622787,22.686260223388672,2.489543747513096
cell_proliferation_marker_mki67,1,op_gfp_intensity_min_median,3,8.722159532114325,22.296222686767578,2.5562732032903766
cell_proliferation_marker_mki67,2,op_gfp_intensity_min_std,3,6.9083625776199025,8.792045593261719,1.272667074791953
cell_proliferation_marker_mki67,3,op_gfp_intensity_min_sum,3,511.5793478846663,609.2431640625,1.1909064871005146
cell_proliferation_marker_mki67,4,op_gfp_intensity_min_min,3,8.734697116064204,20.91447639465332,2.394413465830312
cell_proliferation_marker_mki67,5,op_gfp_intensity_min_max,3,14.818884148741986,29.920793533325195,2.0190989573169214
cell_proliferation_marker_mki67,6,op_gfp_intensity_max_mean,3,23.37044917663032,29.475370407104492,1.261223957842406
cell_proliferation_marker_mki67,7,op_gfp_intensity_max_median,3,22.967854800303297,29.225242614746094,1.2724411081856963
cell_proliferation_marker_mki67,8,op_gfp_intensity_max_std,3,19.810187215019184,20.32790184020996,1.0261337573225087
cell_proliferation_marker_mki67,9,op_gfp_intensity_max_sum,3,618.3186179170135,739.553955078125,1.1960725969558026
cell_proliferation_marker_mki67,10,op_gfp_intensity_max_min,3,17.982101251952972,22.848318099975586,1.2706144726826132
cell_proliferation_marker_mki67,11,op_gfp_intensity_max_max,3,42.354395213508155,49.6253776550293,1.171670080634328
cell_proliferation_marker_mki67,12,op_gfp_intensity_mean_mean,3,13.538763925888174,23.8160343170166,1.7590996081611796
cell_proliferation_marker_mki67,13,op_gfp_intensity_mean_median,3,13.022400400367138,23.601673126220703,1.812390373556269
cell_proliferation_marker_mki67,14,op_gfp_intensity_mean_std,3,9.916371238152436,11.582160949707031,1.1679837988664243
cell_proliferation_marker_mki67,15,op_gfp_intensity_mean_sum,3,558.437720776749,666.3126831054688,1.1931727716721447
cell_proliferation_marker_mki67,16,op_gfp_intensity_mean_min,3,11.047729361414069,21.055152893066406,1.905835326361708
cell_proliferation_marker_mki67,17,op_gfp_intensity_mean_max,3,22.326268277234384,33.6761474609375,1.5083643644682145
cell_proliferation_marker_mki67,18,op_gfp_intensity_range_mean,3,19.449664434446134,20.63408660888672,1.0608967922522574
cell_proliferation_marker_mki67,19,op_gfp_intensity_range_median,3,19.143802633912344,20.57014274597168,1.0745066243805002
cell_proliferation_marker_mki67,20,op_gfp_intensity_range_std,3,19.108054349442185,19.218551635742188,1.0057827596823445
cell_proliferation_marker_mki67,21,op_gfp_intensity_range_sum,3,124.8619920890476,154.947509765625,1.240950165644653
cell_proliferation_marker_mki67,22,op_gfp_intensity_range_min,3,15.789644660803742,18.00845718383789,1.140523271466782
cell_proliferation_marker_mki67,23,op_gfp_intensity_range_max,3,38.103170273249454,40.01997375488281,1.0503056167738112
cell_proliferation_marker_mki67,0,op_gfp_intensity_min_mean,4,9.112617621622787,22.627267837524414,2.4830700438734
cell_proliferation_marker_mki67,1,op_gfp_intensity_min_median,4,8.722159532114325,22.2131404876709,2.546747787160257
cell_proliferation_marker_mki67,2,op_gfp_intensity_min_std,4,6.9083625776199025,9.238006591796875,1.3372208664501786
cell_proliferation_marker_mki67,3,op_gfp_intensity_min_sum,4,511.5793478846663,606.752685546875,1.1860382715911848
cell_proliferation_marker_mki67,4,op_gfp_intensity_min_min,4,8.734697116064204,20.80063819885254,2.381380593105805
cell_proliferation_marker_mki67,5,op_gfp_intensity_min_max,4,14.818884148741986,30.030776977539062,2.0265208011689904
cell_proliferation_marker_mki67,6,op_gfp_intensity_max_mean,4,23.37044917663032,28.841583251953125,1.234104789085259
cell_proliferation_marker_mki67,7,op_gfp_intensity_max_median,4,22.967854800303297,28.445728302001953,1.2385017473040765
cell_proliferation_marker_mki67,8,op_gfp_intensity_max_std,4,19.810187215019184,20.32853889465332,1.0261659152439078
cell_proliferation_marker_mki67,9,op_gfp_intensity_max_sum,4,618.3186179170135,734.7619018554688,1.1883224612105785
cell_proliferation_marker_mki67,10,op_gfp_intensity_max_min,4,17.982101251952972,22.169496536254883,1.2328646260874063
cell_proliferation_marker_mki67,11,op_gfp_intensity_max_max,4,42.354395213508155,49.32838439941406,1.1646579806121675
cell_proliferation_marker_mki67,12,op_gfp_intensity_mean_mean,4,13.538763925888174,23.60004425048828,1.7431461527563392
cell_proliferation_marker_mki67,13,op_gfp_intensity_mean_median,4,13.022400400367138,23.34752655029297,1.792874265303249
cell_proliferation_marker_mki67,14,op_gfp_intensity_mean_std,4,9.916371238152436,11.891929626464844,1.1992219069725432
cell_proliferation_marker_mki67,15,op_gfp_intensity_mean_sum,4,558.437720776749,663.1658325195312,1.1875376749212294
cell_proliferation_marker_mki67,16,op_gfp_intensity_mean_min,4,11.047729361414069,20.83231544494629,1.8856648966896696
cell_proliferation_marker_mki67,17,op_gfp_intensity_mean_max,4,22.326268277234384,33.66082763671875,1.5076781851198113
cell_proliferation_marker_mki67,18,op_gfp_intensity_range_mean,4,19.449664434446134,19.833694458007812,1.019744814871024
cell_proliferation_marker_mki67,19,op_gfp_intensity_range_median,4,19.143802633912344,19.68879508972168,1.028468349064773
cell_proliferation_marker_mki67,20,op_gfp_intensity_range_std,4,19.108054349442185,18.98976707458496,0.9938095594300695
cell_proliferation_marker_mki67,21,op_gfp_intensity_range_sum,4,124.8619920890476,150.1468505859375,1.2025024434886282
cell_proliferation_marker_mki67,22,op_gfp_intensity_range_min,4,15.789644660803742,17.30991554260254,1.09628277991415
cell_proliferation_marker_mki67,23,op_gfp_intensity_range_max,4,38.103170273249454,39.39995193481445,1.0340334321859672
