reporter_slug,method_id,fold,recoverability_r,n_gene_screen_pairs,n_endpoints,run_state
stress_granule_g3bp1,ridge,0,0.9293307453906418,211,24,checkpoint_average
stress_granule_g3bp1,gbdt,0,0.9394886647855676,211,24,checkpoint_average
stress_granule_g3bp1,catboost_multirmse,0,0.9327343249135108,211,24,checkpoint_average
stress_granule_g3bp1,mlp,0,0.9403466919126876,211,24,checkpoint_average
stress_granule_g3bp1,tabm_specialists,0,0.9413093708797814,211,24,checkpoint_average
stress_granule_g3bp1,scbutterfly_ops_b,0,0.9196607520564688,211,24,checkpoint_average
stress_granule_g3bp1,resmlp_52head,0,0.9388016398680294,211,24,checkpoint_average
stress_granule_g3bp1,multitab_pilot,0,0.9352929729999988,211,24,checkpoint_average
stress_granule_g3bp1,midas_ops,0,0.8857871043404243,211,24,checkpoint_average
stress_granule_g3bp1,scpair_ops,0,0.935064676472954,211,24,checkpoint_average
stress_granule_g3bp1,ridge,1,0.9231418180744824,187,24,checkpoint_average
stress_granule_g3bp1,gbdt,1,0.9352384594744324,187,24,checkpoint_average
stress_granule_g3bp1,catboost_multirmse,1,0.9279992148270736,187,24,checkpoint_average
stress_granule_g3bp1,mlp,1,0.9339866083356732,187,24,checkpoint_average
stress_granule_g3bp1,tabm_specialists,1,0.9352409963424144,187,24,checkpoint_average
stress_granule_g3bp1,scbutterfly_ops_b,1,0.9132031076980812,187,24,checkpoint_average
stress_granule_g3bp1,resmlp_52head,1,0.9328670829381034,187,24,checkpoint_average
stress_granule_g3bp1,multitab_pilot,1,0.9239979012705408,187,24,checkpoint_average
stress_granule_g3bp1,midas_ops,1,0.8547570989223471,187,24,checkpoint_average
stress_granule_g3bp1,scpair_ops,1,0.9293678288716242,187,24,checkpoint_average
stress_granule_g3bp1,ridge,2,0.9097150256925132,183,24,checkpoint_average
stress_granule_g3bp1,gbdt,2,0.9244912983243292,183,24,checkpoint_average
stress_granule_g3bp1,catboost_multirmse,2,0.9174642681928812,183,24,checkpoint_average
stress_granule_g3bp1,mlp,2,0.9251677769844492,183,24,checkpoint_average
stress_granule_g3bp1,tabm_specialists,2,0.9283004632235848,183,24,checkpoint_average
stress_granule_g3bp1,scbutterfly_ops_b,2,0.904317185147435,183,24,checkpoint_average
stress_granule_g3bp1,resmlp_52head,2,0.9256977003806344,183,24,checkpoint_average
stress_granule_g3bp1,multitab_pilot,2,0.9192696079426336,183,24,checkpoint_average
stress_granule_g3bp1,midas_ops,2,0.8536294470766391,183,24,checkpoint_average
stress_granule_g3bp1,scpair_ops,2,0.9193515672931636,183,24,checkpoint_average
stress_granule_g3bp1,ridge,3,0.9192320882463384,197,24,checkpoint_average
stress_granule_g3bp1,gbdt,3,0.9304369122147363,197,24,checkpoint_average
stress_granule_g3bp1,catboost_multirmse,3,0.9222613630731432,197,24,checkpoint_average
stress_granule_g3bp1,mlp,3,0.9311565194236878,197,24,checkpoint_average
stress_granule_g3bp1,tabm_specialists,3,0.9155197863371574,197,24,checkpoint_average
stress_granule_g3bp1,scbutterfly_ops_b,3,0.9097796153466544,197,24,checkpoint_average
stress_granule_g3bp1,resmlp_52head,3,0.928566856340552,197,24,checkpoint_average
stress_granule_g3bp1,multitab_pilot,3,0.922940462710855,197,24,checkpoint_average
stress_granule_g3bp1,midas_ops,3,0.8647057842125543,197,24,checkpoint_average
stress_granule_g3bp1,scpair_ops,3,0.9251305349202112,197,24,checkpoint_average
stress_granule_g3bp1,ridge,4,0.9317316372749428,222,24,checkpoint_average
stress_granule_g3bp1,gbdt,4,0.9392490006936411,222,24,checkpoint_average
stress_granule_g3bp1,catboost_multirmse,4,0.9323929897186982,222,24,checkpoint_average
stress_granule_g3bp1,mlp,4,0.9383417591516268,222,24,checkpoint_average
stress_granule_g3bp1,tabm_specialists,4,0.934789522680599,222,24,checkpoint_average
stress_granule_g3bp1,scbutterfly_ops_b,4,0.9194850612813532,222,24,checkpoint_average
stress_granule_g3bp1,resmlp_52head,4,0.9388457697682056,222,24,checkpoint_average
stress_granule_g3bp1,multitab_pilot,4,0.9330453960180852,222,24,checkpoint_average
stress_granule_g3bp1,midas_ops,4,0.8791022125661089,222,24,checkpoint_average
stress_granule_g3bp1,scpair_ops,4,0.9349193363226472,222,24,checkpoint_average
lysosome_lysotracker_live-cell_dye,ridge,0,0.9338721773565516,633,24,checkpoint_average
lysosome_lysotracker_live-cell_dye,gbdt,0,0.940448798846118,633,24,checkpoint_average
lysosome_lysotracker_live-cell_dye,catboost_multirmse,0,0.9297015767405148,633,24,checkpoint_average
lysosome_lysotracker_live-cell_dye,mlp,0,0.9429623362165304,633,24,checkpoint_average
lysosome_lysotracker_live-cell_dye,tabm_specialists,0,0.9398234955494968,633,24,checkpoint_average
lysosome_lysotracker_live-cell_dye,scbutterfly_ops_b,0,0.9133632506783212,633,24,checkpoint_average
lysosome_lysotracker_live-cell_dye,resmlp_52head,0,0.930226265349015,633,24,checkpoint_average
lysosome_lysotracker_live-cell_dye,multitab_pilot,0,0.9259743897836054,633,24,checkpoint_average
lysosome_lysotracker_live-cell_dye,midas_ops,0,0.8737496667312487,633,24,checkpoint_average
lysosome_lysotracker_live-cell_dye,scpair_ops,0,0.932898743416774,633,24,checkpoint_average
lysosome_lysotracker_live-cell_dye,ridge,1,0.934135287218961,561,24,checkpoint_average
lysosome_lysotracker_live-cell_dye,gbdt,1,0.9411549274255172,561,24,checkpoint_average
lysosome_lysotracker_live-cell_dye,catboost_multirmse,1,0.9309132915957236,561,24,checkpoint_average
lysosome_lysotracker_live-cell_dye,mlp,1,0.9417078765795,561,24,checkpoint_average
lysosome_lysotracker_live-cell_dye,tabm_specialists,1,0.941081843268272,561,24,checkpoint_average
lysosome_lysotracker_live-cell_dye,scbutterfly_ops_b,1,0.900880325897154,561,24,checkpoint_average
lysosome_lysotracker_live-cell_dye,resmlp_52head,1,0.9264887200136088,561,24,checkpoint_average
lysosome_lysotracker_live-cell_dye,multitab_pilot,1,0.9280893762409828,561,24,checkpoint_average
lysosome_lysotracker_live-cell_dye,midas_ops,1,0.8470137730856888,561,24,checkpoint_average
lysosome_lysotracker_live-cell_dye,scpair_ops,1,0.928676774146098,561,24,checkpoint_average
lysosome_lysotracker_live-cell_dye,ridge,2,0.923768992417559,549,24,checkpoint_average
lysosome_lysotracker_live-cell_dye,gbdt,2,0.9357886001646816,549,24,checkpoint_average
lysosome_lysotracker_live-cell_dye,catboost_multirmse,2,0.9221502287082144,549,24,checkpoint_average
lysosome_lysotracker_live-cell_dye,mlp,2,0.9311617469880588,549,24,checkpoint_average
lysosome_lysotracker_live-cell_dye,tabm_specialists,2,0.6478517888777017,549,24,checkpoint_average
lysosome_lysotracker_live-cell_dye,scbutterfly_ops_b,2,0.6885977488815515,549,24,checkpoint_average
lysosome_lysotracker_live-cell_dye,resmlp_52head,2,0.9139156244612266,549,24,checkpoint_average
lysosome_lysotracker_live-cell_dye,multitab_pilot,2,0.9100717920920234,549,24,checkpoint_average
lysosome_lysotracker_live-cell_dye,midas_ops,2,0.8257114408320292,549,24,checkpoint_average
lysosome_lysotracker_live-cell_dye,scpair_ops,2,0.9193584789183866,549,24,checkpoint_average
lysosome_lysotracker_live-cell_dye,ridge,3,0.9283704094075166,591,24,checkpoint_average
lysosome_lysotracker_live-cell_dye,gbdt,3,0.9332178603155756,591,24,checkpoint_average
lysosome_lysotracker_live-cell_dye,catboost_multirmse,3,0.9246451805408952,591,24,checkpoint_average
lysosome_lysotracker_live-cell_dye,mlp,3,0.9379757519934768,591,24,checkpoint_average
lysosome_lysotracker_live-cell_dye,tabm_specialists,3,0.9020031743683656,591,24,checkpoint_average
lysosome_lysotracker_live-cell_dye,scbutterfly_ops_b,3,0.908236191892064,591,24,checkpoint_average
lysosome_lysotracker_live-cell_dye,resmlp_52head,3,0.918121617277186,591,24,checkpoint_average
lysosome_lysotracker_live-cell_dye,multitab_pilot,3,0.9129402356221882,591,24,checkpoint_average
lysosome_lysotracker_live-cell_dye,midas_ops,3,0.8366334640384893,591,24,checkpoint_average
lysosome_lysotracker_live-cell_dye,scpair_ops,3,0.929293844718764,591,24,checkpoint_average
lysosome_lysotracker_live-cell_dye,ridge,4,0.9276616598723272,666,24,checkpoint_average
lysosome_lysotracker_live-cell_dye,gbdt,4,0.935853854211096,666,24,checkpoint_average
lysosome_lysotracker_live-cell_dye,catboost_multirmse,4,0.9276449879450293,666,24,checkpoint_average
lysosome_lysotracker_live-cell_dye,mlp,4,0.94031737897953,666,24,checkpoint_average
lysosome_lysotracker_live-cell_dye,tabm_specialists,4,0.923468943234886,666,24,checkpoint_average
lysosome_lysotracker_live-cell_dye,scbutterfly_ops_b,4,0.9049672117808122,666,24,checkpoint_average
lysosome_lysotracker_live-cell_dye,resmlp_52head,4,0.9301299581164636,666,24,checkpoint_average
lysosome_lysotracker_live-cell_dye,multitab_pilot,4,0.9212543391159804,666,24,checkpoint_average
lysosome_lysotracker_live-cell_dye,midas_ops,4,0.8553118097442547,666,24,checkpoint_average
lysosome_lysotracker_live-cell_dye,scpair_ops,4,0.9279639954535458,666,24,checkpoint_average
er_golgi_cop-ii_sec23a,ridge,0,0.9316751098649751,211,24,checkpoint_average
er_golgi_cop-ii_sec23a,gbdt,0,0.943829891382519,211,24,checkpoint_average
er_golgi_cop-ii_sec23a,catboost_multirmse,0,0.9352964149382754,211,24,checkpoint_average
er_golgi_cop-ii_sec23a,mlp,0,0.9453301804223156,211,24,checkpoint_average
er_golgi_cop-ii_sec23a,tabm_specialists,0,0.9402595590742452,211,24,checkpoint_average
er_golgi_cop-ii_sec23a,scbutterfly_ops_b,0,0.8674713402818908,211,24,checkpoint_average
er_golgi_cop-ii_sec23a,resmlp_52head,0,0.9416425764106068,211,24,checkpoint_average
er_golgi_cop-ii_sec23a,multitab_pilot,0,0.9353473210055552,211,24,checkpoint_average
er_golgi_cop-ii_sec23a,midas_ops,0,0.8944567788898267,211,24,checkpoint_average
er_golgi_cop-ii_sec23a,scpair_ops,0,0.9312023534306676,211,24,checkpoint_average
er_golgi_cop-ii_sec23a,ridge,1,0.9170009184698924,187,24,checkpoint_average
er_golgi_cop-ii_sec23a,gbdt,1,0.9284846470729684,187,24,checkpoint_average
er_golgi_cop-ii_sec23a,catboost_multirmse,1,0.9188263695121656,187,24,checkpoint_average
er_golgi_cop-ii_sec23a,mlp,1,0.9297530659302686,187,24,checkpoint_average
er_golgi_cop-ii_sec23a,tabm_specialists,1,0.9257553204547232,187,24,checkpoint_average
er_golgi_cop-ii_sec23a,scbutterfly_ops_b,1,0.7932392992230198,187,24,checkpoint_average
er_golgi_cop-ii_sec23a,resmlp_52head,1,0.9232925806427734,187,24,checkpoint_average
er_golgi_cop-ii_sec23a,multitab_pilot,1,0.920261901867018,187,24,checkpoint_average
er_golgi_cop-ii_sec23a,midas_ops,1,0.7897983104920417,187,24,checkpoint_average
er_golgi_cop-ii_sec23a,scpair_ops,1,0.90650293163309,187,24,checkpoint_average
er_golgi_cop-ii_sec23a,ridge,2,0.9145047358653428,183,24,checkpoint_average
er_golgi_cop-ii_sec23a,gbdt,2,0.9246534366738284,183,24,checkpoint_average
er_golgi_cop-ii_sec23a,catboost_multirmse,2,0.9130923225855088,183,24,checkpoint_average
er_golgi_cop-ii_sec23a,mlp,2,0.9287218286177762,183,24,checkpoint_average
er_golgi_cop-ii_sec23a,tabm_specialists,2,0.9246981037991956,183,24,checkpoint_average
er_golgi_cop-ii_sec23a,scbutterfly_ops_b,2,0.7888709102294521,183,24,checkpoint_average
er_golgi_cop-ii_sec23a,resmlp_52head,2,0.9200311059378036,183,24,checkpoint_average
er_golgi_cop-ii_sec23a,multitab_pilot,2,0.9152926713646252,183,24,checkpoint_average
er_golgi_cop-ii_sec23a,midas_ops,2,0.7624278144780022,183,24,checkpoint_average
er_golgi_cop-ii_sec23a,scpair_ops,2,0.9070118436524448,183,24,checkpoint_average
er_golgi_cop-ii_sec23a,ridge,3,0.9278935181287672,197,24,checkpoint_average
er_golgi_cop-ii_sec23a,gbdt,3,0.9333798785980694,197,24,checkpoint_average
er_golgi_cop-ii_sec23a,catboost_multirmse,3,0.9231338192006638,197,24,checkpoint_average
er_golgi_cop-ii_sec23a,mlp,3,0.9369964791391316,197,24,checkpoint_average
er_golgi_cop-ii_sec23a,tabm_specialists,3,0.8717350015506456,197,24,checkpoint_average
er_golgi_cop-ii_sec23a,scbutterfly_ops_b,3,0.8038563105898112,197,24,checkpoint_average
er_golgi_cop-ii_sec23a,resmlp_52head,3,0.9282292413689696,197,24,checkpoint_average
er_golgi_cop-ii_sec23a,multitab_pilot,3,0.9257938782364974,197,24,checkpoint_average
er_golgi_cop-ii_sec23a,midas_ops,3,0.8601869858865078,197,24,checkpoint_average
er_golgi_cop-ii_sec23a,scpair_ops,3,0.9206682206457774,197,24,checkpoint_average
er_golgi_cop-ii_sec23a,ridge,4,0.9265579311561228,222,24,checkpoint_average
er_golgi_cop-ii_sec23a,gbdt,4,0.9402101487898196,222,24,checkpoint_average
er_golgi_cop-ii_sec23a,catboost_multirmse,4,0.9289816028136932,222,24,checkpoint_average
er_golgi_cop-ii_sec23a,mlp,4,0.9429616616146604,222,24,checkpoint_average
er_golgi_cop-ii_sec23a,tabm_specialists,4,0.921499451208029,222,24,checkpoint_average
er_golgi_cop-ii_sec23a,scbutterfly_ops_b,4,0.8504838091262238,222,24,checkpoint_average
er_golgi_cop-ii_sec23a,resmlp_52head,4,0.9393039983666872,222,24,checkpoint_average
er_golgi_cop-ii_sec23a,multitab_pilot,4,0.9321943856088416,222,24,checkpoint_average
er_golgi_cop-ii_sec23a,midas_ops,4,0.819756274361101,222,24,checkpoint_average
er_golgi_cop-ii_sec23a,scpair_ops,4,0.928232794613503,222,24,checkpoint_average
early_endosome_eea1,ridge,0,0.9133379682046642,211,24,checkpoint_average
early_endosome_eea1,gbdt,0,0.9233407708285092,211,24,checkpoint_average
early_endosome_eea1,catboost_multirmse,0,0.9148764650635852,211,24,checkpoint_average
early_endosome_eea1,mlp,0,0.9252537147010332,211,24,checkpoint_average
early_endosome_eea1,tabm_specialists,0,0.9197653512885156,211,24,checkpoint_average
early_endosome_eea1,scbutterfly_ops_b,0,0.8145575437961027,211,24,checkpoint_average
early_endosome_eea1,resmlp_52head,0,0.9155942764625536,211,24,checkpoint_average
early_endosome_eea1,multitab_pilot,0,0.9145412484612118,211,24,checkpoint_average
early_endosome_eea1,midas_ops,0,0.8666146370264171,211,24,checkpoint_average
early_endosome_eea1,scpair_ops,0,0.9103749817339564,211,24,checkpoint_average
early_endosome_eea1,ridge,1,0.9054227923343544,187,24,checkpoint_average
early_endosome_eea1,gbdt,1,0.9156700821717468,187,24,checkpoint_average
early_endosome_eea1,catboost_multirmse,1,0.913194384022178,187,24,checkpoint_average
early_endosome_eea1,mlp,1,0.9184141880389324,187,24,checkpoint_average
early_endosome_eea1,tabm_specialists,1,0.9138031360333198,187,24,checkpoint_average
early_endosome_eea1,scbutterfly_ops_b,1,0.7367818160379632,187,24,checkpoint_average
early_endosome_eea1,resmlp_52head,1,0.9071203972655484,187,24,checkpoint_average
early_endosome_eea1,multitab_pilot,1,0.9127340234175176,187,24,checkpoint_average
early_endosome_eea1,midas_ops,1,0.8369625939390047,187,24,checkpoint_average
early_endosome_eea1,scpair_ops,1,0.9036490515877644,187,24,checkpoint_average
early_endosome_eea1,ridge,2,0.9163318464916178,183,24,checkpoint_average
early_endosome_eea1,gbdt,2,0.9306922245298382,183,24,checkpoint_average
early_endosome_eea1,catboost_multirmse,2,0.9274535824899268,183,24,checkpoint_average
early_endosome_eea1,mlp,2,0.9317652106010345,183,24,checkpoint_average
early_endosome_eea1,tabm_specialists,2,0.92836477399536,183,24,checkpoint_average
early_endosome_eea1,scbutterfly_ops_b,2,0.8391062614180423,183,24,checkpoint_average
early_endosome_eea1,resmlp_52head,2,0.9249161671393676,183,24,checkpoint_average
early_endosome_eea1,multitab_pilot,2,0.925820869856134,183,24,checkpoint_average
early_endosome_eea1,midas_ops,2,0.8713590877498779,183,24,checkpoint_average
early_endosome_eea1,scpair_ops,2,0.9186294005126596,183,24,checkpoint_average
early_endosome_eea1,ridge,3,0.9235497189528228,197,24,checkpoint_average
early_endosome_eea1,gbdt,3,0.9351740310938093,197,24,checkpoint_average
early_endosome_eea1,catboost_multirmse,3,0.9319344746517378,197,24,checkpoint_average
early_endosome_eea1,mlp,3,0.9373307925945225,197,24,checkpoint_average
early_endosome_eea1,tabm_specialists,3,0.8869900439651367,197,24,checkpoint_average
early_endosome_eea1,scbutterfly_ops_b,3,0.8298503183695524,197,24,checkpoint_average
early_endosome_eea1,resmlp_52head,3,0.9243902731912726,197,24,checkpoint_average
early_endosome_eea1,multitab_pilot,3,0.9293781906063702,197,24,checkpoint_average
early_endosome_eea1,midas_ops,3,0.8750787179138101,197,24,checkpoint_average
early_endosome_eea1,scpair_ops,3,0.9220158483544356,197,24,checkpoint_average
early_endosome_eea1,ridge,4,0.9165006220965962,222,24,checkpoint_average
early_endosome_eea1,gbdt,4,0.925221881717452,222,24,checkpoint_average
early_endosome_eea1,catboost_multirmse,4,0.9192799748680452,222,24,checkpoint_average
early_endosome_eea1,mlp,4,0.9262856753349712,222,24,checkpoint_average
early_endosome_eea1,tabm_specialists,4,0.906479916214166,222,24,checkpoint_average
early_endosome_eea1,scbutterfly_ops_b,4,0.8225204141803805,222,24,checkpoint_average
early_endosome_eea1,resmlp_52head,4,0.92250639767803,222,24,checkpoint_average
early_endosome_eea1,multitab_pilot,4,0.9177998041075912,222,24,checkpoint_average
early_endosome_eea1,midas_ops,4,0.8518036219999887,222,24,checkpoint_average
early_endosome_eea1,scpair_ops,4,0.9161559519083514,222,24,checkpoint_average
lipid_droplet_bodipy_live_cell_dye,ridge,0,0.9182524963034264,422,24,checkpoint_average
lipid_droplet_bodipy_live_cell_dye,gbdt,0,0.930864842197296,422,24,checkpoint_average
lipid_droplet_bodipy_live_cell_dye,catboost_multirmse,0,0.9188344513348076,422,24,checkpoint_average
lipid_droplet_bodipy_live_cell_dye,mlp,0,0.9330668238766392,422,24,checkpoint_average
lipid_droplet_bodipy_live_cell_dye,tabm_specialists,0,0.9306682637297182,422,24,checkpoint_average
lipid_droplet_bodipy_live_cell_dye,scbutterfly_ops_b,0,0.8402649333588261,422,24,checkpoint_average
lipid_droplet_bodipy_live_cell_dye,resmlp_52head,0,0.9237459453648788,422,24,checkpoint_average
lipid_droplet_bodipy_live_cell_dye,multitab_pilot,0,0.913583260911824,422,24,checkpoint_average
lipid_droplet_bodipy_live_cell_dye,midas_ops,0,0.8151778249943495,422,24,checkpoint_average
lipid_droplet_bodipy_live_cell_dye,scpair_ops,0,0.9213041129008862,422,24,checkpoint_average
lipid_droplet_bodipy_live_cell_dye,ridge,1,0.9035791124533198,374,24,checkpoint_average
lipid_droplet_bodipy_live_cell_dye,gbdt,1,0.9128457444555006,374,24,checkpoint_average
lipid_droplet_bodipy_live_cell_dye,catboost_multirmse,1,0.9011282057379184,374,24,checkpoint_average
lipid_droplet_bodipy_live_cell_dye,mlp,1,0.9193506242023576,374,24,checkpoint_average
lipid_droplet_bodipy_live_cell_dye,tabm_specialists,1,0.9109920697132592,374,24,checkpoint_average
lipid_droplet_bodipy_live_cell_dye,scbutterfly_ops_b,1,0.809698343345226,374,24,checkpoint_average
lipid_droplet_bodipy_live_cell_dye,resmlp_52head,1,0.9061442365774368,374,24,checkpoint_average
lipid_droplet_bodipy_live_cell_dye,multitab_pilot,1,0.8973558089934682,374,24,checkpoint_average
lipid_droplet_bodipy_live_cell_dye,midas_ops,1,0.7762616841125854,374,24,checkpoint_average
lipid_droplet_bodipy_live_cell_dye,scpair_ops,1,0.9038615766430448,374,24,checkpoint_average
lipid_droplet_bodipy_live_cell_dye,ridge,2,0.9107863670582308,366,24,checkpoint_average
lipid_droplet_bodipy_live_cell_dye,gbdt,2,0.9275142938143084,366,24,checkpoint_average
lipid_droplet_bodipy_live_cell_dye,catboost_multirmse,2,0.9166758539262916,366,24,checkpoint_average
lipid_droplet_bodipy_live_cell_dye,mlp,2,0.9301863323912318,366,24,checkpoint_average
lipid_droplet_bodipy_live_cell_dye,tabm_specialists,2,0.9312658785741832,366,24,checkpoint_average
lipid_droplet_bodipy_live_cell_dye,scbutterfly_ops_b,2,0.8272610897314802,366,24,checkpoint_average
lipid_droplet_bodipy_live_cell_dye,resmlp_52head,2,0.9215704405818456,366,24,checkpoint_average
lipid_droplet_bodipy_live_cell_dye,multitab_pilot,2,0.913577665952924,366,24,checkpoint_average
lipid_droplet_bodipy_live_cell_dye,midas_ops,2,0.7839841443843323,366,24,checkpoint_average
lipid_droplet_bodipy_live_cell_dye,scpair_ops,2,0.9197829188151346,366,24,checkpoint_average
lipid_droplet_bodipy_live_cell_dye,ridge,3,0.9130626039608069,394,24,checkpoint_average
lipid_droplet_bodipy_live_cell_dye,gbdt,3,0.925565720830088,394,24,checkpoint_average
lipid_droplet_bodipy_live_cell_dye,catboost_multirmse,3,0.9127762366010608,394,24,checkpoint_average
lipid_droplet_bodipy_live_cell_dye,mlp,3,0.9282133164416272,394,24,checkpoint_average
lipid_droplet_bodipy_live_cell_dye,tabm_specialists,3,0.8926702934382246,394,24,checkpoint_average
lipid_droplet_bodipy_live_cell_dye,scbutterfly_ops_b,3,0.8276371656670403,394,24,checkpoint_average
lipid_droplet_bodipy_live_cell_dye,resmlp_52head,3,0.9197141975109112,394,24,checkpoint_average
lipid_droplet_bodipy_live_cell_dye,multitab_pilot,3,0.9064993010514888,394,24,checkpoint_average
lipid_droplet_bodipy_live_cell_dye,midas_ops,3,0.8043319302607111,394,24,checkpoint_average
lipid_droplet_bodipy_live_cell_dye,scpair_ops,3,0.9143582001853208,394,24,checkpoint_average
lipid_droplet_bodipy_live_cell_dye,ridge,4,0.917193675071486,444,24,checkpoint_average
lipid_droplet_bodipy_live_cell_dye,gbdt,4,0.9291043601654358,444,24,checkpoint_average
lipid_droplet_bodipy_live_cell_dye,catboost_multirmse,4,0.9171327133977176,444,24,checkpoint_average
lipid_droplet_bodipy_live_cell_dye,mlp,4,0.933102998126567,444,24,checkpoint_average
lipid_droplet_bodipy_live_cell_dye,tabm_specialists,4,0.9225022061313908,444,24,checkpoint_average
lipid_droplet_bodipy_live_cell_dye,scbutterfly_ops_b,4,0.8492799303913087,444,24,checkpoint_average
lipid_droplet_bodipy_live_cell_dye,resmlp_52head,4,0.9265268076805544,444,24,checkpoint_average
lipid_droplet_bodipy_live_cell_dye,multitab_pilot,4,0.9177056595836294,444,24,checkpoint_average
lipid_droplet_bodipy_live_cell_dye,midas_ops,4,0.8187572317505177,444,24,checkpoint_average
lipid_droplet_bodipy_live_cell_dye,scpair_ops,4,0.9214356635452255,444,24,checkpoint_average
late_endosome_rab7a,ridge,0,0.9027076991432008,422,24,checkpoint_average
late_endosome_rab7a,gbdt,0,0.9209696026479284,422,24,checkpoint_average
late_endosome_rab7a,catboost_multirmse,0,0.9098655221849216,422,24,checkpoint_average
late_endosome_rab7a,mlp,0,0.9242462510599966,422,24,checkpoint_average
late_endosome_rab7a,tabm_specialists,0,0.919448729664729,422,24,checkpoint_average
late_endosome_rab7a,scbutterfly_ops_b,0,0.8656178220270977,422,24,checkpoint_average
late_endosome_rab7a,resmlp_52head,0,0.917091305467054,422,24,checkpoint_average
late_endosome_rab7a,multitab_pilot,0,0.9126349783041778,422,24,checkpoint_average
late_endosome_rab7a,midas_ops,0,0.8068509237559433,422,24,checkpoint_average
late_endosome_rab7a,scpair_ops,0,0.9097819698946956,422,24,checkpoint_average
late_endosome_rab7a,ridge,1,0.902054396245728,374,24,checkpoint_average
late_endosome_rab7a,gbdt,1,0.9237657988953109,374,24,checkpoint_average
late_endosome_rab7a,catboost_multirmse,1,0.9146299457504766,374,24,checkpoint_average
late_endosome_rab7a,mlp,1,0.9225405544481856,374,24,checkpoint_average
late_endosome_rab7a,tabm_specialists,1,0.922838804014654,374,24,checkpoint_average
late_endosome_rab7a,scbutterfly_ops_b,1,0.8632052567969564,374,24,checkpoint_average
late_endosome_rab7a,resmlp_52head,1,0.9189170620237888,374,24,checkpoint_average
late_endosome_rab7a,multitab_pilot,1,0.9155933471501606,374,24,checkpoint_average
late_endosome_rab7a,midas_ops,1,0.8169056836616709,374,24,checkpoint_average
late_endosome_rab7a,scpair_ops,1,0.9115093881813228,374,24,checkpoint_average
late_endosome_rab7a,ridge,2,0.9053036335720286,366,24,checkpoint_average
late_endosome_rab7a,gbdt,2,0.9184707379251046,366,24,checkpoint_average
late_endosome_rab7a,catboost_multirmse,2,0.9107997785714608,366,24,checkpoint_average
late_endosome_rab7a,mlp,2,0.9230259342214984,366,24,checkpoint_average
late_endosome_rab7a,tabm_specialists,2,0.9208567742851111,366,24,checkpoint_average
late_endosome_rab7a,scbutterfly_ops_b,2,0.8510887369411151,366,24,checkpoint_average
late_endosome_rab7a,resmlp_52head,2,0.918911632564518,366,24,checkpoint_average
late_endosome_rab7a,multitab_pilot,2,0.9092241673427772,366,24,checkpoint_average
late_endosome_rab7a,midas_ops,2,0.770610284122211,366,24,checkpoint_average
late_endosome_rab7a,scpair_ops,2,0.906462550702364,366,24,checkpoint_average
late_endosome_rab7a,ridge,3,0.8974152803861037,394,24,checkpoint_average
late_endosome_rab7a,gbdt,3,0.9186911404843526,394,24,checkpoint_average
late_endosome_rab7a,catboost_multirmse,3,0.9058441369451156,394,24,checkpoint_average
late_endosome_rab7a,mlp,3,0.9176666601445498,394,24,checkpoint_average
late_endosome_rab7a,tabm_specialists,3,0.8712874184798273,394,24,checkpoint_average
late_endosome_rab7a,scbutterfly_ops_b,3,0.8528774877134606,394,24,checkpoint_average
late_endosome_rab7a,resmlp_52head,3,0.913192149999781,394,24,checkpoint_average
late_endosome_rab7a,multitab_pilot,3,0.9059820391209468,394,24,checkpoint_average
late_endosome_rab7a,midas_ops,3,0.8039140536004608,394,24,checkpoint_average
late_endosome_rab7a,scpair_ops,3,0.9039883429793236,394,24,checkpoint_average
late_endosome_rab7a,ridge,4,0.9174030700929344,444,24,checkpoint_average
late_endosome_rab7a,gbdt,4,0.927004846530927,444,24,checkpoint_average
late_endosome_rab7a,catboost_multirmse,4,0.9165133313628664,444,24,checkpoint_average
late_endosome_rab7a,mlp,4,0.9298399657212468,444,24,checkpoint_average
late_endosome_rab7a,tabm_specialists,4,0.5487679344173457,444,24,checkpoint_average
late_endosome_rab7a,scbutterfly_ops_b,4,0.7936719557880266,444,24,checkpoint_average
late_endosome_rab7a,resmlp_52head,4,0.9266721999349272,444,24,checkpoint_average
late_endosome_rab7a,multitab_pilot,4,0.9176272347876588,444,24,checkpoint_average
late_endosome_rab7a,midas_ops,4,0.780402454565596,444,24,checkpoint_average
late_endosome_rab7a,scpair_ops,4,0.9146746550800904,444,24,checkpoint_average
actin_filament_fastact_spy555_live_cell_dye,ridge,0,0.9078260972673058,1055,24,checkpoint_average
actin_filament_fastact_spy555_live_cell_dye,gbdt,0,0.9269693897846776,1055,24,checkpoint_average
actin_filament_fastact_spy555_live_cell_dye,catboost_multirmse,0,0.9108466036524396,1055,24,checkpoint_average
actin_filament_fastact_spy555_live_cell_dye,mlp,0,0.9292860225979952,1055,24,checkpoint_average
actin_filament_fastact_spy555_live_cell_dye,tabm_specialists,0,0.9241056295855694,1055,24,checkpoint_average
actin_filament_fastact_spy555_live_cell_dye,scbutterfly_ops_b,0,0.894871899999222,1055,24,checkpoint_average
actin_filament_fastact_spy555_live_cell_dye,resmlp_52head,0,0.9206906292233278,1055,24,checkpoint_average
actin_filament_fastact_spy555_live_cell_dye,multitab_pilot,0,0.910084267778483,1055,24,checkpoint_average
actin_filament_fastact_spy555_live_cell_dye,midas_ops,0,0.8518072847422977,1055,24,checkpoint_average
actin_filament_fastact_spy555_live_cell_dye,scpair_ops,0,0.9132986283381864,1055,24,checkpoint_average
actin_filament_fastact_spy555_live_cell_dye,ridge,1,0.904430964425514,935,24,checkpoint_average
actin_filament_fastact_spy555_live_cell_dye,gbdt,1,0.9240949679604974,935,24,checkpoint_average
actin_filament_fastact_spy555_live_cell_dye,catboost_multirmse,1,0.9128373759572126,935,24,checkpoint_average
actin_filament_fastact_spy555_live_cell_dye,mlp,1,0.9258061529358388,935,24,checkpoint_average
actin_filament_fastact_spy555_live_cell_dye,tabm_specialists,1,0.906180749614399,935,24,checkpoint_average
actin_filament_fastact_spy555_live_cell_dye,scbutterfly_ops_b,1,0.8865279556114979,935,24,checkpoint_average
actin_filament_fastact_spy555_live_cell_dye,resmlp_52head,1,0.9175933879655273,935,24,checkpoint_average
actin_filament_fastact_spy555_live_cell_dye,multitab_pilot,1,0.9100806844886532,935,24,checkpoint_average
actin_filament_fastact_spy555_live_cell_dye,midas_ops,1,0.7891255250370411,935,24,checkpoint_average
actin_filament_fastact_spy555_live_cell_dye,scpair_ops,1,0.9116890840894506,935,24,checkpoint_average
actin_filament_fastact_spy555_live_cell_dye,ridge,2,0.900570563238969,915,24,checkpoint_average
actin_filament_fastact_spy555_live_cell_dye,gbdt,2,0.9197811761663738,915,24,checkpoint_average
actin_filament_fastact_spy555_live_cell_dye,catboost_multirmse,2,0.9060715593973822,915,24,checkpoint_average
actin_filament_fastact_spy555_live_cell_dye,mlp,2,0.921389869000596,915,24,checkpoint_average
actin_filament_fastact_spy555_live_cell_dye,tabm_specialists,2,0.919621878510348,915,24,checkpoint_average
actin_filament_fastact_spy555_live_cell_dye,scbutterfly_ops_b,2,0.8869074927275727,915,24,checkpoint_average
actin_filament_fastact_spy555_live_cell_dye,resmlp_52head,2,0.9118455791599128,915,24,checkpoint_average
actin_filament_fastact_spy555_live_cell_dye,multitab_pilot,2,0.9031772715844144,915,24,checkpoint_average
actin_filament_fastact_spy555_live_cell_dye,midas_ops,2,0.7662128642843173,915,24,checkpoint_average
actin_filament_fastact_spy555_live_cell_dye,scpair_ops,2,0.9069994759870292,915,24,checkpoint_average
actin_filament_fastact_spy555_live_cell_dye,ridge,3,0.9017300087203198,985,24,checkpoint_average
actin_filament_fastact_spy555_live_cell_dye,gbdt,3,0.921671055101458,985,24,checkpoint_average
actin_filament_fastact_spy555_live_cell_dye,catboost_multirmse,3,0.9076212215191124,985,24,checkpoint_average
actin_filament_fastact_spy555_live_cell_dye,mlp,3,0.9221213997746112,985,24,checkpoint_average
actin_filament_fastact_spy555_live_cell_dye,tabm_specialists,3,0.8918299887222508,985,24,checkpoint_average
actin_filament_fastact_spy555_live_cell_dye,scbutterfly_ops_b,3,0.8874356598812007,985,24,checkpoint_average
actin_filament_fastact_spy555_live_cell_dye,resmlp_52head,3,0.9165314197629004,985,24,checkpoint_average
actin_filament_fastact_spy555_live_cell_dye,multitab_pilot,3,0.9057270456214704,985,24,checkpoint_average
actin_filament_fastact_spy555_live_cell_dye,midas_ops,3,0.8553943670978335,985,24,checkpoint_average
actin_filament_fastact_spy555_live_cell_dye,scpair_ops,3,0.907944782668579,985,24,checkpoint_average
actin_filament_fastact_spy555_live_cell_dye,ridge,4,0.9046855815716178,1110,24,checkpoint_average
actin_filament_fastact_spy555_live_cell_dye,gbdt,4,0.91991073520507,1110,24,checkpoint_average
actin_filament_fastact_spy555_live_cell_dye,catboost_multirmse,4,0.907380148265822,1110,24,checkpoint_average
actin_filament_fastact_spy555_live_cell_dye,mlp,4,0.9231506336788894,1110,24,checkpoint_average
actin_filament_fastact_spy555_live_cell_dye,tabm_specialists,4,0.910887728535111,1110,24,checkpoint_average
actin_filament_fastact_spy555_live_cell_dye,scbutterfly_ops_b,4,0.8941418101159367,1110,24,checkpoint_average
actin_filament_fastact_spy555_live_cell_dye,resmlp_52head,4,0.9164314102289008,1110,24,checkpoint_average
actin_filament_fastact_spy555_live_cell_dye,multitab_pilot,4,0.9046449886851096,1110,24,checkpoint_average
actin_filament_fastact_spy555_live_cell_dye,midas_ops,4,0.7757304811094577,1110,24,checkpoint_average
actin_filament_fastact_spy555_live_cell_dye,scpair_ops,4,0.910439590079938,1110,24,checkpoint_average
plasma_membrane_slc3a2,ridge,0,0.920024757962492,422,24,checkpoint_average
plasma_membrane_slc3a2,gbdt,0,0.9245759923246204,422,24,checkpoint_average
plasma_membrane_slc3a2,catboost_multirmse,0,0.9212790328068028,422,24,checkpoint_average
plasma_membrane_slc3a2,mlp,0,0.9233405741948248,422,24,checkpoint_average
plasma_membrane_slc3a2,tabm_specialists,0,0.9259663567298168,422,24,checkpoint_average
plasma_membrane_slc3a2,scbutterfly_ops_b,0,0.9120467422578692,422,24,checkpoint_average
plasma_membrane_slc3a2,resmlp_52head,0,0.923967923895105,422,24,checkpoint_average
plasma_membrane_slc3a2,multitab_pilot,0,0.9197787185306702,422,24,checkpoint_average
plasma_membrane_slc3a2,midas_ops,0,0.892285446022913,422,24,checkpoint_average
plasma_membrane_slc3a2,scpair_ops,0,0.9195723126051254,422,24,checkpoint_average
plasma_membrane_slc3a2,ridge,1,0.8905810785208056,374,24,checkpoint_average
plasma_membrane_slc3a2,gbdt,1,0.8968327328022497,374,24,checkpoint_average
plasma_membrane_slc3a2,catboost_multirmse,1,0.8899079239380123,374,24,checkpoint_average
plasma_membrane_slc3a2,mlp,1,0.8961976213913249,374,24,checkpoint_average
plasma_membrane_slc3a2,tabm_specialists,1,0.8994962964876518,374,24,checkpoint_average
plasma_membrane_slc3a2,scbutterfly_ops_b,1,0.882509836274127,374,24,checkpoint_average
plasma_membrane_slc3a2,resmlp_52head,1,0.895835504476007,374,24,checkpoint_average
plasma_membrane_slc3a2,multitab_pilot,1,0.8933007489718706,374,24,checkpoint_average
plasma_membrane_slc3a2,midas_ops,1,0.8412819114164977,374,24,checkpoint_average
plasma_membrane_slc3a2,scpair_ops,1,0.8922372350144204,374,24,checkpoint_average
plasma_membrane_slc3a2,ridge,2,0.9074621338382192,366,24,checkpoint_average
plasma_membrane_slc3a2,gbdt,2,0.9099373572874576,366,24,checkpoint_average
plasma_membrane_slc3a2,catboost_multirmse,2,0.9043656303568928,366,24,checkpoint_average
plasma_membrane_slc3a2,mlp,2,0.9115213137424018,366,24,checkpoint_average
plasma_membrane_slc3a2,tabm_specialists,2,0.9133736771858754,366,24,checkpoint_average
plasma_membrane_slc3a2,scbutterfly_ops_b,2,0.8955059401170136,366,24,checkpoint_average
plasma_membrane_slc3a2,resmlp_52head,2,0.9127313722565052,366,24,checkpoint_average
plasma_membrane_slc3a2,multitab_pilot,2,0.904688629723528,366,24,checkpoint_average
plasma_membrane_slc3a2,midas_ops,2,0.8726692487314155,366,24,checkpoint_average
plasma_membrane_slc3a2,scpair_ops,2,0.9047494322182518,366,24,checkpoint_average
plasma_membrane_slc3a2,ridge,3,0.8860727255576558,394,24,checkpoint_average
plasma_membrane_slc3a2,gbdt,3,0.8959702899254068,394,24,checkpoint_average
plasma_membrane_slc3a2,catboost_multirmse,3,0.8905675459931764,394,24,checkpoint_average
plasma_membrane_slc3a2,mlp,3,0.8942972105717453,394,24,checkpoint_average
plasma_membrane_slc3a2,tabm_specialists,3,0.8789785283772398,394,24,checkpoint_average
plasma_membrane_slc3a2,scbutterfly_ops_b,3,0.8815449934522469,394,24,checkpoint_average
plasma_membrane_slc3a2,resmlp_52head,3,0.8966025591076967,394,24,checkpoint_average
plasma_membrane_slc3a2,multitab_pilot,3,0.8909485758307123,394,24,checkpoint_average
plasma_membrane_slc3a2,midas_ops,3,0.8566250596377735,394,24,checkpoint_average
plasma_membrane_slc3a2,scpair_ops,3,0.8888703567607948,394,24,checkpoint_average
plasma_membrane_slc3a2,ridge,4,0.9288253979432358,444,24,checkpoint_average
plasma_membrane_slc3a2,gbdt,4,0.9345268097241451,444,24,checkpoint_average
plasma_membrane_slc3a2,catboost_multirmse,4,0.9290962056803934,444,24,checkpoint_average
plasma_membrane_slc3a2,mlp,4,0.9340031593759986,444,24,checkpoint_average
plasma_membrane_slc3a2,tabm_specialists,4,0.928795461640175,444,24,checkpoint_average
plasma_membrane_slc3a2,scbutterfly_ops_b,4,0.920983717561868,444,24,checkpoint_average
plasma_membrane_slc3a2,resmlp_52head,4,0.9344099494287028,444,24,checkpoint_average
plasma_membrane_slc3a2,multitab_pilot,4,0.9295258816563576,444,24,checkpoint_average
plasma_membrane_slc3a2,midas_ops,4,0.8865427568881565,444,24,checkpoint_average
plasma_membrane_slc3a2,scpair_ops,4,0.9280643552729112,444,24,checkpoint_average
clathrin_vesicles_clta,ridge,0,0.90376315901818,422,24,checkpoint_average
clathrin_vesicles_clta,gbdt,0,0.918553296446684,422,24,checkpoint_average
clathrin_vesicles_clta,catboost_multirmse,0,0.9085317248034604,422,24,checkpoint_average
clathrin_vesicles_clta,mlp,0,0.9210118647476973,422,24,checkpoint_average
clathrin_vesicles_clta,tabm_specialists,0,0.917724625658716,422,24,checkpoint_average
clathrin_vesicles_clta,scbutterfly_ops_b,0,0.8320050667440304,422,24,checkpoint_average
clathrin_vesicles_clta,resmlp_52head,0,0.9152395963851192,422,24,checkpoint_average
clathrin_vesicles_clta,multitab_pilot,0,0.9107967028552304,422,24,checkpoint_average
clathrin_vesicles_clta,midas_ops,0,0.8348271463201584,422,24,checkpoint_average
clathrin_vesicles_clta,scpair_ops,0,0.9086459548447808,422,24,checkpoint_average
clathrin_vesicles_clta,ridge,1,0.8976051238619475,374,24,checkpoint_average
clathrin_vesicles_clta,gbdt,1,0.9121104648358176,374,24,checkpoint_average
clathrin_vesicles_clta,catboost_multirmse,1,0.8983590397890961,374,24,checkpoint_average
clathrin_vesicles_clta,mlp,1,0.9169679815304432,374,24,checkpoint_average
clathrin_vesicles_clta,tabm_specialists,1,0.9099142107386876,374,24,checkpoint_average
clathrin_vesicles_clta,scbutterfly_ops_b,1,0.7946119440578409,374,24,checkpoint_average
clathrin_vesicles_clta,resmlp_52head,1,0.9029149012054845,374,24,checkpoint_average
clathrin_vesicles_clta,multitab_pilot,1,0.904037830559018,374,24,checkpoint_average
clathrin_vesicles_clta,midas_ops,1,0.7469576047065866,374,24,checkpoint_average
clathrin_vesicles_clta,scpair_ops,1,0.8964676535691419,374,24,checkpoint_average
clathrin_vesicles_clta,ridge,2,0.8976412419996328,366,24,checkpoint_average
clathrin_vesicles_clta,gbdt,2,0.9157034679110762,366,24,checkpoint_average
clathrin_vesicles_clta,catboost_multirmse,2,0.9007808069924866,366,24,checkpoint_average
clathrin_vesicles_clta,mlp,2,0.9173340308656877,366,24,checkpoint_average
clathrin_vesicles_clta,tabm_specialists,2,0.9158966365674972,366,24,checkpoint_average
clathrin_vesicles_clta,scbutterfly_ops_b,2,0.8127407997122336,366,24,checkpoint_average
clathrin_vesicles_clta,resmlp_52head,2,0.9090249178727609,366,24,checkpoint_average
clathrin_vesicles_clta,multitab_pilot,2,0.9028102612313792,366,24,checkpoint_average
clathrin_vesicles_clta,midas_ops,2,0.7093189690607185,366,24,checkpoint_average
clathrin_vesicles_clta,scpair_ops,2,0.8980596100942272,366,24,checkpoint_average
clathrin_vesicles_clta,ridge,3,0.8976863753017383,394,24,checkpoint_average
clathrin_vesicles_clta,gbdt,3,0.911124076840856,394,24,checkpoint_average
clathrin_vesicles_clta,catboost_multirmse,3,0.8985952571145072,394,24,checkpoint_average
clathrin_vesicles_clta,mlp,3,0.913539992570322,394,24,checkpoint_average
clathrin_vesicles_clta,tabm_specialists,3,0.8415728817150999,394,24,checkpoint_average
clathrin_vesicles_clta,scbutterfly_ops_b,3,0.8194335027808984,394,24,checkpoint_average
clathrin_vesicles_clta,resmlp_52head,3,0.908093675811941,394,24,checkpoint_average
clathrin_vesicles_clta,multitab_pilot,3,0.9039974810701124,394,24,checkpoint_average
clathrin_vesicles_clta,midas_ops,3,0.7868856092443096,394,24,checkpoint_average
clathrin_vesicles_clta,scpair_ops,3,0.898502775623769,394,24,checkpoint_average
clathrin_vesicles_clta,ridge,4,0.9155246315572474,444,24,checkpoint_average
clathrin_vesicles_clta,gbdt,4,0.9287088482912604,444,24,checkpoint_average
clathrin_vesicles_clta,catboost_multirmse,4,0.918969758765163,444,24,checkpoint_average
clathrin_vesicles_clta,mlp,4,0.9311358357719112,444,24,checkpoint_average
clathrin_vesicles_clta,tabm_specialists,4,0.910703637628388,444,24,checkpoint_average
clathrin_vesicles_clta,scbutterfly_ops_b,4,0.8381032717707487,444,24,checkpoint_average
clathrin_vesicles_clta,resmlp_52head,4,0.9251333042615656,444,24,checkpoint_average
clathrin_vesicles_clta,multitab_pilot,4,0.9195445907409312,444,24,checkpoint_average
clathrin_vesicles_clta,midas_ops,4,0.7556680934171293,444,24,checkpoint_average
clathrin_vesicles_clta,scpair_ops,4,0.9161726109955556,444,24,checkpoint_average
autophagosome_map1lc3b,ridge,0,0.8777559918032729,633,24,checkpoint_average
autophagosome_map1lc3b,gbdt,0,0.9135287104289188,633,24,checkpoint_average
autophagosome_map1lc3b,catboost_multirmse,0,0.9049654249981072,633,24,checkpoint_average
autophagosome_map1lc3b,mlp,0,0.9120460854061312,633,24,checkpoint_average
autophagosome_map1lc3b,tabm_specialists,0,0.9054196638124776,633,24,checkpoint_average
autophagosome_map1lc3b,scbutterfly_ops_b,0,0.8293388576030044,633,24,checkpoint_average
autophagosome_map1lc3b,resmlp_52head,0,0.908555083739226,633,24,checkpoint_average
autophagosome_map1lc3b,multitab_pilot,0,0.8996524072153207,633,24,checkpoint_average
autophagosome_map1lc3b,midas_ops,0,0.8270378764758067,633,24,checkpoint_average
autophagosome_map1lc3b,scpair_ops,0,0.894941890845398,633,24,checkpoint_average
autophagosome_map1lc3b,ridge,1,0.8590626846982614,561,24,checkpoint_average
autophagosome_map1lc3b,gbdt,1,0.8945105904355146,561,24,checkpoint_average
autophagosome_map1lc3b,catboost_multirmse,1,0.8846817247795876,561,24,checkpoint_average
autophagosome_map1lc3b,mlp,1,0.8979311080994025,561,24,checkpoint_average
autophagosome_map1lc3b,tabm_specialists,1,0.8893760161860172,561,24,checkpoint_average
autophagosome_map1lc3b,scbutterfly_ops_b,1,0.7056397487628593,561,24,checkpoint_average
autophagosome_map1lc3b,resmlp_52head,1,0.8893390837835131,561,24,checkpoint_average
autophagosome_map1lc3b,multitab_pilot,1,0.881630906070724,561,24,checkpoint_average
autophagosome_map1lc3b,midas_ops,1,0.6745874645855628,561,24,checkpoint_average
autophagosome_map1lc3b,scpair_ops,1,0.875385448263892,561,24,checkpoint_average
autophagosome_map1lc3b,ridge,2,0.8701218967443545,549,24,checkpoint_average
autophagosome_map1lc3b,gbdt,2,0.8961384460712253,549,24,checkpoint_average
autophagosome_map1lc3b,catboost_multirmse,2,0.8851252375151347,549,24,checkpoint_average
autophagosome_map1lc3b,mlp,2,0.8942970753055013,549,24,checkpoint_average
autophagosome_map1lc3b,tabm_specialists,2,0.8912506295960876,549,24,checkpoint_average
autophagosome_map1lc3b,scbutterfly_ops_b,2,0.8131694894843796,549,24,checkpoint_average
autophagosome_map1lc3b,resmlp_52head,2,0.8888969112130582,549,24,checkpoint_average
autophagosome_map1lc3b,multitab_pilot,2,0.8825479897080623,549,24,checkpoint_average
autophagosome_map1lc3b,midas_ops,2,0.695566293498573,549,24,checkpoint_average
autophagosome_map1lc3b,scpair_ops,2,0.8772238130641616,549,24,checkpoint_average
autophagosome_map1lc3b,ridge,3,0.8715557442514629,591,24,checkpoint_average
autophagosome_map1lc3b,gbdt,3,0.905080955335498,591,24,checkpoint_average
autophagosome_map1lc3b,catboost_multirmse,3,0.89464502627653,591,24,checkpoint_average
autophagosome_map1lc3b,mlp,3,0.9047427657740498,591,24,checkpoint_average
autophagosome_map1lc3b,tabm_specialists,3,0.8514641312547889,591,24,checkpoint_average
autophagosome_map1lc3b,scbutterfly_ops_b,3,0.8257180835736962,591,24,checkpoint_average
autophagosome_map1lc3b,resmlp_52head,3,0.8988576977987766,591,24,checkpoint_average
autophagosome_map1lc3b,multitab_pilot,3,0.8924423947493155,591,24,checkpoint_average
autophagosome_map1lc3b,midas_ops,3,0.812740555111637,591,24,checkpoint_average
autophagosome_map1lc3b,scpair_ops,3,0.89195087152796,591,24,checkpoint_average
autophagosome_map1lc3b,ridge,4,0.8789021040979149,666,24,checkpoint_average
autophagosome_map1lc3b,gbdt,4,0.9179806550976276,666,24,checkpoint_average
autophagosome_map1lc3b,catboost_multirmse,4,0.9062481550104,666,24,checkpoint_average
autophagosome_map1lc3b,mlp,4,0.9198943445211248,666,24,checkpoint_average
autophagosome_map1lc3b,tabm_specialists,4,0.7310589309916452,666,24,checkpoint_average
autophagosome_map1lc3b,scbutterfly_ops_b,4,0.8276337399269393,666,24,checkpoint_average
autophagosome_map1lc3b,resmlp_52head,4,0.9159473021253292,666,24,checkpoint_average
autophagosome_map1lc3b,multitab_pilot,4,0.9009054563721852,666,24,checkpoint_average
autophagosome_map1lc3b,midas_ops,4,0.7039445497555005,666,24,checkpoint_average
autophagosome_map1lc3b,scpair_ops,4,0.9006182195814043,666,24,checkpoint_average
fe2+_ferhonox_live-cell_dye,ridge,0,0.8870612828180526,422,24,checkpoint_average
fe2+_ferhonox_live-cell_dye,gbdt,0,0.9215893106808148,422,24,checkpoint_average
fe2+_ferhonox_live-cell_dye,catboost_multirmse,0,0.8985076893057106,422,24,checkpoint_average
fe2+_ferhonox_live-cell_dye,mlp,0,0.9029257521308136,422,24,checkpoint_average
fe2+_ferhonox_live-cell_dye,tabm_specialists,0,0.9044542374625908,422,24,checkpoint_average
fe2+_ferhonox_live-cell_dye,scbutterfly_ops_b,0,0.7160209709174689,422,24,checkpoint_average
fe2+_ferhonox_live-cell_dye,resmlp_52head,0,0.8952781629908405,422,24,checkpoint_average
fe2+_ferhonox_live-cell_dye,multitab_pilot,0,0.828784772783148,422,24,checkpoint_average
fe2+_ferhonox_live-cell_dye,midas_ops,0,0.6648282714614994,422,24,checkpoint_average
fe2+_ferhonox_live-cell_dye,scpair_ops,0,0.8089655395738616,422,24,checkpoint_average
fe2+_ferhonox_live-cell_dye,ridge,1,0.9044784803577504,374,24,checkpoint_average
fe2+_ferhonox_live-cell_dye,gbdt,1,0.9284740120618166,374,24,checkpoint_average
fe2+_ferhonox_live-cell_dye,catboost_multirmse,1,0.9127893046227492,374,24,checkpoint_average
fe2+_ferhonox_live-cell_dye,mlp,1,0.9090901263354062,374,24,checkpoint_average
fe2+_ferhonox_live-cell_dye,tabm_specialists,1,0.9217488450670762,374,24,checkpoint_average
fe2+_ferhonox_live-cell_dye,scbutterfly_ops_b,1,0.742053489768897,374,24,checkpoint_average
fe2+_ferhonox_live-cell_dye,resmlp_52head,1,0.902799535304918,374,24,checkpoint_average
fe2+_ferhonox_live-cell_dye,multitab_pilot,1,0.8797996744583426,374,24,checkpoint_average
fe2+_ferhonox_live-cell_dye,midas_ops,1,0.5580621363566315,374,24,checkpoint_average
fe2+_ferhonox_live-cell_dye,scpair_ops,1,0.8246201541810348,374,24,checkpoint_average
fe2+_ferhonox_live-cell_dye,ridge,2,0.8897491521788705,366,24,checkpoint_average
fe2+_ferhonox_live-cell_dye,gbdt,2,0.9262996632210564,366,24,checkpoint_average
fe2+_ferhonox_live-cell_dye,catboost_multirmse,2,0.9015016348170968,366,24,checkpoint_average
fe2+_ferhonox_live-cell_dye,mlp,2,0.9135292175312176,366,24,checkpoint_average
fe2+_ferhonox_live-cell_dye,tabm_specialists,2,0.0284719838241913,366,24,checkpoint_average
fe2+_ferhonox_live-cell_dye,scbutterfly_ops_b,2,0.0043835587003174,366,24,checkpoint_average
fe2+_ferhonox_live-cell_dye,resmlp_52head,2,0.9063580192167152,366,24,checkpoint_average
fe2+_ferhonox_live-cell_dye,multitab_pilot,2,0.8702469387653693,366,24,checkpoint_average
fe2+_ferhonox_live-cell_dye,midas_ops,2,0.5995013890637432,366,24,checkpoint_average
fe2+_ferhonox_live-cell_dye,scpair_ops,2,0.8108434508583123,366,24,checkpoint_average
fe2+_ferhonox_live-cell_dye,ridge,3,0.8836787676312676,394,24,checkpoint_average
fe2+_ferhonox_live-cell_dye,gbdt,3,0.9168821138235638,394,24,checkpoint_average
fe2+_ferhonox_live-cell_dye,catboost_multirmse,3,0.8956427529560059,394,24,checkpoint_average
fe2+_ferhonox_live-cell_dye,mlp,3,0.9091171669179268,394,24,checkpoint_average
fe2+_ferhonox_live-cell_dye,tabm_specialists,3,0.7833486869651299,394,24,checkpoint_average
fe2+_ferhonox_live-cell_dye,scbutterfly_ops_b,3,0.557831177046447,394,24,checkpoint_average
fe2+_ferhonox_live-cell_dye,resmlp_52head,3,0.8992845946918379,394,24,checkpoint_average
fe2+_ferhonox_live-cell_dye,multitab_pilot,3,0.8338405467814648,394,24,checkpoint_average
fe2+_ferhonox_live-cell_dye,midas_ops,3,0.6915123419583846,394,24,checkpoint_average
fe2+_ferhonox_live-cell_dye,scpair_ops,3,0.8091874545461352,394,24,checkpoint_average
fe2+_ferhonox_live-cell_dye,ridge,4,0.9012825138251064,444,24,checkpoint_average
fe2+_ferhonox_live-cell_dye,gbdt,4,0.9320721907551786,444,24,checkpoint_average
fe2+_ferhonox_live-cell_dye,catboost_multirmse,4,0.9105137501698864,444,24,checkpoint_average
fe2+_ferhonox_live-cell_dye,mlp,4,0.9180601345264982,444,24,checkpoint_average
fe2+_ferhonox_live-cell_dye,tabm_specialists,4,0.8596973035158365,444,24,checkpoint_average
fe2+_ferhonox_live-cell_dye,scbutterfly_ops_b,4,0.6807384749303161,444,24,checkpoint_average
fe2+_ferhonox_live-cell_dye,resmlp_52head,4,0.9109598149883535,444,24,checkpoint_average
fe2+_ferhonox_live-cell_dye,multitab_pilot,4,0.828681175453439,444,24,checkpoint_average
fe2+_ferhonox_live-cell_dye,midas_ops,4,0.5872508851127854,444,24,checkpoint_average
fe2+_ferhonox_live-cell_dye,scpair_ops,4,0.8426407344385547,444,24,checkpoint_average
recycling_endosome_tfrc,ridge,0,0.8564727459184099,422,24,checkpoint_average
recycling_endosome_tfrc,gbdt,0,0.8854306508869184,422,24,checkpoint_average
recycling_endosome_tfrc,catboost_multirmse,0,0.87071749207598,422,24,checkpoint_average
recycling_endosome_tfrc,mlp,0,0.8925042469088432,422,24,checkpoint_average
recycling_endosome_tfrc,tabm_specialists,0,0.8737483422935765,422,24,checkpoint_average
recycling_endosome_tfrc,scbutterfly_ops_b,0,0.6729574439551289,422,24,checkpoint_average
recycling_endosome_tfrc,resmlp_52head,0,0.8663448789899487,422,24,checkpoint_average
recycling_endosome_tfrc,multitab_pilot,0,0.8680918227813393,422,24,checkpoint_average
recycling_endosome_tfrc,midas_ops,0,0.7697329535536698,422,24,checkpoint_average
recycling_endosome_tfrc,scpair_ops,0,0.8508772401868203,422,24,checkpoint_average
recycling_endosome_tfrc,ridge,1,0.8696035657991347,374,24,checkpoint_average
recycling_endosome_tfrc,gbdt,1,0.8856619315841462,374,24,checkpoint_average
recycling_endosome_tfrc,catboost_multirmse,1,0.8664696385180708,374,24,checkpoint_average
recycling_endosome_tfrc,mlp,1,0.9059361726924232,374,24,checkpoint_average
recycling_endosome_tfrc,tabm_specialists,1,0.8902017181013441,374,24,checkpoint_average
recycling_endosome_tfrc,scbutterfly_ops_b,1,0.6446760655080893,374,24,checkpoint_average
recycling_endosome_tfrc,resmlp_52head,1,0.8623482289000931,374,24,checkpoint_average
recycling_endosome_tfrc,multitab_pilot,1,0.8772292688194545,374,24,checkpoint_average
recycling_endosome_tfrc,midas_ops,1,0.7542273432773298,374,24,checkpoint_average
recycling_endosome_tfrc,scpair_ops,1,0.8478442360471469,374,24,checkpoint_average
recycling_endosome_tfrc,ridge,2,0.8505773169302117,366,24,checkpoint_average
recycling_endosome_tfrc,gbdt,2,0.8839840426443532,366,24,checkpoint_average
recycling_endosome_tfrc,catboost_multirmse,2,0.8650923794505864,366,24,checkpoint_average
recycling_endosome_tfrc,mlp,2,0.8866454954689522,366,24,checkpoint_average
recycling_endosome_tfrc,tabm_specialists,2,0.8885390133038724,366,24,checkpoint_average
recycling_endosome_tfrc,scbutterfly_ops_b,2,0.7100198975543223,366,24,checkpoint_average
recycling_endosome_tfrc,resmlp_52head,2,0.8696902920266526,366,24,checkpoint_average
recycling_endosome_tfrc,multitab_pilot,2,0.8695416808046105,366,24,checkpoint_average
recycling_endosome_tfrc,midas_ops,2,0.739159802730548,366,24,checkpoint_average
recycling_endosome_tfrc,scpair_ops,2,0.8610247973491275,366,24,checkpoint_average
recycling_endosome_tfrc,ridge,3,0.8533884398725687,394,24,checkpoint_average
recycling_endosome_tfrc,gbdt,3,0.8831159130404075,394,24,checkpoint_average
recycling_endosome_tfrc,catboost_multirmse,3,0.859110804102926,394,24,checkpoint_average
recycling_endosome_tfrc,mlp,3,0.8936165882735138,394,24,checkpoint_average
recycling_endosome_tfrc,tabm_specialists,3,0.7713694956536715,394,24,checkpoint_average
recycling_endosome_tfrc,scbutterfly_ops_b,3,0.723985226646174,394,24,checkpoint_average
recycling_endosome_tfrc,resmlp_52head,3,0.8613879752802044,394,24,checkpoint_average
recycling_endosome_tfrc,multitab_pilot,3,0.8603707383952862,394,24,checkpoint_average
recycling_endosome_tfrc,midas_ops,3,0.7543419790143666,394,24,checkpoint_average
recycling_endosome_tfrc,scpair_ops,3,0.8514553192930544,394,24,checkpoint_average
recycling_endosome_tfrc,ridge,4,0.841017521339284,444,24,checkpoint_average
recycling_endosome_tfrc,gbdt,4,0.8764098766374229,444,24,checkpoint_average
recycling_endosome_tfrc,catboost_multirmse,4,0.8565566803099994,444,24,checkpoint_average
recycling_endosome_tfrc,mlp,4,0.8850149357448593,444,24,checkpoint_average
recycling_endosome_tfrc,tabm_specialists,4,0.7901362109921565,444,24,checkpoint_average
recycling_endosome_tfrc,scbutterfly_ops_b,4,0.6557851392092044,444,24,checkpoint_average
recycling_endosome_tfrc,resmlp_52head,4,0.8499702890748488,444,24,checkpoint_average
recycling_endosome_tfrc,multitab_pilot,4,0.8604726033388799,444,24,checkpoint_average
recycling_endosome_tfrc,midas_ops,4,0.731562854320797,444,24,checkpoint_average
recycling_endosome_tfrc,scpair_ops,4,0.832862588989074,444,24,checkpoint_average
er_golgi_cope,ridge,0,0.8197100789098585,422,24,checkpoint_average
er_golgi_cope,gbdt,0,0.8292616235363205,422,24,checkpoint_average
er_golgi_cope,catboost_multirmse,0,0.8234020769451948,422,24,checkpoint_average
er_golgi_cope,mlp,0,0.8245738796716412,422,24,checkpoint_average
er_golgi_cope,tabm_specialists,0,0.8331192597513196,422,24,checkpoint_average
er_golgi_cope,scbutterfly_ops_b,0,0.8072379765667478,422,24,checkpoint_average
er_golgi_cope,resmlp_52head,0,0.8280361271171927,422,24,checkpoint_average
er_golgi_cope,multitab_pilot,0,0.8212661600586683,422,24,checkpoint_average
er_golgi_cope,midas_ops,0,0.7649139182773003,422,24,checkpoint_average
er_golgi_cope,scpair_ops,0,0.8211007934391388,422,24,checkpoint_average
er_golgi_cope,ridge,1,0.8036376530045347,374,24,checkpoint_average
er_golgi_cope,gbdt,1,0.8203953796240314,374,24,checkpoint_average
er_golgi_cope,catboost_multirmse,1,0.8147644439606646,374,24,checkpoint_average
er_golgi_cope,mlp,1,0.822308841254214,374,24,checkpoint_average
er_golgi_cope,tabm_specialists,1,0.8272223689243976,374,24,checkpoint_average
er_golgi_cope,scbutterfly_ops_b,1,0.8135777108660678,374,24,checkpoint_average
er_golgi_cope,resmlp_52head,1,0.8249007464195124,374,24,checkpoint_average
er_golgi_cope,multitab_pilot,1,0.8127643800683731,374,24,checkpoint_average
er_golgi_cope,midas_ops,1,0.7176654096677227,374,24,checkpoint_average
er_golgi_cope,scpair_ops,1,0.8107273685189033,374,24,checkpoint_average
er_golgi_cope,ridge,2,0.8427923574103332,366,24,checkpoint_average
er_golgi_cope,gbdt,2,0.8513892573294815,366,24,checkpoint_average
er_golgi_cope,catboost_multirmse,2,0.8482195449931798,366,24,checkpoint_average
er_golgi_cope,mlp,2,0.8438413710367186,366,24,checkpoint_average
er_golgi_cope,tabm_specialists,2,0.8560632851806892,366,24,checkpoint_average
er_golgi_cope,scbutterfly_ops_b,2,0.8277766869475099,366,24,checkpoint_average
er_golgi_cope,resmlp_52head,2,0.8483903226363164,366,24,checkpoint_average
er_golgi_cope,multitab_pilot,2,0.8465450725388045,366,24,checkpoint_average
er_golgi_cope,midas_ops,2,0.7389978826947013,366,24,checkpoint_average
er_golgi_cope,scpair_ops,2,0.8404798959346872,366,24,checkpoint_average
er_golgi_cope,ridge,3,0.8125240542729392,394,24,checkpoint_average
er_golgi_cope,gbdt,3,0.8246882438526525,394,24,checkpoint_average
er_golgi_cope,catboost_multirmse,3,0.8114609492278703,394,24,checkpoint_average
er_golgi_cope,mlp,3,0.8219052564944955,394,24,checkpoint_average
er_golgi_cope,tabm_specialists,3,0.7948913860804634,394,24,checkpoint_average
er_golgi_cope,scbutterfly_ops_b,3,0.7920232418691454,394,24,checkpoint_average
er_golgi_cope,resmlp_52head,3,0.8272233556181229,394,24,checkpoint_average
er_golgi_cope,multitab_pilot,3,0.81506773379253,394,24,checkpoint_average
er_golgi_cope,midas_ops,3,0.7417514102494559,394,24,checkpoint_average
er_golgi_cope,scpair_ops,3,0.8122130637710376,394,24,checkpoint_average
er_golgi_cope,ridge,4,0.7997827087425197,444,24,checkpoint_average
er_golgi_cope,gbdt,4,0.8363635738657726,444,24,checkpoint_average
er_golgi_cope,catboost_multirmse,4,0.8261623950619601,444,24,checkpoint_average
er_golgi_cope,mlp,4,0.8338453334070324,444,24,checkpoint_average
er_golgi_cope,tabm_specialists,4,0.8264802893141874,444,24,checkpoint_average
er_golgi_cope,scbutterfly_ops_b,4,0.8114953330880638,444,24,checkpoint_average
er_golgi_cope,resmlp_52head,4,0.8402545112561254,444,24,checkpoint_average
er_golgi_cope,multitab_pilot,4,0.8241904333198308,444,24,checkpoint_average
er_golgi_cope,midas_ops,4,0.7309101133770243,444,24,checkpoint_average
er_golgi_cope,scpair_ops,4,0.8214806910482101,444,24,checkpoint_average
chaperones_hspa1b,ridge,0,0.8454714664633821,422,24,checkpoint_average
chaperones_hspa1b,gbdt,0,0.8606680479047836,422,24,checkpoint_average
chaperones_hspa1b,catboost_multirmse,0,0.8495491469747113,422,24,checkpoint_average
chaperones_hspa1b,mlp,0,0.8595878603525793,422,24,checkpoint_average
chaperones_hspa1b,tabm_specialists,0,0.8603586509690088,422,24,checkpoint_average
chaperones_hspa1b,scbutterfly_ops_b,0,0.8439419607186615,422,24,checkpoint_average
chaperones_hspa1b,resmlp_52head,0,0.8572344616295355,422,24,checkpoint_average
chaperones_hspa1b,multitab_pilot,0,0.8510567504617145,422,24,checkpoint_average
chaperones_hspa1b,midas_ops,0,0.8070508745634938,422,24,checkpoint_average
chaperones_hspa1b,scpair_ops,0,0.8480247433938114,422,24,checkpoint_average
chaperones_hspa1b,ridge,1,0.7987163742459643,374,24,checkpoint_average
chaperones_hspa1b,gbdt,1,0.8151597116126666,374,24,checkpoint_average
chaperones_hspa1b,catboost_multirmse,1,0.8082471671786409,374,24,checkpoint_average
chaperones_hspa1b,mlp,1,0.8102585220853215,374,24,checkpoint_average
chaperones_hspa1b,tabm_specialists,1,0.7313156240769767,374,24,checkpoint_average
chaperones_hspa1b,scbutterfly_ops_b,1,0.787794264839174,374,24,checkpoint_average
chaperones_hspa1b,resmlp_52head,1,0.8188251507815059,374,24,checkpoint_average
chaperones_hspa1b,multitab_pilot,1,0.8070959047580918,374,24,checkpoint_average
chaperones_hspa1b,midas_ops,1,0.6875118322959723,374,24,checkpoint_average
chaperones_hspa1b,scpair_ops,1,0.806989162590782,374,24,checkpoint_average
chaperones_hspa1b,ridge,2,0.8168578351832491,366,24,checkpoint_average
chaperones_hspa1b,gbdt,2,0.829020534493292,366,24,checkpoint_average
chaperones_hspa1b,catboost_multirmse,2,0.8178844879938959,366,24,checkpoint_average
chaperones_hspa1b,mlp,2,0.8196607783054318,366,24,checkpoint_average
chaperones_hspa1b,tabm_specialists,2,0.8341636002026503,366,24,checkpoint_average
chaperones_hspa1b,scbutterfly_ops_b,2,0.8068794648968612,366,24,checkpoint_average
chaperones_hspa1b,resmlp_52head,2,0.8314696811976274,366,24,checkpoint_average
chaperones_hspa1b,multitab_pilot,2,0.8197554277764484,366,24,checkpoint_average
chaperones_hspa1b,midas_ops,2,0.7089477361198196,366,24,checkpoint_average
chaperones_hspa1b,scpair_ops,2,0.8200337095913718,366,24,checkpoint_average
chaperones_hspa1b,ridge,3,0.8013981932086024,394,24,checkpoint_average
chaperones_hspa1b,gbdt,3,0.8149600951890834,394,24,checkpoint_average
chaperones_hspa1b,catboost_multirmse,3,0.8061429123141305,394,24,checkpoint_average
chaperones_hspa1b,mlp,3,0.8141137896572003,394,24,checkpoint_average
chaperones_hspa1b,tabm_specialists,3,0.7936921098854742,394,24,checkpoint_average
chaperones_hspa1b,scbutterfly_ops_b,3,0.7937080638556067,394,24,checkpoint_average
chaperones_hspa1b,resmlp_52head,3,0.8092630790241441,394,24,checkpoint_average
chaperones_hspa1b,multitab_pilot,3,0.8115605180603693,394,24,checkpoint_average
chaperones_hspa1b,midas_ops,3,0.7633632903491057,394,24,checkpoint_average
chaperones_hspa1b,scpair_ops,3,0.7997969102969654,394,24,checkpoint_average
chaperones_hspa1b,ridge,4,0.83067495646406,444,24,checkpoint_average
chaperones_hspa1b,gbdt,4,0.8447121930698143,444,24,checkpoint_average
chaperones_hspa1b,catboost_multirmse,4,0.8278807530627003,444,24,checkpoint_average
chaperones_hspa1b,mlp,4,0.8342635651483176,444,24,checkpoint_average
chaperones_hspa1b,tabm_specialists,4,0.8343953707220352,444,24,checkpoint_average
chaperones_hspa1b,scbutterfly_ops_b,4,0.8086356464276677,444,24,checkpoint_average
chaperones_hspa1b,resmlp_52head,4,0.8515689888707604,444,24,checkpoint_average
chaperones_hspa1b,multitab_pilot,4,0.8336000547324577,444,24,checkpoint_average
chaperones_hspa1b,midas_ops,4,0.6902518082612735,444,24,checkpoint_average
chaperones_hspa1b,scpair_ops,4,0.8349096910922588,444,24,checkpoint_average
nucleolus-gc_npm3,ridge,0,0.8464976221705983,422,24,checkpoint_average
nucleolus-gc_npm3,gbdt,0,0.8501675761448801,422,24,checkpoint_average
nucleolus-gc_npm3,catboost_multirmse,0,0.8328119042320244,422,24,checkpoint_average
nucleolus-gc_npm3,mlp,0,0.8549955331638898,422,24,checkpoint_average
nucleolus-gc_npm3,tabm_specialists,0,0.8405634738213985,422,24,checkpoint_average
nucleolus-gc_npm3,scbutterfly_ops_b,0,0.6155073562481985,422,24,checkpoint_average
nucleolus-gc_npm3,resmlp_52head,0,0.8407287567553835,422,24,checkpoint_average
nucleolus-gc_npm3,multitab_pilot,0,0.8305192611475499,422,24,checkpoint_average
nucleolus-gc_npm3,midas_ops,0,0.6979880011627295,422,24,checkpoint_average
nucleolus-gc_npm3,scpair_ops,0,0.8279444043957908,422,24,checkpoint_average
nucleolus-gc_npm3,ridge,1,0.8057563972513379,374,24,checkpoint_average
nucleolus-gc_npm3,gbdt,1,0.816902588998957,374,24,checkpoint_average
nucleolus-gc_npm3,catboost_multirmse,1,0.7992108167935837,374,24,checkpoint_average
nucleolus-gc_npm3,mlp,1,0.8177936981232922,374,24,checkpoint_average
nucleolus-gc_npm3,tabm_specialists,1,0.802809420457668,374,24,checkpoint_average
nucleolus-gc_npm3,scbutterfly_ops_b,1,0.5441843218134585,374,24,checkpoint_average
nucleolus-gc_npm3,resmlp_52head,1,0.7961175925080445,374,24,checkpoint_average
nucleolus-gc_npm3,multitab_pilot,1,0.7981366944590359,374,24,checkpoint_average
nucleolus-gc_npm3,midas_ops,1,0.6817991697509515,374,24,checkpoint_average
nucleolus-gc_npm3,scpair_ops,1,0.7976148815788745,374,24,checkpoint_average
nucleolus-gc_npm3,ridge,2,0.8275821749387369,366,24,checkpoint_average
nucleolus-gc_npm3,gbdt,2,0.8378672097405949,366,24,checkpoint_average
nucleolus-gc_npm3,catboost_multirmse,2,0.8166974951160251,366,24,checkpoint_average
nucleolus-gc_npm3,mlp,2,0.8396929994995896,366,24,checkpoint_average
nucleolus-gc_npm3,tabm_specialists,2,0.7618824651588353,366,24,checkpoint_average
nucleolus-gc_npm3,scbutterfly_ops_b,2,0.4971568910215465,366,24,checkpoint_average
nucleolus-gc_npm3,resmlp_52head,2,0.8214587201712517,366,24,checkpoint_average
nucleolus-gc_npm3,multitab_pilot,2,0.8182094913810966,366,24,checkpoint_average
nucleolus-gc_npm3,midas_ops,2,0.7196667610285274,366,24,checkpoint_average
nucleolus-gc_npm3,scpair_ops,2,0.8163044878143234,366,24,checkpoint_average
nucleolus-gc_npm3,ridge,3,0.8088849557258658,394,24,checkpoint_average
nucleolus-gc_npm3,gbdt,3,0.8250625159991535,394,24,checkpoint_average
nucleolus-gc_npm3,catboost_multirmse,3,0.8137443227431348,394,24,checkpoint_average
nucleolus-gc_npm3,mlp,3,0.8202385580305945,394,24,checkpoint_average
nucleolus-gc_npm3,tabm_specialists,3,0.7582185153357838,394,24,checkpoint_average
nucleolus-gc_npm3,scbutterfly_ops_b,3,0.5769237025355577,394,24,checkpoint_average
nucleolus-gc_npm3,resmlp_52head,3,0.8180806568792646,394,24,checkpoint_average
nucleolus-gc_npm3,multitab_pilot,3,0.8150968898440816,394,24,checkpoint_average
nucleolus-gc_npm3,midas_ops,3,0.7162395913435057,394,24,checkpoint_average
nucleolus-gc_npm3,scpair_ops,3,0.8072616509928134,394,24,checkpoint_average
nucleolus-gc_npm3,ridge,4,0.8484638686000604,444,24,checkpoint_average
nucleolus-gc_npm3,gbdt,4,0.8587817083167267,444,24,checkpoint_average
nucleolus-gc_npm3,catboost_multirmse,4,0.8469751155989186,444,24,checkpoint_average
nucleolus-gc_npm3,mlp,4,0.86317626128062,444,24,checkpoint_average
nucleolus-gc_npm3,tabm_specialists,4,0.2925286927616224,444,24,checkpoint_average
nucleolus-gc_npm3,scbutterfly_ops_b,4,0.206355302063547,444,24,checkpoint_average
nucleolus-gc_npm3,resmlp_52head,4,0.8497633230560052,444,24,checkpoint_average
nucleolus-gc_npm3,multitab_pilot,4,0.8441023536188821,444,24,checkpoint_average
nucleolus-gc_npm3,midas_ops,4,0.7447480073240756,444,24,checkpoint_average
nucleolus-gc_npm3,scpair_ops,4,0.8346370125087524,444,24,checkpoint_average
nuclei_nucleolive_live_cell_dye,ridge,0,0.5467809685997688,422,24,checkpoint_average
nuclei_nucleolive_live_cell_dye,gbdt,0,0.7974604165618553,422,24,checkpoint_average
nuclei_nucleolive_live_cell_dye,catboost_multirmse,0,0.7517535056784602,422,24,checkpoint_average
nuclei_nucleolive_live_cell_dye,mlp,0,0.834916910870803,422,24,checkpoint_average
nuclei_nucleolive_live_cell_dye,tabm_specialists,0,0.8206229194293586,422,24,checkpoint_average
nuclei_nucleolive_live_cell_dye,scbutterfly_ops_b,0,0.6821004164543142,422,24,checkpoint_average
nuclei_nucleolive_live_cell_dye,resmlp_52head,0,0.8236140765082348,422,24,checkpoint_average
nuclei_nucleolive_live_cell_dye,multitab_pilot,0,0.8014130632122942,422,24,checkpoint_average
nuclei_nucleolive_live_cell_dye,midas_ops,0,0.3925020721053545,422,24,checkpoint_average
nuclei_nucleolive_live_cell_dye,scpair_ops,0,0.8116443258711041,422,24,checkpoint_average
nuclei_nucleolive_live_cell_dye,ridge,1,0.5319328158257997,374,24,checkpoint_average
nuclei_nucleolive_live_cell_dye,gbdt,1,0.8226861748494375,374,24,checkpoint_average
nuclei_nucleolive_live_cell_dye,catboost_multirmse,1,0.7719423063988741,374,24,checkpoint_average
nuclei_nucleolive_live_cell_dye,mlp,1,0.8562121551458128,374,24,checkpoint_average
nuclei_nucleolive_live_cell_dye,tabm_specialists,1,0.8538269272105792,374,24,checkpoint_average
nuclei_nucleolive_live_cell_dye,scbutterfly_ops_b,1,0.6178441394932538,374,24,checkpoint_average
nuclei_nucleolive_live_cell_dye,resmlp_52head,1,0.8426876770636795,374,24,checkpoint_average
nuclei_nucleolive_live_cell_dye,multitab_pilot,1,0.8286778914985661,374,24,checkpoint_average
nuclei_nucleolive_live_cell_dye,midas_ops,1,0.0312284732493717,374,24,checkpoint_average
nuclei_nucleolive_live_cell_dye,scpair_ops,1,0.8450096498673805,374,24,checkpoint_average
nuclei_nucleolive_live_cell_dye,ridge,2,0.5879415779684662,366,24,checkpoint_average
nuclei_nucleolive_live_cell_dye,gbdt,2,0.844525069028682,366,24,checkpoint_average
nuclei_nucleolive_live_cell_dye,catboost_multirmse,2,0.7993146610311994,366,24,checkpoint_average
nuclei_nucleolive_live_cell_dye,mlp,2,0.853764239010682,366,24,checkpoint_average
nuclei_nucleolive_live_cell_dye,tabm_specialists,2,0.8584707942212733,366,24,checkpoint_average
nuclei_nucleolive_live_cell_dye,scbutterfly_ops_b,2,0.7612307984652866,366,24,checkpoint_average
nuclei_nucleolive_live_cell_dye,resmlp_52head,2,0.854310907736067,366,24,checkpoint_average
nuclei_nucleolive_live_cell_dye,multitab_pilot,2,0.8427847382049242,366,24,checkpoint_average
nuclei_nucleolive_live_cell_dye,midas_ops,2,0.0839086630864329,366,24,checkpoint_average
nuclei_nucleolive_live_cell_dye,scpair_ops,2,0.845132227708754,366,24,checkpoint_average
nuclei_nucleolive_live_cell_dye,ridge,3,0.5819848688023842,394,24,checkpoint_average
nuclei_nucleolive_live_cell_dye,gbdt,3,0.8177494591552993,394,24,checkpoint_average
nuclei_nucleolive_live_cell_dye,catboost_multirmse,3,0.7686519047698027,394,24,checkpoint_average
nuclei_nucleolive_live_cell_dye,mlp,3,0.8633155946967479,394,24,checkpoint_average
nuclei_nucleolive_live_cell_dye,tabm_specialists,3,0.7653973178562014,394,24,checkpoint_average
nuclei_nucleolive_live_cell_dye,scbutterfly_ops_b,3,0.7275970422717742,394,24,checkpoint_average
nuclei_nucleolive_live_cell_dye,resmlp_52head,3,0.853449657757805,394,24,checkpoint_average
nuclei_nucleolive_live_cell_dye,multitab_pilot,3,0.8339408644444268,394,24,checkpoint_average
nuclei_nucleolive_live_cell_dye,midas_ops,3,0.0990755461880905,394,24,checkpoint_average
nuclei_nucleolive_live_cell_dye,scpair_ops,3,0.848975670640255,394,24,checkpoint_average
nuclei_nucleolive_live_cell_dye,ridge,4,0.5218717109841232,444,24,checkpoint_average
nuclei_nucleolive_live_cell_dye,gbdt,4,0.804285312259732,444,24,checkpoint_average
nuclei_nucleolive_live_cell_dye,catboost_multirmse,4,0.7457430744413104,444,24,checkpoint_average
nuclei_nucleolive_live_cell_dye,mlp,4,0.8402012424206352,444,24,checkpoint_average
nuclei_nucleolive_live_cell_dye,tabm_specialists,4,0.7998514286659253,444,24,checkpoint_average
nuclei_nucleolive_live_cell_dye,scbutterfly_ops_b,4,0.7051194973127707,444,24,checkpoint_average
nuclei_nucleolive_live_cell_dye,resmlp_52head,4,0.8378376105067664,444,24,checkpoint_average
nuclei_nucleolive_live_cell_dye,multitab_pilot,4,0.8053425905996577,444,24,checkpoint_average
nuclei_nucleolive_live_cell_dye,midas_ops,4,0.0814712950049406,444,24,checkpoint_average
nuclei_nucleolive_live_cell_dye,scpair_ops,4,0.824238343583345,444,24,checkpoint_average
endosome_vps35,ridge,0,0.8095586271305528,422,24,checkpoint_average
endosome_vps35,gbdt,0,0.8583217856019812,422,24,checkpoint_average
endosome_vps35,catboost_multirmse,0,0.8413364055302887,422,24,checkpoint_average
endosome_vps35,mlp,0,0.8577160057672059,422,24,checkpoint_average
endosome_vps35,tabm_specialists,0,0.8520863001638244,422,24,checkpoint_average
endosome_vps35,scbutterfly_ops_b,0,0.7024778228056888,422,24,checkpoint_average
endosome_vps35,resmlp_52head,0,0.8458896822644429,422,24,checkpoint_average
endosome_vps35,multitab_pilot,0,0.848667142851251,422,24,checkpoint_average
endosome_vps35,midas_ops,0,0.758073219600961,422,24,checkpoint_average
endosome_vps35,scpair_ops,0,0.8451704899067433,422,24,checkpoint_average
endosome_vps35,ridge,1,0.8012629358622306,374,24,checkpoint_average
endosome_vps35,gbdt,1,0.8348690716429576,374,24,checkpoint_average
endosome_vps35,catboost_multirmse,1,0.8221826101731081,374,24,checkpoint_average
endosome_vps35,mlp,1,0.8377556245593037,374,24,checkpoint_average
endosome_vps35,tabm_specialists,1,0.8238827137136161,374,24,checkpoint_average
endosome_vps35,scbutterfly_ops_b,1,0.5747667481463858,374,24,checkpoint_average
endosome_vps35,resmlp_52head,1,0.8133553702435599,374,24,checkpoint_average
endosome_vps35,multitab_pilot,1,0.8171049251292463,374,24,checkpoint_average
endosome_vps35,midas_ops,1,0.7378984914488402,374,24,checkpoint_average
endosome_vps35,scpair_ops,1,0.8125760401313297,374,24,checkpoint_average
endosome_vps35,ridge,2,0.7875073220426209,366,24,checkpoint_average
endosome_vps35,gbdt,2,0.8292413147702068,366,24,checkpoint_average
endosome_vps35,catboost_multirmse,2,0.8112434860639887,366,24,checkpoint_average
endosome_vps35,mlp,2,0.8369080915863444,366,24,checkpoint_average
endosome_vps35,tabm_specialists,2,0.8282065906723225,366,24,checkpoint_average
endosome_vps35,scbutterfly_ops_b,2,0.6601225709123021,366,24,checkpoint_average
endosome_vps35,resmlp_52head,2,0.8138829604845155,366,24,checkpoint_average
endosome_vps35,multitab_pilot,2,0.8124100511725553,366,24,checkpoint_average
endosome_vps35,midas_ops,2,0.6832681271772826,366,24,checkpoint_average
endosome_vps35,scpair_ops,2,0.8004094125366757,366,24,checkpoint_average
endosome_vps35,ridge,3,0.7982601279576581,394,24,checkpoint_average
endosome_vps35,gbdt,3,0.8383935186979281,394,24,checkpoint_average
endosome_vps35,catboost_multirmse,3,0.8146567104777219,394,24,checkpoint_average
endosome_vps35,mlp,3,0.8478892797914593,394,24,checkpoint_average
endosome_vps35,tabm_specialists,3,0.7075232823420876,394,24,checkpoint_average
endosome_vps35,scbutterfly_ops_b,3,0.6525916528400265,394,24,checkpoint_average
endosome_vps35,resmlp_52head,3,0.8290790031307477,394,24,checkpoint_average
endosome_vps35,multitab_pilot,3,0.810922154752325,394,24,checkpoint_average
endosome_vps35,midas_ops,3,0.693620847910355,394,24,checkpoint_average
endosome_vps35,scpair_ops,3,0.8131587723635473,394,24,checkpoint_average
endosome_vps35,ridge,4,0.7754101112890198,444,24,checkpoint_average
endosome_vps35,gbdt,4,0.8078378649342737,444,24,checkpoint_average
endosome_vps35,catboost_multirmse,4,0.7944121385390869,444,24,checkpoint_average
endosome_vps35,mlp,4,0.8104066311681012,444,24,checkpoint_average
endosome_vps35,tabm_specialists,4,0.7571721450121611,444,24,checkpoint_average
endosome_vps35,scbutterfly_ops_b,4,0.6214337137091323,444,24,checkpoint_average
endosome_vps35,resmlp_52head,4,0.802161692717832,444,24,checkpoint_average
endosome_vps35,multitab_pilot,4,0.7897345176866066,444,24,checkpoint_average
endosome_vps35,midas_ops,4,0.6782744437172763,444,24,checkpoint_average
endosome_vps35,scpair_ops,4,0.7813010990397192,444,24,checkpoint_average
er_sec61b,ridge,0,0.7981487840987483,1266,24,checkpoint_average
er_sec61b,gbdt,0,0.800508824075212,1266,24,checkpoint_average
er_sec61b,catboost_multirmse,0,0.7924937270177524,1266,24,checkpoint_average
er_sec61b,mlp,0,0.8065958031978169,1266,24,checkpoint_average
er_sec61b,tabm_specialists,0,0.8052024459375494,1266,24,checkpoint_average
er_sec61b,scbutterfly_ops_b,0,0.7697181924428041,1266,24,checkpoint_average
er_sec61b,resmlp_52head,0,0.802221016226599,1266,24,checkpoint_average
er_sec61b,multitab_pilot,0,0.795868818434157,1266,24,checkpoint_average
er_sec61b,midas_ops,0,0.7393996253174139,1266,24,checkpoint_average
er_sec61b,scpair_ops,0,0.7961342045943595,1266,24,checkpoint_average
er_sec61b,ridge,1,0.745570982363316,1122,24,checkpoint_average
er_sec61b,gbdt,1,0.7685913093554712,1122,24,checkpoint_average
er_sec61b,catboost_multirmse,1,0.7630770988903461,1122,24,checkpoint_average
er_sec61b,mlp,1,0.7548611518553665,1122,24,checkpoint_average
er_sec61b,tabm_specialists,1,0.764482801806753,1122,24,checkpoint_average
er_sec61b,scbutterfly_ops_b,1,0.7266512007034122,1122,24,checkpoint_average
er_sec61b,resmlp_52head,1,0.759707986906081,1122,24,checkpoint_average
er_sec61b,multitab_pilot,1,0.7645687981585008,1122,24,checkpoint_average
er_sec61b,midas_ops,1,0.6917612092261232,1122,24,checkpoint_average
er_sec61b,scpair_ops,1,0.7485728769316523,1122,24,checkpoint_average
er_sec61b,ridge,2,0.9009194156951016,1098,24,checkpoint_average
er_sec61b,gbdt,2,0.8981980307784584,1098,24,checkpoint_average
er_sec61b,catboost_multirmse,2,0.8837963199161115,1098,24,checkpoint_average
er_sec61b,mlp,2,0.9029051815487532,1098,24,checkpoint_average
er_sec61b,tabm_specialists,2,0.9116221969495202,1098,24,checkpoint_average
er_sec61b,scbutterfly_ops_b,2,0.8831836262508945,1098,24,checkpoint_average
er_sec61b,resmlp_52head,2,0.879506079214296,1098,24,checkpoint_average
er_sec61b,multitab_pilot,2,0.8768089330505945,1098,24,checkpoint_average
er_sec61b,midas_ops,2,0.8344073036106613,1098,24,checkpoint_average
er_sec61b,scpair_ops,2,0.896849867212168,1098,24,checkpoint_average
er_sec61b,ridge,3,0.7650468936310326,1182,24,checkpoint_average
er_sec61b,gbdt,3,0.7812785493242534,1182,24,checkpoint_average
er_sec61b,catboost_multirmse,3,0.7720549421059529,1182,24,checkpoint_average
er_sec61b,mlp,3,0.7816496448776794,1182,24,checkpoint_average
er_sec61b,tabm_specialists,3,0.7356141985555391,1182,24,checkpoint_average
er_sec61b,scbutterfly_ops_b,3,0.7102827438411407,1182,24,checkpoint_average
er_sec61b,resmlp_52head,3,0.7785351729384576,1182,24,checkpoint_average
er_sec61b,multitab_pilot,3,0.7673767996482225,1182,24,checkpoint_average
er_sec61b,midas_ops,3,0.703087829959084,1182,24,checkpoint_average
er_sec61b,scpair_ops,3,0.7669850069050425,1182,24,checkpoint_average
er_sec61b,ridge,4,0.7888868485962325,1332,24,checkpoint_average
er_sec61b,gbdt,4,0.8049835638350945,1332,24,checkpoint_average
er_sec61b,catboost_multirmse,4,0.795328551696571,1332,24,checkpoint_average
er_sec61b,mlp,4,0.8050778341182698,1332,24,checkpoint_average
er_sec61b,tabm_specialists,4,0.7935009255701512,1332,24,checkpoint_average
er_sec61b,scbutterfly_ops_b,4,0.7624668626061094,1332,24,checkpoint_average
er_sec61b,resmlp_52head,4,0.8066824107973924,1332,24,checkpoint_average
er_sec61b,multitab_pilot,4,0.7945431065641881,1332,24,checkpoint_average
er_sec61b,midas_ops,4,0.6954989013173244,1332,24,checkpoint_average
er_sec61b,scpair_ops,4,0.7946917262447091,1332,24,checkpoint_average
er_golgi_bridge_vapa,ridge,0,0.8241617883771442,422,24,checkpoint_average
er_golgi_bridge_vapa,gbdt,0,0.8353001067610245,422,24,checkpoint_average
er_golgi_bridge_vapa,catboost_multirmse,0,0.8268039868745168,422,24,checkpoint_average
er_golgi_bridge_vapa,mlp,0,0.8345188524400079,422,24,checkpoint_average
er_golgi_bridge_vapa,tabm_specialists,0,0.8273970165850896,422,24,checkpoint_average
er_golgi_bridge_vapa,scbutterfly_ops_b,0,0.6791957705294888,422,24,checkpoint_average
er_golgi_bridge_vapa,resmlp_52head,0,0.8135309866807221,422,24,checkpoint_average
er_golgi_bridge_vapa,multitab_pilot,0,0.818968575753583,422,24,checkpoint_average
er_golgi_bridge_vapa,midas_ops,0,0.6318969897686387,422,24,checkpoint_average
er_golgi_bridge_vapa,scpair_ops,0,0.7977397404384732,422,24,checkpoint_average
er_golgi_bridge_vapa,ridge,1,0.785167929050217,374,24,checkpoint_average
er_golgi_bridge_vapa,gbdt,1,0.7840035086445036,374,24,checkpoint_average
er_golgi_bridge_vapa,catboost_multirmse,1,0.7698092790841936,374,24,checkpoint_average
er_golgi_bridge_vapa,mlp,1,0.7956936559311406,374,24,checkpoint_average
er_golgi_bridge_vapa,tabm_specialists,1,0.8008228941383836,374,24,checkpoint_average
er_golgi_bridge_vapa,scbutterfly_ops_b,1,0.6159543781440219,374,24,checkpoint_average
er_golgi_bridge_vapa,resmlp_52head,1,0.7585648941062807,374,24,checkpoint_average
er_golgi_bridge_vapa,multitab_pilot,1,0.7682350478941267,374,24,checkpoint_average
er_golgi_bridge_vapa,midas_ops,1,0.5472084464888537,374,24,checkpoint_average
er_golgi_bridge_vapa,scpair_ops,1,0.7629236278080147,374,24,checkpoint_average
er_golgi_bridge_vapa,ridge,2,0.7843267120182852,366,24,checkpoint_average
er_golgi_bridge_vapa,gbdt,2,0.804016736248221,366,24,checkpoint_average
er_golgi_bridge_vapa,catboost_multirmse,2,0.7974601608002413,366,24,checkpoint_average
er_golgi_bridge_vapa,mlp,2,0.8142320144878562,366,24,checkpoint_average
er_golgi_bridge_vapa,tabm_specialists,2,0.8048444343391287,366,24,checkpoint_average
er_golgi_bridge_vapa,scbutterfly_ops_b,2,0.6670110987988999,366,24,checkpoint_average
er_golgi_bridge_vapa,resmlp_52head,2,0.7928010314704325,366,24,checkpoint_average
er_golgi_bridge_vapa,multitab_pilot,2,0.788553605352821,366,24,checkpoint_average
er_golgi_bridge_vapa,midas_ops,2,0.606534450192188,366,24,checkpoint_average
er_golgi_bridge_vapa,scpair_ops,2,0.7734491621309477,366,24,checkpoint_average
er_golgi_bridge_vapa,ridge,3,0.8189449546429955,394,24,checkpoint_average
er_golgi_bridge_vapa,gbdt,3,0.830612867013406,394,24,checkpoint_average
er_golgi_bridge_vapa,catboost_multirmse,3,0.8193710155276278,394,24,checkpoint_average
er_golgi_bridge_vapa,mlp,3,0.8337870182827777,394,24,checkpoint_average
er_golgi_bridge_vapa,tabm_specialists,3,0.6968980850555747,394,24,checkpoint_average
er_golgi_bridge_vapa,scbutterfly_ops_b,3,0.685670995536864,394,24,checkpoint_average
er_golgi_bridge_vapa,resmlp_52head,3,0.8074250781098419,394,24,checkpoint_average
er_golgi_bridge_vapa,multitab_pilot,3,0.8056831683506588,394,24,checkpoint_average
er_golgi_bridge_vapa,midas_ops,3,0.5852858364757066,394,24,checkpoint_average
er_golgi_bridge_vapa,scpair_ops,3,0.7878051790233567,394,24,checkpoint_average
er_golgi_bridge_vapa,ridge,4,0.8003249666612358,444,24,checkpoint_average
er_golgi_bridge_vapa,gbdt,4,0.8227304875318625,444,24,checkpoint_average
er_golgi_bridge_vapa,catboost_multirmse,4,0.8124567841185787,444,24,checkpoint_average
er_golgi_bridge_vapa,mlp,4,0.83669922432459,444,24,checkpoint_average
er_golgi_bridge_vapa,tabm_specialists,4,0.7508801896382242,444,24,checkpoint_average
er_golgi_bridge_vapa,scbutterfly_ops_b,4,0.6347873586011538,444,24,checkpoint_average
er_golgi_bridge_vapa,resmlp_52head,4,0.8114330777768508,444,24,checkpoint_average
er_golgi_bridge_vapa,multitab_pilot,4,0.8057302222877317,444,24,checkpoint_average
er_golgi_bridge_vapa,midas_ops,4,0.5915980393067766,444,24,checkpoint_average
er_golgi_bridge_vapa,scpair_ops,4,0.7746154426601258,444,24,checkpoint_average
mitochondria_chromalive_561_excitation,ridge,0,0.769404425516424,422,24,checkpoint_average
mitochondria_chromalive_561_excitation,gbdt,0,0.803322433949815,422,24,checkpoint_average
mitochondria_chromalive_561_excitation,catboost_multirmse,0,0.7842978290189064,422,24,checkpoint_average
mitochondria_chromalive_561_excitation,mlp,0,0.8175601837031361,422,24,checkpoint_average
mitochondria_chromalive_561_excitation,tabm_specialists,0,0.8132952593757933,422,24,checkpoint_average
mitochondria_chromalive_561_excitation,scbutterfly_ops_b,0,0.7318690367288521,422,24,checkpoint_average
mitochondria_chromalive_561_excitation,resmlp_52head,0,0.790427245112312,422,24,checkpoint_average
mitochondria_chromalive_561_excitation,multitab_pilot,0,0.7735743980151945,422,24,checkpoint_average
mitochondria_chromalive_561_excitation,midas_ops,0,0.6611034943700106,422,24,checkpoint_average
mitochondria_chromalive_561_excitation,scpair_ops,0,0.778856929609986,422,24,checkpoint_average
mitochondria_chromalive_561_excitation,ridge,1,0.7929017080214448,374,24,checkpoint_average
mitochondria_chromalive_561_excitation,gbdt,1,0.829860475066411,374,24,checkpoint_average
mitochondria_chromalive_561_excitation,catboost_multirmse,1,0.8158726269726743,374,24,checkpoint_average
mitochondria_chromalive_561_excitation,mlp,1,0.8385787987304218,374,24,checkpoint_average
mitochondria_chromalive_561_excitation,tabm_specialists,1,0.7807167414193877,374,24,checkpoint_average
mitochondria_chromalive_561_excitation,scbutterfly_ops_b,1,0.6124703230181621,374,24,checkpoint_average
mitochondria_chromalive_561_excitation,resmlp_52head,1,0.8231005231302798,374,24,checkpoint_average
mitochondria_chromalive_561_excitation,multitab_pilot,1,0.8071058013587505,374,24,checkpoint_average
mitochondria_chromalive_561_excitation,midas_ops,1,0.5868553646232169,374,24,checkpoint_average
mitochondria_chromalive_561_excitation,scpair_ops,1,0.8174991318356359,374,24,checkpoint_average
mitochondria_chromalive_561_excitation,ridge,2,0.7789853117442949,366,24,checkpoint_average
mitochondria_chromalive_561_excitation,gbdt,2,0.807179844841231,366,24,checkpoint_average
mitochondria_chromalive_561_excitation,catboost_multirmse,2,0.7882900058328252,366,24,checkpoint_average
mitochondria_chromalive_561_excitation,mlp,2,0.808906160560103,366,24,checkpoint_average
mitochondria_chromalive_561_excitation,tabm_specialists,2,0.8128080360873557,366,24,checkpoint_average
mitochondria_chromalive_561_excitation,scbutterfly_ops_b,2,0.7222147829507267,366,24,checkpoint_average
mitochondria_chromalive_561_excitation,resmlp_52head,2,0.7870050609920956,366,24,checkpoint_average
mitochondria_chromalive_561_excitation,multitab_pilot,2,0.7727668041595334,366,24,checkpoint_average
mitochondria_chromalive_561_excitation,midas_ops,2,0.5925650757312729,366,24,checkpoint_average
mitochondria_chromalive_561_excitation,scpair_ops,2,0.7792083334106145,366,24,checkpoint_average
mitochondria_chromalive_561_excitation,ridge,3,0.7693217499911649,394,24,checkpoint_average
mitochondria_chromalive_561_excitation,gbdt,3,0.8055549024613793,394,24,checkpoint_average
mitochondria_chromalive_561_excitation,catboost_multirmse,3,0.7836416511944689,394,24,checkpoint_average
mitochondria_chromalive_561_excitation,mlp,3,0.811323917452275,394,24,checkpoint_average
mitochondria_chromalive_561_excitation,tabm_specialists,3,0.7222569700550924,394,24,checkpoint_average
mitochondria_chromalive_561_excitation,scbutterfly_ops_b,3,0.7164576526699751,394,24,checkpoint_average
mitochondria_chromalive_561_excitation,resmlp_52head,3,0.7895769456286548,394,24,checkpoint_average
mitochondria_chromalive_561_excitation,multitab_pilot,3,0.7755653575990538,394,24,checkpoint_average
mitochondria_chromalive_561_excitation,midas_ops,3,0.6250478524105384,394,24,checkpoint_average
mitochondria_chromalive_561_excitation,scpair_ops,3,0.7785898201756974,394,24,checkpoint_average
mitochondria_chromalive_561_excitation,ridge,4,0.7843295260888447,444,24,checkpoint_average
mitochondria_chromalive_561_excitation,gbdt,4,0.823291574965892,444,24,checkpoint_average
mitochondria_chromalive_561_excitation,catboost_multirmse,4,0.7987392999857748,444,24,checkpoint_average
mitochondria_chromalive_561_excitation,mlp,4,0.8283884994888968,444,24,checkpoint_average
mitochondria_chromalive_561_excitation,tabm_specialists,4,0.7818533592937807,444,24,checkpoint_average
mitochondria_chromalive_561_excitation,scbutterfly_ops_b,4,0.7406479124116588,444,24,checkpoint_average
mitochondria_chromalive_561_excitation,resmlp_52head,4,0.8189130085515769,444,24,checkpoint_average
mitochondria_chromalive_561_excitation,multitab_pilot,4,0.7939378825620382,444,24,checkpoint_average
mitochondria_chromalive_561_excitation,midas_ops,4,0.612650312567322,444,24,checkpoint_average
mitochondria_chromalive_561_excitation,scpair_ops,4,0.7979208566386946,444,24,checkpoint_average
peroxisome_peroxi_spy650_live_cell_dye,ridge,0,0.7776873591607051,422,24,checkpoint_average
peroxisome_peroxi_spy650_live_cell_dye,gbdt,0,0.8158638327845553,422,24,checkpoint_average
peroxisome_peroxi_spy650_live_cell_dye,catboost_multirmse,0,0.7975123270031269,422,24,checkpoint_average
peroxisome_peroxi_spy650_live_cell_dye,mlp,0,0.8091268938277901,422,24,checkpoint_average
peroxisome_peroxi_spy650_live_cell_dye,tabm_specialists,0,0.8097147223663264,422,24,checkpoint_average
peroxisome_peroxi_spy650_live_cell_dye,scbutterfly_ops_b,0,0.6610149492334935,422,24,checkpoint_average
peroxisome_peroxi_spy650_live_cell_dye,resmlp_52head,0,0.7941329578221636,422,24,checkpoint_average
peroxisome_peroxi_spy650_live_cell_dye,multitab_pilot,0,0.779924811802252,422,24,checkpoint_average
peroxisome_peroxi_spy650_live_cell_dye,midas_ops,0,0.6537948341123871,422,24,checkpoint_average
peroxisome_peroxi_spy650_live_cell_dye,scpair_ops,0,0.7863275562861775,422,24,checkpoint_average
peroxisome_peroxi_spy650_live_cell_dye,ridge,1,0.7624327932618034,374,24,checkpoint_average
peroxisome_peroxi_spy650_live_cell_dye,gbdt,1,0.8164750575452354,374,24,checkpoint_average
peroxisome_peroxi_spy650_live_cell_dye,catboost_multirmse,1,0.7962830814523536,374,24,checkpoint_average
peroxisome_peroxi_spy650_live_cell_dye,mlp,1,0.7985884664067568,374,24,checkpoint_average
peroxisome_peroxi_spy650_live_cell_dye,tabm_specialists,1,0.8099105994147596,374,24,checkpoint_average
peroxisome_peroxi_spy650_live_cell_dye,scbutterfly_ops_b,1,0.6729091774385353,374,24,checkpoint_average
peroxisome_peroxi_spy650_live_cell_dye,resmlp_52head,1,0.7739077817868046,374,24,checkpoint_average
peroxisome_peroxi_spy650_live_cell_dye,multitab_pilot,1,0.7829722170874435,374,24,checkpoint_average
peroxisome_peroxi_spy650_live_cell_dye,midas_ops,1,0.4645040883696432,374,24,checkpoint_average
peroxisome_peroxi_spy650_live_cell_dye,scpair_ops,1,0.775726442738759,374,24,checkpoint_average
peroxisome_peroxi_spy650_live_cell_dye,ridge,2,0.7761443489855889,366,24,checkpoint_average
peroxisome_peroxi_spy650_live_cell_dye,gbdt,2,0.8375733505661712,366,24,checkpoint_average
peroxisome_peroxi_spy650_live_cell_dye,catboost_multirmse,2,0.8204999676076389,366,24,checkpoint_average
peroxisome_peroxi_spy650_live_cell_dye,mlp,2,0.8132315659119702,366,24,checkpoint_average
peroxisome_peroxi_spy650_live_cell_dye,tabm_specialists,2,0.5282454099195055,366,24,checkpoint_average
peroxisome_peroxi_spy650_live_cell_dye,scbutterfly_ops_b,2,0.5814347466482145,366,24,checkpoint_average
peroxisome_peroxi_spy650_live_cell_dye,resmlp_52head,2,0.8007745454380286,366,24,checkpoint_average
peroxisome_peroxi_spy650_live_cell_dye,multitab_pilot,2,0.7995380738870042,366,24,checkpoint_average
peroxisome_peroxi_spy650_live_cell_dye,midas_ops,2,0.5515730774084395,366,24,checkpoint_average
peroxisome_peroxi_spy650_live_cell_dye,scpair_ops,2,0.7801436420343565,366,24,checkpoint_average
peroxisome_peroxi_spy650_live_cell_dye,ridge,3,0.7790532478643565,394,24,checkpoint_average
peroxisome_peroxi_spy650_live_cell_dye,gbdt,3,0.8195672965273985,394,24,checkpoint_average
peroxisome_peroxi_spy650_live_cell_dye,catboost_multirmse,3,0.8165203899417861,394,24,checkpoint_average
peroxisome_peroxi_spy650_live_cell_dye,mlp,3,0.8182866119308772,394,24,checkpoint_average
peroxisome_peroxi_spy650_live_cell_dye,tabm_specialists,3,0.7398216403426877,394,24,checkpoint_average
peroxisome_peroxi_spy650_live_cell_dye,scbutterfly_ops_b,3,0.6495213726827105,394,24,checkpoint_average
peroxisome_peroxi_spy650_live_cell_dye,resmlp_52head,3,0.8011451667885883,394,24,checkpoint_average
peroxisome_peroxi_spy650_live_cell_dye,multitab_pilot,3,0.7877318226487011,394,24,checkpoint_average
peroxisome_peroxi_spy650_live_cell_dye,midas_ops,3,0.6562892656351468,394,24,checkpoint_average
peroxisome_peroxi_spy650_live_cell_dye,scpair_ops,3,0.7945786317665519,394,24,checkpoint_average
peroxisome_peroxi_spy650_live_cell_dye,ridge,4,0.7628819624988736,444,24,checkpoint_average
peroxisome_peroxi_spy650_live_cell_dye,gbdt,4,0.8168100579861498,444,24,checkpoint_average
peroxisome_peroxi_spy650_live_cell_dye,catboost_multirmse,4,0.7988691455194927,444,24,checkpoint_average
peroxisome_peroxi_spy650_live_cell_dye,mlp,4,0.813551631637162,444,24,checkpoint_average
peroxisome_peroxi_spy650_live_cell_dye,tabm_specialists,4,0.7718721355654984,444,24,checkpoint_average
peroxisome_peroxi_spy650_live_cell_dye,scbutterfly_ops_b,4,0.7060735992996162,444,24,checkpoint_average
peroxisome_peroxi_spy650_live_cell_dye,resmlp_52head,4,0.7977555552020164,444,24,checkpoint_average
peroxisome_peroxi_spy650_live_cell_dye,multitab_pilot,4,0.7774090123867342,444,24,checkpoint_average
peroxisome_peroxi_spy650_live_cell_dye,midas_ops,4,0.5459738009909579,444,24,checkpoint_average
peroxisome_peroxi_spy650_live_cell_dye,scpair_ops,4,0.7745235702141695,444,24,checkpoint_average
chromalive_488_excitation,ridge,0,0.69783051329392,422,24,checkpoint_average
chromalive_488_excitation,gbdt,0,0.7615089411931155,422,24,checkpoint_average
chromalive_488_excitation,catboost_multirmse,0,0.7202997657427822,422,24,checkpoint_average
chromalive_488_excitation,mlp,0,0.7579744761429077,422,24,checkpoint_average
chromalive_488_excitation,tabm_specialists,0,0.7768001418565582,422,24,checkpoint_average
chromalive_488_excitation,scbutterfly_ops_b,0,0.6982994801114226,422,24,checkpoint_average
chromalive_488_excitation,resmlp_52head,0,0.760865470657553,422,24,checkpoint_average
chromalive_488_excitation,multitab_pilot,0,0.7516635862235455,422,24,checkpoint_average
chromalive_488_excitation,midas_ops,0,0.6118642316868693,422,24,checkpoint_average
chromalive_488_excitation,scpair_ops,0,0.756353999224343,422,24,checkpoint_average
chromalive_488_excitation,ridge,1,0.7082380527641208,374,24,checkpoint_average
chromalive_488_excitation,gbdt,1,0.7654162648089109,374,24,checkpoint_average
chromalive_488_excitation,catboost_multirmse,1,0.7312114276185658,374,24,checkpoint_average
chromalive_488_excitation,mlp,1,0.795465294335965,374,24,checkpoint_average
chromalive_488_excitation,tabm_specialists,1,0.8058570677510462,374,24,checkpoint_average
chromalive_488_excitation,scbutterfly_ops_b,1,0.7436917679246681,374,24,checkpoint_average
chromalive_488_excitation,resmlp_52head,1,0.789194204930466,374,24,checkpoint_average
chromalive_488_excitation,multitab_pilot,1,0.7846527670982083,374,24,checkpoint_average
chromalive_488_excitation,midas_ops,1,0.6065764477112734,374,24,checkpoint_average
chromalive_488_excitation,scpair_ops,1,0.7774648213666241,374,24,checkpoint_average
chromalive_488_excitation,ridge,2,0.7142434275675894,366,24,checkpoint_average
chromalive_488_excitation,gbdt,2,0.7763969445549108,366,24,checkpoint_average
chromalive_488_excitation,catboost_multirmse,2,0.743960615423509,366,24,checkpoint_average
chromalive_488_excitation,mlp,2,0.7811780371224571,366,24,checkpoint_average
chromalive_488_excitation,tabm_specialists,2,0.7930258518297687,366,24,checkpoint_average
chromalive_488_excitation,scbutterfly_ops_b,2,0.7212156088877167,366,24,checkpoint_average
chromalive_488_excitation,resmlp_52head,2,0.7821605298769033,366,24,checkpoint_average
chromalive_488_excitation,multitab_pilot,2,0.7746216870874214,366,24,checkpoint_average
chromalive_488_excitation,midas_ops,2,0.6055538427567445,366,24,checkpoint_average
chromalive_488_excitation,scpair_ops,2,0.7728456859651903,366,24,checkpoint_average
chromalive_488_excitation,ridge,3,0.7041169715306334,394,24,checkpoint_average
chromalive_488_excitation,gbdt,3,0.764723875695377,394,24,checkpoint_average
chromalive_488_excitation,catboost_multirmse,3,0.7289364949527922,394,24,checkpoint_average
chromalive_488_excitation,mlp,3,0.7509493501051544,394,24,checkpoint_average
chromalive_488_excitation,tabm_specialists,3,0.6871037671982401,394,24,checkpoint_average
chromalive_488_excitation,scbutterfly_ops_b,3,0.7258068530303522,394,24,checkpoint_average
chromalive_488_excitation,resmlp_52head,3,0.7749107871610686,394,24,checkpoint_average
chromalive_488_excitation,multitab_pilot,3,0.7626078348119335,394,24,checkpoint_average
chromalive_488_excitation,midas_ops,3,0.6481963459506,394,24,checkpoint_average
chromalive_488_excitation,scpair_ops,3,0.7500741001845773,394,24,checkpoint_average
chromalive_488_excitation,ridge,4,0.720413773617239,444,24,checkpoint_average
chromalive_488_excitation,gbdt,4,0.7757567593015638,444,24,checkpoint_average
chromalive_488_excitation,catboost_multirmse,4,0.7516533424592972,444,24,checkpoint_average
chromalive_488_excitation,mlp,4,0.7764939158190688,444,24,checkpoint_average
chromalive_488_excitation,tabm_specialists,4,0.7667738386143662,444,24,checkpoint_average
chromalive_488_excitation,scbutterfly_ops_b,4,0.7434668184608958,444,24,checkpoint_average
chromalive_488_excitation,resmlp_52head,4,0.7828694229461911,444,24,checkpoint_average
chromalive_488_excitation,multitab_pilot,4,0.7667994588667733,444,24,checkpoint_average
chromalive_488_excitation,midas_ops,4,0.6136885416761465,444,24,checkpoint_average
chromalive_488_excitation,scpair_ops,4,0.7634457411149045,444,24,checkpoint_average
chromatin_h2bc21,ridge,0,0.6832536286986443,422,24,checkpoint_average
chromatin_h2bc21,gbdt,0,0.747237003759247,422,24,checkpoint_average
chromatin_h2bc21,catboost_multirmse,0,0.7265567186472413,422,24,checkpoint_average
chromatin_h2bc21,mlp,0,0.7495199676234053,422,24,checkpoint_average
chromatin_h2bc21,tabm_specialists,0,0.7422095178847097,422,24,checkpoint_average
chromatin_h2bc21,scbutterfly_ops_b,0,0.6861882414982113,422,24,checkpoint_average
chromatin_h2bc21,resmlp_52head,0,0.7363771514429378,422,24,checkpoint_average
chromatin_h2bc21,multitab_pilot,0,0.7179582119506159,422,24,checkpoint_average
chromatin_h2bc21,midas_ops,0,0.5742791647800626,422,24,checkpoint_average
chromatin_h2bc21,scpair_ops,0,0.7249919176424586,422,24,checkpoint_average
chromatin_h2bc21,ridge,1,0.7586784897554564,374,24,checkpoint_average
chromatin_h2bc21,gbdt,1,0.7820548093853649,374,24,checkpoint_average
chromatin_h2bc21,catboost_multirmse,1,0.7707906927151466,374,24,checkpoint_average
chromatin_h2bc21,mlp,1,0.7790351911841062,374,24,checkpoint_average
chromatin_h2bc21,tabm_specialists,1,0.778362443951362,374,24,checkpoint_average
chromatin_h2bc21,scbutterfly_ops_b,1,0.7427456316378095,374,24,checkpoint_average
chromatin_h2bc21,resmlp_52head,1,0.7741643704592508,374,24,checkpoint_average
chromatin_h2bc21,multitab_pilot,1,0.7740652796141042,374,24,checkpoint_average
chromatin_h2bc21,midas_ops,1,0.6000524394622265,374,24,checkpoint_average
chromatin_h2bc21,scpair_ops,1,0.7761520333429872,374,24,checkpoint_average
chromatin_h2bc21,ridge,2,0.7389987647012148,366,24,checkpoint_average
chromatin_h2bc21,gbdt,2,0.7932904525079073,366,24,checkpoint_average
chromatin_h2bc21,catboost_multirmse,2,0.7699462318568902,366,24,checkpoint_average
chromatin_h2bc21,mlp,2,0.8033842503767223,366,24,checkpoint_average
chromatin_h2bc21,tabm_specialists,2,0.8006125582287266,366,24,checkpoint_average
chromatin_h2bc21,scbutterfly_ops_b,2,0.72158162806788,366,24,checkpoint_average
chromatin_h2bc21,resmlp_52head,2,0.7941748482184433,366,24,checkpoint_average
chromatin_h2bc21,multitab_pilot,2,0.7635412364855029,366,24,checkpoint_average
chromatin_h2bc21,midas_ops,2,0.5702237360521211,366,24,checkpoint_average
chromatin_h2bc21,scpair_ops,2,0.7836053755043867,366,24,checkpoint_average
chromatin_h2bc21,ridge,3,0.7331339243863987,394,24,checkpoint_average
chromatin_h2bc21,gbdt,3,0.776621757168703,394,24,checkpoint_average
chromatin_h2bc21,catboost_multirmse,3,0.7574556244955791,394,24,checkpoint_average
chromatin_h2bc21,mlp,3,0.7790643880971991,394,24,checkpoint_average
chromatin_h2bc21,tabm_specialists,3,0.7141530312570277,394,24,checkpoint_average
chromatin_h2bc21,scbutterfly_ops_b,3,0.7153386396709319,394,24,checkpoint_average
chromatin_h2bc21,resmlp_52head,3,0.772250133049415,394,24,checkpoint_average
chromatin_h2bc21,multitab_pilot,3,0.7457854206990201,394,24,checkpoint_average
chromatin_h2bc21,midas_ops,3,0.6237438274441838,394,24,checkpoint_average
chromatin_h2bc21,scpair_ops,3,0.7631891046087199,394,24,checkpoint_average
chromatin_h2bc21,ridge,4,0.7063392483759108,444,24,checkpoint_average
chromatin_h2bc21,gbdt,4,0.7784993246905637,444,24,checkpoint_average
chromatin_h2bc21,catboost_multirmse,4,0.7480313710679365,444,24,checkpoint_average
chromatin_h2bc21,mlp,4,0.7762818438703598,444,24,checkpoint_average
chromatin_h2bc21,tabm_specialists,4,0.7354248812242349,444,24,checkpoint_average
chromatin_h2bc21,scbutterfly_ops_b,4,0.7104192426685287,444,24,checkpoint_average
chromatin_h2bc21,resmlp_52head,4,0.7767157462560209,444,24,checkpoint_average
chromatin_h2bc21,multitab_pilot,4,0.7286490044713171,444,24,checkpoint_average
chromatin_h2bc21,midas_ops,4,0.5233213028835451,444,24,checkpoint_average
chromatin_h2bc21,scpair_ops,4,0.7609344577626745,444,24,checkpoint_average
plasma_membrane_atp1b3,ridge,0,0.7187496925882706,422,24,checkpoint_average
plasma_membrane_atp1b3,gbdt,0,0.7223979618541739,422,24,checkpoint_average
plasma_membrane_atp1b3,catboost_multirmse,0,0.7054430291912213,422,24,checkpoint_average
plasma_membrane_atp1b3,mlp,0,0.7332971869884717,422,24,checkpoint_average
plasma_membrane_atp1b3,tabm_specialists,0,0.7274555081919031,422,24,checkpoint_average
plasma_membrane_atp1b3,scbutterfly_ops_b,0,0.5175215348250238,422,24,checkpoint_average
plasma_membrane_atp1b3,resmlp_52head,0,0.7145020400893811,422,24,checkpoint_average
plasma_membrane_atp1b3,multitab_pilot,0,0.7155632447253991,422,24,checkpoint_average
plasma_membrane_atp1b3,midas_ops,0,0.6271243569156526,422,24,checkpoint_average
plasma_membrane_atp1b3,scpair_ops,0,0.6933552157382595,422,24,checkpoint_average
plasma_membrane_atp1b3,ridge,1,0.7557941065740259,374,24,checkpoint_average
plasma_membrane_atp1b3,gbdt,1,0.7541472828488303,374,24,checkpoint_average
plasma_membrane_atp1b3,catboost_multirmse,1,0.7475074790405851,374,24,checkpoint_average
plasma_membrane_atp1b3,mlp,1,0.7617501163997448,374,24,checkpoint_average
plasma_membrane_atp1b3,tabm_specialists,1,0.7547716955278347,374,24,checkpoint_average
plasma_membrane_atp1b3,scbutterfly_ops_b,1,0.5286367650934362,374,24,checkpoint_average
plasma_membrane_atp1b3,resmlp_52head,1,0.7376898369588223,374,24,checkpoint_average
plasma_membrane_atp1b3,multitab_pilot,1,0.7549044805859385,374,24,checkpoint_average
plasma_membrane_atp1b3,midas_ops,1,0.6830128217476507,374,24,checkpoint_average
plasma_membrane_atp1b3,scpair_ops,1,0.7331811950210444,374,24,checkpoint_average
plasma_membrane_atp1b3,ridge,2,0.7620400656438537,366,24,checkpoint_average
plasma_membrane_atp1b3,gbdt,2,0.7705636520998512,366,24,checkpoint_average
plasma_membrane_atp1b3,catboost_multirmse,2,0.7619957678416086,366,24,checkpoint_average
plasma_membrane_atp1b3,mlp,2,0.7770163750369393,366,24,checkpoint_average
plasma_membrane_atp1b3,tabm_specialists,2,0.7697158635069803,366,24,checkpoint_average
plasma_membrane_atp1b3,scbutterfly_ops_b,2,0.5235231538422846,366,24,checkpoint_average
plasma_membrane_atp1b3,resmlp_52head,2,0.7597287224765056,366,24,checkpoint_average
plasma_membrane_atp1b3,multitab_pilot,2,0.7613070853331938,366,24,checkpoint_average
plasma_membrane_atp1b3,midas_ops,2,0.6846557789193398,366,24,checkpoint_average
plasma_membrane_atp1b3,scpair_ops,2,0.7280621153981839,366,24,checkpoint_average
plasma_membrane_atp1b3,ridge,3,0.733149206868695,394,24,checkpoint_average
plasma_membrane_atp1b3,gbdt,3,0.73029737659496,394,24,checkpoint_average
plasma_membrane_atp1b3,catboost_multirmse,3,0.7243535916729402,394,24,checkpoint_average
plasma_membrane_atp1b3,mlp,3,0.7427169909745075,394,24,checkpoint_average
plasma_membrane_atp1b3,tabm_specialists,3,0.6304481832292386,394,24,checkpoint_average
plasma_membrane_atp1b3,scbutterfly_ops_b,3,0.5234809581015076,394,24,checkpoint_average
plasma_membrane_atp1b3,resmlp_52head,3,0.727960928265894,394,24,checkpoint_average
plasma_membrane_atp1b3,multitab_pilot,3,0.728483417706841,394,24,checkpoint_average
plasma_membrane_atp1b3,midas_ops,3,0.6492127171986033,394,24,checkpoint_average
plasma_membrane_atp1b3,scpair_ops,3,0.7148548751367834,394,24,checkpoint_average
plasma_membrane_atp1b3,ridge,4,0.7868152060961636,444,24,checkpoint_average
plasma_membrane_atp1b3,gbdt,4,0.7966674633337981,444,24,checkpoint_average
plasma_membrane_atp1b3,catboost_multirmse,4,0.7907281368438976,444,24,checkpoint_average
plasma_membrane_atp1b3,mlp,4,0.8017295472016294,444,24,checkpoint_average
plasma_membrane_atp1b3,tabm_specialists,4,0.759646295096389,444,24,checkpoint_average
plasma_membrane_atp1b3,scbutterfly_ops_b,4,0.5568785925102929,444,24,checkpoint_average
plasma_membrane_atp1b3,resmlp_52head,4,0.8008375503318789,444,24,checkpoint_average
plasma_membrane_atp1b3,multitab_pilot,4,0.7923919823041347,444,24,checkpoint_average
plasma_membrane_atp1b3,midas_ops,4,0.7067099741585987,444,24,checkpoint_average
plasma_membrane_atp1b3,scpair_ops,4,0.7735282745906863,444,24,checkpoint_average
endocytic_vesicle_ph_phrodo-dextran_live_cell_dye,ridge,0,0.7567849395242363,422,24,checkpoint_average
endocytic_vesicle_ph_phrodo-dextran_live_cell_dye,gbdt,0,0.7860635589865251,422,24,checkpoint_average
endocytic_vesicle_ph_phrodo-dextran_live_cell_dye,catboost_multirmse,0,0.7783886680435792,422,24,checkpoint_average
endocytic_vesicle_ph_phrodo-dextran_live_cell_dye,mlp,0,0.7912326710790113,422,24,checkpoint_average
endocytic_vesicle_ph_phrodo-dextran_live_cell_dye,tabm_specialists,0,0.7963998302952344,422,24,checkpoint_average
endocytic_vesicle_ph_phrodo-dextran_live_cell_dye,scbutterfly_ops_b,0,0.7539194202913446,422,24,checkpoint_average
endocytic_vesicle_ph_phrodo-dextran_live_cell_dye,resmlp_52head,0,0.7886830860862698,422,24,checkpoint_average
endocytic_vesicle_ph_phrodo-dextran_live_cell_dye,multitab_pilot,0,0.7629680927970122,422,24,checkpoint_average
endocytic_vesicle_ph_phrodo-dextran_live_cell_dye,midas_ops,0,0.664890518030305,422,24,checkpoint_average
endocytic_vesicle_ph_phrodo-dextran_live_cell_dye,scpair_ops,0,0.7770656352412768,422,24,checkpoint_average
endocytic_vesicle_ph_phrodo-dextran_live_cell_dye,ridge,1,0.7269834824757933,374,24,checkpoint_average
endocytic_vesicle_ph_phrodo-dextran_live_cell_dye,gbdt,1,0.774302470315679,374,24,checkpoint_average
endocytic_vesicle_ph_phrodo-dextran_live_cell_dye,catboost_multirmse,1,0.7473523949147912,374,24,checkpoint_average
endocytic_vesicle_ph_phrodo-dextran_live_cell_dye,mlp,1,0.7773752157367099,374,24,checkpoint_average
endocytic_vesicle_ph_phrodo-dextran_live_cell_dye,tabm_specialists,1,0.7846044860493593,374,24,checkpoint_average
endocytic_vesicle_ph_phrodo-dextran_live_cell_dye,scbutterfly_ops_b,1,0.7401647793313438,374,24,checkpoint_average
endocytic_vesicle_ph_phrodo-dextran_live_cell_dye,resmlp_52head,1,0.7673879216797914,374,24,checkpoint_average
endocytic_vesicle_ph_phrodo-dextran_live_cell_dye,multitab_pilot,1,0.7365545031162585,374,24,checkpoint_average
endocytic_vesicle_ph_phrodo-dextran_live_cell_dye,midas_ops,1,0.569546802615201,374,24,checkpoint_average
endocytic_vesicle_ph_phrodo-dextran_live_cell_dye,scpair_ops,1,0.7546388673443785,374,24,checkpoint_average
endocytic_vesicle_ph_phrodo-dextran_live_cell_dye,ridge,2,0.7143269690630789,366,24,checkpoint_average
endocytic_vesicle_ph_phrodo-dextran_live_cell_dye,gbdt,2,0.7453512058012982,366,24,checkpoint_average
endocytic_vesicle_ph_phrodo-dextran_live_cell_dye,catboost_multirmse,2,0.7336909505395375,366,24,checkpoint_average
endocytic_vesicle_ph_phrodo-dextran_live_cell_dye,mlp,2,0.7246105981615653,366,24,checkpoint_average
endocytic_vesicle_ph_phrodo-dextran_live_cell_dye,tabm_specialists,2,0.7447110318964487,366,24,checkpoint_average
endocytic_vesicle_ph_phrodo-dextran_live_cell_dye,scbutterfly_ops_b,2,0.6947664850892261,366,24,checkpoint_average
endocytic_vesicle_ph_phrodo-dextran_live_cell_dye,resmlp_52head,2,0.7424550697149704,366,24,checkpoint_average
endocytic_vesicle_ph_phrodo-dextran_live_cell_dye,multitab_pilot,2,0.7354016635822992,366,24,checkpoint_average
endocytic_vesicle_ph_phrodo-dextran_live_cell_dye,midas_ops,2,0.5879069344164221,366,24,checkpoint_average
endocytic_vesicle_ph_phrodo-dextran_live_cell_dye,scpair_ops,2,0.7244388428259838,366,24,checkpoint_average
endocytic_vesicle_ph_phrodo-dextran_live_cell_dye,ridge,3,0.7233067013933456,394,24,checkpoint_average
endocytic_vesicle_ph_phrodo-dextran_live_cell_dye,gbdt,3,0.7686428375540352,394,24,checkpoint_average
endocytic_vesicle_ph_phrodo-dextran_live_cell_dye,catboost_multirmse,3,0.7524154032707834,394,24,checkpoint_average
endocytic_vesicle_ph_phrodo-dextran_live_cell_dye,mlp,3,0.7512663504616572,394,24,checkpoint_average
endocytic_vesicle_ph_phrodo-dextran_live_cell_dye,tabm_specialists,3,0.7196752741823483,394,24,checkpoint_average
endocytic_vesicle_ph_phrodo-dextran_live_cell_dye,scbutterfly_ops_b,3,0.7222070514639761,394,24,checkpoint_average
endocytic_vesicle_ph_phrodo-dextran_live_cell_dye,resmlp_52head,3,0.7617427495975745,394,24,checkpoint_average
endocytic_vesicle_ph_phrodo-dextran_live_cell_dye,multitab_pilot,3,0.7419364015366638,394,24,checkpoint_average
endocytic_vesicle_ph_phrodo-dextran_live_cell_dye,midas_ops,3,0.6501265765883804,394,24,checkpoint_average
endocytic_vesicle_ph_phrodo-dextran_live_cell_dye,scpair_ops,3,0.7455584887607026,394,24,checkpoint_average
endocytic_vesicle_ph_phrodo-dextran_live_cell_dye,ridge,4,0.689992623416645,444,24,checkpoint_average
endocytic_vesicle_ph_phrodo-dextran_live_cell_dye,gbdt,4,0.7383098987112056,444,24,checkpoint_average
endocytic_vesicle_ph_phrodo-dextran_live_cell_dye,catboost_multirmse,4,0.7208437022274509,444,24,checkpoint_average
endocytic_vesicle_ph_phrodo-dextran_live_cell_dye,mlp,4,0.7273478405244264,444,24,checkpoint_average
endocytic_vesicle_ph_phrodo-dextran_live_cell_dye,tabm_specialists,4,0.7063123004436584,444,24,checkpoint_average
endocytic_vesicle_ph_phrodo-dextran_live_cell_dye,scbutterfly_ops_b,4,0.6671817286764238,444,24,checkpoint_average
endocytic_vesicle_ph_phrodo-dextran_live_cell_dye,resmlp_52head,4,0.7317346907934091,444,24,checkpoint_average
endocytic_vesicle_ph_phrodo-dextran_live_cell_dye,multitab_pilot,4,0.7119835620158034,444,24,checkpoint_average
endocytic_vesicle_ph_phrodo-dextran_live_cell_dye,midas_ops,4,0.5830580800589132,444,24,checkpoint_average
endocytic_vesicle_ph_phrodo-dextran_live_cell_dye,scpair_ops,4,0.7126797098214124,444,24,checkpoint_average
5xupre,ridge,0,0.7361276441236044,1266,20,checkpoint_average
5xupre,gbdt,0,0.7402252459199367,1266,20,checkpoint_average
5xupre,catboost_multirmse,0,0.731088427003353,1266,20,checkpoint_average
5xupre,mlp,0,0.7418668616093063,1266,20,checkpoint_average
5xupre,tabm_specialists,0,0.7457742209469368,1266,20,checkpoint_average
5xupre,scbutterfly_ops_b,0,0.6742029172939252,1266,20,checkpoint_average
5xupre,resmlp_52head,0,0.7401977303711244,1266,20,checkpoint_average
5xupre,multitab_pilot,0,0.7341102841049246,1266,20,checkpoint_average
5xupre,midas_ops,0,0.6883869079994872,1266,20,checkpoint_average
5xupre,scpair_ops,0,0.7360983650154093,1266,20,checkpoint_average
5xupre,ridge,1,0.7466269041223327,1122,20,checkpoint_average
5xupre,gbdt,1,0.7495096222698583,1122,20,checkpoint_average
5xupre,catboost_multirmse,1,0.745320571874357,1122,20,checkpoint_average
5xupre,mlp,1,0.7516188241172563,1122,20,checkpoint_average
5xupre,tabm_specialists,1,0.7546394522890486,1122,20,checkpoint_average
5xupre,scbutterfly_ops_b,1,0.6361330394210036,1122,20,checkpoint_average
5xupre,resmlp_52head,1,0.7475316371030005,1122,20,checkpoint_average
5xupre,multitab_pilot,1,0.7434145653124576,1122,20,checkpoint_average
5xupre,midas_ops,1,0.6763919188071875,1122,20,checkpoint_average
5xupre,scpair_ops,1,0.7396334862632867,1122,20,checkpoint_average
5xupre,ridge,2,0.7365607628219999,1098,20,checkpoint_average
5xupre,gbdt,2,0.756844924202294,1098,20,checkpoint_average
5xupre,catboost_multirmse,2,0.7634881914208258,1098,20,checkpoint_average
5xupre,mlp,2,0.7614479954963747,1098,20,checkpoint_average
5xupre,tabm_specialists,2,0.7631035735583942,1098,20,checkpoint_average
5xupre,scbutterfly_ops_b,2,0.7000572701195826,1098,20,checkpoint_average
5xupre,resmlp_52head,2,0.7675216670700664,1098,20,checkpoint_average
5xupre,multitab_pilot,2,0.7611349192819238,1098,20,checkpoint_average
5xupre,midas_ops,2,0.7219406983148031,1098,20,checkpoint_average
5xupre,scpair_ops,2,0.7623984100493691,1098,20,checkpoint_average
5xupre,ridge,3,0.7386060239290821,1182,20,checkpoint_average
5xupre,gbdt,3,0.7512705872605331,1182,20,checkpoint_average
5xupre,catboost_multirmse,3,0.7410238823180247,1182,20,checkpoint_average
5xupre,mlp,3,0.7546595424796128,1182,20,checkpoint_average
5xupre,tabm_specialists,3,0.7130015014605658,1182,20,checkpoint_average
5xupre,scbutterfly_ops_b,3,0.66488456378529,1182,20,checkpoint_average
5xupre,resmlp_52head,3,0.7549973774223742,1182,20,checkpoint_average
5xupre,multitab_pilot,3,0.7428318957485969,1182,20,checkpoint_average
5xupre,midas_ops,3,0.6891472419604454,1182,20,checkpoint_average
5xupre,scpair_ops,3,0.741548390642117,1182,20,checkpoint_average
5xupre,ridge,4,0.7418918705562552,1332,20,checkpoint_average
5xupre,gbdt,4,0.7408611337496898,1332,20,checkpoint_average
5xupre,catboost_multirmse,4,0.7360586965212419,1332,20,checkpoint_average
5xupre,mlp,4,0.7462067126178937,1332,20,checkpoint_average
5xupre,tabm_specialists,4,0.7371542384702853,1332,20,checkpoint_average
5xupre,scbutterfly_ops_b,4,0.68219813463382,1332,20,checkpoint_average
5xupre,resmlp_52head,4,0.7455348072265936,1332,20,checkpoint_average
5xupre,multitab_pilot,4,0.7415139539481428,1332,20,checkpoint_average
5xupre,midas_ops,4,0.6553530213668991,1332,20,checkpoint_average
5xupre,scpair_ops,4,0.7377734193129497,1332,20,checkpoint_average
f-actin_phalloidin,ridge,0,0.7426049830961501,211,72,checkpoint_average
f-actin_phalloidin,gbdt,0,0.7504513674069947,211,72,checkpoint_average
f-actin_phalloidin,catboost_multirmse,0,0.7418053250870552,211,72,checkpoint_average
f-actin_phalloidin,mlp,0,0.7499227005647504,211,72,checkpoint_average
f-actin_phalloidin,tabm_specialists,0,0.7682785752280689,211,72,checkpoint_average
f-actin_phalloidin,scbutterfly_ops_b,0,0.7247028654289284,211,72,checkpoint_average
f-actin_phalloidin,resmlp_52head,0,0.7105438800643329,211,72,checkpoint_average
f-actin_phalloidin,multitab_pilot,0,0.7471259804262027,211,72,checkpoint_average
f-actin_phalloidin,midas_ops,0,0.6818042138012067,211,72,checkpoint_average
f-actin_phalloidin,scpair_ops,0,0.7497133026919164,211,72,checkpoint_average
f-actin_phalloidin,ridge,1,0.7056094198991757,187,72,checkpoint_average
f-actin_phalloidin,gbdt,1,0.7173448934398642,187,72,checkpoint_average
f-actin_phalloidin,catboost_multirmse,1,0.7095817301289209,187,72,checkpoint_average
f-actin_phalloidin,mlp,1,0.7163336812825999,187,72,checkpoint_average
f-actin_phalloidin,tabm_specialists,1,0.7285834870204047,187,72,checkpoint_average
f-actin_phalloidin,scbutterfly_ops_b,1,0.6601379742545639,187,72,checkpoint_average
f-actin_phalloidin,resmlp_52head,1,0.6994444693504741,187,72,checkpoint_average
f-actin_phalloidin,multitab_pilot,1,0.7196260126620335,187,72,checkpoint_average
f-actin_phalloidin,midas_ops,1,0.5692479963013766,187,72,checkpoint_average
f-actin_phalloidin,scpair_ops,1,0.7099764720634703,187,72,checkpoint_average
f-actin_phalloidin,ridge,2,0.7619351518709715,183,72,checkpoint_average
f-actin_phalloidin,gbdt,2,0.768820386121301,183,72,checkpoint_average
f-actin_phalloidin,catboost_multirmse,2,0.761130445630616,183,72,checkpoint_average
f-actin_phalloidin,mlp,2,0.7714013720300746,183,72,checkpoint_average
f-actin_phalloidin,tabm_specialists,2,0.7772136618226663,183,72,checkpoint_average
f-actin_phalloidin,scbutterfly_ops_b,2,0.7310540505277281,183,72,checkpoint_average
f-actin_phalloidin,resmlp_52head,2,0.7532395114839028,183,72,checkpoint_average
f-actin_phalloidin,multitab_pilot,2,0.7642288753907435,183,72,checkpoint_average
f-actin_phalloidin,midas_ops,2,0.6235597642865142,183,72,checkpoint_average
f-actin_phalloidin,scpair_ops,2,0.7640504732068664,183,72,checkpoint_average
f-actin_phalloidin,ridge,3,0.7293163079029964,197,72,checkpoint_average
f-actin_phalloidin,gbdt,3,0.7439296390556426,197,72,checkpoint_average
f-actin_phalloidin,catboost_multirmse,3,0.7359934407490698,197,72,checkpoint_average
f-actin_phalloidin,mlp,3,0.7467438492740754,197,72,checkpoint_average
f-actin_phalloidin,tabm_specialists,3,0.7191686601231447,197,72,checkpoint_average
f-actin_phalloidin,scbutterfly_ops_b,3,0.6923500133250107,197,72,checkpoint_average
f-actin_phalloidin,resmlp_52head,3,0.7122023959008612,197,72,checkpoint_average
f-actin_phalloidin,multitab_pilot,3,0.7477281771307828,197,72,checkpoint_average
f-actin_phalloidin,midas_ops,3,0.6481529495100432,197,72,checkpoint_average
f-actin_phalloidin,scpair_ops,3,0.7432938999750573,197,72,checkpoint_average
f-actin_phalloidin,ridge,4,0.7310789202722092,222,72,checkpoint_average
f-actin_phalloidin,gbdt,4,0.7490675819988426,222,72,checkpoint_average
f-actin_phalloidin,catboost_multirmse,4,0.7415951352743302,222,72,checkpoint_average
f-actin_phalloidin,mlp,4,0.74433973109337,222,72,checkpoint_average
f-actin_phalloidin,tabm_specialists,4,0.7475642337879592,222,72,checkpoint_average
f-actin_phalloidin,scbutterfly_ops_b,4,0.7085292454884518,222,72,checkpoint_average
f-actin_phalloidin,resmlp_52head,4,0.6973443326578683,222,72,checkpoint_average
f-actin_phalloidin,multitab_pilot,4,0.7458835052145288,222,72,checkpoint_average
f-actin_phalloidin,midas_ops,4,0.5967925019084752,222,72,checkpoint_average
f-actin_phalloidin,scpair_ops,4,0.7426193679330478,222,72,checkpoint_average
mitochondria_tomm70a,ridge,0,0.7244472630471055,422,24,checkpoint_average
mitochondria_tomm70a,gbdt,0,0.7449139298659784,422,24,checkpoint_average
mitochondria_tomm70a,catboost_multirmse,0,0.7329028861228511,422,24,checkpoint_average
mitochondria_tomm70a,mlp,0,0.7454169913959167,422,24,checkpoint_average
mitochondria_tomm70a,tabm_specialists,0,0.7474955586496971,422,24,checkpoint_average
mitochondria_tomm70a,scbutterfly_ops_b,0,0.6812034614898614,422,24,checkpoint_average
mitochondria_tomm70a,resmlp_52head,0,0.7393508252396748,422,24,checkpoint_average
mitochondria_tomm70a,multitab_pilot,0,0.732816445165326,422,24,checkpoint_average
mitochondria_tomm70a,midas_ops,0,0.656048365782112,422,24,checkpoint_average
mitochondria_tomm70a,scpair_ops,0,0.7238131331560848,422,24,checkpoint_average
mitochondria_tomm70a,ridge,1,0.7303375149590053,374,24,checkpoint_average
mitochondria_tomm70a,gbdt,1,0.7566187519503389,374,24,checkpoint_average
mitochondria_tomm70a,catboost_multirmse,1,0.7452917906907514,374,24,checkpoint_average
mitochondria_tomm70a,mlp,1,0.7477939155156174,374,24,checkpoint_average
mitochondria_tomm70a,tabm_specialists,1,0.7583427145130314,374,24,checkpoint_average
mitochondria_tomm70a,scbutterfly_ops_b,1,0.7180799479685008,374,24,checkpoint_average
mitochondria_tomm70a,resmlp_52head,1,0.7575081488051647,374,24,checkpoint_average
mitochondria_tomm70a,multitab_pilot,1,0.746129000675254,374,24,checkpoint_average
mitochondria_tomm70a,midas_ops,1,0.5211833221008839,374,24,checkpoint_average
mitochondria_tomm70a,scpair_ops,1,0.7412612620400267,374,24,checkpoint_average
mitochondria_tomm70a,ridge,2,0.7208805331225764,366,24,checkpoint_average
mitochondria_tomm70a,gbdt,2,0.7488372909019629,366,24,checkpoint_average
mitochondria_tomm70a,catboost_multirmse,2,0.7321386883924458,366,24,checkpoint_average
mitochondria_tomm70a,mlp,2,0.7508720948692789,366,24,checkpoint_average
mitochondria_tomm70a,tabm_specialists,2,0.7515749256637777,366,24,checkpoint_average
mitochondria_tomm70a,scbutterfly_ops_b,2,0.6932337389895123,366,24,checkpoint_average
mitochondria_tomm70a,resmlp_52head,2,0.7465388054099935,366,24,checkpoint_average
mitochondria_tomm70a,multitab_pilot,2,0.7356113822516601,366,24,checkpoint_average
mitochondria_tomm70a,midas_ops,2,0.5197763913748802,366,24,checkpoint_average
mitochondria_tomm70a,scpair_ops,2,0.7328147936336965,366,24,checkpoint_average
mitochondria_tomm70a,ridge,3,0.7302476608176166,394,24,checkpoint_average
mitochondria_tomm70a,gbdt,3,0.7406907319551405,394,24,checkpoint_average
mitochondria_tomm70a,catboost_multirmse,3,0.7287078868088072,394,24,checkpoint_average
mitochondria_tomm70a,mlp,3,0.735389246289146,394,24,checkpoint_average
mitochondria_tomm70a,tabm_specialists,3,0.6876480987913819,394,24,checkpoint_average
mitochondria_tomm70a,scbutterfly_ops_b,3,0.6811004192077833,394,24,checkpoint_average
mitochondria_tomm70a,resmlp_52head,3,0.7433589685721871,394,24,checkpoint_average
mitochondria_tomm70a,multitab_pilot,3,0.7337905596142882,394,24,checkpoint_average
mitochondria_tomm70a,midas_ops,3,0.6271698281613426,394,24,checkpoint_average
mitochondria_tomm70a,scpair_ops,3,0.7215630785788528,394,24,checkpoint_average
mitochondria_tomm70a,ridge,4,0.7385761160600658,444,24,checkpoint_average
mitochondria_tomm70a,gbdt,4,0.7682408457175384,444,24,checkpoint_average
mitochondria_tomm70a,catboost_multirmse,4,0.7552109284346352,444,24,checkpoint_average
mitochondria_tomm70a,mlp,4,0.7532805065393009,444,24,checkpoint_average
mitochondria_tomm70a,tabm_specialists,4,0.74469844741372,444,24,checkpoint_average
mitochondria_tomm70a,scbutterfly_ops_b,4,0.7045828689744353,444,24,checkpoint_average
mitochondria_tomm70a,resmlp_52head,4,0.7663944957424059,444,24,checkpoint_average
mitochondria_tomm70a,multitab_pilot,4,0.7478198973754742,444,24,checkpoint_average
mitochondria_tomm70a,midas_ops,4,0.4937272721973694,444,24,checkpoint_average
mitochondria_tomm70a,scpair_ops,4,0.746527837978047,444,24,checkpoint_average
lysosome_lamp1,ridge,0,0.7418321861750545,422,24,checkpoint_average
lysosome_lamp1,gbdt,0,0.765661235408006,422,24,checkpoint_average
lysosome_lamp1,catboost_multirmse,0,0.7480933343420823,422,24,checkpoint_average
lysosome_lamp1,mlp,0,0.7657255273231404,422,24,checkpoint_average
lysosome_lamp1,tabm_specialists,0,0.7566028310863967,422,24,checkpoint_average
lysosome_lamp1,scbutterfly_ops_b,0,0.5182483501503694,422,24,checkpoint_average
lysosome_lamp1,resmlp_52head,0,0.7565837159892318,422,24,checkpoint_average
lysosome_lamp1,multitab_pilot,0,0.7515265966702837,422,24,checkpoint_average
lysosome_lamp1,midas_ops,0,0.6207379340603134,422,24,checkpoint_average
lysosome_lamp1,scpair_ops,0,0.7361615603320403,422,24,checkpoint_average
lysosome_lamp1,ridge,1,0.7526845492453119,374,24,checkpoint_average
lysosome_lamp1,gbdt,1,0.7019479897065434,374,24,checkpoint_average
lysosome_lamp1,catboost_multirmse,1,0.6824426546824848,374,24,checkpoint_average
lysosome_lamp1,mlp,1,0.7046668879656393,374,24,checkpoint_average
lysosome_lamp1,tabm_specialists,1,0.7726195895200411,374,24,checkpoint_average
lysosome_lamp1,scbutterfly_ops_b,1,0.6154154942670952,374,24,checkpoint_average
lysosome_lamp1,resmlp_52head,1,0.6890875828416473,374,24,checkpoint_average
lysosome_lamp1,multitab_pilot,1,0.6965555728075555,374,24,checkpoint_average
lysosome_lamp1,midas_ops,1,0.5785949403875766,374,24,checkpoint_average
lysosome_lamp1,scpair_ops,1,0.7067320086290598,374,24,checkpoint_average
lysosome_lamp1,ridge,2,0.7405987597271949,366,24,checkpoint_average
lysosome_lamp1,gbdt,2,0.7540605171460321,366,24,checkpoint_average
lysosome_lamp1,catboost_multirmse,2,0.7443001037123017,366,24,checkpoint_average
lysosome_lamp1,mlp,2,0.7620932260074871,366,24,checkpoint_average
lysosome_lamp1,tabm_specialists,2,0.7548083263830033,366,24,checkpoint_average
lysosome_lamp1,scbutterfly_ops_b,2,0.4716693847824151,366,24,checkpoint_average
lysosome_lamp1,resmlp_52head,2,0.747988400919891,366,24,checkpoint_average
lysosome_lamp1,multitab_pilot,2,0.7470133516542857,366,24,checkpoint_average
lysosome_lamp1,midas_ops,2,0.6262945609628939,366,24,checkpoint_average
lysosome_lamp1,scpair_ops,2,0.7285784860004386,366,24,checkpoint_average
lysosome_lamp1,ridge,3,0.7385881793309945,394,24,checkpoint_average
lysosome_lamp1,gbdt,3,0.7541246949149804,394,24,checkpoint_average
lysosome_lamp1,catboost_multirmse,3,0.7433321820736776,394,24,checkpoint_average
lysosome_lamp1,mlp,3,0.7552380348442144,394,24,checkpoint_average
lysosome_lamp1,tabm_specialists,3,0.5994004951514168,394,24,checkpoint_average
lysosome_lamp1,scbutterfly_ops_b,3,0.5289579680662001,394,24,checkpoint_average
lysosome_lamp1,resmlp_52head,3,0.7430897515973379,394,24,checkpoint_average
lysosome_lamp1,multitab_pilot,3,0.7442742850339065,394,24,checkpoint_average
lysosome_lamp1,midas_ops,3,0.633765766179887,394,24,checkpoint_average
lysosome_lamp1,scpair_ops,3,0.718889853250012,394,24,checkpoint_average
lysosome_lamp1,ridge,4,0.7343122843117585,444,24,checkpoint_average
lysosome_lamp1,gbdt,4,0.7596297317854175,444,24,checkpoint_average
lysosome_lamp1,catboost_multirmse,4,0.7537722077560355,444,24,checkpoint_average
lysosome_lamp1,mlp,4,0.7682809786567701,444,24,checkpoint_average
lysosome_lamp1,tabm_specialists,4,0.7080262554700131,444,24,checkpoint_average
lysosome_lamp1,scbutterfly_ops_b,4,0.5094969874644125,444,24,checkpoint_average
lysosome_lamp1,resmlp_52head,4,0.7621494518349635,444,24,checkpoint_average
lysosome_lamp1,multitab_pilot,4,0.7578974270359108,444,24,checkpoint_average
lysosome_lamp1,midas_ops,4,0.6283885266166107,444,24,checkpoint_average
lysosome_lamp1,scpair_ops,4,0.7300506091520931,444,24,checkpoint_average
autophagosome_atg101,ridge,0,0.7578856721656381,422,24,checkpoint_average
autophagosome_atg101,gbdt,0,0.7500128120506897,422,24,checkpoint_average
autophagosome_atg101,catboost_multirmse,0,0.7474205918980784,422,24,checkpoint_average
autophagosome_atg101,mlp,0,0.7631083733177784,422,24,checkpoint_average
autophagosome_atg101,tabm_specialists,0,0.7526080315507695,422,24,checkpoint_average
autophagosome_atg101,scbutterfly_ops_b,0,0.5346879086379195,422,24,checkpoint_average
autophagosome_atg101,resmlp_52head,0,0.7404613681556773,422,24,checkpoint_average
autophagosome_atg101,multitab_pilot,0,0.7442112567206903,422,24,checkpoint_average
autophagosome_atg101,midas_ops,0,0.6576326416355202,422,24,checkpoint_average
autophagosome_atg101,scpair_ops,0,0.7226431835947184,422,24,checkpoint_average
autophagosome_atg101,ridge,1,0.6814508635520863,374,24,checkpoint_average
autophagosome_atg101,gbdt,1,0.6862036286300638,374,24,checkpoint_average
autophagosome_atg101,catboost_multirmse,1,0.6797483989057268,374,24,checkpoint_average
autophagosome_atg101,mlp,1,0.6897301964758645,374,24,checkpoint_average
autophagosome_atg101,tabm_specialists,1,0.6894502986565151,374,24,checkpoint_average
autophagosome_atg101,scbutterfly_ops_b,1,0.3823933620385535,374,24,checkpoint_average
autophagosome_atg101,resmlp_52head,1,0.6670118163831574,374,24,checkpoint_average
autophagosome_atg101,multitab_pilot,1,0.676937925221389,374,24,checkpoint_average
autophagosome_atg101,midas_ops,1,0.5741537144071321,374,24,checkpoint_average
autophagosome_atg101,scpair_ops,1,0.6450585864511663,374,24,checkpoint_average
autophagosome_atg101,ridge,2,0.6707572669411759,366,24,checkpoint_average
autophagosome_atg101,gbdt,2,0.6782832754679594,366,24,checkpoint_average
autophagosome_atg101,catboost_multirmse,2,0.6654882562389167,366,24,checkpoint_average
autophagosome_atg101,mlp,2,0.6721514911093754,366,24,checkpoint_average
autophagosome_atg101,tabm_specialists,2,0.6686412231056901,366,24,checkpoint_average
autophagosome_atg101,scbutterfly_ops_b,2,0.4439197898100446,366,24,checkpoint_average
autophagosome_atg101,resmlp_52head,2,0.6440821040989221,366,24,checkpoint_average
autophagosome_atg101,multitab_pilot,2,0.6646629998537334,366,24,checkpoint_average
autophagosome_atg101,midas_ops,2,0.5510163547138356,366,24,checkpoint_average
autophagosome_atg101,scpair_ops,2,0.6290128184156657,366,24,checkpoint_average
autophagosome_atg101,ridge,3,0.6804000456900375,394,24,checkpoint_average
autophagosome_atg101,gbdt,3,0.6683919784146671,394,24,checkpoint_average
autophagosome_atg101,catboost_multirmse,3,0.6620007629409035,394,24,checkpoint_average
autophagosome_atg101,mlp,3,0.6753085135341399,394,24,checkpoint_average
autophagosome_atg101,tabm_specialists,3,0.489542495327097,394,24,checkpoint_average
autophagosome_atg101,scbutterfly_ops_b,3,0.4399266930194941,394,24,checkpoint_average
autophagosome_atg101,resmlp_52head,3,0.6522519767938094,394,24,checkpoint_average
autophagosome_atg101,multitab_pilot,3,0.6632879531940815,394,24,checkpoint_average
autophagosome_atg101,midas_ops,3,0.5525805223540287,394,24,checkpoint_average
autophagosome_atg101,scpair_ops,3,0.6286681863148874,394,24,checkpoint_average
autophagosome_atg101,ridge,4,0.7589492168810907,444,24,checkpoint_average
autophagosome_atg101,gbdt,4,0.7753289495726285,444,24,checkpoint_average
autophagosome_atg101,catboost_multirmse,4,0.7662817833116659,444,24,checkpoint_average
autophagosome_atg101,mlp,4,0.7763099795817512,444,24,checkpoint_average
autophagosome_atg101,tabm_specialists,4,0.726015344043479,444,24,checkpoint_average
autophagosome_atg101,scbutterfly_ops_b,4,0.4069716176793432,444,24,checkpoint_average
autophagosome_atg101,resmlp_52head,4,0.7640016760541798,444,24,checkpoint_average
autophagosome_atg101,multitab_pilot,4,0.7578947770062893,444,24,checkpoint_average
autophagosome_atg101,midas_ops,4,0.6303380559580368,444,24,checkpoint_average
autophagosome_atg101,scpair_ops,4,0.73161521386259,444,24,checkpoint_average
nuclear_speckles_srrm2,ridge,0,0.8051704797013933,422,24,checkpoint_average
nuclear_speckles_srrm2,gbdt,0,0.85783889703695,422,24,checkpoint_average
nuclear_speckles_srrm2,catboost_multirmse,0,0.8300700160122311,422,24,checkpoint_average
nuclear_speckles_srrm2,mlp,0,0.868883392707799,422,24,checkpoint_average
nuclear_speckles_srrm2,tabm_specialists,0,0.8492577123433014,422,24,checkpoint_average
nuclear_speckles_srrm2,scbutterfly_ops_b,0,0.7793942780392248,422,24,checkpoint_average
nuclear_speckles_srrm2,resmlp_52head,0,0.8564674011258132,422,24,checkpoint_average
nuclear_speckles_srrm2,multitab_pilot,0,0.8269140500989348,422,24,checkpoint_average
nuclear_speckles_srrm2,midas_ops,0,0.6571475641471066,422,24,checkpoint_average
nuclear_speckles_srrm2,scpair_ops,0,0.8354009216684403,422,24,checkpoint_average
nuclear_speckles_srrm2,ridge,1,0.835189321587556,374,24,checkpoint_average
nuclear_speckles_srrm2,gbdt,1,0.8758551897190814,374,24,checkpoint_average
nuclear_speckles_srrm2,catboost_multirmse,1,0.8494912045329727,374,24,checkpoint_average
nuclear_speckles_srrm2,mlp,1,0.8910855022424884,374,24,checkpoint_average
nuclear_speckles_srrm2,tabm_specialists,1,0.8805718997339561,374,24,checkpoint_average
nuclear_speckles_srrm2,scbutterfly_ops_b,1,0.8087201717992322,374,24,checkpoint_average
nuclear_speckles_srrm2,resmlp_52head,1,0.8747363153780956,374,24,checkpoint_average
nuclear_speckles_srrm2,multitab_pilot,1,0.8476847829457023,374,24,checkpoint_average
nuclear_speckles_srrm2,midas_ops,1,0.6089632114906904,374,24,checkpoint_average
nuclear_speckles_srrm2,scpair_ops,1,0.8649250114409197,374,24,checkpoint_average
nuclear_speckles_srrm2,ridge,2,0.853034820204403,366,24,checkpoint_average
nuclear_speckles_srrm2,gbdt,2,0.8831689498414096,366,24,checkpoint_average
nuclear_speckles_srrm2,catboost_multirmse,2,0.8480802495740676,366,24,checkpoint_average
nuclear_speckles_srrm2,mlp,2,0.888143815151774,366,24,checkpoint_average
nuclear_speckles_srrm2,tabm_specialists,2,0.8878469212634897,366,24,checkpoint_average
nuclear_speckles_srrm2,scbutterfly_ops_b,2,0.8246187876845813,366,24,checkpoint_average
nuclear_speckles_srrm2,resmlp_52head,2,0.8793811306885578,366,24,checkpoint_average
nuclear_speckles_srrm2,multitab_pilot,2,0.8544885306735376,366,24,checkpoint_average
nuclear_speckles_srrm2,midas_ops,2,0.6186519940667429,366,24,checkpoint_average
nuclear_speckles_srrm2,scpair_ops,2,0.8721011752180398,366,24,checkpoint_average
nuclear_speckles_srrm2,ridge,3,0.8306132386877518,394,24,checkpoint_average
nuclear_speckles_srrm2,gbdt,3,0.8686408755057204,394,24,checkpoint_average
nuclear_speckles_srrm2,catboost_multirmse,3,0.8454426339641478,394,24,checkpoint_average
nuclear_speckles_srrm2,mlp,3,0.8737612023551664,394,24,checkpoint_average
nuclear_speckles_srrm2,tabm_specialists,3,0.8263924112944282,394,24,checkpoint_average
nuclear_speckles_srrm2,scbutterfly_ops_b,3,0.8108808953151417,394,24,checkpoint_average
nuclear_speckles_srrm2,resmlp_52head,3,0.8683615746462158,394,24,checkpoint_average
nuclear_speckles_srrm2,multitab_pilot,3,0.8426093955338398,394,24,checkpoint_average
nuclear_speckles_srrm2,midas_ops,3,0.6434874602069813,394,24,checkpoint_average
nuclear_speckles_srrm2,scpair_ops,3,0.8585887328156553,394,24,checkpoint_average
nuclear_speckles_srrm2,ridge,4,0.8144613608397954,444,24,checkpoint_average
nuclear_speckles_srrm2,gbdt,4,0.86233812023741,444,24,checkpoint_average
nuclear_speckles_srrm2,catboost_multirmse,4,0.8397862131519073,444,24,checkpoint_average
nuclear_speckles_srrm2,mlp,4,0.8665905340826713,444,24,checkpoint_average
nuclear_speckles_srrm2,tabm_specialists,4,0.8277908743672566,444,24,checkpoint_average
nuclear_speckles_srrm2,scbutterfly_ops_b,4,0.8126054948083631,444,24,checkpoint_average
nuclear_speckles_srrm2,resmlp_52head,4,0.8638000228883818,444,24,checkpoint_average
nuclear_speckles_srrm2,multitab_pilot,4,0.8388097359887343,444,24,checkpoint_average
nuclear_speckles_srrm2,midas_ops,4,0.5879799916285907,444,24,checkpoint_average
nuclear_speckles_srrm2,scpair_ops,4,0.8477871580044599,444,24,checkpoint_average
proteasome_psmb7,ridge,0,0.5809840839700237,422,24,checkpoint_average
proteasome_psmb7,gbdt,0,0.6221069491088534,422,24,checkpoint_average
proteasome_psmb7,catboost_multirmse,0,0.5930806639913865,422,24,checkpoint_average
proteasome_psmb7,mlp,0,0.6251287776595809,422,24,checkpoint_average
proteasome_psmb7,tabm_specialists,0,0.6181809630107459,422,24,checkpoint_average
proteasome_psmb7,scbutterfly_ops_b,0,0.5390882696777317,422,24,checkpoint_average
proteasome_psmb7,resmlp_52head,0,0.6184114476434569,422,24,checkpoint_average
proteasome_psmb7,multitab_pilot,0,0.6092113832235703,422,24,checkpoint_average
proteasome_psmb7,midas_ops,0,0.4357665596563503,422,24,checkpoint_average
proteasome_psmb7,scpair_ops,0,0.5955023485796517,422,24,checkpoint_average
proteasome_psmb7,ridge,1,0.5826766044454462,374,24,checkpoint_average
proteasome_psmb7,gbdt,1,0.6173915691794002,374,24,checkpoint_average
proteasome_psmb7,catboost_multirmse,1,0.6059868234120848,374,24,checkpoint_average
proteasome_psmb7,mlp,1,0.6222430410636486,374,24,checkpoint_average
proteasome_psmb7,tabm_specialists,1,0.6168128055204933,374,24,checkpoint_average
proteasome_psmb7,scbutterfly_ops_b,1,0.4513494075273241,374,24,checkpoint_average
proteasome_psmb7,resmlp_52head,1,0.6127753963766873,374,24,checkpoint_average
proteasome_psmb7,multitab_pilot,1,0.6220427227985036,374,24,checkpoint_average
proteasome_psmb7,midas_ops,1,0.4634280726968476,374,24,checkpoint_average
proteasome_psmb7,scpair_ops,1,0.6001951930560675,374,24,checkpoint_average
proteasome_psmb7,ridge,2,0.5860882692876933,366,24,checkpoint_average
proteasome_psmb7,gbdt,2,0.6060204639024819,366,24,checkpoint_average
proteasome_psmb7,catboost_multirmse,2,0.5902646221633505,366,24,checkpoint_average
proteasome_psmb7,mlp,2,0.6307045119343163,366,24,checkpoint_average
proteasome_psmb7,tabm_specialists,2,0.6234536026602487,366,24,checkpoint_average
proteasome_psmb7,scbutterfly_ops_b,2,0.5225999648141334,366,24,checkpoint_average
proteasome_psmb7,resmlp_52head,2,0.6273599040256929,366,24,checkpoint_average
proteasome_psmb7,multitab_pilot,2,0.6096174388777148,366,24,checkpoint_average
proteasome_psmb7,midas_ops,2,0.4579319555583518,366,24,checkpoint_average
proteasome_psmb7,scpair_ops,2,0.6032880819455952,366,24,checkpoint_average
proteasome_psmb7,ridge,3,0.4960193904469195,394,24,checkpoint_average
proteasome_psmb7,gbdt,3,0.5285638841030673,394,24,checkpoint_average
proteasome_psmb7,catboost_multirmse,3,0.520581303751127,394,24,checkpoint_average
proteasome_psmb7,mlp,3,0.5144105490907105,394,24,checkpoint_average
proteasome_psmb7,tabm_specialists,3,0.4647202237683119,394,24,checkpoint_average
proteasome_psmb7,scbutterfly_ops_b,3,0.4384250513695844,394,24,checkpoint_average
proteasome_psmb7,resmlp_52head,3,0.52988636985738,394,24,checkpoint_average
proteasome_psmb7,multitab_pilot,3,0.5350150992596636,394,24,checkpoint_average
proteasome_psmb7,midas_ops,3,0.3943979837860258,394,24,checkpoint_average
proteasome_psmb7,scpair_ops,3,0.5314518162100987,394,24,checkpoint_average
proteasome_psmb7,ridge,4,0.6096821781278979,444,24,checkpoint_average
proteasome_psmb7,gbdt,4,0.6379828401613559,444,24,checkpoint_average
proteasome_psmb7,catboost_multirmse,4,0.6214448674685976,444,24,checkpoint_average
proteasome_psmb7,mlp,4,0.6533719519789541,444,24,checkpoint_average
proteasome_psmb7,tabm_specialists,4,0.6052277366932907,444,24,checkpoint_average
proteasome_psmb7,scbutterfly_ops_b,4,0.580564862319529,444,24,checkpoint_average
proteasome_psmb7,resmlp_52head,4,0.6457688108856612,444,24,checkpoint_average
proteasome_psmb7,multitab_pilot,4,0.6285241116822834,444,24,checkpoint_average
proteasome_psmb7,midas_ops,4,0.4616605675206321,444,24,checkpoint_average
proteasome_psmb7,scpair_ops,4,0.6274097785611077,444,24,checkpoint_average
oxidative_stress_cellrox_live-cell_dye,ridge,0,0.5827820413931333,422,24,checkpoint_average
oxidative_stress_cellrox_live-cell_dye,gbdt,0,0.6302160735843371,422,24,checkpoint_average
oxidative_stress_cellrox_live-cell_dye,catboost_multirmse,0,0.6138262690934791,422,24,checkpoint_average
oxidative_stress_cellrox_live-cell_dye,mlp,0,0.6362273623268094,422,24,checkpoint_average
oxidative_stress_cellrox_live-cell_dye,tabm_specialists,0,0.6375052859862783,422,24,checkpoint_average
oxidative_stress_cellrox_live-cell_dye,scbutterfly_ops_b,0,0.6048743401762257,422,24,checkpoint_average
oxidative_stress_cellrox_live-cell_dye,resmlp_52head,0,0.6303064671783577,422,24,checkpoint_average
oxidative_stress_cellrox_live-cell_dye,multitab_pilot,0,0.6124540438318232,422,24,checkpoint_average
oxidative_stress_cellrox_live-cell_dye,midas_ops,0,0.5559143253913481,422,24,checkpoint_average
oxidative_stress_cellrox_live-cell_dye,scpair_ops,0,0.6240996080284507,422,24,checkpoint_average
oxidative_stress_cellrox_live-cell_dye,ridge,1,0.6446665483137167,374,24,checkpoint_average
oxidative_stress_cellrox_live-cell_dye,gbdt,1,0.6764573640467351,374,24,checkpoint_average
oxidative_stress_cellrox_live-cell_dye,catboost_multirmse,1,0.6663113113535789,374,24,checkpoint_average
oxidative_stress_cellrox_live-cell_dye,mlp,1,0.6757464881030594,374,24,checkpoint_average
oxidative_stress_cellrox_live-cell_dye,tabm_specialists,1,0.6945835927572132,374,24,checkpoint_average
oxidative_stress_cellrox_live-cell_dye,scbutterfly_ops_b,1,0.63900980427956,374,24,checkpoint_average
oxidative_stress_cellrox_live-cell_dye,resmlp_52head,1,0.7039516231421112,374,24,checkpoint_average
oxidative_stress_cellrox_live-cell_dye,multitab_pilot,1,0.6811984544296902,374,24,checkpoint_average
oxidative_stress_cellrox_live-cell_dye,midas_ops,1,0.5729473404807669,374,24,checkpoint_average
oxidative_stress_cellrox_live-cell_dye,scpair_ops,1,0.6684709914445603,374,24,checkpoint_average
oxidative_stress_cellrox_live-cell_dye,ridge,2,0.6469153454918725,366,24,checkpoint_average
oxidative_stress_cellrox_live-cell_dye,gbdt,2,0.6524606965066359,366,24,checkpoint_average
oxidative_stress_cellrox_live-cell_dye,catboost_multirmse,2,0.6313520391105963,366,24,checkpoint_average
oxidative_stress_cellrox_live-cell_dye,mlp,2,0.6439206898795443,366,24,checkpoint_average
oxidative_stress_cellrox_live-cell_dye,tabm_specialists,2,0.6810164589257198,366,24,checkpoint_average
oxidative_stress_cellrox_live-cell_dye,scbutterfly_ops_b,2,0.6520898322621976,366,24,checkpoint_average
oxidative_stress_cellrox_live-cell_dye,resmlp_52head,2,0.6974823176413665,366,24,checkpoint_average
oxidative_stress_cellrox_live-cell_dye,multitab_pilot,2,0.625143236230504,366,24,checkpoint_average
oxidative_stress_cellrox_live-cell_dye,midas_ops,2,0.4908452242282297,366,24,checkpoint_average
oxidative_stress_cellrox_live-cell_dye,scpair_ops,2,0.6752707542441309,366,24,checkpoint_average
oxidative_stress_cellrox_live-cell_dye,ridge,3,0.6430291860428013,394,24,checkpoint_average
oxidative_stress_cellrox_live-cell_dye,gbdt,3,0.6691713561371575,394,24,checkpoint_average
oxidative_stress_cellrox_live-cell_dye,catboost_multirmse,3,0.6601394547558441,394,24,checkpoint_average
oxidative_stress_cellrox_live-cell_dye,mlp,3,0.6677511840414047,394,24,checkpoint_average
oxidative_stress_cellrox_live-cell_dye,tabm_specialists,3,0.6272808188220242,394,24,checkpoint_average
oxidative_stress_cellrox_live-cell_dye,scbutterfly_ops_b,3,0.6626801655844279,394,24,checkpoint_average
oxidative_stress_cellrox_live-cell_dye,resmlp_52head,3,0.7071156794495806,394,24,checkpoint_average
oxidative_stress_cellrox_live-cell_dye,multitab_pilot,3,0.6550892286922937,394,24,checkpoint_average
oxidative_stress_cellrox_live-cell_dye,midas_ops,3,0.5975205127119531,394,24,checkpoint_average
oxidative_stress_cellrox_live-cell_dye,scpair_ops,3,0.6707135159290182,394,24,checkpoint_average
oxidative_stress_cellrox_live-cell_dye,ridge,4,0.6548842969357441,444,24,checkpoint_average
oxidative_stress_cellrox_live-cell_dye,gbdt,4,0.7207411651107224,444,24,checkpoint_average
oxidative_stress_cellrox_live-cell_dye,catboost_multirmse,4,0.7114903324958707,444,24,checkpoint_average
oxidative_stress_cellrox_live-cell_dye,mlp,4,0.7034763541802906,444,24,checkpoint_average
oxidative_stress_cellrox_live-cell_dye,tabm_specialists,4,0.6943165888784907,444,24,checkpoint_average
oxidative_stress_cellrox_live-cell_dye,scbutterfly_ops_b,4,0.7096486278581077,444,24,checkpoint_average
oxidative_stress_cellrox_live-cell_dye,resmlp_52head,4,0.7037065381918882,444,24,checkpoint_average
oxidative_stress_cellrox_live-cell_dye,multitab_pilot,4,0.7090740238398703,444,24,checkpoint_average
oxidative_stress_cellrox_live-cell_dye,midas_ops,4,0.5543133481137755,444,24,checkpoint_average
oxidative_stress_cellrox_live-cell_dye,scpair_ops,4,0.6989702375517787,444,24,checkpoint_average
er_ncln,ridge,0,0.6361614141569243,211,24,checkpoint_average
er_ncln,gbdt,0,0.6457863784365888,211,24,checkpoint_average
er_ncln,catboost_multirmse,0,0.6413673473294134,211,24,checkpoint_average
er_ncln,mlp,0,0.6341210760714552,211,24,checkpoint_average
er_ncln,tabm_specialists,0,0.6396899210233978,211,24,checkpoint_average
er_ncln,scbutterfly_ops_b,0,0.4378006928200221,211,24,checkpoint_average
er_ncln,resmlp_52head,0,0.6386851570358708,211,24,checkpoint_average
er_ncln,multitab_pilot,0,0.6380578132091886,211,24,checkpoint_average
er_ncln,midas_ops,0,0.5896241229117402,211,24,checkpoint_average
er_ncln,scpair_ops,0,0.6214280185497748,211,24,checkpoint_average
er_ncln,ridge,1,0.6334502070418624,187,24,checkpoint_average
er_ncln,gbdt,1,0.6386006495410265,187,24,checkpoint_average
er_ncln,catboost_multirmse,1,0.6368745881020336,187,24,checkpoint_average
er_ncln,mlp,1,0.6267213014815164,187,24,checkpoint_average
er_ncln,tabm_specialists,1,0.6234285832860568,187,24,checkpoint_average
er_ncln,scbutterfly_ops_b,1,0.4699283173235661,187,24,checkpoint_average
er_ncln,resmlp_52head,1,0.6272613167417048,187,24,checkpoint_average
er_ncln,multitab_pilot,1,0.6359069412247657,187,24,checkpoint_average
er_ncln,midas_ops,1,0.5469800543351555,187,24,checkpoint_average
er_ncln,scpair_ops,1,0.5945903382564138,187,24,checkpoint_average
er_ncln,ridge,2,0.648187215330131,183,24,checkpoint_average
er_ncln,gbdt,2,0.6516002794915362,183,24,checkpoint_average
er_ncln,catboost_multirmse,2,0.6499394488715816,183,24,checkpoint_average
er_ncln,mlp,2,0.6530655445674598,183,24,checkpoint_average
er_ncln,tabm_specialists,2,0.626188529287433,183,24,checkpoint_average
er_ncln,scbutterfly_ops_b,2,0.4735301709174401,183,24,checkpoint_average
er_ncln,resmlp_52head,2,0.64226399358382,183,24,checkpoint_average
er_ncln,multitab_pilot,2,0.6611755304697705,183,24,checkpoint_average
er_ncln,midas_ops,2,0.542458273852756,183,24,checkpoint_average
er_ncln,scpair_ops,2,0.6422325634216496,183,24,checkpoint_average
er_ncln,ridge,3,0.6702231272761323,197,24,checkpoint_average
er_ncln,gbdt,3,0.6768819412821537,197,24,checkpoint_average
er_ncln,catboost_multirmse,3,0.6720998550458144,197,24,checkpoint_average
er_ncln,mlp,3,0.6670749153847009,197,24,checkpoint_average
er_ncln,tabm_specialists,3,0.558231418381537,197,24,checkpoint_average
er_ncln,scbutterfly_ops_b,3,0.5156882837307297,197,24,checkpoint_average
er_ncln,resmlp_52head,3,0.6880606911763024,197,24,checkpoint_average
er_ncln,multitab_pilot,3,0.6822675504884596,197,24,checkpoint_average
er_ncln,midas_ops,3,0.5843543231536136,197,24,checkpoint_average
er_ncln,scpair_ops,3,0.655501489062036,197,24,checkpoint_average
er_ncln,ridge,4,0.6826859898486433,222,24,checkpoint_average
er_ncln,gbdt,4,0.6897371005002494,222,24,checkpoint_average
er_ncln,catboost_multirmse,4,0.6853384389662404,222,24,checkpoint_average
er_ncln,mlp,4,0.6945215774665455,222,24,checkpoint_average
er_ncln,tabm_specialists,4,0.653705659321613,222,24,checkpoint_average
er_ncln,scbutterfly_ops_b,4,0.5085359086543599,222,24,checkpoint_average
er_ncln,resmlp_52head,4,0.6839037644274693,222,24,checkpoint_average
er_ncln,multitab_pilot,4,0.6877272955926577,222,24,checkpoint_average
er_ncln,midas_ops,4,0.5854856617331965,222,24,checkpoint_average
er_ncln,scpair_ops,4,0.648896195680562,222,24,checkpoint_average
trans-golgi_vamp3,ridge,0,0.6603779404137526,422,24,checkpoint_average
trans-golgi_vamp3,gbdt,0,0.6962269260594128,422,24,checkpoint_average
trans-golgi_vamp3,catboost_multirmse,0,0.6748298444957358,422,24,checkpoint_average
trans-golgi_vamp3,mlp,0,0.700479774705732,422,24,checkpoint_average
trans-golgi_vamp3,tabm_specialists,0,0.6823137723009931,422,24,checkpoint_average
trans-golgi_vamp3,scbutterfly_ops_b,0,0.4725063875140519,422,24,checkpoint_average
trans-golgi_vamp3,resmlp_52head,0,0.6854184535151567,422,24,checkpoint_average
trans-golgi_vamp3,multitab_pilot,0,0.6746886957784586,422,24,checkpoint_average
trans-golgi_vamp3,midas_ops,0,0.5608837427302394,422,24,checkpoint_average
trans-golgi_vamp3,scpair_ops,0,0.6485709109267938,422,24,checkpoint_average
trans-golgi_vamp3,ridge,1,0.6493469307699855,374,24,checkpoint_average
trans-golgi_vamp3,gbdt,1,0.687752721719319,374,24,checkpoint_average
trans-golgi_vamp3,catboost_multirmse,1,0.6583161150795841,374,24,checkpoint_average
trans-golgi_vamp3,mlp,1,0.6774970638507439,374,24,checkpoint_average
trans-golgi_vamp3,tabm_specialists,1,0.6545357949159419,374,24,checkpoint_average
trans-golgi_vamp3,scbutterfly_ops_b,1,0.4328481080763715,374,24,checkpoint_average
trans-golgi_vamp3,resmlp_52head,1,0.6360579052239351,374,24,checkpoint_average
trans-golgi_vamp3,multitab_pilot,1,0.6574007463772583,374,24,checkpoint_average
trans-golgi_vamp3,midas_ops,1,0.5301382085515803,374,24,checkpoint_average
trans-golgi_vamp3,scpair_ops,1,0.6116090293578847,374,24,checkpoint_average
trans-golgi_vamp3,ridge,2,0.6517244937697202,366,24,checkpoint_average
trans-golgi_vamp3,gbdt,2,0.6621443763235815,366,24,checkpoint_average
trans-golgi_vamp3,catboost_multirmse,2,0.6460372387564283,366,24,checkpoint_average
trans-golgi_vamp3,mlp,2,0.6844783516552404,366,24,checkpoint_average
trans-golgi_vamp3,tabm_specialists,2,0.6571838915303058,366,24,checkpoint_average
trans-golgi_vamp3,scbutterfly_ops_b,2,0.4207373002108878,366,24,checkpoint_average
trans-golgi_vamp3,resmlp_52head,2,0.6515908219100114,366,24,checkpoint_average
trans-golgi_vamp3,multitab_pilot,2,0.6544196346138619,366,24,checkpoint_average
trans-golgi_vamp3,midas_ops,2,0.4905072578416939,366,24,checkpoint_average
trans-golgi_vamp3,scpair_ops,2,0.625978388748805,366,24,checkpoint_average
trans-golgi_vamp3,ridge,3,0.6606305074387492,394,24,checkpoint_average
trans-golgi_vamp3,gbdt,3,0.6985777010596554,394,24,checkpoint_average
trans-golgi_vamp3,catboost_multirmse,3,0.6828925340022399,394,24,checkpoint_average
trans-golgi_vamp3,mlp,3,0.692019261630977,394,24,checkpoint_average
trans-golgi_vamp3,tabm_specialists,3,0.4539977666995744,394,24,checkpoint_average
trans-golgi_vamp3,scbutterfly_ops_b,3,0.3605680021716023,394,24,checkpoint_average
trans-golgi_vamp3,resmlp_52head,3,0.6889572552403482,394,24,checkpoint_average
trans-golgi_vamp3,multitab_pilot,3,0.684394757564814,394,24,checkpoint_average
trans-golgi_vamp3,midas_ops,3,0.6092192820506165,394,24,checkpoint_average
trans-golgi_vamp3,scpair_ops,3,0.643293979842567,394,24,checkpoint_average
trans-golgi_vamp3,ridge,4,0.6558380875939346,444,24,checkpoint_average
trans-golgi_vamp3,gbdt,4,0.6777200037463643,444,24,checkpoint_average
trans-golgi_vamp3,catboost_multirmse,4,0.6608061344583523,444,24,checkpoint_average
trans-golgi_vamp3,mlp,4,0.6862203353118107,444,24,checkpoint_average
trans-golgi_vamp3,tabm_specialists,4,0.6012443043230215,444,24,checkpoint_average
trans-golgi_vamp3,scbutterfly_ops_b,4,0.4343688464352389,444,24,checkpoint_average
trans-golgi_vamp3,resmlp_52head,4,0.6621252303453948,444,24,checkpoint_average
trans-golgi_vamp3,multitab_pilot,4,0.6618159325548026,444,24,checkpoint_average
trans-golgi_vamp3,midas_ops,4,0.5148878188165636,444,24,checkpoint_average
trans-golgi_vamp3,scpair_ops,4,0.6378281474783737,444,24,checkpoint_average
p21,ridge,0,0.5537209296911761,211,30,checkpoint_average
p21,gbdt,0,0.5668913425552328,211,30,checkpoint_average
p21,catboost_multirmse,0,0.5715710548362616,211,30,checkpoint_average
p21,mlp,0,0.5675695855907229,211,30,checkpoint_average
p21,tabm_specialists,0,0.5711480124145808,211,30,checkpoint_average
p21,scbutterfly_ops_b,0,0.5317627081473377,211,30,checkpoint_average
p21,resmlp_52head,0,0.5773232035295776,211,30,checkpoint_average
p21,multitab_pilot,0,0.5798173118385175,211,30,checkpoint_average
p21,midas_ops,0,0.4799546226929558,211,30,checkpoint_average
p21,scpair_ops,0,0.5709540199771314,211,30,checkpoint_average
p21,ridge,1,0.5417855611494915,187,30,checkpoint_average
p21,gbdt,1,0.5441775379447156,187,30,checkpoint_average
p21,catboost_multirmse,1,0.5523073944061655,187,30,checkpoint_average
p21,mlp,1,0.5785916461685184,187,30,checkpoint_average
p21,tabm_specialists,1,0.5463904072120859,187,30,checkpoint_average
p21,scbutterfly_ops_b,1,0.5217221294585299,187,30,checkpoint_average
p21,resmlp_52head,1,0.5550262616170795,187,30,checkpoint_average
p21,multitab_pilot,1,0.5473908315883518,187,30,checkpoint_average
p21,midas_ops,1,0.4320719037727298,187,30,checkpoint_average
p21,scpair_ops,1,0.5409793066743701,187,30,checkpoint_average
p21,ridge,2,0.6205195635317649,183,30,checkpoint_average
p21,gbdt,2,0.6390519499561979,183,30,checkpoint_average
p21,catboost_multirmse,2,0.6641217597713488,183,30,checkpoint_average
p21,mlp,2,0.6330752646311443,183,30,checkpoint_average
p21,tabm_specialists,2,0.6701720728632938,183,30,checkpoint_average
p21,scbutterfly_ops_b,2,0.5961448761680362,183,30,checkpoint_average
p21,resmlp_52head,2,0.6581147191646842,183,30,checkpoint_average
p21,multitab_pilot,2,0.6730312822611936,183,30,checkpoint_average
p21,midas_ops,2,0.4820610693111075,183,30,checkpoint_average
p21,scpair_ops,2,0.6616405503190674,183,30,checkpoint_average
p21,ridge,3,0.6096741850944511,197,30,checkpoint_average
p21,gbdt,3,0.6002938068078728,197,30,checkpoint_average
p21,catboost_multirmse,3,0.6172369613055563,197,30,checkpoint_average
p21,mlp,3,0.6260543388539408,197,30,checkpoint_average
p21,tabm_specialists,3,0.6245343774878588,197,30,checkpoint_average
p21,scbutterfly_ops_b,3,0.573292039623287,197,30,checkpoint_average
p21,resmlp_52head,3,0.6229790252789357,197,30,checkpoint_average
p21,multitab_pilot,3,0.6208758364443331,197,30,checkpoint_average
p21,midas_ops,3,0.4957257895866599,197,30,checkpoint_average
p21,scpair_ops,3,0.6230683883408418,197,30,checkpoint_average
p21,ridge,4,0.6536027052316938,222,30,checkpoint_average
p21,gbdt,4,0.6594612608254808,222,30,checkpoint_average
p21,catboost_multirmse,4,0.6538976281751675,222,30,checkpoint_average
p21,mlp,4,0.6179299879047879,222,30,checkpoint_average
p21,tabm_specialists,4,0.6481774773827177,222,30,checkpoint_average
p21,scbutterfly_ops_b,4,0.612773337929119,222,30,checkpoint_average
p21,resmlp_52head,4,0.6608477629749709,222,30,checkpoint_average
p21,multitab_pilot,4,0.6430270475834461,222,30,checkpoint_average
p21,midas_ops,4,0.5396135277252244,222,30,checkpoint_average
p21,scpair_ops,4,0.6597626437344556,222,30,checkpoint_average
mitochondria_tomm20,ridge,0,0.6728053502294817,211,72,checkpoint_average
mitochondria_tomm20,gbdt,0,0.6803735152330198,211,72,checkpoint_average
mitochondria_tomm20,catboost_multirmse,0,0.6680177785289536,211,72,checkpoint_average
mitochondria_tomm20,mlp,0,0.6874174138674058,211,72,checkpoint_average
mitochondria_tomm20,tabm_specialists,0,0.6859227506735542,211,72,checkpoint_average
mitochondria_tomm20,scbutterfly_ops_b,0,0.6458654900256863,211,72,checkpoint_average
mitochondria_tomm20,resmlp_52head,0,0.62588975231762,211,72,checkpoint_average
mitochondria_tomm20,multitab_pilot,0,0.6772360349181845,211,72,checkpoint_average
mitochondria_tomm20,midas_ops,0,0.5972631628818585,211,72,checkpoint_average
mitochondria_tomm20,scpair_ops,0,0.6678594389259298,211,72,checkpoint_average
mitochondria_tomm20,ridge,1,0.6578702197465046,187,72,checkpoint_average
mitochondria_tomm20,gbdt,1,0.6650947319709518,187,72,checkpoint_average
mitochondria_tomm20,catboost_multirmse,1,0.6576519131818143,187,72,checkpoint_average
mitochondria_tomm20,mlp,1,0.6623803825694825,187,72,checkpoint_average
mitochondria_tomm20,tabm_specialists,1,0.6753090198217768,187,72,checkpoint_average
mitochondria_tomm20,scbutterfly_ops_b,1,0.6302237950976711,187,72,checkpoint_average
mitochondria_tomm20,resmlp_52head,1,0.6496708361274093,187,72,checkpoint_average
mitochondria_tomm20,multitab_pilot,1,0.6648059252476808,187,72,checkpoint_average
mitochondria_tomm20,midas_ops,1,0.4892425898678263,187,72,checkpoint_average
mitochondria_tomm20,scpair_ops,1,0.6551950434600159,187,72,checkpoint_average
mitochondria_tomm20,ridge,2,0.7115129312656735,183,72,checkpoint_average
mitochondria_tomm20,gbdt,2,0.713713628508374,183,72,checkpoint_average
mitochondria_tomm20,catboost_multirmse,2,0.707984922888127,183,72,checkpoint_average
mitochondria_tomm20,mlp,2,0.7165492787827032,183,72,checkpoint_average
mitochondria_tomm20,tabm_specialists,2,0.7247673761188671,183,72,checkpoint_average
mitochondria_tomm20,scbutterfly_ops_b,2,0.6722591237118941,183,72,checkpoint_average
mitochondria_tomm20,resmlp_52head,2,0.7039526650096237,183,72,checkpoint_average
mitochondria_tomm20,multitab_pilot,2,0.7176525034641049,183,72,checkpoint_average
mitochondria_tomm20,midas_ops,2,0.5224443963128982,183,72,checkpoint_average
mitochondria_tomm20,scpair_ops,2,0.7096742241442829,183,72,checkpoint_average
mitochondria_tomm20,ridge,3,0.6738085914430096,197,72,checkpoint_average
mitochondria_tomm20,gbdt,3,0.6871983931791495,197,72,checkpoint_average
mitochondria_tomm20,catboost_multirmse,3,0.6852050537153498,197,72,checkpoint_average
mitochondria_tomm20,mlp,3,0.6907656030937733,197,72,checkpoint_average
mitochondria_tomm20,tabm_specialists,3,0.6708553388493497,197,72,checkpoint_average
mitochondria_tomm20,scbutterfly_ops_b,3,0.6439746065563168,197,72,checkpoint_average
mitochondria_tomm20,resmlp_52head,3,0.6452050157481808,197,72,checkpoint_average
mitochondria_tomm20,multitab_pilot,3,0.6968135210691592,197,72,checkpoint_average
mitochondria_tomm20,midas_ops,3,0.5826095220127292,197,72,checkpoint_average
mitochondria_tomm20,scpair_ops,3,0.6854438084702683,197,72,checkpoint_average
mitochondria_tomm20,ridge,4,0.6764949216422179,222,72,checkpoint_average
mitochondria_tomm20,gbdt,4,0.6866499980151423,222,72,checkpoint_average
mitochondria_tomm20,catboost_multirmse,4,0.686632962830504,222,72,checkpoint_average
mitochondria_tomm20,mlp,4,0.6957252301132691,222,72,checkpoint_average
mitochondria_tomm20,tabm_specialists,4,0.6922352935818025,222,72,checkpoint_average
mitochondria_tomm20,scbutterfly_ops_b,4,0.6522983430441983,222,72,checkpoint_average
mitochondria_tomm20,resmlp_52head,4,0.6528289730145327,222,72,checkpoint_average
mitochondria_tomm20,multitab_pilot,4,0.6900571285564282,222,72,checkpoint_average
mitochondria_tomm20,midas_ops,4,0.5053020687047446,222,72,checkpoint_average
mitochondria_tomm20,scpair_ops,4,0.6817875802625872,222,72,checkpoint_average
p53,ridge,0,0.5748557121467548,211,30,checkpoint_average
p53,gbdt,0,0.5312498404371466,211,30,checkpoint_average
p53,catboost_multirmse,0,0.5603295674601922,211,30,checkpoint_average
p53,mlp,0,0.5792327387670878,211,30,checkpoint_average
p53,tabm_specialists,0,0.5629530928086128,211,30,checkpoint_average
p53,scbutterfly_ops_b,0,0.4443538643688261,211,30,checkpoint_average
p53,resmlp_52head,0,0.5850587383171312,211,30,checkpoint_average
p53,multitab_pilot,0,0.5621274612140915,211,30,checkpoint_average
p53,midas_ops,0,0.43229243929772,211,30,checkpoint_average
p53,scpair_ops,0,0.5666533502085436,211,30,checkpoint_average
p53,ridge,1,0.5322158736623854,187,30,checkpoint_average
p53,gbdt,1,0.5494534624146231,187,30,checkpoint_average
p53,catboost_multirmse,1,0.5555487366732729,187,30,checkpoint_average
p53,mlp,1,0.554745794887585,187,30,checkpoint_average
p53,tabm_specialists,1,0.4618959429643909,187,30,checkpoint_average
p53,scbutterfly_ops_b,1,0.5254687277502607,187,30,checkpoint_average
p53,resmlp_52head,1,0.5731116020621966,187,30,checkpoint_average
p53,multitab_pilot,1,0.5508240517945111,187,30,checkpoint_average
p53,midas_ops,1,0.4103022320394338,187,30,checkpoint_average
p53,scpair_ops,1,0.5563060858329677,187,30,checkpoint_average
p53,ridge,2,0.5962896685676838,183,30,checkpoint_average
p53,gbdt,2,0.5242899802941406,183,30,checkpoint_average
p53,catboost_multirmse,2,0.5764691460583607,183,30,checkpoint_average
p53,mlp,2,0.6297249952885086,183,30,checkpoint_average
p53,tabm_specialists,2,0.5477485919183253,183,30,checkpoint_average
p53,scbutterfly_ops_b,2,0.4948690662894495,183,30,checkpoint_average
p53,resmlp_52head,2,0.6391698397750628,183,30,checkpoint_average
p53,multitab_pilot,2,0.6190116506882739,183,30,checkpoint_average
p53,midas_ops,2,0.4460046854473118,183,30,checkpoint_average
p53,scpair_ops,2,0.6242531574189719,183,30,checkpoint_average
p53,ridge,3,0.6025608217335012,197,30,checkpoint_average
p53,gbdt,3,0.6229435687552269,197,30,checkpoint_average
p53,catboost_multirmse,3,0.6421132788949782,197,30,checkpoint_average
p53,mlp,3,0.5912889142542219,197,30,checkpoint_average
p53,tabm_specialists,3,0.5946679944047304,197,30,checkpoint_average
p53,scbutterfly_ops_b,3,0.4958088981103325,197,30,checkpoint_average
p53,resmlp_52head,3,0.6351436571734517,197,30,checkpoint_average
p53,multitab_pilot,3,0.6317349252694168,197,30,checkpoint_average
p53,midas_ops,3,0.4905832651824739,197,30,checkpoint_average
p53,scpair_ops,3,0.5572935373543842,197,30,checkpoint_average
p53,ridge,4,0.5499498218611607,222,30,checkpoint_average
p53,gbdt,4,0.49676595455755,222,30,checkpoint_average
p53,catboost_multirmse,4,0.5075316430497201,222,30,checkpoint_average
p53,mlp,4,0.5294584518869828,222,30,checkpoint_average
p53,tabm_specialists,4,0.5355112740138527,222,30,checkpoint_average
p53,scbutterfly_ops_b,4,0.4938268176024296,222,30,checkpoint_average
p53,resmlp_52head,4,0.5331401424666748,222,30,checkpoint_average
p53,multitab_pilot,4,0.5069019860791896,222,30,checkpoint_average
p53,midas_ops,4,0.4249277162975753,222,30,checkpoint_average
p53,scpair_ops,4,0.5476227894563673,222,30,checkpoint_average
caspase_activity_cellevent-caspase_live-cell_dye,ridge,0,0.6100616745507482,422,24,checkpoint_average
caspase_activity_cellevent-caspase_live-cell_dye,gbdt,0,0.617374207264373,422,24,checkpoint_average
caspase_activity_cellevent-caspase_live-cell_dye,catboost_multirmse,0,0.6251534277956956,422,24,checkpoint_average
caspase_activity_cellevent-caspase_live-cell_dye,mlp,0,0.6080035928460322,422,24,checkpoint_average
caspase_activity_cellevent-caspase_live-cell_dye,tabm_specialists,0,0.5934682736968838,422,24,checkpoint_average
caspase_activity_cellevent-caspase_live-cell_dye,scbutterfly_ops_b,0,0.5254713311498754,422,24,checkpoint_average
caspase_activity_cellevent-caspase_live-cell_dye,resmlp_52head,0,0.6160128700367208,422,24,checkpoint_average
caspase_activity_cellevent-caspase_live-cell_dye,multitab_pilot,0,0.6219733928240562,422,24,checkpoint_average
caspase_activity_cellevent-caspase_live-cell_dye,midas_ops,0,0.4131602327001443,422,24,checkpoint_average
caspase_activity_cellevent-caspase_live-cell_dye,scpair_ops,0,0.5688801990532276,422,24,checkpoint_average
caspase_activity_cellevent-caspase_live-cell_dye,ridge,1,0.5592551017983706,374,24,checkpoint_average
caspase_activity_cellevent-caspase_live-cell_dye,gbdt,1,0.5492208289976329,374,24,checkpoint_average
caspase_activity_cellevent-caspase_live-cell_dye,catboost_multirmse,1,0.5590597828858624,374,24,checkpoint_average
caspase_activity_cellevent-caspase_live-cell_dye,mlp,1,0.5490441856773393,374,24,checkpoint_average
caspase_activity_cellevent-caspase_live-cell_dye,tabm_specialists,1,0.5437947824010388,374,24,checkpoint_average
caspase_activity_cellevent-caspase_live-cell_dye,scbutterfly_ops_b,1,0.4982192096630808,374,24,checkpoint_average
caspase_activity_cellevent-caspase_live-cell_dye,resmlp_52head,1,0.5148959972429833,374,24,checkpoint_average
caspase_activity_cellevent-caspase_live-cell_dye,multitab_pilot,1,0.5244149837622706,374,24,checkpoint_average
caspase_activity_cellevent-caspase_live-cell_dye,midas_ops,1,0.3251399954099574,374,24,checkpoint_average
caspase_activity_cellevent-caspase_live-cell_dye,scpair_ops,1,0.5195179698763437,374,24,checkpoint_average
caspase_activity_cellevent-caspase_live-cell_dye,ridge,2,0.6019832490748986,366,24,checkpoint_average
caspase_activity_cellevent-caspase_live-cell_dye,gbdt,2,0.5922538590708037,366,24,checkpoint_average
caspase_activity_cellevent-caspase_live-cell_dye,catboost_multirmse,2,0.5983726460955449,366,24,checkpoint_average
caspase_activity_cellevent-caspase_live-cell_dye,mlp,2,0.6039477721504013,366,24,checkpoint_average
caspase_activity_cellevent-caspase_live-cell_dye,tabm_specialists,2,0.5965371434255826,366,24,checkpoint_average
caspase_activity_cellevent-caspase_live-cell_dye,scbutterfly_ops_b,2,0.4815186772723481,366,24,checkpoint_average
caspase_activity_cellevent-caspase_live-cell_dye,resmlp_52head,2,0.5961000315020493,366,24,checkpoint_average
caspase_activity_cellevent-caspase_live-cell_dye,multitab_pilot,2,0.5938571321919991,366,24,checkpoint_average
caspase_activity_cellevent-caspase_live-cell_dye,midas_ops,2,0.3973406311596774,366,24,checkpoint_average
caspase_activity_cellevent-caspase_live-cell_dye,scpair_ops,2,0.5312770055141368,366,24,checkpoint_average
caspase_activity_cellevent-caspase_live-cell_dye,ridge,3,0.5402403795367204,394,24,checkpoint_average
caspase_activity_cellevent-caspase_live-cell_dye,gbdt,3,0.5755203098249406,394,24,checkpoint_average
caspase_activity_cellevent-caspase_live-cell_dye,catboost_multirmse,3,0.5676563256644727,394,24,checkpoint_average
caspase_activity_cellevent-caspase_live-cell_dye,mlp,3,0.5826912677343119,394,24,checkpoint_average
caspase_activity_cellevent-caspase_live-cell_dye,tabm_specialists,3,0.4999844343325265,394,24,checkpoint_average
caspase_activity_cellevent-caspase_live-cell_dye,scbutterfly_ops_b,3,0.4609612026277562,394,24,checkpoint_average
caspase_activity_cellevent-caspase_live-cell_dye,resmlp_52head,3,0.5624520691444411,394,24,checkpoint_average
caspase_activity_cellevent-caspase_live-cell_dye,multitab_pilot,3,0.5731117495870103,394,24,checkpoint_average
caspase_activity_cellevent-caspase_live-cell_dye,midas_ops,3,0.3716484197493865,394,24,checkpoint_average
caspase_activity_cellevent-caspase_live-cell_dye,scpair_ops,3,0.5084793148928353,394,24,checkpoint_average
caspase_activity_cellevent-caspase_live-cell_dye,ridge,4,0.5749775032843342,444,24,checkpoint_average
caspase_activity_cellevent-caspase_live-cell_dye,gbdt,4,0.6193150452798714,444,24,checkpoint_average
caspase_activity_cellevent-caspase_live-cell_dye,catboost_multirmse,4,0.6155790527635143,444,24,checkpoint_average
caspase_activity_cellevent-caspase_live-cell_dye,mlp,4,0.5929217444384166,444,24,checkpoint_average
caspase_activity_cellevent-caspase_live-cell_dye,tabm_specialists,4,0.4424505276375003,444,24,checkpoint_average
caspase_activity_cellevent-caspase_live-cell_dye,scbutterfly_ops_b,4,0.4922188298787929,444,24,checkpoint_average
caspase_activity_cellevent-caspase_live-cell_dye,resmlp_52head,4,0.598357709035823,444,24,checkpoint_average
caspase_activity_cellevent-caspase_live-cell_dye,multitab_pilot,4,0.6127585018272165,444,24,checkpoint_average
caspase_activity_cellevent-caspase_live-cell_dye,midas_ops,4,0.4073054441232249,444,24,checkpoint_average
caspase_activity_cellevent-caspase_live-cell_dye,scpair_ops,4,0.5266865416553959,444,24,checkpoint_average
ps6,ridge,0,0.53372361684577,211,30,checkpoint_average
ps6,gbdt,0,0.5859866340140925,211,30,checkpoint_average
ps6,catboost_multirmse,0,0.620279489741201,211,30,checkpoint_average
ps6,mlp,0,0.6065854032156797,211,30,checkpoint_average
ps6,tabm_specialists,0,0.6137917563070429,211,30,checkpoint_average
ps6,scbutterfly_ops_b,0,0.4122544563530936,211,30,checkpoint_average
ps6,resmlp_52head,0,0.6037258688174584,211,30,checkpoint_average
ps6,multitab_pilot,0,0.6318342502440447,211,30,checkpoint_average
ps6,midas_ops,0,0.4657726643261363,211,30,checkpoint_average
ps6,scpair_ops,0,0.6173103750024396,211,30,checkpoint_average
ps6,ridge,1,0.496500758630925,187,30,checkpoint_average
ps6,gbdt,1,0.5485201470049723,187,30,checkpoint_average
ps6,catboost_multirmse,1,0.5577263071662452,187,30,checkpoint_average
ps6,mlp,1,0.5716900083741439,187,30,checkpoint_average
ps6,tabm_specialists,1,0.5661899324589663,187,30,checkpoint_average
ps6,scbutterfly_ops_b,1,0.3200060337466676,187,30,checkpoint_average
ps6,resmlp_52head,1,0.5561443839601579,187,30,checkpoint_average
ps6,multitab_pilot,1,0.5635125654873202,187,30,checkpoint_average
ps6,midas_ops,1,0.3421959319009734,187,30,checkpoint_average
ps6,scpair_ops,1,0.5603904001101794,187,30,checkpoint_average
ps6,ridge,2,0.5114172180534783,183,30,checkpoint_average
ps6,gbdt,2,0.5929044487647948,183,30,checkpoint_average
ps6,catboost_multirmse,2,0.5914231773101046,183,30,checkpoint_average
ps6,mlp,2,0.5992064144980971,183,30,checkpoint_average
ps6,tabm_specialists,2,0.5819399640483736,183,30,checkpoint_average
ps6,scbutterfly_ops_b,2,0.3548492319173261,183,30,checkpoint_average
ps6,resmlp_52head,2,0.5758002771974698,183,30,checkpoint_average
ps6,multitab_pilot,2,0.5926342871960537,183,30,checkpoint_average
ps6,midas_ops,2,0.3758857447477426,183,30,checkpoint_average
ps6,scpair_ops,2,0.5787802923139176,183,30,checkpoint_average
ps6,ridge,3,0.4497694590628955,197,30,checkpoint_average
ps6,gbdt,3,0.5357249631632778,197,30,checkpoint_average
ps6,catboost_multirmse,3,0.5488675496045949,197,30,checkpoint_average
ps6,mlp,3,0.5582540896815765,197,30,checkpoint_average
ps6,tabm_specialists,3,0.5197045322212234,197,30,checkpoint_average
ps6,scbutterfly_ops_b,3,0.3667687661643405,197,30,checkpoint_average
ps6,resmlp_52head,3,0.5438623927888113,197,30,checkpoint_average
ps6,multitab_pilot,3,0.5532066016321799,197,30,checkpoint_average
ps6,midas_ops,3,0.4065993277148464,197,30,checkpoint_average
ps6,scpair_ops,3,0.5383341133449313,197,30,checkpoint_average
ps6,ridge,4,0.5417304804337468,222,30,checkpoint_average
ps6,gbdt,4,0.5713065588179072,222,30,checkpoint_average
ps6,catboost_multirmse,4,0.5795479280672957,222,30,checkpoint_average
ps6,mlp,4,0.6018539158243339,222,30,checkpoint_average
ps6,tabm_specialists,4,0.60962922498597,222,30,checkpoint_average
ps6,scbutterfly_ops_b,4,0.4159383678276963,222,30,checkpoint_average
ps6,resmlp_52head,4,0.6004465160097318,222,30,checkpoint_average
ps6,multitab_pilot,4,0.5983321340839989,222,30,checkpoint_average
ps6,midas_ops,4,0.4225300002147903,222,30,checkpoint_average
ps6,scpair_ops,4,0.6096117471046731,222,30,checkpoint_average
prb,ridge,0,0.3531225230222301,211,30,checkpoint_average
prb,gbdt,0,0.3108631186540575,211,30,checkpoint_average
prb,catboost_multirmse,0,0.2548464782367313,211,30,checkpoint_average
prb,mlp,0,0.42014310668304,211,30,checkpoint_average
prb,tabm_specialists,0,0.1960183501675713,211,30,checkpoint_average
prb,scbutterfly_ops_b,0,0.188261156209952,211,30,checkpoint_average
prb,resmlp_52head,0,0.4129435371166279,211,30,checkpoint_average
prb,multitab_pilot,0,0.5348379200312756,211,30,checkpoint_average
prb,midas_ops,0,0.4225037378673557,211,30,checkpoint_average
prb,scpair_ops,0,0.3494615574973171,211,30,checkpoint_average
prb,ridge,1,0.5232218524644889,187,30,checkpoint_average
prb,gbdt,1,0.4740218849480536,187,30,checkpoint_average
prb,catboost_multirmse,1,0.5272651389616707,187,30,checkpoint_average
prb,mlp,1,0.5295375350857108,187,30,checkpoint_average
prb,tabm_specialists,1,0.6379312533963971,187,30,checkpoint_average
prb,scbutterfly_ops_b,1,0.5306565858010245,187,30,checkpoint_average
prb,resmlp_52head,1,0.6195506756097128,187,30,checkpoint_average
prb,multitab_pilot,1,0.6008335342272726,187,30,checkpoint_average
prb,midas_ops,1,0.4625068915912235,187,30,checkpoint_average
prb,scpair_ops,1,0.5715016844944213,187,30,checkpoint_average
prb,ridge,2,0.3346822894553282,183,30,checkpoint_average
prb,gbdt,2,0.2994802468008588,183,30,checkpoint_average
prb,catboost_multirmse,2,0.2756260089178088,183,30,checkpoint_average
prb,mlp,2,0.2754217255422252,183,30,checkpoint_average
prb,tabm_specialists,2,0.3186326120971645,183,30,checkpoint_average
prb,scbutterfly_ops_b,2,0.239743374341074,183,30,checkpoint_average
prb,resmlp_52head,2,0.2560120148750608,183,30,checkpoint_average
prb,multitab_pilot,2,0.2557964963436754,183,30,checkpoint_average
prb,midas_ops,2,0.1638063087568436,183,30,checkpoint_average
prb,scpair_ops,2,0.2583439293302482,183,30,checkpoint_average
prb,ridge,3,0.457936354214811,197,30,checkpoint_average
prb,gbdt,3,0.4322982642064475,197,30,checkpoint_average
prb,catboost_multirmse,3,0.5577137168708567,197,30,checkpoint_average
prb,mlp,3,0.4767264541017598,197,30,checkpoint_average
prb,tabm_specialists,3,0.6994576824391302,197,30,checkpoint_average
prb,scbutterfly_ops_b,3,0.301604968019128,197,30,checkpoint_average
prb,resmlp_52head,3,0.633153327122716,197,30,checkpoint_average
prb,multitab_pilot,3,0.4879767281895511,197,30,checkpoint_average
prb,midas_ops,3,0.2442178883444443,197,30,checkpoint_average
prb,scpair_ops,3,0.792430399058919,197,30,checkpoint_average
prb,ridge,4,0.3885716945606943,222,30,checkpoint_average
prb,gbdt,4,0.3580967241957786,222,30,checkpoint_average
prb,catboost_multirmse,4,0.2922673764637299,222,30,checkpoint_average
prb,mlp,4,0.593806019339919,222,30,checkpoint_average
prb,tabm_specialists,4,0.5084590143193378,222,30,checkpoint_average
prb,scbutterfly_ops_b,4,0.2955502403633738,222,30,checkpoint_average
prb,resmlp_52head,4,0.5988155160848246,222,30,checkpoint_average
prb,multitab_pilot,4,0.5905508243212801,222,30,checkpoint_average
prb,midas_ops,4,0.4180555036908867,222,30,checkpoint_average
prb,scpair_ops,4,0.5769380507153049,222,30,checkpoint_average
nuclei_hoechst,ridge,0,0.7159936841001575,211,60,checkpoint_average
nuclei_hoechst,gbdt,0,0.7419258717493302,211,60,checkpoint_average
nuclei_hoechst,catboost_multirmse,0,0.7195625016678935,211,60,checkpoint_average
nuclei_hoechst,mlp,0,0.7427752994372021,211,60,checkpoint_average
nuclei_hoechst,tabm_specialists,0,0.7544754349694168,211,60,checkpoint_average
nuclei_hoechst,scbutterfly_ops_b,0,0.6758769386349539,211,60,checkpoint_average
nuclei_hoechst,resmlp_52head,0,0.713670250071902,211,60,checkpoint_average
nuclei_hoechst,multitab_pilot,0,0.7281671141434365,211,60,checkpoint_average
nuclei_hoechst,midas_ops,0,0.5525109272500226,211,60,checkpoint_average
nuclei_hoechst,scpair_ops,0,0.7435029990955914,211,60,checkpoint_average
nuclei_hoechst,ridge,1,0.7297450288197742,187,60,checkpoint_average
nuclei_hoechst,gbdt,1,0.750057193192125,187,60,checkpoint_average
nuclei_hoechst,catboost_multirmse,1,0.7308019889871472,187,60,checkpoint_average
nuclei_hoechst,mlp,1,0.7499691699594034,187,60,checkpoint_average
nuclei_hoechst,tabm_specialists,1,0.7691978438056266,187,60,checkpoint_average
nuclei_hoechst,scbutterfly_ops_b,1,0.6881962541047457,187,60,checkpoint_average
nuclei_hoechst,resmlp_52head,1,0.7320823209882483,187,60,checkpoint_average
nuclei_hoechst,multitab_pilot,1,0.7382097414577428,187,60,checkpoint_average
nuclei_hoechst,midas_ops,1,0.4937641625021346,187,60,checkpoint_average
nuclei_hoechst,scpair_ops,1,0.7498623815271931,187,60,checkpoint_average
nuclei_hoechst,ridge,2,0.751725024995148,183,60,checkpoint_average
nuclei_hoechst,gbdt,2,0.768181672871742,183,60,checkpoint_average
nuclei_hoechst,catboost_multirmse,2,0.7500174081653646,183,60,checkpoint_average
nuclei_hoechst,mlp,2,0.7738796494307916,183,60,checkpoint_average
nuclei_hoechst,tabm_specialists,2,0.7878102768417072,183,60,checkpoint_average
nuclei_hoechst,scbutterfly_ops_b,2,0.7224857387082143,183,60,checkpoint_average
nuclei_hoechst,resmlp_52head,2,0.7555464353758634,183,60,checkpoint_average
nuclei_hoechst,multitab_pilot,2,0.7412094220938621,183,60,checkpoint_average
nuclei_hoechst,midas_ops,2,0.5082814885596175,183,60,checkpoint_average
nuclei_hoechst,scpair_ops,2,0.7661925049624986,183,60,checkpoint_average
nuclei_hoechst,ridge,3,0.6977140337355963,197,60,checkpoint_average
nuclei_hoechst,gbdt,3,0.7283619914285272,197,60,checkpoint_average
nuclei_hoechst,catboost_multirmse,3,0.7134378909756762,197,60,checkpoint_average
nuclei_hoechst,mlp,3,0.7443372069041232,197,60,checkpoint_average
nuclei_hoechst,tabm_specialists,3,0.7044296132525757,197,60,checkpoint_average
nuclei_hoechst,scbutterfly_ops_b,3,0.6857036498699716,197,60,checkpoint_average
nuclei_hoechst,resmlp_52head,3,0.6862502471669405,197,60,checkpoint_average
nuclei_hoechst,multitab_pilot,3,0.7101767878920008,197,60,checkpoint_average
nuclei_hoechst,midas_ops,3,0.5716157961753099,197,60,checkpoint_average
nuclei_hoechst,scpair_ops,3,0.7262571469695659,197,60,checkpoint_average
nuclei_hoechst,ridge,4,0.7370395031157168,222,60,checkpoint_average
nuclei_hoechst,gbdt,4,0.7542241257906201,222,60,checkpoint_average
nuclei_hoechst,catboost_multirmse,4,0.7386802574654979,222,60,checkpoint_average
nuclei_hoechst,mlp,4,0.7756109679153284,222,60,checkpoint_average
nuclei_hoechst,tabm_specialists,4,0.7554350102479488,222,60,checkpoint_average
nuclei_hoechst,scbutterfly_ops_b,4,0.7045045726060908,222,60,checkpoint_average
nuclei_hoechst,resmlp_52head,4,0.7170442491676873,222,60,checkpoint_average
nuclei_hoechst,multitab_pilot,4,0.7437311864544427,222,60,checkpoint_average
nuclei_hoechst,midas_ops,4,0.5104679829821668,222,60,checkpoint_average
nuclei_hoechst,scpair_ops,4,0.7633295963858939,222,60,checkpoint_average
nucleoli_npm1,ridge,0,0.4947063618887822,211,72,checkpoint_average
nucleoli_npm1,gbdt,0,0.5362377898478617,211,72,checkpoint_average
nucleoli_npm1,catboost_multirmse,0,0.5275920870806474,211,72,checkpoint_average
nucleoli_npm1,mlp,0,0.5534189989536755,211,72,checkpoint_average
nucleoli_npm1,tabm_specialists,0,0.5442932471227732,211,72,checkpoint_average
nucleoli_npm1,scbutterfly_ops_b,0,0.4681936614556121,211,72,checkpoint_average
nucleoli_npm1,resmlp_52head,0,0.4623602934351893,211,72,checkpoint_average
nucleoli_npm1,multitab_pilot,0,0.5244872981248148,211,72,checkpoint_average
nucleoli_npm1,midas_ops,0,0.4167771657410686,211,72,checkpoint_average
nucleoli_npm1,scpair_ops,0,0.5247118620808029,211,72,checkpoint_average
nucleoli_npm1,ridge,1,0.5061476665497808,187,72,checkpoint_average
nucleoli_npm1,gbdt,1,0.5133047685825097,187,72,checkpoint_average
nucleoli_npm1,catboost_multirmse,1,0.5028167809604724,187,72,checkpoint_average
nucleoli_npm1,mlp,1,0.5079264502501286,187,72,checkpoint_average
nucleoli_npm1,tabm_specialists,1,0.5277675572604265,187,72,checkpoint_average
nucleoli_npm1,scbutterfly_ops_b,1,0.4493853866132014,187,72,checkpoint_average
nucleoli_npm1,resmlp_52head,1,0.4803874205807499,187,72,checkpoint_average
nucleoli_npm1,multitab_pilot,1,0.5016379443182041,187,72,checkpoint_average
nucleoli_npm1,midas_ops,1,0.3445081151393344,187,72,checkpoint_average
nucleoli_npm1,scpair_ops,1,0.5092004934724889,187,72,checkpoint_average
nucleoli_npm1,ridge,2,0.5827720054422988,183,72,checkpoint_average
nucleoli_npm1,gbdt,2,0.6114506929599067,183,72,checkpoint_average
nucleoli_npm1,catboost_multirmse,2,0.6053962148235174,183,72,checkpoint_average
nucleoli_npm1,mlp,2,0.612074600251275,183,72,checkpoint_average
nucleoli_npm1,tabm_specialists,2,0.6209613059013458,183,72,checkpoint_average
nucleoli_npm1,scbutterfly_ops_b,2,0.528068125625309,183,72,checkpoint_average
nucleoli_npm1,resmlp_52head,2,0.5590344883978801,183,72,checkpoint_average
nucleoli_npm1,multitab_pilot,2,0.5936660682863659,183,72,checkpoint_average
nucleoli_npm1,midas_ops,2,0.4298084475797918,183,72,checkpoint_average
nucleoli_npm1,scpair_ops,2,0.6008549470880651,183,72,checkpoint_average
nucleoli_npm1,ridge,3,0.4978489838773627,197,72,checkpoint_average
nucleoli_npm1,gbdt,3,0.5349690942955108,197,72,checkpoint_average
nucleoli_npm1,catboost_multirmse,3,0.5304058211666967,197,72,checkpoint_average
nucleoli_npm1,mlp,3,0.5241049806613568,197,72,checkpoint_average
nucleoli_npm1,tabm_specialists,3,0.5148863711254097,197,72,checkpoint_average
nucleoli_npm1,scbutterfly_ops_b,3,0.4854061377552071,197,72,checkpoint_average
nucleoli_npm1,resmlp_52head,3,0.4942373969072571,197,72,checkpoint_average
nucleoli_npm1,multitab_pilot,3,0.529162404151013,197,72,checkpoint_average
nucleoli_npm1,midas_ops,3,0.411094545708497,197,72,checkpoint_average
nucleoli_npm1,scpair_ops,3,0.5154851586358186,197,72,checkpoint_average
nucleoli_npm1,ridge,4,0.4912201162224762,222,72,checkpoint_average
nucleoli_npm1,gbdt,4,0.5279647457988612,222,72,checkpoint_average
nucleoli_npm1,catboost_multirmse,4,0.5242617823100237,222,72,checkpoint_average
nucleoli_npm1,mlp,4,0.5222997764900212,222,72,checkpoint_average
nucleoli_npm1,tabm_specialists,4,0.527783717383668,222,72,checkpoint_average
nucleoli_npm1,scbutterfly_ops_b,4,0.4473409719414004,222,72,checkpoint_average
nucleoli_npm1,resmlp_52head,4,0.4678278262554645,222,72,checkpoint_average
nucleoli_npm1,multitab_pilot,4,0.5210076349021331,222,72,checkpoint_average
nucleoli_npm1,midas_ops,4,0.3281877153941373,222,72,checkpoint_average
nucleoli_npm1,scpair_ops,4,0.5133489038792163,222,72,checkpoint_average
b-catenin,ridge,0,0.5414868387185457,211,30,checkpoint_average
b-catenin,gbdt,0,0.566738219522437,211,30,checkpoint_average
b-catenin,catboost_multirmse,0,0.5770396273110602,211,30,checkpoint_average
b-catenin,mlp,0,0.6169292206553414,211,30,checkpoint_average
b-catenin,tabm_specialists,0,0.6115387799176528,211,30,checkpoint_average
b-catenin,scbutterfly_ops_b,0,0.4375309898422944,211,30,checkpoint_average
b-catenin,resmlp_52head,0,0.6010930039897954,211,30,checkpoint_average
b-catenin,multitab_pilot,0,0.5910755523683398,211,30,checkpoint_average
b-catenin,midas_ops,0,0.4407639495467119,211,30,checkpoint_average
b-catenin,scpair_ops,0,0.5971130820749231,211,30,checkpoint_average
b-catenin,ridge,1,0.4822210973242041,187,30,checkpoint_average
b-catenin,gbdt,1,0.5620539242726499,187,30,checkpoint_average
b-catenin,catboost_multirmse,1,0.5833807755419989,187,30,checkpoint_average
b-catenin,mlp,1,0.5607270287305531,187,30,checkpoint_average
b-catenin,tabm_specialists,1,0.5412484366466997,187,30,checkpoint_average
b-catenin,scbutterfly_ops_b,1,0.3281688548493389,187,30,checkpoint_average
b-catenin,resmlp_52head,1,0.5831304325742603,187,30,checkpoint_average
b-catenin,multitab_pilot,1,0.5678591445477378,187,30,checkpoint_average
b-catenin,midas_ops,1,0.3253862257286684,187,30,checkpoint_average
b-catenin,scpair_ops,1,0.5929751115414154,187,30,checkpoint_average
b-catenin,ridge,2,0.4606924043983847,183,30,checkpoint_average
b-catenin,gbdt,2,0.52943720755473,183,30,checkpoint_average
b-catenin,catboost_multirmse,2,0.5401915537763842,183,30,checkpoint_average
b-catenin,mlp,2,0.5718630996207649,183,30,checkpoint_average
b-catenin,tabm_specialists,2,0.5455556195409142,183,30,checkpoint_average
b-catenin,scbutterfly_ops_b,2,0.3527281778578103,183,30,checkpoint_average
b-catenin,resmlp_52head,2,0.5363474826446789,183,30,checkpoint_average
b-catenin,multitab_pilot,2,0.5328289959352628,183,30,checkpoint_average
b-catenin,midas_ops,2,0.3066501610782075,183,30,checkpoint_average
b-catenin,scpair_ops,2,0.5271673173293437,183,30,checkpoint_average
b-catenin,ridge,3,0.4609817265984234,197,30,checkpoint_average
b-catenin,gbdt,3,0.5678988885980062,197,30,checkpoint_average
b-catenin,catboost_multirmse,3,0.5652751362412726,197,30,checkpoint_average
b-catenin,mlp,3,0.5380812336476557,197,30,checkpoint_average
b-catenin,tabm_specialists,3,0.4862809618231814,197,30,checkpoint_average
b-catenin,scbutterfly_ops_b,3,0.355897075308565,197,30,checkpoint_average
b-catenin,resmlp_52head,3,0.5531581057219175,197,30,checkpoint_average
b-catenin,multitab_pilot,3,0.5471841255207511,197,30,checkpoint_average
b-catenin,midas_ops,3,0.3320727340030253,197,30,checkpoint_average
b-catenin,scpair_ops,3,0.5347996290954743,197,30,checkpoint_average
b-catenin,ridge,4,0.4877400723399384,222,30,checkpoint_average
b-catenin,gbdt,4,0.5200687962419672,222,30,checkpoint_average
b-catenin,catboost_multirmse,4,0.5406816093699395,222,30,checkpoint_average
b-catenin,mlp,4,0.5159662975758352,222,30,checkpoint_average
b-catenin,tabm_specialists,4,0.5310246176620026,222,30,checkpoint_average
b-catenin,scbutterfly_ops_b,4,0.3741045633282771,222,30,checkpoint_average
b-catenin,resmlp_52head,4,0.562102049642776,222,30,checkpoint_average
b-catenin,multitab_pilot,4,0.5312865104596903,222,30,checkpoint_average
b-catenin,midas_ops,4,0.3828523569703007,222,30,checkpoint_average
b-catenin,scpair_ops,4,0.5549863470687969,222,30,checkpoint_average
c-myc,ridge,0,0.5052764706689323,211,30,checkpoint_average
c-myc,gbdt,0,0.5247548018070295,211,30,checkpoint_average
c-myc,catboost_multirmse,0,0.5219858113495975,211,30,checkpoint_average
c-myc,mlp,0,0.5052826041446931,211,30,checkpoint_average
c-myc,tabm_specialists,0,0.5201259324653862,211,30,checkpoint_average
c-myc,scbutterfly_ops_b,0,0.4737334504540025,211,30,checkpoint_average
c-myc,resmlp_52head,0,0.544476421848865,211,30,checkpoint_average
c-myc,multitab_pilot,0,0.5145565817184071,211,30,checkpoint_average
c-myc,midas_ops,0,0.4544185066417703,211,30,checkpoint_average
c-myc,scpair_ops,0,0.4995427554826074,211,30,checkpoint_average
c-myc,ridge,1,0.5219862652370341,187,30,checkpoint_average
c-myc,gbdt,1,0.5157433825778407,187,30,checkpoint_average
c-myc,catboost_multirmse,1,0.5422919749685161,187,30,checkpoint_average
c-myc,mlp,1,0.5580729070941289,187,30,checkpoint_average
c-myc,tabm_specialists,1,0.5585696636708415,187,30,checkpoint_average
c-myc,scbutterfly_ops_b,1,0.3451156671827594,187,30,checkpoint_average
c-myc,resmlp_52head,1,0.5622844505828802,187,30,checkpoint_average
c-myc,multitab_pilot,1,0.5680878472444532,187,30,checkpoint_average
c-myc,midas_ops,1,0.3433027006577783,187,30,checkpoint_average
c-myc,scpair_ops,1,0.5465921313649564,187,30,checkpoint_average
c-myc,ridge,2,0.5101765575370308,183,30,checkpoint_average
c-myc,gbdt,2,0.4920299174513872,183,30,checkpoint_average
c-myc,catboost_multirmse,2,0.5291653209474183,183,30,checkpoint_average
c-myc,mlp,2,0.5306896332404539,183,30,checkpoint_average
c-myc,tabm_specialists,2,0.5285491514846825,183,30,checkpoint_average
c-myc,scbutterfly_ops_b,2,0.415365475054048,183,30,checkpoint_average
c-myc,resmlp_52head,2,0.5345318280118387,183,30,checkpoint_average
c-myc,multitab_pilot,2,0.5264125247789059,183,30,checkpoint_average
c-myc,midas_ops,2,0.3937616676397527,183,30,checkpoint_average
c-myc,scpair_ops,2,0.5260408512575416,183,30,checkpoint_average
c-myc,ridge,3,0.5662349291297348,197,30,checkpoint_average
c-myc,gbdt,3,0.6147141649269104,197,30,checkpoint_average
c-myc,catboost_multirmse,3,0.6171312833886327,197,30,checkpoint_average
c-myc,mlp,3,0.6038013632710663,197,30,checkpoint_average
c-myc,tabm_specialists,3,0.5716256946098557,197,30,checkpoint_average
c-myc,scbutterfly_ops_b,3,0.4767179906912558,197,30,checkpoint_average
c-myc,resmlp_52head,3,0.6144862223647307,197,30,checkpoint_average
c-myc,multitab_pilot,3,0.6168046000585343,197,30,checkpoint_average
c-myc,midas_ops,3,0.3998058995449411,197,30,checkpoint_average
c-myc,scpair_ops,3,0.5944878900586057,197,30,checkpoint_average
c-myc,ridge,4,0.5416910279036828,222,30,checkpoint_average
c-myc,gbdt,4,0.5580140872816844,222,30,checkpoint_average
c-myc,catboost_multirmse,4,0.5837993803146276,222,30,checkpoint_average
c-myc,mlp,4,0.5716876879793376,222,30,checkpoint_average
c-myc,tabm_specialists,4,0.5723187792154636,222,30,checkpoint_average
c-myc,scbutterfly_ops_b,4,0.4688025611585598,222,30,checkpoint_average
c-myc,resmlp_52head,4,0.5952130795120584,222,30,checkpoint_average
c-myc,multitab_pilot,4,0.5856453937319979,222,30,checkpoint_average
c-myc,midas_ops,4,0.3958622139531407,222,30,checkpoint_average
c-myc,scpair_ops,4,0.5670360761453093,222,30,checkpoint_average
er_cona,ridge,0,0.6890133130583551,211,72,checkpoint_average
er_cona,gbdt,0,0.7030335787637649,211,72,checkpoint_average
er_cona,catboost_multirmse,0,0.6971905521525723,211,72,checkpoint_average
er_cona,mlp,0,0.7194790047835014,211,72,checkpoint_average
er_cona,tabm_specialists,0,0.7197298569568927,211,72,checkpoint_average
er_cona,scbutterfly_ops_b,0,0.6829474155300057,211,72,checkpoint_average
er_cona,resmlp_52head,0,0.659651903980258,211,72,checkpoint_average
er_cona,multitab_pilot,0,0.7051302613194194,211,72,checkpoint_average
er_cona,midas_ops,0,0.6424414511635947,211,72,checkpoint_average
er_cona,scpair_ops,0,0.7083474361473834,211,72,checkpoint_average
er_cona,ridge,1,0.6771099331058167,187,72,checkpoint_average
er_cona,gbdt,1,0.6913118058235601,187,72,checkpoint_average
er_cona,catboost_multirmse,1,0.6910219949120915,187,72,checkpoint_average
er_cona,mlp,1,0.6829251120645173,187,72,checkpoint_average
er_cona,tabm_specialists,1,0.6980022550613594,187,72,checkpoint_average
er_cona,scbutterfly_ops_b,1,0.6487127573712924,187,72,checkpoint_average
er_cona,resmlp_52head,1,0.6691066036470831,187,72,checkpoint_average
er_cona,multitab_pilot,1,0.6898905250093852,187,72,checkpoint_average
er_cona,midas_ops,1,0.57289772746635,187,72,checkpoint_average
er_cona,scpair_ops,1,0.680171946860903,187,72,checkpoint_average
er_cona,ridge,2,0.7258921724729898,183,72,checkpoint_average
er_cona,gbdt,2,0.7311594662403478,183,72,checkpoint_average
er_cona,catboost_multirmse,2,0.7257059879598509,183,72,checkpoint_average
er_cona,mlp,2,0.7217223754176109,183,72,checkpoint_average
er_cona,tabm_specialists,2,0.7331696722928963,183,72,checkpoint_average
er_cona,scbutterfly_ops_b,2,0.6952984003252577,183,72,checkpoint_average
er_cona,resmlp_52head,2,0.7061360200262866,183,72,checkpoint_average
er_cona,multitab_pilot,2,0.7260683050587088,183,72,checkpoint_average
er_cona,midas_ops,2,0.6089869226436466,183,72,checkpoint_average
er_cona,scpair_ops,2,0.7310894444404504,183,72,checkpoint_average
er_cona,ridge,3,0.6966374453736023,197,72,checkpoint_average
er_cona,gbdt,3,0.7124940391142287,197,72,checkpoint_average
er_cona,catboost_multirmse,3,0.7048935144236074,197,72,checkpoint_average
er_cona,mlp,3,0.7211845849840173,197,72,checkpoint_average
er_cona,tabm_specialists,3,0.6905034209618481,197,72,checkpoint_average
er_cona,scbutterfly_ops_b,3,0.6690646992055822,197,72,checkpoint_average
er_cona,resmlp_52head,3,0.6589251725935402,197,72,checkpoint_average
er_cona,multitab_pilot,3,0.7184380127091625,197,72,checkpoint_average
er_cona,midas_ops,3,0.6261153391698033,197,72,checkpoint_average
er_cona,scpair_ops,3,0.7069842031223316,197,72,checkpoint_average
er_cona,ridge,4,0.6916687454750525,222,72,checkpoint_average
er_cona,gbdt,4,0.705701784034497,222,72,checkpoint_average
er_cona,catboost_multirmse,4,0.7036757666057878,222,72,checkpoint_average
er_cona,mlp,4,0.7060626216683722,222,72,checkpoint_average
er_cona,tabm_specialists,4,0.7058368347186659,222,72,checkpoint_average
er_cona,scbutterfly_ops_b,4,0.6641535236358249,222,72,checkpoint_average
er_cona,resmlp_52head,4,0.6608469249306059,222,72,checkpoint_average
er_cona,multitab_pilot,4,0.708024053104859,222,72,checkpoint_average
er_cona,midas_ops,4,0.5820707388686963,222,72,checkpoint_average
er_cona,scpair_ops,4,0.7017296870926732,222,72,checkpoint_average
microtubules_tubulin,ridge,0,0.7101391550850465,211,72,checkpoint_average
microtubules_tubulin,gbdt,0,0.7377938047019003,211,72,checkpoint_average
microtubules_tubulin,catboost_multirmse,0,0.7331019972640482,211,72,checkpoint_average
microtubules_tubulin,mlp,0,0.7407036183763389,211,72,checkpoint_average
microtubules_tubulin,tabm_specialists,0,0.7464159438342518,211,72,checkpoint_average
microtubules_tubulin,scbutterfly_ops_b,0,0.683900096706372,211,72,checkpoint_average
microtubules_tubulin,resmlp_52head,0,0.6892389980837123,211,72,checkpoint_average
microtubules_tubulin,multitab_pilot,0,0.7341876413899393,211,72,checkpoint_average
microtubules_tubulin,midas_ops,0,0.6585637095790997,211,72,checkpoint_average
microtubules_tubulin,scpair_ops,0,0.7303754821834515,211,72,checkpoint_average
microtubules_tubulin,ridge,1,0.6797645483898384,187,72,checkpoint_average
microtubules_tubulin,gbdt,1,0.6991230327776736,187,72,checkpoint_average
microtubules_tubulin,catboost_multirmse,1,0.6928633614343013,187,72,checkpoint_average
microtubules_tubulin,mlp,1,0.6840966378718257,187,72,checkpoint_average
microtubules_tubulin,tabm_specialists,1,0.7032467366968314,187,72,checkpoint_average
microtubules_tubulin,scbutterfly_ops_b,1,0.634875446929878,187,72,checkpoint_average
microtubules_tubulin,resmlp_52head,1,0.6710665391428647,187,72,checkpoint_average
microtubules_tubulin,multitab_pilot,1,0.6961728485889748,187,72,checkpoint_average
microtubules_tubulin,midas_ops,1,0.5591091163225349,187,72,checkpoint_average
microtubules_tubulin,scpair_ops,1,0.6878846114027306,187,72,checkpoint_average
microtubules_tubulin,ridge,2,0.730953562940853,183,72,checkpoint_average
microtubules_tubulin,gbdt,2,0.7383714266817805,183,72,checkpoint_average
microtubules_tubulin,catboost_multirmse,2,0.7333927477303145,183,72,checkpoint_average
microtubules_tubulin,mlp,2,0.7406485580750994,183,72,checkpoint_average
microtubules_tubulin,tabm_specialists,2,0.746835164428098,183,72,checkpoint_average
microtubules_tubulin,scbutterfly_ops_b,2,0.6880569586215903,183,72,checkpoint_average
microtubules_tubulin,resmlp_52head,2,0.7181160091224434,183,72,checkpoint_average
microtubules_tubulin,multitab_pilot,2,0.7371352904935654,183,72,checkpoint_average
microtubules_tubulin,midas_ops,2,0.5830858876392779,183,72,checkpoint_average
microtubules_tubulin,scpair_ops,2,0.7336797338188554,183,72,checkpoint_average
microtubules_tubulin,ridge,3,0.7045454647843264,197,72,checkpoint_average
microtubules_tubulin,gbdt,3,0.7271567259955537,197,72,checkpoint_average
microtubules_tubulin,catboost_multirmse,3,0.7173205282294657,197,72,checkpoint_average
microtubules_tubulin,mlp,3,0.7246226849398655,197,72,checkpoint_average
microtubules_tubulin,tabm_specialists,3,0.700325524201542,197,72,checkpoint_average
microtubules_tubulin,scbutterfly_ops_b,3,0.6589702307884538,197,72,checkpoint_average
microtubules_tubulin,resmlp_52head,3,0.6817564673179562,197,72,checkpoint_average
microtubules_tubulin,multitab_pilot,3,0.7303310192689296,197,72,checkpoint_average
microtubules_tubulin,midas_ops,3,0.6348857944451165,197,72,checkpoint_average
microtubules_tubulin,scpair_ops,3,0.721829215689206,197,72,checkpoint_average
microtubules_tubulin,ridge,4,0.7032258962722872,222,72,checkpoint_average
microtubules_tubulin,gbdt,4,0.7216506449194952,222,72,checkpoint_average
microtubules_tubulin,catboost_multirmse,4,0.7180240176521107,222,72,checkpoint_average
microtubules_tubulin,mlp,4,0.7221298346448928,222,72,checkpoint_average
microtubules_tubulin,tabm_specialists,4,0.7172198443408397,222,72,checkpoint_average
microtubules_tubulin,scbutterfly_ops_b,4,0.6699956635355027,222,72,checkpoint_average
microtubules_tubulin,resmlp_52head,4,0.6763125933292882,222,72,checkpoint_average
microtubules_tubulin,multitab_pilot,4,0.7190670141660029,222,72,checkpoint_average
microtubules_tubulin,midas_ops,4,0.5763254599329669,222,72,checkpoint_average
microtubules_tubulin,scpair_ops,4,0.7171673645993586,222,72,checkpoint_average
nucleolus-dfc_fbl,ridge,0,0.7242749693897341,422,24,checkpoint_average
nucleolus-dfc_fbl,gbdt,0,0.7660236137668074,422,24,checkpoint_average
nucleolus-dfc_fbl,catboost_multirmse,0,0.7457230776596168,422,24,checkpoint_average
nucleolus-dfc_fbl,mlp,0,0.7571871028124834,422,24,checkpoint_average
nucleolus-dfc_fbl,tabm_specialists,0,0.7588118414025975,422,24,checkpoint_average
nucleolus-dfc_fbl,scbutterfly_ops_b,0,0.7019419726065467,422,24,checkpoint_average
nucleolus-dfc_fbl,resmlp_52head,0,0.7458354513823218,422,24,checkpoint_average
nucleolus-dfc_fbl,multitab_pilot,0,0.740943285685283,422,24,checkpoint_average
nucleolus-dfc_fbl,midas_ops,0,0.5708553787556809,422,24,checkpoint_average
nucleolus-dfc_fbl,scpair_ops,0,0.7469612950836941,422,24,checkpoint_average
nucleolus-dfc_fbl,ridge,1,0.7264250837094592,374,24,checkpoint_average
nucleolus-dfc_fbl,gbdt,1,0.8028184291396633,374,24,checkpoint_average
nucleolus-dfc_fbl,catboost_multirmse,1,0.7769105268401238,374,24,checkpoint_average
nucleolus-dfc_fbl,mlp,1,0.8087082431834838,374,24,checkpoint_average
nucleolus-dfc_fbl,tabm_specialists,1,0.8056535332034335,374,24,checkpoint_average
nucleolus-dfc_fbl,scbutterfly_ops_b,1,0.7457476470291575,374,24,checkpoint_average
nucleolus-dfc_fbl,resmlp_52head,1,0.797736923791945,374,24,checkpoint_average
nucleolus-dfc_fbl,multitab_pilot,1,0.7802320857336603,374,24,checkpoint_average
nucleolus-dfc_fbl,midas_ops,1,0.614486605426821,374,24,checkpoint_average
nucleolus-dfc_fbl,scpair_ops,1,0.7858670032671332,374,24,checkpoint_average
nucleolus-dfc_fbl,ridge,2,0.7308364755801491,366,24,checkpoint_average
nucleolus-dfc_fbl,gbdt,2,0.8171872826116152,366,24,checkpoint_average
nucleolus-dfc_fbl,catboost_multirmse,2,0.799778078012487,366,24,checkpoint_average
nucleolus-dfc_fbl,mlp,2,0.8147467265541581,366,24,checkpoint_average
nucleolus-dfc_fbl,tabm_specialists,2,0.8214654108082916,366,24,checkpoint_average
nucleolus-dfc_fbl,scbutterfly_ops_b,2,0.7690933789716675,366,24,checkpoint_average
nucleolus-dfc_fbl,resmlp_52head,2,0.811940489864616,366,24,checkpoint_average
nucleolus-dfc_fbl,multitab_pilot,2,0.8008606802540904,366,24,checkpoint_average
nucleolus-dfc_fbl,midas_ops,2,0.6320225866138941,366,24,checkpoint_average
nucleolus-dfc_fbl,scpair_ops,2,0.8024558842332635,366,24,checkpoint_average
nucleolus-dfc_fbl,ridge,3,0.7278748385930319,394,24,checkpoint_average
nucleolus-dfc_fbl,gbdt,3,0.7968560236066633,394,24,checkpoint_average
nucleolus-dfc_fbl,catboost_multirmse,3,0.7697863015018352,394,24,checkpoint_average
nucleolus-dfc_fbl,mlp,3,0.7870045454921314,394,24,checkpoint_average
nucleolus-dfc_fbl,tabm_specialists,3,0.749311208386156,394,24,checkpoint_average
nucleolus-dfc_fbl,scbutterfly_ops_b,3,0.743275033724926,394,24,checkpoint_average
nucleolus-dfc_fbl,resmlp_52head,3,0.7929174896932564,394,24,checkpoint_average
nucleolus-dfc_fbl,multitab_pilot,3,0.7586655784309349,394,24,checkpoint_average
nucleolus-dfc_fbl,midas_ops,3,0.554730627967199,394,24,checkpoint_average
nucleolus-dfc_fbl,scpair_ops,3,0.776148021271692,394,24,checkpoint_average
nucleolus-dfc_fbl,ridge,4,0.74605735703008,444,24,checkpoint_average
nucleolus-dfc_fbl,gbdt,4,0.8143631243841541,444,24,checkpoint_average
nucleolus-dfc_fbl,catboost_multirmse,4,0.7813751585370748,444,24,checkpoint_average
nucleolus-dfc_fbl,mlp,4,0.8153490608793833,444,24,checkpoint_average
nucleolus-dfc_fbl,tabm_specialists,4,0.8039586171349331,444,24,checkpoint_average
nucleolus-dfc_fbl,scbutterfly_ops_b,4,0.7563232308510551,444,24,checkpoint_average
nucleolus-dfc_fbl,resmlp_52head,4,0.8135069144525109,444,24,checkpoint_average
nucleolus-dfc_fbl,multitab_pilot,4,0.7819465094560929,444,24,checkpoint_average
nucleolus-dfc_fbl,midas_ops,4,0.6443653100019943,444,24,checkpoint_average
nucleolus-dfc_fbl,scpair_ops,4,0.807838209910261,444,24,checkpoint_average
plasma_membrane_wga,ridge,0,0.746307437785169,211,72,checkpoint_average
plasma_membrane_wga,gbdt,0,0.7579217005134651,211,72,checkpoint_average
plasma_membrane_wga,catboost_multirmse,0,0.7497921990263335,211,72,checkpoint_average
plasma_membrane_wga,mlp,0,0.7669675767175583,211,72,checkpoint_average
plasma_membrane_wga,tabm_specialists,0,0.7686977768486353,211,72,checkpoint_average
plasma_membrane_wga,scbutterfly_ops_b,0,0.7347668606818877,211,72,checkpoint_average
plasma_membrane_wga,resmlp_52head,0,0.7215335297057138,211,72,checkpoint_average
plasma_membrane_wga,multitab_pilot,0,0.7557983071588467,211,72,checkpoint_average
plasma_membrane_wga,midas_ops,0,0.6877090624143238,211,72,checkpoint_average
plasma_membrane_wga,scpair_ops,0,0.751453719327821,211,72,checkpoint_average
plasma_membrane_wga,ridge,1,0.7129356677102775,187,72,checkpoint_average
plasma_membrane_wga,gbdt,1,0.7281284084864671,187,72,checkpoint_average
plasma_membrane_wga,catboost_multirmse,1,0.7186836924227246,187,72,checkpoint_average
plasma_membrane_wga,mlp,1,0.7269034461417101,187,72,checkpoint_average
plasma_membrane_wga,tabm_specialists,1,0.7398090537667894,187,72,checkpoint_average
plasma_membrane_wga,scbutterfly_ops_b,1,0.6921386961790508,187,72,checkpoint_average
plasma_membrane_wga,resmlp_52head,1,0.7114986076516282,187,72,checkpoint_average
plasma_membrane_wga,multitab_pilot,1,0.7296482423961633,187,72,checkpoint_average
plasma_membrane_wga,midas_ops,1,0.5952378552423929,187,72,checkpoint_average
plasma_membrane_wga,scpair_ops,1,0.7219501307302006,187,72,checkpoint_average
plasma_membrane_wga,ridge,2,0.7589030943588966,183,72,checkpoint_average
plasma_membrane_wga,gbdt,2,0.7591234915653247,183,72,checkpoint_average
plasma_membrane_wga,catboost_multirmse,2,0.7516389012322732,183,72,checkpoint_average
plasma_membrane_wga,mlp,2,0.7554470868379995,183,72,checkpoint_average
plasma_membrane_wga,tabm_specialists,2,0.7649139986834259,183,72,checkpoint_average
plasma_membrane_wga,scbutterfly_ops_b,2,0.709760852294826,183,72,checkpoint_average
plasma_membrane_wga,resmlp_52head,2,0.7420919980891395,183,72,checkpoint_average
plasma_membrane_wga,multitab_pilot,2,0.7568111947952514,183,72,checkpoint_average
plasma_membrane_wga,midas_ops,2,0.6378137528429675,183,72,checkpoint_average
plasma_membrane_wga,scpair_ops,2,0.7558656499199459,183,72,checkpoint_average
plasma_membrane_wga,ridge,3,0.734380438365489,197,72,checkpoint_average
plasma_membrane_wga,gbdt,3,0.7519485174390852,197,72,checkpoint_average
plasma_membrane_wga,catboost_multirmse,3,0.7401701433995377,197,72,checkpoint_average
plasma_membrane_wga,mlp,3,0.748631560793577,197,72,checkpoint_average
plasma_membrane_wga,tabm_specialists,3,0.7224953842344957,197,72,checkpoint_average
plasma_membrane_wga,scbutterfly_ops_b,3,0.6908546766151608,197,72,checkpoint_average
plasma_membrane_wga,resmlp_52head,3,0.7115220019937946,197,72,checkpoint_average
plasma_membrane_wga,multitab_pilot,3,0.7499354617152457,197,72,checkpoint_average
plasma_membrane_wga,midas_ops,3,0.6576483487484107,197,72,checkpoint_average
plasma_membrane_wga,scpair_ops,3,0.7424127003528593,197,72,checkpoint_average
plasma_membrane_wga,ridge,4,0.7327627448226628,222,72,checkpoint_average
plasma_membrane_wga,gbdt,4,0.7479244279390351,222,72,checkpoint_average
plasma_membrane_wga,catboost_multirmse,4,0.7475728048602795,222,72,checkpoint_average
plasma_membrane_wga,mlp,4,0.7451880357977567,222,72,checkpoint_average
plasma_membrane_wga,tabm_specialists,4,0.7506503147775655,222,72,checkpoint_average
plasma_membrane_wga,scbutterfly_ops_b,4,0.7181776227050636,222,72,checkpoint_average
plasma_membrane_wga,resmlp_52head,4,0.7105587048805783,222,72,checkpoint_average
plasma_membrane_wga,multitab_pilot,4,0.7489707391355578,222,72,checkpoint_average
plasma_membrane_wga,midas_ops,4,0.6298891415396223,222,72,checkpoint_average
plasma_membrane_wga,scpair_ops,4,0.7404184937901437,222,72,checkpoint_average
microtubules_map4,ridge,0,0.8408437219602417,211,24,checkpoint_average
microtubules_map4,gbdt,0,0.8476087703060794,211,24,checkpoint_average
microtubules_map4,catboost_multirmse,0,0.8417694789136395,211,24,checkpoint_average
microtubules_map4,mlp,0,0.8498673494113685,211,24,checkpoint_average
microtubules_map4,tabm_specialists,0,0.7603261786768639,211,24,checkpoint_average
microtubules_map4,scbutterfly_ops_b,0,0.7988705098849597,211,24,checkpoint_average
microtubules_map4,resmlp_52head,0,0.8521302196024075,211,24,checkpoint_average
microtubules_map4,multitab_pilot,0,0.843402304312149,211,24,checkpoint_average
microtubules_map4,midas_ops,0,0.8002983929595073,211,24,checkpoint_average
microtubules_map4,scpair_ops,0,0.8396574075644753,211,24,checkpoint_average
microtubules_map4,ridge,1,0.8364766958081399,187,24,checkpoint_average
microtubules_map4,gbdt,1,0.8392690247247024,187,24,checkpoint_average
microtubules_map4,catboost_multirmse,1,0.8380173721862129,187,24,checkpoint_average
microtubules_map4,mlp,1,0.8409526205577785,187,24,checkpoint_average
microtubules_map4,tabm_specialists,1,0.8439434992092769,187,24,checkpoint_average
microtubules_map4,scbutterfly_ops_b,1,0.7556719287898468,187,24,checkpoint_average
microtubules_map4,resmlp_52head,1,0.841033410400716,187,24,checkpoint_average
microtubules_map4,multitab_pilot,1,0.8427473178577113,187,24,checkpoint_average
microtubules_map4,midas_ops,1,0.7388152132505681,187,24,checkpoint_average
microtubules_map4,scpair_ops,1,0.8307317648274246,187,24,checkpoint_average
microtubules_map4,ridge,2,0.7938065168685391,183,24,checkpoint_average
microtubules_map4,gbdt,2,0.7992216928977779,183,24,checkpoint_average
microtubules_map4,catboost_multirmse,2,0.7922917985229088,183,24,checkpoint_average
microtubules_map4,mlp,2,0.7997607909452085,183,24,checkpoint_average
microtubules_map4,tabm_specialists,2,0.7988236482224572,183,24,checkpoint_average
microtubules_map4,scbutterfly_ops_b,2,0.7351118448484496,183,24,checkpoint_average
microtubules_map4,resmlp_52head,2,0.7990584947605077,183,24,checkpoint_average
microtubules_map4,multitab_pilot,2,0.7963577490962702,183,24,checkpoint_average
microtubules_map4,midas_ops,2,0.6749796674202365,183,24,checkpoint_average
microtubules_map4,scpair_ops,2,0.7911678721187357,183,24,checkpoint_average
microtubules_map4,ridge,3,0.7916049062199497,197,24,checkpoint_average
microtubules_map4,gbdt,3,0.7924672012083231,197,24,checkpoint_average
microtubules_map4,catboost_multirmse,3,0.7873199573307397,197,24,checkpoint_average
microtubules_map4,mlp,3,0.7939432528052288,197,24,checkpoint_average
microtubules_map4,tabm_specialists,3,0.74789972452886,197,24,checkpoint_average
microtubules_map4,scbutterfly_ops_b,3,0.7263424215734752,197,24,checkpoint_average
microtubules_map4,resmlp_52head,3,0.7935177625800289,197,24,checkpoint_average
microtubules_map4,multitab_pilot,3,0.7873601616419729,197,24,checkpoint_average
microtubules_map4,midas_ops,3,0.7182398558193287,197,24,checkpoint_average
microtubules_map4,scpair_ops,3,0.78622672625416,197,24,checkpoint_average
microtubules_map4,ridge,4,0.8239207297493767,222,24,checkpoint_average
microtubules_map4,gbdt,4,0.8283492259609614,222,24,checkpoint_average
microtubules_map4,catboost_multirmse,4,0.8229032110672634,222,24,checkpoint_average
microtubules_map4,mlp,4,0.8321995395044336,222,24,checkpoint_average
microtubules_map4,tabm_specialists,4,0.8108172952085314,222,24,checkpoint_average
microtubules_map4,scbutterfly_ops_b,4,0.7803987800998398,222,24,checkpoint_average
microtubules_map4,resmlp_52head,4,0.8285302896185414,222,24,checkpoint_average
microtubules_map4,multitab_pilot,4,0.8170612777503875,222,24,checkpoint_average
microtubules_map4,midas_ops,4,0.7321021905610117,222,24,checkpoint_average
microtubules_map4,scpair_ops,4,0.817077481445974,222,24,checkpoint_average
lipid_droplet_plin2,ridge,0,0.664543015792985,422,24,checkpoint_average
lipid_droplet_plin2,gbdt,0,0.7293083129567449,422,24,checkpoint_average
lipid_droplet_plin2,catboost_multirmse,0,0.7229034131641473,422,24,checkpoint_average
lipid_droplet_plin2,mlp,0,0.7352220661361022,422,24,checkpoint_average
lipid_droplet_plin2,tabm_specialists,0,0.741330701974651,422,24,checkpoint_average
lipid_droplet_plin2,scbutterfly_ops_b,0,0.71621110056244,422,24,checkpoint_average
lipid_droplet_plin2,resmlp_52head,0,0.7165698907940135,422,24,checkpoint_average
lipid_droplet_plin2,multitab_pilot,0,0.7300848658355732,422,24,checkpoint_average
lipid_droplet_plin2,midas_ops,0,0.5694546296189416,422,24,checkpoint_average
lipid_droplet_plin2,scpair_ops,0,0.7225476675697609,422,24,checkpoint_average
lipid_droplet_plin2,ridge,1,0.6537119154259845,374,24,checkpoint_average
lipid_droplet_plin2,gbdt,1,0.7207177908519983,374,24,checkpoint_average
lipid_droplet_plin2,catboost_multirmse,1,0.7133008552467412,374,24,checkpoint_average
lipid_droplet_plin2,mlp,1,0.711527936473118,374,24,checkpoint_average
lipid_droplet_plin2,tabm_specialists,1,0.7171269941946724,374,24,checkpoint_average
lipid_droplet_plin2,scbutterfly_ops_b,1,0.6987473760170785,374,24,checkpoint_average
lipid_droplet_plin2,resmlp_52head,1,0.718080037556562,374,24,checkpoint_average
lipid_droplet_plin2,multitab_pilot,1,0.7110226181594355,374,24,checkpoint_average
lipid_droplet_plin2,midas_ops,1,0.5680743672185896,374,24,checkpoint_average
lipid_droplet_plin2,scpair_ops,1,0.6931195651230772,374,24,checkpoint_average
lipid_droplet_plin2,ridge,2,0.6398266566492212,366,24,checkpoint_average
lipid_droplet_plin2,gbdt,2,0.6910921889356906,366,24,checkpoint_average
lipid_droplet_plin2,catboost_multirmse,2,0.6741137925408958,366,24,checkpoint_average
lipid_droplet_plin2,mlp,2,0.6661361366140724,366,24,checkpoint_average
lipid_droplet_plin2,tabm_specialists,2,0.7099822931479198,366,24,checkpoint_average
lipid_droplet_plin2,scbutterfly_ops_b,2,0.6664611951365812,366,24,checkpoint_average
lipid_droplet_plin2,resmlp_52head,2,0.6890309977006664,366,24,checkpoint_average
lipid_droplet_plin2,multitab_pilot,2,0.6629478140590755,366,24,checkpoint_average
lipid_droplet_plin2,midas_ops,2,0.5095144338348159,366,24,checkpoint_average
lipid_droplet_plin2,scpair_ops,2,0.6406503203008677,366,24,checkpoint_average
lipid_droplet_plin2,ridge,3,0.6160897559108213,394,24,checkpoint_average
lipid_droplet_plin2,gbdt,3,0.6740138708336278,394,24,checkpoint_average
lipid_droplet_plin2,catboost_multirmse,3,0.6758533909878118,394,24,checkpoint_average
lipid_droplet_plin2,mlp,3,0.6547232798643157,394,24,checkpoint_average
lipid_droplet_plin2,tabm_specialists,3,0.6223620054915568,394,24,checkpoint_average
lipid_droplet_plin2,scbutterfly_ops_b,3,0.6588075184893157,394,24,checkpoint_average
lipid_droplet_plin2,resmlp_52head,3,0.6565833186142085,394,24,checkpoint_average
lipid_droplet_plin2,multitab_pilot,3,0.6711154219146874,394,24,checkpoint_average
lipid_droplet_plin2,midas_ops,3,0.5441283757298061,394,24,checkpoint_average
lipid_droplet_plin2,scpair_ops,3,0.6467566048154424,394,24,checkpoint_average
lipid_droplet_plin2,ridge,4,0.6699894797568264,444,24,checkpoint_average
lipid_droplet_plin2,gbdt,4,0.7330119286000425,444,24,checkpoint_average
lipid_droplet_plin2,catboost_multirmse,4,0.7317295857840374,444,24,checkpoint_average
lipid_droplet_plin2,mlp,4,0.7130793598286115,444,24,checkpoint_average
lipid_droplet_plin2,tabm_specialists,4,0.7298222118827465,444,24,checkpoint_average
lipid_droplet_plin2,scbutterfly_ops_b,4,0.7294751272454961,444,24,checkpoint_average
lipid_droplet_plin2,resmlp_52head,4,0.7001697911619923,444,24,checkpoint_average
lipid_droplet_plin2,multitab_pilot,4,0.7405169148223477,444,24,checkpoint_average
lipid_droplet_plin2,midas_ops,4,0.6248581280075561,444,24,checkpoint_average
lipid_droplet_plin2,scpair_ops,4,0.7101088932886744,444,24,checkpoint_average
cell_proliferation_marker_mki67,ridge,0,0.6688463665760512,422,24,checkpoint_average
cell_proliferation_marker_mki67,gbdt,0,0.7067875840670359,422,24,checkpoint_average
cell_proliferation_marker_mki67,catboost_multirmse,0,0.6914739587631482,422,24,checkpoint_average
cell_proliferation_marker_mki67,mlp,0,0.6886568118307776,422,24,checkpoint_average
cell_proliferation_marker_mki67,tabm_specialists,0,0.7059427429615198,422,24,checkpoint_average
cell_proliferation_marker_mki67,scbutterfly_ops_b,0,0.6204017644700884,422,24,checkpoint_average
cell_proliferation_marker_mki67,resmlp_52head,0,0.6742332445081131,422,24,checkpoint_average
cell_proliferation_marker_mki67,multitab_pilot,0,0.6758329113012747,422,24,checkpoint_average
cell_proliferation_marker_mki67,midas_ops,0,0.5416970637393463,422,24,checkpoint_average
cell_proliferation_marker_mki67,scpair_ops,0,0.6636553217937963,422,24,checkpoint_average
cell_proliferation_marker_mki67,ridge,1,0.6495308085891525,374,24,checkpoint_average
cell_proliferation_marker_mki67,gbdt,1,0.7217506390871993,374,24,checkpoint_average
cell_proliferation_marker_mki67,catboost_multirmse,1,0.6993273074168775,374,24,checkpoint_average
cell_proliferation_marker_mki67,mlp,1,0.7163374898012833,374,24,checkpoint_average
cell_proliferation_marker_mki67,tabm_specialists,1,0.7262796544945882,374,24,checkpoint_average
cell_proliferation_marker_mki67,scbutterfly_ops_b,1,0.6444895910175558,374,24,checkpoint_average
cell_proliferation_marker_mki67,resmlp_52head,1,0.7154101983061968,374,24,checkpoint_average
cell_proliferation_marker_mki67,multitab_pilot,1,0.7046681222283553,374,24,checkpoint_average
cell_proliferation_marker_mki67,midas_ops,1,0.3302155678871555,374,24,checkpoint_average
cell_proliferation_marker_mki67,scpair_ops,1,0.6943804454547196,374,24,checkpoint_average
cell_proliferation_marker_mki67,ridge,2,0.7141210744114218,366,24,checkpoint_average
cell_proliferation_marker_mki67,gbdt,2,0.7658473090047012,366,24,checkpoint_average
cell_proliferation_marker_mki67,catboost_multirmse,2,0.7607792343874026,366,24,checkpoint_average
cell_proliferation_marker_mki67,mlp,2,0.7528455080305371,366,24,checkpoint_average
cell_proliferation_marker_mki67,tabm_specialists,2,0.5529043720829249,366,24,checkpoint_average
cell_proliferation_marker_mki67,scbutterfly_ops_b,2,0.5524006275882833,366,24,checkpoint_average
cell_proliferation_marker_mki67,resmlp_52head,2,0.733121306738143,366,24,checkpoint_average
cell_proliferation_marker_mki67,multitab_pilot,2,0.7447414776688621,366,24,checkpoint_average
cell_proliferation_marker_mki67,midas_ops,2,0.4221227294553091,366,24,checkpoint_average
cell_proliferation_marker_mki67,scpair_ops,2,0.7104779097233455,366,24,checkpoint_average
cell_proliferation_marker_mki67,ridge,3,0.5767906539731787,394,24,checkpoint_average
cell_proliferation_marker_mki67,gbdt,3,0.6407395007483233,394,24,checkpoint_average
cell_proliferation_marker_mki67,catboost_multirmse,3,0.6140844049478058,394,24,checkpoint_average
cell_proliferation_marker_mki67,mlp,3,0.6115561175229952,394,24,checkpoint_average
cell_proliferation_marker_mki67,tabm_specialists,3,0.5452240180377229,394,24,checkpoint_average
cell_proliferation_marker_mki67,scbutterfly_ops_b,3,0.5389857325044278,394,24,checkpoint_average
cell_proliferation_marker_mki67,resmlp_52head,3,0.5841427627161035,394,24,checkpoint_average
cell_proliferation_marker_mki67,multitab_pilot,3,0.5953198195930544,394,24,checkpoint_average
cell_proliferation_marker_mki67,midas_ops,3,0.4948171777533693,394,24,checkpoint_average
cell_proliferation_marker_mki67,scpair_ops,3,0.5938240341163001,394,24,checkpoint_average
cell_proliferation_marker_mki67,ridge,4,0.6501453579158069,444,24,checkpoint_average
cell_proliferation_marker_mki67,gbdt,4,0.7023514533975613,444,24,checkpoint_average
cell_proliferation_marker_mki67,catboost_multirmse,4,0.6917477987496525,444,24,checkpoint_average
cell_proliferation_marker_mki67,mlp,4,0.6879020374838797,444,24,checkpoint_average
cell_proliferation_marker_mki67,tabm_specialists,4,0.6863704618615314,444,24,checkpoint_average
cell_proliferation_marker_mki67,scbutterfly_ops_b,4,0.6064626501325164,444,24,checkpoint_average
cell_proliferation_marker_mki67,resmlp_52head,4,0.6839326769164491,444,24,checkpoint_average
cell_proliferation_marker_mki67,multitab_pilot,4,0.6827236860639784,444,24,checkpoint_average
cell_proliferation_marker_mki67,midas_ops,4,0.3727798822564184,444,24,checkpoint_average
cell_proliferation_marker_mki67,scpair_ops,4,0.6616148008768307,444,24,checkpoint_average
stress_granule_g3bp1,ridge,0,0.9293307453906418,211,24,single
stress_granule_g3bp1,gbdt,0,0.9394886647855676,211,24,single
stress_granule_g3bp1,catboost_multirmse,0,0.9327343249135108,211,24,single
stress_granule_g3bp1,mlp,0,0.9403466919126876,211,24,single
stress_granule_g3bp1,tabm_specialists,0,0.94070048871635,211,24,single
stress_granule_g3bp1,scbutterfly_ops_b,0,0.9190492351878048,211,24,single
stress_granule_g3bp1,resmlp_52head,0,0.9378825532760754,211,24,single
stress_granule_g3bp1,multitab_pilot,0,0.935250988418726,211,24,single
stress_granule_g3bp1,midas_ops,0,0.8856058755983035,211,24,single
stress_granule_g3bp1,scpair_ops,0,0.9351762978089804,211,24,single
stress_granule_g3bp1,ridge,1,0.9231418180744824,187,24,single
stress_granule_g3bp1,gbdt,1,0.9352384594744324,187,24,single
stress_granule_g3bp1,catboost_multirmse,1,0.9279992148270736,187,24,single
stress_granule_g3bp1,mlp,1,0.9339866083356732,187,24,single
stress_granule_g3bp1,tabm_specialists,1,0.9354959585286948,187,24,single
stress_granule_g3bp1,scbutterfly_ops_b,1,0.912778546686548,187,24,single
stress_granule_g3bp1,resmlp_52head,1,0.9327262041085196,187,24,single
stress_granule_g3bp1,multitab_pilot,1,0.9239928773973444,187,24,single
stress_granule_g3bp1,midas_ops,1,0.8515827380479637,187,24,single
stress_granule_g3bp1,scpair_ops,1,0.9296850227474414,187,24,single
stress_granule_g3bp1,ridge,2,0.9097150256925132,183,24,single
stress_granule_g3bp1,gbdt,2,0.9244912983243292,183,24,single
stress_granule_g3bp1,catboost_multirmse,2,0.9174642681928812,183,24,single
stress_granule_g3bp1,mlp,2,0.9251677769844492,183,24,single
stress_granule_g3bp1,tabm_specialists,2,0.9281912421589816,183,24,single
stress_granule_g3bp1,scbutterfly_ops_b,2,0.907110911509862,183,24,single
stress_granule_g3bp1,resmlp_52head,2,0.9255040364892024,183,24,single
stress_granule_g3bp1,multitab_pilot,2,0.919250074098588,183,24,single
stress_granule_g3bp1,midas_ops,2,0.8531365067823767,183,24,single
stress_granule_g3bp1,scpair_ops,2,0.9195518441882208,183,24,single
stress_granule_g3bp1,ridge,3,0.9192320882463384,197,24,single
stress_granule_g3bp1,gbdt,3,0.9304369122147363,197,24,single
stress_granule_g3bp1,catboost_multirmse,3,0.9222613630731432,197,24,single
stress_granule_g3bp1,mlp,3,0.9311565194236878,197,24,single
stress_granule_g3bp1,tabm_specialists,3,0.9322366907774194,197,24,single
stress_granule_g3bp1,scbutterfly_ops_b,3,0.9134867620748568,197,24,single
stress_granule_g3bp1,resmlp_52head,3,0.927194971848232,197,24,single
stress_granule_g3bp1,multitab_pilot,3,0.9230353295781636,197,24,single
stress_granule_g3bp1,midas_ops,3,0.8647162084702188,197,24,single
stress_granule_g3bp1,scpair_ops,3,0.9253820346202224,197,24,single
stress_granule_g3bp1,ridge,4,0.9317316372749428,222,24,single
stress_granule_g3bp1,gbdt,4,0.9392490006936411,222,24,single
stress_granule_g3bp1,catboost_multirmse,4,0.9323929897186982,222,24,single
stress_granule_g3bp1,mlp,4,0.9383417591516268,222,24,single
stress_granule_g3bp1,tabm_specialists,4,0.9400540542175698,222,24,single
stress_granule_g3bp1,scbutterfly_ops_b,4,0.9229038187246532,222,24,single
stress_granule_g3bp1,resmlp_52head,4,0.9385613198548076,222,24,single
stress_granule_g3bp1,multitab_pilot,4,0.9329125169507502,222,24,single
stress_granule_g3bp1,midas_ops,4,0.8792094066298038,222,24,single
stress_granule_g3bp1,scpair_ops,4,0.9350309500226328,222,24,single
lysosome_lysotracker_live-cell_dye,ridge,0,0.9338721773565516,633,24,single
lysosome_lysotracker_live-cell_dye,gbdt,0,0.940448798846118,633,24,single
lysosome_lysotracker_live-cell_dye,catboost_multirmse,0,0.9297015767405148,633,24,single
lysosome_lysotracker_live-cell_dye,mlp,0,0.9429623362165304,633,24,single
lysosome_lysotracker_live-cell_dye,tabm_specialists,0,0.9400815628303064,633,24,single
lysosome_lysotracker_live-cell_dye,scbutterfly_ops_b,0,0.9066567978709174,633,24,single
lysosome_lysotracker_live-cell_dye,resmlp_52head,0,0.929237962423062,633,24,single
lysosome_lysotracker_live-cell_dye,multitab_pilot,0,0.92549103542687,633,24,single
lysosome_lysotracker_live-cell_dye,midas_ops,0,0.8744154345324809,633,24,single
lysosome_lysotracker_live-cell_dye,scpair_ops,0,0.9329499303538844,633,24,single
lysosome_lysotracker_live-cell_dye,ridge,1,0.934135287218961,561,24,single
lysosome_lysotracker_live-cell_dye,gbdt,1,0.9411549274255172,561,24,single
lysosome_lysotracker_live-cell_dye,catboost_multirmse,1,0.9309132915957236,561,24,single
lysosome_lysotracker_live-cell_dye,mlp,1,0.9417078765795,561,24,single
lysosome_lysotracker_live-cell_dye,tabm_specialists,1,0.940870981790367,561,24,single
lysosome_lysotracker_live-cell_dye,scbutterfly_ops_b,1,0.8994053585508626,561,24,single
lysosome_lysotracker_live-cell_dye,resmlp_52head,1,0.9259513541231844,561,24,single
lysosome_lysotracker_live-cell_dye,multitab_pilot,1,0.928006942187047,561,24,single
lysosome_lysotracker_live-cell_dye,midas_ops,1,0.8464179961658194,561,24,single
lysosome_lysotracker_live-cell_dye,scpair_ops,1,0.9291716464907344,561,24,single
lysosome_lysotracker_live-cell_dye,ridge,2,0.923768992417559,549,24,single
lysosome_lysotracker_live-cell_dye,gbdt,2,0.9357886001646816,549,24,single
lysosome_lysotracker_live-cell_dye,catboost_multirmse,2,0.9221502287082144,549,24,single
lysosome_lysotracker_live-cell_dye,mlp,2,0.9311617469880588,549,24,single
lysosome_lysotracker_live-cell_dye,tabm_specialists,2,0.6323023824630032,549,24,single
lysosome_lysotracker_live-cell_dye,scbutterfly_ops_b,2,0.6793566314182314,549,24,single
lysosome_lysotracker_live-cell_dye,resmlp_52head,2,0.912976119999232,549,24,single
lysosome_lysotracker_live-cell_dye,multitab_pilot,2,0.9096148470843448,549,24,single
lysosome_lysotracker_live-cell_dye,midas_ops,2,0.8281783363860299,549,24,single
lysosome_lysotracker_live-cell_dye,scpair_ops,2,0.9196116537871124,549,24,single
lysosome_lysotracker_live-cell_dye,ridge,3,0.9283704094075166,591,24,single
lysosome_lysotracker_live-cell_dye,gbdt,3,0.9332178603155756,591,24,single
lysosome_lysotracker_live-cell_dye,catboost_multirmse,3,0.9246451805408952,591,24,single
lysosome_lysotracker_live-cell_dye,mlp,3,0.9379757519934768,591,24,single
lysosome_lysotracker_live-cell_dye,tabm_specialists,3,0.9407655981432698,591,24,single
lysosome_lysotracker_live-cell_dye,scbutterfly_ops_b,3,0.90717040652074,591,24,single
lysosome_lysotracker_live-cell_dye,resmlp_52head,3,0.9165987569421707,591,24,single
lysosome_lysotracker_live-cell_dye,multitab_pilot,3,0.9130470862244232,591,24,single
lysosome_lysotracker_live-cell_dye,midas_ops,3,0.8374455344122337,591,24,single
lysosome_lysotracker_live-cell_dye,scpair_ops,3,0.9291039146453528,591,24,single
lysosome_lysotracker_live-cell_dye,ridge,4,0.9276616598723272,666,24,single
lysosome_lysotracker_live-cell_dye,gbdt,4,0.935853854211096,666,24,single
lysosome_lysotracker_live-cell_dye,catboost_multirmse,4,0.9276449879450293,666,24,single
lysosome_lysotracker_live-cell_dye,mlp,4,0.94031737897953,666,24,single
lysosome_lysotracker_live-cell_dye,tabm_specialists,4,0.938734754209202,666,24,single
lysosome_lysotracker_live-cell_dye,scbutterfly_ops_b,4,0.9050495701547044,666,24,single
lysosome_lysotracker_live-cell_dye,resmlp_52head,4,0.9285729455654256,666,24,single
lysosome_lysotracker_live-cell_dye,multitab_pilot,4,0.9210596644497876,666,24,single
lysosome_lysotracker_live-cell_dye,midas_ops,4,0.8566719287651856,666,24,single
lysosome_lysotracker_live-cell_dye,scpair_ops,4,0.927952647349767,666,24,single
er_golgi_cop-ii_sec23a,ridge,0,0.9316751098649751,211,24,single
er_golgi_cop-ii_sec23a,gbdt,0,0.943829891382519,211,24,single
er_golgi_cop-ii_sec23a,catboost_multirmse,0,0.9352964149382754,211,24,single
er_golgi_cop-ii_sec23a,mlp,0,0.9453301804223156,211,24,single
er_golgi_cop-ii_sec23a,tabm_specialists,0,0.9409818165218092,211,24,single
er_golgi_cop-ii_sec23a,scbutterfly_ops_b,0,0.8678140559313906,211,24,single
er_golgi_cop-ii_sec23a,resmlp_52head,0,0.9401893283308296,211,24,single
er_golgi_cop-ii_sec23a,multitab_pilot,0,0.9351888532071896,211,24,single
er_golgi_cop-ii_sec23a,midas_ops,0,0.893504894289953,211,24,single
er_golgi_cop-ii_sec23a,scpair_ops,0,0.9312535559652358,211,24,single
er_golgi_cop-ii_sec23a,ridge,1,0.9170009184698924,187,24,single
er_golgi_cop-ii_sec23a,gbdt,1,0.9284846470729684,187,24,single
er_golgi_cop-ii_sec23a,catboost_multirmse,1,0.9188263695121656,187,24,single
er_golgi_cop-ii_sec23a,mlp,1,0.9297530659302686,187,24,single
er_golgi_cop-ii_sec23a,tabm_specialists,1,0.9250143381706176,187,24,single
er_golgi_cop-ii_sec23a,scbutterfly_ops_b,1,0.79653582548069,187,24,single
er_golgi_cop-ii_sec23a,resmlp_52head,1,0.921700781575346,187,24,single
er_golgi_cop-ii_sec23a,multitab_pilot,1,0.9203843612997484,187,24,single
er_golgi_cop-ii_sec23a,midas_ops,1,0.7893265292486064,187,24,single
er_golgi_cop-ii_sec23a,scpair_ops,1,0.9064396297485112,187,24,single
er_golgi_cop-ii_sec23a,ridge,2,0.9145047358653428,183,24,single
er_golgi_cop-ii_sec23a,gbdt,2,0.9246534366738284,183,24,single
er_golgi_cop-ii_sec23a,catboost_multirmse,2,0.9130923225855088,183,24,single
er_golgi_cop-ii_sec23a,mlp,2,0.9287218286177762,183,24,single
er_golgi_cop-ii_sec23a,tabm_specialists,2,0.9245279833492264,183,24,single
er_golgi_cop-ii_sec23a,scbutterfly_ops_b,2,0.7876664836367931,183,24,single
er_golgi_cop-ii_sec23a,resmlp_52head,2,0.9189136465519772,183,24,single
er_golgi_cop-ii_sec23a,multitab_pilot,2,0.9154224296866268,183,24,single
er_golgi_cop-ii_sec23a,midas_ops,2,0.7558038692900282,183,24,single
er_golgi_cop-ii_sec23a,scpair_ops,2,0.9074073769106054,183,24,single
er_golgi_cop-ii_sec23a,ridge,3,0.9278935181287672,197,24,single
er_golgi_cop-ii_sec23a,gbdt,3,0.9333798785980694,197,24,single
er_golgi_cop-ii_sec23a,catboost_multirmse,3,0.9231338192006638,197,24,single
er_golgi_cop-ii_sec23a,mlp,3,0.9369964791391316,197,24,single
er_golgi_cop-ii_sec23a,tabm_specialists,3,0.9380232495201348,197,24,single
er_golgi_cop-ii_sec23a,scbutterfly_ops_b,3,0.7860016791007732,197,24,single
er_golgi_cop-ii_sec23a,resmlp_52head,3,0.9305899996854632,197,24,single
er_golgi_cop-ii_sec23a,multitab_pilot,3,0.925375445438832,197,24,single
er_golgi_cop-ii_sec23a,midas_ops,3,0.8566229419396088,197,24,single
er_golgi_cop-ii_sec23a,scpair_ops,3,0.9210736035162992,197,24,single
er_golgi_cop-ii_sec23a,ridge,4,0.9265579311561228,222,24,single
er_golgi_cop-ii_sec23a,gbdt,4,0.9402101487898196,222,24,single
er_golgi_cop-ii_sec23a,catboost_multirmse,4,0.9289816028136932,222,24,single
er_golgi_cop-ii_sec23a,mlp,4,0.9429616616146604,222,24,single
er_golgi_cop-ii_sec23a,tabm_specialists,4,0.9400192482767974,222,24,single
er_golgi_cop-ii_sec23a,scbutterfly_ops_b,4,0.8570607384858177,222,24,single
er_golgi_cop-ii_sec23a,resmlp_52head,4,0.9395517660654696,222,24,single
er_golgi_cop-ii_sec23a,multitab_pilot,4,0.932313014185997,222,24,single
er_golgi_cop-ii_sec23a,midas_ops,4,0.8182167981079634,222,24,single
er_golgi_cop-ii_sec23a,scpair_ops,4,0.9284668484098716,222,24,single
early_endosome_eea1,ridge,0,0.9133379682046642,211,24,single
early_endosome_eea1,gbdt,0,0.9233407708285092,211,24,single
early_endosome_eea1,catboost_multirmse,0,0.9148764650635852,211,24,single
early_endosome_eea1,mlp,0,0.9252537147010332,211,24,single
early_endosome_eea1,tabm_specialists,0,0.9190004581445664,211,24,single
early_endosome_eea1,scbutterfly_ops_b,0,0.813683236602006,211,24,single
early_endosome_eea1,resmlp_52head,0,0.9156675290211228,211,24,single
early_endosome_eea1,multitab_pilot,0,0.9150630034261652,211,24,single
early_endosome_eea1,midas_ops,0,0.8679285499033708,211,24,single
early_endosome_eea1,scpair_ops,0,0.9107909874219036,211,24,single
early_endosome_eea1,ridge,1,0.9054227923343544,187,24,single
early_endosome_eea1,gbdt,1,0.9156700821717468,187,24,single
early_endosome_eea1,catboost_multirmse,1,0.913194384022178,187,24,single
early_endosome_eea1,mlp,1,0.9184141880389324,187,24,single
early_endosome_eea1,tabm_specialists,1,0.9137201962562423,187,24,single
early_endosome_eea1,scbutterfly_ops_b,1,0.7376028880256985,187,24,single
early_endosome_eea1,resmlp_52head,1,0.9084451384186986,187,24,single
early_endosome_eea1,multitab_pilot,1,0.9123652241071272,187,24,single
early_endosome_eea1,midas_ops,1,0.8338056449630807,187,24,single
early_endosome_eea1,scpair_ops,1,0.903897902971122,187,24,single
early_endosome_eea1,ridge,2,0.9163318464916178,183,24,single
early_endosome_eea1,gbdt,2,0.9306922245298382,183,24,single
early_endosome_eea1,catboost_multirmse,2,0.9274535824899268,183,24,single
early_endosome_eea1,mlp,2,0.9317652106010345,183,24,single
early_endosome_eea1,tabm_specialists,2,0.929784420345483,183,24,single
early_endosome_eea1,scbutterfly_ops_b,2,0.8371366967040945,183,24,single
early_endosome_eea1,resmlp_52head,2,0.923618440720776,183,24,single
early_endosome_eea1,multitab_pilot,2,0.9257437071500968,183,24,single
early_endosome_eea1,midas_ops,2,0.8693414230230413,183,24,single
early_endosome_eea1,scpair_ops,2,0.9184929333213252,183,24,single
early_endosome_eea1,ridge,3,0.9235497189528228,197,24,single
early_endosome_eea1,gbdt,3,0.9351740310938093,197,24,single
early_endosome_eea1,catboost_multirmse,3,0.9319344746517378,197,24,single
early_endosome_eea1,mlp,3,0.9373307925945225,197,24,single
early_endosome_eea1,tabm_specialists,3,0.9331911586306564,197,24,single
early_endosome_eea1,scbutterfly_ops_b,3,0.8293603280001026,197,24,single
early_endosome_eea1,resmlp_52head,3,0.9253567431837756,197,24,single
early_endosome_eea1,multitab_pilot,3,0.9295597506486863,197,24,single
early_endosome_eea1,midas_ops,3,0.8756134034414153,197,24,single
early_endosome_eea1,scpair_ops,3,0.9223239315832252,197,24,single
early_endosome_eea1,ridge,4,0.9165006220965962,222,24,single
early_endosome_eea1,gbdt,4,0.925221881717452,222,24,single
early_endosome_eea1,catboost_multirmse,4,0.9192799748680452,222,24,single
early_endosome_eea1,mlp,4,0.9262856753349712,222,24,single
early_endosome_eea1,tabm_specialists,4,0.924917234664254,222,24,single
early_endosome_eea1,scbutterfly_ops_b,4,0.8290528281925811,222,24,single
early_endosome_eea1,resmlp_52head,4,0.9189389586320366,222,24,single
early_endosome_eea1,multitab_pilot,4,0.9177429912825852,222,24,single
early_endosome_eea1,midas_ops,4,0.8473302379866597,222,24,single
early_endosome_eea1,scpair_ops,4,0.9166175464746872,222,24,single
lipid_droplet_bodipy_live_cell_dye,ridge,0,0.9182524963034264,422,24,single
lipid_droplet_bodipy_live_cell_dye,gbdt,0,0.930864842197296,422,24,single
lipid_droplet_bodipy_live_cell_dye,catboost_multirmse,0,0.9188344513348076,422,24,single
lipid_droplet_bodipy_live_cell_dye,mlp,0,0.9330668238766392,422,24,single
lipid_droplet_bodipy_live_cell_dye,tabm_specialists,0,0.9304863704000368,422,24,single
lipid_droplet_bodipy_live_cell_dye,scbutterfly_ops_b,0,0.8394775534951058,422,24,single
lipid_droplet_bodipy_live_cell_dye,resmlp_52head,0,0.9231428900480516,422,24,single
lipid_droplet_bodipy_live_cell_dye,multitab_pilot,0,0.9136107784300694,422,24,single
lipid_droplet_bodipy_live_cell_dye,midas_ops,0,0.8150604517906119,422,24,single
lipid_droplet_bodipy_live_cell_dye,scpair_ops,0,0.9216269969911092,422,24,single
lipid_droplet_bodipy_live_cell_dye,ridge,1,0.9035791124533198,374,24,single
lipid_droplet_bodipy_live_cell_dye,gbdt,1,0.9128457444555006,374,24,single
lipid_droplet_bodipy_live_cell_dye,catboost_multirmse,1,0.9011282057379184,374,24,single
lipid_droplet_bodipy_live_cell_dye,mlp,1,0.9193506242023576,374,24,single
lipid_droplet_bodipy_live_cell_dye,tabm_specialists,1,0.9113701921898656,374,24,single
lipid_droplet_bodipy_live_cell_dye,scbutterfly_ops_b,1,0.8052840601051856,374,24,single
lipid_droplet_bodipy_live_cell_dye,resmlp_52head,1,0.9066222797800112,374,24,single
lipid_droplet_bodipy_live_cell_dye,multitab_pilot,1,0.8975432025383815,374,24,single
lipid_droplet_bodipy_live_cell_dye,midas_ops,1,0.7755621810375382,374,24,single
lipid_droplet_bodipy_live_cell_dye,scpair_ops,1,0.9041195207597932,374,24,single
lipid_droplet_bodipy_live_cell_dye,ridge,2,0.9107863670582308,366,24,single
lipid_droplet_bodipy_live_cell_dye,gbdt,2,0.9275142938143084,366,24,single
lipid_droplet_bodipy_live_cell_dye,catboost_multirmse,2,0.9166758539262916,366,24,single
lipid_droplet_bodipy_live_cell_dye,mlp,2,0.9301863323912318,366,24,single
lipid_droplet_bodipy_live_cell_dye,tabm_specialists,2,0.931458336132406,366,24,single
lipid_droplet_bodipy_live_cell_dye,scbutterfly_ops_b,2,0.8288665785703762,366,24,single
lipid_droplet_bodipy_live_cell_dye,resmlp_52head,2,0.9209078526664732,366,24,single
lipid_droplet_bodipy_live_cell_dye,multitab_pilot,2,0.9132767461291268,366,24,single
lipid_droplet_bodipy_live_cell_dye,midas_ops,2,0.7812806651402914,366,24,single
lipid_droplet_bodipy_live_cell_dye,scpair_ops,2,0.9200155631610332,366,24,single
lipid_droplet_bodipy_live_cell_dye,ridge,3,0.9130626039608069,394,24,single
lipid_droplet_bodipy_live_cell_dye,gbdt,3,0.925565720830088,394,24,single
lipid_droplet_bodipy_live_cell_dye,catboost_multirmse,3,0.9127762366010608,394,24,single
lipid_droplet_bodipy_live_cell_dye,mlp,3,0.9282133164416272,394,24,single
lipid_droplet_bodipy_live_cell_dye,tabm_specialists,3,0.9275688594575198,394,24,single
lipid_droplet_bodipy_live_cell_dye,scbutterfly_ops_b,3,0.8386562571966657,394,24,single
lipid_droplet_bodipy_live_cell_dye,resmlp_52head,3,0.9198998306396806,394,24,single
lipid_droplet_bodipy_live_cell_dye,multitab_pilot,3,0.9063106324046136,394,24,single
lipid_droplet_bodipy_live_cell_dye,midas_ops,3,0.804566664442614,394,24,single
lipid_droplet_bodipy_live_cell_dye,scpair_ops,3,0.9145744115446096,394,24,single
lipid_droplet_bodipy_live_cell_dye,ridge,4,0.917193675071486,444,24,single
lipid_droplet_bodipy_live_cell_dye,gbdt,4,0.9291043601654358,444,24,single
lipid_droplet_bodipy_live_cell_dye,catboost_multirmse,4,0.9171327133977176,444,24,single
lipid_droplet_bodipy_live_cell_dye,mlp,4,0.933102998126567,444,24,single
lipid_droplet_bodipy_live_cell_dye,tabm_specialists,4,0.9328213558827264,444,24,single
lipid_droplet_bodipy_live_cell_dye,scbutterfly_ops_b,4,0.848761850899964,444,24,single
lipid_droplet_bodipy_live_cell_dye,resmlp_52head,4,0.9260177465087356,444,24,single
lipid_droplet_bodipy_live_cell_dye,multitab_pilot,4,0.9175816430822326,444,24,single
lipid_droplet_bodipy_live_cell_dye,midas_ops,4,0.8173213163928154,444,24,single
lipid_droplet_bodipy_live_cell_dye,scpair_ops,4,0.9216191203913596,444,24,single
late_endosome_rab7a,ridge,0,0.9027076991432008,422,24,single
late_endosome_rab7a,gbdt,0,0.9209696026479284,422,24,single
late_endosome_rab7a,catboost_multirmse,0,0.9098655221849216,422,24,single
late_endosome_rab7a,mlp,0,0.9242462510599966,422,24,single
late_endosome_rab7a,tabm_specialists,0,0.9195612998956024,422,24,single
late_endosome_rab7a,scbutterfly_ops_b,0,0.867667662127641,422,24,single
late_endosome_rab7a,resmlp_52head,0,0.9168562264659867,422,24,single
late_endosome_rab7a,multitab_pilot,0,0.9126468430787064,422,24,single
late_endosome_rab7a,midas_ops,0,0.8063494612176617,422,24,single
late_endosome_rab7a,scpair_ops,0,0.909980056714177,422,24,single
late_endosome_rab7a,ridge,1,0.902054396245728,374,24,single
late_endosome_rab7a,gbdt,1,0.9237657988953109,374,24,single
late_endosome_rab7a,catboost_multirmse,1,0.9146299457504766,374,24,single
late_endosome_rab7a,mlp,1,0.9225405544481856,374,24,single
late_endosome_rab7a,tabm_specialists,1,0.9229077022637432,374,24,single
late_endosome_rab7a,scbutterfly_ops_b,1,0.8627184541730757,374,24,single
late_endosome_rab7a,resmlp_52head,1,0.9172795245277866,374,24,single
late_endosome_rab7a,multitab_pilot,1,0.9156348502760012,374,24,single
late_endosome_rab7a,midas_ops,1,0.8170876887764217,374,24,single
late_endosome_rab7a,scpair_ops,1,0.9117294028764608,374,24,single
late_endosome_rab7a,ridge,2,0.9053036335720286,366,24,single
late_endosome_rab7a,gbdt,2,0.9184707379251046,366,24,single
late_endosome_rab7a,catboost_multirmse,2,0.9107997785714608,366,24,single
late_endosome_rab7a,mlp,2,0.9230259342214984,366,24,single
late_endosome_rab7a,tabm_specialists,2,0.9212085722481425,366,24,single
late_endosome_rab7a,scbutterfly_ops_b,2,0.8604776881582623,366,24,single
late_endosome_rab7a,resmlp_52head,2,0.9168360485240756,366,24,single
late_endosome_rab7a,multitab_pilot,2,0.909056725785212,366,24,single
late_endosome_rab7a,midas_ops,2,0.7723049278253294,366,24,single
late_endosome_rab7a,scpair_ops,2,0.9067372980020216,366,24,single
late_endosome_rab7a,ridge,3,0.8974152803861037,394,24,single
late_endosome_rab7a,gbdt,3,0.9186911404843526,394,24,single
late_endosome_rab7a,catboost_multirmse,3,0.9058441369451156,394,24,single
late_endosome_rab7a,mlp,3,0.9176666601445498,394,24,single
late_endosome_rab7a,tabm_specialists,3,0.8861168309428479,394,24,single
late_endosome_rab7a,scbutterfly_ops_b,3,0.8484642180834335,394,24,single
late_endosome_rab7a,resmlp_52head,3,0.912839982362413,394,24,single
late_endosome_rab7a,multitab_pilot,3,0.905779539621304,394,24,single
late_endosome_rab7a,midas_ops,3,0.8027108715345319,394,24,single
late_endosome_rab7a,scpair_ops,3,0.904307525625604,394,24,single
late_endosome_rab7a,ridge,4,0.9174030700929344,444,24,single
late_endosome_rab7a,gbdt,4,0.927004846530927,444,24,single
late_endosome_rab7a,catboost_multirmse,4,0.9165133313628664,444,24,single
late_endosome_rab7a,mlp,4,0.9298399657212468,444,24,single
late_endosome_rab7a,tabm_specialists,4,0.4418744812658686,444,24,single
late_endosome_rab7a,scbutterfly_ops_b,4,0.7876623146285081,444,24,single
late_endosome_rab7a,resmlp_52head,4,0.9248022465241756,444,24,single
late_endosome_rab7a,multitab_pilot,4,0.9175919000805692,444,24,single
late_endosome_rab7a,midas_ops,4,0.7809557781425894,444,24,single
late_endosome_rab7a,scpair_ops,4,0.9151320556052632,444,24,single
actin_filament_fastact_spy555_live_cell_dye,ridge,0,0.9078260972673058,1055,24,single
actin_filament_fastact_spy555_live_cell_dye,gbdt,0,0.9269693897846776,1055,24,single
actin_filament_fastact_spy555_live_cell_dye,catboost_multirmse,0,0.9108466036524396,1055,24,single
actin_filament_fastact_spy555_live_cell_dye,mlp,0,0.9292860225979952,1055,24,single
actin_filament_fastact_spy555_live_cell_dye,tabm_specialists,0,0.9235515415314364,1055,24,single
actin_filament_fastact_spy555_live_cell_dye,scbutterfly_ops_b,0,0.8992413189958407,1055,24,single
actin_filament_fastact_spy555_live_cell_dye,resmlp_52head,0,0.9199238500353236,1055,24,single
actin_filament_fastact_spy555_live_cell_dye,multitab_pilot,0,0.910160889704393,1055,24,single
actin_filament_fastact_spy555_live_cell_dye,midas_ops,0,0.8517467480240081,1055,24,single
actin_filament_fastact_spy555_live_cell_dye,scpair_ops,0,0.9136102154747018,1055,24,single
actin_filament_fastact_spy555_live_cell_dye,ridge,1,0.904430964425514,935,24,single
actin_filament_fastact_spy555_live_cell_dye,gbdt,1,0.9240949679604974,935,24,single
actin_filament_fastact_spy555_live_cell_dye,catboost_multirmse,1,0.9128373759572126,935,24,single
actin_filament_fastact_spy555_live_cell_dye,mlp,1,0.9258061529358388,935,24,single
actin_filament_fastact_spy555_live_cell_dye,tabm_specialists,1,0.903496777641525,935,24,single
actin_filament_fastact_spy555_live_cell_dye,scbutterfly_ops_b,1,0.8874621560161584,935,24,single
actin_filament_fastact_spy555_live_cell_dye,resmlp_52head,1,0.9166192351733264,935,24,single
actin_filament_fastact_spy555_live_cell_dye,multitab_pilot,1,0.9101546877354902,935,24,single
actin_filament_fastact_spy555_live_cell_dye,midas_ops,1,0.7870031290086997,935,24,single
actin_filament_fastact_spy555_live_cell_dye,scpair_ops,1,0.9117220362104126,935,24,single
actin_filament_fastact_spy555_live_cell_dye,ridge,2,0.900570563238969,915,24,single
actin_filament_fastact_spy555_live_cell_dye,gbdt,2,0.9197811761663738,915,24,single
actin_filament_fastact_spy555_live_cell_dye,catboost_multirmse,2,0.9060715593973822,915,24,single
actin_filament_fastact_spy555_live_cell_dye,mlp,2,0.921389869000596,915,24,single
actin_filament_fastact_spy555_live_cell_dye,tabm_specialists,2,0.919889848517708,915,24,single
actin_filament_fastact_spy555_live_cell_dye,scbutterfly_ops_b,2,0.8864968059211016,915,24,single
actin_filament_fastact_spy555_live_cell_dye,resmlp_52head,2,0.9101344210460806,915,24,single
actin_filament_fastact_spy555_live_cell_dye,multitab_pilot,2,0.9030249729063722,915,24,single
actin_filament_fastact_spy555_live_cell_dye,midas_ops,2,0.7595526810449242,915,24,single
actin_filament_fastact_spy555_live_cell_dye,scpair_ops,2,0.9070393742447392,915,24,single
actin_filament_fastact_spy555_live_cell_dye,ridge,3,0.9017300087203198,985,24,single
actin_filament_fastact_spy555_live_cell_dye,gbdt,3,0.921671055101458,985,24,single
actin_filament_fastact_spy555_live_cell_dye,catboost_multirmse,3,0.9076212215191124,985,24,single
actin_filament_fastact_spy555_live_cell_dye,mlp,3,0.9221213997746112,985,24,single
actin_filament_fastact_spy555_live_cell_dye,tabm_specialists,3,0.9204457635163332,985,24,single
actin_filament_fastact_spy555_live_cell_dye,scbutterfly_ops_b,3,0.8940247441519112,985,24,single
actin_filament_fastact_spy555_live_cell_dye,resmlp_52head,3,0.9158447911729348,985,24,single
actin_filament_fastact_spy555_live_cell_dye,multitab_pilot,3,0.9058557761974678,985,24,single
actin_filament_fastact_spy555_live_cell_dye,midas_ops,3,0.8559378603655361,985,24,single
actin_filament_fastact_spy555_live_cell_dye,scpair_ops,3,0.9082971948732174,985,24,single
actin_filament_fastact_spy555_live_cell_dye,ridge,4,0.9046855815716178,1110,24,single
actin_filament_fastact_spy555_live_cell_dye,gbdt,4,0.91991073520507,1110,24,single
actin_filament_fastact_spy555_live_cell_dye,catboost_multirmse,4,0.907380148265822,1110,24,single
actin_filament_fastact_spy555_live_cell_dye,mlp,4,0.9231506336788894,1110,24,single
actin_filament_fastact_spy555_live_cell_dye,tabm_specialists,4,0.9226077524466932,1110,24,single
actin_filament_fastact_spy555_live_cell_dye,scbutterfly_ops_b,4,0.8893561824302418,1110,24,single
actin_filament_fastact_spy555_live_cell_dye,resmlp_52head,4,0.9149833070438816,1110,24,single
actin_filament_fastact_spy555_live_cell_dye,multitab_pilot,4,0.9045999647962568,1110,24,single
actin_filament_fastact_spy555_live_cell_dye,midas_ops,4,0.7796655565620124,1110,24,single
actin_filament_fastact_spy555_live_cell_dye,scpair_ops,4,0.910938485244763,1110,24,single
plasma_membrane_slc3a2,ridge,0,0.920024757962492,422,24,single
plasma_membrane_slc3a2,gbdt,0,0.9245759923246204,422,24,single
plasma_membrane_slc3a2,catboost_multirmse,0,0.9212790328068028,422,24,single
plasma_membrane_slc3a2,mlp,0,0.9233405741948248,422,24,single
plasma_membrane_slc3a2,tabm_specialists,0,0.9257428929408462,422,24,single
plasma_membrane_slc3a2,scbutterfly_ops_b,0,0.912619628786615,422,24,single
plasma_membrane_slc3a2,resmlp_52head,0,0.9229590878822844,422,24,single
plasma_membrane_slc3a2,multitab_pilot,0,0.9197403936388724,422,24,single
plasma_membrane_slc3a2,midas_ops,0,0.8908847142303161,422,24,single
plasma_membrane_slc3a2,scpair_ops,0,0.9195568234774424,422,24,single
plasma_membrane_slc3a2,ridge,1,0.8905810785208056,374,24,single
plasma_membrane_slc3a2,gbdt,1,0.8968327328022497,374,24,single
plasma_membrane_slc3a2,catboost_multirmse,1,0.8899079239380123,374,24,single
plasma_membrane_slc3a2,mlp,1,0.8961976213913249,374,24,single
plasma_membrane_slc3a2,tabm_specialists,1,0.8988721724293726,374,24,single
plasma_membrane_slc3a2,scbutterfly_ops_b,1,0.8829488720313791,374,24,single
plasma_membrane_slc3a2,resmlp_52head,1,0.8960092568390476,374,24,single
plasma_membrane_slc3a2,multitab_pilot,1,0.8933070615668518,374,24,single
plasma_membrane_slc3a2,midas_ops,1,0.8402693208017206,374,24,single
plasma_membrane_slc3a2,scpair_ops,1,0.8919842524388687,374,24,single
plasma_membrane_slc3a2,ridge,2,0.9074621338382192,366,24,single
plasma_membrane_slc3a2,gbdt,2,0.9099373572874576,366,24,single
plasma_membrane_slc3a2,catboost_multirmse,2,0.9043656303568928,366,24,single
plasma_membrane_slc3a2,mlp,2,0.9115213137424018,366,24,single
plasma_membrane_slc3a2,tabm_specialists,2,0.9129644460627788,366,24,single
plasma_membrane_slc3a2,scbutterfly_ops_b,2,0.8981267911124741,366,24,single
plasma_membrane_slc3a2,resmlp_52head,2,0.9127087359490448,366,24,single
plasma_membrane_slc3a2,multitab_pilot,2,0.9047601473670436,366,24,single
plasma_membrane_slc3a2,midas_ops,2,0.8722641139598087,366,24,single
plasma_membrane_slc3a2,scpair_ops,2,0.9048039198910176,366,24,single
plasma_membrane_slc3a2,ridge,3,0.8860727255576558,394,24,single
plasma_membrane_slc3a2,gbdt,3,0.8959702899254068,394,24,single
plasma_membrane_slc3a2,catboost_multirmse,3,0.8905675459931764,394,24,single
plasma_membrane_slc3a2,mlp,3,0.8942972105717453,394,24,single
plasma_membrane_slc3a2,tabm_specialists,3,0.900985666954103,394,24,single
plasma_membrane_slc3a2,scbutterfly_ops_b,3,0.8816979400749124,394,24,single
plasma_membrane_slc3a2,resmlp_52head,3,0.8958472103408105,394,24,single
plasma_membrane_slc3a2,multitab_pilot,3,0.8908367082842119,394,24,single
plasma_membrane_slc3a2,midas_ops,3,0.855665444756176,394,24,single
plasma_membrane_slc3a2,scpair_ops,3,0.8893144129893741,394,24,single
plasma_membrane_slc3a2,ridge,4,0.9288253979432358,444,24,single
plasma_membrane_slc3a2,gbdt,4,0.9345268097241451,444,24,single
plasma_membrane_slc3a2,catboost_multirmse,4,0.9290962056803934,444,24,single
plasma_membrane_slc3a2,mlp,4,0.9340031593759986,444,24,single
plasma_membrane_slc3a2,tabm_specialists,4,0.9357185143602432,444,24,single
plasma_membrane_slc3a2,scbutterfly_ops_b,4,0.9227212921762664,444,24,single
plasma_membrane_slc3a2,resmlp_52head,4,0.9327663534276416,444,24,single
plasma_membrane_slc3a2,multitab_pilot,4,0.9295052066322974,444,24,single
plasma_membrane_slc3a2,midas_ops,4,0.885678080086136,444,24,single
plasma_membrane_slc3a2,scpair_ops,4,0.9280639829352788,444,24,single
clathrin_vesicles_clta,ridge,0,0.90376315901818,422,24,single
clathrin_vesicles_clta,gbdt,0,0.918553296446684,422,24,single
clathrin_vesicles_clta,catboost_multirmse,0,0.9085317248034604,422,24,single
clathrin_vesicles_clta,mlp,0,0.9210118647476973,422,24,single
clathrin_vesicles_clta,tabm_specialists,0,0.9165274061010252,422,24,single
clathrin_vesicles_clta,scbutterfly_ops_b,0,0.8324989233432426,422,24,single
clathrin_vesicles_clta,resmlp_52head,0,0.9124548708260268,422,24,single
clathrin_vesicles_clta,multitab_pilot,0,0.9108253547837108,422,24,single
clathrin_vesicles_clta,midas_ops,0,0.8343296814913952,422,24,single
clathrin_vesicles_clta,scpair_ops,0,0.9089684669956224,422,24,single
clathrin_vesicles_clta,ridge,1,0.8976051238619475,374,24,single
clathrin_vesicles_clta,gbdt,1,0.9121104648358176,374,24,single
clathrin_vesicles_clta,catboost_multirmse,1,0.8983590397890961,374,24,single
clathrin_vesicles_clta,mlp,1,0.9169679815304432,374,24,single
clathrin_vesicles_clta,tabm_specialists,1,0.9097029449714564,374,24,single
clathrin_vesicles_clta,scbutterfly_ops_b,1,0.7781964065571918,374,24,single
clathrin_vesicles_clta,resmlp_52head,1,0.9019036754027292,374,24,single
clathrin_vesicles_clta,multitab_pilot,1,0.9041234448772424,374,24,single
clathrin_vesicles_clta,midas_ops,1,0.7472603382847588,374,24,single
clathrin_vesicles_clta,scpair_ops,1,0.8968168702578162,374,24,single
clathrin_vesicles_clta,ridge,2,0.8976412419996328,366,24,single
clathrin_vesicles_clta,gbdt,2,0.9157034679110762,366,24,single
clathrin_vesicles_clta,catboost_multirmse,2,0.9007808069924866,366,24,single
clathrin_vesicles_clta,mlp,2,0.9173340308656877,366,24,single
clathrin_vesicles_clta,tabm_specialists,2,0.9166288206152712,366,24,single
clathrin_vesicles_clta,scbutterfly_ops_b,2,0.8139004912760583,366,24,single
clathrin_vesicles_clta,resmlp_52head,2,0.9067664517328372,366,24,single
clathrin_vesicles_clta,multitab_pilot,2,0.902627782998858,366,24,single
clathrin_vesicles_clta,midas_ops,2,0.7104044990893771,366,24,single
clathrin_vesicles_clta,scpair_ops,2,0.898252512718834,366,24,single
clathrin_vesicles_clta,ridge,3,0.8976863753017383,394,24,single
clathrin_vesicles_clta,gbdt,3,0.911124076840856,394,24,single
clathrin_vesicles_clta,catboost_multirmse,3,0.8985952571145072,394,24,single
clathrin_vesicles_clta,mlp,3,0.913539992570322,394,24,single
clathrin_vesicles_clta,tabm_specialists,3,0.9129959369201672,394,24,single
clathrin_vesicles_clta,scbutterfly_ops_b,3,0.8221967642591723,394,24,single
clathrin_vesicles_clta,resmlp_52head,3,0.9063974995877097,394,24,single
clathrin_vesicles_clta,multitab_pilot,3,0.9044502811723666,394,24,single
clathrin_vesicles_clta,midas_ops,3,0.7857678411170106,394,24,single
clathrin_vesicles_clta,scpair_ops,3,0.8987581186228417,394,24,single
clathrin_vesicles_clta,ridge,4,0.9155246315572474,444,24,single
clathrin_vesicles_clta,gbdt,4,0.9287088482912604,444,24,single
clathrin_vesicles_clta,catboost_multirmse,4,0.918969758765163,444,24,single
clathrin_vesicles_clta,mlp,4,0.9311358357719112,444,24,single
clathrin_vesicles_clta,tabm_specialists,4,0.9295281363287672,444,24,single
clathrin_vesicles_clta,scbutterfly_ops_b,4,0.8421898295682064,444,24,single
clathrin_vesicles_clta,resmlp_52head,4,0.9243910444968994,444,24,single
clathrin_vesicles_clta,multitab_pilot,4,0.9195090442503138,444,24,single
clathrin_vesicles_clta,midas_ops,4,0.754611725901845,444,24,single
clathrin_vesicles_clta,scpair_ops,4,0.9165119520795788,444,24,single
autophagosome_map1lc3b,ridge,0,0.8777559918032729,633,24,single
autophagosome_map1lc3b,gbdt,0,0.9135287104289188,633,24,single
autophagosome_map1lc3b,catboost_multirmse,0,0.9049654249981072,633,24,single
autophagosome_map1lc3b,mlp,0,0.9120460854061312,633,24,single
autophagosome_map1lc3b,tabm_specialists,0,0.9058382514265396,633,24,single
autophagosome_map1lc3b,scbutterfly_ops_b,0,0.8271526169759557,633,24,single
autophagosome_map1lc3b,resmlp_52head,0,0.9078812340464576,633,24,single
autophagosome_map1lc3b,multitab_pilot,0,0.8998093406448553,633,24,single
autophagosome_map1lc3b,midas_ops,0,0.8258097162417313,633,24,single
autophagosome_map1lc3b,scpair_ops,0,0.8948386546809505,633,24,single
autophagosome_map1lc3b,ridge,1,0.8590626846982614,561,24,single
autophagosome_map1lc3b,gbdt,1,0.8945105904355146,561,24,single
autophagosome_map1lc3b,catboost_multirmse,1,0.8846817247795876,561,24,single
autophagosome_map1lc3b,mlp,1,0.8979311080994025,561,24,single
autophagosome_map1lc3b,tabm_specialists,1,0.8887571334434442,561,24,single
autophagosome_map1lc3b,scbutterfly_ops_b,1,0.681043760572185,561,24,single
autophagosome_map1lc3b,resmlp_52head,1,0.8892010761784666,561,24,single
autophagosome_map1lc3b,multitab_pilot,1,0.8815571464851161,561,24,single
autophagosome_map1lc3b,midas_ops,1,0.6690075509003665,561,24,single
autophagosome_map1lc3b,scpair_ops,1,0.8755392950830156,561,24,single
autophagosome_map1lc3b,ridge,2,0.8701218967443545,549,24,single
autophagosome_map1lc3b,gbdt,2,0.8961384460712253,549,24,single
autophagosome_map1lc3b,catboost_multirmse,2,0.8851252375151347,549,24,single
autophagosome_map1lc3b,mlp,2,0.8942970753055013,549,24,single
autophagosome_map1lc3b,tabm_specialists,2,0.892323485759079,549,24,single
autophagosome_map1lc3b,scbutterfly_ops_b,2,0.816316857157832,549,24,single
autophagosome_map1lc3b,resmlp_52head,2,0.8902390142170301,549,24,single
autophagosome_map1lc3b,multitab_pilot,2,0.8822024536567223,549,24,single
autophagosome_map1lc3b,midas_ops,2,0.7013731068558385,549,24,single
autophagosome_map1lc3b,scpair_ops,2,0.8773480778012761,549,24,single
autophagosome_map1lc3b,ridge,3,0.8715557442514629,591,24,single
autophagosome_map1lc3b,gbdt,3,0.905080955335498,591,24,single
autophagosome_map1lc3b,catboost_multirmse,3,0.89464502627653,591,24,single
autophagosome_map1lc3b,mlp,3,0.9047427657740498,591,24,single
autophagosome_map1lc3b,tabm_specialists,3,0.8699554025750875,591,24,single
autophagosome_map1lc3b,scbutterfly_ops_b,3,0.8411118657629982,591,24,single
autophagosome_map1lc3b,resmlp_52head,3,0.8920136115324383,591,24,single
autophagosome_map1lc3b,multitab_pilot,3,0.8924471076954842,591,24,single
autophagosome_map1lc3b,midas_ops,3,0.8154354846060176,591,24,single
autophagosome_map1lc3b,scpair_ops,3,0.8918347821003557,591,24,single
autophagosome_map1lc3b,ridge,4,0.8789021040979149,666,24,single
autophagosome_map1lc3b,gbdt,4,0.9179806550976276,666,24,single
autophagosome_map1lc3b,catboost_multirmse,4,0.9062481550104,666,24,single
autophagosome_map1lc3b,mlp,4,0.9198943445211248,666,24,single
autophagosome_map1lc3b,tabm_specialists,4,0.2921417574582824,666,24,single
autophagosome_map1lc3b,scbutterfly_ops_b,4,0.8126217065715867,666,24,single
autophagosome_map1lc3b,resmlp_52head,4,0.9114929429939602,666,24,single
autophagosome_map1lc3b,multitab_pilot,4,0.900692381452734,666,24,single
autophagosome_map1lc3b,midas_ops,4,0.7063422913031951,666,24,single
autophagosome_map1lc3b,scpair_ops,4,0.9006442326438018,666,24,single
fe2+_ferhonox_live-cell_dye,ridge,0,0.8870612828180526,422,24,single
fe2+_ferhonox_live-cell_dye,gbdt,0,0.9215893106808148,422,24,single
fe2+_ferhonox_live-cell_dye,catboost_multirmse,0,0.8985076893057106,422,24,single
fe2+_ferhonox_live-cell_dye,mlp,0,0.9029257521308136,422,24,single
fe2+_ferhonox_live-cell_dye,tabm_specialists,0,0.9052499127471006,422,24,single
fe2+_ferhonox_live-cell_dye,scbutterfly_ops_b,0,0.7216864332765315,422,24,single
fe2+_ferhonox_live-cell_dye,resmlp_52head,0,0.8944802557431043,422,24,single
fe2+_ferhonox_live-cell_dye,multitab_pilot,0,0.8288875089978686,422,24,single
fe2+_ferhonox_live-cell_dye,midas_ops,0,0.6441360757325835,422,24,single
fe2+_ferhonox_live-cell_dye,scpair_ops,0,0.8129791975473729,422,24,single
fe2+_ferhonox_live-cell_dye,ridge,1,0.9044784803577504,374,24,single
fe2+_ferhonox_live-cell_dye,gbdt,1,0.9284740120618166,374,24,single
fe2+_ferhonox_live-cell_dye,catboost_multirmse,1,0.9127893046227492,374,24,single
fe2+_ferhonox_live-cell_dye,mlp,1,0.9090901263354062,374,24,single
fe2+_ferhonox_live-cell_dye,tabm_specialists,1,0.9219157696362388,374,24,single
fe2+_ferhonox_live-cell_dye,scbutterfly_ops_b,1,0.7516828248976993,374,24,single
fe2+_ferhonox_live-cell_dye,resmlp_52head,1,0.9028679805539452,374,24,single
fe2+_ferhonox_live-cell_dye,multitab_pilot,1,0.8819057307767574,374,24,single
fe2+_ferhonox_live-cell_dye,midas_ops,1,0.5704802428392873,374,24,single
fe2+_ferhonox_live-cell_dye,scpair_ops,1,0.8265981795918522,374,24,single
fe2+_ferhonox_live-cell_dye,ridge,2,0.8897491521788705,366,24,single
fe2+_ferhonox_live-cell_dye,gbdt,2,0.9262996632210564,366,24,single
fe2+_ferhonox_live-cell_dye,catboost_multirmse,2,0.9015016348170968,366,24,single
fe2+_ferhonox_live-cell_dye,mlp,2,0.9135292175312176,366,24,single
fe2+_ferhonox_live-cell_dye,tabm_specialists,2,0.0175677015179001,366,24,single
fe2+_ferhonox_live-cell_dye,scbutterfly_ops_b,2,-0.0055928750268998,366,24,single
fe2+_ferhonox_live-cell_dye,resmlp_52head,2,0.908808627742682,366,24,single
fe2+_ferhonox_live-cell_dye,multitab_pilot,2,0.871208061595114,366,24,single
fe2+_ferhonox_live-cell_dye,midas_ops,2,0.5797230016192538,366,24,single
fe2+_ferhonox_live-cell_dye,scpair_ops,2,0.8127788924047362,366,24,single
fe2+_ferhonox_live-cell_dye,ridge,3,0.8836787676312676,394,24,single
fe2+_ferhonox_live-cell_dye,gbdt,3,0.9168821138235638,394,24,single
fe2+_ferhonox_live-cell_dye,catboost_multirmse,3,0.8956427529560059,394,24,single
fe2+_ferhonox_live-cell_dye,mlp,3,0.9091171669179268,394,24,single
fe2+_ferhonox_live-cell_dye,tabm_specialists,3,0.911469909893528,394,24,single
fe2+_ferhonox_live-cell_dye,scbutterfly_ops_b,3,0.637846360596065,394,24,single
fe2+_ferhonox_live-cell_dye,resmlp_52head,3,0.9001329460441858,394,24,single
fe2+_ferhonox_live-cell_dye,multitab_pilot,3,0.834619879596437,394,24,single
fe2+_ferhonox_live-cell_dye,midas_ops,3,0.6996678601795064,394,24,single
fe2+_ferhonox_live-cell_dye,scpair_ops,3,0.8112381020311776,394,24,single
fe2+_ferhonox_live-cell_dye,ridge,4,0.9012825138251064,444,24,single
fe2+_ferhonox_live-cell_dye,gbdt,4,0.9320721907551786,444,24,single
fe2+_ferhonox_live-cell_dye,catboost_multirmse,4,0.9105137501698864,444,24,single
fe2+_ferhonox_live-cell_dye,mlp,4,0.9180601345264982,444,24,single
fe2+_ferhonox_live-cell_dye,tabm_specialists,4,0.925221607929554,444,24,single
fe2+_ferhonox_live-cell_dye,scbutterfly_ops_b,4,0.6204909701510927,444,24,single
fe2+_ferhonox_live-cell_dye,resmlp_52head,4,0.9112477135744106,444,24,single
fe2+_ferhonox_live-cell_dye,multitab_pilot,4,0.8293581369371236,444,24,single
fe2+_ferhonox_live-cell_dye,midas_ops,4,0.5813130512340896,444,24,single
fe2+_ferhonox_live-cell_dye,scpair_ops,4,0.843951945677528,444,24,single
recycling_endosome_tfrc,ridge,0,0.8564727459184099,422,24,single
recycling_endosome_tfrc,gbdt,0,0.8854306508869184,422,24,single
recycling_endosome_tfrc,catboost_multirmse,0,0.87071749207598,422,24,single
recycling_endosome_tfrc,mlp,0,0.8925042469088432,422,24,single
recycling_endosome_tfrc,tabm_specialists,0,0.8718292556471084,422,24,single
recycling_endosome_tfrc,scbutterfly_ops_b,0,0.6788866133037832,422,24,single
recycling_endosome_tfrc,resmlp_52head,0,0.860498176694132,422,24,single
recycling_endosome_tfrc,multitab_pilot,0,0.8670966225426125,422,24,single
recycling_endosome_tfrc,midas_ops,0,0.7705509004578124,422,24,single
recycling_endosome_tfrc,scpair_ops,0,0.8529355050401676,422,24,single
recycling_endosome_tfrc,ridge,1,0.8696035657991347,374,24,single
recycling_endosome_tfrc,gbdt,1,0.8856619315841462,374,24,single
recycling_endosome_tfrc,catboost_multirmse,1,0.8664696385180708,374,24,single
recycling_endosome_tfrc,mlp,1,0.9059361726924232,374,24,single
recycling_endosome_tfrc,tabm_specialists,1,0.8893127006405761,374,24,single
recycling_endosome_tfrc,scbutterfly_ops_b,1,0.6438345999880496,374,24,single
recycling_endosome_tfrc,resmlp_52head,1,0.8692083455997764,374,24,single
recycling_endosome_tfrc,multitab_pilot,1,0.8748209954723863,374,24,single
recycling_endosome_tfrc,midas_ops,1,0.756064090889678,374,24,single
recycling_endosome_tfrc,scpair_ops,1,0.8470147322242667,374,24,single
recycling_endosome_tfrc,ridge,2,0.8505773169302117,366,24,single
recycling_endosome_tfrc,gbdt,2,0.8839840426443532,366,24,single
recycling_endosome_tfrc,catboost_multirmse,2,0.8650923794505864,366,24,single
recycling_endosome_tfrc,mlp,2,0.8866454954689522,366,24,single
recycling_endosome_tfrc,tabm_specialists,2,0.8886108267473244,366,24,single
recycling_endosome_tfrc,scbutterfly_ops_b,2,0.7185969006443514,366,24,single
recycling_endosome_tfrc,resmlp_52head,2,0.869647613080132,366,24,single
recycling_endosome_tfrc,multitab_pilot,2,0.8699280118083096,366,24,single
recycling_endosome_tfrc,midas_ops,2,0.739298544870751,366,24,single
recycling_endosome_tfrc,scpair_ops,2,0.8625026418176692,366,24,single
recycling_endosome_tfrc,ridge,3,0.8533884398725687,394,24,single
recycling_endosome_tfrc,gbdt,3,0.8831159130404075,394,24,single
recycling_endosome_tfrc,catboost_multirmse,3,0.859110804102926,394,24,single
recycling_endosome_tfrc,mlp,3,0.8936165882735138,394,24,single
recycling_endosome_tfrc,tabm_specialists,3,0.8866026177869918,394,24,single
recycling_endosome_tfrc,scbutterfly_ops_b,3,0.7247349793240937,394,24,single
recycling_endosome_tfrc,resmlp_52head,3,0.8522098432045767,394,24,single
recycling_endosome_tfrc,multitab_pilot,3,0.860521060199332,394,24,single
recycling_endosome_tfrc,midas_ops,3,0.7534713862062841,394,24,single
recycling_endosome_tfrc,scpair_ops,3,0.8521092742210069,394,24,single
recycling_endosome_tfrc,ridge,4,0.841017521339284,444,24,single
recycling_endosome_tfrc,gbdt,4,0.8764098766374229,444,24,single
recycling_endosome_tfrc,catboost_multirmse,4,0.8565566803099994,444,24,single
recycling_endosome_tfrc,mlp,4,0.8850149357448593,444,24,single
recycling_endosome_tfrc,tabm_specialists,4,0.8785852928942585,444,24,single
recycling_endosome_tfrc,scbutterfly_ops_b,4,0.659737185357541,444,24,single
recycling_endosome_tfrc,resmlp_52head,4,0.8563852026493715,444,24,single
recycling_endosome_tfrc,multitab_pilot,4,0.8591537375843487,444,24,single
recycling_endosome_tfrc,midas_ops,4,0.7322260690538961,444,24,single
recycling_endosome_tfrc,scpair_ops,4,0.8309365470668171,444,24,single
er_golgi_cope,ridge,0,0.8197100789098585,422,24,single
er_golgi_cope,gbdt,0,0.8292616235363205,422,24,single
er_golgi_cope,catboost_multirmse,0,0.8234020769451948,422,24,single
er_golgi_cope,mlp,0,0.8245738796716412,422,24,single
er_golgi_cope,tabm_specialists,0,0.8336769377035926,422,24,single
er_golgi_cope,scbutterfly_ops_b,0,0.8079409167201944,422,24,single
er_golgi_cope,resmlp_52head,0,0.8257851233389863,422,24,single
er_golgi_cope,multitab_pilot,0,0.8215166260310521,422,24,single
er_golgi_cope,midas_ops,0,0.768966283180249,422,24,single
er_golgi_cope,scpair_ops,0,0.8205709699610484,422,24,single
er_golgi_cope,ridge,1,0.8036376530045347,374,24,single
er_golgi_cope,gbdt,1,0.8203953796240314,374,24,single
er_golgi_cope,catboost_multirmse,1,0.8147644439606646,374,24,single
er_golgi_cope,mlp,1,0.822308841254214,374,24,single
er_golgi_cope,tabm_specialists,1,0.827300298466039,374,24,single
er_golgi_cope,scbutterfly_ops_b,1,0.8130612142390943,374,24,single
er_golgi_cope,resmlp_52head,1,0.8253649369202604,374,24,single
er_golgi_cope,multitab_pilot,1,0.8129776551315189,374,24,single
er_golgi_cope,midas_ops,1,0.7179778407681244,374,24,single
er_golgi_cope,scpair_ops,1,0.8112248834624435,374,24,single
er_golgi_cope,ridge,2,0.8427923574103332,366,24,single
er_golgi_cope,gbdt,2,0.8513892573294815,366,24,single
er_golgi_cope,catboost_multirmse,2,0.8482195449931798,366,24,single
er_golgi_cope,mlp,2,0.8438413710367186,366,24,single
er_golgi_cope,tabm_specialists,2,0.8554267808893732,366,24,single
er_golgi_cope,scbutterfly_ops_b,2,0.8309363718816933,366,24,single
er_golgi_cope,resmlp_52head,2,0.8436057495978969,366,24,single
er_golgi_cope,multitab_pilot,2,0.8468420633387321,366,24,single
er_golgi_cope,midas_ops,2,0.7380527734190347,366,24,single
er_golgi_cope,scpair_ops,2,0.8403373382235008,366,24,single
er_golgi_cope,ridge,3,0.8125240542729392,394,24,single
er_golgi_cope,gbdt,3,0.8246882438526525,394,24,single
er_golgi_cope,catboost_multirmse,3,0.8114609492278703,394,24,single
er_golgi_cope,mlp,3,0.8219052564944955,394,24,single
er_golgi_cope,tabm_specialists,3,0.8335923792744676,394,24,single
er_golgi_cope,scbutterfly_ops_b,3,0.8024629527104313,394,24,single
er_golgi_cope,resmlp_52head,3,0.8273221186972912,394,24,single
er_golgi_cope,multitab_pilot,3,0.8142558343652606,394,24,single
er_golgi_cope,midas_ops,3,0.7427041090614849,394,24,single
er_golgi_cope,scpair_ops,3,0.8114779170777885,394,24,single
er_golgi_cope,ridge,4,0.7997827087425197,444,24,single
er_golgi_cope,gbdt,4,0.8363635738657726,444,24,single
er_golgi_cope,catboost_multirmse,4,0.8261623950619601,444,24,single
er_golgi_cope,mlp,4,0.8338453334070324,444,24,single
er_golgi_cope,tabm_specialists,4,0.8383070710339876,444,24,single
er_golgi_cope,scbutterfly_ops_b,4,0.8183515948109967,444,24,single
er_golgi_cope,resmlp_52head,4,0.840761660135255,444,24,single
er_golgi_cope,multitab_pilot,4,0.8240220118423219,444,24,single
er_golgi_cope,midas_ops,4,0.7336703622940973,444,24,single
er_golgi_cope,scpair_ops,4,0.8219126036370317,444,24,single
chaperones_hspa1b,ridge,0,0.8454714664633821,422,24,single
chaperones_hspa1b,gbdt,0,0.8606680479047836,422,24,single
chaperones_hspa1b,catboost_multirmse,0,0.8495491469747113,422,24,single
chaperones_hspa1b,mlp,0,0.8595878603525793,422,24,single
chaperones_hspa1b,tabm_specialists,0,0.8599105474670224,422,24,single
chaperones_hspa1b,scbutterfly_ops_b,0,0.843626175104388,422,24,single
chaperones_hspa1b,resmlp_52head,0,0.8557773470610708,422,24,single
chaperones_hspa1b,multitab_pilot,0,0.8513784747286192,422,24,single
chaperones_hspa1b,midas_ops,0,0.8067062763035674,422,24,single
chaperones_hspa1b,scpair_ops,0,0.8480633620895969,422,24,single
chaperones_hspa1b,ridge,1,0.7987163742459643,374,24,single
chaperones_hspa1b,gbdt,1,0.8151597116126666,374,24,single
chaperones_hspa1b,catboost_multirmse,1,0.8082471671786409,374,24,single
chaperones_hspa1b,mlp,1,0.8102585220853215,374,24,single
chaperones_hspa1b,tabm_specialists,1,0.7264774920595608,374,24,single
chaperones_hspa1b,scbutterfly_ops_b,1,0.7864738492828377,374,24,single
chaperones_hspa1b,resmlp_52head,1,0.8170242783779015,374,24,single
chaperones_hspa1b,multitab_pilot,1,0.8065907148380606,374,24,single
chaperones_hspa1b,midas_ops,1,0.6831514261734734,374,24,single
chaperones_hspa1b,scpair_ops,1,0.8076161855696965,374,24,single
chaperones_hspa1b,ridge,2,0.8168578351832491,366,24,single
chaperones_hspa1b,gbdt,2,0.829020534493292,366,24,single
chaperones_hspa1b,catboost_multirmse,2,0.8178844879938959,366,24,single
chaperones_hspa1b,mlp,2,0.8196607783054318,366,24,single
chaperones_hspa1b,tabm_specialists,2,0.8349933494706758,366,24,single
chaperones_hspa1b,scbutterfly_ops_b,2,0.8109048099917892,366,24,single
chaperones_hspa1b,resmlp_52head,2,0.8276668332301286,366,24,single
chaperones_hspa1b,multitab_pilot,2,0.8198295916092162,366,24,single
chaperones_hspa1b,midas_ops,2,0.7027419732969108,366,24,single
chaperones_hspa1b,scpair_ops,2,0.8203240992574908,366,24,single
chaperones_hspa1b,ridge,3,0.8013981932086024,394,24,single
chaperones_hspa1b,gbdt,3,0.8149600951890834,394,24,single
chaperones_hspa1b,catboost_multirmse,3,0.8061429123141305,394,24,single
chaperones_hspa1b,mlp,3,0.8141137896572003,394,24,single
chaperones_hspa1b,tabm_specialists,3,0.8176443084244703,394,24,single
chaperones_hspa1b,scbutterfly_ops_b,3,0.7970067553680673,394,24,single
chaperones_hspa1b,resmlp_52head,3,0.8094939047147238,394,24,single
chaperones_hspa1b,multitab_pilot,3,0.8114202802906115,394,24,single
chaperones_hspa1b,midas_ops,3,0.7613551215504502,394,24,single
chaperones_hspa1b,scpair_ops,3,0.7997203873045821,394,24,single
chaperones_hspa1b,ridge,4,0.83067495646406,444,24,single
chaperones_hspa1b,gbdt,4,0.8447121930698143,444,24,single
chaperones_hspa1b,catboost_multirmse,4,0.8278807530627003,444,24,single
chaperones_hspa1b,mlp,4,0.8342635651483176,444,24,single
chaperones_hspa1b,tabm_specialists,4,0.8501654025248442,444,24,single
chaperones_hspa1b,scbutterfly_ops_b,4,0.8252572778336672,444,24,single
chaperones_hspa1b,resmlp_52head,4,0.8506095773001152,444,24,single
chaperones_hspa1b,multitab_pilot,4,0.8335425851304065,444,24,single
chaperones_hspa1b,midas_ops,4,0.6976725641760494,444,24,single
chaperones_hspa1b,scpair_ops,4,0.834355198791981,444,24,single
nucleolus-gc_npm3,ridge,0,0.8464976221705983,422,24,single
nucleolus-gc_npm3,gbdt,0,0.8501675761448801,422,24,single
nucleolus-gc_npm3,catboost_multirmse,0,0.8328119042320244,422,24,single
nucleolus-gc_npm3,mlp,0,0.8549955331638898,422,24,single
nucleolus-gc_npm3,tabm_specialists,0,0.8371599842547042,422,24,single
nucleolus-gc_npm3,scbutterfly_ops_b,0,0.6134189821857597,422,24,single
nucleolus-gc_npm3,resmlp_52head,0,0.8348741762085782,422,24,single
nucleolus-gc_npm3,multitab_pilot,0,0.8303500486347319,422,24,single
nucleolus-gc_npm3,midas_ops,0,0.6982314592777005,422,24,single
nucleolus-gc_npm3,scpair_ops,0,0.8287272905506734,422,24,single
nucleolus-gc_npm3,ridge,1,0.8057563972513379,374,24,single
nucleolus-gc_npm3,gbdt,1,0.816902588998957,374,24,single
nucleolus-gc_npm3,catboost_multirmse,1,0.7992108167935837,374,24,single
nucleolus-gc_npm3,mlp,1,0.8177936981232922,374,24,single
nucleolus-gc_npm3,tabm_specialists,1,0.8026072619972714,374,24,single
nucleolus-gc_npm3,scbutterfly_ops_b,1,0.5436351508528257,374,24,single
nucleolus-gc_npm3,resmlp_52head,1,0.7945923430889977,374,24,single
nucleolus-gc_npm3,multitab_pilot,1,0.7981022828282299,374,24,single
nucleolus-gc_npm3,midas_ops,1,0.6737203348989866,374,24,single
nucleolus-gc_npm3,scpair_ops,1,0.797404416437335,374,24,single
nucleolus-gc_npm3,ridge,2,0.8275821749387369,366,24,single
nucleolus-gc_npm3,gbdt,2,0.8378672097405949,366,24,single
nucleolus-gc_npm3,catboost_multirmse,2,0.8166974951160251,366,24,single
nucleolus-gc_npm3,mlp,2,0.8396929994995896,366,24,single
nucleolus-gc_npm3,tabm_specialists,2,0.750858008947424,366,24,single
nucleolus-gc_npm3,scbutterfly_ops_b,2,0.4803380759050236,366,24,single
nucleolus-gc_npm3,resmlp_52head,2,0.8224299801768398,366,24,single
nucleolus-gc_npm3,multitab_pilot,2,0.8181452885561832,366,24,single
nucleolus-gc_npm3,midas_ops,2,0.7094460213785111,366,24,single
nucleolus-gc_npm3,scpair_ops,2,0.8162421924922793,366,24,single
nucleolus-gc_npm3,ridge,3,0.8088849557258658,394,24,single
nucleolus-gc_npm3,gbdt,3,0.8250625159991535,394,24,single
nucleolus-gc_npm3,catboost_multirmse,3,0.8137443227431348,394,24,single
nucleolus-gc_npm3,mlp,3,0.8202385580305945,394,24,single
nucleolus-gc_npm3,tabm_specialists,3,0.6632414649194353,394,24,single
nucleolus-gc_npm3,scbutterfly_ops_b,3,0.599805127581747,394,24,single
nucleolus-gc_npm3,resmlp_52head,3,0.8176149189273447,394,24,single
nucleolus-gc_npm3,multitab_pilot,3,0.8149120578781831,394,24,single
nucleolus-gc_npm3,midas_ops,3,0.71478923940644,394,24,single
nucleolus-gc_npm3,scpair_ops,3,0.8091845981605811,394,24,single
nucleolus-gc_npm3,ridge,4,0.8484638686000604,444,24,single
nucleolus-gc_npm3,gbdt,4,0.8587817083167267,444,24,single
nucleolus-gc_npm3,catboost_multirmse,4,0.8469751155989186,444,24,single
nucleolus-gc_npm3,mlp,4,0.86317626128062,444,24,single
nucleolus-gc_npm3,tabm_specialists,4,0.0879132486634944,444,24,single
nucleolus-gc_npm3,scbutterfly_ops_b,4,0.1415430350010562,444,24,single
nucleolus-gc_npm3,resmlp_52head,4,0.8509236864706131,444,24,single
nucleolus-gc_npm3,multitab_pilot,4,0.8436442622481383,444,24,single
nucleolus-gc_npm3,midas_ops,4,0.7491168325850279,444,24,single
nucleolus-gc_npm3,scpair_ops,4,0.83486240779813,444,24,single
nuclei_nucleolive_live_cell_dye,ridge,0,0.5467809685997688,422,24,single
nuclei_nucleolive_live_cell_dye,gbdt,0,0.7974604165618553,422,24,single
nuclei_nucleolive_live_cell_dye,catboost_multirmse,0,0.7517535056784602,422,24,single
nuclei_nucleolive_live_cell_dye,mlp,0,0.834916910870803,422,24,single
nuclei_nucleolive_live_cell_dye,tabm_specialists,0,0.820498770320543,422,24,single
nuclei_nucleolive_live_cell_dye,scbutterfly_ops_b,0,0.6999718005392267,422,24,single
nuclei_nucleolive_live_cell_dye,resmlp_52head,0,0.8224206609899068,422,24,single
nuclei_nucleolive_live_cell_dye,multitab_pilot,0,0.8013310397892575,422,24,single
nuclei_nucleolive_live_cell_dye,midas_ops,0,0.4021929261891983,422,24,single
nuclei_nucleolive_live_cell_dye,scpair_ops,0,0.8114101465990067,422,24,single
nuclei_nucleolive_live_cell_dye,ridge,1,0.5319328158257997,374,24,single
nuclei_nucleolive_live_cell_dye,gbdt,1,0.8226861748494375,374,24,single
nuclei_nucleolive_live_cell_dye,catboost_multirmse,1,0.7719423063988741,374,24,single
nuclei_nucleolive_live_cell_dye,mlp,1,0.8562121551458128,374,24,single
nuclei_nucleolive_live_cell_dye,tabm_specialists,1,0.8522864484610571,374,24,single
nuclei_nucleolive_live_cell_dye,scbutterfly_ops_b,1,0.6433350721778108,374,24,single
nuclei_nucleolive_live_cell_dye,resmlp_52head,1,0.8421120511318966,374,24,single
nuclei_nucleolive_live_cell_dye,multitab_pilot,1,0.829285813982097,374,24,single
nuclei_nucleolive_live_cell_dye,midas_ops,1,0.0239135280654541,374,24,single
nuclei_nucleolive_live_cell_dye,scpair_ops,1,0.8452297730878806,374,24,single
nuclei_nucleolive_live_cell_dye,ridge,2,0.5879415779684662,366,24,single
nuclei_nucleolive_live_cell_dye,gbdt,2,0.844525069028682,366,24,single
nuclei_nucleolive_live_cell_dye,catboost_multirmse,2,0.7993146610311994,366,24,single
nuclei_nucleolive_live_cell_dye,mlp,2,0.853764239010682,366,24,single
nuclei_nucleolive_live_cell_dye,tabm_specialists,2,0.8568684669710116,366,24,single
nuclei_nucleolive_live_cell_dye,scbutterfly_ops_b,2,0.7702777522940071,366,24,single
nuclei_nucleolive_live_cell_dye,resmlp_52head,2,0.8538378411926241,366,24,single
nuclei_nucleolive_live_cell_dye,multitab_pilot,2,0.843115599119766,366,24,single
nuclei_nucleolive_live_cell_dye,midas_ops,2,0.056609365642843,366,24,single
nuclei_nucleolive_live_cell_dye,scpair_ops,2,0.8455315813678291,366,24,single
nuclei_nucleolive_live_cell_dye,ridge,3,0.5819848688023842,394,24,single
nuclei_nucleolive_live_cell_dye,gbdt,3,0.8177494591552993,394,24,single
nuclei_nucleolive_live_cell_dye,catboost_multirmse,3,0.7686519047698027,394,24,single
nuclei_nucleolive_live_cell_dye,mlp,3,0.8633155946967479,394,24,single
nuclei_nucleolive_live_cell_dye,tabm_specialists,3,0.8645877789110683,394,24,single
nuclei_nucleolive_live_cell_dye,scbutterfly_ops_b,3,0.7179845864895947,394,24,single
nuclei_nucleolive_live_cell_dye,resmlp_52head,3,0.8441512526195796,394,24,single
nuclei_nucleolive_live_cell_dye,multitab_pilot,3,0.8349334308575967,394,24,single
nuclei_nucleolive_live_cell_dye,midas_ops,3,0.1024091081768433,394,24,single
nuclei_nucleolive_live_cell_dye,scpair_ops,3,0.8494910889320625,394,24,single
nuclei_nucleolive_live_cell_dye,ridge,4,0.5218717109841232,444,24,single
nuclei_nucleolive_live_cell_dye,gbdt,4,0.804285312259732,444,24,single
nuclei_nucleolive_live_cell_dye,catboost_multirmse,4,0.7457430744413104,444,24,single
nuclei_nucleolive_live_cell_dye,mlp,4,0.8402012424206352,444,24,single
nuclei_nucleolive_live_cell_dye,tabm_specialists,4,0.8395066567013941,444,24,single
nuclei_nucleolive_live_cell_dye,scbutterfly_ops_b,4,0.6945587419730425,444,24,single
nuclei_nucleolive_live_cell_dye,resmlp_52head,4,0.8332446896463527,444,24,single
nuclei_nucleolive_live_cell_dye,multitab_pilot,4,0.8061824431409715,444,24,single
nuclei_nucleolive_live_cell_dye,midas_ops,4,0.0896527865469307,444,24,single
nuclei_nucleolive_live_cell_dye,scpair_ops,4,0.8248237521682741,444,24,single
endosome_vps35,ridge,0,0.8095586271305528,422,24,single
endosome_vps35,gbdt,0,0.8583217856019812,422,24,single
endosome_vps35,catboost_multirmse,0,0.8413364055302887,422,24,single
endosome_vps35,mlp,0,0.8577160057672059,422,24,single
endosome_vps35,tabm_specialists,0,0.8523717696251453,422,24,single
endosome_vps35,scbutterfly_ops_b,0,0.7000832044087767,422,24,single
endosome_vps35,resmlp_52head,0,0.8376767301006985,422,24,single
endosome_vps35,multitab_pilot,0,0.8486077073732848,422,24,single
endosome_vps35,midas_ops,0,0.7617285284840092,422,24,single
endosome_vps35,scpair_ops,0,0.8450872904842107,422,24,single
endosome_vps35,ridge,1,0.8012629358622306,374,24,single
endosome_vps35,gbdt,1,0.8348690716429576,374,24,single
endosome_vps35,catboost_multirmse,1,0.8221826101731081,374,24,single
endosome_vps35,mlp,1,0.8377556245593037,374,24,single
endosome_vps35,tabm_specialists,1,0.8235943910949456,374,24,single
endosome_vps35,scbutterfly_ops_b,1,0.5672535743709056,374,24,single
endosome_vps35,resmlp_52head,1,0.8221528917581202,374,24,single
endosome_vps35,multitab_pilot,1,0.8180935007525486,374,24,single
endosome_vps35,midas_ops,1,0.73834157328929,374,24,single
endosome_vps35,scpair_ops,1,0.8131254858969909,374,24,single
endosome_vps35,ridge,2,0.7875073220426209,366,24,single
endosome_vps35,gbdt,2,0.8292413147702068,366,24,single
endosome_vps35,catboost_multirmse,2,0.8112434860639887,366,24,single
endosome_vps35,mlp,2,0.8369080915863444,366,24,single
endosome_vps35,tabm_specialists,2,0.8295545048391256,366,24,single
endosome_vps35,scbutterfly_ops_b,2,0.655190060081217,366,24,single
endosome_vps35,resmlp_52head,2,0.8135869179823171,366,24,single
endosome_vps35,multitab_pilot,2,0.8125811480657815,366,24,single
endosome_vps35,midas_ops,2,0.6791152432766738,366,24,single
endosome_vps35,scpair_ops,2,0.800913498578379,366,24,single
endosome_vps35,ridge,3,0.7982601279576581,394,24,single
endosome_vps35,gbdt,3,0.8383935186979281,394,24,single
endosome_vps35,catboost_multirmse,3,0.8146567104777219,394,24,single
endosome_vps35,mlp,3,0.8478892797914593,394,24,single
endosome_vps35,tabm_specialists,3,0.8451010429600418,394,24,single
endosome_vps35,scbutterfly_ops_b,3,0.6577847431560008,394,24,single
endosome_vps35,resmlp_52head,3,0.8259739211736102,394,24,single
endosome_vps35,multitab_pilot,3,0.8107421997700275,394,24,single
endosome_vps35,midas_ops,3,0.6950183140542735,394,24,single
endosome_vps35,scpair_ops,3,0.8136368784989468,394,24,single
endosome_vps35,ridge,4,0.7754101112890198,444,24,single
endosome_vps35,gbdt,4,0.8078378649342737,444,24,single
endosome_vps35,catboost_multirmse,4,0.7944121385390869,444,24,single
endosome_vps35,mlp,4,0.8104066311681012,444,24,single
endosome_vps35,tabm_specialists,4,0.8131234736113573,444,24,single
endosome_vps35,scbutterfly_ops_b,4,0.6217422907438844,444,24,single
endosome_vps35,resmlp_52head,4,0.8022526694479709,444,24,single
endosome_vps35,multitab_pilot,4,0.7891888103663479,444,24,single
endosome_vps35,midas_ops,4,0.6801050976918441,444,24,single
endosome_vps35,scpair_ops,4,0.7833045301616886,444,24,single
er_sec61b,ridge,0,0.7981487840987483,1266,24,single
er_sec61b,gbdt,0,0.800508824075212,1266,24,single
er_sec61b,catboost_multirmse,0,0.7924937270177524,1266,24,single
er_sec61b,mlp,0,0.8065958031978169,1266,24,single
er_sec61b,tabm_specialists,0,0.8060788124251227,1266,24,single
er_sec61b,scbutterfly_ops_b,0,0.7686231457940451,1266,24,single
er_sec61b,resmlp_52head,0,0.7986618073964588,1266,24,single
er_sec61b,multitab_pilot,0,0.7957865453344756,1266,24,single
er_sec61b,midas_ops,0,0.7407512495990124,1266,24,single
er_sec61b,scpair_ops,0,0.7962503815126624,1266,24,single
er_sec61b,ridge,1,0.745570982363316,1122,24,single
er_sec61b,gbdt,1,0.7685913093554712,1122,24,single
er_sec61b,catboost_multirmse,1,0.7630770988903461,1122,24,single
er_sec61b,mlp,1,0.7548611518553665,1122,24,single
er_sec61b,tabm_specialists,1,0.7642743013175041,1122,24,single
er_sec61b,scbutterfly_ops_b,1,0.7200051617836175,1122,24,single
er_sec61b,resmlp_52head,1,0.7577581044057556,1122,24,single
er_sec61b,multitab_pilot,1,0.7648874211033704,1122,24,single
er_sec61b,midas_ops,1,0.6942511122247431,1122,24,single
er_sec61b,scpair_ops,1,0.7499723501969923,1122,24,single
er_sec61b,ridge,2,0.9009194156951016,1098,24,single
er_sec61b,gbdt,2,0.8981980307784584,1098,24,single
er_sec61b,catboost_multirmse,2,0.8837963199161115,1098,24,single
er_sec61b,mlp,2,0.9029051815487532,1098,24,single
er_sec61b,tabm_specialists,2,0.9114167855506752,1098,24,single
er_sec61b,scbutterfly_ops_b,2,0.8839462099074944,1098,24,single
er_sec61b,resmlp_52head,2,0.8766614051191115,1098,24,single
er_sec61b,multitab_pilot,2,0.8755782478926868,1098,24,single
er_sec61b,midas_ops,2,0.8302332985646093,1098,24,single
er_sec61b,scpair_ops,2,0.8970182881855648,1098,24,single
er_sec61b,ridge,3,0.7650468936310326,1182,24,single
er_sec61b,gbdt,3,0.7812785493242534,1182,24,single
er_sec61b,catboost_multirmse,3,0.7720549421059529,1182,24,single
er_sec61b,mlp,3,0.7816496448776794,1182,24,single
er_sec61b,tabm_specialists,3,0.7809460938149408,1182,24,single
er_sec61b,scbutterfly_ops_b,3,0.7099809566563445,1182,24,single
er_sec61b,resmlp_52head,3,0.7762818697259002,1182,24,single
er_sec61b,multitab_pilot,3,0.7675139702976708,1182,24,single
er_sec61b,midas_ops,3,0.7032162302001502,1182,24,single
er_sec61b,scpair_ops,3,0.7669230484488633,1182,24,single
er_sec61b,ridge,4,0.7888868485962325,1332,24,single
er_sec61b,gbdt,4,0.8049835638350945,1332,24,single
er_sec61b,catboost_multirmse,4,0.795328551696571,1332,24,single
er_sec61b,mlp,4,0.8050778341182698,1332,24,single
er_sec61b,tabm_specialists,4,0.8067822932570116,1332,24,single
er_sec61b,scbutterfly_ops_b,4,0.7666304934575828,1332,24,single
er_sec61b,resmlp_52head,4,0.8036131418900991,1332,24,single
er_sec61b,multitab_pilot,4,0.7945976476098576,1332,24,single
er_sec61b,midas_ops,4,0.6975887487364344,1332,24,single
er_sec61b,scpair_ops,4,0.7946644238935496,1332,24,single
er_golgi_bridge_vapa,ridge,0,0.8241617883771442,422,24,single
er_golgi_bridge_vapa,gbdt,0,0.8353001067610245,422,24,single
er_golgi_bridge_vapa,catboost_multirmse,0,0.8268039868745168,422,24,single
er_golgi_bridge_vapa,mlp,0,0.8345188524400079,422,24,single
er_golgi_bridge_vapa,tabm_specialists,0,0.826941679575396,422,24,single
er_golgi_bridge_vapa,scbutterfly_ops_b,0,0.6765189526175109,422,24,single
er_golgi_bridge_vapa,resmlp_52head,0,0.8122121453961526,422,24,single
er_golgi_bridge_vapa,multitab_pilot,0,0.8191177600919985,422,24,single
er_golgi_bridge_vapa,midas_ops,0,0.6329185808938687,422,24,single
er_golgi_bridge_vapa,scpair_ops,0,0.798922788192331,422,24,single
er_golgi_bridge_vapa,ridge,1,0.785167929050217,374,24,single
er_golgi_bridge_vapa,gbdt,1,0.7840035086445036,374,24,single
er_golgi_bridge_vapa,catboost_multirmse,1,0.7698092790841936,374,24,single
er_golgi_bridge_vapa,mlp,1,0.7956936559311406,374,24,single
er_golgi_bridge_vapa,tabm_specialists,1,0.8010764409898224,374,24,single
er_golgi_bridge_vapa,scbutterfly_ops_b,1,0.6082332957690868,374,24,single
er_golgi_bridge_vapa,resmlp_52head,1,0.7552471342023729,374,24,single
er_golgi_bridge_vapa,multitab_pilot,1,0.7682872921230331,374,24,single
er_golgi_bridge_vapa,midas_ops,1,0.5362556584756942,374,24,single
er_golgi_bridge_vapa,scpair_ops,1,0.7642500602895885,374,24,single
er_golgi_bridge_vapa,ridge,2,0.7843267120182852,366,24,single
er_golgi_bridge_vapa,gbdt,2,0.804016736248221,366,24,single
er_golgi_bridge_vapa,catboost_multirmse,2,0.7974601608002413,366,24,single
er_golgi_bridge_vapa,mlp,2,0.8142320144878562,366,24,single
er_golgi_bridge_vapa,tabm_specialists,2,0.8044552478732321,366,24,single
er_golgi_bridge_vapa,scbutterfly_ops_b,2,0.6682538705389459,366,24,single
er_golgi_bridge_vapa,resmlp_52head,2,0.7848146079159689,366,24,single
er_golgi_bridge_vapa,multitab_pilot,2,0.787002191379336,366,24,single
er_golgi_bridge_vapa,midas_ops,2,0.6056972329103896,366,24,single
er_golgi_bridge_vapa,scpair_ops,2,0.7736886284735432,366,24,single
er_golgi_bridge_vapa,ridge,3,0.8189449546429955,394,24,single
er_golgi_bridge_vapa,gbdt,3,0.830612867013406,394,24,single
er_golgi_bridge_vapa,catboost_multirmse,3,0.8193710155276278,394,24,single
er_golgi_bridge_vapa,mlp,3,0.8337870182827777,394,24,single
er_golgi_bridge_vapa,tabm_specialists,3,0.8280642584266947,394,24,single
er_golgi_bridge_vapa,scbutterfly_ops_b,3,0.6911005082835704,394,24,single
er_golgi_bridge_vapa,resmlp_52head,3,0.8043949274912752,394,24,single
er_golgi_bridge_vapa,multitab_pilot,3,0.8048944189006776,394,24,single
er_golgi_bridge_vapa,midas_ops,3,0.5830266936001133,394,24,single
er_golgi_bridge_vapa,scpair_ops,3,0.7893477713799705,394,24,single
er_golgi_bridge_vapa,ridge,4,0.8003249666612358,444,24,single
er_golgi_bridge_vapa,gbdt,4,0.8227304875318625,444,24,single
er_golgi_bridge_vapa,catboost_multirmse,4,0.8124567841185787,444,24,single
er_golgi_bridge_vapa,mlp,4,0.83669922432459,444,24,single
er_golgi_bridge_vapa,tabm_specialists,4,0.8196310896231074,444,24,single
er_golgi_bridge_vapa,scbutterfly_ops_b,4,0.6556711821384038,444,24,single
er_golgi_bridge_vapa,resmlp_52head,4,0.8079800917694767,444,24,single
er_golgi_bridge_vapa,multitab_pilot,4,0.8066174976709437,444,24,single
er_golgi_bridge_vapa,midas_ops,4,0.5864462579833296,444,24,single
er_golgi_bridge_vapa,scpair_ops,4,0.7735283693035484,444,24,single
mitochondria_chromalive_561_excitation,ridge,0,0.769404425516424,422,24,single
mitochondria_chromalive_561_excitation,gbdt,0,0.803322433949815,422,24,single
mitochondria_chromalive_561_excitation,catboost_multirmse,0,0.7842978290189064,422,24,single
mitochondria_chromalive_561_excitation,mlp,0,0.8175601837031361,422,24,single
mitochondria_chromalive_561_excitation,tabm_specialists,0,0.8121445703199388,422,24,single
mitochondria_chromalive_561_excitation,scbutterfly_ops_b,0,0.7373919633418019,422,24,single
mitochondria_chromalive_561_excitation,resmlp_52head,0,0.7884333904974016,422,24,single
mitochondria_chromalive_561_excitation,multitab_pilot,0,0.77282603926566,422,24,single
mitochondria_chromalive_561_excitation,midas_ops,0,0.6668307022032883,422,24,single
mitochondria_chromalive_561_excitation,scpair_ops,0,0.7799399239225405,422,24,single
mitochondria_chromalive_561_excitation,ridge,1,0.7929017080214448,374,24,single
mitochondria_chromalive_561_excitation,gbdt,1,0.829860475066411,374,24,single
mitochondria_chromalive_561_excitation,catboost_multirmse,1,0.8158726269726743,374,24,single
mitochondria_chromalive_561_excitation,mlp,1,0.8385787987304218,374,24,single
mitochondria_chromalive_561_excitation,tabm_specialists,1,0.7767745298462,374,24,single
mitochondria_chromalive_561_excitation,scbutterfly_ops_b,1,0.601734378423341,374,24,single
mitochondria_chromalive_561_excitation,resmlp_52head,1,0.8197995740461185,374,24,single
mitochondria_chromalive_561_excitation,multitab_pilot,1,0.8071306722674071,374,24,single
mitochondria_chromalive_561_excitation,midas_ops,1,0.5823292299731103,374,24,single
mitochondria_chromalive_561_excitation,scpair_ops,1,0.8187965175142832,374,24,single
mitochondria_chromalive_561_excitation,ridge,2,0.7789853117442949,366,24,single
mitochondria_chromalive_561_excitation,gbdt,2,0.807179844841231,366,24,single
mitochondria_chromalive_561_excitation,catboost_multirmse,2,0.7882900058328252,366,24,single
mitochondria_chromalive_561_excitation,mlp,2,0.808906160560103,366,24,single
mitochondria_chromalive_561_excitation,tabm_specialists,2,0.8136199780406365,366,24,single
mitochondria_chromalive_561_excitation,scbutterfly_ops_b,2,0.7566078809420883,366,24,single
mitochondria_chromalive_561_excitation,resmlp_52head,2,0.7860537006109185,366,24,single
mitochondria_chromalive_561_excitation,multitab_pilot,2,0.7728183617408102,366,24,single
mitochondria_chromalive_561_excitation,midas_ops,2,0.5966487649311647,366,24,single
mitochondria_chromalive_561_excitation,scpair_ops,2,0.7794057735500441,366,24,single
mitochondria_chromalive_561_excitation,ridge,3,0.7693217499911649,394,24,single
mitochondria_chromalive_561_excitation,gbdt,3,0.8055549024613793,394,24,single
mitochondria_chromalive_561_excitation,catboost_multirmse,3,0.7836416511944689,394,24,single
mitochondria_chromalive_561_excitation,mlp,3,0.811323917452275,394,24,single
mitochondria_chromalive_561_excitation,tabm_specialists,3,0.8107658833601666,394,24,single
mitochondria_chromalive_561_excitation,scbutterfly_ops_b,3,0.7093546658183184,394,24,single
mitochondria_chromalive_561_excitation,resmlp_52head,3,0.7888721187364093,394,24,single
mitochondria_chromalive_561_excitation,multitab_pilot,3,0.7749847689183214,394,24,single
mitochondria_chromalive_561_excitation,midas_ops,3,0.6295758380065867,394,24,single
mitochondria_chromalive_561_excitation,scpair_ops,3,0.7792773150398289,394,24,single
mitochondria_chromalive_561_excitation,ridge,4,0.7843295260888447,444,24,single
mitochondria_chromalive_561_excitation,gbdt,4,0.823291574965892,444,24,single
mitochondria_chromalive_561_excitation,catboost_multirmse,4,0.7987392999857748,444,24,single
mitochondria_chromalive_561_excitation,mlp,4,0.8283884994888968,444,24,single
mitochondria_chromalive_561_excitation,tabm_specialists,4,0.8326572137063083,444,24,single
mitochondria_chromalive_561_excitation,scbutterfly_ops_b,4,0.7308931656719903,444,24,single
mitochondria_chromalive_561_excitation,resmlp_52head,4,0.8173556091424273,444,24,single
mitochondria_chromalive_561_excitation,multitab_pilot,4,0.7931266553060309,444,24,single
mitochondria_chromalive_561_excitation,midas_ops,4,0.6253435510119155,444,24,single
mitochondria_chromalive_561_excitation,scpair_ops,4,0.7987027421009804,444,24,single
peroxisome_peroxi_spy650_live_cell_dye,ridge,0,0.7776873591607051,422,24,single
peroxisome_peroxi_spy650_live_cell_dye,gbdt,0,0.8158638327845553,422,24,single
peroxisome_peroxi_spy650_live_cell_dye,catboost_multirmse,0,0.7975123270031269,422,24,single
peroxisome_peroxi_spy650_live_cell_dye,mlp,0,0.8091268938277901,422,24,single
peroxisome_peroxi_spy650_live_cell_dye,tabm_specialists,0,0.8091129298498837,422,24,single
peroxisome_peroxi_spy650_live_cell_dye,scbutterfly_ops_b,0,0.6598867906536888,422,24,single
peroxisome_peroxi_spy650_live_cell_dye,resmlp_52head,0,0.7905002409046706,422,24,single
peroxisome_peroxi_spy650_live_cell_dye,multitab_pilot,0,0.7814153045847098,422,24,single
peroxisome_peroxi_spy650_live_cell_dye,midas_ops,0,0.6586729066682072,422,24,single
peroxisome_peroxi_spy650_live_cell_dye,scpair_ops,0,0.787632545241029,422,24,single
peroxisome_peroxi_spy650_live_cell_dye,ridge,1,0.7624327932618034,374,24,single
peroxisome_peroxi_spy650_live_cell_dye,gbdt,1,0.8164750575452354,374,24,single
peroxisome_peroxi_spy650_live_cell_dye,catboost_multirmse,1,0.7962830814523536,374,24,single
peroxisome_peroxi_spy650_live_cell_dye,mlp,1,0.7985884664067568,374,24,single
peroxisome_peroxi_spy650_live_cell_dye,tabm_specialists,1,0.8086619715352654,374,24,single
peroxisome_peroxi_spy650_live_cell_dye,scbutterfly_ops_b,1,0.681448921821358,374,24,single
peroxisome_peroxi_spy650_live_cell_dye,resmlp_52head,1,0.7601427236035275,374,24,single
peroxisome_peroxi_spy650_live_cell_dye,multitab_pilot,1,0.7831753367014965,374,24,single
peroxisome_peroxi_spy650_live_cell_dye,midas_ops,1,0.4387039980530021,374,24,single
peroxisome_peroxi_spy650_live_cell_dye,scpair_ops,1,0.7790127432069004,374,24,single
peroxisome_peroxi_spy650_live_cell_dye,ridge,2,0.7761443489855889,366,24,single
peroxisome_peroxi_spy650_live_cell_dye,gbdt,2,0.8375733505661712,366,24,single
peroxisome_peroxi_spy650_live_cell_dye,catboost_multirmse,2,0.8204999676076389,366,24,single
peroxisome_peroxi_spy650_live_cell_dye,mlp,2,0.8132315659119702,366,24,single
peroxisome_peroxi_spy650_live_cell_dye,tabm_specialists,2,0.5474518235515431,366,24,single
peroxisome_peroxi_spy650_live_cell_dye,scbutterfly_ops_b,2,0.5988183495590685,366,24,single
peroxisome_peroxi_spy650_live_cell_dye,resmlp_52head,2,0.7951889899966996,366,24,single
peroxisome_peroxi_spy650_live_cell_dye,multitab_pilot,2,0.7990817932089781,366,24,single
peroxisome_peroxi_spy650_live_cell_dye,midas_ops,2,0.5475537017890957,366,24,single
peroxisome_peroxi_spy650_live_cell_dye,scpair_ops,2,0.7813706083959744,366,24,single
peroxisome_peroxi_spy650_live_cell_dye,ridge,3,0.7790532478643565,394,24,single
peroxisome_peroxi_spy650_live_cell_dye,gbdt,3,0.8195672965273985,394,24,single
peroxisome_peroxi_spy650_live_cell_dye,catboost_multirmse,3,0.8165203899417861,394,24,single
peroxisome_peroxi_spy650_live_cell_dye,mlp,3,0.8182866119308772,394,24,single
peroxisome_peroxi_spy650_live_cell_dye,tabm_specialists,3,0.8289618799598718,394,24,single
peroxisome_peroxi_spy650_live_cell_dye,scbutterfly_ops_b,3,0.6555266083652379,394,24,single
peroxisome_peroxi_spy650_live_cell_dye,resmlp_52head,3,0.7992318336400154,394,24,single
peroxisome_peroxi_spy650_live_cell_dye,multitab_pilot,3,0.7888492049359535,394,24,single
peroxisome_peroxi_spy650_live_cell_dye,midas_ops,3,0.6568550711183535,394,24,single
peroxisome_peroxi_spy650_live_cell_dye,scpair_ops,3,0.7933036133701817,394,24,single
peroxisome_peroxi_spy650_live_cell_dye,ridge,4,0.7628819624988736,444,24,single
peroxisome_peroxi_spy650_live_cell_dye,gbdt,4,0.8168100579861498,444,24,single
peroxisome_peroxi_spy650_live_cell_dye,catboost_multirmse,4,0.7988691455194927,444,24,single
peroxisome_peroxi_spy650_live_cell_dye,mlp,4,0.813551631637162,444,24,single
peroxisome_peroxi_spy650_live_cell_dye,tabm_specialists,4,0.8134116677155641,444,24,single
peroxisome_peroxi_spy650_live_cell_dye,scbutterfly_ops_b,4,0.7100351127273221,444,24,single
peroxisome_peroxi_spy650_live_cell_dye,resmlp_52head,4,0.7929490381558795,444,24,single
peroxisome_peroxi_spy650_live_cell_dye,multitab_pilot,4,0.7764406455941822,444,24,single
peroxisome_peroxi_spy650_live_cell_dye,midas_ops,4,0.5641266658294466,444,24,single
peroxisome_peroxi_spy650_live_cell_dye,scpair_ops,4,0.7747412499622423,444,24,single
chromalive_488_excitation,ridge,0,0.69783051329392,422,24,single
chromalive_488_excitation,gbdt,0,0.7615089411931155,422,24,single
chromalive_488_excitation,catboost_multirmse,0,0.7202997657427822,422,24,single
chromalive_488_excitation,mlp,0,0.7579744761429077,422,24,single
chromalive_488_excitation,tabm_specialists,0,0.7738734078130275,422,24,single
chromalive_488_excitation,scbutterfly_ops_b,0,0.70189013451783,422,24,single
chromalive_488_excitation,resmlp_52head,0,0.756380368330991,422,24,single
chromalive_488_excitation,multitab_pilot,0,0.7519534469710626,422,24,single
chromalive_488_excitation,midas_ops,0,0.6120985731466354,422,24,single
chromalive_488_excitation,scpair_ops,0,0.7562762497122067,422,24,single
chromalive_488_excitation,ridge,1,0.7082380527641208,374,24,single
chromalive_488_excitation,gbdt,1,0.7654162648089109,374,24,single
chromalive_488_excitation,catboost_multirmse,1,0.7312114276185658,374,24,single
chromalive_488_excitation,mlp,1,0.795465294335965,374,24,single
chromalive_488_excitation,tabm_specialists,1,0.8085541647415085,374,24,single
chromalive_488_excitation,scbutterfly_ops_b,1,0.7411184709646207,374,24,single
chromalive_488_excitation,resmlp_52head,1,0.7908445039472621,374,24,single
chromalive_488_excitation,multitab_pilot,1,0.7823052189385168,374,24,single
chromalive_488_excitation,midas_ops,1,0.6060329897258686,374,24,single
chromalive_488_excitation,scpair_ops,1,0.7781956735710108,374,24,single
chromalive_488_excitation,ridge,2,0.7142434275675894,366,24,single
chromalive_488_excitation,gbdt,2,0.7763969445549108,366,24,single
chromalive_488_excitation,catboost_multirmse,2,0.743960615423509,366,24,single
chromalive_488_excitation,mlp,2,0.7811780371224571,366,24,single
chromalive_488_excitation,tabm_specialists,2,0.7775956213478556,366,24,single
chromalive_488_excitation,scbutterfly_ops_b,2,0.7409615223252134,366,24,single
chromalive_488_excitation,resmlp_52head,2,0.78410646804155,366,24,single
chromalive_488_excitation,multitab_pilot,2,0.7759573236284757,366,24,single
chromalive_488_excitation,midas_ops,2,0.6034781674354296,366,24,single
chromalive_488_excitation,scpair_ops,2,0.7718015680521385,366,24,single
chromalive_488_excitation,ridge,3,0.7041169715306334,394,24,single
chromalive_488_excitation,gbdt,3,0.764723875695377,394,24,single
chromalive_488_excitation,catboost_multirmse,3,0.7289364949527922,394,24,single
chromalive_488_excitation,mlp,3,0.7509493501051544,394,24,single
chromalive_488_excitation,tabm_specialists,3,0.7796268694070326,394,24,single
chromalive_488_excitation,scbutterfly_ops_b,3,0.7261728628528742,394,24,single
chromalive_488_excitation,resmlp_52head,3,0.7792557008571634,394,24,single
chromalive_488_excitation,multitab_pilot,3,0.7626415416344813,394,24,single
chromalive_488_excitation,midas_ops,3,0.6458511868879295,394,24,single
chromalive_488_excitation,scpair_ops,3,0.7478371288928649,394,24,single
chromalive_488_excitation,ridge,4,0.720413773617239,444,24,single
chromalive_488_excitation,gbdt,4,0.7757567593015638,444,24,single
chromalive_488_excitation,catboost_multirmse,4,0.7516533424592972,444,24,single
chromalive_488_excitation,mlp,4,0.7764939158190688,444,24,single
chromalive_488_excitation,tabm_specialists,4,0.7834018865419633,444,24,single
chromalive_488_excitation,scbutterfly_ops_b,4,0.754333605377609,444,24,single
chromalive_488_excitation,resmlp_52head,4,0.783116824857362,444,24,single
chromalive_488_excitation,multitab_pilot,4,0.7659296061491414,444,24,single
chromalive_488_excitation,midas_ops,4,0.6087866080946664,444,24,single
chromalive_488_excitation,scpair_ops,4,0.7629630367148277,444,24,single
chromatin_h2bc21,ridge,0,0.6832536286986443,422,24,single
chromatin_h2bc21,gbdt,0,0.747237003759247,422,24,single
chromatin_h2bc21,catboost_multirmse,0,0.7265567186472413,422,24,single
chromatin_h2bc21,mlp,0,0.7495199676234053,422,24,single
chromatin_h2bc21,tabm_specialists,0,0.7392708607539653,422,24,single
chromatin_h2bc21,scbutterfly_ops_b,0,0.6902666663558898,422,24,single
chromatin_h2bc21,resmlp_52head,0,0.7361069119980659,422,24,single
chromatin_h2bc21,multitab_pilot,0,0.7175320174587948,422,24,single
chromatin_h2bc21,midas_ops,0,0.5719834081053777,422,24,single
chromatin_h2bc21,scpair_ops,0,0.7255606253087986,422,24,single
chromatin_h2bc21,ridge,1,0.7586784897554564,374,24,single
chromatin_h2bc21,gbdt,1,0.7820548093853649,374,24,single
chromatin_h2bc21,catboost_multirmse,1,0.7707906927151466,374,24,single
chromatin_h2bc21,mlp,1,0.7790351911841062,374,24,single
chromatin_h2bc21,tabm_specialists,1,0.7721242332892059,374,24,single
chromatin_h2bc21,scbutterfly_ops_b,1,0.7430525943755507,374,24,single
chromatin_h2bc21,resmlp_52head,1,0.7675257720553353,374,24,single
chromatin_h2bc21,multitab_pilot,1,0.7740766658637975,374,24,single
chromatin_h2bc21,midas_ops,1,0.5963415237395461,374,24,single
chromatin_h2bc21,scpair_ops,1,0.7756147154098518,374,24,single
chromatin_h2bc21,ridge,2,0.7389987647012148,366,24,single
chromatin_h2bc21,gbdt,2,0.7932904525079073,366,24,single
chromatin_h2bc21,catboost_multirmse,2,0.7699462318568902,366,24,single
chromatin_h2bc21,mlp,2,0.8033842503767223,366,24,single
chromatin_h2bc21,tabm_specialists,2,0.8012477117200637,366,24,single
chromatin_h2bc21,scbutterfly_ops_b,2,0.7267073538386778,366,24,single
chromatin_h2bc21,resmlp_52head,2,0.7954951433996569,366,24,single
chromatin_h2bc21,multitab_pilot,2,0.7634413249467468,366,24,single
chromatin_h2bc21,midas_ops,2,0.5707860894743552,366,24,single
chromatin_h2bc21,scpair_ops,2,0.7827062876530793,366,24,single
chromatin_h2bc21,ridge,3,0.7331339243863987,394,24,single
chromatin_h2bc21,gbdt,3,0.776621757168703,394,24,single
chromatin_h2bc21,catboost_multirmse,3,0.7574556244955791,394,24,single
chromatin_h2bc21,mlp,3,0.7790643880971991,394,24,single
chromatin_h2bc21,tabm_specialists,3,0.774916929037491,394,24,single
chromatin_h2bc21,scbutterfly_ops_b,3,0.7157242594410701,394,24,single
chromatin_h2bc21,resmlp_52head,3,0.7721369582462031,394,24,single
chromatin_h2bc21,multitab_pilot,3,0.7457716581249013,394,24,single
chromatin_h2bc21,midas_ops,3,0.6227908613239053,394,24,single
chromatin_h2bc21,scpair_ops,3,0.7623078262684225,394,24,single
chromatin_h2bc21,ridge,4,0.7063392483759108,444,24,single
chromatin_h2bc21,gbdt,4,0.7784993246905637,444,24,single
chromatin_h2bc21,catboost_multirmse,4,0.7480313710679365,444,24,single
chromatin_h2bc21,mlp,4,0.7762818438703598,444,24,single
chromatin_h2bc21,tabm_specialists,4,0.7799813244618227,444,24,single
chromatin_h2bc21,scbutterfly_ops_b,4,0.7128874868597053,444,24,single
chromatin_h2bc21,resmlp_52head,4,0.7715503179894186,444,24,single
chromatin_h2bc21,multitab_pilot,4,0.7276388992112309,444,24,single
chromatin_h2bc21,midas_ops,4,0.5338634291054103,444,24,single
chromatin_h2bc21,scpair_ops,4,0.7607148751076135,444,24,single
plasma_membrane_atp1b3,ridge,0,0.7187496925882706,422,24,single
plasma_membrane_atp1b3,gbdt,0,0.7223979618541739,422,24,single
plasma_membrane_atp1b3,catboost_multirmse,0,0.7054430291912213,422,24,single
plasma_membrane_atp1b3,mlp,0,0.7332971869884717,422,24,single
plasma_membrane_atp1b3,tabm_specialists,0,0.7283327604224641,422,24,single
plasma_membrane_atp1b3,scbutterfly_ops_b,0,0.5104425833006287,422,24,single
plasma_membrane_atp1b3,resmlp_52head,0,0.7127399301048967,422,24,single
plasma_membrane_atp1b3,multitab_pilot,0,0.7156911375748877,422,24,single
plasma_membrane_atp1b3,midas_ops,0,0.6255361539149112,422,24,single
plasma_membrane_atp1b3,scpair_ops,0,0.6941642344115536,422,24,single
plasma_membrane_atp1b3,ridge,1,0.7557941065740259,374,24,single
plasma_membrane_atp1b3,gbdt,1,0.7541472828488303,374,24,single
plasma_membrane_atp1b3,catboost_multirmse,1,0.7475074790405851,374,24,single
plasma_membrane_atp1b3,mlp,1,0.7617501163997448,374,24,single
plasma_membrane_atp1b3,tabm_specialists,1,0.7539171724803889,374,24,single
plasma_membrane_atp1b3,scbutterfly_ops_b,1,0.535539295840155,374,24,single
plasma_membrane_atp1b3,resmlp_52head,1,0.7378622779498416,374,24,single
plasma_membrane_atp1b3,multitab_pilot,1,0.7554656239363159,374,24,single
plasma_membrane_atp1b3,midas_ops,1,0.6719327442374802,374,24,single
plasma_membrane_atp1b3,scpair_ops,1,0.7326927898658714,374,24,single
plasma_membrane_atp1b3,ridge,2,0.7620400656438537,366,24,single
plasma_membrane_atp1b3,gbdt,2,0.7705636520998512,366,24,single
plasma_membrane_atp1b3,catboost_multirmse,2,0.7619957678416086,366,24,single
plasma_membrane_atp1b3,mlp,2,0.7770163750369393,366,24,single
plasma_membrane_atp1b3,tabm_specialists,2,0.7700147560600525,366,24,single
plasma_membrane_atp1b3,scbutterfly_ops_b,2,0.537599420058651,366,24,single
plasma_membrane_atp1b3,resmlp_52head,2,0.7624482483125904,366,24,single
plasma_membrane_atp1b3,multitab_pilot,2,0.761287721940814,366,24,single
plasma_membrane_atp1b3,midas_ops,2,0.6805168652040673,366,24,single
plasma_membrane_atp1b3,scpair_ops,2,0.7281722401847069,366,24,single
plasma_membrane_atp1b3,ridge,3,0.733149206868695,394,24,single
plasma_membrane_atp1b3,gbdt,3,0.73029737659496,394,24,single
plasma_membrane_atp1b3,catboost_multirmse,3,0.7243535916729402,394,24,single
plasma_membrane_atp1b3,mlp,3,0.7427169909745075,394,24,single
plasma_membrane_atp1b3,tabm_specialists,3,0.7384146161345727,394,24,single
plasma_membrane_atp1b3,scbutterfly_ops_b,3,0.5137847332870256,394,24,single
plasma_membrane_atp1b3,resmlp_52head,3,0.7285807191060384,394,24,single
plasma_membrane_atp1b3,multitab_pilot,3,0.7286896581034547,394,24,single
plasma_membrane_atp1b3,midas_ops,3,0.6449850807912384,394,24,single
plasma_membrane_atp1b3,scpair_ops,3,0.7144912440565868,394,24,single
plasma_membrane_atp1b3,ridge,4,0.7868152060961636,444,24,single
plasma_membrane_atp1b3,gbdt,4,0.7966674633337981,444,24,single
plasma_membrane_atp1b3,catboost_multirmse,4,0.7907281368438976,444,24,single
plasma_membrane_atp1b3,mlp,4,0.8017295472016294,444,24,single
plasma_membrane_atp1b3,tabm_specialists,4,0.7947655012232149,444,24,single
plasma_membrane_atp1b3,scbutterfly_ops_b,4,0.5381521525336163,444,24,single
plasma_membrane_atp1b3,resmlp_52head,4,0.8011078278544753,444,24,single
plasma_membrane_atp1b3,multitab_pilot,4,0.7924336601777066,444,24,single
plasma_membrane_atp1b3,midas_ops,4,0.7055926458097505,444,24,single
plasma_membrane_atp1b3,scpair_ops,4,0.7738328864277078,444,24,single
endocytic_vesicle_ph_phrodo-dextran_live_cell_dye,ridge,0,0.7567849395242363,422,24,single
endocytic_vesicle_ph_phrodo-dextran_live_cell_dye,gbdt,0,0.7860635589865251,422,24,single
endocytic_vesicle_ph_phrodo-dextran_live_cell_dye,catboost_multirmse,0,0.7783886680435792,422,24,single
endocytic_vesicle_ph_phrodo-dextran_live_cell_dye,mlp,0,0.7912326710790113,422,24,single
endocytic_vesicle_ph_phrodo-dextran_live_cell_dye,tabm_specialists,0,0.7974238366553009,422,24,single
endocytic_vesicle_ph_phrodo-dextran_live_cell_dye,scbutterfly_ops_b,0,0.7515295136802687,422,24,single
endocytic_vesicle_ph_phrodo-dextran_live_cell_dye,resmlp_52head,0,0.7880038409882308,422,24,single
endocytic_vesicle_ph_phrodo-dextran_live_cell_dye,multitab_pilot,0,0.7621969625050005,422,24,single
endocytic_vesicle_ph_phrodo-dextran_live_cell_dye,midas_ops,0,0.6708844338392393,422,24,single
endocytic_vesicle_ph_phrodo-dextran_live_cell_dye,scpair_ops,0,0.776999863002401,422,24,single
endocytic_vesicle_ph_phrodo-dextran_live_cell_dye,ridge,1,0.7269834824757933,374,24,single
endocytic_vesicle_ph_phrodo-dextran_live_cell_dye,gbdt,1,0.774302470315679,374,24,single
endocytic_vesicle_ph_phrodo-dextran_live_cell_dye,catboost_multirmse,1,0.7473523949147912,374,24,single
endocytic_vesicle_ph_phrodo-dextran_live_cell_dye,mlp,1,0.7773752157367099,374,24,single
endocytic_vesicle_ph_phrodo-dextran_live_cell_dye,tabm_specialists,1,0.7820573041709374,374,24,single
endocytic_vesicle_ph_phrodo-dextran_live_cell_dye,scbutterfly_ops_b,1,0.7387180713691816,374,24,single
endocytic_vesicle_ph_phrodo-dextran_live_cell_dye,resmlp_52head,1,0.7696076494039978,374,24,single
endocytic_vesicle_ph_phrodo-dextran_live_cell_dye,multitab_pilot,1,0.737441739080691,374,24,single
endocytic_vesicle_ph_phrodo-dextran_live_cell_dye,midas_ops,1,0.5714168822184806,374,24,single
endocytic_vesicle_ph_phrodo-dextran_live_cell_dye,scpair_ops,1,0.7549577924771332,374,24,single
endocytic_vesicle_ph_phrodo-dextran_live_cell_dye,ridge,2,0.7143269690630789,366,24,single
endocytic_vesicle_ph_phrodo-dextran_live_cell_dye,gbdt,2,0.7453512058012982,366,24,single
endocytic_vesicle_ph_phrodo-dextran_live_cell_dye,catboost_multirmse,2,0.7336909505395375,366,24,single
endocytic_vesicle_ph_phrodo-dextran_live_cell_dye,mlp,2,0.7246105981615653,366,24,single
endocytic_vesicle_ph_phrodo-dextran_live_cell_dye,tabm_specialists,2,0.7439942138691378,366,24,single
endocytic_vesicle_ph_phrodo-dextran_live_cell_dye,scbutterfly_ops_b,2,0.7014682501608154,366,24,single
endocytic_vesicle_ph_phrodo-dextran_live_cell_dye,resmlp_52head,2,0.7376494560750332,366,24,single
endocytic_vesicle_ph_phrodo-dextran_live_cell_dye,multitab_pilot,2,0.7352783207542274,366,24,single
endocytic_vesicle_ph_phrodo-dextran_live_cell_dye,midas_ops,2,0.5843454148360879,366,24,single
endocytic_vesicle_ph_phrodo-dextran_live_cell_dye,scpair_ops,2,0.724443217106317,366,24,single
endocytic_vesicle_ph_phrodo-dextran_live_cell_dye,ridge,3,0.7233067013933456,394,24,single
endocytic_vesicle_ph_phrodo-dextran_live_cell_dye,gbdt,3,0.7686428375540352,394,24,single
endocytic_vesicle_ph_phrodo-dextran_live_cell_dye,catboost_multirmse,3,0.7524154032707834,394,24,single
endocytic_vesicle_ph_phrodo-dextran_live_cell_dye,mlp,3,0.7512663504616572,394,24,single
endocytic_vesicle_ph_phrodo-dextran_live_cell_dye,tabm_specialists,3,0.7606779535172511,394,24,single
endocytic_vesicle_ph_phrodo-dextran_live_cell_dye,scbutterfly_ops_b,3,0.7298794363024467,394,24,single
endocytic_vesicle_ph_phrodo-dextran_live_cell_dye,resmlp_52head,3,0.7596010362468951,394,24,single
endocytic_vesicle_ph_phrodo-dextran_live_cell_dye,multitab_pilot,3,0.7413307082311292,394,24,single
endocytic_vesicle_ph_phrodo-dextran_live_cell_dye,midas_ops,3,0.6498576312164716,394,24,single
endocytic_vesicle_ph_phrodo-dextran_live_cell_dye,scpair_ops,3,0.7461726166085585,394,24,single
endocytic_vesicle_ph_phrodo-dextran_live_cell_dye,ridge,4,0.689992623416645,444,24,single
endocytic_vesicle_ph_phrodo-dextran_live_cell_dye,gbdt,4,0.7383098987112056,444,24,single
endocytic_vesicle_ph_phrodo-dextran_live_cell_dye,catboost_multirmse,4,0.7208437022274509,444,24,single
endocytic_vesicle_ph_phrodo-dextran_live_cell_dye,mlp,4,0.7273478405244264,444,24,single
endocytic_vesicle_ph_phrodo-dextran_live_cell_dye,tabm_specialists,4,0.707927544789226,444,24,single
endocytic_vesicle_ph_phrodo-dextran_live_cell_dye,scbutterfly_ops_b,4,0.6935907836023306,444,24,single
endocytic_vesicle_ph_phrodo-dextran_live_cell_dye,resmlp_52head,4,0.7292330081849251,444,24,single
endocytic_vesicle_ph_phrodo-dextran_live_cell_dye,multitab_pilot,4,0.7112326597536551,444,24,single
endocytic_vesicle_ph_phrodo-dextran_live_cell_dye,midas_ops,4,0.5894027918057855,444,24,single
endocytic_vesicle_ph_phrodo-dextran_live_cell_dye,scpair_ops,4,0.7139110408263177,444,24,single
5xupre,ridge,0,0.7361276441236044,1266,20,single
5xupre,gbdt,0,0.7402252459199367,1266,20,single
5xupre,catboost_multirmse,0,0.731088427003353,1266,20,single
5xupre,mlp,0,0.7418668616093063,1266,20,single
5xupre,tabm_specialists,0,0.744734492934243,1266,20,single
5xupre,scbutterfly_ops_b,0,0.6709575940714323,1266,20,single
5xupre,resmlp_52head,0,0.7371562754287131,1266,20,single
5xupre,multitab_pilot,0,0.7341249088706505,1266,20,single
5xupre,midas_ops,0,0.6872929888828188,1266,20,single
5xupre,scpair_ops,0,0.7364681291621707,1266,20,single
5xupre,ridge,1,0.7466269041223327,1122,20,single
5xupre,gbdt,1,0.7495096222698583,1122,20,single
5xupre,catboost_multirmse,1,0.745320571874357,1122,20,single
5xupre,mlp,1,0.7516188241172563,1122,20,single
5xupre,tabm_specialists,1,0.7531295276911777,1122,20,single
5xupre,scbutterfly_ops_b,1,0.6267801997443063,1122,20,single
5xupre,resmlp_52head,1,0.7459995823730969,1122,20,single
5xupre,multitab_pilot,1,0.7436915643861802,1122,20,single
5xupre,midas_ops,1,0.672919099328845,1122,20,single
5xupre,scpair_ops,1,0.7396490061949879,1122,20,single
5xupre,ridge,2,0.7365607628219999,1098,20,single
5xupre,gbdt,2,0.756844924202294,1098,20,single
5xupre,catboost_multirmse,2,0.7634881914208258,1098,20,single
5xupre,mlp,2,0.7614479954963747,1098,20,single
5xupre,tabm_specialists,2,0.7640541173186659,1098,20,single
5xupre,scbutterfly_ops_b,2,0.6958877143252271,1098,20,single
5xupre,resmlp_52head,2,0.7662435888751367,1098,20,single
5xupre,multitab_pilot,2,0.7610860629554943,1098,20,single
5xupre,midas_ops,2,0.7187237461087148,1098,20,single
5xupre,scpair_ops,2,0.7616164644175354,1098,20,single
5xupre,ridge,3,0.7386060239290821,1182,20,single
5xupre,gbdt,3,0.7512705872605331,1182,20,single
5xupre,catboost_multirmse,3,0.7410238823180247,1182,20,single
5xupre,mlp,3,0.7546595424796128,1182,20,single
5xupre,tabm_specialists,3,0.7572398336331142,1182,20,single
5xupre,scbutterfly_ops_b,3,0.6665975057716952,1182,20,single
5xupre,resmlp_52head,3,0.7526540033867506,1182,20,single
5xupre,multitab_pilot,3,0.7431679852344263,1182,20,single
5xupre,midas_ops,3,0.6880238748830411,1182,20,single
5xupre,scpair_ops,3,0.7416654809624412,1182,20,single
5xupre,ridge,4,0.7418918705562552,1332,20,single
5xupre,gbdt,4,0.7408611337496898,1332,20,single
5xupre,catboost_multirmse,4,0.7360586965212419,1332,20,single
5xupre,mlp,4,0.7462067126178937,1332,20,single
5xupre,tabm_specialists,4,0.7456766293345842,1332,20,single
5xupre,scbutterfly_ops_b,4,0.684904351325385,1332,20,single
5xupre,resmlp_52head,4,0.7452205713045899,1332,20,single
5xupre,multitab_pilot,4,0.7416098876130092,1332,20,single
5xupre,midas_ops,4,0.6488999689972538,1332,20,single
5xupre,scpair_ops,4,0.7379742228623678,1332,20,single
f-actin_phalloidin,ridge,0,0.7426049830961501,211,72,single
f-actin_phalloidin,gbdt,0,0.7504513674069947,211,72,single
f-actin_phalloidin,catboost_multirmse,0,0.7418053250870552,211,72,single
f-actin_phalloidin,mlp,0,0.7499227005647504,211,72,single
f-actin_phalloidin,tabm_specialists,0,0.7689864413915095,211,72,single
f-actin_phalloidin,scbutterfly_ops_b,0,0.727632026876862,211,72,single
f-actin_phalloidin,resmlp_52head,0,0.7098967007327406,211,72,single
f-actin_phalloidin,multitab_pilot,0,0.7479626396793447,211,72,single
f-actin_phalloidin,midas_ops,0,0.6822606554873591,211,72,single
f-actin_phalloidin,scpair_ops,0,0.7487248814974534,211,72,single
f-actin_phalloidin,ridge,1,0.7056094198991757,187,72,single
f-actin_phalloidin,gbdt,1,0.7173448934398642,187,72,single
f-actin_phalloidin,catboost_multirmse,1,0.7095817301289209,187,72,single
f-actin_phalloidin,mlp,1,0.7163336812825999,187,72,single
f-actin_phalloidin,tabm_specialists,1,0.7277604797601592,187,72,single
f-actin_phalloidin,scbutterfly_ops_b,1,0.6628268133468346,187,72,single
f-actin_phalloidin,resmlp_52head,1,0.6950087928424359,187,72,single
f-actin_phalloidin,multitab_pilot,1,0.719921266762943,187,72,single
f-actin_phalloidin,midas_ops,1,0.5677448831630539,187,72,single
f-actin_phalloidin,scpair_ops,1,0.7104735489778226,187,72,single
f-actin_phalloidin,ridge,2,0.7619351518709715,183,72,single
f-actin_phalloidin,gbdt,2,0.768820386121301,183,72,single
f-actin_phalloidin,catboost_multirmse,2,0.761130445630616,183,72,single
f-actin_phalloidin,mlp,2,0.7714013720300746,183,72,single
f-actin_phalloidin,tabm_specialists,2,0.7762445867401363,183,72,single
f-actin_phalloidin,scbutterfly_ops_b,2,0.7383350125895759,183,72,single
f-actin_phalloidin,resmlp_52head,2,0.755614463893721,183,72,single
f-actin_phalloidin,multitab_pilot,2,0.7641480170265074,183,72,single
f-actin_phalloidin,midas_ops,2,0.6235687545801939,183,72,single
f-actin_phalloidin,scpair_ops,2,0.764331757162242,183,72,single
f-actin_phalloidin,ridge,3,0.7293163079029964,197,72,single
f-actin_phalloidin,gbdt,3,0.7439296390556426,197,72,single
f-actin_phalloidin,catboost_multirmse,3,0.7359934407490698,197,72,single
f-actin_phalloidin,mlp,3,0.7467438492740754,197,72,single
f-actin_phalloidin,tabm_specialists,3,0.749856708404448,197,72,single
f-actin_phalloidin,scbutterfly_ops_b,3,0.6921660705084169,197,72,single
f-actin_phalloidin,resmlp_52head,3,0.7106019215497729,197,72,single
f-actin_phalloidin,multitab_pilot,3,0.7480441227755991,197,72,single
f-actin_phalloidin,midas_ops,3,0.6478383855642356,197,72,single
f-actin_phalloidin,scpair_ops,3,0.7427994958861301,197,72,single
f-actin_phalloidin,ridge,4,0.7310789202722092,222,72,single
f-actin_phalloidin,gbdt,4,0.7490675819988426,222,72,single
f-actin_phalloidin,catboost_multirmse,4,0.7415951352743302,222,72,single
f-actin_phalloidin,mlp,4,0.74433973109337,222,72,single
f-actin_phalloidin,tabm_specialists,4,0.7530109863285688,222,72,single
f-actin_phalloidin,scbutterfly_ops_b,4,0.7065080344252738,222,72,single
f-actin_phalloidin,resmlp_52head,4,0.7018334937662188,222,72,single
f-actin_phalloidin,multitab_pilot,4,0.745511954802271,222,72,single
f-actin_phalloidin,midas_ops,4,0.6038479439313565,222,72,single
f-actin_phalloidin,scpair_ops,4,0.7431421292871047,222,72,single
mitochondria_tomm70a,ridge,0,0.7244472630471055,422,24,single
mitochondria_tomm70a,gbdt,0,0.7449139298659784,422,24,single
mitochondria_tomm70a,catboost_multirmse,0,0.7329028861228511,422,24,single
mitochondria_tomm70a,mlp,0,0.7454169913959167,422,24,single
mitochondria_tomm70a,tabm_specialists,0,0.746337418536549,422,24,single
mitochondria_tomm70a,scbutterfly_ops_b,0,0.6824018428802817,422,24,single
mitochondria_tomm70a,resmlp_52head,0,0.7390050833039083,422,24,single
mitochondria_tomm70a,multitab_pilot,0,0.7327243832767149,422,24,single
mitochondria_tomm70a,midas_ops,0,0.6581201815267779,422,24,single
mitochondria_tomm70a,scpair_ops,0,0.72451169049544,422,24,single
mitochondria_tomm70a,ridge,1,0.7303375149590053,374,24,single
mitochondria_tomm70a,gbdt,1,0.7566187519503389,374,24,single
mitochondria_tomm70a,catboost_multirmse,1,0.7452917906907514,374,24,single
mitochondria_tomm70a,mlp,1,0.7477939155156174,374,24,single
mitochondria_tomm70a,tabm_specialists,1,0.758767130861537,374,24,single
mitochondria_tomm70a,scbutterfly_ops_b,1,0.714695654225785,374,24,single
mitochondria_tomm70a,resmlp_52head,1,0.7566216048451669,374,24,single
mitochondria_tomm70a,multitab_pilot,1,0.7464544710632608,374,24,single
mitochondria_tomm70a,midas_ops,1,0.5267694724822839,374,24,single
mitochondria_tomm70a,scpair_ops,1,0.7408866773655817,374,24,single
mitochondria_tomm70a,ridge,2,0.7208805331225764,366,24,single
mitochondria_tomm70a,gbdt,2,0.7488372909019629,366,24,single
mitochondria_tomm70a,catboost_multirmse,2,0.7321386883924458,366,24,single
mitochondria_tomm70a,mlp,2,0.7508720948692789,366,24,single
mitochondria_tomm70a,tabm_specialists,2,0.7507221607474408,366,24,single
mitochondria_tomm70a,scbutterfly_ops_b,2,0.7023564573077269,366,24,single
mitochondria_tomm70a,resmlp_52head,2,0.7485686373943331,366,24,single
mitochondria_tomm70a,multitab_pilot,2,0.7351108578610507,366,24,single
mitochondria_tomm70a,midas_ops,2,0.5196905113799558,366,24,single
mitochondria_tomm70a,scpair_ops,2,0.7338980585164657,366,24,single
mitochondria_tomm70a,ridge,3,0.7302476608176166,394,24,single
mitochondria_tomm70a,gbdt,3,0.7406907319551405,394,24,single
mitochondria_tomm70a,catboost_multirmse,3,0.7287078868088072,394,24,single
mitochondria_tomm70a,mlp,3,0.735389246289146,394,24,single
mitochondria_tomm70a,tabm_specialists,3,0.7442728936959438,394,24,single
mitochondria_tomm70a,scbutterfly_ops_b,3,0.6841049343157084,394,24,single
mitochondria_tomm70a,resmlp_52head,3,0.7429471879047878,394,24,single
mitochondria_tomm70a,multitab_pilot,3,0.7333631402216416,394,24,single
mitochondria_tomm70a,midas_ops,3,0.6312425886987764,394,24,single
mitochondria_tomm70a,scpair_ops,3,0.7210929434611949,394,24,single
mitochondria_tomm70a,ridge,4,0.7385761160600658,444,24,single
mitochondria_tomm70a,gbdt,4,0.7682408457175384,444,24,single
mitochondria_tomm70a,catboost_multirmse,4,0.7552109284346352,444,24,single
mitochondria_tomm70a,mlp,4,0.7532805065393009,444,24,single
mitochondria_tomm70a,tabm_specialists,4,0.7636420550951275,444,24,single
mitochondria_tomm70a,scbutterfly_ops_b,4,0.7082387163220881,444,24,single
mitochondria_tomm70a,resmlp_52head,4,0.7632860409654681,444,24,single
mitochondria_tomm70a,multitab_pilot,4,0.7477262835273106,444,24,single
mitochondria_tomm70a,midas_ops,4,0.5042169697325183,444,24,single
mitochondria_tomm70a,scpair_ops,4,0.7466901280147512,444,24,single
lysosome_lamp1,ridge,0,0.7418321861750545,422,24,single
lysosome_lamp1,gbdt,0,0.765661235408006,422,24,single
lysosome_lamp1,catboost_multirmse,0,0.7480933343420823,422,24,single
lysosome_lamp1,mlp,0,0.7657255273231404,422,24,single
lysosome_lamp1,tabm_specialists,0,0.7567557235147756,422,24,single
lysosome_lamp1,scbutterfly_ops_b,0,0.5207269159227997,422,24,single
lysosome_lamp1,resmlp_52head,0,0.7546067608309425,422,24,single
lysosome_lamp1,multitab_pilot,0,0.7513733142440167,422,24,single
lysosome_lamp1,midas_ops,0,0.6205982576732202,422,24,single
lysosome_lamp1,scpair_ops,0,0.7357779364063943,422,24,single
lysosome_lamp1,ridge,1,0.7526845492453119,374,24,single
lysosome_lamp1,gbdt,1,0.7019479897065434,374,24,single
lysosome_lamp1,catboost_multirmse,1,0.6824426546824848,374,24,single
lysosome_lamp1,mlp,1,0.7046668879656393,374,24,single
lysosome_lamp1,tabm_specialists,1,0.7735115147673741,374,24,single
lysosome_lamp1,scbutterfly_ops_b,1,0.6073415469937035,374,24,single
lysosome_lamp1,resmlp_52head,1,0.6837471827882053,374,24,single
lysosome_lamp1,multitab_pilot,1,0.6969929097904691,374,24,single
lysosome_lamp1,midas_ops,1,0.5781623378811805,374,24,single
lysosome_lamp1,scpair_ops,1,0.7089806977754437,374,24,single
lysosome_lamp1,ridge,2,0.7405987597271949,366,24,single
lysosome_lamp1,gbdt,2,0.7540605171460321,366,24,single
lysosome_lamp1,catboost_multirmse,2,0.7443001037123017,366,24,single
lysosome_lamp1,mlp,2,0.7620932260074871,366,24,single
lysosome_lamp1,tabm_specialists,2,0.7553944240243468,366,24,single
lysosome_lamp1,scbutterfly_ops_b,2,0.5024216242630423,366,24,single
lysosome_lamp1,resmlp_52head,2,0.7435107420096067,366,24,single
lysosome_lamp1,multitab_pilot,2,0.7461827178894979,366,24,single
lysosome_lamp1,midas_ops,2,0.6186279660152431,366,24,single
lysosome_lamp1,scpair_ops,2,0.7277065547294302,366,24,single
lysosome_lamp1,ridge,3,0.7385881793309945,394,24,single
lysosome_lamp1,gbdt,3,0.7541246949149804,394,24,single
lysosome_lamp1,catboost_multirmse,3,0.7433321820736776,394,24,single
lysosome_lamp1,mlp,3,0.7552380348442144,394,24,single
lysosome_lamp1,tabm_specialists,3,0.7589522198736575,394,24,single
lysosome_lamp1,scbutterfly_ops_b,3,0.5286757195362476,394,24,single
lysosome_lamp1,resmlp_52head,3,0.727392636235697,394,24,single
lysosome_lamp1,multitab_pilot,3,0.7428802283731013,394,24,single
lysosome_lamp1,midas_ops,3,0.6379451003912754,394,24,single
lysosome_lamp1,scpair_ops,3,0.7200750242239199,394,24,single
lysosome_lamp1,ridge,4,0.7343122843117585,444,24,single
lysosome_lamp1,gbdt,4,0.7596297317854175,444,24,single
lysosome_lamp1,catboost_multirmse,4,0.7537722077560355,444,24,single
lysosome_lamp1,mlp,4,0.7682809786567701,444,24,single
lysosome_lamp1,tabm_specialists,4,0.7722762655016876,444,24,single
lysosome_lamp1,scbutterfly_ops_b,4,0.5311870440856071,444,24,single
lysosome_lamp1,resmlp_52head,4,0.7581295806483267,444,24,single
lysosome_lamp1,multitab_pilot,4,0.758019400083592,444,24,single
lysosome_lamp1,midas_ops,4,0.631064740732845,444,24,single
lysosome_lamp1,scpair_ops,4,0.730113042095054,444,24,single
autophagosome_atg101,ridge,0,0.7578856721656381,422,24,single
autophagosome_atg101,gbdt,0,0.7500128120506897,422,24,single
autophagosome_atg101,catboost_multirmse,0,0.7474205918980784,422,24,single
autophagosome_atg101,mlp,0,0.7631083733177784,422,24,single
autophagosome_atg101,tabm_specialists,0,0.7526769811113508,422,24,single
autophagosome_atg101,scbutterfly_ops_b,0,0.5357107550842017,422,24,single
autophagosome_atg101,resmlp_52head,0,0.7393632589641869,422,24,single
autophagosome_atg101,multitab_pilot,0,0.7444724464638539,422,24,single
autophagosome_atg101,midas_ops,0,0.6603865743107036,422,24,single
autophagosome_atg101,scpair_ops,0,0.7228477734764787,422,24,single
autophagosome_atg101,ridge,1,0.6814508635520863,374,24,single
autophagosome_atg101,gbdt,1,0.6862036286300638,374,24,single
autophagosome_atg101,catboost_multirmse,1,0.6797483989057268,374,24,single
autophagosome_atg101,mlp,1,0.6897301964758645,374,24,single
autophagosome_atg101,tabm_specialists,1,0.6868841648961236,374,24,single
autophagosome_atg101,scbutterfly_ops_b,1,0.3547140684356392,374,24,single
autophagosome_atg101,resmlp_52head,1,0.6622165964438466,374,24,single
autophagosome_atg101,multitab_pilot,1,0.6765340258972703,374,24,single
autophagosome_atg101,midas_ops,1,0.5547004099769078,374,24,single
autophagosome_atg101,scpair_ops,1,0.6460786126807404,374,24,single
autophagosome_atg101,ridge,2,0.6707572669411759,366,24,single
autophagosome_atg101,gbdt,2,0.6782832754679594,366,24,single
autophagosome_atg101,catboost_multirmse,2,0.6654882562389167,366,24,single
autophagosome_atg101,mlp,2,0.6721514911093754,366,24,single
autophagosome_atg101,tabm_specialists,2,0.6697851327873029,366,24,single
autophagosome_atg101,scbutterfly_ops_b,2,0.4764945334238175,366,24,single
autophagosome_atg101,resmlp_52head,2,0.6419311214391038,366,24,single
autophagosome_atg101,multitab_pilot,2,0.6648475407410682,366,24,single
autophagosome_atg101,midas_ops,2,0.545599186279175,366,24,single
autophagosome_atg101,scpair_ops,2,0.6296282952760639,366,24,single
autophagosome_atg101,ridge,3,0.6804000456900375,394,24,single
autophagosome_atg101,gbdt,3,0.6683919784146671,394,24,single
autophagosome_atg101,catboost_multirmse,3,0.6620007629409035,394,24,single
autophagosome_atg101,mlp,3,0.6753085135341399,394,24,single
autophagosome_atg101,tabm_specialists,3,0.6803996027608727,394,24,single
autophagosome_atg101,scbutterfly_ops_b,3,0.4367004472620664,394,24,single
autophagosome_atg101,resmlp_52head,3,0.6463410274684028,394,24,single
autophagosome_atg101,multitab_pilot,3,0.6638552728859326,394,24,single
autophagosome_atg101,midas_ops,3,0.5479519419887079,394,24,single
autophagosome_atg101,scpair_ops,3,0.6292971616004502,394,24,single
autophagosome_atg101,ridge,4,0.7589492168810907,444,24,single
autophagosome_atg101,gbdt,4,0.7753289495726285,444,24,single
autophagosome_atg101,catboost_multirmse,4,0.7662817833116659,444,24,single
autophagosome_atg101,mlp,4,0.7763099795817512,444,24,single
autophagosome_atg101,tabm_specialists,4,0.7736232422570138,444,24,single
autophagosome_atg101,scbutterfly_ops_b,4,0.4322418051092648,444,24,single
autophagosome_atg101,resmlp_52head,4,0.7599095820671558,444,24,single
autophagosome_atg101,multitab_pilot,4,0.7576558780015469,444,24,single
autophagosome_atg101,midas_ops,4,0.6286420406143679,444,24,single
autophagosome_atg101,scpair_ops,4,0.7318635819718416,444,24,single
nuclear_speckles_srrm2,ridge,0,0.8051704797013933,422,24,single
nuclear_speckles_srrm2,gbdt,0,0.85783889703695,422,24,single
nuclear_speckles_srrm2,catboost_multirmse,0,0.8300700160122311,422,24,single
nuclear_speckles_srrm2,mlp,0,0.868883392707799,422,24,single
nuclear_speckles_srrm2,tabm_specialists,0,0.8500272245795483,422,24,single
nuclear_speckles_srrm2,scbutterfly_ops_b,0,0.7750953303809368,422,24,single
nuclear_speckles_srrm2,resmlp_52head,0,0.8562202622363517,422,24,single
nuclear_speckles_srrm2,multitab_pilot,0,0.8258406379691564,422,24,single
nuclear_speckles_srrm2,midas_ops,0,0.6599218383281065,422,24,single
nuclear_speckles_srrm2,scpair_ops,0,0.837365541736745,422,24,single
nuclear_speckles_srrm2,ridge,1,0.835189321587556,374,24,single
nuclear_speckles_srrm2,gbdt,1,0.8758551897190814,374,24,single
nuclear_speckles_srrm2,catboost_multirmse,1,0.8494912045329727,374,24,single
nuclear_speckles_srrm2,mlp,1,0.8910855022424884,374,24,single
nuclear_speckles_srrm2,tabm_specialists,1,0.8793455285450421,374,24,single
nuclear_speckles_srrm2,scbutterfly_ops_b,1,0.8047772220028725,374,24,single
nuclear_speckles_srrm2,resmlp_52head,1,0.876386262818487,374,24,single
nuclear_speckles_srrm2,multitab_pilot,1,0.8479578182642357,374,24,single
nuclear_speckles_srrm2,midas_ops,1,0.5951146413896171,374,24,single
nuclear_speckles_srrm2,scpair_ops,1,0.865411958096472,374,24,single
nuclear_speckles_srrm2,ridge,2,0.853034820204403,366,24,single
nuclear_speckles_srrm2,gbdt,2,0.8831689498414096,366,24,single
nuclear_speckles_srrm2,catboost_multirmse,2,0.8480802495740676,366,24,single
nuclear_speckles_srrm2,mlp,2,0.888143815151774,366,24,single
nuclear_speckles_srrm2,tabm_specialists,2,0.8879319226585473,366,24,single
nuclear_speckles_srrm2,scbutterfly_ops_b,2,0.8240499829879568,366,24,single
nuclear_speckles_srrm2,resmlp_52head,2,0.8775249555801299,366,24,single
nuclear_speckles_srrm2,multitab_pilot,2,0.8540786721646909,366,24,single
nuclear_speckles_srrm2,midas_ops,2,0.5990058702583164,366,24,single
nuclear_speckles_srrm2,scpair_ops,2,0.8717606107437561,366,24,single
nuclear_speckles_srrm2,ridge,3,0.8306132386877518,394,24,single
nuclear_speckles_srrm2,gbdt,3,0.8686408755057204,394,24,single
nuclear_speckles_srrm2,catboost_multirmse,3,0.8454426339641478,394,24,single
nuclear_speckles_srrm2,mlp,3,0.8737612023551664,394,24,single
nuclear_speckles_srrm2,tabm_specialists,3,0.8731351683685659,394,24,single
nuclear_speckles_srrm2,scbutterfly_ops_b,3,0.804737652691438,394,24,single
nuclear_speckles_srrm2,resmlp_52head,3,0.8675712840541099,394,24,single
nuclear_speckles_srrm2,multitab_pilot,3,0.8422747708109043,394,24,single
nuclear_speckles_srrm2,midas_ops,3,0.6490416740887964,394,24,single
nuclear_speckles_srrm2,scpair_ops,3,0.8586662281619203,394,24,single
nuclear_speckles_srrm2,ridge,4,0.8144613608397954,444,24,single
nuclear_speckles_srrm2,gbdt,4,0.86233812023741,444,24,single
nuclear_speckles_srrm2,catboost_multirmse,4,0.8397862131519073,444,24,single
nuclear_speckles_srrm2,mlp,4,0.8665905340826713,444,24,single
nuclear_speckles_srrm2,tabm_specialists,4,0.864177443849964,444,24,single
nuclear_speckles_srrm2,scbutterfly_ops_b,4,0.805675634437708,444,24,single
nuclear_speckles_srrm2,resmlp_52head,4,0.8599228131605269,444,24,single
nuclear_speckles_srrm2,multitab_pilot,4,0.8392764368133775,444,24,single
nuclear_speckles_srrm2,midas_ops,4,0.6108124950363868,444,24,single
nuclear_speckles_srrm2,scpair_ops,4,0.8478111445334361,444,24,single
proteasome_psmb7,ridge,0,0.5809840839700237,422,24,single
proteasome_psmb7,gbdt,0,0.6221069491088534,422,24,single
proteasome_psmb7,catboost_multirmse,0,0.5930806639913865,422,24,single
proteasome_psmb7,mlp,0,0.6251287776595809,422,24,single
proteasome_psmb7,tabm_specialists,0,0.6209857698233078,422,24,single
proteasome_psmb7,scbutterfly_ops_b,0,0.5384162555887434,422,24,single
proteasome_psmb7,resmlp_52head,0,0.6146053952465799,422,24,single
proteasome_psmb7,multitab_pilot,0,0.6098595818042799,422,24,single
proteasome_psmb7,midas_ops,0,0.4415250199813709,422,24,single
proteasome_psmb7,scpair_ops,0,0.5941691579539866,422,24,single
proteasome_psmb7,ridge,1,0.5826766044454462,374,24,single
proteasome_psmb7,gbdt,1,0.6173915691794002,374,24,single
proteasome_psmb7,catboost_multirmse,1,0.6059868234120848,374,24,single
proteasome_psmb7,mlp,1,0.6222430410636486,374,24,single
proteasome_psmb7,tabm_specialists,1,0.6147975527102593,374,24,single
proteasome_psmb7,scbutterfly_ops_b,1,0.4559595200738353,374,24,single
proteasome_psmb7,resmlp_52head,1,0.611662476068267,374,24,single
proteasome_psmb7,multitab_pilot,1,0.6220886686638029,374,24,single
proteasome_psmb7,midas_ops,1,0.4718978181771301,374,24,single
proteasome_psmb7,scpair_ops,1,0.5994759219524414,374,24,single
proteasome_psmb7,ridge,2,0.5860882692876933,366,24,single
proteasome_psmb7,gbdt,2,0.6060204639024819,366,24,single
proteasome_psmb7,catboost_multirmse,2,0.5902646221633505,366,24,single
proteasome_psmb7,mlp,2,0.6307045119343163,366,24,single
proteasome_psmb7,tabm_specialists,2,0.6167628438058143,366,24,single
proteasome_psmb7,scbutterfly_ops_b,2,0.5086829392893881,366,24,single
proteasome_psmb7,resmlp_52head,2,0.6327203853883985,366,24,single
proteasome_psmb7,multitab_pilot,2,0.6092484757082949,366,24,single
proteasome_psmb7,midas_ops,2,0.4639362828069283,366,24,single
proteasome_psmb7,scpair_ops,2,0.6031651166846611,366,24,single
proteasome_psmb7,ridge,3,0.4960193904469195,394,24,single
proteasome_psmb7,gbdt,3,0.5285638841030673,394,24,single
proteasome_psmb7,catboost_multirmse,3,0.520581303751127,394,24,single
proteasome_psmb7,mlp,3,0.5144105490907105,394,24,single
proteasome_psmb7,tabm_specialists,3,0.5333291141757425,394,24,single
proteasome_psmb7,scbutterfly_ops_b,3,0.438316083482309,394,24,single
proteasome_psmb7,resmlp_52head,3,0.5308090480104194,394,24,single
proteasome_psmb7,multitab_pilot,3,0.5346455959449118,394,24,single
proteasome_psmb7,midas_ops,3,0.3955385548227135,394,24,single
proteasome_psmb7,scpair_ops,3,0.534056925298325,394,24,single
proteasome_psmb7,ridge,4,0.6096821781278979,444,24,single
proteasome_psmb7,gbdt,4,0.6379828401613559,444,24,single
proteasome_psmb7,catboost_multirmse,4,0.6214448674685976,444,24,single
proteasome_psmb7,mlp,4,0.6533719519789541,444,24,single
proteasome_psmb7,tabm_specialists,4,0.6458153260327307,444,24,single
proteasome_psmb7,scbutterfly_ops_b,4,0.5761041703287645,444,24,single
proteasome_psmb7,resmlp_52head,4,0.6454729282558054,444,24,single
proteasome_psmb7,multitab_pilot,4,0.62736603683467,444,24,single
proteasome_psmb7,midas_ops,4,0.4714941249612017,444,24,single
proteasome_psmb7,scpair_ops,4,0.6266780290934499,444,24,single
oxidative_stress_cellrox_live-cell_dye,ridge,0,0.5827820413931333,422,24,single
oxidative_stress_cellrox_live-cell_dye,gbdt,0,0.6302160735843371,422,24,single
oxidative_stress_cellrox_live-cell_dye,catboost_multirmse,0,0.6138262690934791,422,24,single
oxidative_stress_cellrox_live-cell_dye,mlp,0,0.6362273623268094,422,24,single
oxidative_stress_cellrox_live-cell_dye,tabm_specialists,0,0.6277584447872517,422,24,single
oxidative_stress_cellrox_live-cell_dye,scbutterfly_ops_b,0,0.609592938050962,422,24,single
oxidative_stress_cellrox_live-cell_dye,resmlp_52head,0,0.6408435064881371,422,24,single
oxidative_stress_cellrox_live-cell_dye,multitab_pilot,0,0.6120657818930058,422,24,single
oxidative_stress_cellrox_live-cell_dye,midas_ops,0,0.5512857808730137,422,24,single
oxidative_stress_cellrox_live-cell_dye,scpair_ops,0,0.6256850171900471,422,24,single
oxidative_stress_cellrox_live-cell_dye,ridge,1,0.6446665483137167,374,24,single
oxidative_stress_cellrox_live-cell_dye,gbdt,1,0.6764573640467351,374,24,single
oxidative_stress_cellrox_live-cell_dye,catboost_multirmse,1,0.6663113113535789,374,24,single
oxidative_stress_cellrox_live-cell_dye,mlp,1,0.6757464881030594,374,24,single
oxidative_stress_cellrox_live-cell_dye,tabm_specialists,1,0.6940291923235152,374,24,single
oxidative_stress_cellrox_live-cell_dye,scbutterfly_ops_b,1,0.6294396464854973,374,24,single
oxidative_stress_cellrox_live-cell_dye,resmlp_52head,1,0.6952136328106174,374,24,single
oxidative_stress_cellrox_live-cell_dye,multitab_pilot,1,0.6803629260832537,374,24,single
oxidative_stress_cellrox_live-cell_dye,midas_ops,1,0.5726507882171448,374,24,single
oxidative_stress_cellrox_live-cell_dye,scpair_ops,1,0.6698538401690013,374,24,single
oxidative_stress_cellrox_live-cell_dye,ridge,2,0.6469153454918725,366,24,single
oxidative_stress_cellrox_live-cell_dye,gbdt,2,0.6524606965066359,366,24,single
oxidative_stress_cellrox_live-cell_dye,catboost_multirmse,2,0.6313520391105963,366,24,single
oxidative_stress_cellrox_live-cell_dye,mlp,2,0.6439206898795443,366,24,single
oxidative_stress_cellrox_live-cell_dye,tabm_specialists,2,0.6677720541103916,366,24,single
oxidative_stress_cellrox_live-cell_dye,scbutterfly_ops_b,2,0.6498137586102684,366,24,single
oxidative_stress_cellrox_live-cell_dye,resmlp_52head,2,0.6988576219779751,366,24,single
oxidative_stress_cellrox_live-cell_dye,multitab_pilot,2,0.6236080709015913,366,24,single
oxidative_stress_cellrox_live-cell_dye,midas_ops,2,0.4892828332659685,366,24,single
oxidative_stress_cellrox_live-cell_dye,scpair_ops,2,0.6822645690465606,366,24,single
oxidative_stress_cellrox_live-cell_dye,ridge,3,0.6430291860428013,394,24,single
oxidative_stress_cellrox_live-cell_dye,gbdt,3,0.6691713561371575,394,24,single
oxidative_stress_cellrox_live-cell_dye,catboost_multirmse,3,0.6601394547558441,394,24,single
oxidative_stress_cellrox_live-cell_dye,mlp,3,0.6677511840414047,394,24,single
oxidative_stress_cellrox_live-cell_dye,tabm_specialists,3,0.6851954536926103,394,24,single
oxidative_stress_cellrox_live-cell_dye,scbutterfly_ops_b,3,0.6619508889770785,394,24,single
oxidative_stress_cellrox_live-cell_dye,resmlp_52head,3,0.7060992817236432,394,24,single
oxidative_stress_cellrox_live-cell_dye,multitab_pilot,3,0.6558505023206611,394,24,single
oxidative_stress_cellrox_live-cell_dye,midas_ops,3,0.609858407182322,394,24,single
oxidative_stress_cellrox_live-cell_dye,scpair_ops,3,0.6702609453416004,394,24,single
oxidative_stress_cellrox_live-cell_dye,ridge,4,0.6548842969357441,444,24,single
oxidative_stress_cellrox_live-cell_dye,gbdt,4,0.7207411651107224,444,24,single
oxidative_stress_cellrox_live-cell_dye,catboost_multirmse,4,0.7114903324958707,444,24,single
oxidative_stress_cellrox_live-cell_dye,mlp,4,0.7034763541802906,444,24,single
oxidative_stress_cellrox_live-cell_dye,tabm_specialists,4,0.7175080697824336,444,24,single
oxidative_stress_cellrox_live-cell_dye,scbutterfly_ops_b,4,0.6999739388174065,444,24,single
oxidative_stress_cellrox_live-cell_dye,resmlp_52head,4,0.7022532229144508,444,24,single
oxidative_stress_cellrox_live-cell_dye,multitab_pilot,4,0.7084269343710682,444,24,single
oxidative_stress_cellrox_live-cell_dye,midas_ops,4,0.544554245500902,444,24,single
oxidative_stress_cellrox_live-cell_dye,scpair_ops,4,0.6994209389346695,444,24,single
er_ncln,ridge,0,0.6361614141569243,211,24,single
er_ncln,gbdt,0,0.6457863784365888,211,24,single
er_ncln,catboost_multirmse,0,0.6413673473294134,211,24,single
er_ncln,mlp,0,0.6341210760714552,211,24,single
er_ncln,tabm_specialists,0,0.6340253894387254,211,24,single
er_ncln,scbutterfly_ops_b,0,0.4413510703994809,211,24,single
er_ncln,resmlp_52head,0,0.6359586004366956,211,24,single
er_ncln,multitab_pilot,0,0.6380716524510116,211,24,single
er_ncln,midas_ops,0,0.5891805450695516,211,24,single
er_ncln,scpair_ops,0,0.6222843730809416,211,24,single
er_ncln,ridge,1,0.6334502070418624,187,24,single
er_ncln,gbdt,1,0.6386006495410265,187,24,single
er_ncln,catboost_multirmse,1,0.6368745881020336,187,24,single
er_ncln,mlp,1,0.6267213014815164,187,24,single
er_ncln,tabm_specialists,1,0.6161985056846051,187,24,single
er_ncln,scbutterfly_ops_b,1,0.4647040520947635,187,24,single
er_ncln,resmlp_52head,1,0.6191691614587232,187,24,single
er_ncln,multitab_pilot,1,0.6348724732824347,187,24,single
er_ncln,midas_ops,1,0.5287675293647014,187,24,single
er_ncln,scpair_ops,1,0.5937453991557106,187,24,single
er_ncln,ridge,2,0.648187215330131,183,24,single
er_ncln,gbdt,2,0.6516002794915362,183,24,single
er_ncln,catboost_multirmse,2,0.6499394488715816,183,24,single
er_ncln,mlp,2,0.6530655445674598,183,24,single
er_ncln,tabm_specialists,2,0.6233752066762025,183,24,single
er_ncln,scbutterfly_ops_b,2,0.4928146004798564,183,24,single
er_ncln,resmlp_52head,2,0.645691550247466,183,24,single
er_ncln,multitab_pilot,2,0.6601609175392115,183,24,single
er_ncln,midas_ops,2,0.5381449302590966,183,24,single
er_ncln,scpair_ops,2,0.643767997369492,183,24,single
er_ncln,ridge,3,0.6702231272761323,197,24,single
er_ncln,gbdt,3,0.6768819412821537,197,24,single
er_ncln,catboost_multirmse,3,0.6720998550458144,197,24,single
er_ncln,mlp,3,0.6670749153847009,197,24,single
er_ncln,tabm_specialists,3,0.6882477899853656,197,24,single
er_ncln,scbutterfly_ops_b,3,0.4977657546440695,197,24,single
er_ncln,resmlp_52head,3,0.6819864483893007,197,24,single
er_ncln,multitab_pilot,3,0.6822187448980808,197,24,single
er_ncln,midas_ops,3,0.576983751489572,197,24,single
er_ncln,scpair_ops,3,0.658325335224331,197,24,single
er_ncln,ridge,4,0.6826859898486433,222,24,single
er_ncln,gbdt,4,0.6897371005002494,222,24,single
er_ncln,catboost_multirmse,4,0.6853384389662404,222,24,single
er_ncln,mlp,4,0.6945215774665455,222,24,single
er_ncln,tabm_specialists,4,0.6856826686494716,222,24,single
er_ncln,scbutterfly_ops_b,4,0.5141645855130083,222,24,single
er_ncln,resmlp_52head,4,0.6776076628490939,222,24,single
er_ncln,multitab_pilot,4,0.6878853650031558,222,24,single
er_ncln,midas_ops,4,0.5818201546781961,222,24,single
er_ncln,scpair_ops,4,0.6498604754002356,222,24,single
trans-golgi_vamp3,ridge,0,0.6603779404137526,422,24,single
trans-golgi_vamp3,gbdt,0,0.6962269260594128,422,24,single
trans-golgi_vamp3,catboost_multirmse,0,0.6748298444957358,422,24,single
trans-golgi_vamp3,mlp,0,0.700479774705732,422,24,single
trans-golgi_vamp3,tabm_specialists,0,0.6847877784361138,422,24,single
trans-golgi_vamp3,scbutterfly_ops_b,0,0.4892984598157417,422,24,single
trans-golgi_vamp3,resmlp_52head,0,0.6723636439883758,422,24,single
trans-golgi_vamp3,multitab_pilot,0,0.6763319826067052,422,24,single
trans-golgi_vamp3,midas_ops,0,0.5598312274702256,422,24,single
trans-golgi_vamp3,scpair_ops,0,0.6491773975239069,422,24,single
trans-golgi_vamp3,ridge,1,0.6493469307699855,374,24,single
trans-golgi_vamp3,gbdt,1,0.687752721719319,374,24,single
trans-golgi_vamp3,catboost_multirmse,1,0.6583161150795841,374,24,single
trans-golgi_vamp3,mlp,1,0.6774970638507439,374,24,single
trans-golgi_vamp3,tabm_specialists,1,0.6564542009527746,374,24,single
trans-golgi_vamp3,scbutterfly_ops_b,1,0.4368567309666972,374,24,single
trans-golgi_vamp3,resmlp_52head,1,0.6394278357356781,374,24,single
trans-golgi_vamp3,multitab_pilot,1,0.6561357731463869,374,24,single
trans-golgi_vamp3,midas_ops,1,0.5241345459610957,374,24,single
trans-golgi_vamp3,scpair_ops,1,0.6117283929618241,374,24,single
trans-golgi_vamp3,ridge,2,0.6517244937697202,366,24,single
trans-golgi_vamp3,gbdt,2,0.6621443763235815,366,24,single
trans-golgi_vamp3,catboost_multirmse,2,0.6460372387564283,366,24,single
trans-golgi_vamp3,mlp,2,0.6844783516552404,366,24,single
trans-golgi_vamp3,tabm_specialists,2,0.6593623751691816,366,24,single
trans-golgi_vamp3,scbutterfly_ops_b,2,0.4641389800443811,366,24,single
trans-golgi_vamp3,resmlp_52head,2,0.651163449606373,366,24,single
trans-golgi_vamp3,multitab_pilot,2,0.6540317588404089,366,24,single
trans-golgi_vamp3,midas_ops,2,0.4845368036687347,366,24,single
trans-golgi_vamp3,scpair_ops,2,0.6251342778307108,366,24,single
trans-golgi_vamp3,ridge,3,0.6606305074387492,394,24,single
trans-golgi_vamp3,gbdt,3,0.6985777010596554,394,24,single
trans-golgi_vamp3,catboost_multirmse,3,0.6828925340022399,394,24,single
trans-golgi_vamp3,mlp,3,0.692019261630977,394,24,single
trans-golgi_vamp3,tabm_specialists,3,0.6832288657918397,394,24,single
trans-golgi_vamp3,scbutterfly_ops_b,3,0.4649603013701171,394,24,single
trans-golgi_vamp3,resmlp_52head,3,0.6861820385571078,394,24,single
trans-golgi_vamp3,multitab_pilot,3,0.6802347935144745,394,24,single
trans-golgi_vamp3,midas_ops,3,0.6115120427812244,394,24,single
trans-golgi_vamp3,scpair_ops,3,0.6433160949799256,394,24,single
trans-golgi_vamp3,ridge,4,0.6558380875939346,444,24,single
trans-golgi_vamp3,gbdt,4,0.6777200037463643,444,24,single
trans-golgi_vamp3,catboost_multirmse,4,0.6608061344583523,444,24,single
trans-golgi_vamp3,mlp,4,0.6862203353118107,444,24,single
trans-golgi_vamp3,tabm_specialists,4,0.6681704821898385,444,24,single
trans-golgi_vamp3,scbutterfly_ops_b,4,0.4884733471298436,444,24,single
trans-golgi_vamp3,resmlp_52head,4,0.6638344203407106,444,24,single
trans-golgi_vamp3,multitab_pilot,4,0.6608665645121397,444,24,single
trans-golgi_vamp3,midas_ops,4,0.5103861204078807,444,24,single
trans-golgi_vamp3,scpair_ops,4,0.6353066254389225,444,24,single
p21,ridge,0,0.5537209296911761,211,30,single
p21,gbdt,0,0.5668913425552328,211,30,single
p21,catboost_multirmse,0,0.5715710548362616,211,30,single
p21,mlp,0,0.5675695855907229,211,30,single
p21,tabm_specialists,0,0.5715340154853382,211,30,single
p21,scbutterfly_ops_b,0,0.5294066714386403,211,30,single
p21,resmlp_52head,0,0.5826321581452802,211,30,single
p21,multitab_pilot,0,0.5796041573751208,211,30,single
p21,midas_ops,0,0.4687263215179281,211,30,single
p21,scpair_ops,0,0.5718251584083187,211,30,single
p21,ridge,1,0.5417855611494915,187,30,single
p21,gbdt,1,0.5441775379447156,187,30,single
p21,catboost_multirmse,1,0.5523073944061655,187,30,single
p21,mlp,1,0.5785916461685184,187,30,single
p21,tabm_specialists,1,0.548819211733102,187,30,single
p21,scbutterfly_ops_b,1,0.5238742391113823,187,30,single
p21,resmlp_52head,1,0.5619008132240436,187,30,single
p21,multitab_pilot,1,0.5501713624064288,187,30,single
p21,midas_ops,1,0.4229449843020068,187,30,single
p21,scpair_ops,1,0.5464881616404436,187,30,single
p21,ridge,2,0.6205195635317649,183,30,single
p21,gbdt,2,0.6390519499561979,183,30,single
p21,catboost_multirmse,2,0.6641217597713488,183,30,single
p21,mlp,2,0.6330752646311443,183,30,single
p21,tabm_specialists,2,0.6632984347585718,183,30,single
p21,scbutterfly_ops_b,2,0.6239355920354729,183,30,single
p21,resmlp_52head,2,0.6499526022939004,183,30,single
p21,multitab_pilot,2,0.6703653799818942,183,30,single
p21,midas_ops,2,0.4774798922203463,183,30,single
p21,scpair_ops,2,0.6623244856073411,183,30,single
p21,ridge,3,0.6096741850944511,197,30,single
p21,gbdt,3,0.6002938068078728,197,30,single
p21,catboost_multirmse,3,0.6172369613055563,197,30,single
p21,mlp,3,0.6260543388539408,197,30,single
p21,tabm_specialists,3,0.6293418462421558,197,30,single
p21,scbutterfly_ops_b,3,0.5969787091542779,197,30,single
p21,resmlp_52head,3,0.623021054330104,197,30,single
p21,multitab_pilot,3,0.6195870773896186,197,30,single
p21,midas_ops,3,0.497238187382673,197,30,single
p21,scpair_ops,3,0.6232198671248212,197,30,single
p21,ridge,4,0.6536027052316938,222,30,single
p21,gbdt,4,0.6594612608254808,222,30,single
p21,catboost_multirmse,4,0.6538976281751675,222,30,single
p21,mlp,4,0.6179299879047879,222,30,single
p21,tabm_specialists,4,0.6365669065154322,222,30,single
p21,scbutterfly_ops_b,4,0.615879378882601,222,30,single
p21,resmlp_52head,4,0.6677630441814307,222,30,single
p21,multitab_pilot,4,0.6447208499049506,222,30,single
p21,midas_ops,4,0.5395979822701243,222,30,single
p21,scpair_ops,4,0.6578824025252851,222,30,single
mitochondria_tomm20,ridge,0,0.6728053502294817,211,72,single
mitochondria_tomm20,gbdt,0,0.6803735152330198,211,72,single
mitochondria_tomm20,catboost_multirmse,0,0.6680177785289536,211,72,single
mitochondria_tomm20,mlp,0,0.6874174138674058,211,72,single
mitochondria_tomm20,tabm_specialists,0,0.6844754034458458,211,72,single
mitochondria_tomm20,scbutterfly_ops_b,0,0.6473395877882476,211,72,single
mitochondria_tomm20,resmlp_52head,0,0.6255961620344463,211,72,single
mitochondria_tomm20,multitab_pilot,0,0.677713703190133,211,72,single
mitochondria_tomm20,midas_ops,0,0.5981246504266969,211,72,single
mitochondria_tomm20,scpair_ops,0,0.6675909091143806,211,72,single
mitochondria_tomm20,ridge,1,0.6578702197465046,187,72,single
mitochondria_tomm20,gbdt,1,0.6650947319709518,187,72,single
mitochondria_tomm20,catboost_multirmse,1,0.6576519131818143,187,72,single
mitochondria_tomm20,mlp,1,0.6623803825694825,187,72,single
mitochondria_tomm20,tabm_specialists,1,0.6751352010505796,187,72,single
mitochondria_tomm20,scbutterfly_ops_b,1,0.6326589320883267,187,72,single
mitochondria_tomm20,resmlp_52head,1,0.6467276070022431,187,72,single
mitochondria_tomm20,multitab_pilot,1,0.6652952679824357,187,72,single
mitochondria_tomm20,midas_ops,1,0.4870698035575997,187,72,single
mitochondria_tomm20,scpair_ops,1,0.654839492315825,187,72,single
mitochondria_tomm20,ridge,2,0.7115129312656735,183,72,single
mitochondria_tomm20,gbdt,2,0.713713628508374,183,72,single
mitochondria_tomm20,catboost_multirmse,2,0.707984922888127,183,72,single
mitochondria_tomm20,mlp,2,0.7165492787827032,183,72,single
mitochondria_tomm20,tabm_specialists,2,0.7228821057848935,183,72,single
mitochondria_tomm20,scbutterfly_ops_b,2,0.6741633446054716,183,72,single
mitochondria_tomm20,resmlp_52head,2,0.7051512277289724,183,72,single
mitochondria_tomm20,multitab_pilot,2,0.7184224282710144,183,72,single
mitochondria_tomm20,midas_ops,2,0.5241889790532013,183,72,single
mitochondria_tomm20,scpair_ops,2,0.7101683518402913,183,72,single
mitochondria_tomm20,ridge,3,0.6738085914430096,197,72,single
mitochondria_tomm20,gbdt,3,0.6871983931791495,197,72,single
mitochondria_tomm20,catboost_multirmse,3,0.6852050537153498,197,72,single
mitochondria_tomm20,mlp,3,0.6907656030937733,197,72,single
mitochondria_tomm20,tabm_specialists,3,0.7002997387450421,197,72,single
mitochondria_tomm20,scbutterfly_ops_b,3,0.6382537602038455,197,72,single
mitochondria_tomm20,resmlp_52head,3,0.6460837871671252,197,72,single
mitochondria_tomm20,multitab_pilot,3,0.6965622416680546,197,72,single
mitochondria_tomm20,midas_ops,3,0.580959269826149,197,72,single
mitochondria_tomm20,scpair_ops,3,0.6850767607365442,197,72,single
mitochondria_tomm20,ridge,4,0.6764949216422179,222,72,single
mitochondria_tomm20,gbdt,4,0.6866499980151423,222,72,single
mitochondria_tomm20,catboost_multirmse,4,0.686632962830504,222,72,single
mitochondria_tomm20,mlp,4,0.6957252301132691,222,72,single
mitochondria_tomm20,tabm_specialists,4,0.6993138008422254,222,72,single
mitochondria_tomm20,scbutterfly_ops_b,4,0.6180913025152397,222,72,single
mitochondria_tomm20,resmlp_52head,4,0.6564502413382376,222,72,single
mitochondria_tomm20,multitab_pilot,4,0.6890027225296294,222,72,single
mitochondria_tomm20,midas_ops,4,0.5122687557875252,222,72,single
mitochondria_tomm20,scpair_ops,4,0.6816437413119146,222,72,single
p53,ridge,0,0.5748557121467548,211,30,single
p53,gbdt,0,0.5312498404371466,211,30,single
p53,catboost_multirmse,0,0.5603295674601922,211,30,single
p53,mlp,0,0.5792327387670878,211,30,single
p53,tabm_specialists,0,0.5717325752534729,211,30,single
p53,scbutterfly_ops_b,0,0.443901063138776,211,30,single
p53,resmlp_52head,0,0.5756980116791877,211,30,single
p53,multitab_pilot,0,0.5607374609167238,211,30,single
p53,midas_ops,0,0.4259239371911708,211,30,single
p53,scpair_ops,0,0.5715859316764057,211,30,single
p53,ridge,1,0.5322158736623854,187,30,single
p53,gbdt,1,0.5494534624146231,187,30,single
p53,catboost_multirmse,1,0.5555487366732729,187,30,single
p53,mlp,1,0.554745794887585,187,30,single
p53,tabm_specialists,1,0.4636032284184785,187,30,single
p53,scbutterfly_ops_b,1,0.5223180715032281,187,30,single
p53,resmlp_52head,1,0.568961022831986,187,30,single
p53,multitab_pilot,1,0.5436083070496316,187,30,single
p53,midas_ops,1,0.4069117391792003,187,30,single
p53,scpair_ops,1,0.5574170494971474,187,30,single
p53,ridge,2,0.5962896685676838,183,30,single
p53,gbdt,2,0.5242899802941406,183,30,single
p53,catboost_multirmse,2,0.5764691460583607,183,30,single
p53,mlp,2,0.6297249952885086,183,30,single
p53,tabm_specialists,2,0.5448067822048608,183,30,single
p53,scbutterfly_ops_b,2,0.5078016863066016,183,30,single
p53,resmlp_52head,2,0.6409316150574398,183,30,single
p53,multitab_pilot,2,0.6166371054435882,183,30,single
p53,midas_ops,2,0.4478113242664466,183,30,single
p53,scpair_ops,2,0.6239070831615706,183,30,single
p53,ridge,3,0.6025608217335012,197,30,single
p53,gbdt,3,0.6229435687552269,197,30,single
p53,catboost_multirmse,3,0.6421132788949782,197,30,single
p53,mlp,3,0.5912889142542219,197,30,single
p53,tabm_specialists,3,0.5772445311569535,197,30,single
p53,scbutterfly_ops_b,3,0.4090134316427499,197,30,single
p53,resmlp_52head,3,0.6375359975997882,197,30,single
p53,multitab_pilot,3,0.6390572136278632,197,30,single
p53,midas_ops,3,0.4936559709290325,197,30,single
p53,scpair_ops,3,0.5618949779135476,197,30,single
p53,ridge,4,0.5499498218611607,222,30,single
p53,gbdt,4,0.49676595455755,222,30,single
p53,catboost_multirmse,4,0.5075316430497201,222,30,single
p53,mlp,4,0.5294584518869828,222,30,single
p53,tabm_specialists,4,0.5616894176012084,222,30,single
p53,scbutterfly_ops_b,4,0.3902430126889255,222,30,single
p53,resmlp_52head,4,0.5256571327531078,222,30,single
p53,multitab_pilot,4,0.5048137915571703,222,30,single
p53,midas_ops,4,0.4246906662762019,222,30,single
p53,scpair_ops,4,0.5453364882550097,222,30,single
caspase_activity_cellevent-caspase_live-cell_dye,ridge,0,0.6100616745507482,422,24,single
caspase_activity_cellevent-caspase_live-cell_dye,gbdt,0,0.617374207264373,422,24,single
caspase_activity_cellevent-caspase_live-cell_dye,catboost_multirmse,0,0.6251534277956956,422,24,single
caspase_activity_cellevent-caspase_live-cell_dye,mlp,0,0.6080035928460322,422,24,single
caspase_activity_cellevent-caspase_live-cell_dye,tabm_specialists,0,0.599389077164267,422,24,single
caspase_activity_cellevent-caspase_live-cell_dye,scbutterfly_ops_b,0,0.5234274054928841,422,24,single
caspase_activity_cellevent-caspase_live-cell_dye,resmlp_52head,0,0.6153062005637652,422,24,single
caspase_activity_cellevent-caspase_live-cell_dye,multitab_pilot,0,0.622811685062612,422,24,single
caspase_activity_cellevent-caspase_live-cell_dye,midas_ops,0,0.4187092699432921,422,24,single
caspase_activity_cellevent-caspase_live-cell_dye,scpair_ops,0,0.5667418701140138,422,24,single
caspase_activity_cellevent-caspase_live-cell_dye,ridge,1,0.5592551017983706,374,24,single
caspase_activity_cellevent-caspase_live-cell_dye,gbdt,1,0.5492208289976329,374,24,single
caspase_activity_cellevent-caspase_live-cell_dye,catboost_multirmse,1,0.5590597828858624,374,24,single
caspase_activity_cellevent-caspase_live-cell_dye,mlp,1,0.5490441856773393,374,24,single
caspase_activity_cellevent-caspase_live-cell_dye,tabm_specialists,1,0.5422910295985476,374,24,single
caspase_activity_cellevent-caspase_live-cell_dye,scbutterfly_ops_b,1,0.4923288803045773,374,24,single
caspase_activity_cellevent-caspase_live-cell_dye,resmlp_52head,1,0.5146831327211108,374,24,single
caspase_activity_cellevent-caspase_live-cell_dye,multitab_pilot,1,0.5248725012783831,374,24,single
caspase_activity_cellevent-caspase_live-cell_dye,midas_ops,1,0.33267292869818,374,24,single
caspase_activity_cellevent-caspase_live-cell_dye,scpair_ops,1,0.5203849014672025,374,24,single
caspase_activity_cellevent-caspase_live-cell_dye,ridge,2,0.6019832490748986,366,24,single
caspase_activity_cellevent-caspase_live-cell_dye,gbdt,2,0.5922538590708037,366,24,single
caspase_activity_cellevent-caspase_live-cell_dye,catboost_multirmse,2,0.5983726460955449,366,24,single
caspase_activity_cellevent-caspase_live-cell_dye,mlp,2,0.6039477721504013,366,24,single
caspase_activity_cellevent-caspase_live-cell_dye,tabm_specialists,2,0.5703687400205929,366,24,single
caspase_activity_cellevent-caspase_live-cell_dye,scbutterfly_ops_b,2,0.5213564546564097,366,24,single
caspase_activity_cellevent-caspase_live-cell_dye,resmlp_52head,2,0.5918978623151677,366,24,single
caspase_activity_cellevent-caspase_live-cell_dye,multitab_pilot,2,0.5945206590401173,366,24,single
caspase_activity_cellevent-caspase_live-cell_dye,midas_ops,2,0.388273876278679,366,24,single
caspase_activity_cellevent-caspase_live-cell_dye,scpair_ops,2,0.5333292326258299,366,24,single
caspase_activity_cellevent-caspase_live-cell_dye,ridge,3,0.5402403795367204,394,24,single
caspase_activity_cellevent-caspase_live-cell_dye,gbdt,3,0.5755203098249406,394,24,single
caspase_activity_cellevent-caspase_live-cell_dye,catboost_multirmse,3,0.5676563256644727,394,24,single
caspase_activity_cellevent-caspase_live-cell_dye,mlp,3,0.5826912677343119,394,24,single
caspase_activity_cellevent-caspase_live-cell_dye,tabm_specialists,3,0.2595322423683985,394,24,single
caspase_activity_cellevent-caspase_live-cell_dye,scbutterfly_ops_b,3,0.4712830526971503,394,24,single
caspase_activity_cellevent-caspase_live-cell_dye,resmlp_52head,3,0.5576044735992098,394,24,single
caspase_activity_cellevent-caspase_live-cell_dye,multitab_pilot,3,0.5718462698929119,394,24,single
caspase_activity_cellevent-caspase_live-cell_dye,midas_ops,3,0.368992636799421,394,24,single
caspase_activity_cellevent-caspase_live-cell_dye,scpair_ops,3,0.510055289104996,394,24,single
caspase_activity_cellevent-caspase_live-cell_dye,ridge,4,0.5749775032843342,444,24,single
caspase_activity_cellevent-caspase_live-cell_dye,gbdt,4,0.6193150452798714,444,24,single
caspase_activity_cellevent-caspase_live-cell_dye,catboost_multirmse,4,0.6155790527635143,444,24,single
caspase_activity_cellevent-caspase_live-cell_dye,mlp,4,0.5929217444384166,444,24,single
caspase_activity_cellevent-caspase_live-cell_dye,tabm_specialists,4,0.4209382111569787,444,24,single
caspase_activity_cellevent-caspase_live-cell_dye,scbutterfly_ops_b,4,0.4976179709670367,444,24,single
caspase_activity_cellevent-caspase_live-cell_dye,resmlp_52head,4,0.5894329254929892,444,24,single
caspase_activity_cellevent-caspase_live-cell_dye,multitab_pilot,4,0.6122784806145156,444,24,single
caspase_activity_cellevent-caspase_live-cell_dye,midas_ops,4,0.4030150058320489,444,24,single
caspase_activity_cellevent-caspase_live-cell_dye,scpair_ops,4,0.5241733403702332,444,24,single
ps6,ridge,0,0.53372361684577,211,30,single
ps6,gbdt,0,0.5859866340140925,211,30,single
ps6,catboost_multirmse,0,0.620279489741201,211,30,single
ps6,mlp,0,0.6065854032156797,211,30,single
ps6,tabm_specialists,0,0.6063062687016975,211,30,single
ps6,scbutterfly_ops_b,0,0.4133453743028391,211,30,single
ps6,resmlp_52head,0,0.5989216069338045,211,30,single
ps6,multitab_pilot,0,0.6315063471425776,211,30,single
ps6,midas_ops,0,0.4663431266024994,211,30,single
ps6,scpair_ops,0,0.6213842217401798,211,30,single
ps6,ridge,1,0.496500758630925,187,30,single
ps6,gbdt,1,0.5485201470049723,187,30,single
ps6,catboost_multirmse,1,0.5577263071662452,187,30,single
ps6,mlp,1,0.5716900083741439,187,30,single
ps6,tabm_specialists,1,0.5655613480924885,187,30,single
ps6,scbutterfly_ops_b,1,0.3163487216220876,187,30,single
ps6,resmlp_52head,1,0.5574857207037553,187,30,single
ps6,multitab_pilot,1,0.5634069137703414,187,30,single
ps6,midas_ops,1,0.3391246071007097,187,30,single
ps6,scpair_ops,1,0.5604854771433666,187,30,single
ps6,ridge,2,0.5114172180534783,183,30,single
ps6,gbdt,2,0.5929044487647948,183,30,single
ps6,catboost_multirmse,2,0.5914231773101046,183,30,single
ps6,mlp,2,0.5992064144980971,183,30,single
ps6,tabm_specialists,2,0.5885200176239528,183,30,single
ps6,scbutterfly_ops_b,2,0.4097855060685459,183,30,single
ps6,resmlp_52head,2,0.5776674686633486,183,30,single
ps6,multitab_pilot,2,0.5928307266773947,183,30,single
ps6,midas_ops,2,0.3738860967317169,183,30,single
ps6,scpair_ops,2,0.5799116274249794,183,30,single
ps6,ridge,3,0.4497694590628955,197,30,single
ps6,gbdt,3,0.5357249631632778,197,30,single
ps6,catboost_multirmse,3,0.5488675496045949,197,30,single
ps6,mlp,3,0.5582540896815765,197,30,single
ps6,tabm_specialists,3,0.5555246651519552,197,30,single
ps6,scbutterfly_ops_b,3,0.4000968651517591,197,30,single
ps6,resmlp_52head,3,0.5416979352891638,197,30,single
ps6,multitab_pilot,3,0.5531264178176192,197,30,single
ps6,midas_ops,3,0.41192153095425,197,30,single
ps6,scpair_ops,3,0.5376697224402672,197,30,single
ps6,ridge,4,0.5417304804337468,222,30,single
ps6,gbdt,4,0.5713065588179072,222,30,single
ps6,catboost_multirmse,4,0.5795479280672957,222,30,single
ps6,mlp,4,0.6018539158243339,222,30,single
ps6,tabm_specialists,4,0.6183913336522979,222,30,single
ps6,scbutterfly_ops_b,4,0.4273132095571654,222,30,single
ps6,resmlp_52head,4,0.6016161305066791,222,30,single
ps6,multitab_pilot,4,0.5987348276823309,222,30,single
ps6,midas_ops,4,0.4236448371644675,222,30,single
ps6,scpair_ops,4,0.6091472124807124,222,30,single
prb,ridge,0,0.3531225230222301,211,30,single
prb,gbdt,0,0.3108631186540575,211,30,single
prb,catboost_multirmse,0,0.2548464782367313,211,30,single
prb,mlp,0,0.42014310668304,211,30,single
prb,tabm_specialists,0,0.1981815834840151,211,30,single
prb,scbutterfly_ops_b,0,0.171851023510912,211,30,single
prb,resmlp_52head,0,0.3921862182207387,211,30,single
prb,multitab_pilot,0,0.5414888926104481,211,30,single
prb,midas_ops,0,0.4203697936099231,211,30,single
prb,scpair_ops,0,0.1871210888687212,211,30,single
prb,ridge,1,0.5232218524644889,187,30,single
prb,gbdt,1,0.4740218849480536,187,30,single
prb,catboost_multirmse,1,0.5272651389616707,187,30,single
prb,mlp,1,0.5295375350857108,187,30,single
prb,tabm_specialists,1,0.6254678936089738,187,30,single
prb,scbutterfly_ops_b,1,0.4931222341533867,187,30,single
prb,resmlp_52head,1,0.611620963680538,187,30,single
prb,multitab_pilot,1,0.599252665622683,187,30,single
prb,midas_ops,1,0.4599321328572607,187,30,single
prb,scpair_ops,1,0.5694369927867591,187,30,single
prb,ridge,2,0.3346822894553282,183,30,single
prb,gbdt,2,0.2994802468008588,183,30,single
prb,catboost_multirmse,2,0.2756260089178088,183,30,single
prb,mlp,2,0.2754217255422252,183,30,single
prb,tabm_specialists,2,0.380140623752921,183,30,single
prb,scbutterfly_ops_b,2,0.3570604034338052,183,30,single
prb,resmlp_52head,2,0.254504138932453,183,30,single
prb,multitab_pilot,2,0.2550042038808422,183,30,single
prb,midas_ops,2,0.1617952236707873,183,30,single
prb,scpair_ops,2,0.2592466371880236,183,30,single
prb,ridge,3,0.457936354214811,197,30,single
prb,gbdt,3,0.4322982642064475,197,30,single
prb,catboost_multirmse,3,0.5577137168708567,197,30,single
prb,mlp,3,0.4767264541017598,197,30,single
prb,tabm_specialists,3,0.4886667476859386,197,30,single
prb,scbutterfly_ops_b,3,0.7367985800830987,197,30,single
prb,resmlp_52head,3,0.6158078433092882,197,30,single
prb,multitab_pilot,3,0.4787163614077669,197,30,single
prb,midas_ops,3,0.2417724021197733,197,30,single
prb,scpair_ops,3,0.7754720000724858,197,30,single
prb,ridge,4,0.3885716945606943,222,30,single
prb,gbdt,4,0.3580967241957786,222,30,single
prb,catboost_multirmse,4,0.2922673764637299,222,30,single
prb,mlp,4,0.593806019339919,222,30,single
prb,tabm_specialists,4,0.5145471830060282,222,30,single
prb,scbutterfly_ops_b,4,0.508613599518932,222,30,single
prb,resmlp_52head,4,0.5771733916192158,222,30,single
prb,multitab_pilot,4,0.6082391780220936,222,30,single
prb,midas_ops,4,0.4175729613853761,222,30,single
prb,scpair_ops,4,0.5854840292237319,222,30,single
nuclei_hoechst,ridge,0,0.7159936841001575,211,60,single
nuclei_hoechst,gbdt,0,0.7419258717493302,211,60,single
nuclei_hoechst,catboost_multirmse,0,0.7195625016678935,211,60,single
nuclei_hoechst,mlp,0,0.7427752994372021,211,60,single
nuclei_hoechst,tabm_specialists,0,0.7531209070241149,211,60,single
nuclei_hoechst,scbutterfly_ops_b,0,0.6767535504894941,211,60,single
nuclei_hoechst,resmlp_52head,0,0.7146439704733002,211,60,single
nuclei_hoechst,multitab_pilot,0,0.7284707988245444,211,60,single
nuclei_hoechst,midas_ops,0,0.5577929366911701,211,60,single
nuclei_hoechst,scpair_ops,0,0.7450254915452105,211,60,single
nuclei_hoechst,ridge,1,0.7297450288197742,187,60,single
nuclei_hoechst,gbdt,1,0.750057193192125,187,60,single
nuclei_hoechst,catboost_multirmse,1,0.7308019889871472,187,60,single
nuclei_hoechst,mlp,1,0.7499691699594034,187,60,single
nuclei_hoechst,tabm_specialists,1,0.7685807245962805,187,60,single
nuclei_hoechst,scbutterfly_ops_b,1,0.6918504281610338,187,60,single
nuclei_hoechst,resmlp_52head,1,0.7267996265255328,187,60,single
nuclei_hoechst,multitab_pilot,1,0.7376461797732694,187,60,single
nuclei_hoechst,midas_ops,1,0.4911698388444226,187,60,single
nuclei_hoechst,scpair_ops,1,0.749963336100114,187,60,single
nuclei_hoechst,ridge,2,0.751725024995148,183,60,single
nuclei_hoechst,gbdt,2,0.768181672871742,183,60,single
nuclei_hoechst,catboost_multirmse,2,0.7500174081653646,183,60,single
nuclei_hoechst,mlp,2,0.7738796494307916,183,60,single
nuclei_hoechst,tabm_specialists,2,0.7885089310484663,183,60,single
nuclei_hoechst,scbutterfly_ops_b,2,0.72117771619728,183,60,single
nuclei_hoechst,resmlp_52head,2,0.7430671833444734,183,60,single
nuclei_hoechst,multitab_pilot,2,0.7417574855353755,183,60,single
nuclei_hoechst,midas_ops,2,0.5058867041102025,183,60,single
nuclei_hoechst,scpair_ops,2,0.7669360669255484,183,60,single
nuclei_hoechst,ridge,3,0.6977140337355963,197,60,single
nuclei_hoechst,gbdt,3,0.7283619914285272,197,60,single
nuclei_hoechst,catboost_multirmse,3,0.7134378909756762,197,60,single
nuclei_hoechst,mlp,3,0.7443372069041232,197,60,single
nuclei_hoechst,tabm_specialists,3,0.7466429983252332,197,60,single
nuclei_hoechst,scbutterfly_ops_b,3,0.6945747122284956,197,60,single
nuclei_hoechst,resmlp_52head,3,0.6876476190854012,197,60,single
nuclei_hoechst,multitab_pilot,3,0.7098813705080617,197,60,single
nuclei_hoechst,midas_ops,3,0.5711360896535003,197,60,single
nuclei_hoechst,scpair_ops,3,0.7255607424463878,197,60,single
nuclei_hoechst,ridge,4,0.7370395031157168,222,60,single
nuclei_hoechst,gbdt,4,0.7542241257906201,222,60,single
nuclei_hoechst,catboost_multirmse,4,0.7386802574654979,222,60,single
nuclei_hoechst,mlp,4,0.7756109679153284,222,60,single
nuclei_hoechst,tabm_specialists,4,0.7766746791887386,222,60,single
nuclei_hoechst,scbutterfly_ops_b,4,0.704541983283692,222,60,single
nuclei_hoechst,resmlp_52head,4,0.7147047517771501,222,60,single
nuclei_hoechst,multitab_pilot,4,0.7438356868747548,222,60,single
nuclei_hoechst,midas_ops,4,0.5313746280868923,222,60,single
nuclei_hoechst,scpair_ops,4,0.7630982690473945,222,60,single
nucleoli_npm1,ridge,0,0.4947063618887822,211,72,single
nucleoli_npm1,gbdt,0,0.5362377898478617,211,72,single
nucleoli_npm1,catboost_multirmse,0,0.5275920870806474,211,72,single
nucleoli_npm1,mlp,0,0.5534189989536755,211,72,single
nucleoli_npm1,tabm_specialists,0,0.5446483962164159,211,72,single
nucleoli_npm1,scbutterfly_ops_b,0,0.4703374387958499,211,72,single
nucleoli_npm1,resmlp_52head,0,0.4486190144868699,211,72,single
nucleoli_npm1,multitab_pilot,0,0.5247406880154204,211,72,single
nucleoli_npm1,midas_ops,0,0.4137208757288286,211,72,single
nucleoli_npm1,scpair_ops,0,0.5247104249503108,211,72,single
nucleoli_npm1,ridge,1,0.5061476665497808,187,72,single
nucleoli_npm1,gbdt,1,0.5133047685825097,187,72,single
nucleoli_npm1,catboost_multirmse,1,0.5028167809604724,187,72,single
nucleoli_npm1,mlp,1,0.5079264502501286,187,72,single
nucleoli_npm1,tabm_specialists,1,0.5256643637231195,187,72,single
nucleoli_npm1,scbutterfly_ops_b,1,0.4507239810733067,187,72,single
nucleoli_npm1,resmlp_52head,1,0.4859830654175111,187,72,single
nucleoli_npm1,multitab_pilot,1,0.5009564750859545,187,72,single
nucleoli_npm1,midas_ops,1,0.3465849982757748,187,72,single
nucleoli_npm1,scpair_ops,1,0.5088368836885121,187,72,single
nucleoli_npm1,ridge,2,0.5827720054422988,183,72,single
nucleoli_npm1,gbdt,2,0.6114506929599067,183,72,single
nucleoli_npm1,catboost_multirmse,2,0.6053962148235174,183,72,single
nucleoli_npm1,mlp,2,0.612074600251275,183,72,single
nucleoli_npm1,tabm_specialists,2,0.620346130557321,183,72,single
nucleoli_npm1,scbutterfly_ops_b,2,0.5555849495589452,183,72,single
nucleoli_npm1,resmlp_52head,2,0.5534736374196757,183,72,single
nucleoli_npm1,multitab_pilot,2,0.5951103504088695,183,72,single
nucleoli_npm1,midas_ops,2,0.4214746487537183,183,72,single
nucleoli_npm1,scpair_ops,2,0.6012492365343746,183,72,single
nucleoli_npm1,ridge,3,0.4978489838773627,197,72,single
nucleoli_npm1,gbdt,3,0.5349690942955108,197,72,single
nucleoli_npm1,catboost_multirmse,3,0.5304058211666967,197,72,single
nucleoli_npm1,mlp,3,0.5241049806613568,197,72,single
nucleoli_npm1,tabm_specialists,3,0.5301329721496977,197,72,single
nucleoli_npm1,scbutterfly_ops_b,3,0.4953437590478554,197,72,single
nucleoli_npm1,resmlp_52head,3,0.4877858876945379,197,72,single
nucleoli_npm1,multitab_pilot,3,0.5282035830682409,197,72,single
nucleoli_npm1,midas_ops,3,0.4069213979799529,197,72,single
nucleoli_npm1,scpair_ops,3,0.5148444220540169,197,72,single
nucleoli_npm1,ridge,4,0.4912201162224762,222,72,single
nucleoli_npm1,gbdt,4,0.5279647457988612,222,72,single
nucleoli_npm1,catboost_multirmse,4,0.5242617823100237,222,72,single
nucleoli_npm1,mlp,4,0.5222997764900212,222,72,single
nucleoli_npm1,tabm_specialists,4,0.5366015488637463,222,72,single
nucleoli_npm1,scbutterfly_ops_b,4,0.4698302053162368,222,72,single
nucleoli_npm1,resmlp_52head,4,0.4769278275567566,222,72,single
nucleoli_npm1,multitab_pilot,4,0.5206208730080465,222,72,single
nucleoli_npm1,midas_ops,4,0.3306173871688511,222,72,single
nucleoli_npm1,scpair_ops,4,0.5146439004745333,222,72,single
b-catenin,ridge,0,0.5414868387185457,211,30,single
b-catenin,gbdt,0,0.566738219522437,211,30,single
b-catenin,catboost_multirmse,0,0.5770396273110602,211,30,single
b-catenin,mlp,0,0.6169292206553414,211,30,single
b-catenin,tabm_specialists,0,0.612702202088816,211,30,single
b-catenin,scbutterfly_ops_b,0,0.4501869474338322,211,30,single
b-catenin,resmlp_52head,0,0.599692067760982,211,30,single
b-catenin,multitab_pilot,0,0.5902167894947709,211,30,single
b-catenin,midas_ops,0,0.4410805913042347,211,30,single
b-catenin,scpair_ops,0,0.5983958169445319,211,30,single
b-catenin,ridge,1,0.4822210973242041,187,30,single
b-catenin,gbdt,1,0.5620539242726499,187,30,single
b-catenin,catboost_multirmse,1,0.5833807755419989,187,30,single
b-catenin,mlp,1,0.5607270287305531,187,30,single
b-catenin,tabm_specialists,1,0.5414767980574292,187,30,single
b-catenin,scbutterfly_ops_b,1,0.3161147060947785,187,30,single
b-catenin,resmlp_52head,1,0.58782719205249,187,30,single
b-catenin,multitab_pilot,1,0.568499405831742,187,30,single
b-catenin,midas_ops,1,0.3232072666823509,187,30,single
b-catenin,scpair_ops,1,0.5904276840139178,187,30,single
b-catenin,ridge,2,0.4606924043983847,183,30,single
b-catenin,gbdt,2,0.52943720755473,183,30,single
b-catenin,catboost_multirmse,2,0.5401915537763842,183,30,single
b-catenin,mlp,2,0.5718630996207649,183,30,single
b-catenin,tabm_specialists,2,0.5453879951721434,183,30,single
b-catenin,scbutterfly_ops_b,2,0.3693098192793234,183,30,single
b-catenin,resmlp_52head,2,0.5371554998332588,183,30,single
b-catenin,multitab_pilot,2,0.5318514127898827,183,30,single
b-catenin,midas_ops,2,0.3060544797391494,183,30,single
b-catenin,scpair_ops,2,0.5291644779841085,183,30,single
b-catenin,ridge,3,0.4609817265984234,197,30,single
b-catenin,gbdt,3,0.5678988885980062,197,30,single
b-catenin,catboost_multirmse,3,0.5652751362412726,197,30,single
b-catenin,mlp,3,0.5380812336476557,197,30,single
b-catenin,tabm_specialists,3,0.5383852074671586,197,30,single
b-catenin,scbutterfly_ops_b,3,0.3758258129410305,197,30,single
b-catenin,resmlp_52head,3,0.5544660944317459,197,30,single
b-catenin,multitab_pilot,3,0.5469983333557383,197,30,single
b-catenin,midas_ops,3,0.3345251187277093,197,30,single
b-catenin,scpair_ops,3,0.5315470099808336,197,30,single
b-catenin,ridge,4,0.4877400723399384,222,30,single
b-catenin,gbdt,4,0.5200687962419672,222,30,single
b-catenin,catboost_multirmse,4,0.5406816093699395,222,30,single
b-catenin,mlp,4,0.5159662975758352,222,30,single
b-catenin,tabm_specialists,4,0.5486623421418249,222,30,single
b-catenin,scbutterfly_ops_b,4,0.3840117437605753,222,30,single
b-catenin,resmlp_52head,4,0.5535127744070413,222,30,single
b-catenin,multitab_pilot,4,0.532721822291878,222,30,single
b-catenin,midas_ops,4,0.3825617120407457,222,30,single
b-catenin,scpair_ops,4,0.5539109422709012,222,30,single
c-myc,ridge,0,0.5052764706689323,211,30,single
c-myc,gbdt,0,0.5247548018070295,211,30,single
c-myc,catboost_multirmse,0,0.5219858113495975,211,30,single
c-myc,mlp,0,0.5052826041446931,211,30,single
c-myc,tabm_specialists,0,0.5175229268950788,211,30,single
c-myc,scbutterfly_ops_b,0,0.4704141238032756,211,30,single
c-myc,resmlp_52head,0,0.5396153040879681,211,30,single
c-myc,multitab_pilot,0,0.5141012539565889,211,30,single
c-myc,midas_ops,0,0.4552751013907279,211,30,single
c-myc,scpair_ops,0,0.497902975532296,211,30,single
c-myc,ridge,1,0.5219862652370341,187,30,single
c-myc,gbdt,1,0.5157433825778407,187,30,single
c-myc,catboost_multirmse,1,0.5422919749685161,187,30,single
c-myc,mlp,1,0.5580729070941289,187,30,single
c-myc,tabm_specialists,1,0.5538539058175326,187,30,single
c-myc,scbutterfly_ops_b,1,0.3430766621510623,187,30,single
c-myc,resmlp_52head,1,0.5682865111994023,187,30,single
c-myc,multitab_pilot,1,0.5657158496329733,187,30,single
c-myc,midas_ops,1,0.3405341394625048,187,30,single
c-myc,scpair_ops,1,0.5467216487800723,187,30,single
c-myc,ridge,2,0.5101765575370308,183,30,single
c-myc,gbdt,2,0.4920299174513872,183,30,single
c-myc,catboost_multirmse,2,0.5291653209474183,183,30,single
c-myc,mlp,2,0.5306896332404539,183,30,single
c-myc,tabm_specialists,2,0.5140778149228462,183,30,single
c-myc,scbutterfly_ops_b,2,0.408282120274223,183,30,single
c-myc,resmlp_52head,2,0.5344345719521044,183,30,single
c-myc,multitab_pilot,2,0.526282786789407,183,30,single
c-myc,midas_ops,2,0.3911424262876701,183,30,single
c-myc,scpair_ops,2,0.521128621587273,183,30,single
c-myc,ridge,3,0.5662349291297348,197,30,single
c-myc,gbdt,3,0.6147141649269104,197,30,single
c-myc,catboost_multirmse,3,0.6171312833886327,197,30,single
c-myc,mlp,3,0.6038013632710663,197,30,single
c-myc,tabm_specialists,3,0.6060275655191011,197,30,single
c-myc,scbutterfly_ops_b,3,0.4701727031093953,197,30,single
c-myc,resmlp_52head,3,0.6145142482794007,197,30,single
c-myc,multitab_pilot,3,0.614781475338546,197,30,single
c-myc,midas_ops,3,0.4015083981106475,197,30,single
c-myc,scpair_ops,3,0.5932489380213755,197,30,single
c-myc,ridge,4,0.5416910279036828,222,30,single
c-myc,gbdt,4,0.5580140872816844,222,30,single
c-myc,catboost_multirmse,4,0.5837993803146276,222,30,single
c-myc,mlp,4,0.5716876879793376,222,30,single
c-myc,tabm_specialists,4,0.5755014562977788,222,30,single
c-myc,scbutterfly_ops_b,4,0.4592614224107853,222,30,single
c-myc,resmlp_52head,4,0.595002229194436,222,30,single
c-myc,multitab_pilot,4,0.586341554799161,222,30,single
c-myc,midas_ops,4,0.397810681879554,222,30,single
c-myc,scpair_ops,4,0.5667437897337728,222,30,single
er_cona,ridge,0,0.6890133130583551,211,72,single
er_cona,gbdt,0,0.7030335787637649,211,72,single
er_cona,catboost_multirmse,0,0.6971905521525723,211,72,single
er_cona,mlp,0,0.7194790047835014,211,72,single
er_cona,tabm_specialists,0,0.7162454076613392,211,72,single
er_cona,scbutterfly_ops_b,0,0.6865109569335269,211,72,single
er_cona,resmlp_52head,0,0.6571209144483354,211,72,single
er_cona,multitab_pilot,0,0.7055941114081377,211,72,single
er_cona,midas_ops,0,0.6429029044279864,211,72,single
er_cona,scpair_ops,0,0.7067302141446383,211,72,single
er_cona,ridge,1,0.6771099331058167,187,72,single
er_cona,gbdt,1,0.6913118058235601,187,72,single
er_cona,catboost_multirmse,1,0.6910219949120915,187,72,single
er_cona,mlp,1,0.6829251120645173,187,72,single
er_cona,tabm_specialists,1,0.6972102094666526,187,72,single
er_cona,scbutterfly_ops_b,1,0.6506787987693703,187,72,single
er_cona,resmlp_52head,1,0.6665220277862548,187,72,single
er_cona,multitab_pilot,1,0.690023390605665,187,72,single
er_cona,midas_ops,1,0.5715982872458754,187,72,single
er_cona,scpair_ops,1,0.6799554089113201,187,72,single
er_cona,ridge,2,0.7258921724729898,183,72,single
er_cona,gbdt,2,0.7311594662403478,183,72,single
er_cona,catboost_multirmse,2,0.7257059879598509,183,72,single
er_cona,mlp,2,0.7217223754176109,183,72,single
er_cona,tabm_specialists,2,0.7377924356605401,183,72,single
er_cona,scbutterfly_ops_b,2,0.7113577629690211,183,72,single
er_cona,resmlp_52head,2,0.7033238293386632,183,72,single
er_cona,multitab_pilot,2,0.726676930896615,183,72,single
er_cona,midas_ops,2,0.6095497200567388,183,72,single
er_cona,scpair_ops,2,0.7322778180156627,183,72,single
er_cona,ridge,3,0.6966374453736023,197,72,single
er_cona,gbdt,3,0.7124940391142287,197,72,single
er_cona,catboost_multirmse,3,0.7048935144236074,197,72,single
er_cona,mlp,3,0.7211845849840173,197,72,single
er_cona,tabm_specialists,3,0.7213374384134166,197,72,single
er_cona,scbutterfly_ops_b,3,0.6720793685549304,197,72,single
er_cona,resmlp_52head,3,0.6586933161864691,197,72,single
er_cona,multitab_pilot,3,0.7187134408623534,197,72,single
er_cona,midas_ops,3,0.627170664238784,197,72,single
er_cona,scpair_ops,3,0.7075654872806936,197,72,single
er_cona,ridge,4,0.6916687454750525,222,72,single
er_cona,gbdt,4,0.705701784034497,222,72,single
er_cona,catboost_multirmse,4,0.7036757666057878,222,72,single
er_cona,mlp,4,0.7060626216683722,222,72,single
er_cona,tabm_specialists,4,0.7124309014981303,222,72,single
er_cona,scbutterfly_ops_b,4,0.6662229771446386,222,72,single
er_cona,resmlp_52head,4,0.6647448311071454,222,72,single
er_cona,multitab_pilot,4,0.7073909372790086,222,72,single
er_cona,midas_ops,4,0.5847313505489888,222,72,single
er_cona,scpair_ops,4,0.7025382865839451,222,72,single
microtubules_tubulin,ridge,0,0.7101391550850465,211,72,single
microtubules_tubulin,gbdt,0,0.7377938047019003,211,72,single
microtubules_tubulin,catboost_multirmse,0,0.7331019972640482,211,72,single
microtubules_tubulin,mlp,0,0.7407036183763389,211,72,single
microtubules_tubulin,tabm_specialists,0,0.7459634537616375,211,72,single
microtubules_tubulin,scbutterfly_ops_b,0,0.6883265139257547,211,72,single
microtubules_tubulin,resmlp_52head,0,0.6851320895284049,211,72,single
microtubules_tubulin,multitab_pilot,0,0.7347466686687554,211,72,single
microtubules_tubulin,midas_ops,0,0.66013199491623,211,72,single
microtubules_tubulin,scpair_ops,0,0.7300263213194751,211,72,single
microtubules_tubulin,ridge,1,0.6797645483898384,187,72,single
microtubules_tubulin,gbdt,1,0.6991230327776736,187,72,single
microtubules_tubulin,catboost_multirmse,1,0.6928633614343013,187,72,single
microtubules_tubulin,mlp,1,0.6840966378718257,187,72,single
microtubules_tubulin,tabm_specialists,1,0.7023384675049863,187,72,single
microtubules_tubulin,scbutterfly_ops_b,1,0.6324174965380549,187,72,single
microtubules_tubulin,resmlp_52head,1,0.6723426871660073,187,72,single
microtubules_tubulin,multitab_pilot,1,0.6963390237001907,187,72,single
microtubules_tubulin,midas_ops,1,0.5581974065232294,187,72,single
microtubules_tubulin,scpair_ops,1,0.6873957472248383,187,72,single
microtubules_tubulin,ridge,2,0.730953562940853,183,72,single
microtubules_tubulin,gbdt,2,0.7383714266817805,183,72,single
microtubules_tubulin,catboost_multirmse,2,0.7333927477303145,183,72,single
microtubules_tubulin,mlp,2,0.7406485580750994,183,72,single
microtubules_tubulin,tabm_specialists,2,0.7478453601903348,183,72,single
microtubules_tubulin,scbutterfly_ops_b,2,0.7049157466383372,183,72,single
microtubules_tubulin,resmlp_52head,2,0.720604232018847,183,72,single
microtubules_tubulin,multitab_pilot,2,0.7379322159533551,183,72,single
microtubules_tubulin,midas_ops,2,0.582900682018389,183,72,single
microtubules_tubulin,scpair_ops,2,0.7341309977171154,183,72,single
microtubules_tubulin,ridge,3,0.7045454647843264,197,72,single
microtubules_tubulin,gbdt,3,0.7271567259955537,197,72,single
microtubules_tubulin,catboost_multirmse,3,0.7173205282294657,197,72,single
microtubules_tubulin,mlp,3,0.7246226849398655,197,72,single
microtubules_tubulin,tabm_specialists,3,0.7335529498414499,197,72,single
microtubules_tubulin,scbutterfly_ops_b,3,0.6474595948084881,197,72,single
microtubules_tubulin,resmlp_52head,3,0.6812735801903085,197,72,single
microtubules_tubulin,multitab_pilot,3,0.7303973173030993,197,72,single
microtubules_tubulin,midas_ops,3,0.6353317053840892,197,72,single
microtubules_tubulin,scpair_ops,3,0.7217337519140973,197,72,single
microtubules_tubulin,ridge,4,0.7032258962722872,222,72,single
microtubules_tubulin,gbdt,4,0.7216506449194952,222,72,single
microtubules_tubulin,catboost_multirmse,4,0.7180240176521107,222,72,single
microtubules_tubulin,mlp,4,0.7221298346448928,222,72,single
microtubules_tubulin,tabm_specialists,4,0.727618298102039,222,72,single
microtubules_tubulin,scbutterfly_ops_b,4,0.6723003045465672,222,72,single
microtubules_tubulin,resmlp_52head,4,0.676606533051699,222,72,single
microtubules_tubulin,multitab_pilot,4,0.7187576951088234,222,72,single
microtubules_tubulin,midas_ops,4,0.5818739424709864,222,72,single
microtubules_tubulin,scpair_ops,4,0.7180819961900133,222,72,single
nucleolus-dfc_fbl,ridge,0,0.7242749693897341,422,24,single
nucleolus-dfc_fbl,gbdt,0,0.7660236137668074,422,24,single
nucleolus-dfc_fbl,catboost_multirmse,0,0.7457230776596168,422,24,single
nucleolus-dfc_fbl,mlp,0,0.7571871028124834,422,24,single
nucleolus-dfc_fbl,tabm_specialists,0,0.7572395207455762,422,24,single
nucleolus-dfc_fbl,scbutterfly_ops_b,0,0.7051704788931442,422,24,single
nucleolus-dfc_fbl,resmlp_52head,0,0.7518089887974968,422,24,single
nucleolus-dfc_fbl,multitab_pilot,0,0.7403122030801207,422,24,single
nucleolus-dfc_fbl,midas_ops,0,0.5857457910196199,422,24,single
nucleolus-dfc_fbl,scpair_ops,0,0.7474643941304725,422,24,single
nucleolus-dfc_fbl,ridge,1,0.7264250837094592,374,24,single
nucleolus-dfc_fbl,gbdt,1,0.8028184291396633,374,24,single
nucleolus-dfc_fbl,catboost_multirmse,1,0.7769105268401238,374,24,single
nucleolus-dfc_fbl,mlp,1,0.8087082431834838,374,24,single
nucleolus-dfc_fbl,tabm_specialists,1,0.8050540947145773,374,24,single
nucleolus-dfc_fbl,scbutterfly_ops_b,1,0.7495068992870774,374,24,single
nucleolus-dfc_fbl,resmlp_52head,1,0.7947707082926216,374,24,single
nucleolus-dfc_fbl,multitab_pilot,1,0.780273541235573,374,24,single
nucleolus-dfc_fbl,midas_ops,1,0.6021322973301301,374,24,single
nucleolus-dfc_fbl,scpair_ops,1,0.787074959532197,374,24,single
nucleolus-dfc_fbl,ridge,2,0.7308364755801491,366,24,single
nucleolus-dfc_fbl,gbdt,2,0.8171872826116152,366,24,single
nucleolus-dfc_fbl,catboost_multirmse,2,0.799778078012487,366,24,single
nucleolus-dfc_fbl,mlp,2,0.8147467265541581,366,24,single
nucleolus-dfc_fbl,tabm_specialists,2,0.8216802356688188,366,24,single
nucleolus-dfc_fbl,scbutterfly_ops_b,2,0.7573355794708387,366,24,single
nucleolus-dfc_fbl,resmlp_52head,2,0.8080583041214714,366,24,single
nucleolus-dfc_fbl,multitab_pilot,2,0.8010889620653131,366,24,single
nucleolus-dfc_fbl,midas_ops,2,0.621208329287577,366,24,single
nucleolus-dfc_fbl,scpair_ops,2,0.8022733446385372,366,24,single
nucleolus-dfc_fbl,ridge,3,0.7278748385930319,394,24,single
nucleolus-dfc_fbl,gbdt,3,0.7968560236066633,394,24,single
nucleolus-dfc_fbl,catboost_multirmse,3,0.7697863015018352,394,24,single
nucleolus-dfc_fbl,mlp,3,0.7870045454921314,394,24,single
nucleolus-dfc_fbl,tabm_specialists,3,0.8022573375308064,394,24,single
nucleolus-dfc_fbl,scbutterfly_ops_b,3,0.7490305286232045,394,24,single
nucleolus-dfc_fbl,resmlp_52head,3,0.7902677305036336,394,24,single
nucleolus-dfc_fbl,multitab_pilot,3,0.7574512755753228,394,24,single
nucleolus-dfc_fbl,midas_ops,3,0.5699217161707186,394,24,single
nucleolus-dfc_fbl,scpair_ops,3,0.7754709215537883,394,24,single
nucleolus-dfc_fbl,ridge,4,0.74605735703008,444,24,single
nucleolus-dfc_fbl,gbdt,4,0.8143631243841541,444,24,single
nucleolus-dfc_fbl,catboost_multirmse,4,0.7813751585370748,444,24,single
nucleolus-dfc_fbl,mlp,4,0.8153490608793833,444,24,single
nucleolus-dfc_fbl,tabm_specialists,4,0.8188752499564168,444,24,single
nucleolus-dfc_fbl,scbutterfly_ops_b,4,0.7537578447117017,444,24,single
nucleolus-dfc_fbl,resmlp_52head,4,0.8086404811467567,444,24,single
nucleolus-dfc_fbl,multitab_pilot,4,0.7815364930006762,444,24,single
nucleolus-dfc_fbl,midas_ops,4,0.6373414689573145,444,24,single
nucleolus-dfc_fbl,scpair_ops,4,0.8074487333856945,444,24,single
plasma_membrane_wga,ridge,0,0.746307437785169,211,72,single
plasma_membrane_wga,gbdt,0,0.7579217005134651,211,72,single
plasma_membrane_wga,catboost_multirmse,0,0.7497921990263335,211,72,single
plasma_membrane_wga,mlp,0,0.7669675767175583,211,72,single
plasma_membrane_wga,tabm_specialists,0,0.7677844569441457,211,72,single
plasma_membrane_wga,scbutterfly_ops_b,0,0.7359210740339289,211,72,single
plasma_membrane_wga,resmlp_52head,0,0.7192122100608767,211,72,single
plasma_membrane_wga,multitab_pilot,0,0.7565235025185015,211,72,single
plasma_membrane_wga,midas_ops,0,0.6891573397438355,211,72,single
plasma_membrane_wga,scpair_ops,0,0.7514836357641901,211,72,single
plasma_membrane_wga,ridge,1,0.7129356677102775,187,72,single
plasma_membrane_wga,gbdt,1,0.7281284084864671,187,72,single
plasma_membrane_wga,catboost_multirmse,1,0.7186836924227246,187,72,single
plasma_membrane_wga,mlp,1,0.7269034461417101,187,72,single
plasma_membrane_wga,tabm_specialists,1,0.7394297392341809,187,72,single
plasma_membrane_wga,scbutterfly_ops_b,1,0.6941605136037643,187,72,single
plasma_membrane_wga,resmlp_52head,1,0.7089066888892637,187,72,single
plasma_membrane_wga,multitab_pilot,1,0.7297165594366866,187,72,single
plasma_membrane_wga,midas_ops,1,0.5948249378446246,187,72,single
plasma_membrane_wga,scpair_ops,1,0.7213989766071758,187,72,single
plasma_membrane_wga,ridge,2,0.7589030943588966,183,72,single
plasma_membrane_wga,gbdt,2,0.7591234915653247,183,72,single
plasma_membrane_wga,catboost_multirmse,2,0.7516389012322732,183,72,single
plasma_membrane_wga,mlp,2,0.7554470868379995,183,72,single
plasma_membrane_wga,tabm_specialists,2,0.7644262881881931,183,72,single
plasma_membrane_wga,scbutterfly_ops_b,2,0.6923474499746108,183,72,single
plasma_membrane_wga,resmlp_52head,2,0.7420346148151898,183,72,single
plasma_membrane_wga,multitab_pilot,2,0.7571303263582652,183,72,single
plasma_membrane_wga,midas_ops,2,0.6381941046942766,183,72,single
plasma_membrane_wga,scpair_ops,2,0.755694662920618,183,72,single
plasma_membrane_wga,ridge,3,0.734380438365489,197,72,single
plasma_membrane_wga,gbdt,3,0.7519485174390852,197,72,single
plasma_membrane_wga,catboost_multirmse,3,0.7401701433995377,197,72,single
plasma_membrane_wga,mlp,3,0.748631560793577,197,72,single
plasma_membrane_wga,tabm_specialists,3,0.7554806495562889,197,72,single
plasma_membrane_wga,scbutterfly_ops_b,3,0.6825775126227455,197,72,single
plasma_membrane_wga,resmlp_52head,3,0.7101646586434678,197,72,single
plasma_membrane_wga,multitab_pilot,3,0.7500920494665223,197,72,single
plasma_membrane_wga,midas_ops,3,0.6593067731053244,197,72,single
plasma_membrane_wga,scpair_ops,3,0.7420715792400007,197,72,single
plasma_membrane_wga,ridge,4,0.7327627448226628,222,72,single
plasma_membrane_wga,gbdt,4,0.7479244279390351,222,72,single
plasma_membrane_wga,catboost_multirmse,4,0.7475728048602795,222,72,single
plasma_membrane_wga,mlp,4,0.7451880357977567,222,72,single
plasma_membrane_wga,tabm_specialists,4,0.7520440475823009,222,72,single
plasma_membrane_wga,scbutterfly_ops_b,4,0.7088574621289823,222,72,single
plasma_membrane_wga,resmlp_52head,4,0.7126334353120245,222,72,single
plasma_membrane_wga,multitab_pilot,4,0.7487631618278704,222,72,single
plasma_membrane_wga,midas_ops,4,0.6344139182441292,222,72,single
plasma_membrane_wga,scpair_ops,4,0.7406760261895382,222,72,single
microtubules_map4,ridge,0,0.8408437219602417,211,24,single
microtubules_map4,gbdt,0,0.8476087703060794,211,24,single
microtubules_map4,catboost_multirmse,0,0.8417694789136395,211,24,single
microtubules_map4,mlp,0,0.8498673494113685,211,24,single
microtubules_map4,tabm_specialists,0,0.7583772322292403,211,24,single
microtubules_map4,scbutterfly_ops_b,0,0.8009908270571771,211,24,single
microtubules_map4,resmlp_52head,0,0.851314132178253,211,24,single
microtubules_map4,multitab_pilot,0,0.8431542152983065,211,24,single
microtubules_map4,midas_ops,0,0.8020997090537682,211,24,single
microtubules_map4,scpair_ops,0,0.8397513952350986,211,24,single
microtubules_map4,ridge,1,0.8364766958081399,187,24,single
microtubules_map4,gbdt,1,0.8392690247247024,187,24,single
microtubules_map4,catboost_multirmse,1,0.8380173721862129,187,24,single
microtubules_map4,mlp,1,0.8409526205577785,187,24,single
microtubules_map4,tabm_specialists,1,0.8440317335540554,187,24,single
microtubules_map4,scbutterfly_ops_b,1,0.756503579677542,187,24,single
microtubules_map4,resmlp_52head,1,0.8398176804867771,187,24,single
microtubules_map4,multitab_pilot,1,0.8427352727797256,187,24,single
microtubules_map4,midas_ops,1,0.7392231546109479,187,24,single
microtubules_map4,scpair_ops,1,0.8308642562948058,187,24,single
microtubules_map4,ridge,2,0.7938065168685391,183,24,single
microtubules_map4,gbdt,2,0.7992216928977779,183,24,single
microtubules_map4,catboost_multirmse,2,0.7922917985229088,183,24,single
microtubules_map4,mlp,2,0.7997607909452085,183,24,single
microtubules_map4,tabm_specialists,2,0.7967811946918788,183,24,single
microtubules_map4,scbutterfly_ops_b,2,0.7478960799050093,183,24,single
microtubules_map4,resmlp_52head,2,0.7963497488540886,183,24,single
microtubules_map4,multitab_pilot,2,0.7958817057186556,183,24,single
microtubules_map4,midas_ops,2,0.6722604877092553,183,24,single
microtubules_map4,scpair_ops,2,0.79192026601566,183,24,single
microtubules_map4,ridge,3,0.7916049062199497,197,24,single
microtubules_map4,gbdt,3,0.7924672012083231,197,24,single
microtubules_map4,catboost_multirmse,3,0.7873199573307397,197,24,single
microtubules_map4,mlp,3,0.7939432528052288,197,24,single
microtubules_map4,tabm_specialists,3,0.7952093707776494,197,24,single
microtubules_map4,scbutterfly_ops_b,3,0.7486999121510131,197,24,single
microtubules_map4,resmlp_52head,3,0.7931193321649155,197,24,single
microtubules_map4,multitab_pilot,3,0.7875518504208682,197,24,single
microtubules_map4,midas_ops,3,0.7187082345941835,197,24,single
microtubules_map4,scpair_ops,3,0.7866593645375929,197,24,single
microtubules_map4,ridge,4,0.8239207297493767,222,24,single
microtubules_map4,gbdt,4,0.8283492259609614,222,24,single
microtubules_map4,catboost_multirmse,4,0.8229032110672634,222,24,single
microtubules_map4,mlp,4,0.8321995395044336,222,24,single
microtubules_map4,tabm_specialists,4,0.624867402139948,222,24,single
microtubules_map4,scbutterfly_ops_b,4,0.782877245575312,222,24,single
microtubules_map4,resmlp_52head,4,0.8283793834378436,222,24,single
microtubules_map4,multitab_pilot,4,0.8170530023594423,222,24,single
microtubules_map4,midas_ops,4,0.7291564310458627,222,24,single
microtubules_map4,scpair_ops,4,0.8169091537291545,222,24,single
lipid_droplet_plin2,ridge,0,0.664543015792985,422,24,single
lipid_droplet_plin2,gbdt,0,0.7293083129567449,422,24,single
lipid_droplet_plin2,catboost_multirmse,0,0.7229034131641473,422,24,single
lipid_droplet_plin2,mlp,0,0.7352220661361022,422,24,single
lipid_droplet_plin2,tabm_specialists,0,0.7416794391603526,422,24,single
lipid_droplet_plin2,scbutterfly_ops_b,0,0.7162103878231122,422,24,single
lipid_droplet_plin2,resmlp_52head,0,0.7093373526117768,422,24,single
lipid_droplet_plin2,multitab_pilot,0,0.7300522016234526,422,24,single
lipid_droplet_plin2,midas_ops,0,0.5714688184400738,422,24,single
lipid_droplet_plin2,scpair_ops,0,0.7215763881782015,422,24,single
lipid_droplet_plin2,ridge,1,0.6537119154259845,374,24,single
lipid_droplet_plin2,gbdt,1,0.7207177908519983,374,24,single
lipid_droplet_plin2,catboost_multirmse,1,0.7133008552467412,374,24,single
lipid_droplet_plin2,mlp,1,0.711527936473118,374,24,single
lipid_droplet_plin2,tabm_specialists,1,0.7139737658453176,374,24,single
lipid_droplet_plin2,scbutterfly_ops_b,1,0.6988329063290082,374,24,single
lipid_droplet_plin2,resmlp_52head,1,0.7123833213851695,374,24,single
lipid_droplet_plin2,multitab_pilot,1,0.7104587442571724,374,24,single
lipid_droplet_plin2,midas_ops,1,0.5700440281238836,374,24,single
lipid_droplet_plin2,scpair_ops,1,0.6928363062545295,374,24,single
lipid_droplet_plin2,ridge,2,0.6398266566492212,366,24,single
lipid_droplet_plin2,gbdt,2,0.6910921889356906,366,24,single
lipid_droplet_plin2,catboost_multirmse,2,0.6741137925408958,366,24,single
lipid_droplet_plin2,mlp,2,0.6661361366140724,366,24,single
lipid_droplet_plin2,tabm_specialists,2,0.7085846763951674,366,24,single
lipid_droplet_plin2,scbutterfly_ops_b,2,0.6803924886527817,366,24,single
lipid_droplet_plin2,resmlp_52head,2,0.6769041586916478,366,24,single
lipid_droplet_plin2,multitab_pilot,2,0.6630001747655832,366,24,single
lipid_droplet_plin2,midas_ops,2,0.5082543532762152,366,24,single
lipid_droplet_plin2,scpair_ops,2,0.642058267438178,366,24,single
lipid_droplet_plin2,ridge,3,0.6160897559108213,394,24,single
lipid_droplet_plin2,gbdt,3,0.6740138708336278,394,24,single
lipid_droplet_plin2,catboost_multirmse,3,0.6758533909878118,394,24,single
lipid_droplet_plin2,mlp,3,0.6547232798643157,394,24,single
lipid_droplet_plin2,tabm_specialists,3,0.6628232852762695,394,24,single
lipid_droplet_plin2,scbutterfly_ops_b,3,0.665731961165409,394,24,single
lipid_droplet_plin2,resmlp_52head,3,0.646375207190882,394,24,single
lipid_droplet_plin2,multitab_pilot,3,0.6704301981951831,394,24,single
lipid_droplet_plin2,midas_ops,3,0.5448459168206482,394,24,single
lipid_droplet_plin2,scpair_ops,3,0.647218706814452,394,24,single
lipid_droplet_plin2,ridge,4,0.6699894797568264,444,24,single
lipid_droplet_plin2,gbdt,4,0.7330119286000425,444,24,single
lipid_droplet_plin2,catboost_multirmse,4,0.7317295857840374,444,24,single
lipid_droplet_plin2,mlp,4,0.7130793598286115,444,24,single
lipid_droplet_plin2,tabm_specialists,4,0.741299832739103,444,24,single
lipid_droplet_plin2,scbutterfly_ops_b,4,0.7375577748386574,444,24,single
lipid_droplet_plin2,resmlp_52head,4,0.696054217660591,444,24,single
lipid_droplet_plin2,multitab_pilot,4,0.740549236856022,444,24,single
lipid_droplet_plin2,midas_ops,4,0.621851238510617,444,24,single
lipid_droplet_plin2,scpair_ops,4,0.7098456472679558,444,24,single
cell_proliferation_marker_mki67,ridge,0,0.6688463665760512,422,24,single
cell_proliferation_marker_mki67,gbdt,0,0.7067875840670359,422,24,single
cell_proliferation_marker_mki67,catboost_multirmse,0,0.6914739587631482,422,24,single
cell_proliferation_marker_mki67,mlp,0,0.6886568118307776,422,24,single
cell_proliferation_marker_mki67,tabm_specialists,0,0.7036985015117868,422,24,single
cell_proliferation_marker_mki67,scbutterfly_ops_b,0,0.6212640938599149,422,24,single
cell_proliferation_marker_mki67,resmlp_52head,0,0.669934289256162,422,24,single
cell_proliferation_marker_mki67,multitab_pilot,0,0.6745641444693117,422,24,single
cell_proliferation_marker_mki67,midas_ops,0,0.5385689372414189,422,24,single
cell_proliferation_marker_mki67,scpair_ops,0,0.6658658429910305,422,24,single
cell_proliferation_marker_mki67,ridge,1,0.6495308085891525,374,24,single
cell_proliferation_marker_mki67,gbdt,1,0.7217506390871993,374,24,single
cell_proliferation_marker_mki67,catboost_multirmse,1,0.6993273074168775,374,24,single
cell_proliferation_marker_mki67,mlp,1,0.7163374898012833,374,24,single
cell_proliferation_marker_mki67,tabm_specialists,1,0.7257193717810612,374,24,single
cell_proliferation_marker_mki67,scbutterfly_ops_b,1,0.6175504567491513,374,24,single
cell_proliferation_marker_mki67,resmlp_52head,1,0.7175252309841692,374,24,single
cell_proliferation_marker_mki67,multitab_pilot,1,0.7043670005048601,374,24,single
cell_proliferation_marker_mki67,midas_ops,1,0.3227608512878647,374,24,single
cell_proliferation_marker_mki67,scpair_ops,1,0.6909503053281658,374,24,single
cell_proliferation_marker_mki67,ridge,2,0.7141210744114218,366,24,single
cell_proliferation_marker_mki67,gbdt,2,0.7658473090047012,366,24,single
cell_proliferation_marker_mki67,catboost_multirmse,2,0.7607792343874026,366,24,single
cell_proliferation_marker_mki67,mlp,2,0.7528455080305371,366,24,single
cell_proliferation_marker_mki67,tabm_specialists,2,0.5416088761723007,366,24,single
cell_proliferation_marker_mki67,scbutterfly_ops_b,2,0.509653416170333,366,24,single
cell_proliferation_marker_mki67,resmlp_52head,2,0.7209658604833166,366,24,single
cell_proliferation_marker_mki67,multitab_pilot,2,0.7448822130224212,366,24,single
cell_proliferation_marker_mki67,midas_ops,2,0.4171882066270209,366,24,single
cell_proliferation_marker_mki67,scpair_ops,2,0.7086150554821975,366,24,single
cell_proliferation_marker_mki67,ridge,3,0.5767906539731787,394,24,single
cell_proliferation_marker_mki67,gbdt,3,0.6407395007483233,394,24,single
cell_proliferation_marker_mki67,catboost_multirmse,3,0.6140844049478058,394,24,single
cell_proliferation_marker_mki67,mlp,3,0.6115561175229952,394,24,single
cell_proliferation_marker_mki67,tabm_specialists,3,0.6356607310234871,394,24,single
cell_proliferation_marker_mki67,scbutterfly_ops_b,3,0.4616243120290393,394,24,single
cell_proliferation_marker_mki67,resmlp_52head,3,0.5815372200774579,394,24,single
cell_proliferation_marker_mki67,multitab_pilot,3,0.5963327717589181,394,24,single
cell_proliferation_marker_mki67,midas_ops,3,0.4964525189442977,394,24,single
cell_proliferation_marker_mki67,scpair_ops,3,0.5921941731808679,394,24,single
cell_proliferation_marker_mki67,ridge,4,0.6501453579158069,444,24,single
cell_proliferation_marker_mki67,gbdt,4,0.7023514533975613,444,24,single
cell_proliferation_marker_mki67,catboost_multirmse,4,0.6917477987496525,444,24,single
cell_proliferation_marker_mki67,mlp,4,0.6879020374838797,444,24,single
cell_proliferation_marker_mki67,tabm_specialists,4,0.7088314956313994,444,24,single
cell_proliferation_marker_mki67,scbutterfly_ops_b,4,0.6111843950222425,444,24,single
cell_proliferation_marker_mki67,resmlp_52head,4,0.6754307657532642,444,24,single
cell_proliferation_marker_mki67,multitab_pilot,4,0.6827893805304898,444,24,single
cell_proliferation_marker_mki67,midas_ops,4,0.3772079057567367,444,24,single
cell_proliferation_marker_mki67,scpair_ops,4,0.660626121178162,444,24,single
