method_id,method,split,reporter_slug,cell_pearson,split_label,method_color,method_order,method_family
catboost_multirmse,CatBoost,field_holdout_sanity,5xupre,0.6821487197279931,Field,#79A8C9,3,Classical tabular
catboost_multirmse,CatBoost,field_holdout_sanity,actin_filament_fastact_spy555_live_cell_dye,0.8874677521487078,Field,#79A8C9,3,Classical tabular
catboost_multirmse,CatBoost,field_holdout_sanity,autophagosome_atg101,0.648658906792601,Field,#79A8C9,3,Classical tabular
catboost_multirmse,CatBoost,field_holdout_sanity,autophagosome_map1lc3b,0.885663448770841,Field,#79A8C9,3,Classical tabular
catboost_multirmse,CatBoost,field_holdout_sanity,b-catenin,0.48548125391205144,Field,#79A8C9,3,Classical tabular
catboost_multirmse,CatBoost,field_holdout_sanity,c-myc,0.4569639357924461,Field,#79A8C9,3,Classical tabular
catboost_multirmse,CatBoost,field_holdout_sanity,caspase_activity_cellevent-caspase_live-cell_dye,0.5502997135122618,Field,#79A8C9,3,Classical tabular
catboost_multirmse,CatBoost,field_holdout_sanity,cell_proliferation_marker_mki67,0.7311065755784512,Field,#79A8C9,3,Classical tabular
catboost_multirmse,CatBoost,field_holdout_sanity,chaperones_hspa1b,0.7902456124623616,Field,#79A8C9,3,Classical tabular
catboost_multirmse,CatBoost,field_holdout_sanity,chromalive_488_excitation,0.7496964670717716,Field,#79A8C9,3,Classical tabular
catboost_multirmse,CatBoost,field_holdout_sanity,chromatin_h2bc21,0.6249508815507093,Field,#79A8C9,3,Classical tabular
catboost_multirmse,CatBoost,field_holdout_sanity,clathrin_vesicles_clta,0.8577618283530077,Field,#79A8C9,3,Classical tabular
catboost_multirmse,CatBoost,field_holdout_sanity,early_endosome_eea1,0.8236783834795156,Field,#79A8C9,3,Classical tabular
catboost_multirmse,CatBoost,field_holdout_sanity,endocytic_vesicle_ph_phrodo-dextran_live_cell_dye,0.8006474152207375,Field,#79A8C9,3,Classical tabular
catboost_multirmse,CatBoost,field_holdout_sanity,endosome_vps35,0.8133041163285574,Field,#79A8C9,3,Classical tabular
catboost_multirmse,CatBoost,field_holdout_sanity,er_cona,0.549506508352028,Field,#79A8C9,3,Classical tabular
catboost_multirmse,CatBoost,field_holdout_sanity,er_golgi_bridge_vapa,0.7399761265764633,Field,#79A8C9,3,Classical tabular
catboost_multirmse,CatBoost,field_holdout_sanity,er_golgi_cop-ii_sec23a,0.8341737513740858,Field,#79A8C9,3,Classical tabular
catboost_multirmse,CatBoost,field_holdout_sanity,er_golgi_cope,0.8339905366301537,Field,#79A8C9,3,Classical tabular
catboost_multirmse,CatBoost,field_holdout_sanity,er_ncln,0.5485829547047615,Field,#79A8C9,3,Classical tabular
catboost_multirmse,CatBoost,field_holdout_sanity,er_sec61b,0.7491746430595716,Field,#79A8C9,3,Classical tabular
catboost_multirmse,CatBoost,field_holdout_sanity,f-actin_phalloidin,0.5888875979516242,Field,#79A8C9,3,Classical tabular
catboost_multirmse,CatBoost,field_holdout_sanity,fe2+_ferhonox_live-cell_dye,0.9527013768752417,Field,#79A8C9,3,Classical tabular
catboost_multirmse,CatBoost,field_holdout_sanity,late_endosome_rab7a,0.8767360143363476,Field,#79A8C9,3,Classical tabular
catboost_multirmse,CatBoost,field_holdout_sanity,lipid_droplet_bodipy_live_cell_dye,0.8518686935305595,Field,#79A8C9,3,Classical tabular
catboost_multirmse,CatBoost,field_holdout_sanity,lipid_droplet_plin2,0.8211951089402041,Field,#79A8C9,3,Classical tabular
catboost_multirmse,CatBoost,field_holdout_sanity,lysosome_lamp1,0.7207601274053255,Field,#79A8C9,3,Classical tabular
catboost_multirmse,CatBoost,field_holdout_sanity,lysosome_lysotracker_live-cell_dye,0.8745386026799679,Field,#79A8C9,3,Classical tabular
catboost_multirmse,CatBoost,field_holdout_sanity,microtubules_map4,0.7208067050824563,Field,#79A8C9,3,Classical tabular
catboost_multirmse,CatBoost,field_holdout_sanity,microtubules_tubulin,0.5677024166617128,Field,#79A8C9,3,Classical tabular
catboost_multirmse,CatBoost,field_holdout_sanity,mitochondria_chromalive_561_excitation,0.7997811950743199,Field,#79A8C9,3,Classical tabular
catboost_multirmse,CatBoost,field_holdout_sanity,mitochondria_tomm20,0.5178382426707281,Field,#79A8C9,3,Classical tabular
catboost_multirmse,CatBoost,field_holdout_sanity,mitochondria_tomm70a,0.7703410980602106,Field,#79A8C9,3,Classical tabular
catboost_multirmse,CatBoost,field_holdout_sanity,nuclear_speckles_srrm2,0.8472894196708998,Field,#79A8C9,3,Classical tabular
catboost_multirmse,CatBoost,field_holdout_sanity,nuclei_hoechst,0.6554203206300736,Field,#79A8C9,3,Classical tabular
catboost_multirmse,CatBoost,field_holdout_sanity,nuclei_nucleolive_live_cell_dye,0.6900956206023693,Field,#79A8C9,3,Classical tabular
catboost_multirmse,CatBoost,field_holdout_sanity,nucleoli_npm1,0.4365393012348148,Field,#79A8C9,3,Classical tabular
catboost_multirmse,CatBoost,field_holdout_sanity,nucleolus-dfc_fbl,0.817309915026029,Field,#79A8C9,3,Classical tabular
catboost_multirmse,CatBoost,field_holdout_sanity,nucleolus-gc_npm3,0.8138236073156199,Field,#79A8C9,3,Classical tabular
catboost_multirmse,CatBoost,field_holdout_sanity,oxidative_stress_cellrox_live-cell_dye,0.7758481045564016,Field,#79A8C9,3,Classical tabular
catboost_multirmse,CatBoost,field_holdout_sanity,p21,0.4163627906640371,Field,#79A8C9,3,Classical tabular
catboost_multirmse,CatBoost,field_holdout_sanity,p53,0.38290641248226165,Field,#79A8C9,3,Classical tabular
catboost_multirmse,CatBoost,field_holdout_sanity,peroxisome_peroxi_spy650_live_cell_dye,0.8574338706831137,Field,#79A8C9,3,Classical tabular
catboost_multirmse,CatBoost,field_holdout_sanity,plasma_membrane_atp1b3,0.6433531490465005,Field,#79A8C9,3,Classical tabular
catboost_multirmse,CatBoost,field_holdout_sanity,plasma_membrane_slc3a2,0.850751967728138,Field,#79A8C9,3,Classical tabular
catboost_multirmse,CatBoost,field_holdout_sanity,plasma_membrane_wga,0.6015415005385876,Field,#79A8C9,3,Classical tabular
catboost_multirmse,CatBoost,field_holdout_sanity,prb,0.40066034470995265,Field,#79A8C9,3,Classical tabular
catboost_multirmse,CatBoost,field_holdout_sanity,proteasome_psmb7,0.6458263044555983,Field,#79A8C9,3,Classical tabular
catboost_multirmse,CatBoost,field_holdout_sanity,ps6,0.5177138930062453,Field,#79A8C9,3,Classical tabular
catboost_multirmse,CatBoost,field_holdout_sanity,recycling_endosome_tfrc,0.8472767184178034,Field,#79A8C9,3,Classical tabular
catboost_multirmse,CatBoost,field_holdout_sanity,stress_granule_g3bp1,0.8650411926209927,Field,#79A8C9,3,Classical tabular
catboost_multirmse,CatBoost,field_holdout_sanity,trans-golgi_vamp3,0.6348577645917735,Field,#79A8C9,3,Classical tabular
catboost_multirmse,CatBoost,gene_holdout_main,5xupre,0.681316092312336,Gene,#79A8C9,3,Classical tabular
catboost_multirmse,CatBoost,gene_holdout_main,actin_filament_fastact_spy555_live_cell_dye,0.8874257380763689,Gene,#79A8C9,3,Classical tabular
catboost_multirmse,CatBoost,gene_holdout_main,autophagosome_atg101,0.6488105821112791,Gene,#79A8C9,3,Classical tabular
catboost_multirmse,CatBoost,gene_holdout_main,autophagosome_map1lc3b,0.8856411459545294,Gene,#79A8C9,3,Classical tabular
catboost_multirmse,CatBoost,gene_holdout_main,b-catenin,0.4865442032615344,Gene,#79A8C9,3,Classical tabular
catboost_multirmse,CatBoost,gene_holdout_main,c-myc,0.4622400055329005,Gene,#79A8C9,3,Classical tabular
catboost_multirmse,CatBoost,gene_holdout_main,caspase_activity_cellevent-caspase_live-cell_dye,0.5447681238253911,Gene,#79A8C9,3,Classical tabular
catboost_multirmse,CatBoost,gene_holdout_main,cell_proliferation_marker_mki67,0.7311463341116905,Gene,#79A8C9,3,Classical tabular
catboost_multirmse,CatBoost,gene_holdout_main,chaperones_hspa1b,0.7909676017860571,Gene,#79A8C9,3,Classical tabular
catboost_multirmse,CatBoost,gene_holdout_main,chromalive_488_excitation,0.7490686429043611,Gene,#79A8C9,3,Classical tabular
catboost_multirmse,CatBoost,gene_holdout_main,chromatin_h2bc21,0.6254757496217886,Gene,#79A8C9,3,Classical tabular
catboost_multirmse,CatBoost,gene_holdout_main,clathrin_vesicles_clta,0.8580331427355607,Gene,#79A8C9,3,Classical tabular
catboost_multirmse,CatBoost,gene_holdout_main,early_endosome_eea1,0.823903072377046,Gene,#79A8C9,3,Classical tabular
catboost_multirmse,CatBoost,gene_holdout_main,endocytic_vesicle_ph_phrodo-dextran_live_cell_dye,0.8004328002532324,Gene,#79A8C9,3,Classical tabular
catboost_multirmse,CatBoost,gene_holdout_main,endosome_vps35,0.8139235369861126,Gene,#79A8C9,3,Classical tabular
catboost_multirmse,CatBoost,gene_holdout_main,er_cona,0.5494051306611961,Gene,#79A8C9,3,Classical tabular
catboost_multirmse,CatBoost,gene_holdout_main,er_golgi_bridge_vapa,0.741213640322288,Gene,#79A8C9,3,Classical tabular
catboost_multirmse,CatBoost,gene_holdout_main,er_golgi_cop-ii_sec23a,0.8350039660930634,Gene,#79A8C9,3,Classical tabular
catboost_multirmse,CatBoost,gene_holdout_main,er_golgi_cope,0.8347918252150219,Gene,#79A8C9,3,Classical tabular
catboost_multirmse,CatBoost,gene_holdout_main,er_ncln,0.5506166737526655,Gene,#79A8C9,3,Classical tabular
catboost_multirmse,CatBoost,gene_holdout_main,er_sec61b,0.7428780063986778,Gene,#79A8C9,3,Classical tabular
catboost_multirmse,CatBoost,gene_holdout_main,f-actin_phalloidin,0.5885968511717187,Gene,#79A8C9,3,Classical tabular
catboost_multirmse,CatBoost,gene_holdout_main,fe2+_ferhonox_live-cell_dye,0.9526462366183599,Gene,#79A8C9,3,Classical tabular
catboost_multirmse,CatBoost,gene_holdout_main,late_endosome_rab7a,0.8767115888496241,Gene,#79A8C9,3,Classical tabular
catboost_multirmse,CatBoost,gene_holdout_main,lipid_droplet_bodipy_live_cell_dye,0.8522512711584568,Gene,#79A8C9,3,Classical tabular
catboost_multirmse,CatBoost,gene_holdout_main,lipid_droplet_plin2,0.8210181700686613,Gene,#79A8C9,3,Classical tabular
catboost_multirmse,CatBoost,gene_holdout_main,lysosome_lamp1,0.7206105083227158,Gene,#79A8C9,3,Classical tabular
catboost_multirmse,CatBoost,gene_holdout_main,lysosome_lysotracker_live-cell_dye,0.8755148085455099,Gene,#79A8C9,3,Classical tabular
catboost_multirmse,CatBoost,gene_holdout_main,microtubules_map4,0.7185086396833261,Gene,#79A8C9,3,Classical tabular
catboost_multirmse,CatBoost,gene_holdout_main,microtubules_tubulin,0.5680486621128188,Gene,#79A8C9,3,Classical tabular
catboost_multirmse,CatBoost,gene_holdout_main,mitochondria_chromalive_561_excitation,0.8003086720903715,Gene,#79A8C9,3,Classical tabular
catboost_multirmse,CatBoost,gene_holdout_main,mitochondria_tomm20,0.5170634785874022,Gene,#79A8C9,3,Classical tabular
catboost_multirmse,CatBoost,gene_holdout_main,mitochondria_tomm70a,0.770471719900767,Gene,#79A8C9,3,Classical tabular
catboost_multirmse,CatBoost,gene_holdout_main,nuclear_speckles_srrm2,0.8482235814134279,Gene,#79A8C9,3,Classical tabular
catboost_multirmse,CatBoost,gene_holdout_main,nuclei_hoechst,0.655637779533863,Gene,#79A8C9,3,Classical tabular
catboost_multirmse,CatBoost,gene_holdout_main,nuclei_nucleolive_live_cell_dye,0.6904158325244982,Gene,#79A8C9,3,Classical tabular
catboost_multirmse,CatBoost,gene_holdout_main,nucleoli_npm1,0.43686814746922914,Gene,#79A8C9,3,Classical tabular
catboost_multirmse,CatBoost,gene_holdout_main,nucleolus-dfc_fbl,0.8176737961669763,Gene,#79A8C9,3,Classical tabular
catboost_multirmse,CatBoost,gene_holdout_main,nucleolus-gc_npm3,0.8133675669630369,Gene,#79A8C9,3,Classical tabular
catboost_multirmse,CatBoost,gene_holdout_main,oxidative_stress_cellrox_live-cell_dye,0.7770839489996433,Gene,#79A8C9,3,Classical tabular
catboost_multirmse,CatBoost,gene_holdout_main,p21,0.4159336845080057,Gene,#79A8C9,3,Classical tabular
catboost_multirmse,CatBoost,gene_holdout_main,p53,0.39839164167642593,Gene,#79A8C9,3,Classical tabular
catboost_multirmse,CatBoost,gene_holdout_main,peroxisome_peroxi_spy650_live_cell_dye,0.86048867876331,Gene,#79A8C9,3,Classical tabular
catboost_multirmse,CatBoost,gene_holdout_main,plasma_membrane_atp1b3,0.644694521650672,Gene,#79A8C9,3,Classical tabular
catboost_multirmse,CatBoost,gene_holdout_main,plasma_membrane_slc3a2,0.850644406179587,Gene,#79A8C9,3,Classical tabular
catboost_multirmse,CatBoost,gene_holdout_main,plasma_membrane_wga,0.6007487601704067,Gene,#79A8C9,3,Classical tabular
catboost_multirmse,CatBoost,gene_holdout_main,prb,0.28767244171351186,Gene,#79A8C9,3,Classical tabular
catboost_multirmse,CatBoost,gene_holdout_main,proteasome_psmb7,0.6455061249434948,Gene,#79A8C9,3,Classical tabular
catboost_multirmse,CatBoost,gene_holdout_main,ps6,0.5160037460178136,Gene,#79A8C9,3,Classical tabular
catboost_multirmse,CatBoost,gene_holdout_main,recycling_endosome_tfrc,0.8472827297945817,Gene,#79A8C9,3,Classical tabular
catboost_multirmse,CatBoost,gene_holdout_main,stress_granule_g3bp1,0.8645727410912514,Gene,#79A8C9,3,Classical tabular
catboost_multirmse,CatBoost,gene_holdout_main,trans-golgi_vamp3,0.6370950907468795,Gene,#79A8C9,3,Classical tabular
catboost_multirmse,CatBoost,strict_whole_screen,5xupre,0.6767086866001288,Whole-screen,#79A8C9,3,Classical tabular
catboost_multirmse,CatBoost,strict_whole_screen,actin_filament_fastact_spy555_live_cell_dye,0.8374710301558176,Whole-screen,#79A8C9,3,Classical tabular
catboost_multirmse,CatBoost,strict_whole_screen,autophagosome_atg101,0.5830410715813439,Whole-screen,#79A8C9,3,Classical tabular
catboost_multirmse,CatBoost,strict_whole_screen,autophagosome_map1lc3b,0.6257081257709717,Whole-screen,#79A8C9,3,Classical tabular
catboost_multirmse,CatBoost,strict_whole_screen,caspase_activity_cellevent-caspase_live-cell_dye,0.49869388807564974,Whole-screen,#79A8C9,3,Classical tabular
catboost_multirmse,CatBoost,strict_whole_screen,cell_proliferation_marker_mki67,0.5399419986642897,Whole-screen,#79A8C9,3,Classical tabular
catboost_multirmse,CatBoost,strict_whole_screen,chaperones_hspa1b,0.667110910328726,Whole-screen,#79A8C9,3,Classical tabular
catboost_multirmse,CatBoost,strict_whole_screen,chromalive_488_excitation,0.6045077632491787,Whole-screen,#79A8C9,3,Classical tabular
catboost_multirmse,CatBoost,strict_whole_screen,chromatin_h2bc21,0.5828135460615158,Whole-screen,#79A8C9,3,Classical tabular
catboost_multirmse,CatBoost,strict_whole_screen,clathrin_vesicles_clta,0.8393601514399052,Whole-screen,#79A8C9,3,Classical tabular
catboost_multirmse,CatBoost,strict_whole_screen,endocytic_vesicle_ph_phrodo-dextran_live_cell_dye,0.24864311494942132,Whole-screen,#79A8C9,3,Classical tabular
catboost_multirmse,CatBoost,strict_whole_screen,endosome_vps35,0.6936406431098778,Whole-screen,#79A8C9,3,Classical tabular
catboost_multirmse,CatBoost,strict_whole_screen,er_golgi_bridge_vapa,0.7287557205806177,Whole-screen,#79A8C9,3,Classical tabular
catboost_multirmse,CatBoost,strict_whole_screen,er_golgi_cope,0.3340595285020147,Whole-screen,#79A8C9,3,Classical tabular
catboost_multirmse,CatBoost,strict_whole_screen,er_sec61b,0.7573420306046804,Whole-screen,#79A8C9,3,Classical tabular
catboost_multirmse,CatBoost,strict_whole_screen,fe2+_ferhonox_live-cell_dye,0.13095616283438474,Whole-screen,#79A8C9,3,Classical tabular
catboost_multirmse,CatBoost,strict_whole_screen,late_endosome_rab7a,0.8353642821311951,Whole-screen,#79A8C9,3,Classical tabular
catboost_multirmse,CatBoost,strict_whole_screen,lipid_droplet_bodipy_live_cell_dye,0.8394979201257229,Whole-screen,#79A8C9,3,Classical tabular
catboost_multirmse,CatBoost,strict_whole_screen,lipid_droplet_plin2,0.22457439582406852,Whole-screen,#79A8C9,3,Classical tabular
catboost_multirmse,CatBoost,strict_whole_screen,lysosome_lamp1,0.6873598229140043,Whole-screen,#79A8C9,3,Classical tabular
catboost_multirmse,CatBoost,strict_whole_screen,lysosome_lysotracker_live-cell_dye,0.8466453014148606,Whole-screen,#79A8C9,3,Classical tabular
catboost_multirmse,CatBoost,strict_whole_screen,mitochondria_chromalive_561_excitation,0.5754497706269225,Whole-screen,#79A8C9,3,Classical tabular
catboost_multirmse,CatBoost,strict_whole_screen,mitochondria_tomm70a,0.5124191488527382,Whole-screen,#79A8C9,3,Classical tabular
catboost_multirmse,CatBoost,strict_whole_screen,nuclear_speckles_srrm2,0.4809281957568601,Whole-screen,#79A8C9,3,Classical tabular
catboost_multirmse,CatBoost,strict_whole_screen,nuclei_nucleolive_live_cell_dye,0.44109585130354384,Whole-screen,#79A8C9,3,Classical tabular
catboost_multirmse,CatBoost,strict_whole_screen,nucleolus-dfc_fbl,0.3635662176335851,Whole-screen,#79A8C9,3,Classical tabular
catboost_multirmse,CatBoost,strict_whole_screen,nucleolus-gc_npm3,0.5876917471177876,Whole-screen,#79A8C9,3,Classical tabular
catboost_multirmse,CatBoost,strict_whole_screen,oxidative_stress_cellrox_live-cell_dye,0.38377155986381695,Whole-screen,#79A8C9,3,Classical tabular
catboost_multirmse,CatBoost,strict_whole_screen,peroxisome_peroxi_spy650_live_cell_dye,0.5797534383212526,Whole-screen,#79A8C9,3,Classical tabular
catboost_multirmse,CatBoost,strict_whole_screen,plasma_membrane_atp1b3,0.6190753026554983,Whole-screen,#79A8C9,3,Classical tabular
catboost_multirmse,CatBoost,strict_whole_screen,plasma_membrane_slc3a2,0.8446154023210208,Whole-screen,#79A8C9,3,Classical tabular
catboost_multirmse,CatBoost,strict_whole_screen,proteasome_psmb7,0.42963085909529275,Whole-screen,#79A8C9,3,Classical tabular
catboost_multirmse,CatBoost,strict_whole_screen,recycling_endosome_tfrc,0.7601050132264693,Whole-screen,#79A8C9,3,Classical tabular
catboost_multirmse,CatBoost,strict_whole_screen,trans-golgi_vamp3,0.5020915086691579,Whole-screen,#79A8C9,3,Classical tabular
gbdt,GBDT,field_holdout_sanity,5xupre,0.6904476791620254,Field,#5E88AD,2,Classical tabular
gbdt,GBDT,field_holdout_sanity,actin_filament_fastact_spy555_live_cell_dye,0.9015366812547049,Field,#5E88AD,2,Classical tabular
gbdt,GBDT,field_holdout_sanity,autophagosome_atg101,0.6581425591061512,Field,#5E88AD,2,Classical tabular
gbdt,GBDT,field_holdout_sanity,autophagosome_map1lc3b,0.893724707265695,Field,#5E88AD,2,Classical tabular
gbdt,GBDT,field_holdout_sanity,b-catenin,0.477874524941047,Field,#5E88AD,2,Classical tabular
gbdt,GBDT,field_holdout_sanity,c-myc,0.43665459468960754,Field,#5E88AD,2,Classical tabular
gbdt,GBDT,field_holdout_sanity,caspase_activity_cellevent-caspase_live-cell_dye,0.5404029250144958,Field,#5E88AD,2,Classical tabular
gbdt,GBDT,field_holdout_sanity,cell_proliferation_marker_mki67,0.7348997647563615,Field,#5E88AD,2,Classical tabular
gbdt,GBDT,field_holdout_sanity,chaperones_hspa1b,0.795969677468141,Field,#5E88AD,2,Classical tabular
gbdt,GBDT,field_holdout_sanity,chromalive_488_excitation,0.7638739975790183,Field,#5E88AD,2,Classical tabular
gbdt,GBDT,field_holdout_sanity,chromatin_h2bc21,0.6440193151434264,Field,#5E88AD,2,Classical tabular
gbdt,GBDT,field_holdout_sanity,clathrin_vesicles_clta,0.8724314823746682,Field,#5E88AD,2,Classical tabular
gbdt,GBDT,field_holdout_sanity,early_endosome_eea1,0.8330154615143934,Field,#5E88AD,2,Classical tabular
gbdt,GBDT,field_holdout_sanity,endocytic_vesicle_ph_phrodo-dextran_live_cell_dye,0.8074453959862391,Field,#5E88AD,2,Classical tabular
gbdt,GBDT,field_holdout_sanity,endosome_vps35,0.8286477906008562,Field,#5E88AD,2,Classical tabular
gbdt,GBDT,field_holdout_sanity,er_cona,0.5550778152628077,Field,#5E88AD,2,Classical tabular
gbdt,GBDT,field_holdout_sanity,er_golgi_bridge_vapa,0.7525497790426016,Field,#5E88AD,2,Classical tabular
gbdt,GBDT,field_holdout_sanity,er_golgi_cop-ii_sec23a,0.8454244804879029,Field,#5E88AD,2,Classical tabular
gbdt,GBDT,field_holdout_sanity,er_golgi_cope,0.8398814956347147,Field,#5E88AD,2,Classical tabular
gbdt,GBDT,field_holdout_sanity,er_ncln,0.5545308625946441,Field,#5E88AD,2,Classical tabular
gbdt,GBDT,field_holdout_sanity,er_sec61b,0.7627596614261468,Field,#5E88AD,2,Classical tabular
gbdt,GBDT,field_holdout_sanity,f-actin_phalloidin,0.5961794566777018,Field,#5E88AD,2,Classical tabular
gbdt,GBDT,field_holdout_sanity,fe2+_ferhonox_live-cell_dye,0.9562155261635781,Field,#5E88AD,2,Classical tabular
gbdt,GBDT,field_holdout_sanity,late_endosome_rab7a,0.8898839950561523,Field,#5E88AD,2,Classical tabular
gbdt,GBDT,field_holdout_sanity,lipid_droplet_bodipy_live_cell_dye,0.8698229526480039,Field,#5E88AD,2,Classical tabular
gbdt,GBDT,field_holdout_sanity,lipid_droplet_plin2,0.8260249435901642,Field,#5E88AD,2,Classical tabular
gbdt,GBDT,field_holdout_sanity,lysosome_lamp1,0.7356578357517719,Field,#5E88AD,2,Classical tabular
gbdt,GBDT,field_holdout_sanity,lysosome_lysotracker_live-cell_dye,0.8892269847293696,Field,#5E88AD,2,Classical tabular
gbdt,GBDT,field_holdout_sanity,microtubules_map4,0.7267238114029169,Field,#5E88AD,2,Classical tabular
gbdt,GBDT,field_holdout_sanity,microtubules_tubulin,0.5741581393612756,Field,#5E88AD,2,Classical tabular
gbdt,GBDT,field_holdout_sanity,mitochondria_chromalive_561_excitation,0.81349319567283,Field,#5E88AD,2,Classical tabular
gbdt,GBDT,field_holdout_sanity,mitochondria_tomm20,0.5239783353586164,Field,#5E88AD,2,Classical tabular
gbdt,GBDT,field_holdout_sanity,mitochondria_tomm70a,0.7773434949417909,Field,#5E88AD,2,Classical tabular
gbdt,GBDT,field_holdout_sanity,nuclear_speckles_srrm2,0.8610711683829624,Field,#5E88AD,2,Classical tabular
gbdt,GBDT,field_holdout_sanity,nuclei_hoechst,0.6747367910544078,Field,#5E88AD,2,Classical tabular
gbdt,GBDT,field_holdout_sanity,nuclei_nucleolive_live_cell_dye,0.7172272405276696,Field,#5E88AD,2,Classical tabular
gbdt,GBDT,field_holdout_sanity,nucleoli_npm1,0.4387658396114905,Field,#5E88AD,2,Classical tabular
gbdt,GBDT,field_holdout_sanity,nucleolus-dfc_fbl,0.8276304977635542,Field,#5E88AD,2,Classical tabular
gbdt,GBDT,field_holdout_sanity,nucleolus-gc_npm3,0.824855143080155,Field,#5E88AD,2,Classical tabular
gbdt,GBDT,field_holdout_sanity,oxidative_stress_cellrox_live-cell_dye,0.781120895842711,Field,#5E88AD,2,Classical tabular
gbdt,GBDT,field_holdout_sanity,p21,0.4097007025281588,Field,#5E88AD,2,Classical tabular
gbdt,GBDT,field_holdout_sanity,p53,0.34953407401839887,Field,#5E88AD,2,Classical tabular
gbdt,GBDT,field_holdout_sanity,peroxisome_peroxi_spy650_live_cell_dye,0.8652393698692322,Field,#5E88AD,2,Classical tabular
gbdt,GBDT,field_holdout_sanity,plasma_membrane_atp1b3,0.6530750684440136,Field,#5E88AD,2,Classical tabular
gbdt,GBDT,field_holdout_sanity,plasma_membrane_slc3a2,0.8579512879252433,Field,#5E88AD,2,Classical tabular
gbdt,GBDT,field_holdout_sanity,plasma_membrane_wga,0.6074694895495971,Field,#5E88AD,2,Classical tabular
gbdt,GBDT,field_holdout_sanity,prb,0.3688816132924209,Field,#5E88AD,2,Classical tabular
gbdt,GBDT,field_holdout_sanity,proteasome_psmb7,0.6543818118671576,Field,#5E88AD,2,Classical tabular
gbdt,GBDT,field_holdout_sanity,ps6,0.5050560023445481,Field,#5E88AD,2,Classical tabular
gbdt,GBDT,field_holdout_sanity,recycling_endosome_tfrc,0.8629664376378059,Field,#5E88AD,2,Classical tabular
gbdt,GBDT,field_holdout_sanity,stress_granule_g3bp1,0.8752559850613275,Field,#5E88AD,2,Classical tabular
gbdt,GBDT,field_holdout_sanity,trans-golgi_vamp3,0.6560813255608082,Field,#5E88AD,2,Classical tabular
gbdt,GBDT,gene_holdout_main,5xupre,0.6894930890202522,Gene,#5E88AD,2,Classical tabular
gbdt,GBDT,gene_holdout_main,actin_filament_fastact_spy555_live_cell_dye,0.9014949984848499,Gene,#5E88AD,2,Classical tabular
gbdt,GBDT,gene_holdout_main,autophagosome_atg101,0.6582237814863523,Gene,#5E88AD,2,Classical tabular
gbdt,GBDT,gene_holdout_main,autophagosome_map1lc3b,0.8937991162141165,Gene,#5E88AD,2,Classical tabular
gbdt,GBDT,gene_holdout_main,b-catenin,0.48043478662769,Gene,#5E88AD,2,Classical tabular
gbdt,GBDT,gene_holdout_main,c-myc,0.4411157037566105,Gene,#5E88AD,2,Classical tabular
gbdt,GBDT,gene_holdout_main,caspase_activity_cellevent-caspase_live-cell_dye,0.5395112951596578,Gene,#5E88AD,2,Classical tabular
gbdt,GBDT,gene_holdout_main,cell_proliferation_marker_mki67,0.7364399376014868,Gene,#5E88AD,2,Classical tabular
gbdt,GBDT,gene_holdout_main,chaperones_hspa1b,0.798015179981788,Gene,#5E88AD,2,Classical tabular
gbdt,GBDT,gene_holdout_main,chromalive_488_excitation,0.7647856930891673,Gene,#5E88AD,2,Classical tabular
gbdt,GBDT,gene_holdout_main,chromatin_h2bc21,0.645126149058342,Gene,#5E88AD,2,Classical tabular
gbdt,GBDT,gene_holdout_main,clathrin_vesicles_clta,0.873008362452189,Gene,#5E88AD,2,Classical tabular
gbdt,GBDT,gene_holdout_main,early_endosome_eea1,0.8325293260316053,Gene,#5E88AD,2,Classical tabular
gbdt,GBDT,gene_holdout_main,endocytic_vesicle_ph_phrodo-dextran_live_cell_dye,0.8077189554770788,Gene,#5E88AD,2,Classical tabular
gbdt,GBDT,gene_holdout_main,endosome_vps35,0.8295468342800936,Gene,#5E88AD,2,Classical tabular
gbdt,GBDT,gene_holdout_main,er_cona,0.5563194379624393,Gene,#5E88AD,2,Classical tabular
gbdt,GBDT,gene_holdout_main,er_golgi_bridge_vapa,0.7543775469064713,Gene,#5E88AD,2,Classical tabular
gbdt,GBDT,gene_holdout_main,er_golgi_cop-ii_sec23a,0.8463279942671458,Gene,#5E88AD,2,Classical tabular
gbdt,GBDT,gene_holdout_main,er_golgi_cope,0.8400667543212572,Gene,#5E88AD,2,Classical tabular
gbdt,GBDT,gene_holdout_main,er_ncln,0.5546291382362446,Gene,#5E88AD,2,Classical tabular
gbdt,GBDT,gene_holdout_main,er_sec61b,0.7567176317175229,Gene,#5E88AD,2,Classical tabular
gbdt,GBDT,gene_holdout_main,f-actin_phalloidin,0.5969688802543613,Gene,#5E88AD,2,Classical tabular
gbdt,GBDT,gene_holdout_main,fe2+_ferhonox_live-cell_dye,0.9562690950930118,Gene,#5E88AD,2,Classical tabular
gbdt,GBDT,gene_holdout_main,late_endosome_rab7a,0.8897845807174841,Gene,#5E88AD,2,Classical tabular
gbdt,GBDT,gene_holdout_main,lipid_droplet_bodipy_live_cell_dye,0.8701462164521218,Gene,#5E88AD,2,Classical tabular
gbdt,GBDT,gene_holdout_main,lipid_droplet_plin2,0.8263031721115113,Gene,#5E88AD,2,Classical tabular
gbdt,GBDT,gene_holdout_main,lysosome_lamp1,0.731864457577467,Gene,#5E88AD,2,Classical tabular
gbdt,GBDT,gene_holdout_main,lysosome_lysotracker_live-cell_dye,0.8904493639866511,Gene,#5E88AD,2,Classical tabular
gbdt,GBDT,gene_holdout_main,microtubules_map4,0.7240056203057368,Gene,#5E88AD,2,Classical tabular
gbdt,GBDT,gene_holdout_main,microtubules_tubulin,0.575734115185009,Gene,#5E88AD,2,Classical tabular
gbdt,GBDT,gene_holdout_main,mitochondria_chromalive_561_excitation,0.8141453956564269,Gene,#5E88AD,2,Classical tabular
gbdt,GBDT,gene_holdout_main,mitochondria_tomm20,0.524099746439606,Gene,#5E88AD,2,Classical tabular
gbdt,GBDT,gene_holdout_main,mitochondria_tomm70a,0.7773731519778571,Gene,#5E88AD,2,Classical tabular
gbdt,GBDT,gene_holdout_main,nuclear_speckles_srrm2,0.8619443789124489,Gene,#5E88AD,2,Classical tabular
gbdt,GBDT,gene_holdout_main,nuclei_hoechst,0.6761394638816516,Gene,#5E88AD,2,Classical tabular
gbdt,GBDT,gene_holdout_main,nuclei_nucleolive_live_cell_dye,0.7181994465490182,Gene,#5E88AD,2,Classical tabular
gbdt,GBDT,gene_holdout_main,nucleoli_npm1,0.44055448037882644,Gene,#5E88AD,2,Classical tabular
gbdt,GBDT,gene_holdout_main,nucleolus-dfc_fbl,0.8286243403951327,Gene,#5E88AD,2,Classical tabular
gbdt,GBDT,gene_holdout_main,nucleolus-gc_npm3,0.8252503052353859,Gene,#5E88AD,2,Classical tabular
gbdt,GBDT,gene_holdout_main,oxidative_stress_cellrox_live-cell_dye,0.7834545828402042,Gene,#5E88AD,2,Classical tabular
gbdt,GBDT,gene_holdout_main,p21,0.4116840877135594,Gene,#5E88AD,2,Classical tabular
gbdt,GBDT,gene_holdout_main,p53,0.3627723722408215,Gene,#5E88AD,2,Classical tabular
gbdt,GBDT,gene_holdout_main,peroxisome_peroxi_spy650_live_cell_dye,0.8694103727738062,Gene,#5E88AD,2,Classical tabular
gbdt,GBDT,gene_holdout_main,plasma_membrane_atp1b3,0.6528735867391029,Gene,#5E88AD,2,Classical tabular
gbdt,GBDT,gene_holdout_main,plasma_membrane_slc3a2,0.8586430261532465,Gene,#5E88AD,2,Classical tabular
gbdt,GBDT,gene_holdout_main,plasma_membrane_wga,0.6083090903030501,Gene,#5E88AD,2,Classical tabular
gbdt,GBDT,gene_holdout_main,prb,0.2577490422471116,Gene,#5E88AD,2,Classical tabular
gbdt,GBDT,gene_holdout_main,proteasome_psmb7,0.6550438550611337,Gene,#5E88AD,2,Classical tabular
gbdt,GBDT,gene_holdout_main,ps6,0.5076787888437199,Gene,#5E88AD,2,Classical tabular
gbdt,GBDT,gene_holdout_main,recycling_endosome_tfrc,0.863070334494114,Gene,#5E88AD,2,Classical tabular
gbdt,GBDT,gene_holdout_main,stress_granule_g3bp1,0.8756997081140676,Gene,#5E88AD,2,Classical tabular
gbdt,GBDT,gene_holdout_main,trans-golgi_vamp3,0.6584653158982595,Gene,#5E88AD,2,Classical tabular
gbdt,GBDT,strict_whole_screen,5xupre,0.6848109374443689,Whole-screen,#5E88AD,2,Classical tabular
gbdt,GBDT,strict_whole_screen,actin_filament_fastact_spy555_live_cell_dye,0.8546819337954125,Whole-screen,#5E88AD,2,Classical tabular
gbdt,GBDT,strict_whole_screen,autophagosome_atg101,0.5856595461567242,Whole-screen,#5E88AD,2,Classical tabular
gbdt,GBDT,strict_whole_screen,autophagosome_map1lc3b,0.6291805360880163,Whole-screen,#5E88AD,2,Classical tabular
gbdt,GBDT,strict_whole_screen,caspase_activity_cellevent-caspase_live-cell_dye,0.49322752856339014,Whole-screen,#5E88AD,2,Classical tabular
gbdt,GBDT,strict_whole_screen,cell_proliferation_marker_mki67,0.5134552344679832,Whole-screen,#5E88AD,2,Classical tabular
gbdt,GBDT,strict_whole_screen,chaperones_hspa1b,0.6699084431553881,Whole-screen,#5E88AD,2,Classical tabular
gbdt,GBDT,strict_whole_screen,chromalive_488_excitation,0.5960611868649721,Whole-screen,#5E88AD,2,Classical tabular
gbdt,GBDT,strict_whole_screen,chromatin_h2bc21,0.5686805434525013,Whole-screen,#5E88AD,2,Classical tabular
gbdt,GBDT,strict_whole_screen,clathrin_vesicles_clta,0.8521184554944436,Whole-screen,#5E88AD,2,Classical tabular
gbdt,GBDT,strict_whole_screen,endocytic_vesicle_ph_phrodo-dextran_live_cell_dye,0.2683826166030485,Whole-screen,#5E88AD,2,Classical tabular
gbdt,GBDT,strict_whole_screen,endosome_vps35,0.697338795599838,Whole-screen,#5E88AD,2,Classical tabular
gbdt,GBDT,strict_whole_screen,er_golgi_bridge_vapa,0.7364787369345625,Whole-screen,#5E88AD,2,Classical tabular
gbdt,GBDT,strict_whole_screen,er_golgi_cope,0.35057732562684873,Whole-screen,#5E88AD,2,Classical tabular
gbdt,GBDT,strict_whole_screen,er_sec61b,0.7679437452720271,Whole-screen,#5E88AD,2,Classical tabular
gbdt,GBDT,strict_whole_screen,fe2+_ferhonox_live-cell_dye,0.0585798948309275,Whole-screen,#5E88AD,2,Classical tabular
gbdt,GBDT,strict_whole_screen,late_endosome_rab7a,0.8518557505061228,Whole-screen,#5E88AD,2,Classical tabular
gbdt,GBDT,strict_whole_screen,lipid_droplet_bodipy_live_cell_dye,0.8572640319665273,Whole-screen,#5E88AD,2,Classical tabular
gbdt,GBDT,strict_whole_screen,lipid_droplet_plin2,0.2656527024422151,Whole-screen,#5E88AD,2,Classical tabular
gbdt,GBDT,strict_whole_screen,lysosome_lamp1,0.7004361686607201,Whole-screen,#5E88AD,2,Classical tabular
gbdt,GBDT,strict_whole_screen,lysosome_lysotracker_live-cell_dye,0.8613762520253658,Whole-screen,#5E88AD,2,Classical tabular
gbdt,GBDT,strict_whole_screen,mitochondria_chromalive_561_excitation,0.5171954199516524,Whole-screen,#5E88AD,2,Classical tabular
gbdt,GBDT,strict_whole_screen,mitochondria_tomm70a,0.49576416633014253,Whole-screen,#5E88AD,2,Classical tabular
gbdt,GBDT,strict_whole_screen,nuclear_speckles_srrm2,0.46333428130795556,Whole-screen,#5E88AD,2,Classical tabular
gbdt,GBDT,strict_whole_screen,nuclei_nucleolive_live_cell_dye,0.4490459800387422,Whole-screen,#5E88AD,2,Classical tabular
gbdt,GBDT,strict_whole_screen,nucleolus-dfc_fbl,0.38119438511785114,Whole-screen,#5E88AD,2,Classical tabular
gbdt,GBDT,strict_whole_screen,nucleolus-gc_npm3,0.5642546629533172,Whole-screen,#5E88AD,2,Classical tabular
gbdt,GBDT,strict_whole_screen,oxidative_stress_cellrox_live-cell_dye,0.3583689845399931,Whole-screen,#5E88AD,2,Classical tabular
gbdt,GBDT,strict_whole_screen,peroxisome_peroxi_spy650_live_cell_dye,0.5641610108626386,Whole-screen,#5E88AD,2,Classical tabular
gbdt,GBDT,strict_whole_screen,plasma_membrane_atp1b3,0.6240471070632339,Whole-screen,#5E88AD,2,Classical tabular
gbdt,GBDT,strict_whole_screen,plasma_membrane_slc3a2,0.8508526446918647,Whole-screen,#5E88AD,2,Classical tabular
gbdt,GBDT,strict_whole_screen,proteasome_psmb7,0.4357044271503885,Whole-screen,#5E88AD,2,Classical tabular
gbdt,GBDT,strict_whole_screen,recycling_endosome_tfrc,0.7715500916043918,Whole-screen,#5E88AD,2,Classical tabular
gbdt,GBDT,strict_whole_screen,trans-golgi_vamp3,0.49960787252833444,Whole-screen,#5E88AD,2,Classical tabular
midas_ops,MIDAS,field_holdout_sanity,5xupre,0.6271881693601609,Field,#C85A3C,9,Biological completion
midas_ops,MIDAS,field_holdout_sanity,actin_filament_fastact_spy555_live_cell_dye,0.8271813089648882,Field,#C85A3C,9,Biological completion
midas_ops,MIDAS,field_holdout_sanity,autophagosome_atg101,0.5534588839858771,Field,#C85A3C,9,Biological completion
midas_ops,MIDAS,field_holdout_sanity,autophagosome_map1lc3b,0.8261812031269073,Field,#C85A3C,9,Biological completion
midas_ops,MIDAS,field_holdout_sanity,b-catenin,0.2972100331292798,Field,#C85A3C,9,Biological completion
midas_ops,MIDAS,field_holdout_sanity,c-myc,0.30375616814941164,Field,#C85A3C,9,Biological completion
midas_ops,MIDAS,field_holdout_sanity,caspase_activity_cellevent-caspase_live-cell_dye,0.40184762418890985,Field,#C85A3C,9,Biological completion
midas_ops,MIDAS,field_holdout_sanity,cell_proliferation_marker_mki67,0.64519761155049,Field,#C85A3C,9,Biological completion
midas_ops,MIDAS,field_holdout_sanity,chaperones_hspa1b,0.7400950508813062,Field,#C85A3C,9,Biological completion
midas_ops,MIDAS,field_holdout_sanity,chromalive_488_excitation,0.6753644394377867,Field,#C85A3C,9,Biological completion
midas_ops,MIDAS,field_holdout_sanity,chromatin_h2bc21,0.5227732475847006,Field,#C85A3C,9,Biological completion
midas_ops,MIDAS,field_holdout_sanity,clathrin_vesicles_clta,0.7463878663877647,Field,#C85A3C,9,Biological completion
midas_ops,MIDAS,field_holdout_sanity,early_endosome_eea1,0.7372600393990676,Field,#C85A3C,9,Biological completion
midas_ops,MIDAS,field_holdout_sanity,endocytic_vesicle_ph_phrodo-dextran_live_cell_dye,0.7528857645889124,Field,#C85A3C,9,Biological completion
midas_ops,MIDAS,field_holdout_sanity,endosome_vps35,0.7139284710089365,Field,#C85A3C,9,Biological completion
midas_ops,MIDAS,field_holdout_sanity,er_cona,0.48538271035585134,Field,#C85A3C,9,Biological completion
midas_ops,MIDAS,field_holdout_sanity,er_golgi_bridge_vapa,0.49704570729421294,Field,#C85A3C,9,Biological completion
midas_ops,MIDAS,field_holdout_sanity,er_golgi_cop-ii_sec23a,0.7768318074444929,Field,#C85A3C,9,Biological completion
midas_ops,MIDAS,field_holdout_sanity,er_golgi_cope,0.7829847127199173,Field,#C85A3C,9,Biological completion
midas_ops,MIDAS,field_holdout_sanity,er_ncln,0.47534117580701907,Field,#C85A3C,9,Biological completion
midas_ops,MIDAS,field_holdout_sanity,er_sec61b,0.6765362657606602,Field,#C85A3C,9,Biological completion
midas_ops,MIDAS,field_holdout_sanity,f-actin_phalloidin,0.5147585236777863,Field,#C85A3C,9,Biological completion
midas_ops,MIDAS,field_holdout_sanity,fe2+_ferhonox_live-cell_dye,0.9073163401335478,Field,#C85A3C,9,Biological completion
midas_ops,MIDAS,field_holdout_sanity,late_endosome_rab7a,0.767197276155154,Field,#C85A3C,9,Biological completion
midas_ops,MIDAS,field_holdout_sanity,lipid_droplet_bodipy_live_cell_dye,0.7134209444125493,Field,#C85A3C,9,Biological completion
midas_ops,MIDAS,field_holdout_sanity,lipid_droplet_plin2,0.7413458488881588,Field,#C85A3C,9,Biological completion
midas_ops,MIDAS,field_holdout_sanity,lysosome_lamp1,0.5755681529641151,Field,#C85A3C,9,Biological completion
midas_ops,MIDAS,field_holdout_sanity,lysosome_lysotracker_live-cell_dye,0.8066416084766388,Field,#C85A3C,9,Biological completion
midas_ops,MIDAS,field_holdout_sanity,microtubules_map4,0.6530168242752552,Field,#C85A3C,9,Biological completion
midas_ops,MIDAS,field_holdout_sanity,microtubules_tubulin,0.4982959253920449,Field,#C85A3C,9,Biological completion
midas_ops,MIDAS,field_holdout_sanity,mitochondria_chromalive_561_excitation,0.7397262745847304,Field,#C85A3C,9,Biological completion
midas_ops,MIDAS,field_holdout_sanity,mitochondria_tomm20,0.43838587041116417,Field,#C85A3C,9,Biological completion
midas_ops,MIDAS,field_holdout_sanity,mitochondria_tomm70a,0.7085947381953399,Field,#C85A3C,9,Biological completion
midas_ops,MIDAS,field_holdout_sanity,nuclear_speckles_srrm2,0.7650330809255441,Field,#C85A3C,9,Biological completion
midas_ops,MIDAS,field_holdout_sanity,nuclei_hoechst,0.49284169683853785,Field,#C85A3C,9,Biological completion
midas_ops,MIDAS,field_holdout_sanity,nuclei_nucleolive_live_cell_dye,0.44232259147490066,Field,#C85A3C,9,Biological completion
midas_ops,MIDAS,field_holdout_sanity,nucleoli_npm1,0.30989202836321456,Field,#C85A3C,9,Biological completion
midas_ops,MIDAS,field_holdout_sanity,nucleolus-dfc_fbl,0.7340465237696966,Field,#C85A3C,9,Biological completion
midas_ops,MIDAS,field_holdout_sanity,nucleolus-gc_npm3,0.7423707890013853,Field,#C85A3C,9,Biological completion
midas_ops,MIDAS,field_holdout_sanity,oxidative_stress_cellrox_live-cell_dye,0.7070931668082873,Field,#C85A3C,9,Biological completion
midas_ops,MIDAS,field_holdout_sanity,p21,0.32482260540127755,Field,#C85A3C,9,Biological completion
midas_ops,MIDAS,field_holdout_sanity,p53,0.26444543411334354,Field,#C85A3C,9,Biological completion
midas_ops,MIDAS,field_holdout_sanity,peroxisome_peroxi_spy650_live_cell_dye,0.7792059442649285,Field,#C85A3C,9,Biological completion
midas_ops,MIDAS,field_holdout_sanity,plasma_membrane_atp1b3,0.5797672536845009,Field,#C85A3C,9,Biological completion
midas_ops,MIDAS,field_holdout_sanity,plasma_membrane_slc3a2,0.8082270820935568,Field,#C85A3C,9,Biological completion
midas_ops,MIDAS,field_holdout_sanity,plasma_membrane_wga,0.5325564609219631,Field,#C85A3C,9,Biological completion
midas_ops,MIDAS,field_holdout_sanity,prb,0.19493114768217004,Field,#C85A3C,9,Biological completion
midas_ops,MIDAS,field_holdout_sanity,proteasome_psmb7,0.5635474847008786,Field,#C85A3C,9,Biological completion
midas_ops,MIDAS,field_holdout_sanity,ps6,0.3261916958851119,Field,#C85A3C,9,Biological completion
midas_ops,MIDAS,field_holdout_sanity,recycling_endosome_tfrc,0.7054159445067247,Field,#C85A3C,9,Biological completion
midas_ops,MIDAS,field_holdout_sanity,stress_granule_g3bp1,0.7993558888634046,Field,#C85A3C,9,Biological completion
midas_ops,MIDAS,field_holdout_sanity,trans-golgi_vamp3,0.4468763042862216,Field,#C85A3C,9,Biological completion
midas_ops,MIDAS,gene_holdout_main,5xupre,0.613018565773964,Gene,#C85A3C,9,Biological completion
midas_ops,MIDAS,gene_holdout_main,actin_filament_fastact_spy555_live_cell_dye,0.7796238462130228,Gene,#C85A3C,9,Biological completion
midas_ops,MIDAS,gene_holdout_main,autophagosome_atg101,0.5363234115143617,Gene,#C85A3C,9,Biological completion
midas_ops,MIDAS,gene_holdout_main,autophagosome_map1lc3b,0.7779055076340835,Gene,#C85A3C,9,Biological completion
midas_ops,MIDAS,gene_holdout_main,b-catenin,0.3009454100082318,Gene,#C85A3C,9,Biological completion
midas_ops,MIDAS,gene_holdout_main,c-myc,0.3040598201410224,Gene,#C85A3C,9,Biological completion
midas_ops,MIDAS,gene_holdout_main,caspase_activity_cellevent-caspase_live-cell_dye,0.39605719828978175,Gene,#C85A3C,9,Biological completion
midas_ops,MIDAS,gene_holdout_main,cell_proliferation_marker_mki67,0.5899057480196157,Gene,#C85A3C,9,Biological completion
midas_ops,MIDAS,gene_holdout_main,chaperones_hspa1b,0.7149856299161911,Gene,#C85A3C,9,Biological completion
midas_ops,MIDAS,gene_holdout_main,chromalive_488_excitation,0.5914660318444173,Gene,#C85A3C,9,Biological completion
midas_ops,MIDAS,gene_holdout_main,chromatin_h2bc21,0.5099643933276335,Gene,#C85A3C,9,Biological completion
midas_ops,MIDAS,gene_holdout_main,clathrin_vesicles_clta,0.7173631257067125,Gene,#C85A3C,9,Biological completion
midas_ops,MIDAS,gene_holdout_main,early_endosome_eea1,0.7321838311851024,Gene,#C85A3C,9,Biological completion
midas_ops,MIDAS,gene_holdout_main,endocytic_vesicle_ph_phrodo-dextran_live_cell_dye,0.7443933761368194,Gene,#C85A3C,9,Biological completion
midas_ops,MIDAS,gene_holdout_main,endosome_vps35,0.7113480580349762,Gene,#C85A3C,9,Biological completion
midas_ops,MIDAS,gene_holdout_main,er_cona,0.47065556264585917,Gene,#C85A3C,9,Biological completion
midas_ops,MIDAS,gene_holdout_main,er_golgi_bridge_vapa,0.48710624459587654,Gene,#C85A3C,9,Biological completion
midas_ops,MIDAS,gene_holdout_main,er_golgi_cop-ii_sec23a,0.7478784174968799,Gene,#C85A3C,9,Biological completion
midas_ops,MIDAS,gene_holdout_main,er_golgi_cope,0.7708865880966187,Gene,#C85A3C,9,Biological completion
midas_ops,MIDAS,gene_holdout_main,er_ncln,0.47236432886372004,Gene,#C85A3C,9,Biological completion
midas_ops,MIDAS,gene_holdout_main,er_sec61b,0.6698671293755372,Gene,#C85A3C,9,Biological completion
midas_ops,MIDAS,gene_holdout_main,f-actin_phalloidin,0.49547833427786825,Gene,#C85A3C,9,Biological completion
midas_ops,MIDAS,gene_holdout_main,fe2+_ferhonox_live-cell_dye,0.9025582669923702,Gene,#C85A3C,9,Biological completion
midas_ops,MIDAS,gene_holdout_main,late_endosome_rab7a,0.7544385194778442,Gene,#C85A3C,9,Biological completion
midas_ops,MIDAS,gene_holdout_main,lipid_droplet_bodipy_live_cell_dye,0.704931248476108,Gene,#C85A3C,9,Biological completion
midas_ops,MIDAS,gene_holdout_main,lipid_droplet_plin2,0.7399685367941856,Gene,#C85A3C,9,Biological completion
midas_ops,MIDAS,gene_holdout_main,lysosome_lamp1,0.5684051599353552,Gene,#C85A3C,9,Biological completion
midas_ops,MIDAS,gene_holdout_main,lysosome_lysotracker_live-cell_dye,0.788813486136496,Gene,#C85A3C,9,Biological completion
midas_ops,MIDAS,gene_holdout_main,microtubules_map4,0.6317804510394732,Gene,#C85A3C,9,Biological completion
midas_ops,MIDAS,gene_holdout_main,microtubules_tubulin,0.47876813502775295,Gene,#C85A3C,9,Biological completion
midas_ops,MIDAS,gene_holdout_main,mitochondria_chromalive_561_excitation,0.717456523453196,Gene,#C85A3C,9,Biological completion
midas_ops,MIDAS,gene_holdout_main,mitochondria_tomm20,0.4150087556284334,Gene,#C85A3C,9,Biological completion
midas_ops,MIDAS,gene_holdout_main,mitochondria_tomm70a,0.6686088072756926,Gene,#C85A3C,9,Biological completion
midas_ops,MIDAS,gene_holdout_main,nuclear_speckles_srrm2,0.7482016776998839,Gene,#C85A3C,9,Biological completion
midas_ops,MIDAS,gene_holdout_main,nuclei_hoechst,0.4666955060263474,Gene,#C85A3C,9,Biological completion
midas_ops,MIDAS,gene_holdout_main,nuclei_nucleolive_live_cell_dye,0.4333666637307033,Gene,#C85A3C,9,Biological completion
midas_ops,MIDAS,gene_holdout_main,nucleoli_npm1,0.2920233691939049,Gene,#C85A3C,9,Biological completion
midas_ops,MIDAS,gene_holdout_main,nucleolus-dfc_fbl,0.7209239068130653,Gene,#C85A3C,9,Biological completion
midas_ops,MIDAS,gene_holdout_main,nucleolus-gc_npm3,0.7016373182336489,Gene,#C85A3C,9,Biological completion
midas_ops,MIDAS,gene_holdout_main,oxidative_stress_cellrox_live-cell_dye,0.6932379968464375,Gene,#C85A3C,9,Biological completion
midas_ops,MIDAS,gene_holdout_main,p21,0.321702302445968,Gene,#C85A3C,9,Biological completion
midas_ops,MIDAS,gene_holdout_main,p53,0.2752936752140521,Gene,#C85A3C,9,Biological completion
midas_ops,MIDAS,gene_holdout_main,peroxisome_peroxi_spy650_live_cell_dye,0.7254936049381893,Gene,#C85A3C,9,Biological completion
midas_ops,MIDAS,gene_holdout_main,plasma_membrane_atp1b3,0.5700920180107156,Gene,#C85A3C,9,Biological completion
midas_ops,MIDAS,gene_holdout_main,plasma_membrane_slc3a2,0.7988789096474648,Gene,#C85A3C,9,Biological completion
midas_ops,MIDAS,gene_holdout_main,plasma_membrane_wga,0.5183750703930855,Gene,#C85A3C,9,Biological completion
midas_ops,MIDAS,gene_holdout_main,prb,0.19662945059438544,Gene,#C85A3C,9,Biological completion
midas_ops,MIDAS,gene_holdout_main,proteasome_psmb7,0.5593972905228535,Gene,#C85A3C,9,Biological completion
midas_ops,MIDAS,gene_holdout_main,ps6,0.32234652365247407,Gene,#C85A3C,9,Biological completion
midas_ops,MIDAS,gene_holdout_main,recycling_endosome_tfrc,0.6960126859446366,Gene,#C85A3C,9,Biological completion
midas_ops,MIDAS,gene_holdout_main,stress_granule_g3bp1,0.7783752386768659,Gene,#C85A3C,9,Biological completion
midas_ops,MIDAS,gene_holdout_main,trans-golgi_vamp3,0.4286029427622755,Gene,#C85A3C,9,Biological completion
midas_ops,MIDAS,strict_whole_screen,5xupre,0.6217511460185051,Whole-screen,#C85A3C,9,Biological completion
midas_ops,MIDAS,strict_whole_screen,actin_filament_fastact_spy555_live_cell_dye,0.7845909596731265,Whole-screen,#C85A3C,9,Biological completion
midas_ops,MIDAS,strict_whole_screen,autophagosome_atg101,0.49474034272134304,Whole-screen,#C85A3C,9,Biological completion
midas_ops,MIDAS,strict_whole_screen,autophagosome_map1lc3b,0.5811131065711379,Whole-screen,#C85A3C,9,Biological completion
midas_ops,MIDAS,strict_whole_screen,caspase_activity_cellevent-caspase_live-cell_dye,0.3940987242773796,Whole-screen,#C85A3C,9,Biological completion
midas_ops,MIDAS,strict_whole_screen,cell_proliferation_marker_mki67,0.4313488031427065,Whole-screen,#C85A3C,9,Biological completion
midas_ops,MIDAS,strict_whole_screen,chaperones_hspa1b,0.6513159386813641,Whole-screen,#C85A3C,9,Biological completion
midas_ops,MIDAS,strict_whole_screen,chromalive_488_excitation,0.5946489851921797,Whole-screen,#C85A3C,9,Biological completion
midas_ops,MIDAS,strict_whole_screen,chromatin_h2bc21,0.526591516410311,Whole-screen,#C85A3C,9,Biological completion
midas_ops,MIDAS,strict_whole_screen,clathrin_vesicles_clta,0.7472671683256824,Whole-screen,#C85A3C,9,Biological completion
midas_ops,MIDAS,strict_whole_screen,endocytic_vesicle_ph_phrodo-dextran_live_cell_dye,0.2758439290725315,Whole-screen,#C85A3C,9,Biological completion
midas_ops,MIDAS,strict_whole_screen,endosome_vps35,0.6297580095318456,Whole-screen,#C85A3C,9,Biological completion
midas_ops,MIDAS,strict_whole_screen,er_golgi_bridge_vapa,0.4902185778288791,Whole-screen,#C85A3C,9,Biological completion
midas_ops,MIDAS,strict_whole_screen,er_golgi_cope,0.4499866583695014,Whole-screen,#C85A3C,9,Biological completion
midas_ops,MIDAS,strict_whole_screen,er_sec61b,0.6869822512898179,Whole-screen,#C85A3C,9,Biological completion
midas_ops,MIDAS,strict_whole_screen,fe2+_ferhonox_live-cell_dye,0.06391803481286236,Whole-screen,#C85A3C,9,Biological completion
midas_ops,MIDAS,strict_whole_screen,late_endosome_rab7a,0.7374670316154759,Whole-screen,#C85A3C,9,Biological completion
midas_ops,MIDAS,strict_whole_screen,lipid_droplet_bodipy_live_cell_dye,0.7034248520309727,Whole-screen,#C85A3C,9,Biological completion
midas_ops,MIDAS,strict_whole_screen,lipid_droplet_plin2,0.345425255363807,Whole-screen,#C85A3C,9,Biological completion
midas_ops,MIDAS,strict_whole_screen,lysosome_lamp1,0.5504070001188666,Whole-screen,#C85A3C,9,Biological completion
midas_ops,MIDAS,strict_whole_screen,lysosome_lysotracker_live-cell_dye,0.7899682041671542,Whole-screen,#C85A3C,9,Biological completion
midas_ops,MIDAS,strict_whole_screen,mitochondria_chromalive_561_excitation,0.5736583235363166,Whole-screen,#C85A3C,9,Biological completion
midas_ops,MIDAS,strict_whole_screen,mitochondria_tomm70a,0.537582219267885,Whole-screen,#C85A3C,9,Biological completion
midas_ops,MIDAS,strict_whole_screen,nuclear_speckles_srrm2,0.534391085927685,Whole-screen,#C85A3C,9,Biological completion
midas_ops,MIDAS,strict_whole_screen,nuclei_nucleolive_live_cell_dye,0.486717924165229,Whole-screen,#C85A3C,9,Biological completion
midas_ops,MIDAS,strict_whole_screen,nucleolus-dfc_fbl,0.4145444210929175,Whole-screen,#C85A3C,9,Biological completion
midas_ops,MIDAS,strict_whole_screen,nucleolus-gc_npm3,0.580777789776524,Whole-screen,#C85A3C,9,Biological completion
midas_ops,MIDAS,strict_whole_screen,oxidative_stress_cellrox_live-cell_dye,0.433715728354097,Whole-screen,#C85A3C,9,Biological completion
midas_ops,MIDAS,strict_whole_screen,peroxisome_peroxi_spy650_live_cell_dye,0.5044387907449467,Whole-screen,#C85A3C,9,Biological completion
midas_ops,MIDAS,strict_whole_screen,plasma_membrane_atp1b3,0.5608479282818735,Whole-screen,#C85A3C,9,Biological completion
midas_ops,MIDAS,strict_whole_screen,plasma_membrane_slc3a2,0.8051801690210898,Whole-screen,#C85A3C,9,Biological completion
midas_ops,MIDAS,strict_whole_screen,proteasome_psmb7,0.4295451845779704,Whole-screen,#C85A3C,9,Biological completion
midas_ops,MIDAS,strict_whole_screen,recycling_endosome_tfrc,0.6978847853121503,Whole-screen,#C85A3C,9,Biological completion
midas_ops,MIDAS,strict_whole_screen,trans-golgi_vamp3,0.44666147868459416,Whole-screen,#C85A3C,9,Biological completion
mlp,MLP,field_holdout_sanity,5xupre,0.6930083188414573,Field,#7B6597,4,Neural specialists
mlp,MLP,field_holdout_sanity,actin_filament_fastact_spy555_live_cell_dye,0.9044499563674131,Field,#7B6597,4,Neural specialists
mlp,MLP,field_holdout_sanity,autophagosome_atg101,0.6581768157581489,Field,#7B6597,4,Neural specialists
mlp,MLP,field_holdout_sanity,autophagosome_map1lc3b,0.8954352522889772,Field,#7B6597,4,Neural specialists
mlp,MLP,field_holdout_sanity,b-catenin,0.49030831702053546,Field,#7B6597,4,Neural specialists
mlp,MLP,field_holdout_sanity,c-myc,0.45253625363111494,Field,#7B6597,4,Neural specialists
mlp,MLP,field_holdout_sanity,caspase_activity_cellevent-caspase_live-cell_dye,0.5451434754766524,Field,#7B6597,4,Neural specialists
mlp,MLP,field_holdout_sanity,cell_proliferation_marker_mki67,0.7306903965771199,Field,#7B6597,4,Neural specialists
mlp,MLP,field_holdout_sanity,chaperones_hspa1b,0.7928455385069053,Field,#7B6597,4,Neural specialists
mlp,MLP,field_holdout_sanity,chromalive_488_excitation,0.7681630479792754,Field,#7B6597,4,Neural specialists
mlp,MLP,field_holdout_sanity,chromatin_h2bc21,0.6429672037561734,Field,#7B6597,4,Neural specialists
mlp,MLP,field_holdout_sanity,clathrin_vesicles_clta,0.8765268161892891,Field,#7B6597,4,Neural specialists
mlp,MLP,field_holdout_sanity,early_endosome_eea1,0.8358648029466471,Field,#7B6597,4,Neural specialists
mlp,MLP,field_holdout_sanity,endocytic_vesicle_ph_phrodo-dextran_live_cell_dye,0.8035228528082371,Field,#7B6597,4,Neural specialists
mlp,MLP,field_holdout_sanity,endosome_vps35,0.8342737483481566,Field,#7B6597,4,Neural specialists
mlp,MLP,field_holdout_sanity,er_cona,0.5554809068640073,Field,#7B6597,4,Neural specialists
mlp,MLP,field_holdout_sanity,er_golgi_bridge_vapa,0.7584805267552535,Field,#7B6597,4,Neural specialists
mlp,MLP,field_holdout_sanity,er_golgi_cop-ii_sec23a,0.8496331957479318,Field,#7B6597,4,Neural specialists
mlp,MLP,field_holdout_sanity,er_golgi_cope,0.8380859834452471,Field,#7B6597,4,Neural specialists
mlp,MLP,field_holdout_sanity,er_ncln,0.5465968826785683,Field,#7B6597,4,Neural specialists
mlp,MLP,field_holdout_sanity,er_sec61b,0.7687928271790345,Field,#7B6597,4,Neural specialists
mlp,MLP,field_holdout_sanity,f-actin_phalloidin,0.595912271282739,Field,#7B6597,4,Neural specialists
mlp,MLP,field_holdout_sanity,fe2+_ferhonox_live-cell_dye,0.9567687208453816,Field,#7B6597,4,Neural specialists
mlp,MLP,field_holdout_sanity,late_endosome_rab7a,0.8929057759543261,Field,#7B6597,4,Neural specialists
mlp,MLP,field_holdout_sanity,lipid_droplet_bodipy_live_cell_dye,0.8735660480956235,Field,#7B6597,4,Neural specialists
mlp,MLP,field_holdout_sanity,lipid_droplet_plin2,0.8206031583249569,Field,#7B6597,4,Neural specialists
mlp,MLP,field_holdout_sanity,lysosome_lamp1,0.7377426361044248,Field,#7B6597,4,Neural specialists
mlp,MLP,field_holdout_sanity,lysosome_lysotracker_live-cell_dye,0.8935866643985113,Field,#7B6597,4,Neural specialists
mlp,MLP,field_holdout_sanity,microtubules_map4,0.7295723417152962,Field,#7B6597,4,Neural specialists
mlp,MLP,field_holdout_sanity,microtubules_tubulin,0.5737901828769181,Field,#7B6597,4,Neural specialists
mlp,MLP,field_holdout_sanity,mitochondria_chromalive_561_excitation,0.8147848745187124,Field,#7B6597,4,Neural specialists
mlp,MLP,field_holdout_sanity,mitochondria_tomm20,0.5276122217997908,Field,#7B6597,4,Neural specialists
mlp,MLP,field_holdout_sanity,mitochondria_tomm70a,0.7768353002766768,Field,#7B6597,4,Neural specialists
mlp,MLP,field_holdout_sanity,nuclear_speckles_srrm2,0.8651253054539362,Field,#7B6597,4,Neural specialists
mlp,MLP,field_holdout_sanity,nuclei_hoechst,0.6859307209650676,Field,#7B6597,4,Neural specialists
mlp,MLP,field_holdout_sanity,nuclei_nucleolive_live_cell_dye,0.7409374337643385,Field,#7B6597,4,Neural specialists
mlp,MLP,field_holdout_sanity,nucleoli_npm1,0.43837971823910876,Field,#7B6597,4,Neural specialists
mlp,MLP,field_holdout_sanity,nucleolus-dfc_fbl,0.8288543522357941,Field,#7B6597,4,Neural specialists
mlp,MLP,field_holdout_sanity,nucleolus-gc_npm3,0.828465968122085,Field,#7B6597,4,Neural specialists
mlp,MLP,field_holdout_sanity,oxidative_stress_cellrox_live-cell_dye,0.7798352691034476,Field,#7B6597,4,Neural specialists
mlp,MLP,field_holdout_sanity,p21,0.42383832534154253,Field,#7B6597,4,Neural specialists
mlp,MLP,field_holdout_sanity,p53,0.3962209063271681,Field,#7B6597,4,Neural specialists
mlp,MLP,field_holdout_sanity,peroxisome_peroxi_spy650_live_cell_dye,0.861666688323021,Field,#7B6597,4,Neural specialists
mlp,MLP,field_holdout_sanity,plasma_membrane_atp1b3,0.6592815580467383,Field,#7B6597,4,Neural specialists
mlp,MLP,field_holdout_sanity,plasma_membrane_slc3a2,0.8588934734463691,Field,#7B6597,4,Neural specialists
mlp,MLP,field_holdout_sanity,plasma_membrane_wga,0.6070634216898018,Field,#7B6597,4,Neural specialists
mlp,MLP,field_holdout_sanity,prb,0.32024330382545785,Field,#7B6597,4,Neural specialists
mlp,MLP,field_holdout_sanity,proteasome_psmb7,0.6564915247261525,Field,#7B6597,4,Neural specialists
mlp,MLP,field_holdout_sanity,ps6,0.5249949109368026,Field,#7B6597,4,Neural specialists
mlp,MLP,field_holdout_sanity,recycling_endosome_tfrc,0.8720988959074021,Field,#7B6597,4,Neural specialists
mlp,MLP,field_holdout_sanity,stress_granule_g3bp1,0.8769817541042964,Field,#7B6597,4,Neural specialists
mlp,MLP,field_holdout_sanity,trans-golgi_vamp3,0.6619287657241026,Field,#7B6597,4,Neural specialists
mlp,MLP,gene_holdout_main,5xupre,0.6927109450101853,Gene,#7B6597,4,Neural specialists
mlp,MLP,gene_holdout_main,actin_filament_fastact_spy555_live_cell_dye,0.9047383271157742,Gene,#7B6597,4,Neural specialists
mlp,MLP,gene_holdout_main,autophagosome_atg101,0.6602340005338192,Gene,#7B6597,4,Neural specialists
mlp,MLP,gene_holdout_main,autophagosome_map1lc3b,0.8952306864162287,Gene,#7B6597,4,Neural specialists
mlp,MLP,gene_holdout_main,b-catenin,0.491736637527744,Gene,#7B6597,4,Neural specialists
mlp,MLP,gene_holdout_main,c-myc,0.4553307124972343,Gene,#7B6597,4,Neural specialists
mlp,MLP,gene_holdout_main,caspase_activity_cellevent-caspase_live-cell_dye,0.5429519231120745,Gene,#7B6597,4,Neural specialists
mlp,MLP,gene_holdout_main,cell_proliferation_marker_mki67,0.730827687929074,Gene,#7B6597,4,Neural specialists
mlp,MLP,gene_holdout_main,chaperones_hspa1b,0.792593349268039,Gene,#7B6597,4,Neural specialists
mlp,MLP,gene_holdout_main,chromalive_488_excitation,0.7681303031742572,Gene,#7B6597,4,Neural specialists
mlp,MLP,gene_holdout_main,chromatin_h2bc21,0.6437969778974851,Gene,#7B6597,4,Neural specialists
mlp,MLP,gene_holdout_main,clathrin_vesicles_clta,0.8770648288230101,Gene,#7B6597,4,Neural specialists
mlp,MLP,gene_holdout_main,early_endosome_eea1,0.8364820592105389,Gene,#7B6597,4,Neural specialists
mlp,MLP,gene_holdout_main,endocytic_vesicle_ph_phrodo-dextran_live_cell_dye,0.8037591859698295,Gene,#7B6597,4,Neural specialists
mlp,MLP,gene_holdout_main,endosome_vps35,0.8342490834494433,Gene,#7B6597,4,Neural specialists
mlp,MLP,gene_holdout_main,er_cona,0.5573009497175614,Gene,#7B6597,4,Neural specialists
mlp,MLP,gene_holdout_main,er_golgi_bridge_vapa,0.758284901206692,Gene,#7B6597,4,Neural specialists
mlp,MLP,gene_holdout_main,er_golgi_cop-ii_sec23a,0.8503504375616708,Gene,#7B6597,4,Neural specialists
mlp,MLP,gene_holdout_main,er_golgi_cope,0.8383782637616,Gene,#7B6597,4,Neural specialists
mlp,MLP,gene_holdout_main,er_ncln,0.5497823206086954,Gene,#7B6597,4,Neural specialists
mlp,MLP,gene_holdout_main,er_sec61b,0.7619197860360145,Gene,#7B6597,4,Neural specialists
mlp,MLP,gene_holdout_main,f-actin_phalloidin,0.597796065111955,Gene,#7B6597,4,Neural specialists
mlp,MLP,gene_holdout_main,fe2+_ferhonox_live-cell_dye,0.9574326621989409,Gene,#7B6597,4,Neural specialists
mlp,MLP,gene_holdout_main,late_endosome_rab7a,0.8925762228667736,Gene,#7B6597,4,Neural specialists
mlp,MLP,gene_holdout_main,lipid_droplet_bodipy_live_cell_dye,0.8742800414562225,Gene,#7B6597,4,Neural specialists
mlp,MLP,gene_holdout_main,lipid_droplet_plin2,0.8212993567188581,Gene,#7B6597,4,Neural specialists
mlp,MLP,gene_holdout_main,lysosome_lamp1,0.7382593480249245,Gene,#7B6597,4,Neural specialists
mlp,MLP,gene_holdout_main,lysosome_lysotracker_live-cell_dye,0.8941016716261705,Gene,#7B6597,4,Neural specialists
mlp,MLP,gene_holdout_main,microtubules_map4,0.7268860680361588,Gene,#7B6597,4,Neural specialists
mlp,MLP,gene_holdout_main,microtubules_tubulin,0.5758363904638423,Gene,#7B6597,4,Neural specialists
mlp,MLP,gene_holdout_main,mitochondria_chromalive_561_excitation,0.8152528561651706,Gene,#7B6597,4,Neural specialists
mlp,MLP,gene_holdout_main,mitochondria_tomm20,0.5266245951048202,Gene,#7B6597,4,Neural specialists
mlp,MLP,gene_holdout_main,mitochondria_tomm70a,0.7774880518515904,Gene,#7B6597,4,Neural specialists
mlp,MLP,gene_holdout_main,nuclear_speckles_srrm2,0.866046137114366,Gene,#7B6597,4,Neural specialists
mlp,MLP,gene_holdout_main,nuclei_hoechst,0.6868474076191584,Gene,#7B6597,4,Neural specialists
mlp,MLP,gene_holdout_main,nuclei_nucleolive_live_cell_dye,0.7412832617759705,Gene,#7B6597,4,Neural specialists
mlp,MLP,gene_holdout_main,nucleoli_npm1,0.43949730839166373,Gene,#7B6597,4,Neural specialists
mlp,MLP,gene_holdout_main,nucleolus-dfc_fbl,0.8291826419532299,Gene,#7B6597,4,Neural specialists
mlp,MLP,gene_holdout_main,nucleolus-gc_npm3,0.8288706029454866,Gene,#7B6597,4,Neural specialists
mlp,MLP,gene_holdout_main,oxidative_stress_cellrox_live-cell_dye,0.7781610858937105,Gene,#7B6597,4,Neural specialists
mlp,MLP,gene_holdout_main,p21,0.42292134622732797,Gene,#7B6597,4,Neural specialists
mlp,MLP,gene_holdout_main,p53,0.4068950943152109,Gene,#7B6597,4,Neural specialists
mlp,MLP,gene_holdout_main,peroxisome_peroxi_spy650_live_cell_dye,0.8636719254155955,Gene,#7B6597,4,Neural specialists
mlp,MLP,gene_holdout_main,plasma_membrane_atp1b3,0.6615000086526076,Gene,#7B6597,4,Neural specialists
mlp,MLP,gene_holdout_main,plasma_membrane_slc3a2,0.8580037847161293,Gene,#7B6597,4,Neural specialists
mlp,MLP,gene_holdout_main,plasma_membrane_wga,0.6083563046322928,Gene,#7B6597,4,Neural specialists
mlp,MLP,gene_holdout_main,prb,0.3079705707232157,Gene,#7B6597,4,Neural specialists
mlp,MLP,gene_holdout_main,proteasome_psmb7,0.6565196474393209,Gene,#7B6597,4,Neural specialists
mlp,MLP,gene_holdout_main,ps6,0.5223665309386949,Gene,#7B6597,4,Neural specialists
mlp,MLP,gene_holdout_main,recycling_endosome_tfrc,0.8720412065585454,Gene,#7B6597,4,Neural specialists
mlp,MLP,gene_holdout_main,stress_granule_g3bp1,0.8771788078049818,Gene,#7B6597,4,Neural specialists
mlp,MLP,gene_holdout_main,trans-golgi_vamp3,0.663793463508288,Gene,#7B6597,4,Neural specialists
mlp,MLP,strict_whole_screen,5xupre,0.6887561979393165,Whole-screen,#7B6597,4,Neural specialists
mlp,MLP,strict_whole_screen,actin_filament_fastact_spy555_live_cell_dye,0.8602622671673694,Whole-screen,#7B6597,4,Neural specialists
mlp,MLP,strict_whole_screen,autophagosome_atg101,0.5901770756269494,Whole-screen,#7B6597,4,Neural specialists
mlp,MLP,strict_whole_screen,autophagosome_map1lc3b,0.6195260176642073,Whole-screen,#7B6597,4,Neural specialists
mlp,MLP,strict_whole_screen,caspase_activity_cellevent-caspase_live-cell_dye,0.495576503376166,Whole-screen,#7B6597,4,Neural specialists
mlp,MLP,strict_whole_screen,cell_proliferation_marker_mki67,0.5151370409876108,Whole-screen,#7B6597,4,Neural specialists
mlp,MLP,strict_whole_screen,chaperones_hspa1b,0.6660014558583498,Whole-screen,#7B6597,4,Neural specialists
mlp,MLP,strict_whole_screen,chromalive_488_excitation,0.5799233494326472,Whole-screen,#7B6597,4,Neural specialists
mlp,MLP,strict_whole_screen,chromatin_h2bc21,0.5629279371351004,Whole-screen,#7B6597,4,Neural specialists
mlp,MLP,strict_whole_screen,clathrin_vesicles_clta,0.854989605024457,Whole-screen,#7B6597,4,Neural specialists
mlp,MLP,strict_whole_screen,endocytic_vesicle_ph_phrodo-dextran_live_cell_dye,0.19151105251027425,Whole-screen,#7B6597,4,Neural specialists
mlp,MLP,strict_whole_screen,endosome_vps35,0.7003248753026128,Whole-screen,#7B6597,4,Neural specialists
mlp,MLP,strict_whole_screen,er_golgi_bridge_vapa,0.7370276836057503,Whole-screen,#7B6597,4,Neural specialists
mlp,MLP,strict_whole_screen,er_golgi_cope,0.3970290895861883,Whole-screen,#7B6597,4,Neural specialists
mlp,MLP,strict_whole_screen,er_sec61b,0.7670029834326771,Whole-screen,#7B6597,4,Neural specialists
mlp,MLP,strict_whole_screen,fe2+_ferhonox_live-cell_dye,0.2035186368254168,Whole-screen,#7B6597,4,Neural specialists
mlp,MLP,strict_whole_screen,late_endosome_rab7a,0.8508762468894322,Whole-screen,#7B6597,4,Neural specialists
mlp,MLP,strict_whole_screen,lipid_droplet_bodipy_live_cell_dye,0.8603838415195544,Whole-screen,#7B6597,4,Neural specialists
mlp,MLP,strict_whole_screen,lipid_droplet_plin2,0.26837383412445587,Whole-screen,#7B6597,4,Neural specialists
mlp,MLP,strict_whole_screen,lysosome_lamp1,0.6993624083697796,Whole-screen,#7B6597,4,Neural specialists
mlp,MLP,strict_whole_screen,lysosome_lysotracker_live-cell_dye,0.8668803359485334,Whole-screen,#7B6597,4,Neural specialists
mlp,MLP,strict_whole_screen,mitochondria_chromalive_561_excitation,0.4417527110005418,Whole-screen,#7B6597,4,Neural specialists
mlp,MLP,strict_whole_screen,mitochondria_tomm70a,0.4355830023802506,Whole-screen,#7B6597,4,Neural specialists
mlp,MLP,strict_whole_screen,nuclear_speckles_srrm2,0.47395909670740366,Whole-screen,#7B6597,4,Neural specialists
mlp,MLP,strict_whole_screen,nuclei_nucleolive_live_cell_dye,0.45239204734874267,Whole-screen,#7B6597,4,Neural specialists
mlp,MLP,strict_whole_screen,nucleolus-dfc_fbl,0.3510985786366897,Whole-screen,#7B6597,4,Neural specialists
mlp,MLP,strict_whole_screen,nucleolus-gc_npm3,0.5297876358963549,Whole-screen,#7B6597,4,Neural specialists
mlp,MLP,strict_whole_screen,oxidative_stress_cellrox_live-cell_dye,0.3714255739857132,Whole-screen,#7B6597,4,Neural specialists
mlp,MLP,strict_whole_screen,peroxisome_peroxi_spy650_live_cell_dye,0.5716798510402441,Whole-screen,#7B6597,4,Neural specialists
mlp,MLP,strict_whole_screen,plasma_membrane_atp1b3,0.6314268571635088,Whole-screen,#7B6597,4,Neural specialists
mlp,MLP,strict_whole_screen,plasma_membrane_slc3a2,0.849998767177264,Whole-screen,#7B6597,4,Neural specialists
mlp,MLP,strict_whole_screen,proteasome_psmb7,0.4472085001567999,Whole-screen,#7B6597,4,Neural specialists
mlp,MLP,strict_whole_screen,recycling_endosome_tfrc,0.7749198131884139,Whole-screen,#7B6597,4,Neural specialists
mlp,MLP,strict_whole_screen,trans-golgi_vamp3,0.48832286475226283,Whole-screen,#7B6597,4,Neural specialists
multitab_pilot,MultiTab,field_holdout_sanity,5xupre,0.6860210812091827,Field,#4FA7B8,8,Generic multi-task
multitab_pilot,MultiTab,field_holdout_sanity,actin_filament_fastact_spy555_live_cell_dye,0.8859719641506671,Field,#4FA7B8,8,Generic multi-task
multitab_pilot,MultiTab,field_holdout_sanity,autophagosome_atg101,0.6471640773117542,Field,#4FA7B8,8,Generic multi-task
multitab_pilot,MultiTab,field_holdout_sanity,autophagosome_map1lc3b,0.88680619597435,Field,#4FA7B8,8,Generic multi-task
multitab_pilot,MultiTab,field_holdout_sanity,b-catenin,0.49056107168396307,Field,#4FA7B8,8,Generic multi-task
multitab_pilot,MultiTab,field_holdout_sanity,c-myc,0.4562860177954038,Field,#4FA7B8,8,Generic multi-task
multitab_pilot,MultiTab,field_holdout_sanity,caspase_activity_cellevent-caspase_live-cell_dye,0.5446632068604231,Field,#4FA7B8,8,Generic multi-task
multitab_pilot,MultiTab,field_holdout_sanity,cell_proliferation_marker_mki67,0.7292296166221302,Field,#4FA7B8,8,Generic multi-task
multitab_pilot,MultiTab,field_holdout_sanity,chaperones_hspa1b,0.7905229623119037,Field,#4FA7B8,8,Generic multi-task
multitab_pilot,MultiTab,field_holdout_sanity,chromalive_488_excitation,0.7621726547678312,Field,#4FA7B8,8,Generic multi-task
multitab_pilot,MultiTab,field_holdout_sanity,chromatin_h2bc21,0.6186097336312135,Field,#4FA7B8,8,Generic multi-task
multitab_pilot,MultiTab,field_holdout_sanity,clathrin_vesicles_clta,0.860371078302463,Field,#4FA7B8,8,Generic multi-task
multitab_pilot,MultiTab,field_holdout_sanity,early_endosome_eea1,0.8249661187330881,Field,#4FA7B8,8,Generic multi-task
multitab_pilot,MultiTab,field_holdout_sanity,endocytic_vesicle_ph_phrodo-dextran_live_cell_dye,0.7984516337513924,Field,#4FA7B8,8,Generic multi-task
multitab_pilot,MultiTab,field_holdout_sanity,endosome_vps35,0.8151867978274823,Field,#4FA7B8,8,Generic multi-task
multitab_pilot,MultiTab,field_holdout_sanity,er_cona,0.5604159706168705,Field,#4FA7B8,8,Generic multi-task
multitab_pilot,MultiTab,field_holdout_sanity,er_golgi_bridge_vapa,0.7359772449980179,Field,#4FA7B8,8,Generic multi-task
multitab_pilot,MultiTab,field_holdout_sanity,er_golgi_cop-ii_sec23a,0.841085459291935,Field,#4FA7B8,8,Generic multi-task
multitab_pilot,MultiTab,field_holdout_sanity,er_golgi_cope,0.8356580210228761,Field,#4FA7B8,8,Generic multi-task
multitab_pilot,MultiTab,field_holdout_sanity,er_ncln,0.5561465165267389,Field,#4FA7B8,8,Generic multi-task
multitab_pilot,MultiTab,field_holdout_sanity,er_sec61b,0.7505408773819605,Field,#4FA7B8,8,Generic multi-task
multitab_pilot,MultiTab,field_holdout_sanity,f-actin_phalloidin,0.5990648097048203,Field,#4FA7B8,8,Generic multi-task
multitab_pilot,MultiTab,field_holdout_sanity,fe2+_ferhonox_live-cell_dye,0.949852559218804,Field,#4FA7B8,8,Generic multi-task
multitab_pilot,MultiTab,field_holdout_sanity,late_endosome_rab7a,0.879483050853014,Field,#4FA7B8,8,Generic multi-task
multitab_pilot,MultiTab,field_holdout_sanity,lipid_droplet_bodipy_live_cell_dye,0.8451376418272654,Field,#4FA7B8,8,Generic multi-task
multitab_pilot,MultiTab,field_holdout_sanity,lipid_droplet_plin2,0.8240809604525566,Field,#4FA7B8,8,Generic multi-task
multitab_pilot,MultiTab,field_holdout_sanity,lysosome_lamp1,0.7242546183367571,Field,#4FA7B8,8,Generic multi-task
multitab_pilot,MultiTab,field_holdout_sanity,lysosome_lysotracker_live-cell_dye,0.8685188859701156,Field,#4FA7B8,8,Generic multi-task
multitab_pilot,MultiTab,field_holdout_sanity,microtubules_map4,0.727945822601517,Field,#4FA7B8,8,Generic multi-task
multitab_pilot,MultiTab,field_holdout_sanity,microtubules_tubulin,0.5783067776097192,Field,#4FA7B8,8,Generic multi-task
multitab_pilot,MultiTab,field_holdout_sanity,mitochondria_chromalive_561_excitation,0.7992347113788127,Field,#4FA7B8,8,Generic multi-task
multitab_pilot,MultiTab,field_holdout_sanity,mitochondria_tomm20,0.5304953710486491,Field,#4FA7B8,8,Generic multi-task
multitab_pilot,MultiTab,field_holdout_sanity,mitochondria_tomm70a,0.7722186354299386,Field,#4FA7B8,8,Generic multi-task
multitab_pilot,MultiTab,field_holdout_sanity,nuclear_speckles_srrm2,0.8457858319083849,Field,#4FA7B8,8,Generic multi-task
multitab_pilot,MultiTab,field_holdout_sanity,nuclei_hoechst,0.6560462316870689,Field,#4FA7B8,8,Generic multi-task
multitab_pilot,MultiTab,field_holdout_sanity,nuclei_nucleolive_live_cell_dye,0.7141646581391493,Field,#4FA7B8,8,Generic multi-task
multitab_pilot,MultiTab,field_holdout_sanity,nucleoli_npm1,0.4387176779823171,Field,#4FA7B8,8,Generic multi-task
multitab_pilot,MultiTab,field_holdout_sanity,nucleolus-dfc_fbl,0.81581944723924,Field,#4FA7B8,8,Generic multi-task
multitab_pilot,MultiTab,field_holdout_sanity,nucleolus-gc_npm3,0.8097442445655665,Field,#4FA7B8,8,Generic multi-task
multitab_pilot,MultiTab,field_holdout_sanity,oxidative_stress_cellrox_live-cell_dye,0.7779493647317091,Field,#4FA7B8,8,Generic multi-task
multitab_pilot,MultiTab,field_holdout_sanity,p21,0.42291070967912675,Field,#4FA7B8,8,Generic multi-task
multitab_pilot,MultiTab,field_holdout_sanity,p53,0.38866977875431374,Field,#4FA7B8,8,Generic multi-task
multitab_pilot,MultiTab,field_holdout_sanity,peroxisome_peroxi_spy650_live_cell_dye,0.8535199128091335,Field,#4FA7B8,8,Generic multi-task
multitab_pilot,MultiTab,field_holdout_sanity,plasma_membrane_atp1b3,0.6539153431852658,Field,#4FA7B8,8,Generic multi-task
multitab_pilot,MultiTab,field_holdout_sanity,plasma_membrane_slc3a2,0.8528227945168814,Field,#4FA7B8,8,Generic multi-task
multitab_pilot,MultiTab,field_holdout_sanity,plasma_membrane_wga,0.6111276464329826,Field,#4FA7B8,8,Generic multi-task
multitab_pilot,MultiTab,field_holdout_sanity,prb,0.45333839615186056,Field,#4FA7B8,8,Generic multi-task
multitab_pilot,MultiTab,field_holdout_sanity,proteasome_psmb7,0.6523910336196422,Field,#4FA7B8,8,Generic multi-task
multitab_pilot,MultiTab,field_holdout_sanity,ps6,0.5265431580444178,Field,#4FA7B8,8,Generic multi-task
multitab_pilot,MultiTab,field_holdout_sanity,recycling_endosome_tfrc,0.8500115936001142,Field,#4FA7B8,8,Generic multi-task
multitab_pilot,MultiTab,field_holdout_sanity,stress_granule_g3bp1,0.8666972555220127,Field,#4FA7B8,8,Generic multi-task
multitab_pilot,MultiTab,field_holdout_sanity,trans-golgi_vamp3,0.6360229889551798,Field,#4FA7B8,8,Generic multi-task
multitab_pilot,MultiTab,gene_holdout_main,5xupre,0.6847937670350075,Gene,#4FA7B8,8,Generic multi-task
multitab_pilot,MultiTab,gene_holdout_main,actin_filament_fastact_spy555_live_cell_dye,0.8858148989578088,Gene,#4FA7B8,8,Generic multi-task
multitab_pilot,MultiTab,gene_holdout_main,autophagosome_atg101,0.6485957750429711,Gene,#4FA7B8,8,Generic multi-task
multitab_pilot,MultiTab,gene_holdout_main,autophagosome_map1lc3b,0.8867868465681872,Gene,#4FA7B8,8,Generic multi-task
multitab_pilot,MultiTab,gene_holdout_main,b-catenin,0.48989816720287005,Gene,#4FA7B8,8,Generic multi-task
multitab_pilot,MultiTab,gene_holdout_main,c-myc,0.45872502932945886,Gene,#4FA7B8,8,Generic multi-task
multitab_pilot,MultiTab,gene_holdout_main,caspase_activity_cellevent-caspase_live-cell_dye,0.5373695939779282,Gene,#4FA7B8,8,Generic multi-task
multitab_pilot,MultiTab,gene_holdout_main,cell_proliferation_marker_mki67,0.72938685019811,Gene,#4FA7B8,8,Generic multi-task
multitab_pilot,MultiTab,gene_holdout_main,chaperones_hspa1b,0.7901303785542646,Gene,#4FA7B8,8,Generic multi-task
multitab_pilot,MultiTab,gene_holdout_main,chromalive_488_excitation,0.76291562144955,Gene,#4FA7B8,8,Generic multi-task
multitab_pilot,MultiTab,gene_holdout_main,chromatin_h2bc21,0.6195039433737597,Gene,#4FA7B8,8,Generic multi-task
multitab_pilot,MultiTab,gene_holdout_main,clathrin_vesicles_clta,0.8612239425381025,Gene,#4FA7B8,8,Generic multi-task
multitab_pilot,MultiTab,gene_holdout_main,early_endosome_eea1,0.8247938377161821,Gene,#4FA7B8,8,Generic multi-task
multitab_pilot,MultiTab,gene_holdout_main,endocytic_vesicle_ph_phrodo-dextran_live_cell_dye,0.7991063860555491,Gene,#4FA7B8,8,Generic multi-task
multitab_pilot,MultiTab,gene_holdout_main,endosome_vps35,0.8139917582273484,Gene,#4FA7B8,8,Generic multi-task
multitab_pilot,MultiTab,gene_holdout_main,er_cona,0.5616003374672598,Gene,#4FA7B8,8,Generic multi-task
multitab_pilot,MultiTab,gene_holdout_main,er_golgi_bridge_vapa,0.7363060721506675,Gene,#4FA7B8,8,Generic multi-task
multitab_pilot,MultiTab,gene_holdout_main,er_golgi_cop-ii_sec23a,0.8409906715154648,Gene,#4FA7B8,8,Generic multi-task
multitab_pilot,MultiTab,gene_holdout_main,er_golgi_cope,0.835965146869421,Gene,#4FA7B8,8,Generic multi-task
multitab_pilot,MultiTab,gene_holdout_main,er_ncln,0.5554577109714349,Gene,#4FA7B8,8,Generic multi-task
multitab_pilot,MultiTab,gene_holdout_main,er_sec61b,0.7431537444392841,Gene,#4FA7B8,8,Generic multi-task
multitab_pilot,MultiTab,gene_holdout_main,f-actin_phalloidin,0.6005224542071422,Gene,#4FA7B8,8,Generic multi-task
multitab_pilot,MultiTab,gene_holdout_main,fe2+_ferhonox_live-cell_dye,0.9500527784228325,Gene,#4FA7B8,8,Generic multi-task
multitab_pilot,MultiTab,gene_holdout_main,late_endosome_rab7a,0.8792915602525075,Gene,#4FA7B8,8,Generic multi-task
multitab_pilot,MultiTab,gene_holdout_main,lipid_droplet_bodipy_live_cell_dye,0.8458005629479886,Gene,#4FA7B8,8,Generic multi-task
multitab_pilot,MultiTab,gene_holdout_main,lipid_droplet_plin2,0.823825449993213,Gene,#4FA7B8,8,Generic multi-task
multitab_pilot,MultiTab,gene_holdout_main,lysosome_lamp1,0.724413329611222,Gene,#4FA7B8,8,Generic multi-task
multitab_pilot,MultiTab,gene_holdout_main,lysosome_lysotracker_live-cell_dye,0.8680653094003598,Gene,#4FA7B8,8,Generic multi-task
multitab_pilot,MultiTab,gene_holdout_main,microtubules_map4,0.7251797238985698,Gene,#4FA7B8,8,Generic multi-task
multitab_pilot,MultiTab,gene_holdout_main,microtubules_tubulin,0.5789851934131649,Gene,#4FA7B8,8,Generic multi-task
multitab_pilot,MultiTab,gene_holdout_main,mitochondria_chromalive_561_excitation,0.7981934048235416,Gene,#4FA7B8,8,Generic multi-task
multitab_pilot,MultiTab,gene_holdout_main,mitochondria_tomm20,0.5310610806776418,Gene,#4FA7B8,8,Generic multi-task
multitab_pilot,MultiTab,gene_holdout_main,mitochondria_tomm70a,0.7717912867665291,Gene,#4FA7B8,8,Generic multi-task
multitab_pilot,MultiTab,gene_holdout_main,nuclear_speckles_srrm2,0.8457426349322,Gene,#4FA7B8,8,Generic multi-task
multitab_pilot,MultiTab,gene_holdout_main,nuclei_hoechst,0.6570326749483744,Gene,#4FA7B8,8,Generic multi-task
multitab_pilot,MultiTab,gene_holdout_main,nuclei_nucleolive_live_cell_dye,0.7146442536264658,Gene,#4FA7B8,8,Generic multi-task
multitab_pilot,MultiTab,gene_holdout_main,nucleoli_npm1,0.4388160706394249,Gene,#4FA7B8,8,Generic multi-task
multitab_pilot,MultiTab,gene_holdout_main,nucleolus-dfc_fbl,0.8162193402647973,Gene,#4FA7B8,8,Generic multi-task
multitab_pilot,MultiTab,gene_holdout_main,nucleolus-gc_npm3,0.8096860259771347,Gene,#4FA7B8,8,Generic multi-task
multitab_pilot,MultiTab,gene_holdout_main,oxidative_stress_cellrox_live-cell_dye,0.7774881723026434,Gene,#4FA7B8,8,Generic multi-task
multitab_pilot,MultiTab,gene_holdout_main,p21,0.4196428414185842,Gene,#4FA7B8,8,Generic multi-task
multitab_pilot,MultiTab,gene_holdout_main,p53,0.39657386531432465,Gene,#4FA7B8,8,Generic multi-task
multitab_pilot,MultiTab,gene_holdout_main,peroxisome_peroxi_spy650_live_cell_dye,0.8536368474364281,Gene,#4FA7B8,8,Generic multi-task
multitab_pilot,MultiTab,gene_holdout_main,plasma_membrane_atp1b3,0.6533007054279248,Gene,#4FA7B8,8,Generic multi-task
multitab_pilot,MultiTab,gene_holdout_main,plasma_membrane_slc3a2,0.8528456936279932,Gene,#4FA7B8,8,Generic multi-task
multitab_pilot,MultiTab,gene_holdout_main,plasma_membrane_wga,0.6115697528753016,Gene,#4FA7B8,8,Generic multi-task
multitab_pilot,MultiTab,gene_holdout_main,prb,0.3417588800936937,Gene,#4FA7B8,8,Generic multi-task
multitab_pilot,MultiTab,gene_holdout_main,proteasome_psmb7,0.6518540332714717,Gene,#4FA7B8,8,Generic multi-task
multitab_pilot,MultiTab,gene_holdout_main,ps6,0.5253600751856963,Gene,#4FA7B8,8,Generic multi-task
multitab_pilot,MultiTab,gene_holdout_main,recycling_endosome_tfrc,0.850210184107224,Gene,#4FA7B8,8,Generic multi-task
multitab_pilot,MultiTab,gene_holdout_main,stress_granule_g3bp1,0.8665929088989893,Gene,#4FA7B8,8,Generic multi-task
multitab_pilot,MultiTab,gene_holdout_main,trans-golgi_vamp3,0.6367477672795454,Gene,#4FA7B8,8,Generic multi-task
multitab_pilot,MultiTab,strict_whole_screen,5xupre,0.6808600480357806,Whole-screen,#4FA7B8,8,Generic multi-task
multitab_pilot,MultiTab,strict_whole_screen,actin_filament_fastact_spy555_live_cell_dye,0.8374718596537909,Whole-screen,#4FA7B8,8,Generic multi-task
multitab_pilot,MultiTab,strict_whole_screen,autophagosome_atg101,0.592639849210779,Whole-screen,#4FA7B8,8,Generic multi-task
multitab_pilot,MultiTab,strict_whole_screen,autophagosome_map1lc3b,0.6518029235303402,Whole-screen,#4FA7B8,8,Generic multi-task
multitab_pilot,MultiTab,strict_whole_screen,caspase_activity_cellevent-caspase_live-cell_dye,0.5092586966541905,Whole-screen,#4FA7B8,8,Generic multi-task
multitab_pilot,MultiTab,strict_whole_screen,cell_proliferation_marker_mki67,0.5278040985576808,Whole-screen,#4FA7B8,8,Generic multi-task
multitab_pilot,MultiTab,strict_whole_screen,chaperones_hspa1b,0.5435332946168879,Whole-screen,#4FA7B8,8,Generic multi-task
multitab_pilot,MultiTab,strict_whole_screen,chromalive_488_excitation,0.6120200846344233,Whole-screen,#4FA7B8,8,Generic multi-task
multitab_pilot,MultiTab,strict_whole_screen,chromatin_h2bc21,0.5815819328029951,Whole-screen,#4FA7B8,8,Generic multi-task
multitab_pilot,MultiTab,strict_whole_screen,clathrin_vesicles_clta,0.8452655555059512,Whole-screen,#4FA7B8,8,Generic multi-task
multitab_pilot,MultiTab,strict_whole_screen,endocytic_vesicle_ph_phrodo-dextran_live_cell_dye,0.1624059858731925,Whole-screen,#4FA7B8,8,Generic multi-task
multitab_pilot,MultiTab,strict_whole_screen,endosome_vps35,0.7118466423513988,Whole-screen,#4FA7B8,8,Generic multi-task
multitab_pilot,MultiTab,strict_whole_screen,er_golgi_bridge_vapa,0.7337540832037727,Whole-screen,#4FA7B8,8,Generic multi-task
multitab_pilot,MultiTab,strict_whole_screen,er_golgi_cope,0.302759008850747,Whole-screen,#4FA7B8,8,Generic multi-task
multitab_pilot,MultiTab,strict_whole_screen,er_sec61b,0.7598910851197109,Whole-screen,#4FA7B8,8,Generic multi-task
multitab_pilot,MultiTab,strict_whole_screen,fe2+_ferhonox_live-cell_dye,0.05542217773230125,Whole-screen,#4FA7B8,8,Generic multi-task
multitab_pilot,MultiTab,strict_whole_screen,late_endosome_rab7a,0.8382635818173487,Whole-screen,#4FA7B8,8,Generic multi-task
multitab_pilot,MultiTab,strict_whole_screen,lipid_droplet_bodipy_live_cell_dye,0.831403346111377,Whole-screen,#4FA7B8,8,Generic multi-task
multitab_pilot,MultiTab,strict_whole_screen,lipid_droplet_plin2,0.05507074428896885,Whole-screen,#4FA7B8,8,Generic multi-task
multitab_pilot,MultiTab,strict_whole_screen,lysosome_lamp1,0.6970820110291243,Whole-screen,#4FA7B8,8,Generic multi-task
multitab_pilot,MultiTab,strict_whole_screen,lysosome_lysotracker_live-cell_dye,0.8428170813454522,Whole-screen,#4FA7B8,8,Generic multi-task
multitab_pilot,MultiTab,strict_whole_screen,mitochondria_chromalive_561_excitation,0.6142637093241017,Whole-screen,#4FA7B8,8,Generic multi-task
multitab_pilot,MultiTab,strict_whole_screen,mitochondria_tomm70a,0.5130651674116962,Whole-screen,#4FA7B8,8,Generic multi-task
multitab_pilot,MultiTab,strict_whole_screen,nuclear_speckles_srrm2,0.5076809383075063,Whole-screen,#4FA7B8,8,Generic multi-task
multitab_pilot,MultiTab,strict_whole_screen,nuclei_nucleolive_live_cell_dye,0.4609898004370431,Whole-screen,#4FA7B8,8,Generic multi-task
multitab_pilot,MultiTab,strict_whole_screen,nucleolus-dfc_fbl,0.4220679763626928,Whole-screen,#4FA7B8,8,Generic multi-task
multitab_pilot,MultiTab,strict_whole_screen,nucleolus-gc_npm3,0.5550695194397122,Whole-screen,#4FA7B8,8,Generic multi-task
multitab_pilot,MultiTab,strict_whole_screen,oxidative_stress_cellrox_live-cell_dye,0.37802497440134175,Whole-screen,#4FA7B8,8,Generic multi-task
multitab_pilot,MultiTab,strict_whole_screen,peroxisome_peroxi_spy650_live_cell_dye,0.6075899011145035,Whole-screen,#4FA7B8,8,Generic multi-task
multitab_pilot,MultiTab,strict_whole_screen,plasma_membrane_atp1b3,0.6329735945910215,Whole-screen,#4FA7B8,8,Generic multi-task
multitab_pilot,MultiTab,strict_whole_screen,plasma_membrane_slc3a2,0.8487619087100029,Whole-screen,#4FA7B8,8,Generic multi-task
multitab_pilot,MultiTab,strict_whole_screen,proteasome_psmb7,0.4525013914875065,Whole-screen,#4FA7B8,8,Generic multi-task
multitab_pilot,MultiTab,strict_whole_screen,recycling_endosome_tfrc,0.7704615072968106,Whole-screen,#4FA7B8,8,Generic multi-task
multitab_pilot,MultiTab,strict_whole_screen,trans-golgi_vamp3,0.5068931250522535,Whole-screen,#4FA7B8,8,Generic multi-task
resmlp_52head,ResMLP,field_holdout_sanity,5xupre,0.6897600376605988,Field,#4F9A70,7,Generic multi-task
resmlp_52head,ResMLP,field_holdout_sanity,actin_filament_fastact_spy555_live_cell_dye,0.8950317623714608,Field,#4F9A70,7,Generic multi-task
resmlp_52head,ResMLP,field_holdout_sanity,autophagosome_atg101,0.636317464709282,Field,#4F9A70,7,Generic multi-task
resmlp_52head,ResMLP,field_holdout_sanity,autophagosome_map1lc3b,0.88842864955465,Field,#4F9A70,7,Generic multi-task
resmlp_52head,ResMLP,field_holdout_sanity,b-catenin,0.49977368493874863,Field,#4F9A70,7,Generic multi-task
resmlp_52head,ResMLP,field_holdout_sanity,c-myc,0.45589952359596886,Field,#4F9A70,7,Generic multi-task
resmlp_52head,ResMLP,field_holdout_sanity,caspase_activity_cellevent-caspase_live-cell_dye,0.535555262491107,Field,#4F9A70,7,Generic multi-task
resmlp_52head,ResMLP,field_holdout_sanity,cell_proliferation_marker_mki67,0.7190239213407039,Field,#4F9A70,7,Generic multi-task
resmlp_52head,ResMLP,field_holdout_sanity,chaperones_hspa1b,0.7965568092962106,Field,#4F9A70,7,Generic multi-task
resmlp_52head,ResMLP,field_holdout_sanity,chromalive_488_excitation,0.7691429446140925,Field,#4F9A70,7,Generic multi-task
resmlp_52head,ResMLP,field_holdout_sanity,chromatin_h2bc21,0.6367211711903413,Field,#4F9A70,7,Generic multi-task
resmlp_52head,ResMLP,field_holdout_sanity,clathrin_vesicles_clta,0.8625137013693651,Field,#4F9A70,7,Generic multi-task
resmlp_52head,ResMLP,field_holdout_sanity,early_endosome_eea1,0.8187616656223934,Field,#4F9A70,7,Generic multi-task
resmlp_52head,ResMLP,field_holdout_sanity,endocytic_vesicle_ph_phrodo-dextran_live_cell_dye,0.805547471344471,Field,#4F9A70,7,Generic multi-task
resmlp_52head,ResMLP,field_holdout_sanity,endosome_vps35,0.8185836141308149,Field,#4F9A70,7,Generic multi-task
resmlp_52head,ResMLP,field_holdout_sanity,er_cona,0.5047662645164464,Field,#4F9A70,7,Generic multi-task
resmlp_52head,ResMLP,field_holdout_sanity,er_golgi_bridge_vapa,0.7223713289946317,Field,#4F9A70,7,Generic multi-task
resmlp_52head,ResMLP,field_holdout_sanity,er_golgi_cop-ii_sec23a,0.8428193810085455,Field,#4F9A70,7,Generic multi-task
resmlp_52head,ResMLP,field_holdout_sanity,er_golgi_cope,0.8397443989912668,Field,#4F9A70,7,Generic multi-task
resmlp_52head,ResMLP,field_holdout_sanity,er_ncln,0.5376149754971266,Field,#4F9A70,7,Generic multi-task
resmlp_52head,ResMLP,field_holdout_sanity,er_sec61b,0.7520813554525375,Field,#4F9A70,7,Generic multi-task
resmlp_52head,ResMLP,field_holdout_sanity,f-actin_phalloidin,0.5421706692626079,Field,#4F9A70,7,Generic multi-task
resmlp_52head,ResMLP,field_holdout_sanity,fe2+_ferhonox_live-cell_dye,0.9550650005539258,Field,#4F9A70,7,Generic multi-task
resmlp_52head,ResMLP,field_holdout_sanity,late_endosome_rab7a,0.8849725576738516,Field,#4F9A70,7,Generic multi-task
resmlp_52head,ResMLP,field_holdout_sanity,lipid_droplet_bodipy_live_cell_dye,0.8600115085641542,Field,#4F9A70,7,Generic multi-task
resmlp_52head,ResMLP,field_holdout_sanity,lipid_droplet_plin2,0.8211399964988232,Field,#4F9A70,7,Generic multi-task
resmlp_52head,ResMLP,field_holdout_sanity,lysosome_lamp1,0.7177056148648262,Field,#4F9A70,7,Generic multi-task
resmlp_52head,ResMLP,field_holdout_sanity,lysosome_lysotracker_live-cell_dye,0.8787009028096995,Field,#4F9A70,7,Generic multi-task
resmlp_52head,ResMLP,field_holdout_sanity,microtubules_map4,0.7279205773025751,Field,#4F9A70,7,Generic multi-task
resmlp_52head,ResMLP,field_holdout_sanity,microtubules_tubulin,0.5209662621219953,Field,#4F9A70,7,Generic multi-task
resmlp_52head,ResMLP,field_holdout_sanity,mitochondria_chromalive_561_excitation,0.8090730898082257,Field,#4F9A70,7,Generic multi-task
resmlp_52head,ResMLP,field_holdout_sanity,mitochondria_tomm20,0.4731866762249006,Field,#4F9A70,7,Generic multi-task
resmlp_52head,ResMLP,field_holdout_sanity,mitochondria_tomm70a,0.7764680321017902,Field,#4F9A70,7,Generic multi-task
resmlp_52head,ResMLP,field_holdout_sanity,nuclear_speckles_srrm2,0.8599046260118485,Field,#4F9A70,7,Generic multi-task
resmlp_52head,ResMLP,field_holdout_sanity,nuclei_hoechst,0.6406945649782816,Field,#4F9A70,7,Generic multi-task
resmlp_52head,ResMLP,field_holdout_sanity,nuclei_nucleolive_live_cell_dye,0.7320635244250298,Field,#4F9A70,7,Generic multi-task
resmlp_52head,ResMLP,field_holdout_sanity,nucleoli_npm1,0.37437444445159695,Field,#4F9A70,7,Generic multi-task
resmlp_52head,ResMLP,field_holdout_sanity,nucleolus-dfc_fbl,0.826778824130694,Field,#4F9A70,7,Generic multi-task
resmlp_52head,ResMLP,field_holdout_sanity,nucleolus-gc_npm3,0.811340538909038,Field,#4F9A70,7,Generic multi-task
resmlp_52head,ResMLP,field_holdout_sanity,oxidative_stress_cellrox_live-cell_dye,0.7811909886697929,Field,#4F9A70,7,Generic multi-task
resmlp_52head,ResMLP,field_holdout_sanity,p21,0.42735709905624386,Field,#4F9A70,7,Generic multi-task
resmlp_52head,ResMLP,field_holdout_sanity,p53,0.4031502885123094,Field,#4F9A70,7,Generic multi-task
resmlp_52head,ResMLP,field_holdout_sanity,peroxisome_peroxi_spy650_live_cell_dye,0.8565821049114068,Field,#4F9A70,7,Generic multi-task
resmlp_52head,ResMLP,field_holdout_sanity,plasma_membrane_atp1b3,0.6435228135436774,Field,#4F9A70,7,Generic multi-task
resmlp_52head,ResMLP,field_holdout_sanity,plasma_membrane_slc3a2,0.8561402921875318,Field,#4F9A70,7,Generic multi-task
resmlp_52head,ResMLP,field_holdout_sanity,plasma_membrane_wga,0.5563861229767402,Field,#4F9A70,7,Generic multi-task
resmlp_52head,ResMLP,field_holdout_sanity,prb,0.4208585919936498,Field,#4F9A70,7,Generic multi-task
resmlp_52head,ResMLP,field_holdout_sanity,proteasome_psmb7,0.655919806410869,Field,#4F9A70,7,Generic multi-task
resmlp_52head,ResMLP,field_holdout_sanity,ps6,0.5227918847401937,Field,#4F9A70,7,Generic multi-task
resmlp_52head,ResMLP,field_holdout_sanity,recycling_endosome_tfrc,0.8432201792796453,Field,#4F9A70,7,Generic multi-task
resmlp_52head,ResMLP,field_holdout_sanity,stress_granule_g3bp1,0.8750457932551703,Field,#4F9A70,7,Generic multi-task
resmlp_52head,ResMLP,field_holdout_sanity,trans-golgi_vamp3,0.6397134890158971,Field,#4F9A70,7,Generic multi-task
resmlp_52head,ResMLP,gene_holdout_main,5xupre,0.6878622496128083,Gene,#4F9A70,7,Generic multi-task
resmlp_52head,ResMLP,gene_holdout_main,actin_filament_fastact_spy555_live_cell_dye,0.8957115285098552,Gene,#4F9A70,7,Generic multi-task
resmlp_52head,ResMLP,gene_holdout_main,autophagosome_atg101,0.6374393669267496,Gene,#4F9A70,7,Generic multi-task
resmlp_52head,ResMLP,gene_holdout_main,autophagosome_map1lc3b,0.8890825241804123,Gene,#4F9A70,7,Generic multi-task
resmlp_52head,ResMLP,gene_holdout_main,b-catenin,0.4974484308312337,Gene,#4F9A70,7,Generic multi-task
resmlp_52head,ResMLP,gene_holdout_main,c-myc,0.4655409983793894,Gene,#4F9A70,7,Generic multi-task
resmlp_52head,ResMLP,gene_holdout_main,caspase_activity_cellevent-caspase_live-cell_dye,0.5245835782339177,Gene,#4F9A70,7,Generic multi-task
resmlp_52head,ResMLP,gene_holdout_main,cell_proliferation_marker_mki67,0.719287812958161,Gene,#4F9A70,7,Generic multi-task
resmlp_52head,ResMLP,gene_holdout_main,chaperones_hspa1b,0.7961560999353727,Gene,#4F9A70,7,Generic multi-task
resmlp_52head,ResMLP,gene_holdout_main,chromalive_488_excitation,0.7685142519573371,Gene,#4F9A70,7,Generic multi-task
resmlp_52head,ResMLP,gene_holdout_main,chromatin_h2bc21,0.6379734645287196,Gene,#4F9A70,7,Generic multi-task
resmlp_52head,ResMLP,gene_holdout_main,clathrin_vesicles_clta,0.863180705656608,Gene,#4F9A70,7,Generic multi-task
resmlp_52head,ResMLP,gene_holdout_main,early_endosome_eea1,0.8194296392301718,Gene,#4F9A70,7,Generic multi-task
resmlp_52head,ResMLP,gene_holdout_main,endocytic_vesicle_ph_phrodo-dextran_live_cell_dye,0.8059642220536867,Gene,#4F9A70,7,Generic multi-task
resmlp_52head,ResMLP,gene_holdout_main,endosome_vps35,0.8186307740708193,Gene,#4F9A70,7,Generic multi-task
resmlp_52head,ResMLP,gene_holdout_main,er_cona,0.506511517200205,Gene,#4F9A70,7,Generic multi-task
resmlp_52head,ResMLP,gene_holdout_main,er_golgi_bridge_vapa,0.7210832346230746,Gene,#4F9A70,7,Generic multi-task
resmlp_52head,ResMLP,gene_holdout_main,er_golgi_cop-ii_sec23a,0.8430265081425509,Gene,#4F9A70,7,Generic multi-task
resmlp_52head,ResMLP,gene_holdout_main,er_golgi_cope,0.8392456198732058,Gene,#4F9A70,7,Generic multi-task
resmlp_52head,ResMLP,gene_holdout_main,er_ncln,0.5389238076905409,Gene,#4F9A70,7,Generic multi-task
resmlp_52head,ResMLP,gene_holdout_main,er_sec61b,0.7474773702522118,Gene,#4F9A70,7,Generic multi-task
resmlp_52head,ResMLP,gene_holdout_main,f-actin_phalloidin,0.5475389806760682,Gene,#4F9A70,7,Generic multi-task
resmlp_52head,ResMLP,gene_holdout_main,fe2+_ferhonox_live-cell_dye,0.9555170282721519,Gene,#4F9A70,7,Generic multi-task
resmlp_52head,ResMLP,gene_holdout_main,late_endosome_rab7a,0.8848565938572088,Gene,#4F9A70,7,Generic multi-task
resmlp_52head,ResMLP,gene_holdout_main,lipid_droplet_bodipy_live_cell_dye,0.8608947622279326,Gene,#4F9A70,7,Generic multi-task
resmlp_52head,ResMLP,gene_holdout_main,lipid_droplet_plin2,0.8171074365576109,Gene,#4F9A70,7,Generic multi-task
resmlp_52head,ResMLP,gene_holdout_main,lysosome_lamp1,0.7172553926706314,Gene,#4F9A70,7,Generic multi-task
resmlp_52head,ResMLP,gene_holdout_main,lysosome_lysotracker_live-cell_dye,0.8781376637518405,Gene,#4F9A70,7,Generic multi-task
resmlp_52head,ResMLP,gene_holdout_main,microtubules_map4,0.7277115079263845,Gene,#4F9A70,7,Generic multi-task
resmlp_52head,ResMLP,gene_holdout_main,microtubules_tubulin,0.5257855301929845,Gene,#4F9A70,7,Generic multi-task
resmlp_52head,ResMLP,gene_holdout_main,mitochondria_chromalive_561_excitation,0.8099723907808463,Gene,#4F9A70,7,Generic multi-task
resmlp_52head,ResMLP,gene_holdout_main,mitochondria_tomm20,0.4776953766950303,Gene,#4F9A70,7,Generic multi-task
resmlp_52head,ResMLP,gene_holdout_main,mitochondria_tomm70a,0.7768051172296205,Gene,#4F9A70,7,Generic multi-task
resmlp_52head,ResMLP,gene_holdout_main,nuclear_speckles_srrm2,0.8604114010930062,Gene,#4F9A70,7,Generic multi-task
resmlp_52head,ResMLP,gene_holdout_main,nuclei_hoechst,0.6364807201425234,Gene,#4F9A70,7,Generic multi-task
resmlp_52head,ResMLP,gene_holdout_main,nuclei_nucleolive_live_cell_dye,0.7328449198355278,Gene,#4F9A70,7,Generic multi-task
resmlp_52head,ResMLP,gene_holdout_main,nucleoli_npm1,0.3752395319441954,Gene,#4F9A70,7,Generic multi-task
resmlp_52head,ResMLP,gene_holdout_main,nucleolus-dfc_fbl,0.8270736478269101,Gene,#4F9A70,7,Generic multi-task
resmlp_52head,ResMLP,gene_holdout_main,nucleolus-gc_npm3,0.8115134832759698,Gene,#4F9A70,7,Generic multi-task
resmlp_52head,ResMLP,gene_holdout_main,oxidative_stress_cellrox_live-cell_dye,0.7809236476818721,Gene,#4F9A70,7,Generic multi-task
resmlp_52head,ResMLP,gene_holdout_main,p21,0.42611250400543205,Gene,#4F9A70,7,Generic multi-task
resmlp_52head,ResMLP,gene_holdout_main,p53,0.431851178308328,Gene,#4F9A70,7,Generic multi-task
resmlp_52head,ResMLP,gene_holdout_main,peroxisome_peroxi_spy650_live_cell_dye,0.8567032103737194,Gene,#4F9A70,7,Generic multi-task
resmlp_52head,ResMLP,gene_holdout_main,plasma_membrane_atp1b3,0.6449491159369548,Gene,#4F9A70,7,Generic multi-task
resmlp_52head,ResMLP,gene_holdout_main,plasma_membrane_slc3a2,0.8560191248854002,Gene,#4F9A70,7,Generic multi-task
resmlp_52head,ResMLP,gene_holdout_main,plasma_membrane_wga,0.5613365759452185,Gene,#4F9A70,7,Generic multi-task
resmlp_52head,ResMLP,gene_holdout_main,prb,0.36815651389459764,Gene,#4F9A70,7,Generic multi-task
resmlp_52head,ResMLP,gene_holdout_main,proteasome_psmb7,0.6555105547110239,Gene,#4F9A70,7,Generic multi-task
resmlp_52head,ResMLP,gene_holdout_main,ps6,0.5207461022709807,Gene,#4F9A70,7,Generic multi-task
resmlp_52head,ResMLP,gene_holdout_main,recycling_endosome_tfrc,0.8441010273993015,Gene,#4F9A70,7,Generic multi-task
resmlp_52head,ResMLP,gene_holdout_main,stress_granule_g3bp1,0.8749467348059019,Gene,#4F9A70,7,Generic multi-task
resmlp_52head,ResMLP,gene_holdout_main,trans-golgi_vamp3,0.6430915189286073,Gene,#4F9A70,7,Generic multi-task
resmlp_52head,ResMLP,strict_whole_screen,5xupre,0.6833847853044669,Whole-screen,#4F9A70,7,Generic multi-task
resmlp_52head,ResMLP,strict_whole_screen,actin_filament_fastact_spy555_live_cell_dye,0.8504052960624298,Whole-screen,#4F9A70,7,Generic multi-task
resmlp_52head,ResMLP,strict_whole_screen,autophagosome_atg101,0.5758684311682979,Whole-screen,#4F9A70,7,Generic multi-task
resmlp_52head,ResMLP,strict_whole_screen,autophagosome_map1lc3b,0.6377989676160117,Whole-screen,#4F9A70,7,Generic multi-task
resmlp_52head,ResMLP,strict_whole_screen,caspase_activity_cellevent-caspase_live-cell_dye,0.4871912243155141,Whole-screen,#4F9A70,7,Generic multi-task
resmlp_52head,ResMLP,strict_whole_screen,cell_proliferation_marker_mki67,0.5064203169507284,Whole-screen,#4F9A70,7,Generic multi-task
resmlp_52head,ResMLP,strict_whole_screen,chaperones_hspa1b,0.6566806314513087,Whole-screen,#4F9A70,7,Generic multi-task
resmlp_52head,ResMLP,strict_whole_screen,chromalive_488_excitation,0.5789487725123763,Whole-screen,#4F9A70,7,Generic multi-task
resmlp_52head,ResMLP,strict_whole_screen,chromatin_h2bc21,0.6107026729732752,Whole-screen,#4F9A70,7,Generic multi-task
resmlp_52head,ResMLP,strict_whole_screen,clathrin_vesicles_clta,0.8484995681792498,Whole-screen,#4F9A70,7,Generic multi-task
resmlp_52head,ResMLP,strict_whole_screen,endocytic_vesicle_ph_phrodo-dextran_live_cell_dye,0.2824171168807273,Whole-screen,#4F9A70,7,Generic multi-task
resmlp_52head,ResMLP,strict_whole_screen,endosome_vps35,0.7079276194175084,Whole-screen,#4F9A70,7,Generic multi-task
resmlp_52head,ResMLP,strict_whole_screen,er_golgi_bridge_vapa,0.7192878555506468,Whole-screen,#4F9A70,7,Generic multi-task
resmlp_52head,ResMLP,strict_whole_screen,er_golgi_cope,0.37421173889500403,Whole-screen,#4F9A70,7,Generic multi-task
resmlp_52head,ResMLP,strict_whole_screen,er_sec61b,0.761127900539173,Whole-screen,#4F9A70,7,Generic multi-task
resmlp_52head,ResMLP,strict_whole_screen,fe2+_ferhonox_live-cell_dye,0.026451322851547297,Whole-screen,#4F9A70,7,Generic multi-task
resmlp_52head,ResMLP,strict_whole_screen,late_endosome_rab7a,0.8454572577029467,Whole-screen,#4F9A70,7,Generic multi-task
resmlp_52head,ResMLP,strict_whole_screen,lipid_droplet_bodipy_live_cell_dye,0.8538256802906592,Whole-screen,#4F9A70,7,Generic multi-task
resmlp_52head,ResMLP,strict_whole_screen,lipid_droplet_plin2,0.21561015490442514,Whole-screen,#4F9A70,7,Generic multi-task
resmlp_52head,ResMLP,strict_whole_screen,lysosome_lamp1,0.6818968604008357,Whole-screen,#4F9A70,7,Generic multi-task
resmlp_52head,ResMLP,strict_whole_screen,lysosome_lysotracker_live-cell_dye,0.8614041072626909,Whole-screen,#4F9A70,7,Generic multi-task
resmlp_52head,ResMLP,strict_whole_screen,mitochondria_chromalive_561_excitation,0.645298366745313,Whole-screen,#4F9A70,7,Generic multi-task
resmlp_52head,ResMLP,strict_whole_screen,mitochondria_tomm70a,0.5220327241113409,Whole-screen,#4F9A70,7,Generic multi-task
resmlp_52head,ResMLP,strict_whole_screen,nuclear_speckles_srrm2,0.5375123834237456,Whole-screen,#4F9A70,7,Generic multi-task
resmlp_52head,ResMLP,strict_whole_screen,nuclei_nucleolive_live_cell_dye,0.4638353739865124,Whole-screen,#4F9A70,7,Generic multi-task
resmlp_52head,ResMLP,strict_whole_screen,nucleolus-dfc_fbl,0.37411241784381366,Whole-screen,#4F9A70,7,Generic multi-task
resmlp_52head,ResMLP,strict_whole_screen,nucleolus-gc_npm3,0.6355959655096134,Whole-screen,#4F9A70,7,Generic multi-task
resmlp_52head,ResMLP,strict_whole_screen,oxidative_stress_cellrox_live-cell_dye,0.3919937421257297,Whole-screen,#4F9A70,7,Generic multi-task
resmlp_52head,ResMLP,strict_whole_screen,peroxisome_peroxi_spy650_live_cell_dye,0.5955431160206597,Whole-screen,#4F9A70,7,Generic multi-task
resmlp_52head,ResMLP,strict_whole_screen,plasma_membrane_atp1b3,0.6238264140362542,Whole-screen,#4F9A70,7,Generic multi-task
resmlp_52head,ResMLP,strict_whole_screen,plasma_membrane_slc3a2,0.8480209627499183,Whole-screen,#4F9A70,7,Generic multi-task
resmlp_52head,ResMLP,strict_whole_screen,proteasome_psmb7,0.41326124834207195,Whole-screen,#4F9A70,7,Generic multi-task
resmlp_52head,ResMLP,strict_whole_screen,recycling_endosome_tfrc,0.7740726061165333,Whole-screen,#4F9A70,7,Generic multi-task
resmlp_52head,ResMLP,strict_whole_screen,trans-golgi_vamp3,0.485159181834509,Whole-screen,#4F9A70,7,Generic multi-task
ridge,Ridge,field_holdout_sanity,5xupre,0.687041757106781,Field,#3E6F9C,1,Classical tabular
ridge,Ridge,field_holdout_sanity,actin_filament_fastact_spy555_live_cell_dye,0.8841034094492594,Field,#3E6F9C,1,Classical tabular
ridge,Ridge,field_holdout_sanity,autophagosome_atg101,0.6552262810369333,Field,#3E6F9C,1,Classical tabular
ridge,Ridge,field_holdout_sanity,autophagosome_map1lc3b,0.8782340630888938,Field,#3E6F9C,1,Classical tabular
ridge,Ridge,field_holdout_sanity,b-catenin,0.4133987188835938,Field,#3E6F9C,1,Classical tabular
ridge,Ridge,field_holdout_sanity,c-myc,0.43058958460887276,Field,#3E6F9C,1,Classical tabular
ridge,Ridge,field_holdout_sanity,caspase_activity_cellevent-caspase_live-cell_dye,0.5516420675131182,Field,#3E6F9C,1,Classical tabular
ridge,Ridge,field_holdout_sanity,cell_proliferation_marker_mki67,0.7187798348565896,Field,#3E6F9C,1,Classical tabular
ridge,Ridge,field_holdout_sanity,chaperones_hspa1b,0.7847706727683544,Field,#3E6F9C,1,Classical tabular
ridge,Ridge,field_holdout_sanity,chromalive_488_excitation,0.732832129796346,Field,#3E6F9C,1,Classical tabular
ridge,Ridge,field_holdout_sanity,chromatin_h2bc21,0.605255538970232,Field,#3E6F9C,1,Classical tabular
ridge,Ridge,field_holdout_sanity,clathrin_vesicles_clta,0.855874577909708,Field,#3E6F9C,1,Classical tabular
ridge,Ridge,field_holdout_sanity,early_endosome_eea1,0.8150402826567491,Field,#3E6F9C,1,Classical tabular
ridge,Ridge,field_holdout_sanity,endocytic_vesicle_ph_phrodo-dextran_live_cell_dye,0.7903026517480611,Field,#3E6F9C,1,Classical tabular
ridge,Ridge,field_holdout_sanity,endosome_vps35,0.7941921837627888,Field,#3E6F9C,1,Classical tabular
ridge,Ridge,field_holdout_sanity,er_cona,0.533479876526528,Field,#3E6F9C,1,Classical tabular
ridge,Ridge,field_holdout_sanity,er_golgi_bridge_vapa,0.7378958575427532,Field,#3E6F9C,1,Classical tabular
ridge,Ridge,field_holdout_sanity,er_golgi_cop-ii_sec23a,0.8393716213603815,Field,#3E6F9C,1,Classical tabular
ridge,Ridge,field_holdout_sanity,er_golgi_cope,0.8327877931296825,Field,#3E6F9C,1,Classical tabular
ridge,Ridge,field_holdout_sanity,er_ncln,0.5569728285074234,Field,#3E6F9C,1,Classical tabular
ridge,Ridge,field_holdout_sanity,er_sec61b,0.7537735633552074,Field,#3E6F9C,1,Classical tabular
ridge,Ridge,field_holdout_sanity,f-actin_phalloidin,0.575382201332185,Field,#3E6F9C,1,Classical tabular
ridge,Ridge,field_holdout_sanity,fe2+_ferhonox_live-cell_dye,0.948575514058272,Field,#3E6F9C,1,Classical tabular
ridge,Ridge,field_holdout_sanity,late_endosome_rab7a,0.8724828677872816,Field,#3E6F9C,1,Classical tabular
ridge,Ridge,field_holdout_sanity,lipid_droplet_bodipy_live_cell_dye,0.8484034714599451,Field,#3E6F9C,1,Classical tabular
ridge,Ridge,field_holdout_sanity,lipid_droplet_plin2,0.7849646963179111,Field,#3E6F9C,1,Classical tabular
ridge,Ridge,field_holdout_sanity,lysosome_lamp1,0.7104642649491628,Field,#3E6F9C,1,Classical tabular
ridge,Ridge,field_holdout_sanity,lysosome_lysotracker_live-cell_dye,0.8824286077171564,Field,#3E6F9C,1,Classical tabular
ridge,Ridge,field_holdout_sanity,microtubules_map4,0.7207099293669066,Field,#3E6F9C,1,Classical tabular
ridge,Ridge,field_holdout_sanity,microtubules_tubulin,0.5498390037152502,Field,#3E6F9C,1,Classical tabular
ridge,Ridge,field_holdout_sanity,mitochondria_chromalive_561_excitation,0.8010948243240514,Field,#3E6F9C,1,Classical tabular
ridge,Ridge,field_holdout_sanity,mitochondria_tomm20,0.5080897369525499,Field,#3E6F9C,1,Classical tabular
ridge,Ridge,field_holdout_sanity,mitochondria_tomm70a,0.7657640648384889,Field,#3E6F9C,1,Classical tabular
ridge,Ridge,field_holdout_sanity,nuclear_speckles_srrm2,0.833622615536054,Field,#3E6F9C,1,Classical tabular
ridge,Ridge,field_holdout_sanity,nuclei_hoechst,0.6466226766506831,Field,#3E6F9C,1,Classical tabular
ridge,Ridge,field_holdout_sanity,nuclei_nucleolive_live_cell_dye,0.6339387693752846,Field,#3E6F9C,1,Classical tabular
ridge,Ridge,field_holdout_sanity,nucleoli_npm1,0.40674584454132445,Field,#3E6F9C,1,Classical tabular
ridge,Ridge,field_holdout_sanity,nucleolus-dfc_fbl,0.8005868315696716,Field,#3E6F9C,1,Classical tabular
ridge,Ridge,field_holdout_sanity,nucleolus-gc_npm3,0.8162350823481879,Field,#3E6F9C,1,Classical tabular
ridge,Ridge,field_holdout_sanity,oxidative_stress_cellrox_live-cell_dye,0.7506901599466801,Field,#3E6F9C,1,Classical tabular
ridge,Ridge,field_holdout_sanity,p21,0.40328706632057826,Field,#3E6F9C,1,Classical tabular
ridge,Ridge,field_holdout_sanity,p53,0.3698298050463199,Field,#3E6F9C,1,Classical tabular
ridge,Ridge,field_holdout_sanity,peroxisome_peroxi_spy650_live_cell_dye,0.8432437767585119,Field,#3E6F9C,1,Classical tabular
ridge,Ridge,field_holdout_sanity,plasma_membrane_atp1b3,0.6555263604968786,Field,#3E6F9C,1,Classical tabular
ridge,Ridge,field_holdout_sanity,plasma_membrane_slc3a2,0.8511930709083876,Field,#3E6F9C,1,Classical tabular
ridge,Ridge,field_holdout_sanity,plasma_membrane_wga,0.5872285079210997,Field,#3E6F9C,1,Classical tabular
ridge,Ridge,field_holdout_sanity,prb,0.37134104788303374,Field,#3E6F9C,1,Classical tabular
ridge,Ridge,field_holdout_sanity,proteasome_psmb7,0.6295406050980091,Field,#3E6F9C,1,Classical tabular
ridge,Ridge,field_holdout_sanity,ps6,0.4336026578148206,Field,#3E6F9C,1,Classical tabular
ridge,Ridge,field_holdout_sanity,recycling_endosome_tfrc,0.8391329407691955,Field,#3E6F9C,1,Classical tabular
ridge,Ridge,field_holdout_sanity,stress_granule_g3bp1,0.8570981356004873,Field,#3E6F9C,1,Classical tabular
ridge,Ridge,field_holdout_sanity,trans-golgi_vamp3,0.6253854210178057,Field,#3E6F9C,1,Classical tabular
ridge,Ridge,gene_holdout_main,5xupre,0.6858057668805122,Gene,#3E6F9C,1,Classical tabular
ridge,Ridge,gene_holdout_main,actin_filament_fastact_spy555_live_cell_dye,0.8842205857237181,Gene,#3E6F9C,1,Classical tabular
ridge,Ridge,gene_holdout_main,autophagosome_atg101,0.6586512554436922,Gene,#3E6F9C,1,Classical tabular
ridge,Ridge,gene_holdout_main,autophagosome_map1lc3b,0.8783414868017039,Gene,#3E6F9C,1,Classical tabular
ridge,Ridge,gene_holdout_main,b-catenin,0.41355213798582546,Gene,#3E6F9C,1,Classical tabular
ridge,Ridge,gene_holdout_main,c-myc,0.43023555745681125,Gene,#3E6F9C,1,Classical tabular
ridge,Ridge,gene_holdout_main,caspase_activity_cellevent-caspase_live-cell_dye,0.5396865364784996,Gene,#3E6F9C,1,Classical tabular
ridge,Ridge,gene_holdout_main,cell_proliferation_marker_mki67,0.7189747584362824,Gene,#3E6F9C,1,Classical tabular
ridge,Ridge,gene_holdout_main,chaperones_hspa1b,0.7844771352907023,Gene,#3E6F9C,1,Classical tabular
ridge,Ridge,gene_holdout_main,chromalive_488_excitation,0.7341758141915004,Gene,#3E6F9C,1,Classical tabular
ridge,Ridge,gene_holdout_main,chromatin_h2bc21,0.6051771707832814,Gene,#3E6F9C,1,Classical tabular
ridge,Ridge,gene_holdout_main,clathrin_vesicles_clta,0.856464379032453,Gene,#3E6F9C,1,Classical tabular
ridge,Ridge,gene_holdout_main,early_endosome_eea1,0.8131781647602716,Gene,#3E6F9C,1,Classical tabular
ridge,Ridge,gene_holdout_main,endocytic_vesicle_ph_phrodo-dextran_live_cell_dye,0.7901684450606505,Gene,#3E6F9C,1,Classical tabular
ridge,Ridge,gene_holdout_main,endosome_vps35,0.7940465661386649,Gene,#3E6F9C,1,Classical tabular
ridge,Ridge,gene_holdout_main,er_cona,0.5341026689857244,Gene,#3E6F9C,1,Classical tabular
ridge,Ridge,gene_holdout_main,er_golgi_bridge_vapa,0.7384466844300428,Gene,#3E6F9C,1,Classical tabular
ridge,Ridge,gene_holdout_main,er_golgi_cop-ii_sec23a,0.8393903590738774,Gene,#3E6F9C,1,Classical tabular
ridge,Ridge,gene_holdout_main,er_golgi_cope,0.83352059101065,Gene,#3E6F9C,1,Classical tabular
ridge,Ridge,gene_holdout_main,er_ncln,0.5566784259552756,Gene,#3E6F9C,1,Classical tabular
ridge,Ridge,gene_holdout_main,er_sec61b,0.7502931108077368,Gene,#3E6F9C,1,Classical tabular
ridge,Ridge,gene_holdout_main,f-actin_phalloidin,0.5754721850570705,Gene,#3E6F9C,1,Classical tabular
ridge,Ridge,gene_holdout_main,fe2+_ferhonox_live-cell_dye,0.9509375785787901,Gene,#3E6F9C,1,Classical tabular
ridge,Ridge,gene_holdout_main,late_endosome_rab7a,0.8728535455962023,Gene,#3E6F9C,1,Classical tabular
ridge,Ridge,gene_holdout_main,lipid_droplet_bodipy_live_cell_dye,0.8485101421674093,Gene,#3E6F9C,1,Classical tabular
ridge,Ridge,gene_holdout_main,lipid_droplet_plin2,0.7856267017622789,Gene,#3E6F9C,1,Classical tabular
ridge,Ridge,gene_holdout_main,lysosome_lamp1,0.7215367617706459,Gene,#3E6F9C,1,Classical tabular
ridge,Ridge,gene_holdout_main,lysosome_lysotracker_live-cell_dye,0.8835718043148517,Gene,#3E6F9C,1,Classical tabular
ridge,Ridge,gene_holdout_main,microtubules_map4,0.7184638261795044,Gene,#3E6F9C,1,Classical tabular
ridge,Ridge,gene_holdout_main,microtubules_tubulin,0.5498137945516242,Gene,#3E6F9C,1,Classical tabular
ridge,Ridge,gene_holdout_main,mitochondria_chromalive_561_excitation,0.8011343787113827,Gene,#3E6F9C,1,Classical tabular
ridge,Ridge,gene_holdout_main,mitochondria_tomm20,0.5076459535294109,Gene,#3E6F9C,1,Classical tabular
ridge,Ridge,gene_holdout_main,mitochondria_tomm70a,0.766057478884856,Gene,#3E6F9C,1,Classical tabular
ridge,Ridge,gene_holdout_main,nuclear_speckles_srrm2,0.8336332480112711,Gene,#3E6F9C,1,Classical tabular
ridge,Ridge,gene_holdout_main,nuclei_hoechst,0.6468538968761762,Gene,#3E6F9C,1,Classical tabular
ridge,Ridge,gene_holdout_main,nuclei_nucleolive_live_cell_dye,0.6338231234500806,Gene,#3E6F9C,1,Classical tabular
ridge,Ridge,gene_holdout_main,nucleoli_npm1,0.4073629570090108,Gene,#3E6F9C,1,Classical tabular
ridge,Ridge,gene_holdout_main,nucleolus-dfc_fbl,0.8008669830858708,Gene,#3E6F9C,1,Classical tabular
ridge,Ridge,gene_holdout_main,nucleolus-gc_npm3,0.8162267451484999,Gene,#3E6F9C,1,Classical tabular
ridge,Ridge,gene_holdout_main,oxidative_stress_cellrox_live-cell_dye,0.7510629219313463,Gene,#3E6F9C,1,Classical tabular
ridge,Ridge,gene_holdout_main,p21,0.4023131914933522,Gene,#3E6F9C,1,Classical tabular
ridge,Ridge,gene_holdout_main,p53,0.38383900314569475,Gene,#3E6F9C,1,Classical tabular
ridge,Ridge,gene_holdout_main,peroxisome_peroxi_spy650_live_cell_dye,0.8436049804091453,Gene,#3E6F9C,1,Classical tabular
ridge,Ridge,gene_holdout_main,plasma_membrane_atp1b3,0.6544480005900065,Gene,#3E6F9C,1,Classical tabular
ridge,Ridge,gene_holdout_main,plasma_membrane_slc3a2,0.8508236989378929,Gene,#3E6F9C,1,Classical tabular
ridge,Ridge,gene_holdout_main,plasma_membrane_wga,0.5862523299952348,Gene,#3E6F9C,1,Classical tabular
ridge,Ridge,gene_holdout_main,prb,0.30879832555850345,Gene,#3E6F9C,1,Classical tabular
ridge,Ridge,gene_holdout_main,proteasome_psmb7,0.6295072890818119,Gene,#3E6F9C,1,Classical tabular
ridge,Ridge,gene_holdout_main,ps6,0.4327468930929899,Gene,#3E6F9C,1,Classical tabular
ridge,Ridge,gene_holdout_main,recycling_endosome_tfrc,0.8401453231771787,Gene,#3E6F9C,1,Classical tabular
ridge,Ridge,gene_holdout_main,stress_granule_g3bp1,0.8570500339070956,Gene,#3E6F9C,1,Classical tabular
ridge,Ridge,gene_holdout_main,trans-golgi_vamp3,0.6262019815544286,Gene,#3E6F9C,1,Classical tabular
ridge,Ridge,strict_whole_screen,5xupre,0.681471211463213,Whole-screen,#3E6F9C,1,Classical tabular
ridge,Ridge,strict_whole_screen,actin_filament_fastact_spy555_live_cell_dye,0.8399985256294409,Whole-screen,#3E6F9C,1,Classical tabular
ridge,Ridge,strict_whole_screen,autophagosome_atg101,0.5346468420078356,Whole-screen,#3E6F9C,1,Classical tabular
ridge,Ridge,strict_whole_screen,autophagosome_map1lc3b,0.6089271841984656,Whole-screen,#3E6F9C,1,Classical tabular
ridge,Ridge,strict_whole_screen,caspase_activity_cellevent-caspase_live-cell_dye,0.5041432208381593,Whole-screen,#3E6F9C,1,Classical tabular
ridge,Ridge,strict_whole_screen,cell_proliferation_marker_mki67,0.5848479806445539,Whole-screen,#3E6F9C,1,Classical tabular
ridge,Ridge,strict_whole_screen,chaperones_hspa1b,0.704548302727441,Whole-screen,#3E6F9C,1,Classical tabular
ridge,Ridge,strict_whole_screen,chromalive_488_excitation,0.5789606915786862,Whole-screen,#3E6F9C,1,Classical tabular
ridge,Ridge,strict_whole_screen,chromatin_h2bc21,0.5939410390953223,Whole-screen,#3E6F9C,1,Classical tabular
ridge,Ridge,strict_whole_screen,clathrin_vesicles_clta,0.8392654675990343,Whole-screen,#3E6F9C,1,Classical tabular
ridge,Ridge,strict_whole_screen,endocytic_vesicle_ph_phrodo-dextran_live_cell_dye,0.33122267286914087,Whole-screen,#3E6F9C,1,Classical tabular
ridge,Ridge,strict_whole_screen,endosome_vps35,0.7122111674398184,Whole-screen,#3E6F9C,1,Classical tabular
ridge,Ridge,strict_whole_screen,er_golgi_bridge_vapa,0.7331525553017855,Whole-screen,#3E6F9C,1,Classical tabular
ridge,Ridge,strict_whole_screen,er_golgi_cope,0.3488444321361991,Whole-screen,#3E6F9C,1,Classical tabular
ridge,Ridge,strict_whole_screen,er_sec61b,0.7605239560620652,Whole-screen,#3E6F9C,1,Classical tabular
ridge,Ridge,strict_whole_screen,fe2+_ferhonox_live-cell_dye,0.1012286013331807,Whole-screen,#3E6F9C,1,Classical tabular
ridge,Ridge,strict_whole_screen,late_endosome_rab7a,0.8306453973054886,Whole-screen,#3E6F9C,1,Classical tabular
ridge,Ridge,strict_whole_screen,lipid_droplet_bodipy_live_cell_dye,0.8364006355404854,Whole-screen,#3E6F9C,1,Classical tabular
ridge,Ridge,strict_whole_screen,lipid_droplet_plin2,0.40861114590855624,Whole-screen,#3E6F9C,1,Classical tabular
ridge,Ridge,strict_whole_screen,lysosome_lamp1,0.6736457940811912,Whole-screen,#3E6F9C,1,Classical tabular
ridge,Ridge,strict_whole_screen,lysosome_lysotracker_live-cell_dye,0.8663707971572876,Whole-screen,#3E6F9C,1,Classical tabular
ridge,Ridge,strict_whole_screen,mitochondria_chromalive_561_excitation,0.6611887632558744,Whole-screen,#3E6F9C,1,Classical tabular
ridge,Ridge,strict_whole_screen,mitochondria_tomm70a,0.4648193848261144,Whole-screen,#3E6F9C,1,Classical tabular
ridge,Ridge,strict_whole_screen,nuclear_speckles_srrm2,0.44977567717432976,Whole-screen,#3E6F9C,1,Classical tabular
ridge,Ridge,strict_whole_screen,nuclei_nucleolive_live_cell_dye,0.406440225468638,Whole-screen,#3E6F9C,1,Classical tabular
ridge,Ridge,strict_whole_screen,nucleolus-dfc_fbl,0.3812854253531744,Whole-screen,#3E6F9C,1,Classical tabular
ridge,Ridge,strict_whole_screen,nucleolus-gc_npm3,0.6798567411800225,Whole-screen,#3E6F9C,1,Classical tabular
ridge,Ridge,strict_whole_screen,oxidative_stress_cellrox_live-cell_dye,0.41987709655465244,Whole-screen,#3E6F9C,1,Classical tabular
ridge,Ridge,strict_whole_screen,peroxisome_peroxi_spy650_live_cell_dye,0.6774847817917665,Whole-screen,#3E6F9C,1,Classical tabular
ridge,Ridge,strict_whole_screen,plasma_membrane_atp1b3,0.633638869660596,Whole-screen,#3E6F9C,1,Classical tabular
ridge,Ridge,strict_whole_screen,plasma_membrane_slc3a2,0.8462334536015987,Whole-screen,#3E6F9C,1,Classical tabular
ridge,Ridge,strict_whole_screen,proteasome_psmb7,0.4875253615900874,Whole-screen,#3E6F9C,1,Classical tabular
ridge,Ridge,strict_whole_screen,recycling_endosome_tfrc,0.7725499377896388,Whole-screen,#3E6F9C,1,Classical tabular
ridge,Ridge,strict_whole_screen,trans-golgi_vamp3,0.4989421139471233,Whole-screen,#3E6F9C,1,Classical tabular
scbutterfly_ops_b,scButterfly,field_holdout_sanity,5xupre,0.6160261434316635,Field,#CC79A7,6,Neural specialists
scbutterfly_ops_b,scButterfly,field_holdout_sanity,actin_filament_fastact_spy555_live_cell_dye,0.8705764196813106,Field,#CC79A7,6,Neural specialists
scbutterfly_ops_b,scButterfly,field_holdout_sanity,autophagosome_atg101,0.40002264827489853,Field,#CC79A7,6,Neural specialists
scbutterfly_ops_b,scButterfly,field_holdout_sanity,autophagosome_map1lc3b,0.8353850866357485,Field,#CC79A7,6,Neural specialists
scbutterfly_ops_b,scButterfly,field_holdout_sanity,b-catenin,0.3124931069401403,Field,#CC79A7,6,Neural specialists
scbutterfly_ops_b,scButterfly,field_holdout_sanity,c-myc,0.34266231990108886,Field,#CC79A7,6,Neural specialists
scbutterfly_ops_b,scButterfly,field_holdout_sanity,caspase_activity_cellevent-caspase_live-cell_dye,0.48761093301000075,Field,#CC79A7,6,Neural specialists
scbutterfly_ops_b,scButterfly,field_holdout_sanity,cell_proliferation_marker_mki67,0.6985133784512678,Field,#CC79A7,6,Neural specialists
scbutterfly_ops_b,scButterfly,field_holdout_sanity,chaperones_hspa1b,0.7825466605524223,Field,#CC79A7,6,Neural specialists
scbutterfly_ops_b,scButterfly,field_holdout_sanity,chromalive_488_excitation,0.7432107960184415,Field,#CC79A7,6,Neural specialists
scbutterfly_ops_b,scButterfly,field_holdout_sanity,chromatin_h2bc21,0.5870598874986172,Field,#CC79A7,6,Neural specialists
scbutterfly_ops_b,scButterfly,field_holdout_sanity,clathrin_vesicles_clta,0.7391783128182093,Field,#CC79A7,6,Neural specialists
scbutterfly_ops_b,scButterfly,field_holdout_sanity,early_endosome_eea1,0.6017487073938053,Field,#CC79A7,6,Neural specialists
scbutterfly_ops_b,scButterfly,field_holdout_sanity,endocytic_vesicle_ph_phrodo-dextran_live_cell_dye,0.7840867141882579,Field,#CC79A7,6,Neural specialists
scbutterfly_ops_b,scButterfly,field_holdout_sanity,endosome_vps35,0.673032924781243,Field,#CC79A7,6,Neural specialists
scbutterfly_ops_b,scButterfly,field_holdout_sanity,er_cona,0.5031823341217306,Field,#CC79A7,6,Neural specialists
scbutterfly_ops_b,scButterfly,field_holdout_sanity,er_golgi_bridge_vapa,0.5449510047522683,Field,#CC79A7,6,Neural specialists
scbutterfly_ops_b,scButterfly,field_holdout_sanity,er_golgi_cop-ii_sec23a,0.7140493807693322,Field,#CC79A7,6,Neural specialists
scbutterfly_ops_b,scButterfly,field_holdout_sanity,er_golgi_cope,0.8310688942670822,Field,#CC79A7,6,Neural specialists
scbutterfly_ops_b,scButterfly,field_holdout_sanity,er_ncln,0.40868117902427914,Field,#CC79A7,6,Neural specialists
scbutterfly_ops_b,scButterfly,field_holdout_sanity,er_sec61b,0.7145061520238717,Field,#CC79A7,6,Neural specialists
scbutterfly_ops_b,scButterfly,field_holdout_sanity,f-actin_phalloidin,0.5435214712801907,Field,#CC79A7,6,Neural specialists
scbutterfly_ops_b,scButterfly,field_holdout_sanity,fe2+_ferhonox_live-cell_dye,0.7865701386006549,Field,#CC79A7,6,Neural specialists
scbutterfly_ops_b,scButterfly,field_holdout_sanity,late_endosome_rab7a,0.827536973853906,Field,#CC79A7,6,Neural specialists
scbutterfly_ops_b,scButterfly,field_holdout_sanity,lipid_droplet_bodipy_live_cell_dye,0.7505432767172654,Field,#CC79A7,6,Neural specialists
scbutterfly_ops_b,scButterfly,field_holdout_sanity,lipid_droplet_plin2,0.8075225566824276,Field,#CC79A7,6,Neural specialists
scbutterfly_ops_b,scButterfly,field_holdout_sanity,lysosome_lamp1,0.4986320300648609,Field,#CC79A7,6,Neural specialists
scbutterfly_ops_b,scButterfly,field_holdout_sanity,lysosome_lysotracker_live-cell_dye,0.8470844664921364,Field,#CC79A7,6,Neural specialists
scbutterfly_ops_b,scButterfly,field_holdout_sanity,microtubules_map4,0.6695019061366716,Field,#CC79A7,6,Neural specialists
scbutterfly_ops_b,scButterfly,field_holdout_sanity,microtubules_tubulin,0.5221793194611868,Field,#CC79A7,6,Neural specialists
scbutterfly_ops_b,scButterfly,field_holdout_sanity,mitochondria_chromalive_561_excitation,0.7752587551871936,Field,#CC79A7,6,Neural specialists
scbutterfly_ops_b,scButterfly,field_holdout_sanity,mitochondria_tomm20,0.46884998746423256,Field,#CC79A7,6,Neural specialists
scbutterfly_ops_b,scButterfly,field_holdout_sanity,mitochondria_tomm70a,0.7490402186910311,Field,#CC79A7,6,Neural specialists
scbutterfly_ops_b,scButterfly,field_holdout_sanity,nuclear_speckles_srrm2,0.8267545466621717,Field,#CC79A7,6,Neural specialists
scbutterfly_ops_b,scButterfly,field_holdout_sanity,nuclei_hoechst,0.6175547539194425,Field,#CC79A7,6,Neural specialists
scbutterfly_ops_b,scButterfly,field_holdout_sanity,nuclei_nucleolive_live_cell_dye,0.6542825584610303,Field,#CC79A7,6,Neural specialists
scbutterfly_ops_b,scButterfly,field_holdout_sanity,nucleoli_npm1,0.3830800599729021,Field,#CC79A7,6,Neural specialists
scbutterfly_ops_b,scButterfly,field_holdout_sanity,nucleolus-dfc_fbl,0.7959483186403911,Field,#CC79A7,6,Neural specialists
scbutterfly_ops_b,scButterfly,field_holdout_sanity,nucleolus-gc_npm3,0.6812396029631297,Field,#CC79A7,6,Neural specialists
scbutterfly_ops_b,scButterfly,field_holdout_sanity,oxidative_stress_cellrox_live-cell_dye,0.7643311351537705,Field,#CC79A7,6,Neural specialists
scbutterfly_ops_b,scButterfly,field_holdout_sanity,p21,0.3829836737612883,Field,#CC79A7,6,Neural specialists
scbutterfly_ops_b,scButterfly,field_holdout_sanity,p53,0.28852394975721835,Field,#CC79A7,6,Neural specialists
scbutterfly_ops_b,scButterfly,field_holdout_sanity,peroxisome_peroxi_spy650_live_cell_dye,0.8217221662402153,Field,#CC79A7,6,Neural specialists
scbutterfly_ops_b,scButterfly,field_holdout_sanity,plasma_membrane_atp1b3,0.4510488210866848,Field,#CC79A7,6,Neural specialists
scbutterfly_ops_b,scButterfly,field_holdout_sanity,plasma_membrane_slc3a2,0.837375463048617,Field,#CC79A7,6,Neural specialists
scbutterfly_ops_b,scButterfly,field_holdout_sanity,plasma_membrane_wga,0.5515077464282513,Field,#CC79A7,6,Neural specialists
scbutterfly_ops_b,scButterfly,field_holdout_sanity,prb,0.3744913537800312,Field,#CC79A7,6,Neural specialists
scbutterfly_ops_b,scButterfly,field_holdout_sanity,proteasome_psmb7,0.6050441086292266,Field,#CC79A7,6,Neural specialists
scbutterfly_ops_b,scButterfly,field_holdout_sanity,ps6,0.31913559591358837,Field,#CC79A7,6,Neural specialists
scbutterfly_ops_b,scButterfly,field_holdout_sanity,recycling_endosome_tfrc,0.6256361270944277,Field,#CC79A7,6,Neural specialists
scbutterfly_ops_b,scButterfly,field_holdout_sanity,stress_granule_g3bp1,0.8515517018735409,Field,#CC79A7,6,Neural specialists
scbutterfly_ops_b,scButterfly,field_holdout_sanity,trans-golgi_vamp3,0.4442893773317336,Field,#CC79A7,6,Neural specialists
scbutterfly_ops_b,scButterfly,gene_holdout_main,5xupre,0.6077727511525154,Gene,#CC79A7,6,Neural specialists
scbutterfly_ops_b,scButterfly,gene_holdout_main,actin_filament_fastact_spy555_live_cell_dye,0.870432206739982,Gene,#CC79A7,6,Neural specialists
scbutterfly_ops_b,scButterfly,gene_holdout_main,autophagosome_atg101,0.38021705917393167,Gene,#CC79A7,6,Neural specialists
scbutterfly_ops_b,scButterfly,gene_holdout_main,autophagosome_map1lc3b,0.8165052304665247,Gene,#CC79A7,6,Neural specialists
scbutterfly_ops_b,scButterfly,gene_holdout_main,b-catenin,0.3036381230317056,Gene,#CC79A7,6,Neural specialists
scbutterfly_ops_b,scButterfly,gene_holdout_main,c-myc,0.33179374765604736,Gene,#CC79A7,6,Neural specialists
scbutterfly_ops_b,scButterfly,gene_holdout_main,caspase_activity_cellevent-caspase_live-cell_dye,0.46008014017958576,Gene,#CC79A7,6,Neural specialists
scbutterfly_ops_b,scButterfly,gene_holdout_main,cell_proliferation_marker_mki67,0.6586622554187973,Gene,#CC79A7,6,Neural specialists
scbutterfly_ops_b,scButterfly,gene_holdout_main,chaperones_hspa1b,0.7808720633387566,Gene,#CC79A7,6,Neural specialists
scbutterfly_ops_b,scButterfly,gene_holdout_main,chromalive_488_excitation,0.740439771860838,Gene,#CC79A7,6,Neural specialists
scbutterfly_ops_b,scButterfly,gene_holdout_main,chromatin_h2bc21,0.5927266461153825,Gene,#CC79A7,6,Neural specialists
scbutterfly_ops_b,scButterfly,gene_holdout_main,clathrin_vesicles_clta,0.7572109126796326,Gene,#CC79A7,6,Neural specialists
scbutterfly_ops_b,scButterfly,gene_holdout_main,early_endosome_eea1,0.5966020817557971,Gene,#CC79A7,6,Neural specialists
scbutterfly_ops_b,scButterfly,gene_holdout_main,endocytic_vesicle_ph_phrodo-dextran_live_cell_dye,0.7829907804727554,Gene,#CC79A7,6,Neural specialists
scbutterfly_ops_b,scButterfly,gene_holdout_main,endosome_vps35,0.6387401215732098,Gene,#CC79A7,6,Neural specialists
scbutterfly_ops_b,scButterfly,gene_holdout_main,er_cona,0.5086383886221382,Gene,#CC79A7,6,Neural specialists
scbutterfly_ops_b,scButterfly,gene_holdout_main,er_golgi_bridge_vapa,0.5490059867501259,Gene,#CC79A7,6,Neural specialists
scbutterfly_ops_b,scButterfly,gene_holdout_main,er_golgi_cop-ii_sec23a,0.7094157971441746,Gene,#CC79A7,6,Neural specialists
scbutterfly_ops_b,scButterfly,gene_holdout_main,er_golgi_cope,0.8301449748377004,Gene,#CC79A7,6,Neural specialists
scbutterfly_ops_b,scButterfly,gene_holdout_main,er_ncln,0.41400864968697226,Gene,#CC79A7,6,Neural specialists
scbutterfly_ops_b,scButterfly,gene_holdout_main,er_sec61b,0.7103875388701757,Gene,#CC79A7,6,Neural specialists
scbutterfly_ops_b,scButterfly,gene_holdout_main,f-actin_phalloidin,0.5443374303066069,Gene,#CC79A7,6,Neural specialists
scbutterfly_ops_b,scButterfly,gene_holdout_main,fe2+_ferhonox_live-cell_dye,0.7725059671511796,Gene,#CC79A7,6,Neural specialists
scbutterfly_ops_b,scButterfly,gene_holdout_main,late_endosome_rab7a,0.81555977165699,Gene,#CC79A7,6,Neural specialists
scbutterfly_ops_b,scButterfly,gene_holdout_main,lipid_droplet_bodipy_live_cell_dye,0.7545512534677983,Gene,#CC79A7,6,Neural specialists
scbutterfly_ops_b,scButterfly,gene_holdout_main,lipid_droplet_plin2,0.8050090613464513,Gene,#CC79A7,6,Neural specialists
scbutterfly_ops_b,scButterfly,gene_holdout_main,lysosome_lamp1,0.511708780253927,Gene,#CC79A7,6,Neural specialists
scbutterfly_ops_b,scButterfly,gene_holdout_main,lysosome_lysotracker_live-cell_dye,0.7966700268909335,Gene,#CC79A7,6,Neural specialists
scbutterfly_ops_b,scButterfly,gene_holdout_main,microtubules_map4,0.6684860574702423,Gene,#CC79A7,6,Neural specialists
scbutterfly_ops_b,scButterfly,gene_holdout_main,microtubules_tubulin,0.513365413248539,Gene,#CC79A7,6,Neural specialists
scbutterfly_ops_b,scButterfly,gene_holdout_main,mitochondria_chromalive_561_excitation,0.74010056356589,Gene,#CC79A7,6,Neural specialists
scbutterfly_ops_b,scButterfly,gene_holdout_main,mitochondria_tomm20,0.4655520123119155,Gene,#CC79A7,6,Neural specialists
scbutterfly_ops_b,scButterfly,gene_holdout_main,mitochondria_tomm70a,0.7470938282708326,Gene,#CC79A7,6,Neural specialists
scbutterfly_ops_b,scButterfly,gene_holdout_main,nuclear_speckles_srrm2,0.8208529343207678,Gene,#CC79A7,6,Neural specialists
scbutterfly_ops_b,scButterfly,gene_holdout_main,nuclei_hoechst,0.6181223212679228,Gene,#CC79A7,6,Neural specialists
scbutterfly_ops_b,scButterfly,gene_holdout_main,nuclei_nucleolive_live_cell_dye,0.6523252202818791,Gene,#CC79A7,6,Neural specialists
scbutterfly_ops_b,scButterfly,gene_holdout_main,nucleoli_npm1,0.37415553300331034,Gene,#CC79A7,6,Neural specialists
scbutterfly_ops_b,scButterfly,gene_holdout_main,nucleolus-dfc_fbl,0.7941271449128786,Gene,#CC79A7,6,Neural specialists
scbutterfly_ops_b,scButterfly,gene_holdout_main,nucleolus-gc_npm3,0.5737851338771482,Gene,#CC79A7,6,Neural specialists
scbutterfly_ops_b,scButterfly,gene_holdout_main,oxidative_stress_cellrox_live-cell_dye,0.759031917154789,Gene,#CC79A7,6,Neural specialists
scbutterfly_ops_b,scButterfly,gene_holdout_main,p21,0.377486282090346,Gene,#CC79A7,6,Neural specialists
scbutterfly_ops_b,scButterfly,gene_holdout_main,p53,0.2896277803679307,Gene,#CC79A7,6,Neural specialists
scbutterfly_ops_b,scButterfly,gene_holdout_main,peroxisome_peroxi_spy650_live_cell_dye,0.8019092039515574,Gene,#CC79A7,6,Neural specialists
scbutterfly_ops_b,scButterfly,gene_holdout_main,plasma_membrane_atp1b3,0.445407001239558,Gene,#CC79A7,6,Neural specialists
scbutterfly_ops_b,scButterfly,gene_holdout_main,plasma_membrane_slc3a2,0.8361122618118921,Gene,#CC79A7,6,Neural specialists
scbutterfly_ops_b,scButterfly,gene_holdout_main,plasma_membrane_wga,0.5503859612262911,Gene,#CC79A7,6,Neural specialists
scbutterfly_ops_b,scButterfly,gene_holdout_main,prb,0.33689407904321944,Gene,#CC79A7,6,Neural specialists
scbutterfly_ops_b,scButterfly,gene_holdout_main,proteasome_psmb7,0.5666849989444017,Gene,#CC79A7,6,Neural specialists
scbutterfly_ops_b,scButterfly,gene_holdout_main,ps6,0.31716080578199274,Gene,#CC79A7,6,Neural specialists
scbutterfly_ops_b,scButterfly,gene_holdout_main,recycling_endosome_tfrc,0.6275981908043226,Gene,#CC79A7,6,Neural specialists
scbutterfly_ops_b,scButterfly,gene_holdout_main,stress_granule_g3bp1,0.8503115197022757,Gene,#CC79A7,6,Neural specialists
scbutterfly_ops_b,scButterfly,gene_holdout_main,trans-golgi_vamp3,0.43396576953430965,Gene,#CC79A7,6,Neural specialists
scbutterfly_ops_b,scButterfly,strict_whole_screen,5xupre,0.673032476256291,Whole-screen,#CC79A7,6,Neural specialists
scbutterfly_ops_b,scButterfly,strict_whole_screen,actin_filament_fastact_spy555_live_cell_dye,0.6507670956489771,Whole-screen,#CC79A7,6,Neural specialists
scbutterfly_ops_b,scButterfly,strict_whole_screen,autophagosome_atg101,0.5498767886310816,Whole-screen,#CC79A7,6,Neural specialists
scbutterfly_ops_b,scButterfly,strict_whole_screen,autophagosome_map1lc3b,0.4120243446306328,Whole-screen,#CC79A7,6,Neural specialists
scbutterfly_ops_b,scButterfly,strict_whole_screen,caspase_activity_cellevent-caspase_live-cell_dye,0.2454992668632864,Whole-screen,#CC79A7,6,Neural specialists
scbutterfly_ops_b,scButterfly,strict_whole_screen,cell_proliferation_marker_mki67,0.5609431923367083,Whole-screen,#CC79A7,6,Neural specialists
scbutterfly_ops_b,scButterfly,strict_whole_screen,chaperones_hspa1b,0.37369023271761154,Whole-screen,#CC79A7,6,Neural specialists
scbutterfly_ops_b,scButterfly,strict_whole_screen,chromalive_488_excitation,0.4688119776546955,Whole-screen,#CC79A7,6,Neural specialists
scbutterfly_ops_b,scButterfly,strict_whole_screen,chromatin_h2bc21,0.5492661688476801,Whole-screen,#CC79A7,6,Neural specialists
scbutterfly_ops_b,scButterfly,strict_whole_screen,clathrin_vesicles_clta,0.6482930846201876,Whole-screen,#CC79A7,6,Neural specialists
scbutterfly_ops_b,scButterfly,strict_whole_screen,endocytic_vesicle_ph_phrodo-dextran_live_cell_dye,0.36666169910070795,Whole-screen,#CC79A7,6,Neural specialists
scbutterfly_ops_b,scButterfly,strict_whole_screen,endosome_vps35,0.6337166999777157,Whole-screen,#CC79A7,6,Neural specialists
scbutterfly_ops_b,scButterfly,strict_whole_screen,er_golgi_bridge_vapa,0.6708594917630156,Whole-screen,#CC79A7,6,Neural specialists
scbutterfly_ops_b,scButterfly,strict_whole_screen,er_golgi_cope,0.49691021760615206,Whole-screen,#CC79A7,6,Neural specialists
scbutterfly_ops_b,scButterfly,strict_whole_screen,er_sec61b,0.7546139125608735,Whole-screen,#CC79A7,6,Neural specialists
scbutterfly_ops_b,scButterfly,strict_whole_screen,fe2+_ferhonox_live-cell_dye,0.21631921469846316,Whole-screen,#CC79A7,6,Neural specialists
scbutterfly_ops_b,scButterfly,strict_whole_screen,late_endosome_rab7a,0.4295953809402514,Whole-screen,#CC79A7,6,Neural specialists
scbutterfly_ops_b,scButterfly,strict_whole_screen,lipid_droplet_bodipy_live_cell_dye,0.7669807529697815,Whole-screen,#CC79A7,6,Neural specialists
scbutterfly_ops_b,scButterfly,strict_whole_screen,lipid_droplet_plin2,0.43720607253878063,Whole-screen,#CC79A7,6,Neural specialists
scbutterfly_ops_b,scButterfly,strict_whole_screen,lysosome_lamp1,0.6968842245017488,Whole-screen,#CC79A7,6,Neural specialists
scbutterfly_ops_b,scButterfly,strict_whole_screen,lysosome_lysotracker_live-cell_dye,0.6667556605146577,Whole-screen,#CC79A7,6,Neural specialists
scbutterfly_ops_b,scButterfly,strict_whole_screen,mitochondria_chromalive_561_excitation,0.3813549052574672,Whole-screen,#CC79A7,6,Neural specialists
scbutterfly_ops_b,scButterfly,strict_whole_screen,mitochondria_tomm70a,0.5481590327108279,Whole-screen,#CC79A7,6,Neural specialists
scbutterfly_ops_b,scButterfly,strict_whole_screen,nuclear_speckles_srrm2,0.5206380346789956,Whole-screen,#CC79A7,6,Neural specialists
scbutterfly_ops_b,scButterfly,strict_whole_screen,nuclei_nucleolive_live_cell_dye,0.28755759820827126,Whole-screen,#CC79A7,6,Neural specialists
scbutterfly_ops_b,scButterfly,strict_whole_screen,nucleolus-dfc_fbl,0.4172323332168162,Whole-screen,#CC79A7,6,Neural specialists
scbutterfly_ops_b,scButterfly,strict_whole_screen,nucleolus-gc_npm3,0.07820249929845124,Whole-screen,#CC79A7,6,Neural specialists
scbutterfly_ops_b,scButterfly,strict_whole_screen,oxidative_stress_cellrox_live-cell_dye,0.3677708322599452,Whole-screen,#CC79A7,6,Neural specialists
scbutterfly_ops_b,scButterfly,strict_whole_screen,peroxisome_peroxi_spy650_live_cell_dye,0.5976253919458638,Whole-screen,#CC79A7,6,Neural specialists
scbutterfly_ops_b,scButterfly,strict_whole_screen,plasma_membrane_atp1b3,0.44868586041654146,Whole-screen,#CC79A7,6,Neural specialists
scbutterfly_ops_b,scButterfly,strict_whole_screen,plasma_membrane_slc3a2,0.8248937632888556,Whole-screen,#CC79A7,6,Neural specialists
scbutterfly_ops_b,scButterfly,strict_whole_screen,proteasome_psmb7,0.4565195835117871,Whole-screen,#CC79A7,6,Neural specialists
scbutterfly_ops_b,scButterfly,strict_whole_screen,recycling_endosome_tfrc,0.7464474157119791,Whole-screen,#CC79A7,6,Neural specialists
scbutterfly_ops_b,scButterfly,strict_whole_screen,trans-golgi_vamp3,0.26173384998886223,Whole-screen,#CC79A7,6,Neural specialists
scpair_ops,scPair,field_holdout_sanity,5xupre,0.6851209336519242,Field,#DDA06A,10,Biological completion
scpair_ops,scPair,field_holdout_sanity,actin_filament_fastact_spy555_live_cell_dye,0.8901276051998138,Field,#DDA06A,10,Biological completion
scpair_ops,scPair,field_holdout_sanity,autophagosome_atg101,0.6177627287805081,Field,#DDA06A,10,Biological completion
scpair_ops,scPair,field_holdout_sanity,autophagosome_map1lc3b,0.8816959174970785,Field,#DDA06A,10,Biological completion
scpair_ops,scPair,field_holdout_sanity,b-catenin,0.48213827461004255,Field,#DDA06A,10,Biological completion
scpair_ops,scPair,field_holdout_sanity,c-myc,0.4299321872989337,Field,#DDA06A,10,Biological completion
scpair_ops,scPair,field_holdout_sanity,caspase_activity_cellevent-caspase_live-cell_dye,0.49817302892139803,Field,#DDA06A,10,Biological completion
scpair_ops,scPair,field_holdout_sanity,cell_proliferation_marker_mki67,0.7162685630222162,Field,#DDA06A,10,Biological completion
scpair_ops,scPair,field_holdout_sanity,chaperones_hspa1b,0.7860313355922699,Field,#DDA06A,10,Biological completion
scpair_ops,scPair,field_holdout_sanity,chromalive_488_excitation,0.755849798520406,Field,#DDA06A,10,Biological completion
scpair_ops,scPair,field_holdout_sanity,chromatin_h2bc21,0.633763358493646,Field,#DDA06A,10,Biological completion
scpair_ops,scPair,field_holdout_sanity,clathrin_vesicles_clta,0.8552183315157891,Field,#DDA06A,10,Biological completion
scpair_ops,scPair,field_holdout_sanity,early_endosome_eea1,0.8065893530845643,Field,#DDA06A,10,Biological completion
scpair_ops,scPair,field_holdout_sanity,endocytic_vesicle_ph_phrodo-dextran_live_cell_dye,0.795672320574522,Field,#DDA06A,10,Biological completion
scpair_ops,scPair,field_holdout_sanity,endosome_vps35,0.8076016068458557,Field,#DDA06A,10,Biological completion
scpair_ops,scPair,field_holdout_sanity,er_cona,0.5469600118696689,Field,#DDA06A,10,Biological completion
scpair_ops,scPair,field_holdout_sanity,er_golgi_bridge_vapa,0.6981999617069959,Field,#DDA06A,10,Biological completion
scpair_ops,scPair,field_holdout_sanity,er_golgi_cop-ii_sec23a,0.82887576247255,Field,#DDA06A,10,Biological completion
scpair_ops,scPair,field_holdout_sanity,er_golgi_cope,0.8346481613814831,Field,#DDA06A,10,Biological completion
scpair_ops,scPair,field_holdout_sanity,er_ncln,0.5238962763299544,Field,#DDA06A,10,Biological completion
scpair_ops,scPair,field_holdout_sanity,er_sec61b,0.7542586425940195,Field,#DDA06A,10,Biological completion
scpair_ops,scPair,field_holdout_sanity,f-actin_phalloidin,0.5882052248964706,Field,#DDA06A,10,Biological completion
scpair_ops,scPair,field_holdout_sanity,fe2+_ferhonox_live-cell_dye,0.9507340252399444,Field,#DDA06A,10,Biological completion
scpair_ops,scPair,field_holdout_sanity,late_endosome_rab7a,0.8764854023853937,Field,#DDA06A,10,Biological completion
scpair_ops,scPair,field_holdout_sanity,lipid_droplet_bodipy_live_cell_dye,0.8555138853689035,Field,#DDA06A,10,Biological completion
scpair_ops,scPair,field_holdout_sanity,lipid_droplet_plin2,0.8075763953228792,Field,#DDA06A,10,Biological completion
scpair_ops,scPair,field_holdout_sanity,lysosome_lamp1,0.6992492114504179,Field,#DDA06A,10,Biological completion
scpair_ops,scPair,field_holdout_sanity,lysosome_lysotracker_live-cell_dye,0.8794942907989025,Field,#DDA06A,10,Biological completion
scpair_ops,scPair,field_holdout_sanity,microtubules_map4,0.71465971271197,Field,#DDA06A,10,Biological completion
scpair_ops,scPair,field_holdout_sanity,microtubules_tubulin,0.5682520255860355,Field,#DDA06A,10,Biological completion
scpair_ops,scPair,field_holdout_sanity,mitochondria_chromalive_561_excitation,0.8047694899141788,Field,#DDA06A,10,Biological completion
scpair_ops,scPair,field_holdout_sanity,mitochondria_tomm20,0.5205592870298359,Field,#DDA06A,10,Biological completion
scpair_ops,scPair,field_holdout_sanity,mitochondria_tomm70a,0.7667047530412674,Field,#DDA06A,10,Biological completion
scpair_ops,scPair,field_holdout_sanity,nuclear_speckles_srrm2,0.8576515371600786,Field,#DDA06A,10,Biological completion
scpair_ops,scPair,field_holdout_sanity,nuclei_hoechst,0.6786831667025883,Field,#DDA06A,10,Biological completion
scpair_ops,scPair,field_holdout_sanity,nuclei_nucleolive_live_cell_dye,0.7283002251138291,Field,#DDA06A,10,Biological completion
scpair_ops,scPair,field_holdout_sanity,nucleoli_npm1,0.4292902625683281,Field,#DDA06A,10,Biological completion
scpair_ops,scPair,field_holdout_sanity,nucleolus-dfc_fbl,0.82193869749705,Field,#DDA06A,10,Biological completion
scpair_ops,scPair,field_holdout_sanity,nucleolus-gc_npm3,0.8054574273526669,Field,#DDA06A,10,Biological completion
scpair_ops,scPair,field_holdout_sanity,oxidative_stress_cellrox_live-cell_dye,0.7664265135924022,Field,#DDA06A,10,Biological completion
scpair_ops,scPair,field_holdout_sanity,p21,0.4145188585917155,Field,#DDA06A,10,Biological completion
scpair_ops,scPair,field_holdout_sanity,p53,0.36658990929524105,Field,#DDA06A,10,Biological completion
scpair_ops,scPair,field_holdout_sanity,peroxisome_peroxi_spy650_live_cell_dye,0.849751159052054,Field,#DDA06A,10,Biological completion
scpair_ops,scPair,field_holdout_sanity,plasma_membrane_atp1b3,0.6272546038031578,Field,#DDA06A,10,Biological completion
scpair_ops,scPair,field_holdout_sanity,plasma_membrane_slc3a2,0.8495135113596917,Field,#DDA06A,10,Biological completion
scpair_ops,scPair,field_holdout_sanity,plasma_membrane_wga,0.5973590232017967,Field,#DDA06A,10,Biological completion
scpair_ops,scPair,field_holdout_sanity,prb,0.3737370228767395,Field,#DDA06A,10,Biological completion
scpair_ops,scPair,field_holdout_sanity,proteasome_psmb7,0.644216351211071,Field,#DDA06A,10,Biological completion
scpair_ops,scPair,field_holdout_sanity,ps6,0.5145491931339106,Field,#DDA06A,10,Biological completion
scpair_ops,scPair,field_holdout_sanity,recycling_endosome_tfrc,0.833133047570785,Field,#DDA06A,10,Biological completion
scpair_ops,scPair,field_holdout_sanity,stress_granule_g3bp1,0.8681010213991007,Field,#DDA06A,10,Biological completion
scpair_ops,scPair,field_holdout_sanity,trans-golgi_vamp3,0.6108401373028756,Field,#DDA06A,10,Biological completion
scpair_ops,scPair,gene_holdout_main,5xupre,0.6844575428962708,Gene,#DDA06A,10,Biological completion
scpair_ops,scPair,gene_holdout_main,actin_filament_fastact_spy555_live_cell_dye,0.8902229823172092,Gene,#DDA06A,10,Biological completion
scpair_ops,scPair,gene_holdout_main,autophagosome_atg101,0.619441473359863,Gene,#DDA06A,10,Biological completion
scpair_ops,scPair,gene_holdout_main,autophagosome_map1lc3b,0.8816296269496282,Gene,#DDA06A,10,Biological completion
scpair_ops,scPair,gene_holdout_main,b-catenin,0.4817104739447434,Gene,#DDA06A,10,Biological completion
scpair_ops,scPair,gene_holdout_main,c-myc,0.43716378927230826,Gene,#DDA06A,10,Biological completion
scpair_ops,scPair,gene_holdout_main,caspase_activity_cellevent-caspase_live-cell_dye,0.4951443572218219,Gene,#DDA06A,10,Biological completion
scpair_ops,scPair,gene_holdout_main,cell_proliferation_marker_mki67,0.719248894105355,Gene,#DDA06A,10,Biological completion
scpair_ops,scPair,gene_holdout_main,chaperones_hspa1b,0.7871872452398142,Gene,#DDA06A,10,Biological completion
scpair_ops,scPair,gene_holdout_main,chromalive_488_excitation,0.7572891799112161,Gene,#DDA06A,10,Biological completion
scpair_ops,scPair,gene_holdout_main,chromatin_h2bc21,0.6343872979283333,Gene,#DDA06A,10,Biological completion
scpair_ops,scPair,gene_holdout_main,clathrin_vesicles_clta,0.8555792428553104,Gene,#DDA06A,10,Biological completion
scpair_ops,scPair,gene_holdout_main,early_endosome_eea1,0.8067778363823891,Gene,#DDA06A,10,Biological completion
scpair_ops,scPair,gene_holdout_main,endocytic_vesicle_ph_phrodo-dextran_live_cell_dye,0.7964617105821769,Gene,#DDA06A,10,Biological completion
scpair_ops,scPair,gene_holdout_main,endosome_vps35,0.8081882206102213,Gene,#DDA06A,10,Biological completion
scpair_ops,scPair,gene_holdout_main,er_cona,0.5479666923483213,Gene,#DDA06A,10,Biological completion
scpair_ops,scPair,gene_holdout_main,er_golgi_bridge_vapa,0.7010791964828968,Gene,#DDA06A,10,Biological completion
scpair_ops,scPair,gene_holdout_main,er_golgi_cop-ii_sec23a,0.8292243575056395,Gene,#DDA06A,10,Biological completion
scpair_ops,scPair,gene_holdout_main,er_golgi_cope,0.8346609808504581,Gene,#DDA06A,10,Biological completion
scpair_ops,scPair,gene_holdout_main,er_ncln,0.5232073917984963,Gene,#DDA06A,10,Biological completion
scpair_ops,scPair,gene_holdout_main,er_sec61b,0.7465745088954766,Gene,#DDA06A,10,Biological completion
scpair_ops,scPair,gene_holdout_main,f-actin_phalloidin,0.5891329396516085,Gene,#DDA06A,10,Biological completion
scpair_ops,scPair,gene_holdout_main,fe2+_ferhonox_live-cell_dye,0.9507860821982226,Gene,#DDA06A,10,Biological completion
scpair_ops,scPair,gene_holdout_main,late_endosome_rab7a,0.876662111033996,Gene,#DDA06A,10,Biological completion
scpair_ops,scPair,gene_holdout_main,lipid_droplet_bodipy_live_cell_dye,0.8554463110864162,Gene,#DDA06A,10,Biological completion
scpair_ops,scPair,gene_holdout_main,lipid_droplet_plin2,0.8073893857498964,Gene,#DDA06A,10,Biological completion
scpair_ops,scPair,gene_holdout_main,lysosome_lamp1,0.6999179375668366,Gene,#DDA06A,10,Biological completion
scpair_ops,scPair,gene_holdout_main,lysosome_lysotracker_live-cell_dye,0.8808925976355871,Gene,#DDA06A,10,Biological completion
scpair_ops,scPair,gene_holdout_main,microtubules_map4,0.7125858907898268,Gene,#DDA06A,10,Biological completion
scpair_ops,scPair,gene_holdout_main,microtubules_tubulin,0.5693912311560577,Gene,#DDA06A,10,Biological completion
scpair_ops,scPair,gene_holdout_main,mitochondria_chromalive_561_excitation,0.8053284553190073,Gene,#DDA06A,10,Biological completion
scpair_ops,scPair,gene_holdout_main,mitochondria_tomm20,0.5205506192313301,Gene,#DDA06A,10,Biological completion
scpair_ops,scPair,gene_holdout_main,mitochondria_tomm70a,0.7674728696544965,Gene,#DDA06A,10,Biological completion
scpair_ops,scPair,gene_holdout_main,nuclear_speckles_srrm2,0.8577871903777122,Gene,#DDA06A,10,Biological completion
scpair_ops,scPair,gene_holdout_main,nuclei_hoechst,0.6798846523960431,Gene,#DDA06A,10,Biological completion
scpair_ops,scPair,gene_holdout_main,nuclei_nucleolive_live_cell_dye,0.7286097259571155,Gene,#DDA06A,10,Biological completion
scpair_ops,scPair,gene_holdout_main,nucleoli_npm1,0.43045717163218394,Gene,#DDA06A,10,Biological completion
scpair_ops,scPair,gene_holdout_main,nucleolus-dfc_fbl,0.8218046347300211,Gene,#DDA06A,10,Biological completion
scpair_ops,scPair,gene_holdout_main,nucleolus-gc_npm3,0.8068177317579588,Gene,#DDA06A,10,Biological completion
scpair_ops,scPair,gene_holdout_main,oxidative_stress_cellrox_live-cell_dye,0.7681359728177389,Gene,#DDA06A,10,Biological completion
scpair_ops,scPair,gene_holdout_main,p21,0.41339033404986064,Gene,#DDA06A,10,Biological completion
scpair_ops,scPair,gene_holdout_main,p53,0.4083274670938651,Gene,#DDA06A,10,Biological completion
scpair_ops,scPair,gene_holdout_main,peroxisome_peroxi_spy650_live_cell_dye,0.8524440762897333,Gene,#DDA06A,10,Biological completion
scpair_ops,scPair,gene_holdout_main,plasma_membrane_atp1b3,0.6268625857929389,Gene,#DDA06A,10,Biological completion
scpair_ops,scPair,gene_holdout_main,plasma_membrane_slc3a2,0.8495594561100006,Gene,#DDA06A,10,Biological completion
scpair_ops,scPair,gene_holdout_main,plasma_membrane_wga,0.5976932355927096,Gene,#DDA06A,10,Biological completion
scpair_ops,scPair,gene_holdout_main,prb,0.3538713046706592,Gene,#DDA06A,10,Biological completion
scpair_ops,scPair,gene_holdout_main,proteasome_psmb7,0.6446820909778277,Gene,#DDA06A,10,Biological completion
scpair_ops,scPair,gene_holdout_main,ps6,0.5129540872077147,Gene,#DDA06A,10,Biological completion
scpair_ops,scPair,gene_holdout_main,recycling_endosome_tfrc,0.8337537109851837,Gene,#DDA06A,10,Biological completion
scpair_ops,scPair,gene_holdout_main,stress_granule_g3bp1,0.8682775097588697,Gene,#DDA06A,10,Biological completion
scpair_ops,scPair,gene_holdout_main,trans-golgi_vamp3,0.611888443181912,Gene,#DDA06A,10,Biological completion
scpair_ops,scPair,strict_whole_screen,5xupre,0.6882102591296038,Whole-screen,#DDA06A,10,Biological completion
scpair_ops,scPair,strict_whole_screen,actin_filament_fastact_spy555_live_cell_dye,0.8461371519913277,Whole-screen,#DDA06A,10,Biological completion
scpair_ops,scPair,strict_whole_screen,autophagosome_atg101,0.5939375562593341,Whole-screen,#DDA06A,10,Biological completion
scpair_ops,scPair,strict_whole_screen,autophagosome_map1lc3b,0.6333454454110728,Whole-screen,#DDA06A,10,Biological completion
scpair_ops,scPair,strict_whole_screen,caspase_activity_cellevent-caspase_live-cell_dye,0.4812640947444985,Whole-screen,#DDA06A,10,Biological completion
scpair_ops,scPair,strict_whole_screen,cell_proliferation_marker_mki67,0.5072670235919455,Whole-screen,#DDA06A,10,Biological completion
scpair_ops,scPair,strict_whole_screen,chaperones_hspa1b,0.6700710387279589,Whole-screen,#DDA06A,10,Biological completion
scpair_ops,scPair,strict_whole_screen,chromalive_488_excitation,0.5978581042339404,Whole-screen,#DDA06A,10,Biological completion
scpair_ops,scPair,strict_whole_screen,chromatin_h2bc21,0.5857632507880529,Whole-screen,#DDA06A,10,Biological completion
scpair_ops,scPair,strict_whole_screen,clathrin_vesicles_clta,0.8505033478140831,Whole-screen,#DDA06A,10,Biological completion
scpair_ops,scPair,strict_whole_screen,endocytic_vesicle_ph_phrodo-dextran_live_cell_dye,0.2258836603965998,Whole-screen,#DDA06A,10,Biological completion
scpair_ops,scPair,strict_whole_screen,endosome_vps35,0.7064360783745844,Whole-screen,#DDA06A,10,Biological completion
scpair_ops,scPair,strict_whole_screen,er_golgi_bridge_vapa,0.738172351072232,Whole-screen,#DDA06A,10,Biological completion
scpair_ops,scPair,strict_whole_screen,er_golgi_cope,0.3511576337429384,Whole-screen,#DDA06A,10,Biological completion
scpair_ops,scPair,strict_whole_screen,er_sec61b,0.7655889449848069,Whole-screen,#DDA06A,10,Biological completion
scpair_ops,scPair,strict_whole_screen,fe2+_ferhonox_live-cell_dye,0.2273763910052366,Whole-screen,#DDA06A,10,Biological completion
scpair_ops,scPair,strict_whole_screen,late_endosome_rab7a,0.8466259092092514,Whole-screen,#DDA06A,10,Biological completion
scpair_ops,scPair,strict_whole_screen,lipid_droplet_bodipy_live_cell_dye,0.8533745141079028,Whole-screen,#DDA06A,10,Biological completion
scpair_ops,scPair,strict_whole_screen,lipid_droplet_plin2,0.2873044311224172,Whole-screen,#DDA06A,10,Biological completion
scpair_ops,scPair,strict_whole_screen,lysosome_lamp1,0.702608668555816,Whole-screen,#DDA06A,10,Biological completion
scpair_ops,scPair,strict_whole_screen,lysosome_lysotracker_live-cell_dye,0.8544647018942569,Whole-screen,#DDA06A,10,Biological completion
scpair_ops,scPair,strict_whole_screen,mitochondria_chromalive_561_excitation,0.5369775338719288,Whole-screen,#DDA06A,10,Biological completion
scpair_ops,scPair,strict_whole_screen,mitochondria_tomm70a,0.49479579279432073,Whole-screen,#DDA06A,10,Biological completion
scpair_ops,scPair,strict_whole_screen,nuclear_speckles_srrm2,0.5241445296754439,Whole-screen,#DDA06A,10,Biological completion
scpair_ops,scPair,strict_whole_screen,nuclei_nucleolive_live_cell_dye,0.4430303918197751,Whole-screen,#DDA06A,10,Biological completion
scpair_ops,scPair,strict_whole_screen,nucleolus-dfc_fbl,0.3650140246609226,Whole-screen,#DDA06A,10,Biological completion
scpair_ops,scPair,strict_whole_screen,nucleolus-gc_npm3,0.5288721564381073,Whole-screen,#DDA06A,10,Biological completion
scpair_ops,scPair,strict_whole_screen,oxidative_stress_cellrox_live-cell_dye,0.33079825705014326,Whole-screen,#DDA06A,10,Biological completion
scpair_ops,scPair,strict_whole_screen,peroxisome_peroxi_spy650_live_cell_dye,0.5978773930110037,Whole-screen,#DDA06A,10,Biological completion
scpair_ops,scPair,strict_whole_screen,plasma_membrane_atp1b3,0.6336505000169078,Whole-screen,#DDA06A,10,Biological completion
scpair_ops,scPair,strict_whole_screen,plasma_membrane_slc3a2,0.8486670516431332,Whole-screen,#DDA06A,10,Biological completion
scpair_ops,scPair,strict_whole_screen,proteasome_psmb7,0.45149600641646737,Whole-screen,#DDA06A,10,Biological completion
scpair_ops,scPair,strict_whole_screen,recycling_endosome_tfrc,0.7718263740340869,Whole-screen,#DDA06A,10,Biological completion
scpair_ops,scPair,strict_whole_screen,trans-golgi_vamp3,0.4971640561707318,Whole-screen,#DDA06A,10,Biological completion
tabm_specialists,TabM,field_holdout_sanity,5xupre,0.7022114083170891,Field,#A783AD,5,Neural specialists
tabm_specialists,TabM,field_holdout_sanity,actin_filament_fastact_spy555_live_cell_dye,0.8737799304847916,Field,#A783AD,5,Neural specialists
tabm_specialists,TabM,field_holdout_sanity,autophagosome_atg101,0.6627972987790902,Field,#A783AD,5,Neural specialists
tabm_specialists,TabM,field_holdout_sanity,autophagosome_map1lc3b,0.7799509232242903,Field,#A783AD,5,Neural specialists
tabm_specialists,TabM,field_holdout_sanity,b-catenin,0.4979989882558584,Field,#A783AD,5,Neural specialists
tabm_specialists,TabM,field_holdout_sanity,c-myc,0.4438520437479019,Field,#A783AD,5,Neural specialists
tabm_specialists,TabM,field_holdout_sanity,caspase_activity_cellevent-caspase_live-cell_dye,0.45008778430831925,Field,#A783AD,5,Neural specialists
tabm_specialists,TabM,field_holdout_sanity,cell_proliferation_marker_mki67,0.7416675123075643,Field,#A783AD,5,Neural specialists
tabm_specialists,TabM,field_holdout_sanity,chaperones_hspa1b,0.7586333080505331,Field,#A783AD,5,Neural specialists
tabm_specialists,TabM,field_holdout_sanity,chromalive_488_excitation,0.7762558954457442,Field,#A783AD,5,Neural specialists
tabm_specialists,TabM,field_holdout_sanity,chromatin_h2bc21,0.6504843120773633,Field,#A783AD,5,Neural specialists
tabm_specialists,TabM,field_holdout_sanity,clathrin_vesicles_clta,0.8640390971054634,Field,#A783AD,5,Neural specialists
tabm_specialists,TabM,field_holdout_sanity,early_endosome_eea1,0.8358573349813619,Field,#A783AD,5,Neural specialists
tabm_specialists,TabM,field_holdout_sanity,endocytic_vesicle_ph_phrodo-dextran_live_cell_dye,0.8091263587276141,Field,#A783AD,5,Neural specialists
tabm_specialists,TabM,field_holdout_sanity,endosome_vps35,0.7899875670671463,Field,#A783AD,5,Neural specialists
tabm_specialists,TabM,field_holdout_sanity,er_cona,0.5644079967919323,Field,#A783AD,5,Neural specialists
tabm_specialists,TabM,field_holdout_sanity,er_golgi_bridge_vapa,0.7562760045131047,Field,#A783AD,5,Neural specialists
tabm_specialists,TabM,field_holdout_sanity,er_golgi_cop-ii_sec23a,0.8539820924401283,Field,#A783AD,5,Neural specialists
tabm_specialists,TabM,field_holdout_sanity,er_golgi_cope,0.8453454191486041,Field,#A783AD,5,Neural specialists
tabm_specialists,TabM,field_holdout_sanity,er_ncln,0.5563948499659698,Field,#A783AD,5,Neural specialists
tabm_specialists,TabM,field_holdout_sanity,er_sec61b,0.773090788225333,Field,#A783AD,5,Neural specialists
tabm_specialists,TabM,field_holdout_sanity,f-actin_phalloidin,0.6055306139091651,Field,#A783AD,5,Neural specialists
tabm_specialists,TabM,field_holdout_sanity,fe2+_ferhonox_live-cell_dye,0.8330203804798657,Field,#A783AD,5,Neural specialists
tabm_specialists,TabM,field_holdout_sanity,late_endosome_rab7a,0.7945765131153166,Field,#A783AD,5,Neural specialists
tabm_specialists,TabM,field_holdout_sanity,lipid_droplet_bodipy_live_cell_dye,0.8594701943298182,Field,#A783AD,5,Neural specialists
tabm_specialists,TabM,field_holdout_sanity,lipid_droplet_plin2,0.8271936838825544,Field,#A783AD,5,Neural specialists
tabm_specialists,TabM,field_holdout_sanity,lysosome_lamp1,0.7339548222720623,Field,#A783AD,5,Neural specialists
tabm_specialists,TabM,field_holdout_sanity,lysosome_lysotracker_live-cell_dye,0.8945391740649938,Field,#A783AD,5,Neural specialists
tabm_specialists,TabM,field_holdout_sanity,microtubules_map4,0.6570547378001114,Field,#A783AD,5,Neural specialists
tabm_specialists,TabM,field_holdout_sanity,microtubules_tubulin,0.5838324038104878,Field,#A783AD,5,Neural specialists
tabm_specialists,TabM,field_holdout_sanity,mitochondria_chromalive_561_excitation,0.8216067619621754,Field,#A783AD,5,Neural specialists
tabm_specialists,TabM,field_holdout_sanity,mitochondria_tomm20,0.53589347133206,Field,#A783AD,5,Neural specialists
tabm_specialists,TabM,field_holdout_sanity,mitochondria_tomm70a,0.7800343515972297,Field,#A783AD,5,Neural specialists
tabm_specialists,TabM,field_holdout_sanity,nuclear_speckles_srrm2,0.8685186430811882,Field,#A783AD,5,Neural specialists
tabm_specialists,TabM,field_holdout_sanity,nuclei_hoechst,0.6982331365346909,Field,#A783AD,5,Neural specialists
tabm_specialists,TabM,field_holdout_sanity,nuclei_nucleolive_live_cell_dye,0.7472459686299165,Field,#A783AD,5,Neural specialists
tabm_specialists,TabM,field_holdout_sanity,nucleoli_npm1,0.44706547541750796,Field,#A783AD,5,Neural specialists
tabm_specialists,TabM,field_holdout_sanity,nucleolus-dfc_fbl,0.8343873808781306,Field,#A783AD,5,Neural specialists
tabm_specialists,TabM,field_holdout_sanity,nucleolus-gc_npm3,0.6984646149910987,Field,#A783AD,5,Neural specialists
tabm_specialists,TabM,field_holdout_sanity,oxidative_stress_cellrox_live-cell_dye,0.7820478399594625,Field,#A783AD,5,Neural specialists
tabm_specialists,TabM,field_holdout_sanity,p21,0.4278239551186561,Field,#A783AD,5,Neural specialists
tabm_specialists,TabM,field_holdout_sanity,p53,0.33628628919521963,Field,#A783AD,5,Neural specialists
tabm_specialists,TabM,field_holdout_sanity,peroxisome_peroxi_spy650_live_cell_dye,0.864394803593556,Field,#A783AD,5,Neural specialists
tabm_specialists,TabM,field_holdout_sanity,plasma_membrane_atp1b3,0.668062456821402,Field,#A783AD,5,Neural specialists
tabm_specialists,TabM,field_holdout_sanity,plasma_membrane_slc3a2,0.8635219211379687,Field,#A783AD,5,Neural specialists
tabm_specialists,TabM,field_holdout_sanity,plasma_membrane_wga,0.6156829212274817,Field,#A783AD,5,Neural specialists
tabm_specialists,TabM,field_holdout_sanity,prb,0.454420331120491,Field,#A783AD,5,Neural specialists
tabm_specialists,TabM,field_holdout_sanity,proteasome_psmb7,0.662401450673739,Field,#A783AD,5,Neural specialists
tabm_specialists,TabM,field_holdout_sanity,ps6,0.5304459211726984,Field,#A783AD,5,Neural specialists
tabm_specialists,TabM,field_holdout_sanity,recycling_endosome_tfrc,0.86872818171978,Field,#A783AD,5,Neural specialists
tabm_specialists,TabM,field_holdout_sanity,stress_granule_g3bp1,0.8812201229234538,Field,#A783AD,5,Neural specialists
tabm_specialists,TabM,field_holdout_sanity,trans-golgi_vamp3,0.6515494011342525,Field,#A783AD,5,Neural specialists
tabm_specialists,TabM,gene_holdout_main,5xupre,0.7000962173938751,Gene,#A783AD,5,Neural specialists
tabm_specialists,TabM,gene_holdout_main,actin_filament_fastact_spy555_live_cell_dye,0.8936336804181337,Gene,#A783AD,5,Neural specialists
tabm_specialists,TabM,gene_holdout_main,autophagosome_atg101,0.6633793552716573,Gene,#A783AD,5,Neural specialists
tabm_specialists,TabM,gene_holdout_main,autophagosome_map1lc3b,0.7593304929323494,Gene,#A783AD,5,Neural specialists
tabm_specialists,TabM,gene_holdout_main,b-catenin,0.49452873441080253,Gene,#A783AD,5,Neural specialists
tabm_specialists,TabM,gene_holdout_main,c-myc,0.4443592264751593,Gene,#A783AD,5,Neural specialists
tabm_specialists,TabM,gene_holdout_main,caspase_activity_cellevent-caspase_live-cell_dye,0.436677830084227,Gene,#A783AD,5,Neural specialists
tabm_specialists,TabM,gene_holdout_main,cell_proliferation_marker_mki67,0.7420370668172837,Gene,#A783AD,5,Neural specialists
tabm_specialists,TabM,gene_holdout_main,chaperones_hspa1b,0.774808785567681,Gene,#A783AD,5,Neural specialists
tabm_specialists,TabM,gene_holdout_main,chromalive_488_excitation,0.7747236646711826,Gene,#A783AD,5,Neural specialists
tabm_specialists,TabM,gene_holdout_main,chromatin_h2bc21,0.649671343465646,Gene,#A783AD,5,Neural specialists
tabm_specialists,TabM,gene_holdout_main,clathrin_vesicles_clta,0.8751613909999529,Gene,#A783AD,5,Neural specialists
tabm_specialists,TabM,gene_holdout_main,early_endosome_eea1,0.8332995700339476,Gene,#A783AD,5,Neural specialists
tabm_specialists,TabM,gene_holdout_main,endocytic_vesicle_ph_phrodo-dextran_live_cell_dye,0.8061307561894259,Gene,#A783AD,5,Neural specialists
tabm_specialists,TabM,gene_holdout_main,endosome_vps35,0.8322063619891802,Gene,#A783AD,5,Neural specialists
tabm_specialists,TabM,gene_holdout_main,er_cona,0.5650129290504589,Gene,#A783AD,5,Neural specialists
tabm_specialists,TabM,gene_holdout_main,er_golgi_bridge_vapa,0.7520104974508286,Gene,#A783AD,5,Neural specialists
tabm_specialists,TabM,gene_holdout_main,er_golgi_cop-ii_sec23a,0.8525811863442263,Gene,#A783AD,5,Neural specialists
tabm_specialists,TabM,gene_holdout_main,er_golgi_cope,0.8449153497815132,Gene,#A783AD,5,Neural specialists
tabm_specialists,TabM,gene_holdout_main,er_ncln,0.5515120529259245,Gene,#A783AD,5,Neural specialists
tabm_specialists,TabM,gene_holdout_main,er_sec61b,0.7668244878451029,Gene,#A783AD,5,Neural specialists
tabm_specialists,TabM,gene_holdout_main,f-actin_phalloidin,0.6049004565510485,Gene,#A783AD,5,Neural specialists
tabm_specialists,TabM,gene_holdout_main,fe2+_ferhonox_live-cell_dye,0.7880664744475021,Gene,#A783AD,5,Neural specialists
tabm_specialists,TabM,gene_holdout_main,late_endosome_rab7a,0.7948445614737769,Gene,#A783AD,5,Neural specialists
tabm_specialists,TabM,gene_holdout_main,lipid_droplet_bodipy_live_cell_dye,0.869991290817658,Gene,#A783AD,5,Neural specialists
tabm_specialists,TabM,gene_holdout_main,lipid_droplet_plin2,0.8273266183833281,Gene,#A783AD,5,Neural specialists
tabm_specialists,TabM,gene_holdout_main,lysosome_lamp1,0.7441916386286417,Gene,#A783AD,5,Neural specialists
tabm_specialists,TabM,gene_holdout_main,lysosome_lysotracker_live-cell_dye,0.8306043869194886,Gene,#A783AD,5,Neural specialists
tabm_specialists,TabM,gene_holdout_main,microtubules_map4,0.6416245516389608,Gene,#A783AD,5,Neural specialists
tabm_specialists,TabM,gene_holdout_main,microtubules_tubulin,0.5848112677948343,Gene,#A783AD,5,Neural specialists
tabm_specialists,TabM,gene_holdout_main,mitochondria_chromalive_561_excitation,0.8005596779286861,Gene,#A783AD,5,Neural specialists
tabm_specialists,TabM,gene_holdout_main,mitochondria_tomm20,0.5350904090330004,Gene,#A783AD,5,Neural specialists
tabm_specialists,TabM,gene_holdout_main,mitochondria_tomm70a,0.7813347565631072,Gene,#A783AD,5,Neural specialists
tabm_specialists,TabM,gene_holdout_main,nuclear_speckles_srrm2,0.8670892854531604,Gene,#A783AD,5,Neural specialists
tabm_specialists,TabM,gene_holdout_main,nuclei_hoechst,0.6979319149255753,Gene,#A783AD,5,Neural specialists
tabm_specialists,TabM,gene_holdout_main,nuclei_nucleolive_live_cell_dye,0.7449739675968885,Gene,#A783AD,5,Neural specialists
tabm_specialists,TabM,gene_holdout_main,nucleoli_npm1,0.4482491116142935,Gene,#A783AD,5,Neural specialists
tabm_specialists,TabM,gene_holdout_main,nucleolus-dfc_fbl,0.8336612259348234,Gene,#A783AD,5,Neural specialists
tabm_specialists,TabM,gene_holdout_main,nucleolus-gc_npm3,0.6258352323280026,Gene,#A783AD,5,Neural specialists
tabm_specialists,TabM,gene_holdout_main,oxidative_stress_cellrox_live-cell_dye,0.781879368921121,Gene,#A783AD,5,Neural specialists
tabm_specialists,TabM,gene_holdout_main,p21,0.4256337580084801,Gene,#A783AD,5,Neural specialists
tabm_specialists,TabM,gene_holdout_main,p53,0.38804271052281053,Gene,#A783AD,5,Neural specialists
tabm_specialists,TabM,gene_holdout_main,peroxisome_peroxi_spy650_live_cell_dye,0.8687341814239821,Gene,#A783AD,5,Neural specialists
tabm_specialists,TabM,gene_holdout_main,plasma_membrane_atp1b3,0.6612829989443223,Gene,#A783AD,5,Neural specialists
tabm_specialists,TabM,gene_holdout_main,plasma_membrane_slc3a2,0.8628567894299826,Gene,#A783AD,5,Neural specialists
tabm_specialists,TabM,gene_holdout_main,plasma_membrane_wga,0.616109816564454,Gene,#A783AD,5,Neural specialists
tabm_specialists,TabM,gene_holdout_main,prb,0.318533907632033,Gene,#A783AD,5,Neural specialists
tabm_specialists,TabM,gene_holdout_main,proteasome_psmb7,0.6615996636450291,Gene,#A783AD,5,Neural specialists
tabm_specialists,TabM,gene_holdout_main,ps6,0.5280386838068565,Gene,#A783AD,5,Neural specialists
tabm_specialists,TabM,gene_holdout_main,recycling_endosome_tfrc,0.867252205312252,Gene,#A783AD,5,Neural specialists
tabm_specialists,TabM,gene_holdout_main,stress_granule_g3bp1,0.8806565610071024,Gene,#A783AD,5,Neural specialists
tabm_specialists,TabM,gene_holdout_main,trans-golgi_vamp3,0.6510218555728595,Gene,#A783AD,5,Neural specialists
tabm_specialists,TabM,strict_whole_screen,5xupre,0.6996215889851252,Whole-screen,#A783AD,5,Neural specialists
tabm_specialists,TabM,strict_whole_screen,actin_filament_fastact_spy555_live_cell_dye,0.6597550476779966,Whole-screen,#A783AD,5,Neural specialists
tabm_specialists,TabM,strict_whole_screen,autophagosome_atg101,0.6070280494168401,Whole-screen,#A783AD,5,Neural specialists
tabm_specialists,TabM,strict_whole_screen,autophagosome_map1lc3b,0.43782351356235766,Whole-screen,#A783AD,5,Neural specialists
tabm_specialists,TabM,strict_whole_screen,caspase_activity_cellevent-caspase_live-cell_dye,0.25873524869848546,Whole-screen,#A783AD,5,Neural specialists
tabm_specialists,TabM,strict_whole_screen,cell_proliferation_marker_mki67,0.5735515332780778,Whole-screen,#A783AD,5,Neural specialists
tabm_specialists,TabM,strict_whole_screen,chaperones_hspa1b,0.3871105647250867,Whole-screen,#A783AD,5,Neural specialists
tabm_specialists,TabM,strict_whole_screen,chromalive_488_excitation,0.5707640825615575,Whole-screen,#A783AD,5,Neural specialists
tabm_specialists,TabM,strict_whole_screen,chromatin_h2bc21,0.5957317743450403,Whole-screen,#A783AD,5,Neural specialists
tabm_specialists,TabM,strict_whole_screen,clathrin_vesicles_clta,0.7909131183599432,Whole-screen,#A783AD,5,Neural specialists
tabm_specialists,TabM,strict_whole_screen,endocytic_vesicle_ph_phrodo-dextran_live_cell_dye,0.4279360901564359,Whole-screen,#A783AD,5,Neural specialists
tabm_specialists,TabM,strict_whole_screen,endosome_vps35,0.7022452137122551,Whole-screen,#A783AD,5,Neural specialists
tabm_specialists,TabM,strict_whole_screen,er_golgi_bridge_vapa,0.753883754213651,Whole-screen,#A783AD,5,Neural specialists
tabm_specialists,TabM,strict_whole_screen,er_golgi_cope,0.5494215511716902,Whole-screen,#A783AD,5,Neural specialists
tabm_specialists,TabM,strict_whole_screen,er_sec61b,0.7782395171622435,Whole-screen,#A783AD,5,Neural specialists
tabm_specialists,TabM,strict_whole_screen,fe2+_ferhonox_live-cell_dye,0.2780792505424188,Whole-screen,#A783AD,5,Neural specialists
tabm_specialists,TabM,strict_whole_screen,late_endosome_rab7a,0.4199603060602991,Whole-screen,#A783AD,5,Neural specialists
tabm_specialists,TabM,strict_whole_screen,lipid_droplet_bodipy_live_cell_dye,0.7862449929428598,Whole-screen,#A783AD,5,Neural specialists
tabm_specialists,TabM,strict_whole_screen,lipid_droplet_plin2,0.4943442274816334,Whole-screen,#A783AD,5,Neural specialists
tabm_specialists,TabM,strict_whole_screen,lysosome_lamp1,0.7226819631954033,Whole-screen,#A783AD,5,Neural specialists
tabm_specialists,TabM,strict_whole_screen,lysosome_lysotracker_live-cell_dye,0.738868659413937,Whole-screen,#A783AD,5,Neural specialists
tabm_specialists,TabM,strict_whole_screen,mitochondria_chromalive_561_excitation,0.5081983565663297,Whole-screen,#A783AD,5,Neural specialists
tabm_specialists,TabM,strict_whole_screen,mitochondria_tomm70a,0.5657865235892435,Whole-screen,#A783AD,5,Neural specialists
tabm_specialists,TabM,strict_whole_screen,nuclear_speckles_srrm2,0.5739642614498734,Whole-screen,#A783AD,5,Neural specialists
tabm_specialists,TabM,strict_whole_screen,nuclei_nucleolive_live_cell_dye,0.44757256889715785,Whole-screen,#A783AD,5,Neural specialists
tabm_specialists,TabM,strict_whole_screen,nucleolus-dfc_fbl,0.3926998474635184,Whole-screen,#A783AD,5,Neural specialists
tabm_specialists,TabM,strict_whole_screen,nucleolus-gc_npm3,0.1331289800453608,Whole-screen,#A783AD,5,Neural specialists
tabm_specialists,TabM,strict_whole_screen,oxidative_stress_cellrox_live-cell_dye,0.41170598544219195,Whole-screen,#A783AD,5,Neural specialists
tabm_specialists,TabM,strict_whole_screen,peroxisome_peroxi_spy650_live_cell_dye,0.6452922963847716,Whole-screen,#A783AD,5,Neural specialists
tabm_specialists,TabM,strict_whole_screen,plasma_membrane_atp1b3,0.5051965066037761,Whole-screen,#A783AD,5,Neural specialists
tabm_specialists,TabM,strict_whole_screen,plasma_membrane_slc3a2,0.8562795457740625,Whole-screen,#A783AD,5,Neural specialists
tabm_specialists,TabM,strict_whole_screen,proteasome_psmb7,0.47660317295230925,Whole-screen,#A783AD,5,Neural specialists
tabm_specialists,TabM,strict_whole_screen,recycling_endosome_tfrc,0.7835854018727939,Whole-screen,#A783AD,5,Neural specialists
tabm_specialists,TabM,strict_whole_screen,trans-golgi_vamp3,0.2974284566007554,Whole-screen,#A783AD,5,Neural specialists
