method_id,method,method_color,method_family,method_order,split,split_label,screen_id,n_assays,ko_pearson
catboost_multirmse,CatBoost,#79A8C9,Classical tabular,3,field_holdout_sanity,Field,Biohub_OPS0001,2,0.795473679961873
catboost_multirmse,CatBoost,#79A8C9,Classical tabular,3,field_holdout_sanity,Field,Biohub_OPS0002,1,0.620860664037895
catboost_multirmse,CatBoost,#79A8C9,Classical tabular,3,field_holdout_sanity,Field,Biohub_OPS0003,1,0.8842608863881267
catboost_multirmse,CatBoost,#79A8C9,Classical tabular,3,field_holdout_sanity,Field,Biohub_OPS0004,1,0.8735664783708806
catboost_multirmse,CatBoost,#79A8C9,Classical tabular,3,field_holdout_sanity,Field,Biohub_OPS0005,2,0.7557374658522455
catboost_multirmse,CatBoost,#79A8C9,Classical tabular,3,field_holdout_sanity,Field,Biohub_OPS0006,2,0.7206408254519405
catboost_multirmse,CatBoost,#79A8C9,Classical tabular,3,field_holdout_sanity,Field,Biohub_OPS0007,2,0.7144988682015807
catboost_multirmse,CatBoost,#79A8C9,Classical tabular,3,field_holdout_sanity,Field,Biohub_OPS0008,2,0.7625979702890484
catboost_multirmse,CatBoost,#79A8C9,Classical tabular,3,field_holdout_sanity,Field,Biohub_OPS0009,2,0.7329932084051101
catboost_multirmse,CatBoost,#79A8C9,Classical tabular,3,field_holdout_sanity,Field,Biohub_OPS0011,1,0.6697867974430598
catboost_multirmse,CatBoost,#79A8C9,Classical tabular,3,field_holdout_sanity,Field,Biohub_OPS0012,1,0.7606101096636854
catboost_multirmse,CatBoost,#79A8C9,Classical tabular,3,field_holdout_sanity,Field,Biohub_OPS0013,1,0.7182932588926079
catboost_multirmse,CatBoost,#79A8C9,Classical tabular,3,field_holdout_sanity,Field,Biohub_OPS0014,1,0.8659556432782932
catboost_multirmse,CatBoost,#79A8C9,Classical tabular,3,field_holdout_sanity,Field,Biohub_OPS0015,1,0.6914784270102348
catboost_multirmse,CatBoost,#79A8C9,Classical tabular,3,field_holdout_sanity,Field,Biohub_OPS0016,1,0.6488991117302888
catboost_multirmse,CatBoost,#79A8C9,Classical tabular,3,field_holdout_sanity,Field,Biohub_OPS0017,1,0.6453961404179007
catboost_multirmse,CatBoost,#79A8C9,Classical tabular,3,field_holdout_sanity,Field,Biohub_OPS0018,1,0.8560239654060183
catboost_multirmse,CatBoost,#79A8C9,Classical tabular,3,field_holdout_sanity,Field,Biohub_OPS0019,1,0.8939326482387076
catboost_multirmse,CatBoost,#79A8C9,Classical tabular,3,field_holdout_sanity,Field,Biohub_OPS0020,1,0.7571078015559412
catboost_multirmse,CatBoost,#79A8C9,Classical tabular,3,field_holdout_sanity,Field,Biohub_OPS0021,1,0.7738406724866665
catboost_multirmse,CatBoost,#79A8C9,Classical tabular,3,field_holdout_sanity,Field,Biohub_OPS0022,1,0.7496138021467758
catboost_multirmse,CatBoost,#79A8C9,Classical tabular,3,field_holdout_sanity,Field,Biohub_OPS0023,1,0.6357541523145324
catboost_multirmse,CatBoost,#79A8C9,Classical tabular,3,field_holdout_sanity,Field,Biohub_OPS0025,1,0.8144854501603472
catboost_multirmse,CatBoost,#79A8C9,Classical tabular,3,field_holdout_sanity,Field,Biohub_OPS0026,1,0.8953532179705412
catboost_multirmse,CatBoost,#79A8C9,Classical tabular,3,field_holdout_sanity,Field,Biohub_OPS0027,1,0.8025987997673495
catboost_multirmse,CatBoost,#79A8C9,Classical tabular,3,field_holdout_sanity,Field,Biohub_OPS0028,1,0.8299758128335322
catboost_multirmse,CatBoost,#79A8C9,Classical tabular,3,field_holdout_sanity,Field,Biohub_OPS0029,1,0.5755798728958093
catboost_multirmse,CatBoost,#79A8C9,Classical tabular,3,field_holdout_sanity,Field,Biohub_OPS0030,1,0.6969623876860335
catboost_multirmse,CatBoost,#79A8C9,Classical tabular,3,field_holdout_sanity,Field,Biohub_OPS0031,1,0.6423098544151408
catboost_multirmse,CatBoost,#79A8C9,Classical tabular,3,field_holdout_sanity,Field,Biohub_OPS0032,1,0.6780603119504938
catboost_multirmse,CatBoost,#79A8C9,Classical tabular,3,field_holdout_sanity,Field,Biohub_OPS0033,1,0.888038636262752
catboost_multirmse,CatBoost,#79A8C9,Classical tabular,3,field_holdout_sanity,Field,Biohub_OPS0034,1,0.8775140064859599
catboost_multirmse,CatBoost,#79A8C9,Classical tabular,3,field_holdout_sanity,Field,Biohub_OPS0035,1,0.8857205473042052
catboost_multirmse,CatBoost,#79A8C9,Classical tabular,3,field_holdout_sanity,Field,Biohub_OPS0036,1,0.6602102864024049
catboost_multirmse,CatBoost,#79A8C9,Classical tabular,3,field_holdout_sanity,Field,Biohub_OPS0037,1,0.9008787517794224
catboost_multirmse,CatBoost,#79A8C9,Classical tabular,3,field_holdout_sanity,Field,Biohub_OPS0039,1,0.8771228401546995
catboost_multirmse,CatBoost,#79A8C9,Classical tabular,3,field_holdout_sanity,Field,Biohub_OPS0040,1,0.8771202917102198
catboost_multirmse,CatBoost,#79A8C9,Classical tabular,3,field_holdout_sanity,Field,Biohub_OPS0041,1,0.4838723858378917
catboost_multirmse,CatBoost,#79A8C9,Classical tabular,3,field_holdout_sanity,Field,Biohub_OPS0042,1,0.7252831791345251
catboost_multirmse,CatBoost,#79A8C9,Classical tabular,3,field_holdout_sanity,Field,Biohub_OPS0043,7,0.6413172836767402
catboost_multirmse,CatBoost,#79A8C9,Classical tabular,3,field_holdout_sanity,Field,Biohub_OPS0044,1,0.8912399981001208
catboost_multirmse,CatBoost,#79A8C9,Classical tabular,3,field_holdout_sanity,Field,Biohub_OPS0045,2,0.664062750801313
catboost_multirmse,CatBoost,#79A8C9,Classical tabular,3,field_holdout_sanity,Field,Biohub_OPS0046,1,0.750872251371906
catboost_multirmse,CatBoost,#79A8C9,Classical tabular,3,field_holdout_sanity,Field,Biohub_OPS0047,1,0.8722259825883586
catboost_multirmse,CatBoost,#79A8C9,Classical tabular,3,field_holdout_sanity,Field,Biohub_OPS0048,1,0.7160676245344767
catboost_multirmse,CatBoost,#79A8C9,Classical tabular,3,field_holdout_sanity,Field,Biohub_OPS0050,1,0.5706501121363537
catboost_multirmse,CatBoost,#79A8C9,Classical tabular,3,field_holdout_sanity,Field,Biohub_OPS0051,1,0.6941343108204757
catboost_multirmse,CatBoost,#79A8C9,Classical tabular,3,field_holdout_sanity,Field,Biohub_OPS0052,1,0.5677053269094984
catboost_multirmse,CatBoost,#79A8C9,Classical tabular,3,field_holdout_sanity,Field,Biohub_OPS0053,1,0.5892689928493062
catboost_multirmse,CatBoost,#79A8C9,Classical tabular,3,field_holdout_sanity,Field,Biohub_OPS0054,1,0.6271116412747705
catboost_multirmse,CatBoost,#79A8C9,Classical tabular,3,field_holdout_sanity,Field,Biohub_OPS0055,1,0.909017263593873
catboost_multirmse,CatBoost,#79A8C9,Classical tabular,3,field_holdout_sanity,Field,Biohub_OPS0056,1,0.8936008216955876
catboost_multirmse,CatBoost,#79A8C9,Classical tabular,3,field_holdout_sanity,Field,Biohub_OPS0057,2,0.7225672908430186
catboost_multirmse,CatBoost,#79A8C9,Classical tabular,3,field_holdout_sanity,Field,Biohub_OPS0058,1,0.7573373780200945
catboost_multirmse,CatBoost,#79A8C9,Classical tabular,3,field_holdout_sanity,Field,Biohub_OPS0059,1,0.5897038127101587
catboost_multirmse,CatBoost,#79A8C9,Classical tabular,3,field_holdout_sanity,Field,Biohub_OPS0060,1,0.8393227513797851
catboost_multirmse,CatBoost,#79A8C9,Classical tabular,3,field_holdout_sanity,Field,Biohub_OPS0061,2,0.6680087508500565
catboost_multirmse,CatBoost,#79A8C9,Classical tabular,3,field_holdout_sanity,Field,Biohub_OPS0062,2,0.6965682726795019
catboost_multirmse,CatBoost,#79A8C9,Classical tabular,3,field_holdout_sanity,Field,Biohub_OPS0063,1,0.7242630830346591
catboost_multirmse,CatBoost,#79A8C9,Classical tabular,3,field_holdout_sanity,Field,Biohub_OPS0064,2,0.6709681292024771
catboost_multirmse,CatBoost,#79A8C9,Classical tabular,3,field_holdout_sanity,Field,Biohub_OPS0065,2,0.7078252928222135
catboost_multirmse,CatBoost,#79A8C9,Classical tabular,3,field_holdout_sanity,Field,Biohub_OPS0066,1,0.8834396385056106
catboost_multirmse,CatBoost,#79A8C9,Classical tabular,3,field_holdout_sanity,Field,Biohub_OPS0067,1,0.3548888565680831
catboost_multirmse,CatBoost,#79A8C9,Classical tabular,3,field_holdout_sanity,Field,Biohub_OPS0068,1,0.6363460290623746
catboost_multirmse,CatBoost,#79A8C9,Classical tabular,3,field_holdout_sanity,Field,Biohub_OPS0069,2,0.603830694331362
catboost_multirmse,CatBoost,#79A8C9,Classical tabular,3,field_holdout_sanity,Field,Biohub_OPS0070,1,0.4498470229788376
catboost_multirmse,CatBoost,#79A8C9,Classical tabular,3,field_holdout_sanity,Field,Biohub_OPS0071,1,0.6432706911608713
catboost_multirmse,CatBoost,#79A8C9,Classical tabular,3,field_holdout_sanity,Field,Biohub_OPS0072,2,0.8290817809582951
catboost_multirmse,CatBoost,#79A8C9,Classical tabular,3,field_holdout_sanity,Field,Biohub_OPS0073,1,0.5158858466038092
catboost_multirmse,CatBoost,#79A8C9,Classical tabular,3,field_holdout_sanity,Field,Biohub_OPS0074,2,0.8251984511190877
catboost_multirmse,CatBoost,#79A8C9,Classical tabular,3,field_holdout_sanity,Field,Biohub_OPS0075,1,0.7162672115668487
catboost_multirmse,CatBoost,#79A8C9,Classical tabular,3,field_holdout_sanity,Field,Biohub_OPS0076,1,0.8350608898869202
catboost_multirmse,CatBoost,#79A8C9,Classical tabular,3,field_holdout_sanity,Field,Biohub_OPS0077,6,0.4997705931247759
catboost_multirmse,CatBoost,#79A8C9,Classical tabular,3,gene_holdout_main,Gene,Biohub_OPS0001,2,0.8379138488990658
catboost_multirmse,CatBoost,#79A8C9,Classical tabular,3,gene_holdout_main,Gene,Biohub_OPS0002,1,0.6605548020442638
catboost_multirmse,CatBoost,#79A8C9,Classical tabular,3,gene_holdout_main,Gene,Biohub_OPS0003,1,0.9043169689471752
catboost_multirmse,CatBoost,#79A8C9,Classical tabular,3,gene_holdout_main,Gene,Biohub_OPS0004,1,0.920752810984086
catboost_multirmse,CatBoost,#79A8C9,Classical tabular,3,gene_holdout_main,Gene,Biohub_OPS0005,2,0.8171525642958939
catboost_multirmse,CatBoost,#79A8C9,Classical tabular,3,gene_holdout_main,Gene,Biohub_OPS0006,2,0.7723008952572237
catboost_multirmse,CatBoost,#79A8C9,Classical tabular,3,gene_holdout_main,Gene,Biohub_OPS0007,2,0.7527397605830368
catboost_multirmse,CatBoost,#79A8C9,Classical tabular,3,gene_holdout_main,Gene,Biohub_OPS0008,2,0.8054479063060969
catboost_multirmse,CatBoost,#79A8C9,Classical tabular,3,gene_holdout_main,Gene,Biohub_OPS0009,2,0.7732568891196814
catboost_multirmse,CatBoost,#79A8C9,Classical tabular,3,gene_holdout_main,Gene,Biohub_OPS0011,1,0.7013813450157965
catboost_multirmse,CatBoost,#79A8C9,Classical tabular,3,gene_holdout_main,Gene,Biohub_OPS0012,1,0.8088757409029462
catboost_multirmse,CatBoost,#79A8C9,Classical tabular,3,gene_holdout_main,Gene,Biohub_OPS0013,1,0.7575459278435394
catboost_multirmse,CatBoost,#79A8C9,Classical tabular,3,gene_holdout_main,Gene,Biohub_OPS0014,1,0.9035434253925712
catboost_multirmse,CatBoost,#79A8C9,Classical tabular,3,gene_holdout_main,Gene,Biohub_OPS0015,1,0.7343629593407238
catboost_multirmse,CatBoost,#79A8C9,Classical tabular,3,gene_holdout_main,Gene,Biohub_OPS0016,1,0.6885081944023367
catboost_multirmse,CatBoost,#79A8C9,Classical tabular,3,gene_holdout_main,Gene,Biohub_OPS0017,1,0.7028432970214468
catboost_multirmse,CatBoost,#79A8C9,Classical tabular,3,gene_holdout_main,Gene,Biohub_OPS0018,1,0.8872492617661593
catboost_multirmse,CatBoost,#79A8C9,Classical tabular,3,gene_holdout_main,Gene,Biohub_OPS0019,1,0.9275858857828182
catboost_multirmse,CatBoost,#79A8C9,Classical tabular,3,gene_holdout_main,Gene,Biohub_OPS0020,1,0.8059463166831353
catboost_multirmse,CatBoost,#79A8C9,Classical tabular,3,gene_holdout_main,Gene,Biohub_OPS0021,1,0.7938456341985524
catboost_multirmse,CatBoost,#79A8C9,Classical tabular,3,gene_holdout_main,Gene,Biohub_OPS0022,1,0.7902151100665714
catboost_multirmse,CatBoost,#79A8C9,Classical tabular,3,gene_holdout_main,Gene,Biohub_OPS0023,1,0.6856772168043171
catboost_multirmse,CatBoost,#79A8C9,Classical tabular,3,gene_holdout_main,Gene,Biohub_OPS0025,1,0.8445817654332384
catboost_multirmse,CatBoost,#79A8C9,Classical tabular,3,gene_holdout_main,Gene,Biohub_OPS0026,1,0.9185858712307348
catboost_multirmse,CatBoost,#79A8C9,Classical tabular,3,gene_holdout_main,Gene,Biohub_OPS0027,1,0.8534805976308261
catboost_multirmse,CatBoost,#79A8C9,Classical tabular,3,gene_holdout_main,Gene,Biohub_OPS0028,1,0.8761120486472281
catboost_multirmse,CatBoost,#79A8C9,Classical tabular,3,gene_holdout_main,Gene,Biohub_OPS0029,1,0.6385336044927065
catboost_multirmse,CatBoost,#79A8C9,Classical tabular,3,gene_holdout_main,Gene,Biohub_OPS0030,1,0.7109540056267015
catboost_multirmse,CatBoost,#79A8C9,Classical tabular,3,gene_holdout_main,Gene,Biohub_OPS0031,1,0.7252396242515116
catboost_multirmse,CatBoost,#79A8C9,Classical tabular,3,gene_holdout_main,Gene,Biohub_OPS0032,1,0.7584977777776102
catboost_multirmse,CatBoost,#79A8C9,Classical tabular,3,gene_holdout_main,Gene,Biohub_OPS0033,1,0.9189829480905348
catboost_multirmse,CatBoost,#79A8C9,Classical tabular,3,gene_holdout_main,Gene,Biohub_OPS0034,1,0.9092138539212424
catboost_multirmse,CatBoost,#79A8C9,Classical tabular,3,gene_holdout_main,Gene,Biohub_OPS0035,1,0.9241442666981792
catboost_multirmse,CatBoost,#79A8C9,Classical tabular,3,gene_holdout_main,Gene,Biohub_OPS0036,1,0.7444684147921565
catboost_multirmse,CatBoost,#79A8C9,Classical tabular,3,gene_holdout_main,Gene,Biohub_OPS0037,1,0.9244441661361544
catboost_multirmse,CatBoost,#79A8C9,Classical tabular,3,gene_holdout_main,Gene,Biohub_OPS0039,1,0.9207966349982268
catboost_multirmse,CatBoost,#79A8C9,Classical tabular,3,gene_holdout_main,Gene,Biohub_OPS0040,1,0.9196016858546228
catboost_multirmse,CatBoost,#79A8C9,Classical tabular,3,gene_holdout_main,Gene,Biohub_OPS0041,1,0.5457637751924277
catboost_multirmse,CatBoost,#79A8C9,Classical tabular,3,gene_holdout_main,Gene,Biohub_OPS0042,1,0.807102129881164
catboost_multirmse,CatBoost,#79A8C9,Classical tabular,3,gene_holdout_main,Gene,Biohub_OPS0043,7,0.7208724087026067
catboost_multirmse,CatBoost,#79A8C9,Classical tabular,3,gene_holdout_main,Gene,Biohub_OPS0044,1,0.914382639212921
catboost_multirmse,CatBoost,#79A8C9,Classical tabular,3,gene_holdout_main,Gene,Biohub_OPS0045,2,0.7076610205962435
catboost_multirmse,CatBoost,#79A8C9,Classical tabular,3,gene_holdout_main,Gene,Biohub_OPS0046,1,0.8087254243631868
catboost_multirmse,CatBoost,#79A8C9,Classical tabular,3,gene_holdout_main,Gene,Biohub_OPS0047,1,0.9040837338361228
catboost_multirmse,CatBoost,#79A8C9,Classical tabular,3,gene_holdout_main,Gene,Biohub_OPS0048,1,0.7900794329030013
catboost_multirmse,CatBoost,#79A8C9,Classical tabular,3,gene_holdout_main,Gene,Biohub_OPS0050,1,0.6069347593726122
catboost_multirmse,CatBoost,#79A8C9,Classical tabular,3,gene_holdout_main,Gene,Biohub_OPS0051,1,0.7509794967548401
catboost_multirmse,CatBoost,#79A8C9,Classical tabular,3,gene_holdout_main,Gene,Biohub_OPS0052,1,0.6471421090989158
catboost_multirmse,CatBoost,#79A8C9,Classical tabular,3,gene_holdout_main,Gene,Biohub_OPS0053,1,0.6227862610603049
catboost_multirmse,CatBoost,#79A8C9,Classical tabular,3,gene_holdout_main,Gene,Biohub_OPS0054,1,0.7010087595653176
catboost_multirmse,CatBoost,#79A8C9,Classical tabular,3,gene_holdout_main,Gene,Biohub_OPS0055,1,0.9386584862460512
catboost_multirmse,CatBoost,#79A8C9,Classical tabular,3,gene_holdout_main,Gene,Biohub_OPS0056,1,0.933524337498527
catboost_multirmse,CatBoost,#79A8C9,Classical tabular,3,gene_holdout_main,Gene,Biohub_OPS0057,2,0.7701930872224729
catboost_multirmse,CatBoost,#79A8C9,Classical tabular,3,gene_holdout_main,Gene,Biohub_OPS0058,1,0.8333931903360537
catboost_multirmse,CatBoost,#79A8C9,Classical tabular,3,gene_holdout_main,Gene,Biohub_OPS0059,1,0.6574887528948915
catboost_multirmse,CatBoost,#79A8C9,Classical tabular,3,gene_holdout_main,Gene,Biohub_OPS0060,1,0.870249492185789
catboost_multirmse,CatBoost,#79A8C9,Classical tabular,3,gene_holdout_main,Gene,Biohub_OPS0061,2,0.6849498161264693
catboost_multirmse,CatBoost,#79A8C9,Classical tabular,3,gene_holdout_main,Gene,Biohub_OPS0062,2,0.768542413861628
catboost_multirmse,CatBoost,#79A8C9,Classical tabular,3,gene_holdout_main,Gene,Biohub_OPS0063,1,0.7984023877325099
catboost_multirmse,CatBoost,#79A8C9,Classical tabular,3,gene_holdout_main,Gene,Biohub_OPS0064,2,0.7391237735822691
catboost_multirmse,CatBoost,#79A8C9,Classical tabular,3,gene_holdout_main,Gene,Biohub_OPS0065,2,0.7333778754999614
catboost_multirmse,CatBoost,#79A8C9,Classical tabular,3,gene_holdout_main,Gene,Biohub_OPS0066,1,0.9196903177039564
catboost_multirmse,CatBoost,#79A8C9,Classical tabular,3,gene_holdout_main,Gene,Biohub_OPS0067,1,0.4393062904383116
catboost_multirmse,CatBoost,#79A8C9,Classical tabular,3,gene_holdout_main,Gene,Biohub_OPS0068,1,0.6957854113786063
catboost_multirmse,CatBoost,#79A8C9,Classical tabular,3,gene_holdout_main,Gene,Biohub_OPS0069,2,0.6447218427897731
catboost_multirmse,CatBoost,#79A8C9,Classical tabular,3,gene_holdout_main,Gene,Biohub_OPS0070,1,0.545602510589711
catboost_multirmse,CatBoost,#79A8C9,Classical tabular,3,gene_holdout_main,Gene,Biohub_OPS0071,1,0.7448092679989523
catboost_multirmse,CatBoost,#79A8C9,Classical tabular,3,gene_holdout_main,Gene,Biohub_OPS0072,2,0.8674998074362203
catboost_multirmse,CatBoost,#79A8C9,Classical tabular,3,gene_holdout_main,Gene,Biohub_OPS0073,1,0.5603068976886721
catboost_multirmse,CatBoost,#79A8C9,Classical tabular,3,gene_holdout_main,Gene,Biohub_OPS0074,2,0.8581512104404296
catboost_multirmse,CatBoost,#79A8C9,Classical tabular,3,gene_holdout_main,Gene,Biohub_OPS0075,1,0.794445723022109
catboost_multirmse,CatBoost,#79A8C9,Classical tabular,3,gene_holdout_main,Gene,Biohub_OPS0076,1,0.8545024906092853
catboost_multirmse,CatBoost,#79A8C9,Classical tabular,3,gene_holdout_main,Gene,Biohub_OPS0077,6,0.5553670248211354
catboost_multirmse,CatBoost,#79A8C9,Classical tabular,3,strict_whole_screen,Whole-screen,Biohub_OPS0001,2,0.8553783098856609
catboost_multirmse,CatBoost,#79A8C9,Classical tabular,3,strict_whole_screen,Whole-screen,Biohub_OPS0002,1,0.6522083083788554
catboost_multirmse,CatBoost,#79A8C9,Classical tabular,3,strict_whole_screen,Whole-screen,Biohub_OPS0003,1,0.9058999344706536
catboost_multirmse,CatBoost,#79A8C9,Classical tabular,3,strict_whole_screen,Whole-screen,Biohub_OPS0004,1,0.922558548549811
catboost_multirmse,CatBoost,#79A8C9,Classical tabular,3,strict_whole_screen,Whole-screen,Biohub_OPS0005,2,0.8311818187435468
catboost_multirmse,CatBoost,#79A8C9,Classical tabular,3,strict_whole_screen,Whole-screen,Biohub_OPS0006,2,0.777193923915426
catboost_multirmse,CatBoost,#79A8C9,Classical tabular,3,strict_whole_screen,Whole-screen,Biohub_OPS0007,2,0.7489962539325158
catboost_multirmse,CatBoost,#79A8C9,Classical tabular,3,strict_whole_screen,Whole-screen,Biohub_OPS0008,2,0.8124749294171731
catboost_multirmse,CatBoost,#79A8C9,Classical tabular,3,strict_whole_screen,Whole-screen,Biohub_OPS0009,2,0.7858801503976186
catboost_multirmse,CatBoost,#79A8C9,Classical tabular,3,strict_whole_screen,Whole-screen,Biohub_OPS0011,1,0.6943819435934225
catboost_multirmse,CatBoost,#79A8C9,Classical tabular,3,strict_whole_screen,Whole-screen,Biohub_OPS0012,1,0.7946522211035093
catboost_multirmse,CatBoost,#79A8C9,Classical tabular,3,strict_whole_screen,Whole-screen,Biohub_OPS0013,1,0.7250377101202806
catboost_multirmse,CatBoost,#79A8C9,Classical tabular,3,strict_whole_screen,Whole-screen,Biohub_OPS0014,1,0.8911804730693499
catboost_multirmse,CatBoost,#79A8C9,Classical tabular,3,strict_whole_screen,Whole-screen,Biohub_OPS0015,1,0.6544737468163172
catboost_multirmse,CatBoost,#79A8C9,Classical tabular,3,strict_whole_screen,Whole-screen,Biohub_OPS0016,1,0.6784574600557486
catboost_multirmse,CatBoost,#79A8C9,Classical tabular,3,strict_whole_screen,Whole-screen,Biohub_OPS0017,1,0.6922528153906266
catboost_multirmse,CatBoost,#79A8C9,Classical tabular,3,strict_whole_screen,Whole-screen,Biohub_OPS0018,1,0.8842733030517896
catboost_multirmse,CatBoost,#79A8C9,Classical tabular,3,strict_whole_screen,Whole-screen,Biohub_OPS0019,1,0.9173676297068596
catboost_multirmse,CatBoost,#79A8C9,Classical tabular,3,strict_whole_screen,Whole-screen,Biohub_OPS0020,1,0.8039401446779569
catboost_multirmse,CatBoost,#79A8C9,Classical tabular,3,strict_whole_screen,Whole-screen,Biohub_OPS0021,1,0.8027589780588945
catboost_multirmse,CatBoost,#79A8C9,Classical tabular,3,strict_whole_screen,Whole-screen,Biohub_OPS0022,1,0.3330062905636926
catboost_multirmse,CatBoost,#79A8C9,Classical tabular,3,strict_whole_screen,Whole-screen,Biohub_OPS0023,1,0.4172455714239428
catboost_multirmse,CatBoost,#79A8C9,Classical tabular,3,strict_whole_screen,Whole-screen,Biohub_OPS0025,1,0.7873995204766592
catboost_multirmse,CatBoost,#79A8C9,Classical tabular,3,strict_whole_screen,Whole-screen,Biohub_OPS0026,1,0.8992257143060366
catboost_multirmse,CatBoost,#79A8C9,Classical tabular,3,strict_whole_screen,Whole-screen,Biohub_OPS0027,1,0.8166540501018366
catboost_multirmse,CatBoost,#79A8C9,Classical tabular,3,strict_whole_screen,Whole-screen,Biohub_OPS0028,1,0.8111968524754047
catboost_multirmse,CatBoost,#79A8C9,Classical tabular,3,strict_whole_screen,Whole-screen,Biohub_OPS0029,1,0.5993856970841686
catboost_multirmse,CatBoost,#79A8C9,Classical tabular,3,strict_whole_screen,Whole-screen,Biohub_OPS0030,1,0.575005840199689
catboost_multirmse,CatBoost,#79A8C9,Classical tabular,3,strict_whole_screen,Whole-screen,Biohub_OPS0031,1,0.718248105297486
catboost_multirmse,CatBoost,#79A8C9,Classical tabular,3,strict_whole_screen,Whole-screen,Biohub_OPS0032,1,0.7495211145530144
catboost_multirmse,CatBoost,#79A8C9,Classical tabular,3,strict_whole_screen,Whole-screen,Biohub_OPS0033,1,0.8916624424358209
catboost_multirmse,CatBoost,#79A8C9,Classical tabular,3,strict_whole_screen,Whole-screen,Biohub_OPS0034,1,0.9053682262698808
catboost_multirmse,CatBoost,#79A8C9,Classical tabular,3,strict_whole_screen,Whole-screen,Biohub_OPS0036,1,0.6616363396557668
catboost_multirmse,CatBoost,#79A8C9,Classical tabular,3,strict_whole_screen,Whole-screen,Biohub_OPS0040,1,0.7093366549815983
catboost_multirmse,CatBoost,#79A8C9,Classical tabular,3,strict_whole_screen,Whole-screen,Biohub_OPS0041,1,0.4773181613224248
catboost_multirmse,CatBoost,#79A8C9,Classical tabular,3,strict_whole_screen,Whole-screen,Biohub_OPS0042,1,0.7173630919617912
catboost_multirmse,CatBoost,#79A8C9,Classical tabular,3,strict_whole_screen,Whole-screen,Biohub_OPS0044,1,0.910651169717312
catboost_multirmse,CatBoost,#79A8C9,Classical tabular,3,strict_whole_screen,Whole-screen,Biohub_OPS0045,2,0.5798454576482375
catboost_multirmse,CatBoost,#79A8C9,Classical tabular,3,strict_whole_screen,Whole-screen,Biohub_OPS0047,1,0.2633933550678193
catboost_multirmse,CatBoost,#79A8C9,Classical tabular,3,strict_whole_screen,Whole-screen,Biohub_OPS0048,1,0.6323849306087747
catboost_multirmse,CatBoost,#79A8C9,Classical tabular,3,strict_whole_screen,Whole-screen,Biohub_OPS0050,1,0.5631760836889347
catboost_multirmse,CatBoost,#79A8C9,Classical tabular,3,strict_whole_screen,Whole-screen,Biohub_OPS0051,1,0.7069727753599485
catboost_multirmse,CatBoost,#79A8C9,Classical tabular,3,strict_whole_screen,Whole-screen,Biohub_OPS0053,1,0.256082798121497
catboost_multirmse,CatBoost,#79A8C9,Classical tabular,3,strict_whole_screen,Whole-screen,Biohub_OPS0054,1,0.6910353588561217
catboost_multirmse,CatBoost,#79A8C9,Classical tabular,3,strict_whole_screen,Whole-screen,Biohub_OPS0055,1,0.9241415783762932
catboost_multirmse,CatBoost,#79A8C9,Classical tabular,3,strict_whole_screen,Whole-screen,Biohub_OPS0056,1,0.9125476330518724
catboost_multirmse,CatBoost,#79A8C9,Classical tabular,3,strict_whole_screen,Whole-screen,Biohub_OPS0057,2,0.6297553308929007
catboost_multirmse,CatBoost,#79A8C9,Classical tabular,3,strict_whole_screen,Whole-screen,Biohub_OPS0058,1,0.7276700039704641
catboost_multirmse,CatBoost,#79A8C9,Classical tabular,3,strict_whole_screen,Whole-screen,Biohub_OPS0059,1,0.559650419279933
catboost_multirmse,CatBoost,#79A8C9,Classical tabular,3,strict_whole_screen,Whole-screen,Biohub_OPS0060,1,0.8680941176911195
catboost_multirmse,CatBoost,#79A8C9,Classical tabular,3,strict_whole_screen,Whole-screen,Biohub_OPS0061,2,0.49232637812383473
catboost_multirmse,CatBoost,#79A8C9,Classical tabular,3,strict_whole_screen,Whole-screen,Biohub_OPS0062,2,0.42858988161121186
catboost_multirmse,CatBoost,#79A8C9,Classical tabular,3,strict_whole_screen,Whole-screen,Biohub_OPS0063,1,0.6408932025854787
catboost_multirmse,CatBoost,#79A8C9,Classical tabular,3,strict_whole_screen,Whole-screen,Biohub_OPS0064,2,0.5050532013798753
catboost_multirmse,CatBoost,#79A8C9,Classical tabular,3,strict_whole_screen,Whole-screen,Biohub_OPS0065,2,0.5173509824477757
catboost_multirmse,CatBoost,#79A8C9,Classical tabular,3,strict_whole_screen,Whole-screen,Biohub_OPS0066,1,0.9134234711527824
catboost_multirmse,CatBoost,#79A8C9,Classical tabular,3,strict_whole_screen,Whole-screen,Biohub_OPS0067,1,0.2165889277045304
catboost_multirmse,CatBoost,#79A8C9,Classical tabular,3,strict_whole_screen,Whole-screen,Biohub_OPS0068,1,0.5508919247270873
catboost_multirmse,CatBoost,#79A8C9,Classical tabular,3,strict_whole_screen,Whole-screen,Biohub_OPS0069,2,0.5329856397972133
catboost_multirmse,CatBoost,#79A8C9,Classical tabular,3,strict_whole_screen,Whole-screen,Biohub_OPS0070,1,0.5247417092323303
catboost_multirmse,CatBoost,#79A8C9,Classical tabular,3,strict_whole_screen,Whole-screen,Biohub_OPS0071,1,0.74251010765632
catboost_multirmse,CatBoost,#79A8C9,Classical tabular,3,strict_whole_screen,Whole-screen,Biohub_OPS0072,2,0.8144795006761948
catboost_multirmse,CatBoost,#79A8C9,Classical tabular,3,strict_whole_screen,Whole-screen,Biohub_OPS0073,1,0.554484324529767
catboost_multirmse,CatBoost,#79A8C9,Classical tabular,3,strict_whole_screen,Whole-screen,Biohub_OPS0074,2,0.6610257606953382
catboost_multirmse,CatBoost,#79A8C9,Classical tabular,3,strict_whole_screen,Whole-screen,Biohub_OPS0075,1,0.6640760203202566
catboost_multirmse,CatBoost,#79A8C9,Classical tabular,3,strict_whole_screen,Whole-screen,Biohub_OPS0076,1,0.8545032391945521
gbdt,GBDT,#5E88AD,Classical tabular,2,field_holdout_sanity,Field,Biohub_OPS0001,2,0.8035197444069305
gbdt,GBDT,#5E88AD,Classical tabular,2,field_holdout_sanity,Field,Biohub_OPS0002,1,0.6445724452696803
gbdt,GBDT,#5E88AD,Classical tabular,2,field_holdout_sanity,Field,Biohub_OPS0003,1,0.889998681401403
gbdt,GBDT,#5E88AD,Classical tabular,2,field_holdout_sanity,Field,Biohub_OPS0004,1,0.8798296916314067
gbdt,GBDT,#5E88AD,Classical tabular,2,field_holdout_sanity,Field,Biohub_OPS0005,2,0.7649553192807907
gbdt,GBDT,#5E88AD,Classical tabular,2,field_holdout_sanity,Field,Biohub_OPS0006,2,0.7297083486914263
gbdt,GBDT,#5E88AD,Classical tabular,2,field_holdout_sanity,Field,Biohub_OPS0007,2,0.72218865494069
gbdt,GBDT,#5E88AD,Classical tabular,2,field_holdout_sanity,Field,Biohub_OPS0008,2,0.7710357623231077
gbdt,GBDT,#5E88AD,Classical tabular,2,field_holdout_sanity,Field,Biohub_OPS0009,2,0.740478593546013
gbdt,GBDT,#5E88AD,Classical tabular,2,field_holdout_sanity,Field,Biohub_OPS0011,1,0.6839119596118167
gbdt,GBDT,#5E88AD,Classical tabular,2,field_holdout_sanity,Field,Biohub_OPS0012,1,0.7772230517168603
gbdt,GBDT,#5E88AD,Classical tabular,2,field_holdout_sanity,Field,Biohub_OPS0013,1,0.736137297534602
gbdt,GBDT,#5E88AD,Classical tabular,2,field_holdout_sanity,Field,Biohub_OPS0014,1,0.8808994115223306
gbdt,GBDT,#5E88AD,Classical tabular,2,field_holdout_sanity,Field,Biohub_OPS0015,1,0.7156582131357997
gbdt,GBDT,#5E88AD,Classical tabular,2,field_holdout_sanity,Field,Biohub_OPS0016,1,0.6700289988337825
gbdt,GBDT,#5E88AD,Classical tabular,2,field_holdout_sanity,Field,Biohub_OPS0017,1,0.665810554736566
gbdt,GBDT,#5E88AD,Classical tabular,2,field_holdout_sanity,Field,Biohub_OPS0018,1,0.869414221715665
gbdt,GBDT,#5E88AD,Classical tabular,2,field_holdout_sanity,Field,Biohub_OPS0019,1,0.9055889412722335
gbdt,GBDT,#5E88AD,Classical tabular,2,field_holdout_sanity,Field,Biohub_OPS0020,1,0.7691412465311965
gbdt,GBDT,#5E88AD,Classical tabular,2,field_holdout_sanity,Field,Biohub_OPS0021,1,0.7837822377735427
gbdt,GBDT,#5E88AD,Classical tabular,2,field_holdout_sanity,Field,Biohub_OPS0022,1,0.7569452763630276
gbdt,GBDT,#5E88AD,Classical tabular,2,field_holdout_sanity,Field,Biohub_OPS0023,1,0.6775397760102964
gbdt,GBDT,#5E88AD,Classical tabular,2,field_holdout_sanity,Field,Biohub_OPS0025,1,0.8314263497853384
gbdt,GBDT,#5E88AD,Classical tabular,2,field_holdout_sanity,Field,Biohub_OPS0026,1,0.9080922588562385
gbdt,GBDT,#5E88AD,Classical tabular,2,field_holdout_sanity,Field,Biohub_OPS0027,1,0.8195203855569216
gbdt,GBDT,#5E88AD,Classical tabular,2,field_holdout_sanity,Field,Biohub_OPS0028,1,0.8460683691352493
gbdt,GBDT,#5E88AD,Classical tabular,2,field_holdout_sanity,Field,Biohub_OPS0029,1,0.5956856042072806
gbdt,GBDT,#5E88AD,Classical tabular,2,field_holdout_sanity,Field,Biohub_OPS0030,1,0.6990793899186195
gbdt,GBDT,#5E88AD,Classical tabular,2,field_holdout_sanity,Field,Biohub_OPS0031,1,0.6553757964737379
gbdt,GBDT,#5E88AD,Classical tabular,2,field_holdout_sanity,Field,Biohub_OPS0032,1,0.686997232253348
gbdt,GBDT,#5E88AD,Classical tabular,2,field_holdout_sanity,Field,Biohub_OPS0033,1,0.8992519311547397
gbdt,GBDT,#5E88AD,Classical tabular,2,field_holdout_sanity,Field,Biohub_OPS0034,1,0.8919621804278263
gbdt,GBDT,#5E88AD,Classical tabular,2,field_holdout_sanity,Field,Biohub_OPS0035,1,0.896172503254126
gbdt,GBDT,#5E88AD,Classical tabular,2,field_holdout_sanity,Field,Biohub_OPS0036,1,0.7058633814114135
gbdt,GBDT,#5E88AD,Classical tabular,2,field_holdout_sanity,Field,Biohub_OPS0037,1,0.9085466646634472
gbdt,GBDT,#5E88AD,Classical tabular,2,field_holdout_sanity,Field,Biohub_OPS0039,1,0.8837335355733896
gbdt,GBDT,#5E88AD,Classical tabular,2,field_holdout_sanity,Field,Biohub_OPS0040,1,0.8905143058306327
gbdt,GBDT,#5E88AD,Classical tabular,2,field_holdout_sanity,Field,Biohub_OPS0041,1,0.5134130426509745
gbdt,GBDT,#5E88AD,Classical tabular,2,field_holdout_sanity,Field,Biohub_OPS0042,1,0.7479652472255401
gbdt,GBDT,#5E88AD,Classical tabular,2,field_holdout_sanity,Field,Biohub_OPS0043,7,0.6475390411725872
gbdt,GBDT,#5E88AD,Classical tabular,2,field_holdout_sanity,Field,Biohub_OPS0044,1,0.9021933982407914
gbdt,GBDT,#5E88AD,Classical tabular,2,field_holdout_sanity,Field,Biohub_OPS0045,2,0.6747867671472076
gbdt,GBDT,#5E88AD,Classical tabular,2,field_holdout_sanity,Field,Biohub_OPS0046,1,0.7557646712306543
gbdt,GBDT,#5E88AD,Classical tabular,2,field_holdout_sanity,Field,Biohub_OPS0047,1,0.891301085002822
gbdt,GBDT,#5E88AD,Classical tabular,2,field_holdout_sanity,Field,Biohub_OPS0048,1,0.7561015463763061
gbdt,GBDT,#5E88AD,Classical tabular,2,field_holdout_sanity,Field,Biohub_OPS0050,1,0.5597913791550974
gbdt,GBDT,#5E88AD,Classical tabular,2,field_holdout_sanity,Field,Biohub_OPS0051,1,0.7119772195085963
gbdt,GBDT,#5E88AD,Classical tabular,2,field_holdout_sanity,Field,Biohub_OPS0052,1,0.5740188083631432
gbdt,GBDT,#5E88AD,Classical tabular,2,field_holdout_sanity,Field,Biohub_OPS0053,1,0.697302684595952
gbdt,GBDT,#5E88AD,Classical tabular,2,field_holdout_sanity,Field,Biohub_OPS0054,1,0.6260479413102155
gbdt,GBDT,#5E88AD,Classical tabular,2,field_holdout_sanity,Field,Biohub_OPS0055,1,0.9182924493786684
gbdt,GBDT,#5E88AD,Classical tabular,2,field_holdout_sanity,Field,Biohub_OPS0056,1,0.9062580227237876
gbdt,GBDT,#5E88AD,Classical tabular,2,field_holdout_sanity,Field,Biohub_OPS0057,2,0.7371576781365807
gbdt,GBDT,#5E88AD,Classical tabular,2,field_holdout_sanity,Field,Biohub_OPS0058,1,0.7703104308733195
gbdt,GBDT,#5E88AD,Classical tabular,2,field_holdout_sanity,Field,Biohub_OPS0059,1,0.5949123255879013
gbdt,GBDT,#5E88AD,Classical tabular,2,field_holdout_sanity,Field,Biohub_OPS0060,1,0.8579844238201638
gbdt,GBDT,#5E88AD,Classical tabular,2,field_holdout_sanity,Field,Biohub_OPS0061,2,0.7095854552018709
gbdt,GBDT,#5E88AD,Classical tabular,2,field_holdout_sanity,Field,Biohub_OPS0062,2,0.7212226946647714
gbdt,GBDT,#5E88AD,Classical tabular,2,field_holdout_sanity,Field,Biohub_OPS0063,1,0.744025005002862
gbdt,GBDT,#5E88AD,Classical tabular,2,field_holdout_sanity,Field,Biohub_OPS0064,2,0.6880314857437775
gbdt,GBDT,#5E88AD,Classical tabular,2,field_holdout_sanity,Field,Biohub_OPS0065,2,0.7262531767835712
gbdt,GBDT,#5E88AD,Classical tabular,2,field_holdout_sanity,Field,Biohub_OPS0066,1,0.8996184804565016
gbdt,GBDT,#5E88AD,Classical tabular,2,field_holdout_sanity,Field,Biohub_OPS0067,1,0.5594970798625599
gbdt,GBDT,#5E88AD,Classical tabular,2,field_holdout_sanity,Field,Biohub_OPS0068,1,0.6490825048262363
gbdt,GBDT,#5E88AD,Classical tabular,2,field_holdout_sanity,Field,Biohub_OPS0069,2,0.6193992127253829
gbdt,GBDT,#5E88AD,Classical tabular,2,field_holdout_sanity,Field,Biohub_OPS0070,1,0.4676677418668004
gbdt,GBDT,#5E88AD,Classical tabular,2,field_holdout_sanity,Field,Biohub_OPS0071,1,0.6548285265394939
gbdt,GBDT,#5E88AD,Classical tabular,2,field_holdout_sanity,Field,Biohub_OPS0072,2,0.839039075323607
gbdt,GBDT,#5E88AD,Classical tabular,2,field_holdout_sanity,Field,Biohub_OPS0073,1,0.5109443207562295
gbdt,GBDT,#5E88AD,Classical tabular,2,field_holdout_sanity,Field,Biohub_OPS0074,2,0.8367314516132618
gbdt,GBDT,#5E88AD,Classical tabular,2,field_holdout_sanity,Field,Biohub_OPS0075,1,0.7457100331599097
gbdt,GBDT,#5E88AD,Classical tabular,2,field_holdout_sanity,Field,Biohub_OPS0076,1,0.8549240224293438
gbdt,GBDT,#5E88AD,Classical tabular,2,field_holdout_sanity,Field,Biohub_OPS0077,6,0.49024325232021415
gbdt,GBDT,#5E88AD,Classical tabular,2,gene_holdout_main,Gene,Biohub_OPS0001,2,0.8503000402127866
gbdt,GBDT,#5E88AD,Classical tabular,2,gene_holdout_main,Gene,Biohub_OPS0002,1,0.6862227916983236
gbdt,GBDT,#5E88AD,Classical tabular,2,gene_holdout_main,Gene,Biohub_OPS0003,1,0.9097565395962044
gbdt,GBDT,#5E88AD,Classical tabular,2,gene_holdout_main,Gene,Biohub_OPS0004,1,0.9252196523571932
gbdt,GBDT,#5E88AD,Classical tabular,2,gene_holdout_main,Gene,Biohub_OPS0005,2,0.8316045449219378
gbdt,GBDT,#5E88AD,Classical tabular,2,gene_holdout_main,Gene,Biohub_OPS0006,2,0.7809528480575412
gbdt,GBDT,#5E88AD,Classical tabular,2,gene_holdout_main,Gene,Biohub_OPS0007,2,0.7573466597567539
gbdt,GBDT,#5E88AD,Classical tabular,2,gene_holdout_main,Gene,Biohub_OPS0008,2,0.8160881969507481
gbdt,GBDT,#5E88AD,Classical tabular,2,gene_holdout_main,Gene,Biohub_OPS0009,2,0.7820781696970018
gbdt,GBDT,#5E88AD,Classical tabular,2,gene_holdout_main,Gene,Biohub_OPS0011,1,0.7164277968618693
gbdt,GBDT,#5E88AD,Classical tabular,2,gene_holdout_main,Gene,Biohub_OPS0012,1,0.8180539698551778
gbdt,GBDT,#5E88AD,Classical tabular,2,gene_holdout_main,Gene,Biohub_OPS0013,1,0.7712583693704889
gbdt,GBDT,#5E88AD,Classical tabular,2,gene_holdout_main,Gene,Biohub_OPS0014,1,0.9135506941613402
gbdt,GBDT,#5E88AD,Classical tabular,2,gene_holdout_main,Gene,Biohub_OPS0015,1,0.754703403849264
gbdt,GBDT,#5E88AD,Classical tabular,2,gene_holdout_main,Gene,Biohub_OPS0016,1,0.7162492592045805
gbdt,GBDT,#5E88AD,Classical tabular,2,gene_holdout_main,Gene,Biohub_OPS0017,1,0.7287888224069143
gbdt,GBDT,#5E88AD,Classical tabular,2,gene_holdout_main,Gene,Biohub_OPS0018,1,0.8999028182624546
gbdt,GBDT,#5E88AD,Classical tabular,2,gene_holdout_main,Gene,Biohub_OPS0019,1,0.9360548240028236
gbdt,GBDT,#5E88AD,Classical tabular,2,gene_holdout_main,Gene,Biohub_OPS0020,1,0.8166183944224237
gbdt,GBDT,#5E88AD,Classical tabular,2,gene_holdout_main,Gene,Biohub_OPS0021,1,0.8026158503484792
gbdt,GBDT,#5E88AD,Classical tabular,2,gene_holdout_main,Gene,Biohub_OPS0022,1,0.7919616368517745
gbdt,GBDT,#5E88AD,Classical tabular,2,gene_holdout_main,Gene,Biohub_OPS0023,1,0.7241974866228605
gbdt,GBDT,#5E88AD,Classical tabular,2,gene_holdout_main,Gene,Biohub_OPS0025,1,0.8598319180774099
gbdt,GBDT,#5E88AD,Classical tabular,2,gene_holdout_main,Gene,Biohub_OPS0026,1,0.9282457403066664
gbdt,GBDT,#5E88AD,Classical tabular,2,gene_holdout_main,Gene,Biohub_OPS0027,1,0.8714475702221086
gbdt,GBDT,#5E88AD,Classical tabular,2,gene_holdout_main,Gene,Biohub_OPS0028,1,0.8886404368370835
gbdt,GBDT,#5E88AD,Classical tabular,2,gene_holdout_main,Gene,Biohub_OPS0029,1,0.6583215171296631
gbdt,GBDT,#5E88AD,Classical tabular,2,gene_holdout_main,Gene,Biohub_OPS0030,1,0.7149925370072449
gbdt,GBDT,#5E88AD,Classical tabular,2,gene_holdout_main,Gene,Biohub_OPS0031,1,0.7349694008256571
gbdt,GBDT,#5E88AD,Classical tabular,2,gene_holdout_main,Gene,Biohub_OPS0032,1,0.7672630747380946
gbdt,GBDT,#5E88AD,Classical tabular,2,gene_holdout_main,Gene,Biohub_OPS0033,1,0.9287534689970126
gbdt,GBDT,#5E88AD,Classical tabular,2,gene_holdout_main,Gene,Biohub_OPS0034,1,0.9201090515240824
gbdt,GBDT,#5E88AD,Classical tabular,2,gene_holdout_main,Gene,Biohub_OPS0035,1,0.9330404302803122
gbdt,GBDT,#5E88AD,Classical tabular,2,gene_holdout_main,Gene,Biohub_OPS0036,1,0.7823121181049771
gbdt,GBDT,#5E88AD,Classical tabular,2,gene_holdout_main,Gene,Biohub_OPS0037,1,0.9314613269038756
gbdt,GBDT,#5E88AD,Classical tabular,2,gene_holdout_main,Gene,Biohub_OPS0039,1,0.9264524608578164
gbdt,GBDT,#5E88AD,Classical tabular,2,gene_holdout_main,Gene,Biohub_OPS0040,1,0.9299679511281788
gbdt,GBDT,#5E88AD,Classical tabular,2,gene_holdout_main,Gene,Biohub_OPS0041,1,0.5782249187148779
gbdt,GBDT,#5E88AD,Classical tabular,2,gene_holdout_main,Gene,Biohub_OPS0042,1,0.8291124122554802
gbdt,GBDT,#5E88AD,Classical tabular,2,gene_holdout_main,Gene,Biohub_OPS0043,7,0.7267282476756822
gbdt,GBDT,#5E88AD,Classical tabular,2,gene_holdout_main,Gene,Biohub_OPS0044,1,0.923706320791284
gbdt,GBDT,#5E88AD,Classical tabular,2,gene_holdout_main,Gene,Biohub_OPS0045,2,0.7243022663036095
gbdt,GBDT,#5E88AD,Classical tabular,2,gene_holdout_main,Gene,Biohub_OPS0046,1,0.8130500006754526
gbdt,GBDT,#5E88AD,Classical tabular,2,gene_holdout_main,Gene,Biohub_OPS0047,1,0.922340108871754
gbdt,GBDT,#5E88AD,Classical tabular,2,gene_holdout_main,Gene,Biohub_OPS0048,1,0.8166550054396718
gbdt,GBDT,#5E88AD,Classical tabular,2,gene_holdout_main,Gene,Biohub_OPS0050,1,0.5938848435297627
gbdt,GBDT,#5E88AD,Classical tabular,2,gene_holdout_main,Gene,Biohub_OPS0051,1,0.7732958562164193
gbdt,GBDT,#5E88AD,Classical tabular,2,gene_holdout_main,Gene,Biohub_OPS0052,1,0.6565754015024919
gbdt,GBDT,#5E88AD,Classical tabular,2,gene_holdout_main,Gene,Biohub_OPS0053,1,0.7411871133053372
gbdt,GBDT,#5E88AD,Classical tabular,2,gene_holdout_main,Gene,Biohub_OPS0054,1,0.7017793560501904
gbdt,GBDT,#5E88AD,Classical tabular,2,gene_holdout_main,Gene,Biohub_OPS0055,1,0.9464256529118078
gbdt,GBDT,#5E88AD,Classical tabular,2,gene_holdout_main,Gene,Biohub_OPS0056,1,0.9435585956144537
gbdt,GBDT,#5E88AD,Classical tabular,2,gene_holdout_main,Gene,Biohub_OPS0057,2,0.7820369123716109
gbdt,GBDT,#5E88AD,Classical tabular,2,gene_holdout_main,Gene,Biohub_OPS0058,1,0.8435461416763467
gbdt,GBDT,#5E88AD,Classical tabular,2,gene_holdout_main,Gene,Biohub_OPS0059,1,0.6600344517126796
gbdt,GBDT,#5E88AD,Classical tabular,2,gene_holdout_main,Gene,Biohub_OPS0060,1,0.8894832824493536
gbdt,GBDT,#5E88AD,Classical tabular,2,gene_holdout_main,Gene,Biohub_OPS0061,2,0.7335725185403683
gbdt,GBDT,#5E88AD,Classical tabular,2,gene_holdout_main,Gene,Biohub_OPS0062,2,0.7942496448557441
gbdt,GBDT,#5E88AD,Classical tabular,2,gene_holdout_main,Gene,Biohub_OPS0063,1,0.8137472015650197
gbdt,GBDT,#5E88AD,Classical tabular,2,gene_holdout_main,Gene,Biohub_OPS0064,2,0.7580371950429645
gbdt,GBDT,#5E88AD,Classical tabular,2,gene_holdout_main,Gene,Biohub_OPS0065,2,0.7506080688965479
gbdt,GBDT,#5E88AD,Classical tabular,2,gene_holdout_main,Gene,Biohub_OPS0066,1,0.932774836425221
gbdt,GBDT,#5E88AD,Classical tabular,2,gene_holdout_main,Gene,Biohub_OPS0067,1,0.6284742790144051
gbdt,GBDT,#5E88AD,Classical tabular,2,gene_holdout_main,Gene,Biohub_OPS0068,1,0.7057995306684557
gbdt,GBDT,#5E88AD,Classical tabular,2,gene_holdout_main,Gene,Biohub_OPS0069,2,0.6628526612272685
gbdt,GBDT,#5E88AD,Classical tabular,2,gene_holdout_main,Gene,Biohub_OPS0070,1,0.5600429367346274
gbdt,GBDT,#5E88AD,Classical tabular,2,gene_holdout_main,Gene,Biohub_OPS0071,1,0.7511914203806898
gbdt,GBDT,#5E88AD,Classical tabular,2,gene_holdout_main,Gene,Biohub_OPS0072,2,0.8782362702876372
gbdt,GBDT,#5E88AD,Classical tabular,2,gene_holdout_main,Gene,Biohub_OPS0073,1,0.5696247392804631
gbdt,GBDT,#5E88AD,Classical tabular,2,gene_holdout_main,Gene,Biohub_OPS0074,2,0.8668807801452287
gbdt,GBDT,#5E88AD,Classical tabular,2,gene_holdout_main,Gene,Biohub_OPS0075,1,0.8200238541247659
gbdt,GBDT,#5E88AD,Classical tabular,2,gene_holdout_main,Gene,Biohub_OPS0076,1,0.8710176522942685
gbdt,GBDT,#5E88AD,Classical tabular,2,gene_holdout_main,Gene,Biohub_OPS0077,6,0.5355362649130578
gbdt,GBDT,#5E88AD,Classical tabular,2,strict_whole_screen,Whole-screen,Biohub_OPS0001,2,0.8645792258282503
gbdt,GBDT,#5E88AD,Classical tabular,2,strict_whole_screen,Whole-screen,Biohub_OPS0002,1,0.6405338682234287
gbdt,GBDT,#5E88AD,Classical tabular,2,strict_whole_screen,Whole-screen,Biohub_OPS0003,1,0.9103921006123225
gbdt,GBDT,#5E88AD,Classical tabular,2,strict_whole_screen,Whole-screen,Biohub_OPS0004,1,0.9273098732034364
gbdt,GBDT,#5E88AD,Classical tabular,2,strict_whole_screen,Whole-screen,Biohub_OPS0005,2,0.838902089248101
gbdt,GBDT,#5E88AD,Classical tabular,2,strict_whole_screen,Whole-screen,Biohub_OPS0006,2,0.7856257647275925
gbdt,GBDT,#5E88AD,Classical tabular,2,strict_whole_screen,Whole-screen,Biohub_OPS0007,2,0.7512196390579144
gbdt,GBDT,#5E88AD,Classical tabular,2,strict_whole_screen,Whole-screen,Biohub_OPS0008,2,0.8206830138961474
gbdt,GBDT,#5E88AD,Classical tabular,2,strict_whole_screen,Whole-screen,Biohub_OPS0009,2,0.7948703390856584
gbdt,GBDT,#5E88AD,Classical tabular,2,strict_whole_screen,Whole-screen,Biohub_OPS0011,1,0.7139505023757616
gbdt,GBDT,#5E88AD,Classical tabular,2,strict_whole_screen,Whole-screen,Biohub_OPS0012,1,0.7994169779121876
gbdt,GBDT,#5E88AD,Classical tabular,2,strict_whole_screen,Whole-screen,Biohub_OPS0013,1,0.7294564296801885
gbdt,GBDT,#5E88AD,Classical tabular,2,strict_whole_screen,Whole-screen,Biohub_OPS0014,1,0.9032108063499132
gbdt,GBDT,#5E88AD,Classical tabular,2,strict_whole_screen,Whole-screen,Biohub_OPS0015,1,0.6132557114275793
gbdt,GBDT,#5E88AD,Classical tabular,2,strict_whole_screen,Whole-screen,Biohub_OPS0016,1,0.7106502422442039
gbdt,GBDT,#5E88AD,Classical tabular,2,strict_whole_screen,Whole-screen,Biohub_OPS0017,1,0.7189476769417524
gbdt,GBDT,#5E88AD,Classical tabular,2,strict_whole_screen,Whole-screen,Biohub_OPS0018,1,0.8956306601564089
gbdt,GBDT,#5E88AD,Classical tabular,2,strict_whole_screen,Whole-screen,Biohub_OPS0019,1,0.9247853259245554
gbdt,GBDT,#5E88AD,Classical tabular,2,strict_whole_screen,Whole-screen,Biohub_OPS0020,1,0.812623086074988
gbdt,GBDT,#5E88AD,Classical tabular,2,strict_whole_screen,Whole-screen,Biohub_OPS0021,1,0.805346243083477
gbdt,GBDT,#5E88AD,Classical tabular,2,strict_whole_screen,Whole-screen,Biohub_OPS0022,1,0.3354008607566356
gbdt,GBDT,#5E88AD,Classical tabular,2,strict_whole_screen,Whole-screen,Biohub_OPS0023,1,0.4526831506130596
gbdt,GBDT,#5E88AD,Classical tabular,2,strict_whole_screen,Whole-screen,Biohub_OPS0025,1,0.7903611281265815
gbdt,GBDT,#5E88AD,Classical tabular,2,strict_whole_screen,Whole-screen,Biohub_OPS0026,1,0.9089386761188508
gbdt,GBDT,#5E88AD,Classical tabular,2,strict_whole_screen,Whole-screen,Biohub_OPS0027,1,0.8265584868689378
gbdt,GBDT,#5E88AD,Classical tabular,2,strict_whole_screen,Whole-screen,Biohub_OPS0028,1,0.7937426380813122
gbdt,GBDT,#5E88AD,Classical tabular,2,strict_whole_screen,Whole-screen,Biohub_OPS0029,1,0.6269742784400781
gbdt,GBDT,#5E88AD,Classical tabular,2,strict_whole_screen,Whole-screen,Biohub_OPS0030,1,0.569165917734305
gbdt,GBDT,#5E88AD,Classical tabular,2,strict_whole_screen,Whole-screen,Biohub_OPS0031,1,0.7247098671893278
gbdt,GBDT,#5E88AD,Classical tabular,2,strict_whole_screen,Whole-screen,Biohub_OPS0032,1,0.7559149408092102
gbdt,GBDT,#5E88AD,Classical tabular,2,strict_whole_screen,Whole-screen,Biohub_OPS0033,1,0.8977128403882185
gbdt,GBDT,#5E88AD,Classical tabular,2,strict_whole_screen,Whole-screen,Biohub_OPS0034,1,0.9175946724911532
gbdt,GBDT,#5E88AD,Classical tabular,2,strict_whole_screen,Whole-screen,Biohub_OPS0036,1,0.6800782675078759
gbdt,GBDT,#5E88AD,Classical tabular,2,strict_whole_screen,Whole-screen,Biohub_OPS0040,1,0.6968070970227321
gbdt,GBDT,#5E88AD,Classical tabular,2,strict_whole_screen,Whole-screen,Biohub_OPS0041,1,0.4794938396662473
gbdt,GBDT,#5E88AD,Classical tabular,2,strict_whole_screen,Whole-screen,Biohub_OPS0042,1,0.7329183854162693
gbdt,GBDT,#5E88AD,Classical tabular,2,strict_whole_screen,Whole-screen,Biohub_OPS0044,1,0.9179119604329268
gbdt,GBDT,#5E88AD,Classical tabular,2,strict_whole_screen,Whole-screen,Biohub_OPS0045,2,0.5616972963325679
gbdt,GBDT,#5E88AD,Classical tabular,2,strict_whole_screen,Whole-screen,Biohub_OPS0047,1,0.1316149530466646
gbdt,GBDT,#5E88AD,Classical tabular,2,strict_whole_screen,Whole-screen,Biohub_OPS0048,1,0.6296768289369842
gbdt,GBDT,#5E88AD,Classical tabular,2,strict_whole_screen,Whole-screen,Biohub_OPS0050,1,0.5615222823495666
gbdt,GBDT,#5E88AD,Classical tabular,2,strict_whole_screen,Whole-screen,Biohub_OPS0051,1,0.6982903269430002
gbdt,GBDT,#5E88AD,Classical tabular,2,strict_whole_screen,Whole-screen,Biohub_OPS0053,1,0.2655815626882638
gbdt,GBDT,#5E88AD,Classical tabular,2,strict_whole_screen,Whole-screen,Biohub_OPS0054,1,0.6907785621782144
gbdt,GBDT,#5E88AD,Classical tabular,2,strict_whole_screen,Whole-screen,Biohub_OPS0055,1,0.931174690524737
gbdt,GBDT,#5E88AD,Classical tabular,2,strict_whole_screen,Whole-screen,Biohub_OPS0056,1,0.9275269297262032
gbdt,GBDT,#5E88AD,Classical tabular,2,strict_whole_screen,Whole-screen,Biohub_OPS0057,2,0.6069497669426103
gbdt,GBDT,#5E88AD,Classical tabular,2,strict_whole_screen,Whole-screen,Biohub_OPS0058,1,0.6797974618772665
gbdt,GBDT,#5E88AD,Classical tabular,2,strict_whole_screen,Whole-screen,Biohub_OPS0059,1,0.5578999159236749
gbdt,GBDT,#5E88AD,Classical tabular,2,strict_whole_screen,Whole-screen,Biohub_OPS0060,1,0.8773612541457018
gbdt,GBDT,#5E88AD,Classical tabular,2,strict_whole_screen,Whole-screen,Biohub_OPS0061,2,0.47988943485931185
gbdt,GBDT,#5E88AD,Classical tabular,2,strict_whole_screen,Whole-screen,Biohub_OPS0062,2,0.4394493643970539
gbdt,GBDT,#5E88AD,Classical tabular,2,strict_whole_screen,Whole-screen,Biohub_OPS0063,1,0.4568373810810347
gbdt,GBDT,#5E88AD,Classical tabular,2,strict_whole_screen,Whole-screen,Biohub_OPS0064,2,0.5197607722754279
gbdt,GBDT,#5E88AD,Classical tabular,2,strict_whole_screen,Whole-screen,Biohub_OPS0065,2,0.5693338583029496
gbdt,GBDT,#5E88AD,Classical tabular,2,strict_whole_screen,Whole-screen,Biohub_OPS0066,1,0.9266322329640388
gbdt,GBDT,#5E88AD,Classical tabular,2,strict_whole_screen,Whole-screen,Biohub_OPS0067,1,0.1709078085065508
gbdt,GBDT,#5E88AD,Classical tabular,2,strict_whole_screen,Whole-screen,Biohub_OPS0068,1,0.5608626285102218
gbdt,GBDT,#5E88AD,Classical tabular,2,strict_whole_screen,Whole-screen,Biohub_OPS0069,2,0.5075983096442844
gbdt,GBDT,#5E88AD,Classical tabular,2,strict_whole_screen,Whole-screen,Biohub_OPS0070,1,0.5270543415099382
gbdt,GBDT,#5E88AD,Classical tabular,2,strict_whole_screen,Whole-screen,Biohub_OPS0071,1,0.7476801561812559
gbdt,GBDT,#5E88AD,Classical tabular,2,strict_whole_screen,Whole-screen,Biohub_OPS0072,2,0.8299661036580801
gbdt,GBDT,#5E88AD,Classical tabular,2,strict_whole_screen,Whole-screen,Biohub_OPS0073,1,0.5521217177932461
gbdt,GBDT,#5E88AD,Classical tabular,2,strict_whole_screen,Whole-screen,Biohub_OPS0074,2,0.673517731949687
gbdt,GBDT,#5E88AD,Classical tabular,2,strict_whole_screen,Whole-screen,Biohub_OPS0075,1,0.706752995805194
gbdt,GBDT,#5E88AD,Classical tabular,2,strict_whole_screen,Whole-screen,Biohub_OPS0076,1,0.8646204707523187
midas_ops,MIDAS,#C85A3C,Biological completion,9,field_holdout_sanity,Field,Biohub_OPS0001,2,0.7281993082044049
midas_ops,MIDAS,#C85A3C,Biological completion,9,field_holdout_sanity,Field,Biohub_OPS0002,1,0.5612408307204145
midas_ops,MIDAS,#C85A3C,Biological completion,9,field_holdout_sanity,Field,Biohub_OPS0003,1,0.8495192123087425
midas_ops,MIDAS,#C85A3C,Biological completion,9,field_holdout_sanity,Field,Biohub_OPS0004,1,0.8333479677155654
midas_ops,MIDAS,#C85A3C,Biological completion,9,field_holdout_sanity,Field,Biohub_OPS0005,2,0.6903100638877384
midas_ops,MIDAS,#C85A3C,Biological completion,9,field_holdout_sanity,Field,Biohub_OPS0006,2,0.6493069788702732
midas_ops,MIDAS,#C85A3C,Biological completion,9,field_holdout_sanity,Field,Biohub_OPS0007,2,0.6548813420180264
midas_ops,MIDAS,#C85A3C,Biological completion,9,field_holdout_sanity,Field,Biohub_OPS0008,2,0.7074649925378846
midas_ops,MIDAS,#C85A3C,Biological completion,9,field_holdout_sanity,Field,Biohub_OPS0009,2,0.6736068975721458
midas_ops,MIDAS,#C85A3C,Biological completion,9,field_holdout_sanity,Field,Biohub_OPS0011,1,0.5472734764292875
midas_ops,MIDAS,#C85A3C,Biological completion,9,field_holdout_sanity,Field,Biohub_OPS0012,1,0.6333447538038278
midas_ops,MIDAS,#C85A3C,Biological completion,9,field_holdout_sanity,Field,Biohub_OPS0013,1,0.615521140795822
midas_ops,MIDAS,#C85A3C,Biological completion,9,field_holdout_sanity,Field,Biohub_OPS0014,1,0.7335048369928655
midas_ops,MIDAS,#C85A3C,Biological completion,9,field_holdout_sanity,Field,Biohub_OPS0015,1,0.613676780223621
midas_ops,MIDAS,#C85A3C,Biological completion,9,field_holdout_sanity,Field,Biohub_OPS0016,1,0.5512786536657512
midas_ops,MIDAS,#C85A3C,Biological completion,9,field_holdout_sanity,Field,Biohub_OPS0017,1,0.5320729880691166
midas_ops,MIDAS,#C85A3C,Biological completion,9,field_holdout_sanity,Field,Biohub_OPS0018,1,0.7592729811596693
midas_ops,MIDAS,#C85A3C,Biological completion,9,field_holdout_sanity,Field,Biohub_OPS0019,1,0.7920358945269806
midas_ops,MIDAS,#C85A3C,Biological completion,9,field_holdout_sanity,Field,Biohub_OPS0020,1,0.5194559839178576
midas_ops,MIDAS,#C85A3C,Biological completion,9,field_holdout_sanity,Field,Biohub_OPS0021,1,0.5551711801438146
midas_ops,MIDAS,#C85A3C,Biological completion,9,field_holdout_sanity,Field,Biohub_OPS0022,1,0.6360507289046803
midas_ops,MIDAS,#C85A3C,Biological completion,9,field_holdout_sanity,Field,Biohub_OPS0023,1,0.4934349316291145
midas_ops,MIDAS,#C85A3C,Biological completion,9,field_holdout_sanity,Field,Biohub_OPS0025,1,0.7082772568650202
midas_ops,MIDAS,#C85A3C,Biological completion,9,field_holdout_sanity,Field,Biohub_OPS0026,1,0.7990915536192965
midas_ops,MIDAS,#C85A3C,Biological completion,9,field_holdout_sanity,Field,Biohub_OPS0027,1,0.704341189700409
midas_ops,MIDAS,#C85A3C,Biological completion,9,field_holdout_sanity,Field,Biohub_OPS0028,1,0.7980856030528205
midas_ops,MIDAS,#C85A3C,Biological completion,9,field_holdout_sanity,Field,Biohub_OPS0029,1,0.4652568673855823
midas_ops,MIDAS,#C85A3C,Biological completion,9,field_holdout_sanity,Field,Biohub_OPS0030,1,0.5185624980917634
midas_ops,MIDAS,#C85A3C,Biological completion,9,field_holdout_sanity,Field,Biohub_OPS0031,1,0.5627438371936946
midas_ops,MIDAS,#C85A3C,Biological completion,9,field_holdout_sanity,Field,Biohub_OPS0032,1,0.6118660148337814
midas_ops,MIDAS,#C85A3C,Biological completion,9,field_holdout_sanity,Field,Biohub_OPS0033,1,0.8409760556841097
midas_ops,MIDAS,#C85A3C,Biological completion,9,field_holdout_sanity,Field,Biohub_OPS0034,1,0.7622714842977714
midas_ops,MIDAS,#C85A3C,Biological completion,9,field_holdout_sanity,Field,Biohub_OPS0035,1,0.8314601992170646
midas_ops,MIDAS,#C85A3C,Biological completion,9,field_holdout_sanity,Field,Biohub_OPS0036,1,0.5453157678655097
midas_ops,MIDAS,#C85A3C,Biological completion,9,field_holdout_sanity,Field,Biohub_OPS0037,1,0.8464370242584676
midas_ops,MIDAS,#C85A3C,Biological completion,9,field_holdout_sanity,Field,Biohub_OPS0039,1,0.8108020626939885
midas_ops,MIDAS,#C85A3C,Biological completion,9,field_holdout_sanity,Field,Biohub_OPS0040,1,0.7861722335456136
midas_ops,MIDAS,#C85A3C,Biological completion,9,field_holdout_sanity,Field,Biohub_OPS0041,1,0.359642954028196
midas_ops,MIDAS,#C85A3C,Biological completion,9,field_holdout_sanity,Field,Biohub_OPS0042,1,0.6045478087022533
midas_ops,MIDAS,#C85A3C,Biological completion,9,field_holdout_sanity,Field,Biohub_OPS0043,7,0.5579677381874648
midas_ops,MIDAS,#C85A3C,Biological completion,9,field_holdout_sanity,Field,Biohub_OPS0044,1,0.8332774797116592
midas_ops,MIDAS,#C85A3C,Biological completion,9,field_holdout_sanity,Field,Biohub_OPS0045,2,0.5382553157561668
midas_ops,MIDAS,#C85A3C,Biological completion,9,field_holdout_sanity,Field,Biohub_OPS0046,1,0.6894581525985043
midas_ops,MIDAS,#C85A3C,Biological completion,9,field_holdout_sanity,Field,Biohub_OPS0047,1,0.6313638613457234
midas_ops,MIDAS,#C85A3C,Biological completion,9,field_holdout_sanity,Field,Biohub_OPS0048,1,0.6532384104332792
midas_ops,MIDAS,#C85A3C,Biological completion,9,field_holdout_sanity,Field,Biohub_OPS0050,1,0.4039431059050797
midas_ops,MIDAS,#C85A3C,Biological completion,9,field_holdout_sanity,Field,Biohub_OPS0051,1,0.6529406456792911
midas_ops,MIDAS,#C85A3C,Biological completion,9,field_holdout_sanity,Field,Biohub_OPS0052,1,0.4967727210995263
midas_ops,MIDAS,#C85A3C,Biological completion,9,field_holdout_sanity,Field,Biohub_OPS0053,1,0.5424436461925657
midas_ops,MIDAS,#C85A3C,Biological completion,9,field_holdout_sanity,Field,Biohub_OPS0054,1,0.511504722991638
midas_ops,MIDAS,#C85A3C,Biological completion,9,field_holdout_sanity,Field,Biohub_OPS0055,1,0.8592124399682426
midas_ops,MIDAS,#C85A3C,Biological completion,9,field_holdout_sanity,Field,Biohub_OPS0056,1,0.8220146159932908
midas_ops,MIDAS,#C85A3C,Biological completion,9,field_holdout_sanity,Field,Biohub_OPS0057,2,0.5198001326829191
midas_ops,MIDAS,#C85A3C,Biological completion,9,field_holdout_sanity,Field,Biohub_OPS0058,1,0.6586839826318609
midas_ops,MIDAS,#C85A3C,Biological completion,9,field_holdout_sanity,Field,Biohub_OPS0059,1,0.5372402141970318
midas_ops,MIDAS,#C85A3C,Biological completion,9,field_holdout_sanity,Field,Biohub_OPS0060,1,0.7412833879812245
midas_ops,MIDAS,#C85A3C,Biological completion,9,field_holdout_sanity,Field,Biohub_OPS0061,2,0.5187537220004164
midas_ops,MIDAS,#C85A3C,Biological completion,9,field_holdout_sanity,Field,Biohub_OPS0062,2,0.49508753517523846
midas_ops,MIDAS,#C85A3C,Biological completion,9,field_holdout_sanity,Field,Biohub_OPS0063,1,0.6015645823999355
midas_ops,MIDAS,#C85A3C,Biological completion,9,field_holdout_sanity,Field,Biohub_OPS0064,2,0.5591294940632193
midas_ops,MIDAS,#C85A3C,Biological completion,9,field_holdout_sanity,Field,Biohub_OPS0065,2,0.6321978911144395
midas_ops,MIDAS,#C85A3C,Biological completion,9,field_holdout_sanity,Field,Biohub_OPS0066,1,0.7550080617220042
midas_ops,MIDAS,#C85A3C,Biological completion,9,field_holdout_sanity,Field,Biohub_OPS0067,1,0.4109955074503504
midas_ops,MIDAS,#C85A3C,Biological completion,9,field_holdout_sanity,Field,Biohub_OPS0068,1,0.5749059069989495
midas_ops,MIDAS,#C85A3C,Biological completion,9,field_holdout_sanity,Field,Biohub_OPS0069,2,0.504557657517679
midas_ops,MIDAS,#C85A3C,Biological completion,9,field_holdout_sanity,Field,Biohub_OPS0070,1,0.3811800235833826
midas_ops,MIDAS,#C85A3C,Biological completion,9,field_holdout_sanity,Field,Biohub_OPS0071,1,0.583612519276697
midas_ops,MIDAS,#C85A3C,Biological completion,9,field_holdout_sanity,Field,Biohub_OPS0072,2,0.767340101218125
midas_ops,MIDAS,#C85A3C,Biological completion,9,field_holdout_sanity,Field,Biohub_OPS0073,1,0.3908567320274901
midas_ops,MIDAS,#C85A3C,Biological completion,9,field_holdout_sanity,Field,Biohub_OPS0074,2,0.7552903444875522
midas_ops,MIDAS,#C85A3C,Biological completion,9,field_holdout_sanity,Field,Biohub_OPS0075,1,0.5913768952251633
midas_ops,MIDAS,#C85A3C,Biological completion,9,field_holdout_sanity,Field,Biohub_OPS0076,1,0.7633913155891351
midas_ops,MIDAS,#C85A3C,Biological completion,9,field_holdout_sanity,Field,Biohub_OPS0077,6,0.34012258544515805
midas_ops,MIDAS,#C85A3C,Biological completion,9,gene_holdout_main,Gene,Biohub_OPS0001,2,0.7809565708196056
midas_ops,MIDAS,#C85A3C,Biological completion,9,gene_holdout_main,Gene,Biohub_OPS0002,1,0.5976990731514541
midas_ops,MIDAS,#C85A3C,Biological completion,9,gene_holdout_main,Gene,Biohub_OPS0003,1,0.8629296991115534
midas_ops,MIDAS,#C85A3C,Biological completion,9,gene_holdout_main,Gene,Biohub_OPS0004,1,0.8834643570663054
midas_ops,MIDAS,#C85A3C,Biological completion,9,gene_holdout_main,Gene,Biohub_OPS0005,2,0.7491387413154018
midas_ops,MIDAS,#C85A3C,Biological completion,9,gene_holdout_main,Gene,Biohub_OPS0006,2,0.6952915483823693
midas_ops,MIDAS,#C85A3C,Biological completion,9,gene_holdout_main,Gene,Biohub_OPS0007,2,0.6782877233742817
midas_ops,MIDAS,#C85A3C,Biological completion,9,gene_holdout_main,Gene,Biohub_OPS0008,2,0.7556192451484357
midas_ops,MIDAS,#C85A3C,Biological completion,9,gene_holdout_main,Gene,Biohub_OPS0009,2,0.7130004181961576
midas_ops,MIDAS,#C85A3C,Biological completion,9,gene_holdout_main,Gene,Biohub_OPS0011,1,0.5837517117948979
midas_ops,MIDAS,#C85A3C,Biological completion,9,gene_holdout_main,Gene,Biohub_OPS0012,1,0.6748791828894688
midas_ops,MIDAS,#C85A3C,Biological completion,9,gene_holdout_main,Gene,Biohub_OPS0013,1,0.6522701180826761
midas_ops,MIDAS,#C85A3C,Biological completion,9,gene_holdout_main,Gene,Biohub_OPS0014,1,0.7737163678560153
midas_ops,MIDAS,#C85A3C,Biological completion,9,gene_holdout_main,Gene,Biohub_OPS0015,1,0.554074764405965
midas_ops,MIDAS,#C85A3C,Biological completion,9,gene_holdout_main,Gene,Biohub_OPS0016,1,0.534410051564457
midas_ops,MIDAS,#C85A3C,Biological completion,9,gene_holdout_main,Gene,Biohub_OPS0017,1,0.5404428791492631
midas_ops,MIDAS,#C85A3C,Biological completion,9,gene_holdout_main,Gene,Biohub_OPS0018,1,0.7486746963027451
midas_ops,MIDAS,#C85A3C,Biological completion,9,gene_holdout_main,Gene,Biohub_OPS0019,1,0.7995204983653172
midas_ops,MIDAS,#C85A3C,Biological completion,9,gene_holdout_main,Gene,Biohub_OPS0020,1,0.5765898154774236
midas_ops,MIDAS,#C85A3C,Biological completion,9,gene_holdout_main,Gene,Biohub_OPS0021,1,0.5882525594621101
midas_ops,MIDAS,#C85A3C,Biological completion,9,gene_holdout_main,Gene,Biohub_OPS0022,1,0.6654841106546611
midas_ops,MIDAS,#C85A3C,Biological completion,9,gene_holdout_main,Gene,Biohub_OPS0023,1,0.546563637457759
midas_ops,MIDAS,#C85A3C,Biological completion,9,gene_holdout_main,Gene,Biohub_OPS0025,1,0.7335873526098821
midas_ops,MIDAS,#C85A3C,Biological completion,9,gene_holdout_main,Gene,Biohub_OPS0026,1,0.8235557132151059
midas_ops,MIDAS,#C85A3C,Biological completion,9,gene_holdout_main,Gene,Biohub_OPS0027,1,0.7462247951066278
midas_ops,MIDAS,#C85A3C,Biological completion,9,gene_holdout_main,Gene,Biohub_OPS0028,1,0.8147039369409906
midas_ops,MIDAS,#C85A3C,Biological completion,9,gene_holdout_main,Gene,Biohub_OPS0029,1,0.5027490316017925
midas_ops,MIDAS,#C85A3C,Biological completion,9,gene_holdout_main,Gene,Biohub_OPS0030,1,0.5144404100144384
midas_ops,MIDAS,#C85A3C,Biological completion,9,gene_holdout_main,Gene,Biohub_OPS0031,1,0.6214312382691635
midas_ops,MIDAS,#C85A3C,Biological completion,9,gene_holdout_main,Gene,Biohub_OPS0032,1,0.6778358978503664
midas_ops,MIDAS,#C85A3C,Biological completion,9,gene_holdout_main,Gene,Biohub_OPS0033,1,0.8189500082633273
midas_ops,MIDAS,#C85A3C,Biological completion,9,gene_holdout_main,Gene,Biohub_OPS0034,1,0.7951750478889782
midas_ops,MIDAS,#C85A3C,Biological completion,9,gene_holdout_main,Gene,Biohub_OPS0035,1,0.8238190978753858
midas_ops,MIDAS,#C85A3C,Biological completion,9,gene_holdout_main,Gene,Biohub_OPS0036,1,0.606130581888339
midas_ops,MIDAS,#C85A3C,Biological completion,9,gene_holdout_main,Gene,Biohub_OPS0037,1,0.8585902746563202
midas_ops,MIDAS,#C85A3C,Biological completion,9,gene_holdout_main,Gene,Biohub_OPS0039,1,0.8624416080705958
midas_ops,MIDAS,#C85A3C,Biological completion,9,gene_holdout_main,Gene,Biohub_OPS0040,1,0.7596645246387602
midas_ops,MIDAS,#C85A3C,Biological completion,9,gene_holdout_main,Gene,Biohub_OPS0041,1,0.4294029138403796
midas_ops,MIDAS,#C85A3C,Biological completion,9,gene_holdout_main,Gene,Biohub_OPS0042,1,0.6679843472356802
midas_ops,MIDAS,#C85A3C,Biological completion,9,gene_holdout_main,Gene,Biohub_OPS0043,7,0.6069190098088932
midas_ops,MIDAS,#C85A3C,Biological completion,9,gene_holdout_main,Gene,Biohub_OPS0044,1,0.8609205257320826
midas_ops,MIDAS,#C85A3C,Biological completion,9,gene_holdout_main,Gene,Biohub_OPS0045,2,0.5384740283748005
midas_ops,MIDAS,#C85A3C,Biological completion,9,gene_holdout_main,Gene,Biohub_OPS0046,1,0.7185007280927252
midas_ops,MIDAS,#C85A3C,Biological completion,9,gene_holdout_main,Gene,Biohub_OPS0047,1,0.6157977380511498
midas_ops,MIDAS,#C85A3C,Biological completion,9,gene_holdout_main,Gene,Biohub_OPS0048,1,0.6964108150073346
midas_ops,MIDAS,#C85A3C,Biological completion,9,gene_holdout_main,Gene,Biohub_OPS0050,1,0.3780260098900059
midas_ops,MIDAS,#C85A3C,Biological completion,9,gene_holdout_main,Gene,Biohub_OPS0051,1,0.6660864924352503
midas_ops,MIDAS,#C85A3C,Biological completion,9,gene_holdout_main,Gene,Biohub_OPS0052,1,0.5677781567011699
midas_ops,MIDAS,#C85A3C,Biological completion,9,gene_holdout_main,Gene,Biohub_OPS0053,1,0.6001065678658558
midas_ops,MIDAS,#C85A3C,Biological completion,9,gene_holdout_main,Gene,Biohub_OPS0054,1,0.5598815712875914
midas_ops,MIDAS,#C85A3C,Biological completion,9,gene_holdout_main,Gene,Biohub_OPS0055,1,0.8841050665596427
midas_ops,MIDAS,#C85A3C,Biological completion,9,gene_holdout_main,Gene,Biohub_OPS0056,1,0.8725003309536313
midas_ops,MIDAS,#C85A3C,Biological completion,9,gene_holdout_main,Gene,Biohub_OPS0057,2,0.48157202572848207
midas_ops,MIDAS,#C85A3C,Biological completion,9,gene_holdout_main,Gene,Biohub_OPS0058,1,0.7080650414849989
midas_ops,MIDAS,#C85A3C,Biological completion,9,gene_holdout_main,Gene,Biohub_OPS0059,1,0.5828403664094206
midas_ops,MIDAS,#C85A3C,Biological completion,9,gene_holdout_main,Gene,Biohub_OPS0060,1,0.7763714491508681
midas_ops,MIDAS,#C85A3C,Biological completion,9,gene_holdout_main,Gene,Biohub_OPS0061,2,0.48454951431161053
midas_ops,MIDAS,#C85A3C,Biological completion,9,gene_holdout_main,Gene,Biohub_OPS0062,2,0.3912704917383496
midas_ops,MIDAS,#C85A3C,Biological completion,9,gene_holdout_main,Gene,Biohub_OPS0063,1,0.6229672822390365
midas_ops,MIDAS,#C85A3C,Biological completion,9,gene_holdout_main,Gene,Biohub_OPS0064,2,0.5991095165184017
midas_ops,MIDAS,#C85A3C,Biological completion,9,gene_holdout_main,Gene,Biohub_OPS0065,2,0.6364013811933272
midas_ops,MIDAS,#C85A3C,Biological completion,9,gene_holdout_main,Gene,Biohub_OPS0066,1,0.8070314759369882
midas_ops,MIDAS,#C85A3C,Biological completion,9,gene_holdout_main,Gene,Biohub_OPS0067,1,0.4759916848025309
midas_ops,MIDAS,#C85A3C,Biological completion,9,gene_holdout_main,Gene,Biohub_OPS0068,1,0.555290472398828
midas_ops,MIDAS,#C85A3C,Biological completion,9,gene_holdout_main,Gene,Biohub_OPS0069,2,0.46408579407670036
midas_ops,MIDAS,#C85A3C,Biological completion,9,gene_holdout_main,Gene,Biohub_OPS0070,1,0.4473384181271351
midas_ops,MIDAS,#C85A3C,Biological completion,9,gene_holdout_main,Gene,Biohub_OPS0071,1,0.6772050962271589
midas_ops,MIDAS,#C85A3C,Biological completion,9,gene_holdout_main,Gene,Biohub_OPS0072,2,0.7483861714892345
midas_ops,MIDAS,#C85A3C,Biological completion,9,gene_holdout_main,Gene,Biohub_OPS0073,1,0.3803649039784504
midas_ops,MIDAS,#C85A3C,Biological completion,9,gene_holdout_main,Gene,Biohub_OPS0074,2,0.7432854667260661
midas_ops,MIDAS,#C85A3C,Biological completion,9,gene_holdout_main,Gene,Biohub_OPS0075,1,0.6142957758534224
midas_ops,MIDAS,#C85A3C,Biological completion,9,gene_holdout_main,Gene,Biohub_OPS0076,1,0.7333827136908196
midas_ops,MIDAS,#C85A3C,Biological completion,9,gene_holdout_main,Gene,Biohub_OPS0077,6,0.3953417950662246
midas_ops,MIDAS,#C85A3C,Biological completion,9,strict_whole_screen,Whole-screen,Biohub_OPS0001,2,0.7822393206258615
midas_ops,MIDAS,#C85A3C,Biological completion,9,strict_whole_screen,Whole-screen,Biohub_OPS0002,1,0.6401577610522509
midas_ops,MIDAS,#C85A3C,Biological completion,9,strict_whole_screen,Whole-screen,Biohub_OPS0003,1,0.8710491756598154
midas_ops,MIDAS,#C85A3C,Biological completion,9,strict_whole_screen,Whole-screen,Biohub_OPS0004,1,0.8976018577814102
midas_ops,MIDAS,#C85A3C,Biological completion,9,strict_whole_screen,Whole-screen,Biohub_OPS0005,2,0.7526269860565662
midas_ops,MIDAS,#C85A3C,Biological completion,9,strict_whole_screen,Whole-screen,Biohub_OPS0006,2,0.6933780054251353
midas_ops,MIDAS,#C85A3C,Biological completion,9,strict_whole_screen,Whole-screen,Biohub_OPS0007,2,0.6841506879776716
midas_ops,MIDAS,#C85A3C,Biological completion,9,strict_whole_screen,Whole-screen,Biohub_OPS0008,2,0.7501911087582509
midas_ops,MIDAS,#C85A3C,Biological completion,9,strict_whole_screen,Whole-screen,Biohub_OPS0009,2,0.7374299257993698
midas_ops,MIDAS,#C85A3C,Biological completion,9,strict_whole_screen,Whole-screen,Biohub_OPS0011,1,0.593358252197504
midas_ops,MIDAS,#C85A3C,Biological completion,9,strict_whole_screen,Whole-screen,Biohub_OPS0012,1,0.6897632411370674
midas_ops,MIDAS,#C85A3C,Biological completion,9,strict_whole_screen,Whole-screen,Biohub_OPS0013,1,0.6380365267395973
midas_ops,MIDAS,#C85A3C,Biological completion,9,strict_whole_screen,Whole-screen,Biohub_OPS0014,1,0.7999169155955315
midas_ops,MIDAS,#C85A3C,Biological completion,9,strict_whole_screen,Whole-screen,Biohub_OPS0015,1,0.6514040703574816
midas_ops,MIDAS,#C85A3C,Biological completion,9,strict_whole_screen,Whole-screen,Biohub_OPS0016,1,0.5885096359997988
midas_ops,MIDAS,#C85A3C,Biological completion,9,strict_whole_screen,Whole-screen,Biohub_OPS0017,1,0.5864081215113401
midas_ops,MIDAS,#C85A3C,Biological completion,9,strict_whole_screen,Whole-screen,Biohub_OPS0018,1,0.8086368031799793
midas_ops,MIDAS,#C85A3C,Biological completion,9,strict_whole_screen,Whole-screen,Biohub_OPS0019,1,0.8275834359228611
midas_ops,MIDAS,#C85A3C,Biological completion,9,strict_whole_screen,Whole-screen,Biohub_OPS0020,1,0.6018468973537286
midas_ops,MIDAS,#C85A3C,Biological completion,9,strict_whole_screen,Whole-screen,Biohub_OPS0021,1,0.5904547112683455
midas_ops,MIDAS,#C85A3C,Biological completion,9,strict_whole_screen,Whole-screen,Biohub_OPS0022,1,0.5303080761805177
midas_ops,MIDAS,#C85A3C,Biological completion,9,strict_whole_screen,Whole-screen,Biohub_OPS0023,1,0.4797142231836915
midas_ops,MIDAS,#C85A3C,Biological completion,9,strict_whole_screen,Whole-screen,Biohub_OPS0025,1,0.7606076101462046
midas_ops,MIDAS,#C85A3C,Biological completion,9,strict_whole_screen,Whole-screen,Biohub_OPS0026,1,0.819639810671409
midas_ops,MIDAS,#C85A3C,Biological completion,9,strict_whole_screen,Whole-screen,Biohub_OPS0027,1,0.7862649926294883
midas_ops,MIDAS,#C85A3C,Biological completion,9,strict_whole_screen,Whole-screen,Biohub_OPS0028,1,0.8078317381441593
midas_ops,MIDAS,#C85A3C,Biological completion,9,strict_whole_screen,Whole-screen,Biohub_OPS0029,1,0.6159594599157572
midas_ops,MIDAS,#C85A3C,Biological completion,9,strict_whole_screen,Whole-screen,Biohub_OPS0030,1,0.5214430786048373
midas_ops,MIDAS,#C85A3C,Biological completion,9,strict_whole_screen,Whole-screen,Biohub_OPS0031,1,0.6504898220300674
midas_ops,MIDAS,#C85A3C,Biological completion,9,strict_whole_screen,Whole-screen,Biohub_OPS0032,1,0.685141953950127
midas_ops,MIDAS,#C85A3C,Biological completion,9,strict_whole_screen,Whole-screen,Biohub_OPS0033,1,0.8882644362747669
midas_ops,MIDAS,#C85A3C,Biological completion,9,strict_whole_screen,Whole-screen,Biohub_OPS0034,1,0.7947350243727366
midas_ops,MIDAS,#C85A3C,Biological completion,9,strict_whole_screen,Whole-screen,Biohub_OPS0036,1,0.6581507169951996
midas_ops,MIDAS,#C85A3C,Biological completion,9,strict_whole_screen,Whole-screen,Biohub_OPS0040,1,0.778837719039681
midas_ops,MIDAS,#C85A3C,Biological completion,9,strict_whole_screen,Whole-screen,Biohub_OPS0041,1,0.438964681699872
midas_ops,MIDAS,#C85A3C,Biological completion,9,strict_whole_screen,Whole-screen,Biohub_OPS0042,1,0.7206745656828085
midas_ops,MIDAS,#C85A3C,Biological completion,9,strict_whole_screen,Whole-screen,Biohub_OPS0044,1,0.8671892484029134
midas_ops,MIDAS,#C85A3C,Biological completion,9,strict_whole_screen,Whole-screen,Biohub_OPS0045,2,0.557370807044208
midas_ops,MIDAS,#C85A3C,Biological completion,9,strict_whole_screen,Whole-screen,Biohub_OPS0047,1,-0.1336953896873941
midas_ops,MIDAS,#C85A3C,Biological completion,9,strict_whole_screen,Whole-screen,Biohub_OPS0048,1,0.6502682029580077
midas_ops,MIDAS,#C85A3C,Biological completion,9,strict_whole_screen,Whole-screen,Biohub_OPS0050,1,0.3474902218828599
midas_ops,MIDAS,#C85A3C,Biological completion,9,strict_whole_screen,Whole-screen,Biohub_OPS0051,1,0.6905458879967531
midas_ops,MIDAS,#C85A3C,Biological completion,9,strict_whole_screen,Whole-screen,Biohub_OPS0053,1,0.4873037207871675
midas_ops,MIDAS,#C85A3C,Biological completion,9,strict_whole_screen,Whole-screen,Biohub_OPS0054,1,0.579483142743508
midas_ops,MIDAS,#C85A3C,Biological completion,9,strict_whole_screen,Whole-screen,Biohub_OPS0055,1,0.9015500297149024
midas_ops,MIDAS,#C85A3C,Biological completion,9,strict_whole_screen,Whole-screen,Biohub_OPS0056,1,0.8723637933532397
midas_ops,MIDAS,#C85A3C,Biological completion,9,strict_whole_screen,Whole-screen,Biohub_OPS0057,2,0.5319225567703446
midas_ops,MIDAS,#C85A3C,Biological completion,9,strict_whole_screen,Whole-screen,Biohub_OPS0058,1,0.739109264065822
midas_ops,MIDAS,#C85A3C,Biological completion,9,strict_whole_screen,Whole-screen,Biohub_OPS0059,1,0.5175824291072786
midas_ops,MIDAS,#C85A3C,Biological completion,9,strict_whole_screen,Whole-screen,Biohub_OPS0060,1,0.8113381713628769
midas_ops,MIDAS,#C85A3C,Biological completion,9,strict_whole_screen,Whole-screen,Biohub_OPS0061,2,0.567856864227603
midas_ops,MIDAS,#C85A3C,Biological completion,9,strict_whole_screen,Whole-screen,Biohub_OPS0062,2,0.5030287232172365
midas_ops,MIDAS,#C85A3C,Biological completion,9,strict_whole_screen,Whole-screen,Biohub_OPS0063,1,0.7249933530886968
midas_ops,MIDAS,#C85A3C,Biological completion,9,strict_whole_screen,Whole-screen,Biohub_OPS0064,2,0.391636257370313
midas_ops,MIDAS,#C85A3C,Biological completion,9,strict_whole_screen,Whole-screen,Biohub_OPS0065,2,0.5359276249073446
midas_ops,MIDAS,#C85A3C,Biological completion,9,strict_whole_screen,Whole-screen,Biohub_OPS0066,1,0.8189411635200182
midas_ops,MIDAS,#C85A3C,Biological completion,9,strict_whole_screen,Whole-screen,Biohub_OPS0067,1,0.161490314019223
midas_ops,MIDAS,#C85A3C,Biological completion,9,strict_whole_screen,Whole-screen,Biohub_OPS0068,1,0.5832985067584863
midas_ops,MIDAS,#C85A3C,Biological completion,9,strict_whole_screen,Whole-screen,Biohub_OPS0069,2,0.49555292605267215
midas_ops,MIDAS,#C85A3C,Biological completion,9,strict_whole_screen,Whole-screen,Biohub_OPS0070,1,0.5117487552245924
midas_ops,MIDAS,#C85A3C,Biological completion,9,strict_whole_screen,Whole-screen,Biohub_OPS0071,1,0.6898737971981367
midas_ops,MIDAS,#C85A3C,Biological completion,9,strict_whole_screen,Whole-screen,Biohub_OPS0072,2,0.7771052494645119
midas_ops,MIDAS,#C85A3C,Biological completion,9,strict_whole_screen,Whole-screen,Biohub_OPS0073,1,0.3978312199857707
midas_ops,MIDAS,#C85A3C,Biological completion,9,strict_whole_screen,Whole-screen,Biohub_OPS0074,2,0.7466252837330103
midas_ops,MIDAS,#C85A3C,Biological completion,9,strict_whole_screen,Whole-screen,Biohub_OPS0075,1,0.7372708829740683
midas_ops,MIDAS,#C85A3C,Biological completion,9,strict_whole_screen,Whole-screen,Biohub_OPS0076,1,0.803417881950736
mlp,MLP,#7B6597,Neural specialists,4,field_holdout_sanity,Field,Biohub_OPS0001,2,0.8082649028547287
mlp,MLP,#7B6597,Neural specialists,4,field_holdout_sanity,Field,Biohub_OPS0002,1,0.6526476163952952
mlp,MLP,#7B6597,Neural specialists,4,field_holdout_sanity,Field,Biohub_OPS0003,1,0.8918433159363591
mlp,MLP,#7B6597,Neural specialists,4,field_holdout_sanity,Field,Biohub_OPS0004,1,0.8804537221697206
mlp,MLP,#7B6597,Neural specialists,4,field_holdout_sanity,Field,Biohub_OPS0005,2,0.76938575185866
mlp,MLP,#7B6597,Neural specialists,4,field_holdout_sanity,Field,Biohub_OPS0006,2,0.7300092394861142
mlp,MLP,#7B6597,Neural specialists,4,field_holdout_sanity,Field,Biohub_OPS0007,2,0.7186502725870556
mlp,MLP,#7B6597,Neural specialists,4,field_holdout_sanity,Field,Biohub_OPS0008,2,0.7720452884616918
mlp,MLP,#7B6597,Neural specialists,4,field_holdout_sanity,Field,Biohub_OPS0009,2,0.7432148397352577
mlp,MLP,#7B6597,Neural specialists,4,field_holdout_sanity,Field,Biohub_OPS0011,1,0.6877755180397308
mlp,MLP,#7B6597,Neural specialists,4,field_holdout_sanity,Field,Biohub_OPS0012,1,0.7753519029280375
mlp,MLP,#7B6597,Neural specialists,4,field_holdout_sanity,Field,Biohub_OPS0013,1,0.7306179310822744
mlp,MLP,#7B6597,Neural specialists,4,field_holdout_sanity,Field,Biohub_OPS0014,1,0.8812665516685833
mlp,MLP,#7B6597,Neural specialists,4,field_holdout_sanity,Field,Biohub_OPS0015,1,0.705597602676086
mlp,MLP,#7B6597,Neural specialists,4,field_holdout_sanity,Field,Biohub_OPS0016,1,0.6690792991469312
mlp,MLP,#7B6597,Neural specialists,4,field_holdout_sanity,Field,Biohub_OPS0017,1,0.6632392282961925
mlp,MLP,#7B6597,Neural specialists,4,field_holdout_sanity,Field,Biohub_OPS0018,1,0.8754612793178896
mlp,MLP,#7B6597,Neural specialists,4,field_holdout_sanity,Field,Biohub_OPS0019,1,0.9068549480371136
mlp,MLP,#7B6597,Neural specialists,4,field_holdout_sanity,Field,Biohub_OPS0020,1,0.7796666017954085
mlp,MLP,#7B6597,Neural specialists,4,field_holdout_sanity,Field,Biohub_OPS0021,1,0.7866608742107474
mlp,MLP,#7B6597,Neural specialists,4,field_holdout_sanity,Field,Biohub_OPS0022,1,0.6750159807768522
mlp,MLP,#7B6597,Neural specialists,4,field_holdout_sanity,Field,Biohub_OPS0023,1,0.6309470499616597
mlp,MLP,#7B6597,Neural specialists,4,field_holdout_sanity,Field,Biohub_OPS0025,1,0.8376825307299942
mlp,MLP,#7B6597,Neural specialists,4,field_holdout_sanity,Field,Biohub_OPS0026,1,0.9114392407845556
mlp,MLP,#7B6597,Neural specialists,4,field_holdout_sanity,Field,Biohub_OPS0027,1,0.8289966478367984
mlp,MLP,#7B6597,Neural specialists,4,field_holdout_sanity,Field,Biohub_OPS0028,1,0.8348669628673072
mlp,MLP,#7B6597,Neural specialists,4,field_holdout_sanity,Field,Biohub_OPS0029,1,0.6089531200276509
mlp,MLP,#7B6597,Neural specialists,4,field_holdout_sanity,Field,Biohub_OPS0030,1,0.6928066092634356
mlp,MLP,#7B6597,Neural specialists,4,field_holdout_sanity,Field,Biohub_OPS0031,1,0.6554815392884367
mlp,MLP,#7B6597,Neural specialists,4,field_holdout_sanity,Field,Biohub_OPS0032,1,0.6927734314988725
mlp,MLP,#7B6597,Neural specialists,4,field_holdout_sanity,Field,Biohub_OPS0033,1,0.9002799659089179
mlp,MLP,#7B6597,Neural specialists,4,field_holdout_sanity,Field,Biohub_OPS0034,1,0.8942448567200824
mlp,MLP,#7B6597,Neural specialists,4,field_holdout_sanity,Field,Biohub_OPS0035,1,0.8992783041819594
mlp,MLP,#7B6597,Neural specialists,4,field_holdout_sanity,Field,Biohub_OPS0036,1,0.7058146539883227
mlp,MLP,#7B6597,Neural specialists,4,field_holdout_sanity,Field,Biohub_OPS0037,1,0.9092884224064642
mlp,MLP,#7B6597,Neural specialists,4,field_holdout_sanity,Field,Biohub_OPS0039,1,0.8849558997070978
mlp,MLP,#7B6597,Neural specialists,4,field_holdout_sanity,Field,Biohub_OPS0040,1,0.8910059173646481
mlp,MLP,#7B6597,Neural specialists,4,field_holdout_sanity,Field,Biohub_OPS0041,1,0.5170161045781861
mlp,MLP,#7B6597,Neural specialists,4,field_holdout_sanity,Field,Biohub_OPS0042,1,0.7530186908802431
mlp,MLP,#7B6597,Neural specialists,4,field_holdout_sanity,Field,Biohub_OPS0043,7,0.6467137337922533
mlp,MLP,#7B6597,Neural specialists,4,field_holdout_sanity,Field,Biohub_OPS0044,1,0.9011119846164528
mlp,MLP,#7B6597,Neural specialists,4,field_holdout_sanity,Field,Biohub_OPS0045,2,0.6636672112190866
mlp,MLP,#7B6597,Neural specialists,4,field_holdout_sanity,Field,Biohub_OPS0046,1,0.7546644974958744
mlp,MLP,#7B6597,Neural specialists,4,field_holdout_sanity,Field,Biohub_OPS0047,1,0.8799219284774287
mlp,MLP,#7B6597,Neural specialists,4,field_holdout_sanity,Field,Biohub_OPS0048,1,0.7269928902518602
mlp,MLP,#7B6597,Neural specialists,4,field_holdout_sanity,Field,Biohub_OPS0050,1,0.5721525257593963
mlp,MLP,#7B6597,Neural specialists,4,field_holdout_sanity,Field,Biohub_OPS0051,1,0.7134252865515517
mlp,MLP,#7B6597,Neural specialists,4,field_holdout_sanity,Field,Biohub_OPS0052,1,0.5672439196836968
mlp,MLP,#7B6597,Neural specialists,4,field_holdout_sanity,Field,Biohub_OPS0053,1,0.5975593975092458
mlp,MLP,#7B6597,Neural specialists,4,field_holdout_sanity,Field,Biohub_OPS0054,1,0.637371989727249
mlp,MLP,#7B6597,Neural specialists,4,field_holdout_sanity,Field,Biohub_OPS0055,1,0.9200492084357382
mlp,MLP,#7B6597,Neural specialists,4,field_holdout_sanity,Field,Biohub_OPS0056,1,0.9142261571581786
mlp,MLP,#7B6597,Neural specialists,4,field_holdout_sanity,Field,Biohub_OPS0057,2,0.7260982399393168
mlp,MLP,#7B6597,Neural specialists,4,field_holdout_sanity,Field,Biohub_OPS0058,1,0.7751346597384688
mlp,MLP,#7B6597,Neural specialists,4,field_holdout_sanity,Field,Biohub_OPS0059,1,0.5945375404335274
mlp,MLP,#7B6597,Neural specialists,4,field_holdout_sanity,Field,Biohub_OPS0060,1,0.8701952877268541
mlp,MLP,#7B6597,Neural specialists,4,field_holdout_sanity,Field,Biohub_OPS0061,2,0.7401892196435429
mlp,MLP,#7B6597,Neural specialists,4,field_holdout_sanity,Field,Biohub_OPS0062,2,0.7256971404231067
mlp,MLP,#7B6597,Neural specialists,4,field_holdout_sanity,Field,Biohub_OPS0063,1,0.7432033623584867
mlp,MLP,#7B6597,Neural specialists,4,field_holdout_sanity,Field,Biohub_OPS0064,2,0.6829092600895179
mlp,MLP,#7B6597,Neural specialists,4,field_holdout_sanity,Field,Biohub_OPS0065,2,0.7281185002749502
mlp,MLP,#7B6597,Neural specialists,4,field_holdout_sanity,Field,Biohub_OPS0066,1,0.9039110722406796
mlp,MLP,#7B6597,Neural specialists,4,field_holdout_sanity,Field,Biohub_OPS0067,1,0.1908176040834815
mlp,MLP,#7B6597,Neural specialists,4,field_holdout_sanity,Field,Biohub_OPS0068,1,0.6452719761836913
mlp,MLP,#7B6597,Neural specialists,4,field_holdout_sanity,Field,Biohub_OPS0069,2,0.615975510579925
mlp,MLP,#7B6597,Neural specialists,4,field_holdout_sanity,Field,Biohub_OPS0070,1,0.464681378780311
mlp,MLP,#7B6597,Neural specialists,4,field_holdout_sanity,Field,Biohub_OPS0071,1,0.6594648509446013
mlp,MLP,#7B6597,Neural specialists,4,field_holdout_sanity,Field,Biohub_OPS0072,2,0.8380323432513201
mlp,MLP,#7B6597,Neural specialists,4,field_holdout_sanity,Field,Biohub_OPS0073,1,0.5058296441407721
mlp,MLP,#7B6597,Neural specialists,4,field_holdout_sanity,Field,Biohub_OPS0074,2,0.8349675207754896
mlp,MLP,#7B6597,Neural specialists,4,field_holdout_sanity,Field,Biohub_OPS0075,1,0.7479369358178344
mlp,MLP,#7B6597,Neural specialists,4,field_holdout_sanity,Field,Biohub_OPS0076,1,0.8562514256533312
mlp,MLP,#7B6597,Neural specialists,4,field_holdout_sanity,Field,Biohub_OPS0077,6,0.5008297260835322
mlp,MLP,#7B6597,Neural specialists,4,gene_holdout_main,Gene,Biohub_OPS0001,2,0.8612187077256783
mlp,MLP,#7B6597,Neural specialists,4,gene_holdout_main,Gene,Biohub_OPS0002,1,0.6758235418906139
mlp,MLP,#7B6597,Neural specialists,4,gene_holdout_main,Gene,Biohub_OPS0003,1,0.9102849408118896
mlp,MLP,#7B6597,Neural specialists,4,gene_holdout_main,Gene,Biohub_OPS0004,1,0.92103395925027
mlp,MLP,#7B6597,Neural specialists,4,gene_holdout_main,Gene,Biohub_OPS0005,2,0.8388531299957847
mlp,MLP,#7B6597,Neural specialists,4,gene_holdout_main,Gene,Biohub_OPS0006,2,0.7768478006781239
mlp,MLP,#7B6597,Neural specialists,4,gene_holdout_main,Gene,Biohub_OPS0007,2,0.7535500436012378
mlp,MLP,#7B6597,Neural specialists,4,gene_holdout_main,Gene,Biohub_OPS0008,2,0.8231060550299283
mlp,MLP,#7B6597,Neural specialists,4,gene_holdout_main,Gene,Biohub_OPS0009,2,0.7873263590106758
mlp,MLP,#7B6597,Neural specialists,4,gene_holdout_main,Gene,Biohub_OPS0011,1,0.7225013474106096
mlp,MLP,#7B6597,Neural specialists,4,gene_holdout_main,Gene,Biohub_OPS0012,1,0.8195860238069791
mlp,MLP,#7B6597,Neural specialists,4,gene_holdout_main,Gene,Biohub_OPS0013,1,0.7692580137786452
mlp,MLP,#7B6597,Neural specialists,4,gene_holdout_main,Gene,Biohub_OPS0014,1,0.912769358535627
mlp,MLP,#7B6597,Neural specialists,4,gene_holdout_main,Gene,Biohub_OPS0015,1,0.7373619408373667
mlp,MLP,#7B6597,Neural specialists,4,gene_holdout_main,Gene,Biohub_OPS0016,1,0.7201201182695357
mlp,MLP,#7B6597,Neural specialists,4,gene_holdout_main,Gene,Biohub_OPS0017,1,0.7268429410194049
mlp,MLP,#7B6597,Neural specialists,4,gene_holdout_main,Gene,Biohub_OPS0018,1,0.9014668592066238
mlp,MLP,#7B6597,Neural specialists,4,gene_holdout_main,Gene,Biohub_OPS0019,1,0.9360384547178487
mlp,MLP,#7B6597,Neural specialists,4,gene_holdout_main,Gene,Biohub_OPS0020,1,0.8234871213484513
mlp,MLP,#7B6597,Neural specialists,4,gene_holdout_main,Gene,Biohub_OPS0021,1,0.8058767974316187
mlp,MLP,#7B6597,Neural specialists,4,gene_holdout_main,Gene,Biohub_OPS0022,1,0.72221290290361
mlp,MLP,#7B6597,Neural specialists,4,gene_holdout_main,Gene,Biohub_OPS0023,1,0.6777538285486205
mlp,MLP,#7B6597,Neural specialists,4,gene_holdout_main,Gene,Biohub_OPS0025,1,0.8641550510251879
mlp,MLP,#7B6597,Neural specialists,4,gene_holdout_main,Gene,Biohub_OPS0026,1,0.9307952482620372
mlp,MLP,#7B6597,Neural specialists,4,gene_holdout_main,Gene,Biohub_OPS0027,1,0.87969621497278
mlp,MLP,#7B6597,Neural specialists,4,gene_holdout_main,Gene,Biohub_OPS0028,1,0.8776482348093384
mlp,MLP,#7B6597,Neural specialists,4,gene_holdout_main,Gene,Biohub_OPS0029,1,0.6816520597328921
mlp,MLP,#7B6597,Neural specialists,4,gene_holdout_main,Gene,Biohub_OPS0030,1,0.7108291403030882
mlp,MLP,#7B6597,Neural specialists,4,gene_holdout_main,Gene,Biohub_OPS0031,1,0.737297065002895
mlp,MLP,#7B6597,Neural specialists,4,gene_holdout_main,Gene,Biohub_OPS0032,1,0.7755144244469827
mlp,MLP,#7B6597,Neural specialists,4,gene_holdout_main,Gene,Biohub_OPS0033,1,0.9308536680500964
mlp,MLP,#7B6597,Neural specialists,4,gene_holdout_main,Gene,Biohub_OPS0034,1,0.9237727420866174
mlp,MLP,#7B6597,Neural specialists,4,gene_holdout_main,Gene,Biohub_OPS0035,1,0.9362904247967886
mlp,MLP,#7B6597,Neural specialists,4,gene_holdout_main,Gene,Biohub_OPS0036,1,0.7814765875233768
mlp,MLP,#7B6597,Neural specialists,4,gene_holdout_main,Gene,Biohub_OPS0037,1,0.9321524065110716
mlp,MLP,#7B6597,Neural specialists,4,gene_holdout_main,Gene,Biohub_OPS0039,1,0.9278582594725112
mlp,MLP,#7B6597,Neural specialists,4,gene_holdout_main,Gene,Biohub_OPS0040,1,0.9305621801096088
mlp,MLP,#7B6597,Neural specialists,4,gene_holdout_main,Gene,Biohub_OPS0041,1,0.5670633029422749
mlp,MLP,#7B6597,Neural specialists,4,gene_holdout_main,Gene,Biohub_OPS0042,1,0.8312844254141775
mlp,MLP,#7B6597,Neural specialists,4,gene_holdout_main,Gene,Biohub_OPS0043,7,0.7197045912818509
mlp,MLP,#7B6597,Neural specialists,4,gene_holdout_main,Gene,Biohub_OPS0044,1,0.9241741264902
mlp,MLP,#7B6597,Neural specialists,4,gene_holdout_main,Gene,Biohub_OPS0045,2,0.7159771012464828
mlp,MLP,#7B6597,Neural specialists,4,gene_holdout_main,Gene,Biohub_OPS0046,1,0.811969532328888
mlp,MLP,#7B6597,Neural specialists,4,gene_holdout_main,Gene,Biohub_OPS0047,1,0.9086102702688602
mlp,MLP,#7B6597,Neural specialists,4,gene_holdout_main,Gene,Biohub_OPS0048,1,0.7811130402640032
mlp,MLP,#7B6597,Neural specialists,4,gene_holdout_main,Gene,Biohub_OPS0050,1,0.6034120907829909
mlp,MLP,#7B6597,Neural specialists,4,gene_holdout_main,Gene,Biohub_OPS0051,1,0.7700261499476989
mlp,MLP,#7B6597,Neural specialists,4,gene_holdout_main,Gene,Biohub_OPS0052,1,0.63924616941847
mlp,MLP,#7B6597,Neural specialists,4,gene_holdout_main,Gene,Biohub_OPS0053,1,0.6117267649306007
mlp,MLP,#7B6597,Neural specialists,4,gene_holdout_main,Gene,Biohub_OPS0054,1,0.7108025283467869
mlp,MLP,#7B6597,Neural specialists,4,gene_holdout_main,Gene,Biohub_OPS0055,1,0.9396211640451556
mlp,MLP,#7B6597,Neural specialists,4,gene_holdout_main,Gene,Biohub_OPS0056,1,0.9450610514034457
mlp,MLP,#7B6597,Neural specialists,4,gene_holdout_main,Gene,Biohub_OPS0057,2,0.7640562354237432
mlp,MLP,#7B6597,Neural specialists,4,gene_holdout_main,Gene,Biohub_OPS0058,1,0.8431606040147216
mlp,MLP,#7B6597,Neural specialists,4,gene_holdout_main,Gene,Biohub_OPS0059,1,0.6484659916740535
mlp,MLP,#7B6597,Neural specialists,4,gene_holdout_main,Gene,Biohub_OPS0060,1,0.9000162687091148
mlp,MLP,#7B6597,Neural specialists,4,gene_holdout_main,Gene,Biohub_OPS0061,2,0.7629653230871117
mlp,MLP,#7B6597,Neural specialists,4,gene_holdout_main,Gene,Biohub_OPS0062,2,0.8011128220605087
mlp,MLP,#7B6597,Neural specialists,4,gene_holdout_main,Gene,Biohub_OPS0063,1,0.8192986466403985
mlp,MLP,#7B6597,Neural specialists,4,gene_holdout_main,Gene,Biohub_OPS0064,2,0.7509487480677124
mlp,MLP,#7B6597,Neural specialists,4,gene_holdout_main,Gene,Biohub_OPS0065,2,0.7405872510396967
mlp,MLP,#7B6597,Neural specialists,4,gene_holdout_main,Gene,Biohub_OPS0066,1,0.9369196830232556
mlp,MLP,#7B6597,Neural specialists,4,gene_holdout_main,Gene,Biohub_OPS0067,1,0.2478378441557985
mlp,MLP,#7B6597,Neural specialists,4,gene_holdout_main,Gene,Biohub_OPS0068,1,0.6979426895987969
mlp,MLP,#7B6597,Neural specialists,4,gene_holdout_main,Gene,Biohub_OPS0069,2,0.6458833778270678
mlp,MLP,#7B6597,Neural specialists,4,gene_holdout_main,Gene,Biohub_OPS0070,1,0.5676490804550373
mlp,MLP,#7B6597,Neural specialists,4,gene_holdout_main,Gene,Biohub_OPS0071,1,0.7533787407337483
mlp,MLP,#7B6597,Neural specialists,4,gene_holdout_main,Gene,Biohub_OPS0072,2,0.8773568703666843
mlp,MLP,#7B6597,Neural specialists,4,gene_holdout_main,Gene,Biohub_OPS0073,1,0.5425007385490402
mlp,MLP,#7B6597,Neural specialists,4,gene_holdout_main,Gene,Biohub_OPS0074,2,0.8643808017340355
mlp,MLP,#7B6597,Neural specialists,4,gene_holdout_main,Gene,Biohub_OPS0075,1,0.8239134741151849
mlp,MLP,#7B6597,Neural specialists,4,gene_holdout_main,Gene,Biohub_OPS0076,1,0.8710914774661055
mlp,MLP,#7B6597,Neural specialists,4,gene_holdout_main,Gene,Biohub_OPS0077,6,0.5436275269963038
mlp,MLP,#7B6597,Neural specialists,4,strict_whole_screen,Whole-screen,Biohub_OPS0001,2,0.8668395124375821
mlp,MLP,#7B6597,Neural specialists,4,strict_whole_screen,Whole-screen,Biohub_OPS0002,1,0.6261354877303044
mlp,MLP,#7B6597,Neural specialists,4,strict_whole_screen,Whole-screen,Biohub_OPS0003,1,0.9119583368301392
mlp,MLP,#7B6597,Neural specialists,4,strict_whole_screen,Whole-screen,Biohub_OPS0004,1,0.925324909389019
mlp,MLP,#7B6597,Neural specialists,4,strict_whole_screen,Whole-screen,Biohub_OPS0005,2,0.8431308274467786
mlp,MLP,#7B6597,Neural specialists,4,strict_whole_screen,Whole-screen,Biohub_OPS0006,2,0.7842248999824126
mlp,MLP,#7B6597,Neural specialists,4,strict_whole_screen,Whole-screen,Biohub_OPS0007,2,0.749695211276412
mlp,MLP,#7B6597,Neural specialists,4,strict_whole_screen,Whole-screen,Biohub_OPS0008,2,0.8220783111949761
mlp,MLP,#7B6597,Neural specialists,4,strict_whole_screen,Whole-screen,Biohub_OPS0009,2,0.7975878653426964
mlp,MLP,#7B6597,Neural specialists,4,strict_whole_screen,Whole-screen,Biohub_OPS0011,1,0.7176174347599348
mlp,MLP,#7B6597,Neural specialists,4,strict_whole_screen,Whole-screen,Biohub_OPS0012,1,0.7937989868223667
mlp,MLP,#7B6597,Neural specialists,4,strict_whole_screen,Whole-screen,Biohub_OPS0013,1,0.7334803317983946
mlp,MLP,#7B6597,Neural specialists,4,strict_whole_screen,Whole-screen,Biohub_OPS0014,1,0.9045224909981092
mlp,MLP,#7B6597,Neural specialists,4,strict_whole_screen,Whole-screen,Biohub_OPS0015,1,0.479403432070588
mlp,MLP,#7B6597,Neural specialists,4,strict_whole_screen,Whole-screen,Biohub_OPS0016,1,0.7154058075199524
mlp,MLP,#7B6597,Neural specialists,4,strict_whole_screen,Whole-screen,Biohub_OPS0017,1,0.7191172981013855
mlp,MLP,#7B6597,Neural specialists,4,strict_whole_screen,Whole-screen,Biohub_OPS0018,1,0.9001283633212248
mlp,MLP,#7B6597,Neural specialists,4,strict_whole_screen,Whole-screen,Biohub_OPS0019,1,0.9242304265499116
mlp,MLP,#7B6597,Neural specialists,4,strict_whole_screen,Whole-screen,Biohub_OPS0020,1,0.8174035586416721
mlp,MLP,#7B6597,Neural specialists,4,strict_whole_screen,Whole-screen,Biohub_OPS0021,1,0.7991099494198958
mlp,MLP,#7B6597,Neural specialists,4,strict_whole_screen,Whole-screen,Biohub_OPS0022,1,0.365069421629111
mlp,MLP,#7B6597,Neural specialists,4,strict_whole_screen,Whole-screen,Biohub_OPS0023,1,0.5155447507277131
mlp,MLP,#7B6597,Neural specialists,4,strict_whole_screen,Whole-screen,Biohub_OPS0025,1,0.7991723182300726
mlp,MLP,#7B6597,Neural specialists,4,strict_whole_screen,Whole-screen,Biohub_OPS0026,1,0.9104685708880424
mlp,MLP,#7B6597,Neural specialists,4,strict_whole_screen,Whole-screen,Biohub_OPS0027,1,0.8331995432575544
mlp,MLP,#7B6597,Neural specialists,4,strict_whole_screen,Whole-screen,Biohub_OPS0028,1,0.8185872000952562
mlp,MLP,#7B6597,Neural specialists,4,strict_whole_screen,Whole-screen,Biohub_OPS0029,1,0.6136599412808815
mlp,MLP,#7B6597,Neural specialists,4,strict_whole_screen,Whole-screen,Biohub_OPS0030,1,0.5552232884801924
mlp,MLP,#7B6597,Neural specialists,4,strict_whole_screen,Whole-screen,Biohub_OPS0031,1,0.7277673544983069
mlp,MLP,#7B6597,Neural specialists,4,strict_whole_screen,Whole-screen,Biohub_OPS0032,1,0.7662770226597786
mlp,MLP,#7B6597,Neural specialists,4,strict_whole_screen,Whole-screen,Biohub_OPS0033,1,0.918668815245231
mlp,MLP,#7B6597,Neural specialists,4,strict_whole_screen,Whole-screen,Biohub_OPS0034,1,0.9199058127899964
mlp,MLP,#7B6597,Neural specialists,4,strict_whole_screen,Whole-screen,Biohub_OPS0036,1,0.6672539884845415
mlp,MLP,#7B6597,Neural specialists,4,strict_whole_screen,Whole-screen,Biohub_OPS0040,1,0.6519902854536971
mlp,MLP,#7B6597,Neural specialists,4,strict_whole_screen,Whole-screen,Biohub_OPS0041,1,0.416131851884226
mlp,MLP,#7B6597,Neural specialists,4,strict_whole_screen,Whole-screen,Biohub_OPS0042,1,0.6513670220350226
mlp,MLP,#7B6597,Neural specialists,4,strict_whole_screen,Whole-screen,Biohub_OPS0044,1,0.9214061511059602
mlp,MLP,#7B6597,Neural specialists,4,strict_whole_screen,Whole-screen,Biohub_OPS0045,2,0.5437529328628443
mlp,MLP,#7B6597,Neural specialists,4,strict_whole_screen,Whole-screen,Biohub_OPS0047,1,0.291218477844571
mlp,MLP,#7B6597,Neural specialists,4,strict_whole_screen,Whole-screen,Biohub_OPS0048,1,0.6054034962629279
mlp,MLP,#7B6597,Neural specialists,4,strict_whole_screen,Whole-screen,Biohub_OPS0050,1,0.5792809209475914
mlp,MLP,#7B6597,Neural specialists,4,strict_whole_screen,Whole-screen,Biohub_OPS0051,1,0.6689551050464312
mlp,MLP,#7B6597,Neural specialists,4,strict_whole_screen,Whole-screen,Biohub_OPS0053,1,0.2330873234119887
mlp,MLP,#7B6597,Neural specialists,4,strict_whole_screen,Whole-screen,Biohub_OPS0054,1,0.6985505148768425
mlp,MLP,#7B6597,Neural specialists,4,strict_whole_screen,Whole-screen,Biohub_OPS0055,1,0.9362926731506984
mlp,MLP,#7B6597,Neural specialists,4,strict_whole_screen,Whole-screen,Biohub_OPS0056,1,0.9310453732808432
mlp,MLP,#7B6597,Neural specialists,4,strict_whole_screen,Whole-screen,Biohub_OPS0057,2,0.6229853918775916
mlp,MLP,#7B6597,Neural specialists,4,strict_whole_screen,Whole-screen,Biohub_OPS0058,1,0.6675048147638639
mlp,MLP,#7B6597,Neural specialists,4,strict_whole_screen,Whole-screen,Biohub_OPS0059,1,0.5484427139163017
mlp,MLP,#7B6597,Neural specialists,4,strict_whole_screen,Whole-screen,Biohub_OPS0060,1,0.8831972728172938
mlp,MLP,#7B6597,Neural specialists,4,strict_whole_screen,Whole-screen,Biohub_OPS0061,2,0.4948456446873024
mlp,MLP,#7B6597,Neural specialists,4,strict_whole_screen,Whole-screen,Biohub_OPS0062,2,0.38354905679201085
mlp,MLP,#7B6597,Neural specialists,4,strict_whole_screen,Whole-screen,Biohub_OPS0063,1,0.3605695863564809
mlp,MLP,#7B6597,Neural specialists,4,strict_whole_screen,Whole-screen,Biohub_OPS0064,2,0.46024508005454356
mlp,MLP,#7B6597,Neural specialists,4,strict_whole_screen,Whole-screen,Biohub_OPS0065,2,0.5539676800835878
mlp,MLP,#7B6597,Neural specialists,4,strict_whole_screen,Whole-screen,Biohub_OPS0066,1,0.92957296098272
mlp,MLP,#7B6597,Neural specialists,4,strict_whole_screen,Whole-screen,Biohub_OPS0067,1,0.1517130081001596
mlp,MLP,#7B6597,Neural specialists,4,strict_whole_screen,Whole-screen,Biohub_OPS0068,1,0.5276804184541106
mlp,MLP,#7B6597,Neural specialists,4,strict_whole_screen,Whole-screen,Biohub_OPS0069,2,0.4757058782658229
mlp,MLP,#7B6597,Neural specialists,4,strict_whole_screen,Whole-screen,Biohub_OPS0070,1,0.5184917743317783
mlp,MLP,#7B6597,Neural specialists,4,strict_whole_screen,Whole-screen,Biohub_OPS0071,1,0.7507049764196078
mlp,MLP,#7B6597,Neural specialists,4,strict_whole_screen,Whole-screen,Biohub_OPS0072,2,0.8209309000521898
mlp,MLP,#7B6597,Neural specialists,4,strict_whole_screen,Whole-screen,Biohub_OPS0073,1,0.5375272938981652
mlp,MLP,#7B6597,Neural specialists,4,strict_whole_screen,Whole-screen,Biohub_OPS0074,2,0.6717528297255436
mlp,MLP,#7B6597,Neural specialists,4,strict_whole_screen,Whole-screen,Biohub_OPS0075,1,0.630615433678031
mlp,MLP,#7B6597,Neural specialists,4,strict_whole_screen,Whole-screen,Biohub_OPS0076,1,0.8678360419968764
multitab_pilot,MultiTab,#4FA7B8,Generic multi-task,8,field_holdout_sanity,Field,Biohub_OPS0001,2,0.7982069196436097
multitab_pilot,MultiTab,#4FA7B8,Generic multi-task,8,field_holdout_sanity,Field,Biohub_OPS0002,1,0.6441112139000493
multitab_pilot,MultiTab,#4FA7B8,Generic multi-task,8,field_holdout_sanity,Field,Biohub_OPS0003,1,0.8862984964028882
multitab_pilot,MultiTab,#4FA7B8,Generic multi-task,8,field_holdout_sanity,Field,Biohub_OPS0004,1,0.8740738102042949
multitab_pilot,MultiTab,#4FA7B8,Generic multi-task,8,field_holdout_sanity,Field,Biohub_OPS0005,2,0.7579405525051911
multitab_pilot,MultiTab,#4FA7B8,Generic multi-task,8,field_holdout_sanity,Field,Biohub_OPS0006,2,0.7235794488085072
multitab_pilot,MultiTab,#4FA7B8,Generic multi-task,8,field_holdout_sanity,Field,Biohub_OPS0007,2,0.7194378191257302
multitab_pilot,MultiTab,#4FA7B8,Generic multi-task,8,field_holdout_sanity,Field,Biohub_OPS0008,2,0.7659227353400425
multitab_pilot,MultiTab,#4FA7B8,Generic multi-task,8,field_holdout_sanity,Field,Biohub_OPS0009,2,0.7419995880814165
multitab_pilot,MultiTab,#4FA7B8,Generic multi-task,8,field_holdout_sanity,Field,Biohub_OPS0011,1,0.6715725046798481
multitab_pilot,MultiTab,#4FA7B8,Generic multi-task,8,field_holdout_sanity,Field,Biohub_OPS0012,1,0.7646966042533635
multitab_pilot,MultiTab,#4FA7B8,Generic multi-task,8,field_holdout_sanity,Field,Biohub_OPS0013,1,0.7153447569670589
multitab_pilot,MultiTab,#4FA7B8,Generic multi-task,8,field_holdout_sanity,Field,Biohub_OPS0014,1,0.8674284129943172
multitab_pilot,MultiTab,#4FA7B8,Generic multi-task,8,field_holdout_sanity,Field,Biohub_OPS0015,1,0.6976019712753545
multitab_pilot,MultiTab,#4FA7B8,Generic multi-task,8,field_holdout_sanity,Field,Biohub_OPS0016,1,0.6391643283972893
multitab_pilot,MultiTab,#4FA7B8,Generic multi-task,8,field_holdout_sanity,Field,Biohub_OPS0017,1,0.6371221227265214
multitab_pilot,MultiTab,#4FA7B8,Generic multi-task,8,field_holdout_sanity,Field,Biohub_OPS0018,1,0.8588995024962532
multitab_pilot,MultiTab,#4FA7B8,Generic multi-task,8,field_holdout_sanity,Field,Biohub_OPS0019,1,0.8947616405813844
multitab_pilot,MultiTab,#4FA7B8,Generic multi-task,8,field_holdout_sanity,Field,Biohub_OPS0020,1,0.7568763746638378
multitab_pilot,MultiTab,#4FA7B8,Generic multi-task,8,field_holdout_sanity,Field,Biohub_OPS0021,1,0.7644772746194791
multitab_pilot,MultiTab,#4FA7B8,Generic multi-task,8,field_holdout_sanity,Field,Biohub_OPS0022,1,0.7287419009828687
multitab_pilot,MultiTab,#4FA7B8,Generic multi-task,8,field_holdout_sanity,Field,Biohub_OPS0023,1,0.6388212651492466
multitab_pilot,MultiTab,#4FA7B8,Generic multi-task,8,field_holdout_sanity,Field,Biohub_OPS0025,1,0.8164692023747383
multitab_pilot,MultiTab,#4FA7B8,Generic multi-task,8,field_holdout_sanity,Field,Biohub_OPS0026,1,0.899408632055635
multitab_pilot,MultiTab,#4FA7B8,Generic multi-task,8,field_holdout_sanity,Field,Biohub_OPS0027,1,0.8017253756175101
multitab_pilot,MultiTab,#4FA7B8,Generic multi-task,8,field_holdout_sanity,Field,Biohub_OPS0028,1,0.8374436098032412
multitab_pilot,MultiTab,#4FA7B8,Generic multi-task,8,field_holdout_sanity,Field,Biohub_OPS0029,1,0.5945042041941391
multitab_pilot,MultiTab,#4FA7B8,Generic multi-task,8,field_holdout_sanity,Field,Biohub_OPS0030,1,0.6889001863359642
multitab_pilot,MultiTab,#4FA7B8,Generic multi-task,8,field_holdout_sanity,Field,Biohub_OPS0031,1,0.6421787390053005
multitab_pilot,MultiTab,#4FA7B8,Generic multi-task,8,field_holdout_sanity,Field,Biohub_OPS0032,1,0.6831808639357289
multitab_pilot,MultiTab,#4FA7B8,Generic multi-task,8,field_holdout_sanity,Field,Biohub_OPS0033,1,0.8860988854623955
multitab_pilot,MultiTab,#4FA7B8,Generic multi-task,8,field_holdout_sanity,Field,Biohub_OPS0034,1,0.8718024832348211
multitab_pilot,MultiTab,#4FA7B8,Generic multi-task,8,field_holdout_sanity,Field,Biohub_OPS0035,1,0.8902180601474646
multitab_pilot,MultiTab,#4FA7B8,Generic multi-task,8,field_holdout_sanity,Field,Biohub_OPS0036,1,0.6661822429540919
multitab_pilot,MultiTab,#4FA7B8,Generic multi-task,8,field_holdout_sanity,Field,Biohub_OPS0037,1,0.9017917150318974
multitab_pilot,MultiTab,#4FA7B8,Generic multi-task,8,field_holdout_sanity,Field,Biohub_OPS0039,1,0.8774249477280668
multitab_pilot,MultiTab,#4FA7B8,Generic multi-task,8,field_holdout_sanity,Field,Biohub_OPS0040,1,0.8759784234942506
multitab_pilot,MultiTab,#4FA7B8,Generic multi-task,8,field_holdout_sanity,Field,Biohub_OPS0041,1,0.4712558271760554
multitab_pilot,MultiTab,#4FA7B8,Generic multi-task,8,field_holdout_sanity,Field,Biohub_OPS0042,1,0.7257932424052752
multitab_pilot,MultiTab,#4FA7B8,Generic multi-task,8,field_holdout_sanity,Field,Biohub_OPS0043,7,0.6486849536041431
multitab_pilot,MultiTab,#4FA7B8,Generic multi-task,8,field_holdout_sanity,Field,Biohub_OPS0044,1,0.8866069566617026
multitab_pilot,MultiTab,#4FA7B8,Generic multi-task,8,field_holdout_sanity,Field,Biohub_OPS0045,2,0.6531524387686529
multitab_pilot,MultiTab,#4FA7B8,Generic multi-task,8,field_holdout_sanity,Field,Biohub_OPS0046,1,0.7538660768636415
multitab_pilot,MultiTab,#4FA7B8,Generic multi-task,8,field_holdout_sanity,Field,Biohub_OPS0047,1,0.814855116050341
multitab_pilot,MultiTab,#4FA7B8,Generic multi-task,8,field_holdout_sanity,Field,Biohub_OPS0048,1,0.7317496776775485
multitab_pilot,MultiTab,#4FA7B8,Generic multi-task,8,field_holdout_sanity,Field,Biohub_OPS0050,1,0.5676692966072014
multitab_pilot,MultiTab,#4FA7B8,Generic multi-task,8,field_holdout_sanity,Field,Biohub_OPS0051,1,0.7004408874510322
multitab_pilot,MultiTab,#4FA7B8,Generic multi-task,8,field_holdout_sanity,Field,Biohub_OPS0052,1,0.576712592635781
multitab_pilot,MultiTab,#4FA7B8,Generic multi-task,8,field_holdout_sanity,Field,Biohub_OPS0053,1,0.6358951746849196
multitab_pilot,MultiTab,#4FA7B8,Generic multi-task,8,field_holdout_sanity,Field,Biohub_OPS0054,1,0.6242488885337717
multitab_pilot,MultiTab,#4FA7B8,Generic multi-task,8,field_holdout_sanity,Field,Biohub_OPS0055,1,0.9063596589498968
multitab_pilot,MultiTab,#4FA7B8,Generic multi-task,8,field_holdout_sanity,Field,Biohub_OPS0056,1,0.8807395177933097
multitab_pilot,MultiTab,#4FA7B8,Generic multi-task,8,field_holdout_sanity,Field,Biohub_OPS0057,2,0.7168303095464943
multitab_pilot,MultiTab,#4FA7B8,Generic multi-task,8,field_holdout_sanity,Field,Biohub_OPS0058,1,0.7532972332913869
multitab_pilot,MultiTab,#4FA7B8,Generic multi-task,8,field_holdout_sanity,Field,Biohub_OPS0059,1,0.5916045032554935
multitab_pilot,MultiTab,#4FA7B8,Generic multi-task,8,field_holdout_sanity,Field,Biohub_OPS0060,1,0.8408016407352581
multitab_pilot,MultiTab,#4FA7B8,Generic multi-task,8,field_holdout_sanity,Field,Biohub_OPS0061,2,0.6853538524414362
multitab_pilot,MultiTab,#4FA7B8,Generic multi-task,8,field_holdout_sanity,Field,Biohub_OPS0062,2,0.707813187225143
multitab_pilot,MultiTab,#4FA7B8,Generic multi-task,8,field_holdout_sanity,Field,Biohub_OPS0063,1,0.7161012375063477
multitab_pilot,MultiTab,#4FA7B8,Generic multi-task,8,field_holdout_sanity,Field,Biohub_OPS0064,2,0.6639719990934725
multitab_pilot,MultiTab,#4FA7B8,Generic multi-task,8,field_holdout_sanity,Field,Biohub_OPS0065,2,0.714749068083294
multitab_pilot,MultiTab,#4FA7B8,Generic multi-task,8,field_holdout_sanity,Field,Biohub_OPS0066,1,0.8771204433069718
multitab_pilot,MultiTab,#4FA7B8,Generic multi-task,8,field_holdout_sanity,Field,Biohub_OPS0067,1,0.3940972127342372
multitab_pilot,MultiTab,#4FA7B8,Generic multi-task,8,field_holdout_sanity,Field,Biohub_OPS0068,1,0.6394586611374365
multitab_pilot,MultiTab,#4FA7B8,Generic multi-task,8,field_holdout_sanity,Field,Biohub_OPS0069,2,0.6022345581517445
multitab_pilot,MultiTab,#4FA7B8,Generic multi-task,8,field_holdout_sanity,Field,Biohub_OPS0070,1,0.4671213725983456
multitab_pilot,MultiTab,#4FA7B8,Generic multi-task,8,field_holdout_sanity,Field,Biohub_OPS0071,1,0.651876672443417
multitab_pilot,MultiTab,#4FA7B8,Generic multi-task,8,field_holdout_sanity,Field,Biohub_OPS0072,2,0.8269318879946763
multitab_pilot,MultiTab,#4FA7B8,Generic multi-task,8,field_holdout_sanity,Field,Biohub_OPS0073,1,0.515844733916326
multitab_pilot,MultiTab,#4FA7B8,Generic multi-task,8,field_holdout_sanity,Field,Biohub_OPS0074,2,0.824137026513073
multitab_pilot,MultiTab,#4FA7B8,Generic multi-task,8,field_holdout_sanity,Field,Biohub_OPS0075,1,0.7127908380757985
multitab_pilot,MultiTab,#4FA7B8,Generic multi-task,8,field_holdout_sanity,Field,Biohub_OPS0076,1,0.8322882908028211
multitab_pilot,MultiTab,#4FA7B8,Generic multi-task,8,field_holdout_sanity,Field,Biohub_OPS0077,6,0.5021786565362751
multitab_pilot,MultiTab,#4FA7B8,Generic multi-task,8,gene_holdout_main,Gene,Biohub_OPS0001,2,0.8334379805947614
multitab_pilot,MultiTab,#4FA7B8,Generic multi-task,8,gene_holdout_main,Gene,Biohub_OPS0002,1,0.6859007060220442
multitab_pilot,MultiTab,#4FA7B8,Generic multi-task,8,gene_holdout_main,Gene,Biohub_OPS0003,1,0.9056299008430192
multitab_pilot,MultiTab,#4FA7B8,Generic multi-task,8,gene_holdout_main,Gene,Biohub_OPS0004,1,0.9191542479795533
multitab_pilot,MultiTab,#4FA7B8,Generic multi-task,8,gene_holdout_main,Gene,Biohub_OPS0005,2,0.8121908473119519
multitab_pilot,MultiTab,#4FA7B8,Generic multi-task,8,gene_holdout_main,Gene,Biohub_OPS0006,2,0.7731340992310315
multitab_pilot,MultiTab,#4FA7B8,Generic multi-task,8,gene_holdout_main,Gene,Biohub_OPS0007,2,0.7484461475007538
multitab_pilot,MultiTab,#4FA7B8,Generic multi-task,8,gene_holdout_main,Gene,Biohub_OPS0008,2,0.8028219147813174
multitab_pilot,MultiTab,#4FA7B8,Generic multi-task,8,gene_holdout_main,Gene,Biohub_OPS0009,2,0.7758555761315356
multitab_pilot,MultiTab,#4FA7B8,Generic multi-task,8,gene_holdout_main,Gene,Biohub_OPS0011,1,0.7098407891519768
multitab_pilot,MultiTab,#4FA7B8,Generic multi-task,8,gene_holdout_main,Gene,Biohub_OPS0012,1,0.8068767770866855
multitab_pilot,MultiTab,#4FA7B8,Generic multi-task,8,gene_holdout_main,Gene,Biohub_OPS0013,1,0.7570248639011234
multitab_pilot,MultiTab,#4FA7B8,Generic multi-task,8,gene_holdout_main,Gene,Biohub_OPS0014,1,0.9041534894108904
multitab_pilot,MultiTab,#4FA7B8,Generic multi-task,8,gene_holdout_main,Gene,Biohub_OPS0015,1,0.7339062709879257
multitab_pilot,MultiTab,#4FA7B8,Generic multi-task,8,gene_holdout_main,Gene,Biohub_OPS0016,1,0.6831220533512594
multitab_pilot,MultiTab,#4FA7B8,Generic multi-task,8,gene_holdout_main,Gene,Biohub_OPS0017,1,0.6972658918232781
multitab_pilot,MultiTab,#4FA7B8,Generic multi-task,8,gene_holdout_main,Gene,Biohub_OPS0018,1,0.8899322222851094
multitab_pilot,MultiTab,#4FA7B8,Generic multi-task,8,gene_holdout_main,Gene,Biohub_OPS0019,1,0.9281515299803752
multitab_pilot,MultiTab,#4FA7B8,Generic multi-task,8,gene_holdout_main,Gene,Biohub_OPS0020,1,0.8008067117460133
multitab_pilot,MultiTab,#4FA7B8,Generic multi-task,8,gene_holdout_main,Gene,Biohub_OPS0021,1,0.7834406303816283
multitab_pilot,MultiTab,#4FA7B8,Generic multi-task,8,gene_holdout_main,Gene,Biohub_OPS0022,1,0.7631201892953623
multitab_pilot,MultiTab,#4FA7B8,Generic multi-task,8,gene_holdout_main,Gene,Biohub_OPS0023,1,0.6873612850892797
multitab_pilot,MultiTab,#4FA7B8,Generic multi-task,8,gene_holdout_main,Gene,Biohub_OPS0025,1,0.8448914899932728
multitab_pilot,MultiTab,#4FA7B8,Generic multi-task,8,gene_holdout_main,Gene,Biohub_OPS0026,1,0.9197133569677396
multitab_pilot,MultiTab,#4FA7B8,Generic multi-task,8,gene_holdout_main,Gene,Biohub_OPS0027,1,0.8538551511592921
multitab_pilot,MultiTab,#4FA7B8,Generic multi-task,8,gene_holdout_main,Gene,Biohub_OPS0028,1,0.8806073534351637
multitab_pilot,MultiTab,#4FA7B8,Generic multi-task,8,gene_holdout_main,Gene,Biohub_OPS0029,1,0.6514819267540827
multitab_pilot,MultiTab,#4FA7B8,Generic multi-task,8,gene_holdout_main,Gene,Biohub_OPS0030,1,0.6967574876799641
multitab_pilot,MultiTab,#4FA7B8,Generic multi-task,8,gene_holdout_main,Gene,Biohub_OPS0031,1,0.7210141582007626
multitab_pilot,MultiTab,#4FA7B8,Generic multi-task,8,gene_holdout_main,Gene,Biohub_OPS0032,1,0.7610356004721249
multitab_pilot,MultiTab,#4FA7B8,Generic multi-task,8,gene_holdout_main,Gene,Biohub_OPS0033,1,0.9193979141517348
multitab_pilot,MultiTab,#4FA7B8,Generic multi-task,8,gene_holdout_main,Gene,Biohub_OPS0034,1,0.9045212316114916
multitab_pilot,MultiTab,#4FA7B8,Generic multi-task,8,gene_holdout_main,Gene,Biohub_OPS0035,1,0.9252282941029008
multitab_pilot,MultiTab,#4FA7B8,Generic multi-task,8,gene_holdout_main,Gene,Biohub_OPS0036,1,0.7504877655332264
multitab_pilot,MultiTab,#4FA7B8,Generic multi-task,8,gene_holdout_main,Gene,Biohub_OPS0037,1,0.925199876490329
multitab_pilot,MultiTab,#4FA7B8,Generic multi-task,8,gene_holdout_main,Gene,Biohub_OPS0039,1,0.9203866273000512
multitab_pilot,MultiTab,#4FA7B8,Generic multi-task,8,gene_holdout_main,Gene,Biohub_OPS0040,1,0.9159245818631524
multitab_pilot,MultiTab,#4FA7B8,Generic multi-task,8,gene_holdout_main,Gene,Biohub_OPS0041,1,0.532273260533719
multitab_pilot,MultiTab,#4FA7B8,Generic multi-task,8,gene_holdout_main,Gene,Biohub_OPS0042,1,0.8076006162765005
multitab_pilot,MultiTab,#4FA7B8,Generic multi-task,8,gene_holdout_main,Gene,Biohub_OPS0043,7,0.7226396223027238
multitab_pilot,MultiTab,#4FA7B8,Generic multi-task,8,gene_holdout_main,Gene,Biohub_OPS0044,1,0.9099311980761972
multitab_pilot,MultiTab,#4FA7B8,Generic multi-task,8,gene_holdout_main,Gene,Biohub_OPS0045,2,0.6979188959675107
multitab_pilot,MultiTab,#4FA7B8,Generic multi-task,8,gene_holdout_main,Gene,Biohub_OPS0046,1,0.8060358915867951
multitab_pilot,MultiTab,#4FA7B8,Generic multi-task,8,gene_holdout_main,Gene,Biohub_OPS0047,1,0.8447432394610992
multitab_pilot,MultiTab,#4FA7B8,Generic multi-task,8,gene_holdout_main,Gene,Biohub_OPS0048,1,0.7985598783897613
multitab_pilot,MultiTab,#4FA7B8,Generic multi-task,8,gene_holdout_main,Gene,Biohub_OPS0050,1,0.5946557440198377
multitab_pilot,MultiTab,#4FA7B8,Generic multi-task,8,gene_holdout_main,Gene,Biohub_OPS0051,1,0.7699363756615218
multitab_pilot,MultiTab,#4FA7B8,Generic multi-task,8,gene_holdout_main,Gene,Biohub_OPS0052,1,0.6507270665586816
multitab_pilot,MultiTab,#4FA7B8,Generic multi-task,8,gene_holdout_main,Gene,Biohub_OPS0053,1,0.6678910517972222
multitab_pilot,MultiTab,#4FA7B8,Generic multi-task,8,gene_holdout_main,Gene,Biohub_OPS0054,1,0.6980689014388729
multitab_pilot,MultiTab,#4FA7B8,Generic multi-task,8,gene_holdout_main,Gene,Biohub_OPS0055,1,0.9366605724139636
multitab_pilot,MultiTab,#4FA7B8,Generic multi-task,8,gene_holdout_main,Gene,Biohub_OPS0056,1,0.9224313718766536
multitab_pilot,MultiTab,#4FA7B8,Generic multi-task,8,gene_holdout_main,Gene,Biohub_OPS0057,2,0.7486263009836243
multitab_pilot,MultiTab,#4FA7B8,Generic multi-task,8,gene_holdout_main,Gene,Biohub_OPS0058,1,0.8286085043588777
multitab_pilot,MultiTab,#4FA7B8,Generic multi-task,8,gene_holdout_main,Gene,Biohub_OPS0059,1,0.6535562184345975
multitab_pilot,MultiTab,#4FA7B8,Generic multi-task,8,gene_holdout_main,Gene,Biohub_OPS0060,1,0.8726649038800672
multitab_pilot,MultiTab,#4FA7B8,Generic multi-task,8,gene_holdout_main,Gene,Biohub_OPS0061,2,0.6993719741214954
multitab_pilot,MultiTab,#4FA7B8,Generic multi-task,8,gene_holdout_main,Gene,Biohub_OPS0062,2,0.7810132052422196
multitab_pilot,MultiTab,#4FA7B8,Generic multi-task,8,gene_holdout_main,Gene,Biohub_OPS0063,1,0.7809439601474905
multitab_pilot,MultiTab,#4FA7B8,Generic multi-task,8,gene_holdout_main,Gene,Biohub_OPS0064,2,0.7333598431158723
multitab_pilot,MultiTab,#4FA7B8,Generic multi-task,8,gene_holdout_main,Gene,Biohub_OPS0065,2,0.7370263636190757
multitab_pilot,MultiTab,#4FA7B8,Generic multi-task,8,gene_holdout_main,Gene,Biohub_OPS0066,1,0.9157771394702884
multitab_pilot,MultiTab,#4FA7B8,Generic multi-task,8,gene_holdout_main,Gene,Biohub_OPS0067,1,0.4595234080866111
multitab_pilot,MultiTab,#4FA7B8,Generic multi-task,8,gene_holdout_main,Gene,Biohub_OPS0068,1,0.6948214278775419
multitab_pilot,MultiTab,#4FA7B8,Generic multi-task,8,gene_holdout_main,Gene,Biohub_OPS0069,2,0.6384326012111694
multitab_pilot,MultiTab,#4FA7B8,Generic multi-task,8,gene_holdout_main,Gene,Biohub_OPS0070,1,0.5602363379930884
multitab_pilot,MultiTab,#4FA7B8,Generic multi-task,8,gene_holdout_main,Gene,Biohub_OPS0071,1,0.7474842046000562
multitab_pilot,MultiTab,#4FA7B8,Generic multi-task,8,gene_holdout_main,Gene,Biohub_OPS0072,2,0.8660458422256169
multitab_pilot,MultiTab,#4FA7B8,Generic multi-task,8,gene_holdout_main,Gene,Biohub_OPS0073,1,0.5538262302102989
multitab_pilot,MultiTab,#4FA7B8,Generic multi-task,8,gene_holdout_main,Gene,Biohub_OPS0074,2,0.8559091124877247
multitab_pilot,MultiTab,#4FA7B8,Generic multi-task,8,gene_holdout_main,Gene,Biohub_OPS0075,1,0.7925357056787309
multitab_pilot,MultiTab,#4FA7B8,Generic multi-task,8,gene_holdout_main,Gene,Biohub_OPS0076,1,0.8500484318757846
multitab_pilot,MultiTab,#4FA7B8,Generic multi-task,8,gene_holdout_main,Gene,Biohub_OPS0077,6,0.5499605200538134
multitab_pilot,MultiTab,#4FA7B8,Generic multi-task,8,strict_whole_screen,Whole-screen,Biohub_OPS0001,2,0.8548374320069949
multitab_pilot,MultiTab,#4FA7B8,Generic multi-task,8,strict_whole_screen,Whole-screen,Biohub_OPS0002,1,0.6509385959555706
multitab_pilot,MultiTab,#4FA7B8,Generic multi-task,8,strict_whole_screen,Whole-screen,Biohub_OPS0003,1,0.9055509741107622
multitab_pilot,MultiTab,#4FA7B8,Generic multi-task,8,strict_whole_screen,Whole-screen,Biohub_OPS0004,1,0.922921061515808
multitab_pilot,MultiTab,#4FA7B8,Generic multi-task,8,strict_whole_screen,Whole-screen,Biohub_OPS0005,2,0.8302536815404892
multitab_pilot,MultiTab,#4FA7B8,Generic multi-task,8,strict_whole_screen,Whole-screen,Biohub_OPS0006,2,0.7746538706123829
multitab_pilot,MultiTab,#4FA7B8,Generic multi-task,8,strict_whole_screen,Whole-screen,Biohub_OPS0007,2,0.750834358483553
multitab_pilot,MultiTab,#4FA7B8,Generic multi-task,8,strict_whole_screen,Whole-screen,Biohub_OPS0008,2,0.813225778316458
multitab_pilot,MultiTab,#4FA7B8,Generic multi-task,8,strict_whole_screen,Whole-screen,Biohub_OPS0009,2,0.7921846367418766
multitab_pilot,MultiTab,#4FA7B8,Generic multi-task,8,strict_whole_screen,Whole-screen,Biohub_OPS0011,1,0.7007215358316898
multitab_pilot,MultiTab,#4FA7B8,Generic multi-task,8,strict_whole_screen,Whole-screen,Biohub_OPS0012,1,0.8039881115158399
multitab_pilot,MultiTab,#4FA7B8,Generic multi-task,8,strict_whole_screen,Whole-screen,Biohub_OPS0013,1,0.7325314978758494
multitab_pilot,MultiTab,#4FA7B8,Generic multi-task,8,strict_whole_screen,Whole-screen,Biohub_OPS0014,1,0.892118901014328
multitab_pilot,MultiTab,#4FA7B8,Generic multi-task,8,strict_whole_screen,Whole-screen,Biohub_OPS0015,1,0.5649709540108839
multitab_pilot,MultiTab,#4FA7B8,Generic multi-task,8,strict_whole_screen,Whole-screen,Biohub_OPS0016,1,0.6784407999366522
multitab_pilot,MultiTab,#4FA7B8,Generic multi-task,8,strict_whole_screen,Whole-screen,Biohub_OPS0017,1,0.6866280330965916
multitab_pilot,MultiTab,#4FA7B8,Generic multi-task,8,strict_whole_screen,Whole-screen,Biohub_OPS0018,1,0.8906486804286639
multitab_pilot,MultiTab,#4FA7B8,Generic multi-task,8,strict_whole_screen,Whole-screen,Biohub_OPS0019,1,0.916961724559466
multitab_pilot,MultiTab,#4FA7B8,Generic multi-task,8,strict_whole_screen,Whole-screen,Biohub_OPS0020,1,0.8013472693661848
multitab_pilot,MultiTab,#4FA7B8,Generic multi-task,8,strict_whole_screen,Whole-screen,Biohub_OPS0021,1,0.8033502039810022
multitab_pilot,MultiTab,#4FA7B8,Generic multi-task,8,strict_whole_screen,Whole-screen,Biohub_OPS0022,1,-0.1332116927175472
multitab_pilot,MultiTab,#4FA7B8,Generic multi-task,8,strict_whole_screen,Whole-screen,Biohub_OPS0023,1,0.525577585833768
multitab_pilot,MultiTab,#4FA7B8,Generic multi-task,8,strict_whole_screen,Whole-screen,Biohub_OPS0025,1,0.8094101461271445
multitab_pilot,MultiTab,#4FA7B8,Generic multi-task,8,strict_whole_screen,Whole-screen,Biohub_OPS0026,1,0.8934165264169375
multitab_pilot,MultiTab,#4FA7B8,Generic multi-task,8,strict_whole_screen,Whole-screen,Biohub_OPS0027,1,0.8207811675965786
multitab_pilot,MultiTab,#4FA7B8,Generic multi-task,8,strict_whole_screen,Whole-screen,Biohub_OPS0028,1,0.6085289710511764
multitab_pilot,MultiTab,#4FA7B8,Generic multi-task,8,strict_whole_screen,Whole-screen,Biohub_OPS0029,1,0.6052910247817636
multitab_pilot,MultiTab,#4FA7B8,Generic multi-task,8,strict_whole_screen,Whole-screen,Biohub_OPS0030,1,0.5754021403069297
multitab_pilot,MultiTab,#4FA7B8,Generic multi-task,8,strict_whole_screen,Whole-screen,Biohub_OPS0031,1,0.7229324082533518
multitab_pilot,MultiTab,#4FA7B8,Generic multi-task,8,strict_whole_screen,Whole-screen,Biohub_OPS0032,1,0.7598302575449148
multitab_pilot,MultiTab,#4FA7B8,Generic multi-task,8,strict_whole_screen,Whole-screen,Biohub_OPS0033,1,0.8971326785782973
multitab_pilot,MultiTab,#4FA7B8,Generic multi-task,8,strict_whole_screen,Whole-screen,Biohub_OPS0034,1,0.9010227272907892
multitab_pilot,MultiTab,#4FA7B8,Generic multi-task,8,strict_whole_screen,Whole-screen,Biohub_OPS0036,1,0.5881842367040614
multitab_pilot,MultiTab,#4FA7B8,Generic multi-task,8,strict_whole_screen,Whole-screen,Biohub_OPS0040,1,0.8085324385513862
multitab_pilot,MultiTab,#4FA7B8,Generic multi-task,8,strict_whole_screen,Whole-screen,Biohub_OPS0041,1,0.428905562730506
multitab_pilot,MultiTab,#4FA7B8,Generic multi-task,8,strict_whole_screen,Whole-screen,Biohub_OPS0042,1,0.7097488284731904
multitab_pilot,MultiTab,#4FA7B8,Generic multi-task,8,strict_whole_screen,Whole-screen,Biohub_OPS0044,1,0.9070239861806234
multitab_pilot,MultiTab,#4FA7B8,Generic multi-task,8,strict_whole_screen,Whole-screen,Biohub_OPS0045,2,0.5954358824528754
multitab_pilot,MultiTab,#4FA7B8,Generic multi-task,8,strict_whole_screen,Whole-screen,Biohub_OPS0047,1,-0.0416614354665701
multitab_pilot,MultiTab,#4FA7B8,Generic multi-task,8,strict_whole_screen,Whole-screen,Biohub_OPS0048,1,0.5737790022200594
multitab_pilot,MultiTab,#4FA7B8,Generic multi-task,8,strict_whole_screen,Whole-screen,Biohub_OPS0050,1,0.5834464415286978
multitab_pilot,MultiTab,#4FA7B8,Generic multi-task,8,strict_whole_screen,Whole-screen,Biohub_OPS0051,1,0.7103651911020279
multitab_pilot,MultiTab,#4FA7B8,Generic multi-task,8,strict_whole_screen,Whole-screen,Biohub_OPS0053,1,0.1666365849475065
multitab_pilot,MultiTab,#4FA7B8,Generic multi-task,8,strict_whole_screen,Whole-screen,Biohub_OPS0054,1,0.6973927008608977
multitab_pilot,MultiTab,#4FA7B8,Generic multi-task,8,strict_whole_screen,Whole-screen,Biohub_OPS0055,1,0.9197436794638634
multitab_pilot,MultiTab,#4FA7B8,Generic multi-task,8,strict_whole_screen,Whole-screen,Biohub_OPS0056,1,0.9015163630247116
multitab_pilot,MultiTab,#4FA7B8,Generic multi-task,8,strict_whole_screen,Whole-screen,Biohub_OPS0057,2,0.6244588430660466
multitab_pilot,MultiTab,#4FA7B8,Generic multi-task,8,strict_whole_screen,Whole-screen,Biohub_OPS0058,1,0.6539734161148468
multitab_pilot,MultiTab,#4FA7B8,Generic multi-task,8,strict_whole_screen,Whole-screen,Biohub_OPS0059,1,0.5604910627007484
multitab_pilot,MultiTab,#4FA7B8,Generic multi-task,8,strict_whole_screen,Whole-screen,Biohub_OPS0060,1,0.8731340182324251
multitab_pilot,MultiTab,#4FA7B8,Generic multi-task,8,strict_whole_screen,Whole-screen,Biohub_OPS0061,2,0.5183054881781572
multitab_pilot,MultiTab,#4FA7B8,Generic multi-task,8,strict_whole_screen,Whole-screen,Biohub_OPS0062,2,0.4825261980683232
multitab_pilot,MultiTab,#4FA7B8,Generic multi-task,8,strict_whole_screen,Whole-screen,Biohub_OPS0063,1,0.7393005763490995
multitab_pilot,MultiTab,#4FA7B8,Generic multi-task,8,strict_whole_screen,Whole-screen,Biohub_OPS0064,2,0.48216330236755306
multitab_pilot,MultiTab,#4FA7B8,Generic multi-task,8,strict_whole_screen,Whole-screen,Biohub_OPS0065,2,0.5180347459196734
multitab_pilot,MultiTab,#4FA7B8,Generic multi-task,8,strict_whole_screen,Whole-screen,Biohub_OPS0066,1,0.9075603423019252
multitab_pilot,MultiTab,#4FA7B8,Generic multi-task,8,strict_whole_screen,Whole-screen,Biohub_OPS0067,1,0.0945383314004478
multitab_pilot,MultiTab,#4FA7B8,Generic multi-task,8,strict_whole_screen,Whole-screen,Biohub_OPS0068,1,0.5700753835650781
multitab_pilot,MultiTab,#4FA7B8,Generic multi-task,8,strict_whole_screen,Whole-screen,Biohub_OPS0069,2,0.5168266792121964
multitab_pilot,MultiTab,#4FA7B8,Generic multi-task,8,strict_whole_screen,Whole-screen,Biohub_OPS0070,1,0.5318548991344869
multitab_pilot,MultiTab,#4FA7B8,Generic multi-task,8,strict_whole_screen,Whole-screen,Biohub_OPS0071,1,0.7478701683382193
multitab_pilot,MultiTab,#4FA7B8,Generic multi-task,8,strict_whole_screen,Whole-screen,Biohub_OPS0072,2,0.8117429104944069
multitab_pilot,MultiTab,#4FA7B8,Generic multi-task,8,strict_whole_screen,Whole-screen,Biohub_OPS0073,1,0.5467675817975154
multitab_pilot,MultiTab,#4FA7B8,Generic multi-task,8,strict_whole_screen,Whole-screen,Biohub_OPS0074,2,0.5488276245111289
multitab_pilot,MultiTab,#4FA7B8,Generic multi-task,8,strict_whole_screen,Whole-screen,Biohub_OPS0075,1,0.7086212956346571
multitab_pilot,MultiTab,#4FA7B8,Generic multi-task,8,strict_whole_screen,Whole-screen,Biohub_OPS0076,1,0.8491592835634947
resmlp_52head,ResMLP,#4F9A70,Generic multi-task,7,field_holdout_sanity,Field,Biohub_OPS0001,2,0.7974528750159556
resmlp_52head,ResMLP,#4F9A70,Generic multi-task,7,field_holdout_sanity,Field,Biohub_OPS0002,1,0.6535368964635958
resmlp_52head,ResMLP,#4F9A70,Generic multi-task,7,field_holdout_sanity,Field,Biohub_OPS0003,1,0.8895024979063383
resmlp_52head,ResMLP,#4F9A70,Generic multi-task,7,field_holdout_sanity,Field,Biohub_OPS0004,1,0.8779437674027698
resmlp_52head,ResMLP,#4F9A70,Generic multi-task,7,field_holdout_sanity,Field,Biohub_OPS0005,2,0.7591080943846941
resmlp_52head,ResMLP,#4F9A70,Generic multi-task,7,field_holdout_sanity,Field,Biohub_OPS0006,2,0.725399438855592
resmlp_52head,ResMLP,#4F9A70,Generic multi-task,7,field_holdout_sanity,Field,Biohub_OPS0007,2,0.7208324340274468
resmlp_52head,ResMLP,#4F9A70,Generic multi-task,7,field_holdout_sanity,Field,Biohub_OPS0008,2,0.7682507673849653
resmlp_52head,ResMLP,#4F9A70,Generic multi-task,7,field_holdout_sanity,Field,Biohub_OPS0009,2,0.7419763285615375
resmlp_52head,ResMLP,#4F9A70,Generic multi-task,7,field_holdout_sanity,Field,Biohub_OPS0011,1,0.6649164348303972
resmlp_52head,ResMLP,#4F9A70,Generic multi-task,7,field_holdout_sanity,Field,Biohub_OPS0012,1,0.7553351140911819
resmlp_52head,ResMLP,#4F9A70,Generic multi-task,7,field_holdout_sanity,Field,Biohub_OPS0013,1,0.7175487573552685
resmlp_52head,ResMLP,#4F9A70,Generic multi-task,7,field_holdout_sanity,Field,Biohub_OPS0014,1,0.8715583437648392
resmlp_52head,ResMLP,#4F9A70,Generic multi-task,7,field_holdout_sanity,Field,Biohub_OPS0015,1,0.7036010807667408
resmlp_52head,ResMLP,#4F9A70,Generic multi-task,7,field_holdout_sanity,Field,Biohub_OPS0016,1,0.6489540251765668
resmlp_52head,ResMLP,#4F9A70,Generic multi-task,7,field_holdout_sanity,Field,Biohub_OPS0017,1,0.6431924268927713
resmlp_52head,ResMLP,#4F9A70,Generic multi-task,7,field_holdout_sanity,Field,Biohub_OPS0018,1,0.8604529759753046
resmlp_52head,ResMLP,#4F9A70,Generic multi-task,7,field_holdout_sanity,Field,Biohub_OPS0019,1,0.8942386472079371
resmlp_52head,ResMLP,#4F9A70,Generic multi-task,7,field_holdout_sanity,Field,Biohub_OPS0020,1,0.7475826924025778
resmlp_52head,ResMLP,#4F9A70,Generic multi-task,7,field_holdout_sanity,Field,Biohub_OPS0021,1,0.7482977105460819
resmlp_52head,ResMLP,#4F9A70,Generic multi-task,7,field_holdout_sanity,Field,Biohub_OPS0022,1,0.7168140609451217
resmlp_52head,ResMLP,#4F9A70,Generic multi-task,7,field_holdout_sanity,Field,Biohub_OPS0023,1,0.6631835374286
resmlp_52head,ResMLP,#4F9A70,Generic multi-task,7,field_holdout_sanity,Field,Biohub_OPS0025,1,0.8190055099959176
resmlp_52head,ResMLP,#4F9A70,Generic multi-task,7,field_holdout_sanity,Field,Biohub_OPS0026,1,0.9042223930602518
resmlp_52head,ResMLP,#4F9A70,Generic multi-task,7,field_holdout_sanity,Field,Biohub_OPS0027,1,0.7918938092315301
resmlp_52head,ResMLP,#4F9A70,Generic multi-task,7,field_holdout_sanity,Field,Biohub_OPS0028,1,0.8481426060133345
resmlp_52head,ResMLP,#4F9A70,Generic multi-task,7,field_holdout_sanity,Field,Biohub_OPS0029,1,0.5987307760390728
resmlp_52head,ResMLP,#4F9A70,Generic multi-task,7,field_holdout_sanity,Field,Biohub_OPS0030,1,0.6857616264696521
resmlp_52head,ResMLP,#4F9A70,Generic multi-task,7,field_holdout_sanity,Field,Biohub_OPS0031,1,0.6322350337370918
resmlp_52head,ResMLP,#4F9A70,Generic multi-task,7,field_holdout_sanity,Field,Biohub_OPS0032,1,0.6736455172029491
resmlp_52head,ResMLP,#4F9A70,Generic multi-task,7,field_holdout_sanity,Field,Biohub_OPS0033,1,0.8944908689256929
resmlp_52head,ResMLP,#4F9A70,Generic multi-task,7,field_holdout_sanity,Field,Biohub_OPS0034,1,0.8830737819283573
resmlp_52head,ResMLP,#4F9A70,Generic multi-task,7,field_holdout_sanity,Field,Biohub_OPS0035,1,0.8918322958781558
resmlp_52head,ResMLP,#4F9A70,Generic multi-task,7,field_holdout_sanity,Field,Biohub_OPS0036,1,0.7038832749554979
resmlp_52head,ResMLP,#4F9A70,Generic multi-task,7,field_holdout_sanity,Field,Biohub_OPS0037,1,0.9073453748933534
resmlp_52head,ResMLP,#4F9A70,Generic multi-task,7,field_holdout_sanity,Field,Biohub_OPS0039,1,0.8734354483023085
resmlp_52head,ResMLP,#4F9A70,Generic multi-task,7,field_holdout_sanity,Field,Biohub_OPS0040,1,0.8828564359154173
resmlp_52head,ResMLP,#4F9A70,Generic multi-task,7,field_holdout_sanity,Field,Biohub_OPS0041,1,0.5043470788369363
resmlp_52head,ResMLP,#4F9A70,Generic multi-task,7,field_holdout_sanity,Field,Biohub_OPS0042,1,0.7327315116796461
resmlp_52head,ResMLP,#4F9A70,Generic multi-task,7,field_holdout_sanity,Field,Biohub_OPS0043,7,0.5968652363093072
resmlp_52head,ResMLP,#4F9A70,Generic multi-task,7,field_holdout_sanity,Field,Biohub_OPS0044,1,0.8990359770031029
resmlp_52head,ResMLP,#4F9A70,Generic multi-task,7,field_holdout_sanity,Field,Biohub_OPS0045,2,0.6361679404510653
resmlp_52head,ResMLP,#4F9A70,Generic multi-task,7,field_holdout_sanity,Field,Biohub_OPS0046,1,0.7551514963091975
resmlp_52head,ResMLP,#4F9A70,Generic multi-task,7,field_holdout_sanity,Field,Biohub_OPS0047,1,0.8651027523495841
resmlp_52head,ResMLP,#4F9A70,Generic multi-task,7,field_holdout_sanity,Field,Biohub_OPS0048,1,0.7485170069704874
resmlp_52head,ResMLP,#4F9A70,Generic multi-task,7,field_holdout_sanity,Field,Biohub_OPS0050,1,0.5581748458183194
resmlp_52head,ResMLP,#4F9A70,Generic multi-task,7,field_holdout_sanity,Field,Biohub_OPS0051,1,0.7140198055001609
resmlp_52head,ResMLP,#4F9A70,Generic multi-task,7,field_holdout_sanity,Field,Biohub_OPS0052,1,0.564324925638369
resmlp_52head,ResMLP,#4F9A70,Generic multi-task,7,field_holdout_sanity,Field,Biohub_OPS0053,1,0.6513673113099375
resmlp_52head,ResMLP,#4F9A70,Generic multi-task,7,field_holdout_sanity,Field,Biohub_OPS0054,1,0.6084925839263605
resmlp_52head,ResMLP,#4F9A70,Generic multi-task,7,field_holdout_sanity,Field,Biohub_OPS0055,1,0.913799782066337
resmlp_52head,ResMLP,#4F9A70,Generic multi-task,7,field_holdout_sanity,Field,Biohub_OPS0056,1,0.888027643901943
resmlp_52head,ResMLP,#4F9A70,Generic multi-task,7,field_holdout_sanity,Field,Biohub_OPS0057,2,0.709913541752115
resmlp_52head,ResMLP,#4F9A70,Generic multi-task,7,field_holdout_sanity,Field,Biohub_OPS0058,1,0.7525861999288924
resmlp_52head,ResMLP,#4F9A70,Generic multi-task,7,field_holdout_sanity,Field,Biohub_OPS0059,1,0.5629360859683308
resmlp_52head,ResMLP,#4F9A70,Generic multi-task,7,field_holdout_sanity,Field,Biohub_OPS0060,1,0.8422838168461304
resmlp_52head,ResMLP,#4F9A70,Generic multi-task,7,field_holdout_sanity,Field,Biohub_OPS0061,2,0.7210816993015478
resmlp_52head,ResMLP,#4F9A70,Generic multi-task,7,field_holdout_sanity,Field,Biohub_OPS0062,2,0.7246608352037852
resmlp_52head,ResMLP,#4F9A70,Generic multi-task,7,field_holdout_sanity,Field,Biohub_OPS0063,1,0.7290518067568904
resmlp_52head,ResMLP,#4F9A70,Generic multi-task,7,field_holdout_sanity,Field,Biohub_OPS0064,2,0.6808345279659448
resmlp_52head,ResMLP,#4F9A70,Generic multi-task,7,field_holdout_sanity,Field,Biohub_OPS0065,2,0.7169843709619944
resmlp_52head,ResMLP,#4F9A70,Generic multi-task,7,field_holdout_sanity,Field,Biohub_OPS0066,1,0.8915359098391384
resmlp_52head,ResMLP,#4F9A70,Generic multi-task,7,field_holdout_sanity,Field,Biohub_OPS0067,1,0.3505830954939128
resmlp_52head,ResMLP,#4F9A70,Generic multi-task,7,field_holdout_sanity,Field,Biohub_OPS0068,1,0.6492167126824667
resmlp_52head,ResMLP,#4F9A70,Generic multi-task,7,field_holdout_sanity,Field,Biohub_OPS0069,2,0.6211965743059351
resmlp_52head,ResMLP,#4F9A70,Generic multi-task,7,field_holdout_sanity,Field,Biohub_OPS0070,1,0.4765884497136892
resmlp_52head,ResMLP,#4F9A70,Generic multi-task,7,field_holdout_sanity,Field,Biohub_OPS0071,1,0.6415739409436599
resmlp_52head,ResMLP,#4F9A70,Generic multi-task,7,field_holdout_sanity,Field,Biohub_OPS0072,2,0.8342547075081831
resmlp_52head,ResMLP,#4F9A70,Generic multi-task,7,field_holdout_sanity,Field,Biohub_OPS0073,1,0.5099745024453903
resmlp_52head,ResMLP,#4F9A70,Generic multi-task,7,field_holdout_sanity,Field,Biohub_OPS0074,2,0.8318834021322771
resmlp_52head,ResMLP,#4F9A70,Generic multi-task,7,field_holdout_sanity,Field,Biohub_OPS0075,1,0.7294261970060947
resmlp_52head,ResMLP,#4F9A70,Generic multi-task,7,field_holdout_sanity,Field,Biohub_OPS0076,1,0.8376747075049584
resmlp_52head,ResMLP,#4F9A70,Generic multi-task,7,field_holdout_sanity,Field,Biohub_OPS0077,6,0.5013562236226411
resmlp_52head,ResMLP,#4F9A70,Generic multi-task,7,gene_holdout_main,Gene,Biohub_OPS0001,2,0.8365158702553939
resmlp_52head,ResMLP,#4F9A70,Generic multi-task,7,gene_holdout_main,Gene,Biohub_OPS0002,1,0.687540466980118
resmlp_52head,ResMLP,#4F9A70,Generic multi-task,7,gene_holdout_main,Gene,Biohub_OPS0003,1,0.9090154789762876
resmlp_52head,ResMLP,#4F9A70,Generic multi-task,7,gene_holdout_main,Gene,Biohub_OPS0004,1,0.9242337490509036
resmlp_52head,ResMLP,#4F9A70,Generic multi-task,7,gene_holdout_main,Gene,Biohub_OPS0005,2,0.8125804517344313
resmlp_52head,ResMLP,#4F9A70,Generic multi-task,7,gene_holdout_main,Gene,Biohub_OPS0006,2,0.774600953029614
resmlp_52head,ResMLP,#4F9A70,Generic multi-task,7,gene_holdout_main,Gene,Biohub_OPS0007,2,0.7531591574041381
resmlp_52head,ResMLP,#4F9A70,Generic multi-task,7,gene_holdout_main,Gene,Biohub_OPS0008,2,0.8031163600871167
resmlp_52head,ResMLP,#4F9A70,Generic multi-task,7,gene_holdout_main,Gene,Biohub_OPS0009,2,0.774116506310181
resmlp_52head,ResMLP,#4F9A70,Generic multi-task,7,gene_holdout_main,Gene,Biohub_OPS0011,1,0.6977340038078426
resmlp_52head,ResMLP,#4F9A70,Generic multi-task,7,gene_holdout_main,Gene,Biohub_OPS0012,1,0.7947233999286025
resmlp_52head,ResMLP,#4F9A70,Generic multi-task,7,gene_holdout_main,Gene,Biohub_OPS0013,1,0.7363081969814781
resmlp_52head,ResMLP,#4F9A70,Generic multi-task,7,gene_holdout_main,Gene,Biohub_OPS0014,1,0.9063006196322742
resmlp_52head,ResMLP,#4F9A70,Generic multi-task,7,gene_holdout_main,Gene,Biohub_OPS0015,1,0.742693706156243
resmlp_52head,ResMLP,#4F9A70,Generic multi-task,7,gene_holdout_main,Gene,Biohub_OPS0016,1,0.7009403033189227
resmlp_52head,ResMLP,#4F9A70,Generic multi-task,7,gene_holdout_main,Gene,Biohub_OPS0017,1,0.7047005479384918
resmlp_52head,ResMLP,#4F9A70,Generic multi-task,7,gene_holdout_main,Gene,Biohub_OPS0018,1,0.8910760839595159
resmlp_52head,ResMLP,#4F9A70,Generic multi-task,7,gene_holdout_main,Gene,Biohub_OPS0019,1,0.9294022904919004
resmlp_52head,ResMLP,#4F9A70,Generic multi-task,7,gene_holdout_main,Gene,Biohub_OPS0020,1,0.7864542824688744
resmlp_52head,ResMLP,#4F9A70,Generic multi-task,7,gene_holdout_main,Gene,Biohub_OPS0021,1,0.743242676415154
resmlp_52head,ResMLP,#4F9A70,Generic multi-task,7,gene_holdout_main,Gene,Biohub_OPS0022,1,0.7486133546715127
resmlp_52head,ResMLP,#4F9A70,Generic multi-task,7,gene_holdout_main,Gene,Biohub_OPS0023,1,0.7176695566520505
resmlp_52head,ResMLP,#4F9A70,Generic multi-task,7,gene_holdout_main,Gene,Biohub_OPS0025,1,0.8509059997493956
resmlp_52head,ResMLP,#4F9A70,Generic multi-task,7,gene_holdout_main,Gene,Biohub_OPS0026,1,0.9249630461710692
resmlp_52head,ResMLP,#4F9A70,Generic multi-task,7,gene_holdout_main,Gene,Biohub_OPS0027,1,0.8375436760050236
resmlp_52head,ResMLP,#4F9A70,Generic multi-task,7,gene_holdout_main,Gene,Biohub_OPS0028,1,0.890952827142557
resmlp_52head,ResMLP,#4F9A70,Generic multi-task,7,gene_holdout_main,Gene,Biohub_OPS0029,1,0.6511597501400066
resmlp_52head,ResMLP,#4F9A70,Generic multi-task,7,gene_holdout_main,Gene,Biohub_OPS0030,1,0.7083999104707545
resmlp_52head,ResMLP,#4F9A70,Generic multi-task,7,gene_holdout_main,Gene,Biohub_OPS0031,1,0.7192030768358233
resmlp_52head,ResMLP,#4F9A70,Generic multi-task,7,gene_holdout_main,Gene,Biohub_OPS0032,1,0.7518310355440132
resmlp_52head,ResMLP,#4F9A70,Generic multi-task,7,gene_holdout_main,Gene,Biohub_OPS0033,1,0.9248486859243948
resmlp_52head,ResMLP,#4F9A70,Generic multi-task,7,gene_holdout_main,Gene,Biohub_OPS0034,1,0.9153831217000468
resmlp_52head,ResMLP,#4F9A70,Generic multi-task,7,gene_holdout_main,Gene,Biohub_OPS0035,1,0.9291614208154616
resmlp_52head,ResMLP,#4F9A70,Generic multi-task,7,gene_holdout_main,Gene,Biohub_OPS0036,1,0.7814766439512297
resmlp_52head,ResMLP,#4F9A70,Generic multi-task,7,gene_holdout_main,Gene,Biohub_OPS0037,1,0.9304312812652392
resmlp_52head,ResMLP,#4F9A70,Generic multi-task,7,gene_holdout_main,Gene,Biohub_OPS0039,1,0.9181162417196356
resmlp_52head,ResMLP,#4F9A70,Generic multi-task,7,gene_holdout_main,Gene,Biohub_OPS0040,1,0.9235287806775204
resmlp_52head,ResMLP,#4F9A70,Generic multi-task,7,gene_holdout_main,Gene,Biohub_OPS0041,1,0.5499820381449664
resmlp_52head,ResMLP,#4F9A70,Generic multi-task,7,gene_holdout_main,Gene,Biohub_OPS0042,1,0.811128953199226
resmlp_52head,ResMLP,#4F9A70,Generic multi-task,7,gene_holdout_main,Gene,Biohub_OPS0043,7,0.6822489615869988
resmlp_52head,ResMLP,#4F9A70,Generic multi-task,7,gene_holdout_main,Gene,Biohub_OPS0044,1,0.9174225744622454
resmlp_52head,ResMLP,#4F9A70,Generic multi-task,7,gene_holdout_main,Gene,Biohub_OPS0045,2,0.6950896238526469
resmlp_52head,ResMLP,#4F9A70,Generic multi-task,7,gene_holdout_main,Gene,Biohub_OPS0046,1,0.8141129481412047
resmlp_52head,ResMLP,#4F9A70,Generic multi-task,7,gene_holdout_main,Gene,Biohub_OPS0047,1,0.9002948111679866
resmlp_52head,ResMLP,#4F9A70,Generic multi-task,7,gene_holdout_main,Gene,Biohub_OPS0048,1,0.8130259810739672
resmlp_52head,ResMLP,#4F9A70,Generic multi-task,7,gene_holdout_main,Gene,Biohub_OPS0050,1,0.5776655792518638
resmlp_52head,ResMLP,#4F9A70,Generic multi-task,7,gene_holdout_main,Gene,Biohub_OPS0051,1,0.77682297636051
resmlp_52head,ResMLP,#4F9A70,Generic multi-task,7,gene_holdout_main,Gene,Biohub_OPS0052,1,0.6366361919437863
resmlp_52head,ResMLP,#4F9A70,Generic multi-task,7,gene_holdout_main,Gene,Biohub_OPS0053,1,0.6935349130377234
resmlp_52head,ResMLP,#4F9A70,Generic multi-task,7,gene_holdout_main,Gene,Biohub_OPS0054,1,0.6730981693537649
resmlp_52head,ResMLP,#4F9A70,Generic multi-task,7,gene_holdout_main,Gene,Biohub_OPS0055,1,0.9396498573711964
resmlp_52head,ResMLP,#4F9A70,Generic multi-task,7,gene_holdout_main,Gene,Biohub_OPS0056,1,0.9275584880632608
resmlp_52head,ResMLP,#4F9A70,Generic multi-task,7,gene_holdout_main,Gene,Biohub_OPS0057,2,0.73500026613378
resmlp_52head,ResMLP,#4F9A70,Generic multi-task,7,gene_holdout_main,Gene,Biohub_OPS0058,1,0.8304528662347175
resmlp_52head,ResMLP,#4F9A70,Generic multi-task,7,gene_holdout_main,Gene,Biohub_OPS0059,1,0.6107915682531333
resmlp_52head,ResMLP,#4F9A70,Generic multi-task,7,gene_holdout_main,Gene,Biohub_OPS0060,1,0.8626507790729775
resmlp_52head,ResMLP,#4F9A70,Generic multi-task,7,gene_holdout_main,Gene,Biohub_OPS0061,2,0.750003661098321
resmlp_52head,ResMLP,#4F9A70,Generic multi-task,7,gene_holdout_main,Gene,Biohub_OPS0062,2,0.792877935907967
resmlp_52head,ResMLP,#4F9A70,Generic multi-task,7,gene_holdout_main,Gene,Biohub_OPS0063,1,0.7983722511963404
resmlp_52head,ResMLP,#4F9A70,Generic multi-task,7,gene_holdout_main,Gene,Biohub_OPS0064,2,0.7447885077264949
resmlp_52head,ResMLP,#4F9A70,Generic multi-task,7,gene_holdout_main,Gene,Biohub_OPS0065,2,0.7351734569717908
resmlp_52head,ResMLP,#4F9A70,Generic multi-task,7,gene_holdout_main,Gene,Biohub_OPS0066,1,0.9266613537030014
resmlp_52head,ResMLP,#4F9A70,Generic multi-task,7,gene_holdout_main,Gene,Biohub_OPS0067,1,0.4386296208776252
resmlp_52head,ResMLP,#4F9A70,Generic multi-task,7,gene_holdout_main,Gene,Biohub_OPS0068,1,0.7025720181812917
resmlp_52head,ResMLP,#4F9A70,Generic multi-task,7,gene_holdout_main,Gene,Biohub_OPS0069,2,0.6682377099349053
resmlp_52head,ResMLP,#4F9A70,Generic multi-task,7,gene_holdout_main,Gene,Biohub_OPS0070,1,0.5766489899082132
resmlp_52head,ResMLP,#4F9A70,Generic multi-task,7,gene_holdout_main,Gene,Biohub_OPS0071,1,0.7353723324513796
resmlp_52head,ResMLP,#4F9A70,Generic multi-task,7,gene_holdout_main,Gene,Biohub_OPS0072,2,0.8731542755080821
resmlp_52head,ResMLP,#4F9A70,Generic multi-task,7,gene_holdout_main,Gene,Biohub_OPS0073,1,0.5503530840355756
resmlp_52head,ResMLP,#4F9A70,Generic multi-task,7,gene_holdout_main,Gene,Biohub_OPS0074,2,0.864578635233931
resmlp_52head,ResMLP,#4F9A70,Generic multi-task,7,gene_holdout_main,Gene,Biohub_OPS0075,1,0.8093946826769977
resmlp_52head,ResMLP,#4F9A70,Generic multi-task,7,gene_holdout_main,Gene,Biohub_OPS0076,1,0.8573000807230925
resmlp_52head,ResMLP,#4F9A70,Generic multi-task,7,gene_holdout_main,Gene,Biohub_OPS0077,6,0.5600586313360819
resmlp_52head,ResMLP,#4F9A70,Generic multi-task,7,strict_whole_screen,Whole-screen,Biohub_OPS0001,2,0.8592499191562335
resmlp_52head,ResMLP,#4F9A70,Generic multi-task,7,strict_whole_screen,Whole-screen,Biohub_OPS0002,1,0.6348225163916746
resmlp_52head,ResMLP,#4F9A70,Generic multi-task,7,strict_whole_screen,Whole-screen,Biohub_OPS0003,1,0.9089850733677546
resmlp_52head,ResMLP,#4F9A70,Generic multi-task,7,strict_whole_screen,Whole-screen,Biohub_OPS0004,1,0.9245935554305712
resmlp_52head,ResMLP,#4F9A70,Generic multi-task,7,strict_whole_screen,Whole-screen,Biohub_OPS0005,2,0.835671192407608
resmlp_52head,ResMLP,#4F9A70,Generic multi-task,7,strict_whole_screen,Whole-screen,Biohub_OPS0006,2,0.780134995530049
resmlp_52head,ResMLP,#4F9A70,Generic multi-task,7,strict_whole_screen,Whole-screen,Biohub_OPS0007,2,0.7504840318113566
resmlp_52head,ResMLP,#4F9A70,Generic multi-task,7,strict_whole_screen,Whole-screen,Biohub_OPS0008,2,0.8182363912463189
resmlp_52head,ResMLP,#4F9A70,Generic multi-task,7,strict_whole_screen,Whole-screen,Biohub_OPS0009,2,0.7971859144667784
resmlp_52head,ResMLP,#4F9A70,Generic multi-task,7,strict_whole_screen,Whole-screen,Biohub_OPS0011,1,0.7096826458970705
resmlp_52head,ResMLP,#4F9A70,Generic multi-task,7,strict_whole_screen,Whole-screen,Biohub_OPS0012,1,0.7735570681591829
resmlp_52head,ResMLP,#4F9A70,Generic multi-task,7,strict_whole_screen,Whole-screen,Biohub_OPS0013,1,0.7372124815980593
resmlp_52head,ResMLP,#4F9A70,Generic multi-task,7,strict_whole_screen,Whole-screen,Biohub_OPS0014,1,0.8981937617063522
resmlp_52head,ResMLP,#4F9A70,Generic multi-task,7,strict_whole_screen,Whole-screen,Biohub_OPS0015,1,0.6457069714864095
resmlp_52head,ResMLP,#4F9A70,Generic multi-task,7,strict_whole_screen,Whole-screen,Biohub_OPS0016,1,0.7056021373718977
resmlp_52head,ResMLP,#4F9A70,Generic multi-task,7,strict_whole_screen,Whole-screen,Biohub_OPS0017,1,0.6933403592556715
resmlp_52head,ResMLP,#4F9A70,Generic multi-task,7,strict_whole_screen,Whole-screen,Biohub_OPS0018,1,0.8976073165734609
resmlp_52head,ResMLP,#4F9A70,Generic multi-task,7,strict_whole_screen,Whole-screen,Biohub_OPS0019,1,0.9231904397408168
resmlp_52head,ResMLP,#4F9A70,Generic multi-task,7,strict_whole_screen,Whole-screen,Biohub_OPS0020,1,0.8051469487448534
resmlp_52head,ResMLP,#4F9A70,Generic multi-task,7,strict_whole_screen,Whole-screen,Biohub_OPS0021,1,0.7873037320872148
resmlp_52head,ResMLP,#4F9A70,Generic multi-task,7,strict_whole_screen,Whole-screen,Biohub_OPS0022,1,0.2249813847399006
resmlp_52head,ResMLP,#4F9A70,Generic multi-task,7,strict_whole_screen,Whole-screen,Biohub_OPS0023,1,0.5226628538221121
resmlp_52head,ResMLP,#4F9A70,Generic multi-task,7,strict_whole_screen,Whole-screen,Biohub_OPS0025,1,0.8045566702882448
resmlp_52head,ResMLP,#4F9A70,Generic multi-task,7,strict_whole_screen,Whole-screen,Biohub_OPS0026,1,0.9088433881600698
resmlp_52head,ResMLP,#4F9A70,Generic multi-task,7,strict_whole_screen,Whole-screen,Biohub_OPS0027,1,0.8396150122086207
resmlp_52head,ResMLP,#4F9A70,Generic multi-task,7,strict_whole_screen,Whole-screen,Biohub_OPS0028,1,0.7832508745292822
resmlp_52head,ResMLP,#4F9A70,Generic multi-task,7,strict_whole_screen,Whole-screen,Biohub_OPS0029,1,0.53093182357649
resmlp_52head,ResMLP,#4F9A70,Generic multi-task,7,strict_whole_screen,Whole-screen,Biohub_OPS0030,1,0.5838410384021699
resmlp_52head,ResMLP,#4F9A70,Generic multi-task,7,strict_whole_screen,Whole-screen,Biohub_OPS0031,1,0.7186785998443762
resmlp_52head,ResMLP,#4F9A70,Generic multi-task,7,strict_whole_screen,Whole-screen,Biohub_OPS0032,1,0.7599378811816374
resmlp_52head,ResMLP,#4F9A70,Generic multi-task,7,strict_whole_screen,Whole-screen,Biohub_OPS0033,1,0.9218665696680546
resmlp_52head,ResMLP,#4F9A70,Generic multi-task,7,strict_whole_screen,Whole-screen,Biohub_OPS0034,1,0.9148878368238608
resmlp_52head,ResMLP,#4F9A70,Generic multi-task,7,strict_whole_screen,Whole-screen,Biohub_OPS0036,1,0.6515652313828468
resmlp_52head,ResMLP,#4F9A70,Generic multi-task,7,strict_whole_screen,Whole-screen,Biohub_OPS0040,1,0.7511282325722277
resmlp_52head,ResMLP,#4F9A70,Generic multi-task,7,strict_whole_screen,Whole-screen,Biohub_OPS0041,1,0.4604186134723325
resmlp_52head,ResMLP,#4F9A70,Generic multi-task,7,strict_whole_screen,Whole-screen,Biohub_OPS0042,1,0.7528086404005686
resmlp_52head,ResMLP,#4F9A70,Generic multi-task,7,strict_whole_screen,Whole-screen,Biohub_OPS0044,1,0.9124156286319096
resmlp_52head,ResMLP,#4F9A70,Generic multi-task,7,strict_whole_screen,Whole-screen,Biohub_OPS0045,2,0.5722378767095506
resmlp_52head,ResMLP,#4F9A70,Generic multi-task,7,strict_whole_screen,Whole-screen,Biohub_OPS0047,1,-0.0160396048643936
resmlp_52head,ResMLP,#4F9A70,Generic multi-task,7,strict_whole_screen,Whole-screen,Biohub_OPS0048,1,0.6472046169413564
resmlp_52head,ResMLP,#4F9A70,Generic multi-task,7,strict_whole_screen,Whole-screen,Biohub_OPS0050,1,0.551501934727033
resmlp_52head,ResMLP,#4F9A70,Generic multi-task,7,strict_whole_screen,Whole-screen,Biohub_OPS0051,1,0.659030215193828
resmlp_52head,ResMLP,#4F9A70,Generic multi-task,7,strict_whole_screen,Whole-screen,Biohub_OPS0053,1,0.3832347658596215
resmlp_52head,ResMLP,#4F9A70,Generic multi-task,7,strict_whole_screen,Whole-screen,Biohub_OPS0054,1,0.6764270601173242
resmlp_52head,ResMLP,#4F9A70,Generic multi-task,7,strict_whole_screen,Whole-screen,Biohub_OPS0055,1,0.9368648181358972
resmlp_52head,ResMLP,#4F9A70,Generic multi-task,7,strict_whole_screen,Whole-screen,Biohub_OPS0056,1,0.916527604063352
resmlp_52head,ResMLP,#4F9A70,Generic multi-task,7,strict_whole_screen,Whole-screen,Biohub_OPS0057,2,0.622532890799145
resmlp_52head,ResMLP,#4F9A70,Generic multi-task,7,strict_whole_screen,Whole-screen,Biohub_OPS0058,1,0.7906419908006986
resmlp_52head,ResMLP,#4F9A70,Generic multi-task,7,strict_whole_screen,Whole-screen,Biohub_OPS0059,1,0.5136592428510388
resmlp_52head,ResMLP,#4F9A70,Generic multi-task,7,strict_whole_screen,Whole-screen,Biohub_OPS0060,1,0.8771497458219528
resmlp_52head,ResMLP,#4F9A70,Generic multi-task,7,strict_whole_screen,Whole-screen,Biohub_OPS0061,2,0.5415906780593407
resmlp_52head,ResMLP,#4F9A70,Generic multi-task,7,strict_whole_screen,Whole-screen,Biohub_OPS0062,2,0.4236306804959895
resmlp_52head,ResMLP,#4F9A70,Generic multi-task,7,strict_whole_screen,Whole-screen,Biohub_OPS0063,1,0.7661931365728378
resmlp_52head,ResMLP,#4F9A70,Generic multi-task,7,strict_whole_screen,Whole-screen,Biohub_OPS0064,2,0.5129010654442634
resmlp_52head,ResMLP,#4F9A70,Generic multi-task,7,strict_whole_screen,Whole-screen,Biohub_OPS0065,2,0.5681492456933483
resmlp_52head,ResMLP,#4F9A70,Generic multi-task,7,strict_whole_screen,Whole-screen,Biohub_OPS0066,1,0.9245955596367518
resmlp_52head,ResMLP,#4F9A70,Generic multi-task,7,strict_whole_screen,Whole-screen,Biohub_OPS0067,1,0.0052255172437677
resmlp_52head,ResMLP,#4F9A70,Generic multi-task,7,strict_whole_screen,Whole-screen,Biohub_OPS0068,1,0.5637593107918898
resmlp_52head,ResMLP,#4F9A70,Generic multi-task,7,strict_whole_screen,Whole-screen,Biohub_OPS0069,2,0.5483392432021598
resmlp_52head,ResMLP,#4F9A70,Generic multi-task,7,strict_whole_screen,Whole-screen,Biohub_OPS0070,1,0.5367760770022869
resmlp_52head,ResMLP,#4F9A70,Generic multi-task,7,strict_whole_screen,Whole-screen,Biohub_OPS0071,1,0.7446343588332335
resmlp_52head,ResMLP,#4F9A70,Generic multi-task,7,strict_whole_screen,Whole-screen,Biohub_OPS0072,2,0.8198580996443827
resmlp_52head,ResMLP,#4F9A70,Generic multi-task,7,strict_whole_screen,Whole-screen,Biohub_OPS0073,1,0.5342910805096229
resmlp_52head,ResMLP,#4F9A70,Generic multi-task,7,strict_whole_screen,Whole-screen,Biohub_OPS0074,2,0.6521685648088653
resmlp_52head,ResMLP,#4F9A70,Generic multi-task,7,strict_whole_screen,Whole-screen,Biohub_OPS0075,1,0.7647943012416363
resmlp_52head,ResMLP,#4F9A70,Generic multi-task,7,strict_whole_screen,Whole-screen,Biohub_OPS0076,1,0.8520648864408334
ridge,Ridge,#3E6F9C,Classical tabular,1,field_holdout_sanity,Field,Biohub_OPS0001,2,0.8008874746924535
ridge,Ridge,#3E6F9C,Classical tabular,1,field_holdout_sanity,Field,Biohub_OPS0002,1,0.6230101534661271
ridge,Ridge,#3E6F9C,Classical tabular,1,field_holdout_sanity,Field,Biohub_OPS0003,1,0.8847575675443305
ridge,Ridge,#3E6F9C,Classical tabular,1,field_holdout_sanity,Field,Biohub_OPS0004,1,0.8740178101125436
ridge,Ridge,#3E6F9C,Classical tabular,1,field_holdout_sanity,Field,Biohub_OPS0005,2,0.7627468848246877
ridge,Ridge,#3E6F9C,Classical tabular,1,field_holdout_sanity,Field,Biohub_OPS0006,2,0.7163787877308692
ridge,Ridge,#3E6F9C,Classical tabular,1,field_holdout_sanity,Field,Biohub_OPS0007,2,0.7110778400194071
ridge,Ridge,#3E6F9C,Classical tabular,1,field_holdout_sanity,Field,Biohub_OPS0008,2,0.7567014146251848
ridge,Ridge,#3E6F9C,Classical tabular,1,field_holdout_sanity,Field,Biohub_OPS0009,2,0.7362871106446027
ridge,Ridge,#3E6F9C,Classical tabular,1,field_holdout_sanity,Field,Biohub_OPS0011,1,0.6796594356559522
ridge,Ridge,#3E6F9C,Classical tabular,1,field_holdout_sanity,Field,Biohub_OPS0012,1,0.7363966288994673
ridge,Ridge,#3E6F9C,Classical tabular,1,field_holdout_sanity,Field,Biohub_OPS0013,1,0.7068376405018176
ridge,Ridge,#3E6F9C,Classical tabular,1,field_holdout_sanity,Field,Biohub_OPS0014,1,0.845789922468544
ridge,Ridge,#3E6F9C,Classical tabular,1,field_holdout_sanity,Field,Biohub_OPS0015,1,0.6740137691611666
ridge,Ridge,#3E6F9C,Classical tabular,1,field_holdout_sanity,Field,Biohub_OPS0016,1,0.6217015919424432
ridge,Ridge,#3E6F9C,Classical tabular,1,field_holdout_sanity,Field,Biohub_OPS0017,1,0.6100202614236745
ridge,Ridge,#3E6F9C,Classical tabular,1,field_holdout_sanity,Field,Biohub_OPS0018,1,0.8510781967073959
ridge,Ridge,#3E6F9C,Classical tabular,1,field_holdout_sanity,Field,Biohub_OPS0019,1,0.8919709184615314
ridge,Ridge,#3E6F9C,Classical tabular,1,field_holdout_sanity,Field,Biohub_OPS0020,1,0.764972937949723
ridge,Ridge,#3E6F9C,Classical tabular,1,field_holdout_sanity,Field,Biohub_OPS0021,1,0.7666588328571219
ridge,Ridge,#3E6F9C,Classical tabular,1,field_holdout_sanity,Field,Biohub_OPS0022,1,0.6550245142396792
ridge,Ridge,#3E6F9C,Classical tabular,1,field_holdout_sanity,Field,Biohub_OPS0023,1,0.542837322364892
ridge,Ridge,#3E6F9C,Classical tabular,1,field_holdout_sanity,Field,Biohub_OPS0025,1,0.7964859522475615
ridge,Ridge,#3E6F9C,Classical tabular,1,field_holdout_sanity,Field,Biohub_OPS0026,1,0.8983596553308656
ridge,Ridge,#3E6F9C,Classical tabular,1,field_holdout_sanity,Field,Biohub_OPS0027,1,0.801788357338551
ridge,Ridge,#3E6F9C,Classical tabular,1,field_holdout_sanity,Field,Biohub_OPS0028,1,0.8228880482233332
ridge,Ridge,#3E6F9C,Classical tabular,1,field_holdout_sanity,Field,Biohub_OPS0029,1,0.564670139606532
ridge,Ridge,#3E6F9C,Classical tabular,1,field_holdout_sanity,Field,Biohub_OPS0030,1,0.6853530611371821
ridge,Ridge,#3E6F9C,Classical tabular,1,field_holdout_sanity,Field,Biohub_OPS0031,1,0.6547339387094847
ridge,Ridge,#3E6F9C,Classical tabular,1,field_holdout_sanity,Field,Biohub_OPS0032,1,0.6829105525291711
ridge,Ridge,#3E6F9C,Classical tabular,1,field_holdout_sanity,Field,Biohub_OPS0033,1,0.8828030692976082
ridge,Ridge,#3E6F9C,Classical tabular,1,field_holdout_sanity,Field,Biohub_OPS0034,1,0.8772529162216077
ridge,Ridge,#3E6F9C,Classical tabular,1,field_holdout_sanity,Field,Biohub_OPS0035,1,0.8867180549905728
ridge,Ridge,#3E6F9C,Classical tabular,1,field_holdout_sanity,Field,Biohub_OPS0036,1,0.6109442842232254
ridge,Ridge,#3E6F9C,Classical tabular,1,field_holdout_sanity,Field,Biohub_OPS0037,1,0.8941642137782982
ridge,Ridge,#3E6F9C,Classical tabular,1,field_holdout_sanity,Field,Biohub_OPS0039,1,0.8694099937626335
ridge,Ridge,#3E6F9C,Classical tabular,1,field_holdout_sanity,Field,Biohub_OPS0040,1,0.8677484887035893
ridge,Ridge,#3E6F9C,Classical tabular,1,field_holdout_sanity,Field,Biohub_OPS0041,1,0.4481126374187107
ridge,Ridge,#3E6F9C,Classical tabular,1,field_holdout_sanity,Field,Biohub_OPS0042,1,0.7313263448636128
ridge,Ridge,#3E6F9C,Classical tabular,1,field_holdout_sanity,Field,Biohub_OPS0043,7,0.6259060417578669
ridge,Ridge,#3E6F9C,Classical tabular,1,field_holdout_sanity,Field,Biohub_OPS0044,1,0.8905217332747366
ridge,Ridge,#3E6F9C,Classical tabular,1,field_holdout_sanity,Field,Biohub_OPS0045,2,0.6440010227458435
ridge,Ridge,#3E6F9C,Classical tabular,1,field_holdout_sanity,Field,Biohub_OPS0046,1,0.748806449258684
ridge,Ridge,#3E6F9C,Classical tabular,1,field_holdout_sanity,Field,Biohub_OPS0047,1,0.8666002869450815
ridge,Ridge,#3E6F9C,Classical tabular,1,field_holdout_sanity,Field,Biohub_OPS0048,1,0.6774761208402321
ridge,Ridge,#3E6F9C,Classical tabular,1,field_holdout_sanity,Field,Biohub_OPS0050,1,0.5681754432186891
ridge,Ridge,#3E6F9C,Classical tabular,1,field_holdout_sanity,Field,Biohub_OPS0051,1,0.6595740188562398
ridge,Ridge,#3E6F9C,Classical tabular,1,field_holdout_sanity,Field,Biohub_OPS0052,1,0.5746301914520188
ridge,Ridge,#3E6F9C,Classical tabular,1,field_holdout_sanity,Field,Biohub_OPS0053,1,0.5005131074051277
ridge,Ridge,#3E6F9C,Classical tabular,1,field_holdout_sanity,Field,Biohub_OPS0054,1,0.6208060177257088
ridge,Ridge,#3E6F9C,Classical tabular,1,field_holdout_sanity,Field,Biohub_OPS0055,1,0.913662955573778
ridge,Ridge,#3E6F9C,Classical tabular,1,field_holdout_sanity,Field,Biohub_OPS0056,1,0.9061510775502222
ridge,Ridge,#3E6F9C,Classical tabular,1,field_holdout_sanity,Field,Biohub_OPS0057,2,0.704559182272323
ridge,Ridge,#3E6F9C,Classical tabular,1,field_holdout_sanity,Field,Biohub_OPS0058,1,0.7576795688609783
ridge,Ridge,#3E6F9C,Classical tabular,1,field_holdout_sanity,Field,Biohub_OPS0059,1,0.5869878509170339
ridge,Ridge,#3E6F9C,Classical tabular,1,field_holdout_sanity,Field,Biohub_OPS0060,1,0.8282189065577175
ridge,Ridge,#3E6F9C,Classical tabular,1,field_holdout_sanity,Field,Biohub_OPS0061,2,0.6280102347307349
ridge,Ridge,#3E6F9C,Classical tabular,1,field_holdout_sanity,Field,Biohub_OPS0062,2,0.6526111845140787
ridge,Ridge,#3E6F9C,Classical tabular,1,field_holdout_sanity,Field,Biohub_OPS0063,1,0.7185262287271037
ridge,Ridge,#3E6F9C,Classical tabular,1,field_holdout_sanity,Field,Biohub_OPS0064,2,0.6519496087803238
ridge,Ridge,#3E6F9C,Classical tabular,1,field_holdout_sanity,Field,Biohub_OPS0065,2,0.693707984641014
ridge,Ridge,#3E6F9C,Classical tabular,1,field_holdout_sanity,Field,Biohub_OPS0066,1,0.8806490241780714
ridge,Ridge,#3E6F9C,Classical tabular,1,field_holdout_sanity,Field,Biohub_OPS0067,1,0.2146353574064995
ridge,Ridge,#3E6F9C,Classical tabular,1,field_holdout_sanity,Field,Biohub_OPS0068,1,0.6148252987912378
ridge,Ridge,#3E6F9C,Classical tabular,1,field_holdout_sanity,Field,Biohub_OPS0069,2,0.570265502370171
ridge,Ridge,#3E6F9C,Classical tabular,1,field_holdout_sanity,Field,Biohub_OPS0070,1,0.4214564882285064
ridge,Ridge,#3E6F9C,Classical tabular,1,field_holdout_sanity,Field,Biohub_OPS0071,1,0.658138057999467
ridge,Ridge,#3E6F9C,Classical tabular,1,field_holdout_sanity,Field,Biohub_OPS0072,2,0.8266260814639743
ridge,Ridge,#3E6F9C,Classical tabular,1,field_holdout_sanity,Field,Biohub_OPS0073,1,0.5028149256909832
ridge,Ridge,#3E6F9C,Classical tabular,1,field_holdout_sanity,Field,Biohub_OPS0074,2,0.8217059611600536
ridge,Ridge,#3E6F9C,Classical tabular,1,field_holdout_sanity,Field,Biohub_OPS0075,1,0.7159406490012173
ridge,Ridge,#3E6F9C,Classical tabular,1,field_holdout_sanity,Field,Biohub_OPS0076,1,0.8141973635435719
ridge,Ridge,#3E6F9C,Classical tabular,1,field_holdout_sanity,Field,Biohub_OPS0077,6,0.4558061892443447
ridge,Ridge,#3E6F9C,Classical tabular,1,gene_holdout_main,Gene,Biohub_OPS0001,2,0.8504167811759491
ridge,Ridge,#3E6F9C,Classical tabular,1,gene_holdout_main,Gene,Biohub_OPS0002,1,0.6664723562733125
ridge,Ridge,#3E6F9C,Classical tabular,1,gene_holdout_main,Gene,Biohub_OPS0003,1,0.9048426000644032
ridge,Ridge,#3E6F9C,Classical tabular,1,gene_holdout_main,Gene,Biohub_OPS0004,1,0.9199567446920076
ridge,Ridge,#3E6F9C,Classical tabular,1,gene_holdout_main,Gene,Biohub_OPS0005,2,0.8288314576244937
ridge,Ridge,#3E6F9C,Classical tabular,1,gene_holdout_main,Gene,Biohub_OPS0006,2,0.7616504832160864
ridge,Ridge,#3E6F9C,Classical tabular,1,gene_holdout_main,Gene,Biohub_OPS0007,2,0.7411109177344228
ridge,Ridge,#3E6F9C,Classical tabular,1,gene_holdout_main,Gene,Biohub_OPS0008,2,0.8126089109240785
ridge,Ridge,#3E6F9C,Classical tabular,1,gene_holdout_main,Gene,Biohub_OPS0009,2,0.7768651461354712
ridge,Ridge,#3E6F9C,Classical tabular,1,gene_holdout_main,Gene,Biohub_OPS0011,1,0.7288816187240922
ridge,Ridge,#3E6F9C,Classical tabular,1,gene_holdout_main,Gene,Biohub_OPS0012,1,0.7841782113681016
ridge,Ridge,#3E6F9C,Classical tabular,1,gene_holdout_main,Gene,Biohub_OPS0013,1,0.7418363626984247
ridge,Ridge,#3E6F9C,Classical tabular,1,gene_holdout_main,Gene,Biohub_OPS0014,1,0.8874297006270769
ridge,Ridge,#3E6F9C,Classical tabular,1,gene_holdout_main,Gene,Biohub_OPS0015,1,0.7233580067731538
ridge,Ridge,#3E6F9C,Classical tabular,1,gene_holdout_main,Gene,Biohub_OPS0016,1,0.668275724469904
ridge,Ridge,#3E6F9C,Classical tabular,1,gene_holdout_main,Gene,Biohub_OPS0017,1,0.6801863710789734
ridge,Ridge,#3E6F9C,Classical tabular,1,gene_holdout_main,Gene,Biohub_OPS0018,1,0.8811330097594796
ridge,Ridge,#3E6F9C,Classical tabular,1,gene_holdout_main,Gene,Biohub_OPS0019,1,0.9252393628987028
ridge,Ridge,#3E6F9C,Classical tabular,1,gene_holdout_main,Gene,Biohub_OPS0020,1,0.805613211128123
ridge,Ridge,#3E6F9C,Classical tabular,1,gene_holdout_main,Gene,Biohub_OPS0021,1,0.7941590181777624
ridge,Ridge,#3E6F9C,Classical tabular,1,gene_holdout_main,Gene,Biohub_OPS0022,1,0.6992439202049647
ridge,Ridge,#3E6F9C,Classical tabular,1,gene_holdout_main,Gene,Biohub_OPS0023,1,0.597109579926297
ridge,Ridge,#3E6F9C,Classical tabular,1,gene_holdout_main,Gene,Biohub_OPS0025,1,0.8234873187491213
ridge,Ridge,#3E6F9C,Classical tabular,1,gene_holdout_main,Gene,Biohub_OPS0026,1,0.918602838561148
ridge,Ridge,#3E6F9C,Classical tabular,1,gene_holdout_main,Gene,Biohub_OPS0027,1,0.8505707704741176
ridge,Ridge,#3E6F9C,Classical tabular,1,gene_holdout_main,Gene,Biohub_OPS0028,1,0.8641314089679799
ridge,Ridge,#3E6F9C,Classical tabular,1,gene_holdout_main,Gene,Biohub_OPS0029,1,0.6146878888259332
ridge,Ridge,#3E6F9C,Classical tabular,1,gene_holdout_main,Gene,Biohub_OPS0030,1,0.6970418851435944
ridge,Ridge,#3E6F9C,Classical tabular,1,gene_holdout_main,Gene,Biohub_OPS0031,1,0.73155053565247
ridge,Ridge,#3E6F9C,Classical tabular,1,gene_holdout_main,Gene,Biohub_OPS0032,1,0.7629701987608221
ridge,Ridge,#3E6F9C,Classical tabular,1,gene_holdout_main,Gene,Biohub_OPS0033,1,0.9167683310378864
ridge,Ridge,#3E6F9C,Classical tabular,1,gene_holdout_main,Gene,Biohub_OPS0034,1,0.911981848325738
ridge,Ridge,#3E6F9C,Classical tabular,1,gene_holdout_main,Gene,Biohub_OPS0035,1,0.9208437900497703
ridge,Ridge,#3E6F9C,Classical tabular,1,gene_holdout_main,Gene,Biohub_OPS0036,1,0.7028995358991965
ridge,Ridge,#3E6F9C,Classical tabular,1,gene_holdout_main,Gene,Biohub_OPS0037,1,0.919593572382402
ridge,Ridge,#3E6F9C,Classical tabular,1,gene_holdout_main,Gene,Biohub_OPS0039,1,0.9167979042790136
ridge,Ridge,#3E6F9C,Classical tabular,1,gene_holdout_main,Gene,Biohub_OPS0040,1,0.9039424389060556
ridge,Ridge,#3E6F9C,Classical tabular,1,gene_holdout_main,Gene,Biohub_OPS0041,1,0.50951057011203
ridge,Ridge,#3E6F9C,Classical tabular,1,gene_holdout_main,Gene,Biohub_OPS0042,1,0.815481905088296
ridge,Ridge,#3E6F9C,Classical tabular,1,gene_holdout_main,Gene,Biohub_OPS0043,7,0.699190704318933
ridge,Ridge,#3E6F9C,Classical tabular,1,gene_holdout_main,Gene,Biohub_OPS0044,1,0.914593171927362
ridge,Ridge,#3E6F9C,Classical tabular,1,gene_holdout_main,Gene,Biohub_OPS0045,2,0.6927255304414004
ridge,Ridge,#3E6F9C,Classical tabular,1,gene_holdout_main,Gene,Biohub_OPS0046,1,0.8091211269308843
ridge,Ridge,#3E6F9C,Classical tabular,1,gene_holdout_main,Gene,Biohub_OPS0047,1,0.9027651948853532
ridge,Ridge,#3E6F9C,Classical tabular,1,gene_holdout_main,Gene,Biohub_OPS0048,1,0.7414750535019622
ridge,Ridge,#3E6F9C,Classical tabular,1,gene_holdout_main,Gene,Biohub_OPS0050,1,0.6068458103086672
ridge,Ridge,#3E6F9C,Classical tabular,1,gene_holdout_main,Gene,Biohub_OPS0051,1,0.7262710243424725
ridge,Ridge,#3E6F9C,Classical tabular,1,gene_holdout_main,Gene,Biohub_OPS0052,1,0.6353663662528826
ridge,Ridge,#3E6F9C,Classical tabular,1,gene_holdout_main,Gene,Biohub_OPS0053,1,0.5196008957765549
ridge,Ridge,#3E6F9C,Classical tabular,1,gene_holdout_main,Gene,Biohub_OPS0054,1,0.69838641247745
ridge,Ridge,#3E6F9C,Classical tabular,1,gene_holdout_main,Gene,Biohub_OPS0055,1,0.940892336940994
ridge,Ridge,#3E6F9C,Classical tabular,1,gene_holdout_main,Gene,Biohub_OPS0056,1,0.9397934497383522
ridge,Ridge,#3E6F9C,Classical tabular,1,gene_holdout_main,Gene,Biohub_OPS0057,2,0.7377861685812551
ridge,Ridge,#3E6F9C,Classical tabular,1,gene_holdout_main,Gene,Biohub_OPS0058,1,0.8361919694854644
ridge,Ridge,#3E6F9C,Classical tabular,1,gene_holdout_main,Gene,Biohub_OPS0059,1,0.6454888492476063
ridge,Ridge,#3E6F9C,Classical tabular,1,gene_holdout_main,Gene,Biohub_OPS0060,1,0.8685051077826403
ridge,Ridge,#3E6F9C,Classical tabular,1,gene_holdout_main,Gene,Biohub_OPS0061,2,0.6522240910310695
ridge,Ridge,#3E6F9C,Classical tabular,1,gene_holdout_main,Gene,Biohub_OPS0062,2,0.7224548196468044
ridge,Ridge,#3E6F9C,Classical tabular,1,gene_holdout_main,Gene,Biohub_OPS0063,1,0.7764969498597335
ridge,Ridge,#3E6F9C,Classical tabular,1,gene_holdout_main,Gene,Biohub_OPS0064,2,0.7246490939050292
ridge,Ridge,#3E6F9C,Classical tabular,1,gene_holdout_main,Gene,Biohub_OPS0065,2,0.7231052758537146
ridge,Ridge,#3E6F9C,Classical tabular,1,gene_holdout_main,Gene,Biohub_OPS0066,1,0.92033050446459
ridge,Ridge,#3E6F9C,Classical tabular,1,gene_holdout_main,Gene,Biohub_OPS0067,1,0.2722488983383857
ridge,Ridge,#3E6F9C,Classical tabular,1,gene_holdout_main,Gene,Biohub_OPS0068,1,0.6785384876364599
ridge,Ridge,#3E6F9C,Classical tabular,1,gene_holdout_main,Gene,Biohub_OPS0069,2,0.6180437202102257
ridge,Ridge,#3E6F9C,Classical tabular,1,gene_holdout_main,Gene,Biohub_OPS0070,1,0.5152361147925919
ridge,Ridge,#3E6F9C,Classical tabular,1,gene_holdout_main,Gene,Biohub_OPS0071,1,0.7514696764530835
ridge,Ridge,#3E6F9C,Classical tabular,1,gene_holdout_main,Gene,Biohub_OPS0072,2,0.8692850333368343
ridge,Ridge,#3E6F9C,Classical tabular,1,gene_holdout_main,Gene,Biohub_OPS0073,1,0.536856109263102
ridge,Ridge,#3E6F9C,Classical tabular,1,gene_holdout_main,Gene,Biohub_OPS0074,2,0.85649911155302
ridge,Ridge,#3E6F9C,Classical tabular,1,gene_holdout_main,Gene,Biohub_OPS0075,1,0.7909371744754331
ridge,Ridge,#3E6F9C,Classical tabular,1,gene_holdout_main,Gene,Biohub_OPS0076,1,0.8342592220857536
ridge,Ridge,#3E6F9C,Classical tabular,1,gene_holdout_main,Gene,Biohub_OPS0077,6,0.5156490448152371
ridge,Ridge,#3E6F9C,Classical tabular,1,strict_whole_screen,Whole-screen,Biohub_OPS0001,2,0.8588298266132672
ridge,Ridge,#3E6F9C,Classical tabular,1,strict_whole_screen,Whole-screen,Biohub_OPS0002,1,0.5870600170455873
ridge,Ridge,#3E6F9C,Classical tabular,1,strict_whole_screen,Whole-screen,Biohub_OPS0003,1,0.9062848736842474
ridge,Ridge,#3E6F9C,Classical tabular,1,strict_whole_screen,Whole-screen,Biohub_OPS0004,1,0.9236267184217772
ridge,Ridge,#3E6F9C,Classical tabular,1,strict_whole_screen,Whole-screen,Biohub_OPS0005,2,0.8346112591524919
ridge,Ridge,#3E6F9C,Classical tabular,1,strict_whole_screen,Whole-screen,Biohub_OPS0006,2,0.7736008370916049
ridge,Ridge,#3E6F9C,Classical tabular,1,strict_whole_screen,Whole-screen,Biohub_OPS0007,2,0.7433234340200822
ridge,Ridge,#3E6F9C,Classical tabular,1,strict_whole_screen,Whole-screen,Biohub_OPS0008,2,0.8111078056196372
ridge,Ridge,#3E6F9C,Classical tabular,1,strict_whole_screen,Whole-screen,Biohub_OPS0009,2,0.7881793330113094
ridge,Ridge,#3E6F9C,Classical tabular,1,strict_whole_screen,Whole-screen,Biohub_OPS0011,1,0.7016276878615221
ridge,Ridge,#3E6F9C,Classical tabular,1,strict_whole_screen,Whole-screen,Biohub_OPS0012,1,0.7524419960876306
ridge,Ridge,#3E6F9C,Classical tabular,1,strict_whole_screen,Whole-screen,Biohub_OPS0013,1,0.7268839118381342
ridge,Ridge,#3E6F9C,Classical tabular,1,strict_whole_screen,Whole-screen,Biohub_OPS0014,1,0.8825340246160825
ridge,Ridge,#3E6F9C,Classical tabular,1,strict_whole_screen,Whole-screen,Biohub_OPS0015,1,0.6245702138791481
ridge,Ridge,#3E6F9C,Classical tabular,1,strict_whole_screen,Whole-screen,Biohub_OPS0016,1,0.658091784765323
ridge,Ridge,#3E6F9C,Classical tabular,1,strict_whole_screen,Whole-screen,Biohub_OPS0017,1,0.6670703670630852
ridge,Ridge,#3E6F9C,Classical tabular,1,strict_whole_screen,Whole-screen,Biohub_OPS0018,1,0.8802965792516867
ridge,Ridge,#3E6F9C,Classical tabular,1,strict_whole_screen,Whole-screen,Biohub_OPS0019,1,0.9204813639322916
ridge,Ridge,#3E6F9C,Classical tabular,1,strict_whole_screen,Whole-screen,Biohub_OPS0020,1,0.8012056748072306
ridge,Ridge,#3E6F9C,Classical tabular,1,strict_whole_screen,Whole-screen,Biohub_OPS0021,1,0.7996079673369726
ridge,Ridge,#3E6F9C,Classical tabular,1,strict_whole_screen,Whole-screen,Biohub_OPS0022,1,0.4232423150291045
ridge,Ridge,#3E6F9C,Classical tabular,1,strict_whole_screen,Whole-screen,Biohub_OPS0023,1,0.5016618731121222
ridge,Ridge,#3E6F9C,Classical tabular,1,strict_whole_screen,Whole-screen,Biohub_OPS0025,1,0.8108348747094473
ridge,Ridge,#3E6F9C,Classical tabular,1,strict_whole_screen,Whole-screen,Biohub_OPS0026,1,0.8879996165633202
ridge,Ridge,#3E6F9C,Classical tabular,1,strict_whole_screen,Whole-screen,Biohub_OPS0027,1,0.8438462987542152
ridge,Ridge,#3E6F9C,Classical tabular,1,strict_whole_screen,Whole-screen,Biohub_OPS0028,1,0.8394535668194294
ridge,Ridge,#3E6F9C,Classical tabular,1,strict_whole_screen,Whole-screen,Biohub_OPS0029,1,0.6593426118294398
ridge,Ridge,#3E6F9C,Classical tabular,1,strict_whole_screen,Whole-screen,Biohub_OPS0030,1,0.5634724178041021
ridge,Ridge,#3E6F9C,Classical tabular,1,strict_whole_screen,Whole-screen,Biohub_OPS0031,1,0.7339504311482111
ridge,Ridge,#3E6F9C,Classical tabular,1,strict_whole_screen,Whole-screen,Biohub_OPS0032,1,0.7555930477877458
ridge,Ridge,#3E6F9C,Classical tabular,1,strict_whole_screen,Whole-screen,Biohub_OPS0033,1,0.9161802381277084
ridge,Ridge,#3E6F9C,Classical tabular,1,strict_whole_screen,Whole-screen,Biohub_OPS0034,1,0.9071696239213148
ridge,Ridge,#3E6F9C,Classical tabular,1,strict_whole_screen,Whole-screen,Biohub_OPS0036,1,0.5815940704196692
ridge,Ridge,#3E6F9C,Classical tabular,1,strict_whole_screen,Whole-screen,Biohub_OPS0040,1,0.7168678690989813
ridge,Ridge,#3E6F9C,Classical tabular,1,strict_whole_screen,Whole-screen,Biohub_OPS0041,1,0.4240805166773498
ridge,Ridge,#3E6F9C,Classical tabular,1,strict_whole_screen,Whole-screen,Biohub_OPS0042,1,0.8104040448864301
ridge,Ridge,#3E6F9C,Classical tabular,1,strict_whole_screen,Whole-screen,Biohub_OPS0044,1,0.9127938697735468
ridge,Ridge,#3E6F9C,Classical tabular,1,strict_whole_screen,Whole-screen,Biohub_OPS0045,2,0.6527802227064967
ridge,Ridge,#3E6F9C,Classical tabular,1,strict_whole_screen,Whole-screen,Biohub_OPS0047,1,0.0929000244553511
ridge,Ridge,#3E6F9C,Classical tabular,1,strict_whole_screen,Whole-screen,Biohub_OPS0048,1,0.6479844297670448
ridge,Ridge,#3E6F9C,Classical tabular,1,strict_whole_screen,Whole-screen,Biohub_OPS0050,1,0.5818930684278408
ridge,Ridge,#3E6F9C,Classical tabular,1,strict_whole_screen,Whole-screen,Biohub_OPS0051,1,0.687239787230889
ridge,Ridge,#3E6F9C,Classical tabular,1,strict_whole_screen,Whole-screen,Biohub_OPS0053,1,0.3721352410502732
ridge,Ridge,#3E6F9C,Classical tabular,1,strict_whole_screen,Whole-screen,Biohub_OPS0054,1,0.6011878214776516
ridge,Ridge,#3E6F9C,Classical tabular,1,strict_whole_screen,Whole-screen,Biohub_OPS0055,1,0.9406283522645632
ridge,Ridge,#3E6F9C,Classical tabular,1,strict_whole_screen,Whole-screen,Biohub_OPS0056,1,0.9323453158140182
ridge,Ridge,#3E6F9C,Classical tabular,1,strict_whole_screen,Whole-screen,Biohub_OPS0057,2,0.7060961476527154
ridge,Ridge,#3E6F9C,Classical tabular,1,strict_whole_screen,Whole-screen,Biohub_OPS0058,1,0.81961773087581
ridge,Ridge,#3E6F9C,Classical tabular,1,strict_whole_screen,Whole-screen,Biohub_OPS0059,1,0.5560305919498205
ridge,Ridge,#3E6F9C,Classical tabular,1,strict_whole_screen,Whole-screen,Biohub_OPS0060,1,0.8729886213938395
ridge,Ridge,#3E6F9C,Classical tabular,1,strict_whole_screen,Whole-screen,Biohub_OPS0061,2,0.43688599904999137
ridge,Ridge,#3E6F9C,Classical tabular,1,strict_whole_screen,Whole-screen,Biohub_OPS0062,2,0.40787564299535006
ridge,Ridge,#3E6F9C,Classical tabular,1,strict_whole_screen,Whole-screen,Biohub_OPS0063,1,0.7765846451123556
ridge,Ridge,#3E6F9C,Classical tabular,1,strict_whole_screen,Whole-screen,Biohub_OPS0064,2,0.5741134791945417
ridge,Ridge,#3E6F9C,Classical tabular,1,strict_whole_screen,Whole-screen,Biohub_OPS0065,2,0.652513871958945
ridge,Ridge,#3E6F9C,Classical tabular,1,strict_whole_screen,Whole-screen,Biohub_OPS0066,1,0.9157629969219366
ridge,Ridge,#3E6F9C,Classical tabular,1,strict_whole_screen,Whole-screen,Biohub_OPS0067,1,0.1837578479511042
ridge,Ridge,#3E6F9C,Classical tabular,1,strict_whole_screen,Whole-screen,Biohub_OPS0068,1,0.4256047664675861
ridge,Ridge,#3E6F9C,Classical tabular,1,strict_whole_screen,Whole-screen,Biohub_OPS0069,2,0.5385392342771713
ridge,Ridge,#3E6F9C,Classical tabular,1,strict_whole_screen,Whole-screen,Biohub_OPS0070,1,0.5479367785155773
ridge,Ridge,#3E6F9C,Classical tabular,1,strict_whole_screen,Whole-screen,Biohub_OPS0071,1,0.7528426249821981
ridge,Ridge,#3E6F9C,Classical tabular,1,strict_whole_screen,Whole-screen,Biohub_OPS0072,2,0.8345542773604393
ridge,Ridge,#3E6F9C,Classical tabular,1,strict_whole_screen,Whole-screen,Biohub_OPS0073,1,0.5325483605265617
ridge,Ridge,#3E6F9C,Classical tabular,1,strict_whole_screen,Whole-screen,Biohub_OPS0074,2,0.6437099405253927
ridge,Ridge,#3E6F9C,Classical tabular,1,strict_whole_screen,Whole-screen,Biohub_OPS0075,1,0.7914292092124621
ridge,Ridge,#3E6F9C,Classical tabular,1,strict_whole_screen,Whole-screen,Biohub_OPS0076,1,0.8314655882616838
scbutterfly_ops_b,scButterfly,#CC79A7,Neural specialists,6,field_holdout_sanity,Field,Biohub_OPS0001,2,0.7558618272990913
scbutterfly_ops_b,scButterfly,#CC79A7,Neural specialists,6,field_holdout_sanity,Field,Biohub_OPS0002,1,0.6230964533772224
scbutterfly_ops_b,scButterfly,#CC79A7,Neural specialists,6,field_holdout_sanity,Field,Biohub_OPS0003,1,0.8757457775458682
scbutterfly_ops_b,scButterfly,#CC79A7,Neural specialists,6,field_holdout_sanity,Field,Biohub_OPS0004,1,0.8601923971396088
scbutterfly_ops_b,scButterfly,#CC79A7,Neural specialists,6,field_holdout_sanity,Field,Biohub_OPS0005,2,0.7165795077452723
scbutterfly_ops_b,scButterfly,#CC79A7,Neural specialists,6,field_holdout_sanity,Field,Biohub_OPS0006,2,0.651906745677665
scbutterfly_ops_b,scButterfly,#CC79A7,Neural specialists,6,field_holdout_sanity,Field,Biohub_OPS0007,2,0.656251160779646
scbutterfly_ops_b,scButterfly,#CC79A7,Neural specialists,6,field_holdout_sanity,Field,Biohub_OPS0008,2,0.6993440278197143
scbutterfly_ops_b,scButterfly,#CC79A7,Neural specialists,6,field_holdout_sanity,Field,Biohub_OPS0009,2,0.6892947052362375
scbutterfly_ops_b,scButterfly,#CC79A7,Neural specialists,6,field_holdout_sanity,Field,Biohub_OPS0011,1,0.4585063060606146
scbutterfly_ops_b,scButterfly,#CC79A7,Neural specialists,6,field_holdout_sanity,Field,Biohub_OPS0012,1,0.533281115884393
scbutterfly_ops_b,scButterfly,#CC79A7,Neural specialists,6,field_holdout_sanity,Field,Biohub_OPS0013,1,0.5258934599990425
scbutterfly_ops_b,scButterfly,#CC79A7,Neural specialists,6,field_holdout_sanity,Field,Biohub_OPS0014,1,0.7835089088455884
scbutterfly_ops_b,scButterfly,#CC79A7,Neural specialists,6,field_holdout_sanity,Field,Biohub_OPS0015,1,0.5801733870701494
scbutterfly_ops_b,scButterfly,#CC79A7,Neural specialists,6,field_holdout_sanity,Field,Biohub_OPS0016,1,0.4335330818424542
scbutterfly_ops_b,scButterfly,#CC79A7,Neural specialists,6,field_holdout_sanity,Field,Biohub_OPS0017,1,0.4206743085404409
scbutterfly_ops_b,scButterfly,#CC79A7,Neural specialists,6,field_holdout_sanity,Field,Biohub_OPS0018,1,0.7832416581099557
scbutterfly_ops_b,scButterfly,#CC79A7,Neural specialists,6,field_holdout_sanity,Field,Biohub_OPS0019,1,0.735265087763506
scbutterfly_ops_b,scButterfly,#CC79A7,Neural specialists,6,field_holdout_sanity,Field,Biohub_OPS0020,1,0.5506573988391311
scbutterfly_ops_b,scButterfly,#CC79A7,Neural specialists,6,field_holdout_sanity,Field,Biohub_OPS0021,1,0.5758021775512275
scbutterfly_ops_b,scButterfly,#CC79A7,Neural specialists,6,field_holdout_sanity,Field,Biohub_OPS0022,1,0.5780322693585142
scbutterfly_ops_b,scButterfly,#CC79A7,Neural specialists,6,field_holdout_sanity,Field,Biohub_OPS0023,1,0.4787959802764207
scbutterfly_ops_b,scButterfly,#CC79A7,Neural specialists,6,field_holdout_sanity,Field,Biohub_OPS0025,1,0.6715216108997563
scbutterfly_ops_b,scButterfly,#CC79A7,Neural specialists,6,field_holdout_sanity,Field,Biohub_OPS0026,1,0.8647231153194322
scbutterfly_ops_b,scButterfly,#CC79A7,Neural specialists,6,field_holdout_sanity,Field,Biohub_OPS0027,1,0.58538383711795
scbutterfly_ops_b,scButterfly,#CC79A7,Neural specialists,6,field_holdout_sanity,Field,Biohub_OPS0028,1,0.8176686540982189
scbutterfly_ops_b,scButterfly,#CC79A7,Neural specialists,6,field_holdout_sanity,Field,Biohub_OPS0029,1,0.4716537692494671
scbutterfly_ops_b,scButterfly,#CC79A7,Neural specialists,6,field_holdout_sanity,Field,Biohub_OPS0030,1,0.4984870744802925
scbutterfly_ops_b,scButterfly,#CC79A7,Neural specialists,6,field_holdout_sanity,Field,Biohub_OPS0031,1,0.3751305944381669
scbutterfly_ops_b,scButterfly,#CC79A7,Neural specialists,6,field_holdout_sanity,Field,Biohub_OPS0032,1,0.4766461471480112
scbutterfly_ops_b,scButterfly,#CC79A7,Neural specialists,6,field_holdout_sanity,Field,Biohub_OPS0033,1,0.8734966678332913
scbutterfly_ops_b,scButterfly,#CC79A7,Neural specialists,6,field_holdout_sanity,Field,Biohub_OPS0034,1,0.7926427220533357
scbutterfly_ops_b,scButterfly,#CC79A7,Neural specialists,6,field_holdout_sanity,Field,Biohub_OPS0035,1,0.7816362814563546
scbutterfly_ops_b,scButterfly,#CC79A7,Neural specialists,6,field_holdout_sanity,Field,Biohub_OPS0036,1,0.6269561291322044
scbutterfly_ops_b,scButterfly,#CC79A7,Neural specialists,6,field_holdout_sanity,Field,Biohub_OPS0037,1,0.8882784024406633
scbutterfly_ops_b,scButterfly,#CC79A7,Neural specialists,6,field_holdout_sanity,Field,Biohub_OPS0039,1,0.7199122055224265
scbutterfly_ops_b,scButterfly,#CC79A7,Neural specialists,6,field_holdout_sanity,Field,Biohub_OPS0040,1,0.8144739013345763
scbutterfly_ops_b,scButterfly,#CC79A7,Neural specialists,6,field_holdout_sanity,Field,Biohub_OPS0041,1,0.4581541135630836
scbutterfly_ops_b,scButterfly,#CC79A7,Neural specialists,6,field_holdout_sanity,Field,Biohub_OPS0042,1,0.4523897372165761
scbutterfly_ops_b,scButterfly,#CC79A7,Neural specialists,6,field_holdout_sanity,Field,Biohub_OPS0043,7,0.5896867210950946
scbutterfly_ops_b,scButterfly,#CC79A7,Neural specialists,6,field_holdout_sanity,Field,Biohub_OPS0044,1,0.8309023589015823
scbutterfly_ops_b,scButterfly,#CC79A7,Neural specialists,6,field_holdout_sanity,Field,Biohub_OPS0045,2,0.5639672021110179
scbutterfly_ops_b,scButterfly,#CC79A7,Neural specialists,6,field_holdout_sanity,Field,Biohub_OPS0046,1,0.6991898181200527
scbutterfly_ops_b,scButterfly,#CC79A7,Neural specialists,6,field_holdout_sanity,Field,Biohub_OPS0047,1,0.6620909892310972
scbutterfly_ops_b,scButterfly,#CC79A7,Neural specialists,6,field_holdout_sanity,Field,Biohub_OPS0048,1,0.6423303178309617
scbutterfly_ops_b,scButterfly,#CC79A7,Neural specialists,6,field_holdout_sanity,Field,Biohub_OPS0050,1,0.48126708053933
scbutterfly_ops_b,scButterfly,#CC79A7,Neural specialists,6,field_holdout_sanity,Field,Biohub_OPS0051,1,0.6682259624674755
scbutterfly_ops_b,scButterfly,#CC79A7,Neural specialists,6,field_holdout_sanity,Field,Biohub_OPS0052,1,0.4260625489046997
scbutterfly_ops_b,scButterfly,#CC79A7,Neural specialists,6,field_holdout_sanity,Field,Biohub_OPS0053,1,0.3067897833742848
scbutterfly_ops_b,scButterfly,#CC79A7,Neural specialists,6,field_holdout_sanity,Field,Biohub_OPS0054,1,0.3850435911495402
scbutterfly_ops_b,scButterfly,#CC79A7,Neural specialists,6,field_holdout_sanity,Field,Biohub_OPS0055,1,0.8806284827236345
scbutterfly_ops_b,scButterfly,#CC79A7,Neural specialists,6,field_holdout_sanity,Field,Biohub_OPS0056,1,0.8801073311356399
scbutterfly_ops_b,scButterfly,#CC79A7,Neural specialists,6,field_holdout_sanity,Field,Biohub_OPS0057,2,0.6031731693754916
scbutterfly_ops_b,scButterfly,#CC79A7,Neural specialists,6,field_holdout_sanity,Field,Biohub_OPS0058,1,0.549371736266339
scbutterfly_ops_b,scButterfly,#CC79A7,Neural specialists,6,field_holdout_sanity,Field,Biohub_OPS0059,1,0.3637472974914209
scbutterfly_ops_b,scButterfly,#CC79A7,Neural specialists,6,field_holdout_sanity,Field,Biohub_OPS0060,1,0.6342020394948602
scbutterfly_ops_b,scButterfly,#CC79A7,Neural specialists,6,field_holdout_sanity,Field,Biohub_OPS0061,2,0.6198230814805834
scbutterfly_ops_b,scButterfly,#CC79A7,Neural specialists,6,field_holdout_sanity,Field,Biohub_OPS0062,2,0.6342955026313659
scbutterfly_ops_b,scButterfly,#CC79A7,Neural specialists,6,field_holdout_sanity,Field,Biohub_OPS0063,1,0.6764974512251983
scbutterfly_ops_b,scButterfly,#CC79A7,Neural specialists,6,field_holdout_sanity,Field,Biohub_OPS0064,2,0.6321993455158903
scbutterfly_ops_b,scButterfly,#CC79A7,Neural specialists,6,field_holdout_sanity,Field,Biohub_OPS0065,2,0.7146885796281237
scbutterfly_ops_b,scButterfly,#CC79A7,Neural specialists,6,field_holdout_sanity,Field,Biohub_OPS0066,1,0.7855078423178851
scbutterfly_ops_b,scButterfly,#CC79A7,Neural specialists,6,field_holdout_sanity,Field,Biohub_OPS0067,1,0.0090077837370639
scbutterfly_ops_b,scButterfly,#CC79A7,Neural specialists,6,field_holdout_sanity,Field,Biohub_OPS0068,1,0.6036356403243929
scbutterfly_ops_b,scButterfly,#CC79A7,Neural specialists,6,field_holdout_sanity,Field,Biohub_OPS0069,2,0.5851506623358964
scbutterfly_ops_b,scButterfly,#CC79A7,Neural specialists,6,field_holdout_sanity,Field,Biohub_OPS0070,1,0.4051332827082676
scbutterfly_ops_b,scButterfly,#CC79A7,Neural specialists,6,field_holdout_sanity,Field,Biohub_OPS0071,1,0.4727762778958166
scbutterfly_ops_b,scButterfly,#CC79A7,Neural specialists,6,field_holdout_sanity,Field,Biohub_OPS0072,2,0.8139546660087438
scbutterfly_ops_b,scButterfly,#CC79A7,Neural specialists,6,field_holdout_sanity,Field,Biohub_OPS0073,1,0.4308644218555477
scbutterfly_ops_b,scButterfly,#CC79A7,Neural specialists,6,field_holdout_sanity,Field,Biohub_OPS0074,2,0.8139249891612955
scbutterfly_ops_b,scButterfly,#CC79A7,Neural specialists,6,field_holdout_sanity,Field,Biohub_OPS0075,1,0.6370064209042329
scbutterfly_ops_b,scButterfly,#CC79A7,Neural specialists,6,field_holdout_sanity,Field,Biohub_OPS0076,1,0.8040232844506073
scbutterfly_ops_b,scButterfly,#CC79A7,Neural specialists,6,field_holdout_sanity,Field,Biohub_OPS0077,6,0.3650291529395479
scbutterfly_ops_b,scButterfly,#CC79A7,Neural specialists,6,gene_holdout_main,Gene,Biohub_OPS0001,2,0.807076986364158
scbutterfly_ops_b,scButterfly,#CC79A7,Neural specialists,6,gene_holdout_main,Gene,Biohub_OPS0002,1,0.6659476071086905
scbutterfly_ops_b,scButterfly,#CC79A7,Neural specialists,6,gene_holdout_main,Gene,Biohub_OPS0003,1,0.8951905279298012
scbutterfly_ops_b,scButterfly,#CC79A7,Neural specialists,6,gene_holdout_main,Gene,Biohub_OPS0004,1,0.9100651934497086
scbutterfly_ops_b,scButterfly,#CC79A7,Neural specialists,6,gene_holdout_main,Gene,Biohub_OPS0005,2,0.7857000752110415
scbutterfly_ops_b,scButterfly,#CC79A7,Neural specialists,6,gene_holdout_main,Gene,Biohub_OPS0006,2,0.7061304388653661
scbutterfly_ops_b,scButterfly,#CC79A7,Neural specialists,6,gene_holdout_main,Gene,Biohub_OPS0007,2,0.6782202118952294
scbutterfly_ops_b,scButterfly,#CC79A7,Neural specialists,6,gene_holdout_main,Gene,Biohub_OPS0008,2,0.7620827231126462
scbutterfly_ops_b,scButterfly,#CC79A7,Neural specialists,6,gene_holdout_main,Gene,Biohub_OPS0009,2,0.732374047368201
scbutterfly_ops_b,scButterfly,#CC79A7,Neural specialists,6,gene_holdout_main,Gene,Biohub_OPS0011,1,0.5273292014664435
scbutterfly_ops_b,scButterfly,#CC79A7,Neural specialists,6,gene_holdout_main,Gene,Biohub_OPS0012,1,0.5590256374835451
scbutterfly_ops_b,scButterfly,#CC79A7,Neural specialists,6,gene_holdout_main,Gene,Biohub_OPS0013,1,0.5646133406218876
scbutterfly_ops_b,scButterfly,#CC79A7,Neural specialists,6,gene_holdout_main,Gene,Biohub_OPS0014,1,0.7573639015448427
scbutterfly_ops_b,scButterfly,#CC79A7,Neural specialists,6,gene_holdout_main,Gene,Biohub_OPS0015,1,0.623964126352993
scbutterfly_ops_b,scButterfly,#CC79A7,Neural specialists,6,gene_holdout_main,Gene,Biohub_OPS0016,1,0.4327146322978348
scbutterfly_ops_b,scButterfly,#CC79A7,Neural specialists,6,gene_holdout_main,Gene,Biohub_OPS0017,1,0.3890592458884866
scbutterfly_ops_b,scButterfly,#CC79A7,Neural specialists,6,gene_holdout_main,Gene,Biohub_OPS0018,1,0.8087524598321275
scbutterfly_ops_b,scButterfly,#CC79A7,Neural specialists,6,gene_holdout_main,Gene,Biohub_OPS0019,1,0.8403607914391523
scbutterfly_ops_b,scButterfly,#CC79A7,Neural specialists,6,gene_holdout_main,Gene,Biohub_OPS0020,1,0.6248478716743331
scbutterfly_ops_b,scButterfly,#CC79A7,Neural specialists,6,gene_holdout_main,Gene,Biohub_OPS0021,1,0.632294601525409
scbutterfly_ops_b,scButterfly,#CC79A7,Neural specialists,6,gene_holdout_main,Gene,Biohub_OPS0022,1,0.6392054963906942
scbutterfly_ops_b,scButterfly,#CC79A7,Neural specialists,6,gene_holdout_main,Gene,Biohub_OPS0023,1,0.5266649895549169
scbutterfly_ops_b,scButterfly,#CC79A7,Neural specialists,6,gene_holdout_main,Gene,Biohub_OPS0025,1,0.6590319971983786
scbutterfly_ops_b,scButterfly,#CC79A7,Neural specialists,6,gene_holdout_main,Gene,Biohub_OPS0026,1,0.8766230365804196
scbutterfly_ops_b,scButterfly,#CC79A7,Neural specialists,6,gene_holdout_main,Gene,Biohub_OPS0027,1,0.6204468852414083
scbutterfly_ops_b,scButterfly,#CC79A7,Neural specialists,6,gene_holdout_main,Gene,Biohub_OPS0028,1,0.8638571123489912
scbutterfly_ops_b,scButterfly,#CC79A7,Neural specialists,6,gene_holdout_main,Gene,Biohub_OPS0029,1,0.5014546389699545
scbutterfly_ops_b,scButterfly,#CC79A7,Neural specialists,6,gene_holdout_main,Gene,Biohub_OPS0030,1,0.5274834340069184
scbutterfly_ops_b,scButterfly,#CC79A7,Neural specialists,6,gene_holdout_main,Gene,Biohub_OPS0031,1,0.4480502208214569
scbutterfly_ops_b,scButterfly,#CC79A7,Neural specialists,6,gene_holdout_main,Gene,Biohub_OPS0032,1,0.5309613454477833
scbutterfly_ops_b,scButterfly,#CC79A7,Neural specialists,6,gene_holdout_main,Gene,Biohub_OPS0033,1,0.9007981895087616
scbutterfly_ops_b,scButterfly,#CC79A7,Neural specialists,6,gene_holdout_main,Gene,Biohub_OPS0034,1,0.8377103195072736
scbutterfly_ops_b,scButterfly,#CC79A7,Neural specialists,6,gene_holdout_main,Gene,Biohub_OPS0035,1,0.8203277591682955
scbutterfly_ops_b,scButterfly,#CC79A7,Neural specialists,6,gene_holdout_main,Gene,Biohub_OPS0036,1,0.6901294539478192
scbutterfly_ops_b,scButterfly,#CC79A7,Neural specialists,6,gene_holdout_main,Gene,Biohub_OPS0037,1,0.9085175842985426
scbutterfly_ops_b,scButterfly,#CC79A7,Neural specialists,6,gene_holdout_main,Gene,Biohub_OPS0039,1,0.7994054550740749
scbutterfly_ops_b,scButterfly,#CC79A7,Neural specialists,6,gene_holdout_main,Gene,Biohub_OPS0040,1,0.8392772047369146
scbutterfly_ops_b,scButterfly,#CC79A7,Neural specialists,6,gene_holdout_main,Gene,Biohub_OPS0041,1,0.5163946496380866
scbutterfly_ops_b,scButterfly,#CC79A7,Neural specialists,6,gene_holdout_main,Gene,Biohub_OPS0042,1,0.1497704770678971
scbutterfly_ops_b,scButterfly,#CC79A7,Neural specialists,6,gene_holdout_main,Gene,Biohub_OPS0043,7,0.6633007163759788
scbutterfly_ops_b,scButterfly,#CC79A7,Neural specialists,6,gene_holdout_main,Gene,Biohub_OPS0044,1,0.7120238663602191
scbutterfly_ops_b,scButterfly,#CC79A7,Neural specialists,6,gene_holdout_main,Gene,Biohub_OPS0045,2,0.527679418336791
scbutterfly_ops_b,scButterfly,#CC79A7,Neural specialists,6,gene_holdout_main,Gene,Biohub_OPS0046,1,0.7568201390626408
scbutterfly_ops_b,scButterfly,#CC79A7,Neural specialists,6,gene_holdout_main,Gene,Biohub_OPS0047,1,0.6747948621520002
scbutterfly_ops_b,scButterfly,#CC79A7,Neural specialists,6,gene_holdout_main,Gene,Biohub_OPS0048,1,0.6986363263702738
scbutterfly_ops_b,scButterfly,#CC79A7,Neural specialists,6,gene_holdout_main,Gene,Biohub_OPS0050,1,0.5273966846702712
scbutterfly_ops_b,scButterfly,#CC79A7,Neural specialists,6,gene_holdout_main,Gene,Biohub_OPS0051,1,0.7203430633190998
scbutterfly_ops_b,scButterfly,#CC79A7,Neural specialists,6,gene_holdout_main,Gene,Biohub_OPS0052,1,0.4482246687572074
scbutterfly_ops_b,scButterfly,#CC79A7,Neural specialists,6,gene_holdout_main,Gene,Biohub_OPS0053,1,0.3784353893114718
scbutterfly_ops_b,scButterfly,#CC79A7,Neural specialists,6,gene_holdout_main,Gene,Biohub_OPS0054,1,0.4091070962874783
scbutterfly_ops_b,scButterfly,#CC79A7,Neural specialists,6,gene_holdout_main,Gene,Biohub_OPS0055,1,0.9024160875914878
scbutterfly_ops_b,scButterfly,#CC79A7,Neural specialists,6,gene_holdout_main,Gene,Biohub_OPS0056,1,0.918201177229033
scbutterfly_ops_b,scButterfly,#CC79A7,Neural specialists,6,gene_holdout_main,Gene,Biohub_OPS0057,2,0.6519587478152242
scbutterfly_ops_b,scButterfly,#CC79A7,Neural specialists,6,gene_holdout_main,Gene,Biohub_OPS0058,1,0.5427596282417633
scbutterfly_ops_b,scButterfly,#CC79A7,Neural specialists,6,gene_holdout_main,Gene,Biohub_OPS0059,1,0.4429457604978159
scbutterfly_ops_b,scButterfly,#CC79A7,Neural specialists,6,gene_holdout_main,Gene,Biohub_OPS0060,1,0.7120105910473492
scbutterfly_ops_b,scButterfly,#CC79A7,Neural specialists,6,gene_holdout_main,Gene,Biohub_OPS0061,2,0.6327446916313426
scbutterfly_ops_b,scButterfly,#CC79A7,Neural specialists,6,gene_holdout_main,Gene,Biohub_OPS0062,2,0.7010521701426786
scbutterfly_ops_b,scButterfly,#CC79A7,Neural specialists,6,gene_holdout_main,Gene,Biohub_OPS0063,1,0.7307024267974129
scbutterfly_ops_b,scButterfly,#CC79A7,Neural specialists,6,gene_holdout_main,Gene,Biohub_OPS0064,2,0.7008586121408029
scbutterfly_ops_b,scButterfly,#CC79A7,Neural specialists,6,gene_holdout_main,Gene,Biohub_OPS0065,2,0.7359928956589356
scbutterfly_ops_b,scButterfly,#CC79A7,Neural specialists,6,gene_holdout_main,Gene,Biohub_OPS0066,1,0.8331831146805372
scbutterfly_ops_b,scButterfly,#CC79A7,Neural specialists,6,gene_holdout_main,Gene,Biohub_OPS0067,1,-0.0157222085489322
scbutterfly_ops_b,scButterfly,#CC79A7,Neural specialists,6,gene_holdout_main,Gene,Biohub_OPS0068,1,0.6568771794528528
scbutterfly_ops_b,scButterfly,#CC79A7,Neural specialists,6,gene_holdout_main,Gene,Biohub_OPS0069,2,0.6231880052790285
scbutterfly_ops_b,scButterfly,#CC79A7,Neural specialists,6,gene_holdout_main,Gene,Biohub_OPS0070,1,0.5012626118560193
scbutterfly_ops_b,scButterfly,#CC79A7,Neural specialists,6,gene_holdout_main,Gene,Biohub_OPS0071,1,0.5222547415496445
scbutterfly_ops_b,scButterfly,#CC79A7,Neural specialists,6,gene_holdout_main,Gene,Biohub_OPS0072,2,0.8486415475312407
scbutterfly_ops_b,scButterfly,#CC79A7,Neural specialists,6,gene_holdout_main,Gene,Biohub_OPS0073,1,0.464766435310653
scbutterfly_ops_b,scButterfly,#CC79A7,Neural specialists,6,gene_holdout_main,Gene,Biohub_OPS0074,2,0.8424043256432465
scbutterfly_ops_b,scButterfly,#CC79A7,Neural specialists,6,gene_holdout_main,Gene,Biohub_OPS0075,1,0.6427102369820685
scbutterfly_ops_b,scButterfly,#CC79A7,Neural specialists,6,gene_holdout_main,Gene,Biohub_OPS0076,1,0.817708084530083
scbutterfly_ops_b,scButterfly,#CC79A7,Neural specialists,6,gene_holdout_main,Gene,Biohub_OPS0077,6,0.3888394326417611
scbutterfly_ops_b,scButterfly,#CC79A7,Neural specialists,6,strict_whole_screen,Whole-screen,Biohub_OPS0001,2,0.858522252490123
scbutterfly_ops_b,scButterfly,#CC79A7,Neural specialists,6,strict_whole_screen,Whole-screen,Biohub_OPS0002,1,0.630726154272755
scbutterfly_ops_b,scButterfly,#CC79A7,Neural specialists,6,strict_whole_screen,Whole-screen,Biohub_OPS0003,1,0.8966656451423963
scbutterfly_ops_b,scButterfly,#CC79A7,Neural specialists,6,strict_whole_screen,Whole-screen,Biohub_OPS0004,1,0.9044747948646544
scbutterfly_ops_b,scButterfly,#CC79A7,Neural specialists,6,strict_whole_screen,Whole-screen,Biohub_OPS0005,2,0.8289594898621242
scbutterfly_ops_b,scButterfly,#CC79A7,Neural specialists,6,strict_whole_screen,Whole-screen,Biohub_OPS0006,2,0.7678656010578075
scbutterfly_ops_b,scButterfly,#CC79A7,Neural specialists,6,strict_whole_screen,Whole-screen,Biohub_OPS0007,2,0.7418419563521941
scbutterfly_ops_b,scButterfly,#CC79A7,Neural specialists,6,strict_whole_screen,Whole-screen,Biohub_OPS0008,2,0.8052471579362949
scbutterfly_ops_b,scButterfly,#CC79A7,Neural specialists,6,strict_whole_screen,Whole-screen,Biohub_OPS0009,2,0.7822016989191374
scbutterfly_ops_b,scButterfly,#CC79A7,Neural specialists,6,strict_whole_screen,Whole-screen,Biohub_OPS0011,1,0.7147994016607603
scbutterfly_ops_b,scButterfly,#CC79A7,Neural specialists,6,strict_whole_screen,Whole-screen,Biohub_OPS0012,1,0.7907883698741595
scbutterfly_ops_b,scButterfly,#CC79A7,Neural specialists,6,strict_whole_screen,Whole-screen,Biohub_OPS0013,1,0.7184232690682014
scbutterfly_ops_b,scButterfly,#CC79A7,Neural specialists,6,strict_whole_screen,Whole-screen,Biohub_OPS0014,1,0.0074726483556635
scbutterfly_ops_b,scButterfly,#CC79A7,Neural specialists,6,strict_whole_screen,Whole-screen,Biohub_OPS0015,1,0.6518038548529148
scbutterfly_ops_b,scButterfly,#CC79A7,Neural specialists,6,strict_whole_screen,Whole-screen,Biohub_OPS0016,1,0.6250667348504066
scbutterfly_ops_b,scButterfly,#CC79A7,Neural specialists,6,strict_whole_screen,Whole-screen,Biohub_OPS0017,1,-0.0017751185029434
scbutterfly_ops_b,scButterfly,#CC79A7,Neural specialists,6,strict_whole_screen,Whole-screen,Biohub_OPS0018,1,0.8641768507659435
scbutterfly_ops_b,scButterfly,#CC79A7,Neural specialists,6,strict_whole_screen,Whole-screen,Biohub_OPS0019,1,0.6793405469506979
scbutterfly_ops_b,scButterfly,#CC79A7,Neural specialists,6,strict_whole_screen,Whole-screen,Biohub_OPS0020,1,0.8039106416205565
scbutterfly_ops_b,scButterfly,#CC79A7,Neural specialists,6,strict_whole_screen,Whole-screen,Biohub_OPS0021,1,0.7393930616478125
scbutterfly_ops_b,scButterfly,#CC79A7,Neural specialists,6,strict_whole_screen,Whole-screen,Biohub_OPS0022,1,0.4819317356838534
scbutterfly_ops_b,scButterfly,#CC79A7,Neural specialists,6,strict_whole_screen,Whole-screen,Biohub_OPS0023,1,0.5149212392667929
scbutterfly_ops_b,scButterfly,#CC79A7,Neural specialists,6,strict_whole_screen,Whole-screen,Biohub_OPS0025,1,0.7185821092377106
scbutterfly_ops_b,scButterfly,#CC79A7,Neural specialists,6,strict_whole_screen,Whole-screen,Biohub_OPS0026,1,0.903857263425986
scbutterfly_ops_b,scButterfly,#CC79A7,Neural specialists,6,strict_whole_screen,Whole-screen,Biohub_OPS0027,1,0.7989835875729719
scbutterfly_ops_b,scButterfly,#CC79A7,Neural specialists,6,strict_whole_screen,Whole-screen,Biohub_OPS0028,1,0.8210387714207172
scbutterfly_ops_b,scButterfly,#CC79A7,Neural specialists,6,strict_whole_screen,Whole-screen,Biohub_OPS0029,1,0.6385566253835956
scbutterfly_ops_b,scButterfly,#CC79A7,Neural specialists,6,strict_whole_screen,Whole-screen,Biohub_OPS0030,1,0.0547894348904568
scbutterfly_ops_b,scButterfly,#CC79A7,Neural specialists,6,strict_whole_screen,Whole-screen,Biohub_OPS0031,1,0.7122934088110924
scbutterfly_ops_b,scButterfly,#CC79A7,Neural specialists,6,strict_whole_screen,Whole-screen,Biohub_OPS0032,1,0.7510025178392729
scbutterfly_ops_b,scButterfly,#CC79A7,Neural specialists,6,strict_whole_screen,Whole-screen,Biohub_OPS0033,1,0.9102896464367708
scbutterfly_ops_b,scButterfly,#CC79A7,Neural specialists,6,strict_whole_screen,Whole-screen,Biohub_OPS0034,1,0.8928045742213726
scbutterfly_ops_b,scButterfly,#CC79A7,Neural specialists,6,strict_whole_screen,Whole-screen,Biohub_OPS0036,1,0.6645085712273916
scbutterfly_ops_b,scButterfly,#CC79A7,Neural specialists,6,strict_whole_screen,Whole-screen,Biohub_OPS0040,1,0.7628308540831009
scbutterfly_ops_b,scButterfly,#CC79A7,Neural specialists,6,strict_whole_screen,Whole-screen,Biohub_OPS0041,1,0.4452966495106618
scbutterfly_ops_b,scButterfly,#CC79A7,Neural specialists,6,strict_whole_screen,Whole-screen,Biohub_OPS0042,1,-0.0015561901964247
scbutterfly_ops_b,scButterfly,#CC79A7,Neural specialists,6,strict_whole_screen,Whole-screen,Biohub_OPS0044,1,0.4450996309363593
scbutterfly_ops_b,scButterfly,#CC79A7,Neural specialists,6,strict_whole_screen,Whole-screen,Biohub_OPS0045,2,0.5837169065295409
scbutterfly_ops_b,scButterfly,#CC79A7,Neural specialists,6,strict_whole_screen,Whole-screen,Biohub_OPS0047,1,0.5230985505816838
scbutterfly_ops_b,scButterfly,#CC79A7,Neural specialists,6,strict_whole_screen,Whole-screen,Biohub_OPS0048,1,0.5848401521022121
scbutterfly_ops_b,scButterfly,#CC79A7,Neural specialists,6,strict_whole_screen,Whole-screen,Biohub_OPS0050,1,-0.0032072044547627
scbutterfly_ops_b,scButterfly,#CC79A7,Neural specialists,6,strict_whole_screen,Whole-screen,Biohub_OPS0051,1,0.4045508249352376
scbutterfly_ops_b,scButterfly,#CC79A7,Neural specialists,6,strict_whole_screen,Whole-screen,Biohub_OPS0053,1,0.3189464961954703
scbutterfly_ops_b,scButterfly,#CC79A7,Neural specialists,6,strict_whole_screen,Whole-screen,Biohub_OPS0054,1,0.6403166111558676
scbutterfly_ops_b,scButterfly,#CC79A7,Neural specialists,6,strict_whole_screen,Whole-screen,Biohub_OPS0055,1,0.9226803854107856
scbutterfly_ops_b,scButterfly,#CC79A7,Neural specialists,6,strict_whole_screen,Whole-screen,Biohub_OPS0056,1,0.9266422937313716
scbutterfly_ops_b,scButterfly,#CC79A7,Neural specialists,6,strict_whole_screen,Whole-screen,Biohub_OPS0057,2,0.6529077626764774
scbutterfly_ops_b,scButterfly,#CC79A7,Neural specialists,6,strict_whole_screen,Whole-screen,Biohub_OPS0058,1,0.3660186665753523
scbutterfly_ops_b,scButterfly,#CC79A7,Neural specialists,6,strict_whole_screen,Whole-screen,Biohub_OPS0059,1,0.5418526222929358
scbutterfly_ops_b,scButterfly,#CC79A7,Neural specialists,6,strict_whole_screen,Whole-screen,Biohub_OPS0060,1,0.86104059095184
scbutterfly_ops_b,scButterfly,#CC79A7,Neural specialists,6,strict_whole_screen,Whole-screen,Biohub_OPS0061,2,0.4324195964533525
scbutterfly_ops_b,scButterfly,#CC79A7,Neural specialists,6,strict_whole_screen,Whole-screen,Biohub_OPS0062,2,0.4689972770089904
scbutterfly_ops_b,scButterfly,#CC79A7,Neural specialists,6,strict_whole_screen,Whole-screen,Biohub_OPS0063,1,0.6752375389138857
scbutterfly_ops_b,scButterfly,#CC79A7,Neural specialists,6,strict_whole_screen,Whole-screen,Biohub_OPS0064,2,0.6179944599668186
scbutterfly_ops_b,scButterfly,#CC79A7,Neural specialists,6,strict_whole_screen,Whole-screen,Biohub_OPS0065,2,0.6603713380560899
scbutterfly_ops_b,scButterfly,#CC79A7,Neural specialists,6,strict_whole_screen,Whole-screen,Biohub_OPS0066,1,0.8595219887793064
scbutterfly_ops_b,scButterfly,#CC79A7,Neural specialists,6,strict_whole_screen,Whole-screen,Biohub_OPS0067,1,-0.0030271433449039
scbutterfly_ops_b,scButterfly,#CC79A7,Neural specialists,6,strict_whole_screen,Whole-screen,Biohub_OPS0068,1,0.6007178460713476
scbutterfly_ops_b,scButterfly,#CC79A7,Neural specialists,6,strict_whole_screen,Whole-screen,Biohub_OPS0069,2,0.5175192485718677
scbutterfly_ops_b,scButterfly,#CC79A7,Neural specialists,6,strict_whole_screen,Whole-screen,Biohub_OPS0070,1,0.5206828985828906
scbutterfly_ops_b,scButterfly,#CC79A7,Neural specialists,6,strict_whole_screen,Whole-screen,Biohub_OPS0071,1,0.4627864627788464
scbutterfly_ops_b,scButterfly,#CC79A7,Neural specialists,6,strict_whole_screen,Whole-screen,Biohub_OPS0072,2,0.01724420293612635
scbutterfly_ops_b,scButterfly,#CC79A7,Neural specialists,6,strict_whole_screen,Whole-screen,Biohub_OPS0073,1,0.5416526763389508
scbutterfly_ops_b,scButterfly,#CC79A7,Neural specialists,6,strict_whole_screen,Whole-screen,Biohub_OPS0074,2,0.7865697698531828
scbutterfly_ops_b,scButterfly,#CC79A7,Neural specialists,6,strict_whole_screen,Whole-screen,Biohub_OPS0075,1,0.3957342866148489
scbutterfly_ops_b,scButterfly,#CC79A7,Neural specialists,6,strict_whole_screen,Whole-screen,Biohub_OPS0076,1,0.8211080661664406
scpair_ops,scPair,#DDA06A,Biological completion,10,field_holdout_sanity,Field,Biohub_OPS0001,2,0.8023233200593691
scpair_ops,scPair,#DDA06A,Biological completion,10,field_holdout_sanity,Field,Biohub_OPS0002,1,0.6390180360485455
scpair_ops,scPair,#DDA06A,Biological completion,10,field_holdout_sanity,Field,Biohub_OPS0003,1,0.8851367280079806
scpair_ops,scPair,#DDA06A,Biological completion,10,field_holdout_sanity,Field,Biohub_OPS0004,1,0.8725660269606511
scpair_ops,scPair,#DDA06A,Biological completion,10,field_holdout_sanity,Field,Biohub_OPS0005,2,0.7627003585784218
scpair_ops,scPair,#DDA06A,Biological completion,10,field_holdout_sanity,Field,Biohub_OPS0006,2,0.7187721034708772
scpair_ops,scPair,#DDA06A,Biological completion,10,field_holdout_sanity,Field,Biohub_OPS0007,2,0.7164566353831492
scpair_ops,scPair,#DDA06A,Biological completion,10,field_holdout_sanity,Field,Biohub_OPS0008,2,0.7603575086034522
scpair_ops,scPair,#DDA06A,Biological completion,10,field_holdout_sanity,Field,Biohub_OPS0009,2,0.7393057591271646
scpair_ops,scPair,#DDA06A,Biological completion,10,field_holdout_sanity,Field,Biohub_OPS0011,1,0.6510347743218743
scpair_ops,scPair,#DDA06A,Biological completion,10,field_holdout_sanity,Field,Biohub_OPS0012,1,0.7347012556208242
scpair_ops,scPair,#DDA06A,Biological completion,10,field_holdout_sanity,Field,Biohub_OPS0013,1,0.696089346676111
scpair_ops,scPair,#DDA06A,Biological completion,10,field_holdout_sanity,Field,Biohub_OPS0014,1,0.859030061918162
scpair_ops,scPair,#DDA06A,Biological completion,10,field_holdout_sanity,Field,Biohub_OPS0015,1,0.668337547084272
scpair_ops,scPair,#DDA06A,Biological completion,10,field_holdout_sanity,Field,Biohub_OPS0016,1,0.6298495820647062
scpair_ops,scPair,#DDA06A,Biological completion,10,field_holdout_sanity,Field,Biohub_OPS0017,1,0.620548440448288
scpair_ops,scPair,#DDA06A,Biological completion,10,field_holdout_sanity,Field,Biohub_OPS0018,1,0.8543087448855061
scpair_ops,scPair,#DDA06A,Biological completion,10,field_holdout_sanity,Field,Biohub_OPS0019,1,0.8903362469652132
scpair_ops,scPair,#DDA06A,Biological completion,10,field_holdout_sanity,Field,Biohub_OPS0020,1,0.7387695166047995
scpair_ops,scPair,#DDA06A,Biological completion,10,field_holdout_sanity,Field,Biohub_OPS0021,1,0.7251115320930893
scpair_ops,scPair,#DDA06A,Biological completion,10,field_holdout_sanity,Field,Biohub_OPS0022,1,0.6661503346314562
scpair_ops,scPair,#DDA06A,Biological completion,10,field_holdout_sanity,Field,Biohub_OPS0023,1,0.5727366752613938
scpair_ops,scPair,#DDA06A,Biological completion,10,field_holdout_sanity,Field,Biohub_OPS0025,1,0.8103042335887759
scpair_ops,scPair,#DDA06A,Biological completion,10,field_holdout_sanity,Field,Biohub_OPS0026,1,0.8989308984349683
scpair_ops,scPair,#DDA06A,Biological completion,10,field_holdout_sanity,Field,Biohub_OPS0027,1,0.7854204026651495
scpair_ops,scPair,#DDA06A,Biological completion,10,field_holdout_sanity,Field,Biohub_OPS0028,1,0.8258300442944514
scpair_ops,scPair,#DDA06A,Biological completion,10,field_holdout_sanity,Field,Biohub_OPS0029,1,0.5824253715522824
scpair_ops,scPair,#DDA06A,Biological completion,10,field_holdout_sanity,Field,Biohub_OPS0030,1,0.6614781342372015
scpair_ops,scPair,#DDA06A,Biological completion,10,field_holdout_sanity,Field,Biohub_OPS0031,1,0.6140882795672963
scpair_ops,scPair,#DDA06A,Biological completion,10,field_holdout_sanity,Field,Biohub_OPS0032,1,0.6572773090841734
scpair_ops,scPair,#DDA06A,Biological completion,10,field_holdout_sanity,Field,Biohub_OPS0033,1,0.888632162265847
scpair_ops,scPair,#DDA06A,Biological completion,10,field_holdout_sanity,Field,Biohub_OPS0034,1,0.8808143255708173
scpair_ops,scPair,#DDA06A,Biological completion,10,field_holdout_sanity,Field,Biohub_OPS0035,1,0.8829877448742849
scpair_ops,scPair,#DDA06A,Biological completion,10,field_holdout_sanity,Field,Biohub_OPS0036,1,0.6814654692076658
scpair_ops,scPair,#DDA06A,Biological completion,10,field_holdout_sanity,Field,Biohub_OPS0037,1,0.9036976340616988
scpair_ops,scPair,#DDA06A,Biological completion,10,field_holdout_sanity,Field,Biohub_OPS0039,1,0.8680009259778388
scpair_ops,scPair,#DDA06A,Biological completion,10,field_holdout_sanity,Field,Biohub_OPS0040,1,0.8709416864820493
scpair_ops,scPair,#DDA06A,Biological completion,10,field_holdout_sanity,Field,Biohub_OPS0041,1,0.4842869444378737
scpair_ops,scPair,#DDA06A,Biological completion,10,field_holdout_sanity,Field,Biohub_OPS0042,1,0.7130734984173452
scpair_ops,scPair,#DDA06A,Biological completion,10,field_holdout_sanity,Field,Biohub_OPS0043,7,0.638994962872976
scpair_ops,scPair,#DDA06A,Biological completion,10,field_holdout_sanity,Field,Biohub_OPS0044,1,0.8853682376346916
scpair_ops,scPair,#DDA06A,Biological completion,10,field_holdout_sanity,Field,Biohub_OPS0045,2,0.6354799857600645
scpair_ops,scPair,#DDA06A,Biological completion,10,field_holdout_sanity,Field,Biohub_OPS0046,1,0.7448271336870732
scpair_ops,scPair,#DDA06A,Biological completion,10,field_holdout_sanity,Field,Biohub_OPS0047,1,0.7801895480733508
scpair_ops,scPair,#DDA06A,Biological completion,10,field_holdout_sanity,Field,Biohub_OPS0048,1,0.6818705644885519
scpair_ops,scPair,#DDA06A,Biological completion,10,field_holdout_sanity,Field,Biohub_OPS0050,1,0.5245214812421377
scpair_ops,scPair,#DDA06A,Biological completion,10,field_holdout_sanity,Field,Biohub_OPS0051,1,0.6920850422902914
scpair_ops,scPair,#DDA06A,Biological completion,10,field_holdout_sanity,Field,Biohub_OPS0052,1,0.5554172976419429
scpair_ops,scPair,#DDA06A,Biological completion,10,field_holdout_sanity,Field,Biohub_OPS0053,1,0.4493403626610343
scpair_ops,scPair,#DDA06A,Biological completion,10,field_holdout_sanity,Field,Biohub_OPS0054,1,0.5852489806138962
scpair_ops,scPair,#DDA06A,Biological completion,10,field_holdout_sanity,Field,Biohub_OPS0055,1,0.9057436983828612
scpair_ops,scPair,#DDA06A,Biological completion,10,field_holdout_sanity,Field,Biohub_OPS0056,1,0.9055032700162942
scpair_ops,scPair,#DDA06A,Biological completion,10,field_holdout_sanity,Field,Biohub_OPS0057,2,0.6877431054324894
scpair_ops,scPair,#DDA06A,Biological completion,10,field_holdout_sanity,Field,Biohub_OPS0058,1,0.7457323089588215
scpair_ops,scPair,#DDA06A,Biological completion,10,field_holdout_sanity,Field,Biohub_OPS0059,1,0.524975830329994
scpair_ops,scPair,#DDA06A,Biological completion,10,field_holdout_sanity,Field,Biohub_OPS0060,1,0.8224536299668636
scpair_ops,scPair,#DDA06A,Biological completion,10,field_holdout_sanity,Field,Biohub_OPS0061,2,0.706586464207039
scpair_ops,scPair,#DDA06A,Biological completion,10,field_holdout_sanity,Field,Biohub_OPS0062,2,0.7201637328209904
scpair_ops,scPair,#DDA06A,Biological completion,10,field_holdout_sanity,Field,Biohub_OPS0063,1,0.7239092106120801
scpair_ops,scPair,#DDA06A,Biological completion,10,field_holdout_sanity,Field,Biohub_OPS0064,2,0.6702400622851425
scpair_ops,scPair,#DDA06A,Biological completion,10,field_holdout_sanity,Field,Biohub_OPS0065,2,0.707622569467137
scpair_ops,scPair,#DDA06A,Biological completion,10,field_holdout_sanity,Field,Biohub_OPS0066,1,0.8873806292530176
scpair_ops,scPair,#DDA06A,Biological completion,10,field_holdout_sanity,Field,Biohub_OPS0067,1,0.1810456657643097
scpair_ops,scPair,#DDA06A,Biological completion,10,field_holdout_sanity,Field,Biohub_OPS0068,1,0.6268505021996641
scpair_ops,scPair,#DDA06A,Biological completion,10,field_holdout_sanity,Field,Biohub_OPS0069,2,0.6093185558804595
scpair_ops,scPair,#DDA06A,Biological completion,10,field_holdout_sanity,Field,Biohub_OPS0070,1,0.4541097125114546
scpair_ops,scPair,#DDA06A,Biological completion,10,field_holdout_sanity,Field,Biohub_OPS0071,1,0.6289033274868028
scpair_ops,scPair,#DDA06A,Biological completion,10,field_holdout_sanity,Field,Biohub_OPS0072,2,0.8272949604057576
scpair_ops,scPair,#DDA06A,Biological completion,10,field_holdout_sanity,Field,Biohub_OPS0073,1,0.4639526403397789
scpair_ops,scPair,#DDA06A,Biological completion,10,field_holdout_sanity,Field,Biohub_OPS0074,2,0.8263831450891215
scpair_ops,scPair,#DDA06A,Biological completion,10,field_holdout_sanity,Field,Biohub_OPS0075,1,0.7237433414039144
scpair_ops,scPair,#DDA06A,Biological completion,10,field_holdout_sanity,Field,Biohub_OPS0076,1,0.8317725392272196
scpair_ops,scPair,#DDA06A,Biological completion,10,field_holdout_sanity,Field,Biohub_OPS0077,6,0.4848190782737058
scpair_ops,scPair,#DDA06A,Biological completion,10,gene_holdout_main,Gene,Biohub_OPS0001,2,0.8503922843378662
scpair_ops,scPair,#DDA06A,Biological completion,10,gene_holdout_main,Gene,Biohub_OPS0002,1,0.6776323787306996
scpair_ops,scPair,#DDA06A,Biological completion,10,gene_holdout_main,Gene,Biohub_OPS0003,1,0.9039168849286092
scpair_ops,scPair,#DDA06A,Biological completion,10,gene_holdout_main,Gene,Biohub_OPS0004,1,0.9185544829953486
scpair_ops,scPair,#DDA06A,Biological completion,10,gene_holdout_main,Gene,Biohub_OPS0005,2,0.8291224277463889
scpair_ops,scPair,#DDA06A,Biological completion,10,gene_holdout_main,Gene,Biohub_OPS0006,2,0.7676641681881861
scpair_ops,scPair,#DDA06A,Biological completion,10,gene_holdout_main,Gene,Biohub_OPS0007,2,0.7455778083564057
scpair_ops,scPair,#DDA06A,Biological completion,10,gene_holdout_main,Gene,Biohub_OPS0008,2,0.8120463545736759
scpair_ops,scPair,#DDA06A,Biological completion,10,gene_holdout_main,Gene,Biohub_OPS0009,2,0.7808876829493414
scpair_ops,scPair,#DDA06A,Biological completion,10,gene_holdout_main,Gene,Biohub_OPS0011,1,0.7005065900670718
scpair_ops,scPair,#DDA06A,Biological completion,10,gene_holdout_main,Gene,Biohub_OPS0012,1,0.7842806164933019
scpair_ops,scPair,#DDA06A,Biological completion,10,gene_holdout_main,Gene,Biohub_OPS0013,1,0.7396479124239309
scpair_ops,scPair,#DDA06A,Biological completion,10,gene_holdout_main,Gene,Biohub_OPS0014,1,0.8968615243095877
scpair_ops,scPair,#DDA06A,Biological completion,10,gene_holdout_main,Gene,Biohub_OPS0015,1,0.7217200701703111
scpair_ops,scPair,#DDA06A,Biological completion,10,gene_holdout_main,Gene,Biohub_OPS0016,1,0.6818600335113922
scpair_ops,scPair,#DDA06A,Biological completion,10,gene_holdout_main,Gene,Biohub_OPS0017,1,0.6860825603992436
scpair_ops,scPair,#DDA06A,Biological completion,10,gene_holdout_main,Gene,Biohub_OPS0018,1,0.8856067147608481
scpair_ops,scPair,#DDA06A,Biological completion,10,gene_holdout_main,Gene,Biohub_OPS0019,1,0.9246022272787744
scpair_ops,scPair,#DDA06A,Biological completion,10,gene_holdout_main,Gene,Biohub_OPS0020,1,0.7865439983048198
scpair_ops,scPair,#DDA06A,Biological completion,10,gene_holdout_main,Gene,Biohub_OPS0021,1,0.76637657139011
scpair_ops,scPair,#DDA06A,Biological completion,10,gene_holdout_main,Gene,Biohub_OPS0022,1,0.7086943426665807
scpair_ops,scPair,#DDA06A,Biological completion,10,gene_holdout_main,Gene,Biohub_OPS0023,1,0.6185108075813347
scpair_ops,scPair,#DDA06A,Biological completion,10,gene_holdout_main,Gene,Biohub_OPS0025,1,0.8443131545953868
scpair_ops,scPair,#DDA06A,Biological completion,10,gene_holdout_main,Gene,Biohub_OPS0026,1,0.919212387176214
scpair_ops,scPair,#DDA06A,Biological completion,10,gene_holdout_main,Gene,Biohub_OPS0027,1,0.8332921684342279
scpair_ops,scPair,#DDA06A,Biological completion,10,gene_holdout_main,Gene,Biohub_OPS0028,1,0.8740603408879529
scpair_ops,scPair,#DDA06A,Biological completion,10,gene_holdout_main,Gene,Biohub_OPS0029,1,0.6371133081358817
scpair_ops,scPair,#DDA06A,Biological completion,10,gene_holdout_main,Gene,Biohub_OPS0030,1,0.6775204638448408
scpair_ops,scPair,#DDA06A,Biological completion,10,gene_holdout_main,Gene,Biohub_OPS0031,1,0.7027142033986888
scpair_ops,scPair,#DDA06A,Biological completion,10,gene_holdout_main,Gene,Biohub_OPS0032,1,0.7413037709442801
scpair_ops,scPair,#DDA06A,Biological completion,10,gene_holdout_main,Gene,Biohub_OPS0033,1,0.9201477825262264
scpair_ops,scPair,#DDA06A,Biological completion,10,gene_holdout_main,Gene,Biohub_OPS0034,1,0.9125504598063628
scpair_ops,scPair,#DDA06A,Biological completion,10,gene_holdout_main,Gene,Biohub_OPS0035,1,0.9200631148973112
scpair_ops,scPair,#DDA06A,Biological completion,10,gene_holdout_main,Gene,Biohub_OPS0036,1,0.7641435150066377
scpair_ops,scPair,#DDA06A,Biological completion,10,gene_holdout_main,Gene,Biohub_OPS0037,1,0.9267171116022936
scpair_ops,scPair,#DDA06A,Biological completion,10,gene_holdout_main,Gene,Biohub_OPS0039,1,0.9156873399033186
scpair_ops,scPair,#DDA06A,Biological completion,10,gene_holdout_main,Gene,Biohub_OPS0040,1,0.9127102743455896
scpair_ops,scPair,#DDA06A,Biological completion,10,gene_holdout_main,Gene,Biohub_OPS0041,1,0.5524873542767211
scpair_ops,scPair,#DDA06A,Biological completion,10,gene_holdout_main,Gene,Biohub_OPS0042,1,0.8030603549753472
scpair_ops,scPair,#DDA06A,Biological completion,10,gene_holdout_main,Gene,Biohub_OPS0043,7,0.7184288440372207
scpair_ops,scPair,#DDA06A,Biological completion,10,gene_holdout_main,Gene,Biohub_OPS0044,1,0.9126381814135376
scpair_ops,scPair,#DDA06A,Biological completion,10,gene_holdout_main,Gene,Biohub_OPS0045,2,0.6868458553386303
scpair_ops,scPair,#DDA06A,Biological completion,10,gene_holdout_main,Gene,Biohub_OPS0046,1,0.8029609646943564
scpair_ops,scPair,#DDA06A,Biological completion,10,gene_holdout_main,Gene,Biohub_OPS0047,1,0.8203175370500658
scpair_ops,scPair,#DDA06A,Biological completion,10,gene_holdout_main,Gene,Biohub_OPS0048,1,0.7571589773045185
scpair_ops,scPair,#DDA06A,Biological completion,10,gene_holdout_main,Gene,Biohub_OPS0050,1,0.5567186073541589
scpair_ops,scPair,#DDA06A,Biological completion,10,gene_holdout_main,Gene,Biohub_OPS0051,1,0.7546552677447328
scpair_ops,scPair,#DDA06A,Biological completion,10,gene_holdout_main,Gene,Biohub_OPS0052,1,0.6295508570726485
scpair_ops,scPair,#DDA06A,Biological completion,10,gene_holdout_main,Gene,Biohub_OPS0053,1,0.4990065849630095
scpair_ops,scPair,#DDA06A,Biological completion,10,gene_holdout_main,Gene,Biohub_OPS0054,1,0.6585816455106857
scpair_ops,scPair,#DDA06A,Biological completion,10,gene_holdout_main,Gene,Biohub_OPS0055,1,0.9315612166172794
scpair_ops,scPair,#DDA06A,Biological completion,10,gene_holdout_main,Gene,Biohub_OPS0056,1,0.9410483796431358
scpair_ops,scPair,#DDA06A,Biological completion,10,gene_holdout_main,Gene,Biohub_OPS0057,2,0.7355700094296613
scpair_ops,scPair,#DDA06A,Biological completion,10,gene_holdout_main,Gene,Biohub_OPS0058,1,0.8230311725473415
scpair_ops,scPair,#DDA06A,Biological completion,10,gene_holdout_main,Gene,Biohub_OPS0059,1,0.5782314768583735
scpair_ops,scPair,#DDA06A,Biological completion,10,gene_holdout_main,Gene,Biohub_OPS0060,1,0.8565175452818125
scpair_ops,scPair,#DDA06A,Biological completion,10,gene_holdout_main,Gene,Biohub_OPS0061,2,0.7236809355192951
scpair_ops,scPair,#DDA06A,Biological completion,10,gene_holdout_main,Gene,Biohub_OPS0062,2,0.790487700458782
scpair_ops,scPair,#DDA06A,Biological completion,10,gene_holdout_main,Gene,Biohub_OPS0063,1,0.7945124732170532
scpair_ops,scPair,#DDA06A,Biological completion,10,gene_holdout_main,Gene,Biohub_OPS0064,2,0.7429285007205941
scpair_ops,scPair,#DDA06A,Biological completion,10,gene_holdout_main,Gene,Biohub_OPS0065,2,0.7250343601257012
scpair_ops,scPair,#DDA06A,Biological completion,10,gene_holdout_main,Gene,Biohub_OPS0066,1,0.923302012328537
scpair_ops,scPair,#DDA06A,Biological completion,10,gene_holdout_main,Gene,Biohub_OPS0067,1,0.2701133696830404
scpair_ops,scPair,#DDA06A,Biological completion,10,gene_holdout_main,Gene,Biohub_OPS0068,1,0.6864812721369735
scpair_ops,scPair,#DDA06A,Biological completion,10,gene_holdout_main,Gene,Biohub_OPS0069,2,0.6566771862861642
scpair_ops,scPair,#DDA06A,Biological completion,10,gene_holdout_main,Gene,Biohub_OPS0070,1,0.5588331291021129
scpair_ops,scPair,#DDA06A,Biological completion,10,gene_holdout_main,Gene,Biohub_OPS0071,1,0.7295899211172809
scpair_ops,scPair,#DDA06A,Biological completion,10,gene_holdout_main,Gene,Biohub_OPS0072,2,0.8691662145708915
scpair_ops,scPair,#DDA06A,Biological completion,10,gene_holdout_main,Gene,Biohub_OPS0073,1,0.5049260398773412
scpair_ops,scPair,#DDA06A,Biological completion,10,gene_holdout_main,Gene,Biohub_OPS0074,2,0.8576739917990402
scpair_ops,scPair,#DDA06A,Biological completion,10,gene_holdout_main,Gene,Biohub_OPS0075,1,0.7988233360611376
scpair_ops,scPair,#DDA06A,Biological completion,10,gene_holdout_main,Gene,Biohub_OPS0076,1,0.8485154823293417
scpair_ops,scPair,#DDA06A,Biological completion,10,gene_holdout_main,Gene,Biohub_OPS0077,6,0.5398354198650956
scpair_ops,scPair,#DDA06A,Biological completion,10,strict_whole_screen,Whole-screen,Biohub_OPS0001,2,0.8681948602199555
scpair_ops,scPair,#DDA06A,Biological completion,10,strict_whole_screen,Whole-screen,Biohub_OPS0002,1,0.6545154514412085
scpair_ops,scPair,#DDA06A,Biological completion,10,strict_whole_screen,Whole-screen,Biohub_OPS0003,1,0.908703237771988
scpair_ops,scPair,#DDA06A,Biological completion,10,strict_whole_screen,Whole-screen,Biohub_OPS0004,1,0.9244484479228656
scpair_ops,scPair,#DDA06A,Biological completion,10,strict_whole_screen,Whole-screen,Biohub_OPS0005,2,0.840307177354892
scpair_ops,scPair,#DDA06A,Biological completion,10,strict_whole_screen,Whole-screen,Biohub_OPS0006,2,0.7793671275178591
scpair_ops,scPair,#DDA06A,Biological completion,10,strict_whole_screen,Whole-screen,Biohub_OPS0007,2,0.7499842564264934
scpair_ops,scPair,#DDA06A,Biological completion,10,strict_whole_screen,Whole-screen,Biohub_OPS0008,2,0.8180889010429382
scpair_ops,scPair,#DDA06A,Biological completion,10,strict_whole_screen,Whole-screen,Biohub_OPS0009,2,0.7993108076353868
scpair_ops,scPair,#DDA06A,Biological completion,10,strict_whole_screen,Whole-screen,Biohub_OPS0011,1,0.7205861049393812
scpair_ops,scPair,#DDA06A,Biological completion,10,strict_whole_screen,Whole-screen,Biohub_OPS0012,1,0.8023113732536634
scpair_ops,scPair,#DDA06A,Biological completion,10,strict_whole_screen,Whole-screen,Biohub_OPS0013,1,0.7370528715352217
scpair_ops,scPair,#DDA06A,Biological completion,10,strict_whole_screen,Whole-screen,Biohub_OPS0014,1,0.8946326822042465
scpair_ops,scPair,#DDA06A,Biological completion,10,strict_whole_screen,Whole-screen,Biohub_OPS0015,1,0.5827153113399012
scpair_ops,scPair,#DDA06A,Biological completion,10,strict_whole_screen,Whole-screen,Biohub_OPS0016,1,0.6779638336350521
scpair_ops,scPair,#DDA06A,Biological completion,10,strict_whole_screen,Whole-screen,Biohub_OPS0017,1,0.6826341133564711
scpair_ops,scPair,#DDA06A,Biological completion,10,strict_whole_screen,Whole-screen,Biohub_OPS0018,1,0.8943717566629251
scpair_ops,scPair,#DDA06A,Biological completion,10,strict_whole_screen,Whole-screen,Biohub_OPS0019,1,0.923736554880937
scpair_ops,scPair,#DDA06A,Biological completion,10,strict_whole_screen,Whole-screen,Biohub_OPS0020,1,0.816931584229072
scpair_ops,scPair,#DDA06A,Biological completion,10,strict_whole_screen,Whole-screen,Biohub_OPS0021,1,0.8016110944251219
scpair_ops,scPair,#DDA06A,Biological completion,10,strict_whole_screen,Whole-screen,Biohub_OPS0022,1,0.4370218470382194
scpair_ops,scPair,#DDA06A,Biological completion,10,strict_whole_screen,Whole-screen,Biohub_OPS0023,1,0.4642247875065853
scpair_ops,scPair,#DDA06A,Biological completion,10,strict_whole_screen,Whole-screen,Biohub_OPS0025,1,0.8033565282821655
scpair_ops,scPair,#DDA06A,Biological completion,10,strict_whole_screen,Whole-screen,Biohub_OPS0026,1,0.9082842953503132
scpair_ops,scPair,#DDA06A,Biological completion,10,strict_whole_screen,Whole-screen,Biohub_OPS0027,1,0.8301423862576485
scpair_ops,scPair,#DDA06A,Biological completion,10,strict_whole_screen,Whole-screen,Biohub_OPS0028,1,0.8231425347427527
scpair_ops,scPair,#DDA06A,Biological completion,10,strict_whole_screen,Whole-screen,Biohub_OPS0029,1,0.6308959697683653
scpair_ops,scPair,#DDA06A,Biological completion,10,strict_whole_screen,Whole-screen,Biohub_OPS0030,1,0.5700527663963536
scpair_ops,scPair,#DDA06A,Biological completion,10,strict_whole_screen,Whole-screen,Biohub_OPS0031,1,0.7229506112635136
scpair_ops,scPair,#DDA06A,Biological completion,10,strict_whole_screen,Whole-screen,Biohub_OPS0032,1,0.7644611994425455
scpair_ops,scPair,#DDA06A,Biological completion,10,strict_whole_screen,Whole-screen,Biohub_OPS0033,1,0.9168652979036171
scpair_ops,scPair,#DDA06A,Biological completion,10,strict_whole_screen,Whole-screen,Biohub_OPS0034,1,0.917333825180928
scpair_ops,scPair,#DDA06A,Biological completion,10,strict_whole_screen,Whole-screen,Biohub_OPS0036,1,0.6439775776428481
scpair_ops,scPair,#DDA06A,Biological completion,10,strict_whole_screen,Whole-screen,Biohub_OPS0040,1,0.767852459102869
scpair_ops,scPair,#DDA06A,Biological completion,10,strict_whole_screen,Whole-screen,Biohub_OPS0041,1,0.4692056958253185
scpair_ops,scPair,#DDA06A,Biological completion,10,strict_whole_screen,Whole-screen,Biohub_OPS0042,1,0.657833099986116
scpair_ops,scPair,#DDA06A,Biological completion,10,strict_whole_screen,Whole-screen,Biohub_OPS0044,1,0.9154879413545132
scpair_ops,scPair,#DDA06A,Biological completion,10,strict_whole_screen,Whole-screen,Biohub_OPS0045,2,0.5636289121272664
scpair_ops,scPair,#DDA06A,Biological completion,10,strict_whole_screen,Whole-screen,Biohub_OPS0047,1,0.370326311327517
scpair_ops,scPair,#DDA06A,Biological completion,10,strict_whole_screen,Whole-screen,Biohub_OPS0048,1,0.6204217593961706
scpair_ops,scPair,#DDA06A,Biological completion,10,strict_whole_screen,Whole-screen,Biohub_OPS0050,1,0.5747250765562057
scpair_ops,scPair,#DDA06A,Biological completion,10,strict_whole_screen,Whole-screen,Biohub_OPS0051,1,0.6901816067596277
scpair_ops,scPair,#DDA06A,Biological completion,10,strict_whole_screen,Whole-screen,Biohub_OPS0053,1,0.3419744172133505
scpair_ops,scPair,#DDA06A,Biological completion,10,strict_whole_screen,Whole-screen,Biohub_OPS0054,1,0.7012569991250833
scpair_ops,scPair,#DDA06A,Biological completion,10,strict_whole_screen,Whole-screen,Biohub_OPS0055,1,0.9269121140241624
scpair_ops,scPair,#DDA06A,Biological completion,10,strict_whole_screen,Whole-screen,Biohub_OPS0056,1,0.9123058331509432
scpair_ops,scPair,#DDA06A,Biological completion,10,strict_whole_screen,Whole-screen,Biohub_OPS0057,2,0.6287161524718007
scpair_ops,scPair,#DDA06A,Biological completion,10,strict_whole_screen,Whole-screen,Biohub_OPS0058,1,0.6421083298822244
scpair_ops,scPair,#DDA06A,Biological completion,10,strict_whole_screen,Whole-screen,Biohub_OPS0059,1,0.5507281993826231
scpair_ops,scPair,#DDA06A,Biological completion,10,strict_whole_screen,Whole-screen,Biohub_OPS0060,1,0.8757823010285696
scpair_ops,scPair,#DDA06A,Biological completion,10,strict_whole_screen,Whole-screen,Biohub_OPS0061,2,0.5212586201281131
scpair_ops,scPair,#DDA06A,Biological completion,10,strict_whole_screen,Whole-screen,Biohub_OPS0062,2,0.3765773498162161
scpair_ops,scPair,#DDA06A,Biological completion,10,strict_whole_screen,Whole-screen,Biohub_OPS0063,1,0.5519630004030963
scpair_ops,scPair,#DDA06A,Biological completion,10,strict_whole_screen,Whole-screen,Biohub_OPS0064,2,0.41575652764489246
scpair_ops,scPair,#DDA06A,Biological completion,10,strict_whole_screen,Whole-screen,Biohub_OPS0065,2,0.5667834576064099
scpair_ops,scPair,#DDA06A,Biological completion,10,strict_whole_screen,Whole-screen,Biohub_OPS0066,1,0.921611183633407
scpair_ops,scPair,#DDA06A,Biological completion,10,strict_whole_screen,Whole-screen,Biohub_OPS0067,1,0.1656604036688804
scpair_ops,scPair,#DDA06A,Biological completion,10,strict_whole_screen,Whole-screen,Biohub_OPS0068,1,0.5447996851677696
scpair_ops,scPair,#DDA06A,Biological completion,10,strict_whole_screen,Whole-screen,Biohub_OPS0069,2,0.4887824331914695
scpair_ops,scPair,#DDA06A,Biological completion,10,strict_whole_screen,Whole-screen,Biohub_OPS0070,1,0.521611681751286
scpair_ops,scPair,#DDA06A,Biological completion,10,strict_whole_screen,Whole-screen,Biohub_OPS0071,1,0.7531739994883537
scpair_ops,scPair,#DDA06A,Biological completion,10,strict_whole_screen,Whole-screen,Biohub_OPS0072,2,0.8137925310681263
scpair_ops,scPair,#DDA06A,Biological completion,10,strict_whole_screen,Whole-screen,Biohub_OPS0073,1,0.5224564836826175
scpair_ops,scPair,#DDA06A,Biological completion,10,strict_whole_screen,Whole-screen,Biohub_OPS0074,2,0.6366449425307413
scpair_ops,scPair,#DDA06A,Biological completion,10,strict_whole_screen,Whole-screen,Biohub_OPS0075,1,0.714430450151364
scpair_ops,scPair,#DDA06A,Biological completion,10,strict_whole_screen,Whole-screen,Biohub_OPS0076,1,0.8505952060222626
tabm_specialists,TabM,#A783AD,Neural specialists,5,field_holdout_sanity,Field,Biohub_OPS0001,2,0.8128913773861726
tabm_specialists,TabM,#A783AD,Neural specialists,5,field_holdout_sanity,Field,Biohub_OPS0002,1,0.6747532437914544
tabm_specialists,TabM,#A783AD,Neural specialists,5,field_holdout_sanity,Field,Biohub_OPS0003,1,0.8951697081936593
tabm_specialists,TabM,#A783AD,Neural specialists,5,field_holdout_sanity,Field,Biohub_OPS0004,1,0.8851789377740101
tabm_specialists,TabM,#A783AD,Neural specialists,5,field_holdout_sanity,Field,Biohub_OPS0005,2,0.7763711672511526
tabm_specialists,TabM,#A783AD,Neural specialists,5,field_holdout_sanity,Field,Biohub_OPS0006,2,0.7338235657367241
tabm_specialists,TabM,#A783AD,Neural specialists,5,field_holdout_sanity,Field,Biohub_OPS0007,2,0.7284093975438501
tabm_specialists,TabM,#A783AD,Neural specialists,5,field_holdout_sanity,Field,Biohub_OPS0008,2,0.7739931114684726
tabm_specialists,TabM,#A783AD,Neural specialists,5,field_holdout_sanity,Field,Biohub_OPS0009,2,0.7509559639396348
tabm_specialists,TabM,#A783AD,Neural specialists,5,field_holdout_sanity,Field,Biohub_OPS0011,1,0.6823904462400722
tabm_specialists,TabM,#A783AD,Neural specialists,5,field_holdout_sanity,Field,Biohub_OPS0012,1,0.773270492143573
tabm_specialists,TabM,#A783AD,Neural specialists,5,field_holdout_sanity,Field,Biohub_OPS0013,1,0.7347378716962579
tabm_specialists,TabM,#A783AD,Neural specialists,5,field_holdout_sanity,Field,Biohub_OPS0014,1,0.5253344982487806
tabm_specialists,TabM,#A783AD,Neural specialists,5,field_holdout_sanity,Field,Biohub_OPS0015,1,0.7145506913672278
tabm_specialists,TabM,#A783AD,Neural specialists,5,field_holdout_sanity,Field,Biohub_OPS0016,1,0.6318089381332584
tabm_specialists,TabM,#A783AD,Neural specialists,5,field_holdout_sanity,Field,Biohub_OPS0017,1,0.0928181617799281
tabm_specialists,TabM,#A783AD,Neural specialists,5,field_holdout_sanity,Field,Biohub_OPS0018,1,0.8748832623859886
tabm_specialists,TabM,#A783AD,Neural specialists,5,field_holdout_sanity,Field,Biohub_OPS0019,1,0.8710701870973611
tabm_specialists,TabM,#A783AD,Neural specialists,5,field_holdout_sanity,Field,Biohub_OPS0020,1,0.7765976781598881
tabm_specialists,TabM,#A783AD,Neural specialists,5,field_holdout_sanity,Field,Biohub_OPS0021,1,0.7858386867747624
tabm_specialists,TabM,#A783AD,Neural specialists,5,field_holdout_sanity,Field,Biohub_OPS0022,1,0.7567162161144325
tabm_specialists,TabM,#A783AD,Neural specialists,5,field_holdout_sanity,Field,Biohub_OPS0023,1,0.6601101951722088
tabm_specialists,TabM,#A783AD,Neural specialists,5,field_holdout_sanity,Field,Biohub_OPS0025,1,0.8023624811022959
tabm_specialists,TabM,#A783AD,Neural specialists,5,field_holdout_sanity,Field,Biohub_OPS0026,1,0.9052404553163448
tabm_specialists,TabM,#A783AD,Neural specialists,5,field_holdout_sanity,Field,Biohub_OPS0027,1,0.8245555592761389
tabm_specialists,TabM,#A783AD,Neural specialists,5,field_holdout_sanity,Field,Biohub_OPS0028,1,0.8425292184110135
tabm_specialists,TabM,#A783AD,Neural specialists,5,field_holdout_sanity,Field,Biohub_OPS0029,1,0.6219271965983022
tabm_specialists,TabM,#A783AD,Neural specialists,5,field_holdout_sanity,Field,Biohub_OPS0030,1,0.6945200320147662
tabm_specialists,TabM,#A783AD,Neural specialists,5,field_holdout_sanity,Field,Biohub_OPS0031,1,0.6598493257101913
tabm_specialists,TabM,#A783AD,Neural specialists,5,field_holdout_sanity,Field,Biohub_OPS0032,1,0.6927040844623025
tabm_specialists,TabM,#A783AD,Neural specialists,5,field_holdout_sanity,Field,Biohub_OPS0033,1,0.8997042456343672
tabm_specialists,TabM,#A783AD,Neural specialists,5,field_holdout_sanity,Field,Biohub_OPS0034,1,0.8944443365503463
tabm_specialists,TabM,#A783AD,Neural specialists,5,field_holdout_sanity,Field,Biohub_OPS0035,1,0.9009865361518404
tabm_specialists,TabM,#A783AD,Neural specialists,5,field_holdout_sanity,Field,Biohub_OPS0036,1,0.715235829446601
tabm_specialists,TabM,#A783AD,Neural specialists,5,field_holdout_sanity,Field,Biohub_OPS0037,1,0.912147233517486
tabm_specialists,TabM,#A783AD,Neural specialists,5,field_holdout_sanity,Field,Biohub_OPS0039,1,0.8850508176507614
tabm_specialists,TabM,#A783AD,Neural specialists,5,field_holdout_sanity,Field,Biohub_OPS0040,1,0.8788195838693316
tabm_specialists,TabM,#A783AD,Neural specialists,5,field_holdout_sanity,Field,Biohub_OPS0041,1,0.525198781546886
tabm_specialists,TabM,#A783AD,Neural specialists,5,field_holdout_sanity,Field,Biohub_OPS0042,1,0.2189917000819733
tabm_specialists,TabM,#A783AD,Neural specialists,5,field_holdout_sanity,Field,Biohub_OPS0043,7,0.6544986494349289
tabm_specialists,TabM,#A783AD,Neural specialists,5,field_holdout_sanity,Field,Biohub_OPS0044,1,0.8738053689141397
tabm_specialists,TabM,#A783AD,Neural specialists,5,field_holdout_sanity,Field,Biohub_OPS0045,2,0.46773731021483766
tabm_specialists,TabM,#A783AD,Neural specialists,5,field_holdout_sanity,Field,Biohub_OPS0046,1,0.6110525736507696
tabm_specialists,TabM,#A783AD,Neural specialists,5,field_holdout_sanity,Field,Biohub_OPS0047,1,0.878994176099987
tabm_specialists,TabM,#A783AD,Neural specialists,5,field_holdout_sanity,Field,Biohub_OPS0048,1,0.6927716642241832
tabm_specialists,TabM,#A783AD,Neural specialists,5,field_holdout_sanity,Field,Biohub_OPS0050,1,0.4430345921610614
tabm_specialists,TabM,#A783AD,Neural specialists,5,field_holdout_sanity,Field,Biohub_OPS0051,1,0.7288703491686311
tabm_specialists,TabM,#A783AD,Neural specialists,5,field_holdout_sanity,Field,Biohub_OPS0052,1,0.5787063083264127
tabm_specialists,TabM,#A783AD,Neural specialists,5,field_holdout_sanity,Field,Biohub_OPS0053,1,0.634808158266059
tabm_specialists,TabM,#A783AD,Neural specialists,5,field_holdout_sanity,Field,Biohub_OPS0054,1,0.6295345279380463
tabm_specialists,TabM,#A783AD,Neural specialists,5,field_holdout_sanity,Field,Biohub_OPS0055,1,0.9200107357936091
tabm_specialists,TabM,#A783AD,Neural specialists,5,field_holdout_sanity,Field,Biohub_OPS0056,1,0.9200865175102956
tabm_specialists,TabM,#A783AD,Neural specialists,5,field_holdout_sanity,Field,Biohub_OPS0057,2,0.7298787600191783
tabm_specialists,TabM,#A783AD,Neural specialists,5,field_holdout_sanity,Field,Biohub_OPS0058,1,0.7466375510342874
tabm_specialists,TabM,#A783AD,Neural specialists,5,field_holdout_sanity,Field,Biohub_OPS0059,1,0.5753720627681784
tabm_specialists,TabM,#A783AD,Neural specialists,5,field_holdout_sanity,Field,Biohub_OPS0060,1,0.8601680349578563
tabm_specialists,TabM,#A783AD,Neural specialists,5,field_holdout_sanity,Field,Biohub_OPS0061,2,0.733593237748297
tabm_specialists,TabM,#A783AD,Neural specialists,5,field_holdout_sanity,Field,Biohub_OPS0062,2,0.7410176263434101
tabm_specialists,TabM,#A783AD,Neural specialists,5,field_holdout_sanity,Field,Biohub_OPS0063,1,0.7605300468043356
tabm_specialists,TabM,#A783AD,Neural specialists,5,field_holdout_sanity,Field,Biohub_OPS0064,2,0.6921574579951157
tabm_specialists,TabM,#A783AD,Neural specialists,5,field_holdout_sanity,Field,Biohub_OPS0065,2,0.7345320834865194
tabm_specialists,TabM,#A783AD,Neural specialists,5,field_holdout_sanity,Field,Biohub_OPS0066,1,0.8968405354951349
tabm_specialists,TabM,#A783AD,Neural specialists,5,field_holdout_sanity,Field,Biohub_OPS0067,1,0.0227286995281048
tabm_specialists,TabM,#A783AD,Neural specialists,5,field_holdout_sanity,Field,Biohub_OPS0068,1,0.6503209502678612
tabm_specialists,TabM,#A783AD,Neural specialists,5,field_holdout_sanity,Field,Biohub_OPS0069,2,0.6308963044661093
tabm_specialists,TabM,#A783AD,Neural specialists,5,field_holdout_sanity,Field,Biohub_OPS0070,1,0.482475250448423
tabm_specialists,TabM,#A783AD,Neural specialists,5,field_holdout_sanity,Field,Biohub_OPS0071,1,0.6693220723071841
tabm_specialists,TabM,#A783AD,Neural specialists,5,field_holdout_sanity,Field,Biohub_OPS0072,2,0.7865714256056118
tabm_specialists,TabM,#A783AD,Neural specialists,5,field_holdout_sanity,Field,Biohub_OPS0073,1,0.4681930464378269
tabm_specialists,TabM,#A783AD,Neural specialists,5,field_holdout_sanity,Field,Biohub_OPS0074,2,0.8390634958103824
tabm_specialists,TabM,#A783AD,Neural specialists,5,field_holdout_sanity,Field,Biohub_OPS0075,1,0.753192203012302
tabm_specialists,TabM,#A783AD,Neural specialists,5,field_holdout_sanity,Field,Biohub_OPS0076,1,0.8491465333464712
tabm_specialists,TabM,#A783AD,Neural specialists,5,field_holdout_sanity,Field,Biohub_OPS0077,6,0.49529231914654515
tabm_specialists,TabM,#A783AD,Neural specialists,5,gene_holdout_main,Gene,Biohub_OPS0001,2,0.8638988560268064
tabm_specialists,TabM,#A783AD,Neural specialists,5,gene_holdout_main,Gene,Biohub_OPS0002,1,0.7066954120538922
tabm_specialists,TabM,#A783AD,Neural specialists,5,gene_holdout_main,Gene,Biohub_OPS0003,1,0.9117187755663508
tabm_specialists,TabM,#A783AD,Neural specialists,5,gene_holdout_main,Gene,Biohub_OPS0004,1,0.9264758987832864
tabm_specialists,TabM,#A783AD,Neural specialists,5,gene_holdout_main,Gene,Biohub_OPS0005,2,0.8436244547807308
tabm_specialists,TabM,#A783AD,Neural specialists,5,gene_holdout_main,Gene,Biohub_OPS0006,2,0.7790034737457976
tabm_specialists,TabM,#A783AD,Neural specialists,5,gene_holdout_main,Gene,Biohub_OPS0007,2,0.760914350334223
tabm_specialists,TabM,#A783AD,Neural specialists,5,gene_holdout_main,Gene,Biohub_OPS0008,2,0.8242762525085804
tabm_specialists,TabM,#A783AD,Neural specialists,5,gene_holdout_main,Gene,Biohub_OPS0009,2,0.7922430019676732
tabm_specialists,TabM,#A783AD,Neural specialists,5,gene_holdout_main,Gene,Biohub_OPS0011,1,0.7491435327319872
tabm_specialists,TabM,#A783AD,Neural specialists,5,gene_holdout_main,Gene,Biohub_OPS0012,1,0.8132742177941307
tabm_specialists,TabM,#A783AD,Neural specialists,5,gene_holdout_main,Gene,Biohub_OPS0013,1,0.773293600997533
tabm_specialists,TabM,#A783AD,Neural specialists,5,gene_holdout_main,Gene,Biohub_OPS0014,1,0.4557225487149569
tabm_specialists,TabM,#A783AD,Neural specialists,5,gene_holdout_main,Gene,Biohub_OPS0015,1,0.75373709416171
tabm_specialists,TabM,#A783AD,Neural specialists,5,gene_holdout_main,Gene,Biohub_OPS0016,1,0.6926211612279656
tabm_specialists,TabM,#A783AD,Neural specialists,5,gene_holdout_main,Gene,Biohub_OPS0017,1,0.1134518102466414
tabm_specialists,TabM,#A783AD,Neural specialists,5,gene_holdout_main,Gene,Biohub_OPS0018,1,0.8984719436735462
tabm_specialists,TabM,#A783AD,Neural specialists,5,gene_holdout_main,Gene,Biohub_OPS0019,1,0.9346498923081062
tabm_specialists,TabM,#A783AD,Neural specialists,5,gene_holdout_main,Gene,Biohub_OPS0020,1,0.8162406255121661
tabm_specialists,TabM,#A783AD,Neural specialists,5,gene_holdout_main,Gene,Biohub_OPS0021,1,0.8063413895770696
tabm_specialists,TabM,#A783AD,Neural specialists,5,gene_holdout_main,Gene,Biohub_OPS0022,1,0.7897465088125926
tabm_specialists,TabM,#A783AD,Neural specialists,5,gene_holdout_main,Gene,Biohub_OPS0023,1,0.7002417865376683
tabm_specialists,TabM,#A783AD,Neural specialists,5,gene_holdout_main,Gene,Biohub_OPS0025,1,0.8584848066351483
tabm_specialists,TabM,#A783AD,Neural specialists,5,gene_holdout_main,Gene,Biohub_OPS0026,1,0.924464323641368
tabm_specialists,TabM,#A783AD,Neural specialists,5,gene_holdout_main,Gene,Biohub_OPS0027,1,0.8720241500396148
tabm_specialists,TabM,#A783AD,Neural specialists,5,gene_holdout_main,Gene,Biohub_OPS0028,1,0.8898835298659504
tabm_specialists,TabM,#A783AD,Neural specialists,5,gene_holdout_main,Gene,Biohub_OPS0029,1,0.6715913311102528
tabm_specialists,TabM,#A783AD,Neural specialists,5,gene_holdout_main,Gene,Biohub_OPS0030,1,0.7091813413548614
tabm_specialists,TabM,#A783AD,Neural specialists,5,gene_holdout_main,Gene,Biohub_OPS0031,1,0.7386923119637393
tabm_specialists,TabM,#A783AD,Neural specialists,5,gene_holdout_main,Gene,Biohub_OPS0032,1,0.7637099682868541
tabm_specialists,TabM,#A783AD,Neural specialists,5,gene_holdout_main,Gene,Biohub_OPS0033,1,0.9296731164750852
tabm_specialists,TabM,#A783AD,Neural specialists,5,gene_holdout_main,Gene,Biohub_OPS0034,1,0.924073695990787
tabm_specialists,TabM,#A783AD,Neural specialists,5,gene_holdout_main,Gene,Biohub_OPS0035,1,0.9323882473216872
tabm_specialists,TabM,#A783AD,Neural specialists,5,gene_holdout_main,Gene,Biohub_OPS0036,1,0.7839954963864493
tabm_specialists,TabM,#A783AD,Neural specialists,5,gene_holdout_main,Gene,Biohub_OPS0037,1,0.9321191852808124
tabm_specialists,TabM,#A783AD,Neural specialists,5,gene_holdout_main,Gene,Biohub_OPS0039,1,0.9255479900776042
tabm_specialists,TabM,#A783AD,Neural specialists,5,gene_holdout_main,Gene,Biohub_OPS0040,1,0.9200580849992362
tabm_specialists,TabM,#A783AD,Neural specialists,5,gene_holdout_main,Gene,Biohub_OPS0041,1,0.582785680491221
tabm_specialists,TabM,#A783AD,Neural specialists,5,gene_holdout_main,Gene,Biohub_OPS0042,1,0.0992534051987502
tabm_specialists,TabM,#A783AD,Neural specialists,5,gene_holdout_main,Gene,Biohub_OPS0043,7,0.7317594775998371
tabm_specialists,TabM,#A783AD,Neural specialists,5,gene_holdout_main,Gene,Biohub_OPS0044,1,0.6997452200734511
tabm_specialists,TabM,#A783AD,Neural specialists,5,gene_holdout_main,Gene,Biohub_OPS0045,2,0.5817127366641746
tabm_specialists,TabM,#A783AD,Neural specialists,5,gene_holdout_main,Gene,Biohub_OPS0046,1,0.7295817844065953
tabm_specialists,TabM,#A783AD,Neural specialists,5,gene_holdout_main,Gene,Biohub_OPS0047,1,0.9158519049570284
tabm_specialists,TabM,#A783AD,Neural specialists,5,gene_holdout_main,Gene,Biohub_OPS0048,1,0.7975339381109966
tabm_specialists,TabM,#A783AD,Neural specialists,5,gene_holdout_main,Gene,Biohub_OPS0050,1,0.4668237138795387
tabm_specialists,TabM,#A783AD,Neural specialists,5,gene_holdout_main,Gene,Biohub_OPS0051,1,0.7836531835878113
tabm_specialists,TabM,#A783AD,Neural specialists,5,gene_holdout_main,Gene,Biohub_OPS0052,1,0.6396212363600634
tabm_specialists,TabM,#A783AD,Neural specialists,5,gene_holdout_main,Gene,Biohub_OPS0053,1,0.5872876074995353
tabm_specialists,TabM,#A783AD,Neural specialists,5,gene_holdout_main,Gene,Biohub_OPS0054,1,0.7005417930305521
tabm_specialists,TabM,#A783AD,Neural specialists,5,gene_holdout_main,Gene,Biohub_OPS0055,1,0.9439659563414932
tabm_specialists,TabM,#A783AD,Neural specialists,5,gene_holdout_main,Gene,Biohub_OPS0056,1,0.9480529667245344
tabm_specialists,TabM,#A783AD,Neural specialists,5,gene_holdout_main,Gene,Biohub_OPS0057,2,0.7738731922640869
tabm_specialists,TabM,#A783AD,Neural specialists,5,gene_holdout_main,Gene,Biohub_OPS0058,1,0.7695499285892128
tabm_specialists,TabM,#A783AD,Neural specialists,5,gene_holdout_main,Gene,Biohub_OPS0059,1,0.634160786506057
tabm_specialists,TabM,#A783AD,Neural specialists,5,gene_holdout_main,Gene,Biohub_OPS0060,1,0.8884473902125037
tabm_specialists,TabM,#A783AD,Neural specialists,5,gene_holdout_main,Gene,Biohub_OPS0061,2,0.7485858396753304
tabm_specialists,TabM,#A783AD,Neural specialists,5,gene_holdout_main,Gene,Biohub_OPS0062,2,0.8059841578009892
tabm_specialists,TabM,#A783AD,Neural specialists,5,gene_holdout_main,Gene,Biohub_OPS0063,1,0.8211236780906944
tabm_specialists,TabM,#A783AD,Neural specialists,5,gene_holdout_main,Gene,Biohub_OPS0064,2,0.7538810121013189
tabm_specialists,TabM,#A783AD,Neural specialists,5,gene_holdout_main,Gene,Biohub_OPS0065,2,0.7569544993736314
tabm_specialists,TabM,#A783AD,Neural specialists,5,gene_holdout_main,Gene,Biohub_OPS0066,1,0.9322534531109752
tabm_specialists,TabM,#A783AD,Neural specialists,5,gene_holdout_main,Gene,Biohub_OPS0067,1,-0.0190922041356575
tabm_specialists,TabM,#A783AD,Neural specialists,5,gene_holdout_main,Gene,Biohub_OPS0068,1,0.7078468753185506
tabm_specialists,TabM,#A783AD,Neural specialists,5,gene_holdout_main,Gene,Biohub_OPS0069,2,0.6625095067886875
tabm_specialists,TabM,#A783AD,Neural specialists,5,gene_holdout_main,Gene,Biohub_OPS0070,1,0.5602493861131385
tabm_specialists,TabM,#A783AD,Neural specialists,5,gene_holdout_main,Gene,Biohub_OPS0071,1,0.7612612824568378
tabm_specialists,TabM,#A783AD,Neural specialists,5,gene_holdout_main,Gene,Biohub_OPS0072,2,0.8592153264217532
tabm_specialists,TabM,#A783AD,Neural specialists,5,gene_holdout_main,Gene,Biohub_OPS0073,1,0.5162668819297845
tabm_specialists,TabM,#A783AD,Neural specialists,5,gene_holdout_main,Gene,Biohub_OPS0074,2,0.8707571945881587
tabm_specialists,TabM,#A783AD,Neural specialists,5,gene_holdout_main,Gene,Biohub_OPS0075,1,0.7946186318012719
tabm_specialists,TabM,#A783AD,Neural specialists,5,gene_holdout_main,Gene,Biohub_OPS0076,1,0.8651629625231982
tabm_specialists,TabM,#A783AD,Neural specialists,5,gene_holdout_main,Gene,Biohub_OPS0077,6,0.5398824353828464
tabm_specialists,TabM,#A783AD,Neural specialists,5,strict_whole_screen,Whole-screen,Biohub_OPS0001,2,0.871595847606659
tabm_specialists,TabM,#A783AD,Neural specialists,5,strict_whole_screen,Whole-screen,Biohub_OPS0002,1,0.6522116449971994
tabm_specialists,TabM,#A783AD,Neural specialists,5,strict_whole_screen,Whole-screen,Biohub_OPS0003,1,0.9154901430010796
tabm_specialists,TabM,#A783AD,Neural specialists,5,strict_whole_screen,Whole-screen,Biohub_OPS0004,1,0.927749293545882
tabm_specialists,TabM,#A783AD,Neural specialists,5,strict_whole_screen,Whole-screen,Biohub_OPS0005,2,0.8492707217733064
tabm_specialists,TabM,#A783AD,Neural specialists,5,strict_whole_screen,Whole-screen,Biohub_OPS0006,2,0.7883905122677486
tabm_specialists,TabM,#A783AD,Neural specialists,5,strict_whole_screen,Whole-screen,Biohub_OPS0007,2,0.7593350504835447
tabm_specialists,TabM,#A783AD,Neural specialists,5,strict_whole_screen,Whole-screen,Biohub_OPS0008,2,0.828149921943744
tabm_specialists,TabM,#A783AD,Neural specialists,5,strict_whole_screen,Whole-screen,Biohub_OPS0009,2,0.8046031132340431
tabm_specialists,TabM,#A783AD,Neural specialists,5,strict_whole_screen,Whole-screen,Biohub_OPS0011,1,0.7438215153912703
tabm_specialists,TabM,#A783AD,Neural specialists,5,strict_whole_screen,Whole-screen,Biohub_OPS0012,1,0.8053580845395724
tabm_specialists,TabM,#A783AD,Neural specialists,5,strict_whole_screen,Whole-screen,Biohub_OPS0013,1,0.7450316244115432
tabm_specialists,TabM,#A783AD,Neural specialists,5,strict_whole_screen,Whole-screen,Biohub_OPS0014,1,0.0006820343696745
tabm_specialists,TabM,#A783AD,Neural specialists,5,strict_whole_screen,Whole-screen,Biohub_OPS0015,1,0.6723019431034724
tabm_specialists,TabM,#A783AD,Neural specialists,5,strict_whole_screen,Whole-screen,Biohub_OPS0016,1,0.7166762879739205
tabm_specialists,TabM,#A783AD,Neural specialists,5,strict_whole_screen,Whole-screen,Biohub_OPS0017,1,-0.0048471370755578
tabm_specialists,TabM,#A783AD,Neural specialists,5,strict_whole_screen,Whole-screen,Biohub_OPS0018,1,0.90334681669871
tabm_specialists,TabM,#A783AD,Neural specialists,5,strict_whole_screen,Whole-screen,Biohub_OPS0019,1,0.8614618517458439
tabm_specialists,TabM,#A783AD,Neural specialists,5,strict_whole_screen,Whole-screen,Biohub_OPS0020,1,0.8305750886599222
tabm_specialists,TabM,#A783AD,Neural specialists,5,strict_whole_screen,Whole-screen,Biohub_OPS0021,1,0.8084490410983562
tabm_specialists,TabM,#A783AD,Neural specialists,5,strict_whole_screen,Whole-screen,Biohub_OPS0022,1,0.6136813039580981
tabm_specialists,TabM,#A783AD,Neural specialists,5,strict_whole_screen,Whole-screen,Biohub_OPS0023,1,0.5705990009009838
tabm_specialists,TabM,#A783AD,Neural specialists,5,strict_whole_screen,Whole-screen,Biohub_OPS0025,1,0.8006178885698318
tabm_specialists,TabM,#A783AD,Neural specialists,5,strict_whole_screen,Whole-screen,Biohub_OPS0026,1,0.8821010924875736
tabm_specialists,TabM,#A783AD,Neural specialists,5,strict_whole_screen,Whole-screen,Biohub_OPS0027,1,0.8351472020149231
tabm_specialists,TabM,#A783AD,Neural specialists,5,strict_whole_screen,Whole-screen,Biohub_OPS0028,1,0.8407788177331289
tabm_specialists,TabM,#A783AD,Neural specialists,5,strict_whole_screen,Whole-screen,Biohub_OPS0029,1,0.6300521356364092
tabm_specialists,TabM,#A783AD,Neural specialists,5,strict_whole_screen,Whole-screen,Biohub_OPS0030,1,0.1317340945630955
tabm_specialists,TabM,#A783AD,Neural specialists,5,strict_whole_screen,Whole-screen,Biohub_OPS0031,1,0.7395313854018847
tabm_specialists,TabM,#A783AD,Neural specialists,5,strict_whole_screen,Whole-screen,Biohub_OPS0032,1,0.7707091209789118
tabm_specialists,TabM,#A783AD,Neural specialists,5,strict_whole_screen,Whole-screen,Biohub_OPS0033,1,0.9188102359573046
tabm_specialists,TabM,#A783AD,Neural specialists,5,strict_whole_screen,Whole-screen,Biohub_OPS0034,1,0.9223555165032544
tabm_specialists,TabM,#A783AD,Neural specialists,5,strict_whole_screen,Whole-screen,Biohub_OPS0036,1,0.7265774669746558
tabm_specialists,TabM,#A783AD,Neural specialists,5,strict_whole_screen,Whole-screen,Biohub_OPS0040,1,0.711640838223199
tabm_specialists,TabM,#A783AD,Neural specialists,5,strict_whole_screen,Whole-screen,Biohub_OPS0041,1,0.4777336670085788
tabm_specialists,TabM,#A783AD,Neural specialists,5,strict_whole_screen,Whole-screen,Biohub_OPS0042,1,0.0012296163610396
tabm_specialists,TabM,#A783AD,Neural specialists,5,strict_whole_screen,Whole-screen,Biohub_OPS0044,1,0.6158711804697911
tabm_specialists,TabM,#A783AD,Neural specialists,5,strict_whole_screen,Whole-screen,Biohub_OPS0045,2,0.6468130114177862
tabm_specialists,TabM,#A783AD,Neural specialists,5,strict_whole_screen,Whole-screen,Biohub_OPS0047,1,0.5752275460787738
tabm_specialists,TabM,#A783AD,Neural specialists,5,strict_whole_screen,Whole-screen,Biohub_OPS0048,1,0.643836067058146
tabm_specialists,TabM,#A783AD,Neural specialists,5,strict_whole_screen,Whole-screen,Biohub_OPS0050,1,0.0142509722160563
tabm_specialists,TabM,#A783AD,Neural specialists,5,strict_whole_screen,Whole-screen,Biohub_OPS0051,1,0.6066676465173563
tabm_specialists,TabM,#A783AD,Neural specialists,5,strict_whole_screen,Whole-screen,Biohub_OPS0053,1,0.4503013305366039
tabm_specialists,TabM,#A783AD,Neural specialists,5,strict_whole_screen,Whole-screen,Biohub_OPS0054,1,0.7085268472631773
tabm_specialists,TabM,#A783AD,Neural specialists,5,strict_whole_screen,Whole-screen,Biohub_OPS0055,1,0.9399806360403696
tabm_specialists,TabM,#A783AD,Neural specialists,5,strict_whole_screen,Whole-screen,Biohub_OPS0056,1,0.9453263071676096
tabm_specialists,TabM,#A783AD,Neural specialists,5,strict_whole_screen,Whole-screen,Biohub_OPS0057,2,0.661387126116703
tabm_specialists,TabM,#A783AD,Neural specialists,5,strict_whole_screen,Whole-screen,Biohub_OPS0058,1,0.4536732990915577
tabm_specialists,TabM,#A783AD,Neural specialists,5,strict_whole_screen,Whole-screen,Biohub_OPS0059,1,0.5605517694105705
tabm_specialists,TabM,#A783AD,Neural specialists,5,strict_whole_screen,Whole-screen,Biohub_OPS0060,1,0.881399198124806
tabm_specialists,TabM,#A783AD,Neural specialists,5,strict_whole_screen,Whole-screen,Biohub_OPS0061,2,0.531097087203913
tabm_specialists,TabM,#A783AD,Neural specialists,5,strict_whole_screen,Whole-screen,Biohub_OPS0062,2,0.41106504597458593
tabm_specialists,TabM,#A783AD,Neural specialists,5,strict_whole_screen,Whole-screen,Biohub_OPS0063,1,0.7378451277812322
tabm_specialists,TabM,#A783AD,Neural specialists,5,strict_whole_screen,Whole-screen,Biohub_OPS0064,2,0.6109751385326188
tabm_specialists,TabM,#A783AD,Neural specialists,5,strict_whole_screen,Whole-screen,Biohub_OPS0065,2,0.6344749496007959
tabm_specialists,TabM,#A783AD,Neural specialists,5,strict_whole_screen,Whole-screen,Biohub_OPS0066,1,0.8432983042051395
tabm_specialists,TabM,#A783AD,Neural specialists,5,strict_whole_screen,Whole-screen,Biohub_OPS0067,1,-0.0028817417720953
tabm_specialists,TabM,#A783AD,Neural specialists,5,strict_whole_screen,Whole-screen,Biohub_OPS0068,1,0.5817153311024109
tabm_specialists,TabM,#A783AD,Neural specialists,5,strict_whole_screen,Whole-screen,Biohub_OPS0069,2,0.539133594497495
tabm_specialists,TabM,#A783AD,Neural specialists,5,strict_whole_screen,Whole-screen,Biohub_OPS0070,1,0.5391635737226655
tabm_specialists,TabM,#A783AD,Neural specialists,5,strict_whole_screen,Whole-screen,Biohub_OPS0071,1,0.5335923649060229
tabm_specialists,TabM,#A783AD,Neural specialists,5,strict_whole_screen,Whole-screen,Biohub_OPS0072,2,0.01493921417689605
tabm_specialists,TabM,#A783AD,Neural specialists,5,strict_whole_screen,Whole-screen,Biohub_OPS0073,1,0.5628533760706583
tabm_specialists,TabM,#A783AD,Neural specialists,5,strict_whole_screen,Whole-screen,Biohub_OPS0074,2,0.806985072607252
tabm_specialists,TabM,#A783AD,Neural specialists,5,strict_whole_screen,Whole-screen,Biohub_OPS0075,1,0.6323114559054375
tabm_specialists,TabM,#A783AD,Neural specialists,5,strict_whole_screen,Whole-screen,Biohub_OPS0076,1,0.8578957964976629
